signal_id,run_id,timestamp_utc,prompt_version,model_backend,model_name,tracking_id,parent_market_name,market_name,primary_outcome_to_track,region,bucket,system_type,underlying_event_group,gamma_market_id,condition_id,exact_polymarket_slug,market_url,token_id,outcome_contract_question,fair_value,fair_value_group_norm,confidence,should_abstain,comparison_price,price_type,liquidity_flags,raw_gap,raw_abs_gap,normalized_gap,normalized_abs_gap,signal_direction_raw,signal_direction_normalized,signal_strength_raw,signal_strength_normalized,group_n,group_fair_sum,group_market_sum,group_mass_flag,use_normalized_for_analysis,analysis_price_basis,rationale_short,key_uncertainties_json,base_rate_notes,parse_status,signal_ready
20260629T155053Z:RSO-0001,20260629T155053Z,2026-06-29T15:50:53Z,fair_value_v0.1,ollama,qwen3:8b,RSO-0001,"Senate control, 2026","Senate control, 2026 — Republican Party",Republican Party,US,us_national,us_federal,us_senate_control_2026,562794,0x86bfb53af7250a40928975c551d12c185b762fa4ce0b40c6a64a50c946d72587,will-the-republican-party-control-the-senate-after-the-2026-midterm-elections,https://polymarket.com/event/will-the-republican-party-control-the-senate-after-the-2026-midterm-elections,51939490109676186832507970701169130490548061087912630009168726706475001411420,Will the Republican Party control the Senate after the 2026 Midterm elections?,0.65,0.65,0.75,false,0.575,mid,,0.075,0.075,0.075,0.075,NO_SIGNAL,NO_SIGNAL,weak,weak,2,1,1,,false,raw_gap,"Republicans start with a 53-47 majority. Democrats need a net gain of four seats, which requires a strong national environment and multiple state-level conversions. Current generic ballot favors Democrats by ~5.8, but Senate maps are state-specific.","[""National environment's impact on Senate seats"", ""Conversion of GOP-held battlegrounds"", ""Polling accuracy and candidate quality effects"", ""Special elections outcomes"", ""District-specific local issues""]",Base rate reflects Senate control dynamics where national generic ballot advantage does not directly translate to seat gains.,OK,true
20260629T155053Z:RSO-0002,20260629T155053Z,2026-06-29T15:50:53Z,fair_value_v0.1,ollama,qwen3:8b,RSO-0002,"Senate control, 2026","Senate control, 2026 — Democratic Party",Democratic Party,US,us_national,us_federal,us_senate_control_2026,562793,0x307a1ed89d60b61002dd5bbf00e1408c5ed2ab3fcdb056191ca7ef9bc34d38f3,will-the-democratic-party-control-the-senate-after-the-2026-midterm-elections,https://polymarket.com/event/will-the-democratic-party-control-the-senate-after-the-2026-midterm-elections,113287701564209339913693347405685749986285999146352375265161592243948562084773,Will the Democratic Party control the Senate after the 2026 Midterm elections?,0.35,0.35,0.65,false,0.425,mid,,-0.075,0.075,-0.075,0.075,NO_SIGNAL,NO_SIGNAL,weak,weak,2,1,1,,false,raw_gap,"Democratic Senate control requires strong national environment and multiple state-level conversions, which are plausible but not certain.","[""National environment strength"", ""Conversion of multiple GOP-held states"", ""Polling accuracy"", ""Candidate quality effects"", ""District-specific dynamics""]",Republicans start with 53-47 majority; Democrats need net gain of 4 seats for control.,OK,true
20260629T155053Z:RSO-0003,20260629T155053Z,2026-06-29T15:50:53Z,fair_value_v0.1,ollama,qwen3:8b,RSO-0003,"House control, 2026","House control, 2026 — Republican Party",Republican Party,US,us_national,us_federal,us_house_control_2026,562803,0x4e4f77e7dbf4cab666e9a1943674d7ae66348e862df03ea6f44b11eb95731928,will-the-republican-party-control-the-house-after-the-2026-midterm-elections,https://polymarket.com/event/will-the-republican-party-control-the-house-after-the-2026-midterm-elections,65139230827417363158752884968303867495725894165574887635816574090175320800482,Will the Republican Party control the House after the 2026 Midterm elections?,0.45,0.45,0.65,false,0.175,mid,,0.275,0.275,0.275,0.275,LLM_HIGHER,LLM_HIGHER,strong,strong,2,1,1.01,,false,raw_gap,"Democratic advantage in generic ballot suggests plausible Democratic control, but Republican resilience due to districting and incumbency keeps it competitive.","[""National mood shifts"", ""Districting changes"", ""Incumbent performance"", ""Candidate quality"", ""Turnout dynamics""]","Base rate favors Democrats with D+5 generic ballot, but House control is sensitive to structural factors like districting and incumbency.",OK,true
20260629T155053Z:RSO-0004,20260629T155053Z,2026-06-29T15:50:53Z,fair_value_v0.1,ollama,qwen3:8b,RSO-0004,"House control, 2026","House control, 2026 — Democratic Party",Democratic Party,US,us_national,us_federal,us_house_control_2026,562802,0xd5d9fc47718bd553592d126b1fa5e87183d27f3936975b0c04cc0f2dec1f1bb4,will-the-democratic-party-control-the-house-after-the-2026-midterm-elections,https://polymarket.com/event/will-the-democratic-party-control-the-house-after-the-2026-midterm-elections,83247781037352156539108067944461291821683755894607244160607042790356561625563,Will the Democratic Party control the House after the 2026 Midterm elections?,0.55,0.55,0.7,false,0.835,mid,,-0.285,0.285,-0.285,0.285,MARKET_HIGHER,MARKET_HIGHER,strong,strong,2,1,1.01,,false,raw_gap,"Democratic control is plausible with mid-single-digit generic ballot advantage, but Republican control remains viable due to districting and incumbency factors.","[""National generic ballot could shift"", ""Districting changes impact seat conversion"", ""Incumbent performance"", ""Candidate quality variations"", ""Turnout dynamics""]","Base rate reflects mid-single-digit Democratic advantage in generic ballot, with House more sensitive to national environment than Senate.",OK,true
20260629T155053Z:RSO-0005,20260629T155053Z,2026-06-29T15:50:53Z,fair_value_v0.1,ollama,qwen3:8b,RSO-0005,Republican House seats after 2026 midterms,Republican House seats after 2026 midterms — Below 190,Below 190,US,us_national,us_federal,us_house_seat_range_2026,919489,0xa2e43598547f2e90e3eee195812c8814202b9b66f6c540d7e15a265cbe93f68f,will-the-republican-party-hold-below-190-house-seats-after-the-2026-midterm-elections,https://polymarket.com/event/will-the-republican-party-hold-below-190-house-seats-after-the-2026-midterm-elections,106321904011141120286469207995805275978977204556483905903452161304048552011252,Will the Republican Party hold below 190 House seats after the 2026 midterm elections?,0.15,0.0375,0.6,false,0.305,mid,,-0.155,0.155,-0.2675,0.2675,MARKET_HIGHER,MARKET_HIGHER,medium,strong,10,4,1.035,llm_mass_too_high,true,normalized_gap,"Democratic advantage and midterm headwinds suggest GOP below 190 is a tail event, but not impossible.","[""National generic ballot strength"", ""Wave size"", ""Districting changes"", ""Candidate quality"", ""Economic conditions""]",Base rate assumes mid-single-digit D advantage leading to GOP below 190 as a tail outcome.,OK,true
20260629T155053Z:RSO-0006,20260629T155053Z,2026-06-29T15:50:53Z,fair_value_v0.1,ollama,qwen3:8b,RSO-0006,Republican House seats after 2026 midterms,Republican House seats after 2026 midterms — 190-194,190-194,US,us_national,us_federal,us_house_seat_range_2026,919490,0x18cc1dd29f0b816135d5337cebae4d1f8b42a2c8b951e893936f35fd235ecc94,will-the-republican-party-hold-between-190-and-194-house-seats-after-the-2026-midterm-elections,https://polymarket.com/event/will-the-republican-party-hold-between-190-and-194-house-seats-after-the-2026-midterm-elections,28563039514548428320768176747354466148898869862983186828076262234559578730437,Will the Republican Party hold between 190 and 194 House seats after the 2026 midterm elections?,0.35,0.0875,0.65,false,0.125,mid,,0.225,0.225,-0.0375,0.0375,LLM_HIGHER,NO_SIGNAL,strong,none,10,4,1.035,llm_mass_too_high,true,normalized_gap,Mid-single-digit Democratic generic ballot advantage suggests GOP seat counts below 190 are plausible but not certain. Range tails are sensitive to wave size.,"[""National environment shifts"", ""Candidate quality impacts"", ""District-specific dynamics"", ""Polling accuracy"", ""Wave magnitude""]",Base rate assumes mid-single-digit Democratic advantage translating to GOP seat range below 190 with moderate probability.,OK,true
20260629T155053Z:RSO-0007,20260629T155053Z,2026-06-29T15:50:53Z,fair_value_v0.1,ollama,qwen3:8b,RSO-0007,Republican House seats after 2026 midterms,Republican House seats after 2026 midterms — 195-199,195-199,US,us_national,us_federal,us_house_seat_range_2026,919491,0xa6af312109c285d70f39a4f8d8e3d4a2e7e12bcabe5ab03527396a3a1377925d,will-the-republican-party-hold-between-195-and-199-house-seats-after-the-2026-midterm-elections,https://polymarket.com/event/will-the-republican-party-hold-between-195-and-199-house-seats-after-the-2026-midterm-elections,115193834526916935745756977772378619467834046854963255708898687971795314424675,Will the Republican Party hold between 195 and 199 House seats after the 2026 midterm elections?,0.45,0.1125,0.65,false,0.165,mid,,0.285,0.285,-0.0525,0.0525,LLM_HIGHER,NO_SIGNAL,strong,weak,10,4,1.035,llm_mass_too_high,true,normalized_gap,"Mid-single-digit Democratic generic ballot suggests GOP seat counts below 218 are plausible, but range-specific dynamics and wave size uncertainty keep probability below 50%","[""National environment shift magnitude"", ""Wave size impact on seat distribution"", ""District-specific turnout patterns"", ""Candidate quality effects"", ""Redistricting changes""]",Base rate considers current GOP 213 seat majority and mid-single-digit Democratic generic ballot advantage.,OK,true
20260629T155053Z:RSO-0008,20260629T155053Z,2026-06-29T15:50:53Z,fair_value_v0.1,ollama,qwen3:8b,RSO-0008,Republican House seats after 2026 midterms,Republican House seats after 2026 midterms — 200-204,200-204,US,us_national,us_federal,us_house_seat_range_2026,919492,0x7ff4e4b2f389acdd96ef18bb34684b9219a972b7ef0cde5856d28f5d5325f3d4,will-the-republican-party-hold-between-200-and-204-house-seats-after-the-2026-midterm-elections,https://polymarket.com/event/will-the-republican-party-hold-between-200-and-204-house-seats-after-the-2026-midterm-elections,72002069499527925398637560287453277989370912181886433715927009264225913591577,Will the Republican Party hold between 200 and 204 House seats after the 2026 midterm elections?,0.45,0.1125,0.65,false,0.086,mid,,0.364,0.364,0.0265,0.0265,LLM_HIGHER,NO_SIGNAL,extreme,none,10,4,1.035,llm_mass_too_high,true,normalized_gap,"Mid-single-digit Democratic generic ballot advantage suggests GOP seat counts below 218 are plausible, but 200-204 is a moderate range with significant uncertainty.","[""National environment shift"", ""Districting effects"", ""Candidate quality"", ""Turnout patterns"", ""Wave size""]",Base rate considers mid-single-digit D advantage and GOP starting majority.,OK,true
20260629T155053Z:RSO-0009,20260629T155053Z,2026-06-29T15:50:53Z,fair_value_v0.1,ollama,qwen3:8b,RSO-0009,Republican House seats after 2026 midterms,Republican House seats after 2026 midterms — 205-209,205-209,US,us_national,us_federal,us_house_seat_range_2026,919493,0x55f8333c05a9693135c74efeb660c473d9b7a46c02be73ce828914313dda5faf,will-the-republican-party-hold-between-205-and-209-house-seats-after-the-2026-midterm-elections,https://polymarket.com/event/will-the-republican-party-hold-between-205-and-209-house-seats-after-the-2026-midterm-elections,29313994937981195788931635785989333043799554756927714294439868926183474951020,Will the Republican Party hold between 205 and 209 House seats after the 2026 midterm elections?,0.45,0.1125,0.65,false,0.064,mid,,0.386,0.386,0.0485,0.0485,LLM_HIGHER,NO_SIGNAL,extreme,none,10,4,1.035,llm_mass_too_high,true,normalized_gap,"Mid-single-digit Democratic generic ballot advantage suggests GOP seat counts below majority are plausible, but range tails are sensitive to wave size. 205-209 is a moderate range given current evidence.","[""National environment shifts"", ""Wave size uncertainty"", ""Candidate quality effects"", ""Districting changes"", ""Turnout patterns""]","Base rate considers current GOP majority, mid-single-digit Democratic advantage, and historical midterm trends.",OK,true
20260629T155053Z:RSO-0010,20260629T155053Z,2026-06-29T15:50:53Z,fair_value_v0.1,ollama,qwen3:8b,RSO-0010,Republican House seats after 2026 midterms,Republican House seats after 2026 midterms — 210-214,210-214,US,us_national,us_federal,us_house_seat_range_2026,919494,0xf301c0842eeb33bd0a7718e4775bfb98b326a28bf837e18d65057e3516a5f6cb,will-the-republican-party-hold-between-210-and-214-house-seats-after-the-2026-midterm-elections,https://polymarket.com/event/will-the-republican-party-hold-between-210-and-214-house-seats-after-the-2026-midterm-elections,54380927206833851183661949055792883595494421437547231435217946779970572480742,Will the Republican Party hold between 210 and 214 House seats after the 2026 midterm elections?,0.45,0.1125,0.65,false,0.0575,mid,,0.3925,0.3925,0.055,0.055,LLM_HIGHER,NO_SIGNAL,extreme,weak,10,4,1.035,llm_mass_too_high,true,normalized_gap,"Mid-single-digit Democratic generic ballot advantage suggests GOP seat counts below 218 are plausible, but range-specific probabilities require balancing wave size and district dynamics.","[""National mood shifts"", ""District-specific dynamics"", ""Candidate quality impacts"", ""Polling accuracy"", ""Wave size variability""]","Base rate considers mid-single-digit Democratic advantage and GOP starting majority, but range-specific probabilities require nuanced adjustment.",OK,true
20260629T155053Z:RSO-0011,20260629T155053Z,2026-06-29T15:50:53Z,fair_value_v0.1,ollama,qwen3:8b,RSO-0011,Republican House seats after 2026 midterms,Republican House seats after 2026 midterms — 215-219,215-219,US,us_national,us_federal,us_house_seat_range_2026,919495,0x0d8711f5f475002d8236dcf4c848882aee7a2f34a515dda6ff0623906bf862a3,will-the-republican-party-hold-between-215-and-219-house-seats-after-the-2026-midterm-elections,https://polymarket.com/event/will-the-republican-party-hold-between-215-and-219-house-seats-after-the-2026-midterm-elections,60694193343700070785132990153245047299390401777230625432234093346484633438371,Will the Republican Party hold between 215 and 219 House seats after the 2026 midterm elections?,0.45,0.1125,0.65,false,0.0975,mid,,0.3525,0.3525,0.015,0.015,LLM_HIGHER,NO_SIGNAL,extreme,none,10,4,1.035,llm_mass_too_high,true,normalized_gap,"Mid-single-digit Democratic generic ballot suggests GOP seat counts below 218 are plausible, but range-specific uncertainty and potential for wave size variation keep probability below 50%","[""National environment shifts"", ""Wave size variability"", ""District-specific dynamics"", ""Candidate quality impacts"", ""Polling accuracy""]","Base rate considers mid-single-digit Democratic advantage and House sensitivity to national environment, but range contracts require nuanced wave-size estimation.",OK,true
20260629T155053Z:RSO-0012,20260629T155053Z,2026-06-29T15:50:53Z,fair_value_v0.1,ollama,qwen3:8b,RSO-0012,Republican House seats after 2026 midterms,Republican House seats after 2026 midterms — 220-224,220-224,US,us_national,us_federal,us_house_seat_range_2026,919496,0xba093f5c98e6c7d389a18ad4849ce5e82c2238f6daaf40755c1399d093e9a8f4,will-the-republican-party-hold-between-220-and-224-house-seats-after-the-2026-midterm-elections,https://polymarket.com/event/will-the-republican-party-hold-between-220-and-224-house-seats-after-the-2026-midterm-elections,11440416578482803281113271939006595670566573058595214243294246034853366786529,Will the Republican Party hold between 220 and 224 House seats after the 2026 midterm elections?,0.35,0.0875,0.65,false,0.077,mid,,0.273,0.273,0.0105,0.0105,LLM_HIGHER,NO_SIGNAL,strong,none,10,4,1.035,llm_mass_too_high,true,normalized_gap,"Mid-single-digit Democratic generic ballot advantage suggests GOP seat counts below 218 are plausible, but 220-224 is a moderate range requiring balance between wave size and structural factors.","[""National environment shift magnitude"", ""Districting changes"", ""Incumbent performance"", ""Candidate quality"", ""Turnout patterns""]",Based on current generic ballot and Senate/House control fundamentals.,OK,true
20260629T155053Z:RSO-0013,20260629T155053Z,2026-06-29T15:50:53Z,fair_value_v0.1,ollama,qwen3:8b,RSO-0013,Republican House seats after 2026 midterms,Republican House seats after 2026 midterms — 225-229,225-229,US,us_national,us_federal,us_house_seat_range_2026,919497,0x2a576fa3ba72588ab56857b87e870f31f2c2e3e0a3e88943ebd207a8952af3f1,will-the-republican-party-hold-between-225-and-229-house-seats-after-the-2026-midterm-elections,https://polymarket.com/event/will-the-republican-party-hold-between-225-and-229-house-seats-after-the-2026-midterm-elections,44021367593004066376259961625159230858755451295969387051970594277311771462296,Will the Republican Party hold between 225 and 229 House seats after the 2026 midterm elections?,0.45,0.1125,0.65,false,0.0395,mid,,0.4105,0.4105,0.073,0.073,LLM_HIGHER,NO_SIGNAL,extreme,weak,10,4,1.035,llm_mass_too_high,true,normalized_gap,"Mid-single-digit Democratic generic ballot suggests GOP seat counts below majority plausible, but range-specific uncertainty and potential for wave size variation keep probability moderate.","[""National environment shift magnitude"", ""Wave size variability"", ""District-specific dynamics"", ""Candidate quality impacts"", ""Polling accuracy near election day""]","Base rate considers mid-single-digit Democratic advantage and House sensitivity to national environment, with adjustments for range-specific tail risks.",OK,true
20260629T155053Z:RSO-0014,20260629T155053Z,2026-06-29T15:50:53Z,fair_value_v0.1,ollama,qwen3:8b,RSO-0014,Republican House seats after 2026 midterms,Republican House seats after 2026 midterms — 230+,230+,US,us_national,us_federal,us_house_seat_range_2026,919498,0x217a8a10e4ec9f7d12d5b94024d4853f326c9b0de14b119b62d8b779f67d8111,will-the-republican-party-hold-230-or-more-house-seats-after-the-2026-midterm-elections,https://polymarket.com/event/will-the-republican-party-hold-230-or-more-house-seats-after-the-2026-midterm-elections,93609386279271538145284495213602532023820232074612322223448573915979176212698,Will the Republican Party hold 230 or more House seats after the 2026 midterm elections?,0.45,0.1125,0.65,false,0.0185,mid,,0.4315,0.4315,0.094,0.094,LLM_HIGHER,NO_SIGNAL,extreme,weak,10,4,1.035,llm_mass_too_high,true,normalized_gap,"Democratic advantage and midterm headwinds suggest GOP below 218, but 230+ is a strong win. National environment and district dynamics influence range.","[""National generic ballot strength"", ""District-specific dynamics"", ""Candidate quality impacts"", ""Turnout patterns"", ""Wave size""]","Base rate suggests GOP below 218 with Democratic advantage, but 230+ requires strong wave or favorable conditions.",OK,true
20260629T155053Z:RSO-0015,20260629T155053Z,2026-06-29T15:50:53Z,fair_value_v0.1,ollama,qwen3:8b,RSO-0015,Republican Senate seats after 2026 midterms,Republican Senate seats after 2026 midterms — ≤47,≤47,US,us_national,us_federal,us_senate_seat_range_2026,943819,0x46c862237fc39f6357ce2efa748274e4539c1ffe60cd6a89e3fe689373fa27a8,will-the-republican-party-hold-47-or-fewer-senate-seats-after-the-2026-midterm-elections,https://polymarket.com/event/will-the-republican-party-hold-47-or-fewer-senate-seats-after-the-2026-midterm-elections,89624669145341997724697326849445716755183665898947701894080018635919612252707,Will the Republican Party hold 47 or fewer Senate seats after the 2026 midterm elections?,0.15,0.065217,0.6,false,0.255,mid,,-0.105,0.105,-0.189783,0.189783,MARKET_HIGHER,MARKET_HIGHER,medium,medium,6,2.3,0.347,llm_mass_too_high|market_mass_low,true,normalized_gap,"Democratic advantage and GOP headwinds suggest a strong cycle, but achieving ≤47 requires significant GOP losses. Current evidence indicates a plausible but non-certain outcome.","[""Polling accuracy"", ""Candidate quality"", ""District-specific dynamics"", ""National mood shifts"", ""Special elections impact""]","Republicans start at 53 seats; a Democratic advantage of +5-6 suggests potential for losses, but Senate maps are state-specific and uneven.",OK,true
20260629T155053Z:RSO-0021,20260629T155053Z,2026-06-29T15:50:53Z,fair_value_v0.1,ollama,qwen3:8b,RSO-0021,Republican Senate seats after 2026 midterms,Republican Senate seats after 2026 midterms — 53,53,US,us_national,us_federal,us_senate_seat_range_2026,943825,0x812d9ea644c58f1e889643bbd9184e9c5fdacbba55d1f9fef2eb2d55ce5dc1c2,will-the-republican-party-hold-exactly-53-senate-seats-after-the-2026-midterm-elections,https://polymarket.com/event/will-the-republican-party-hold-exactly-53-senate-seats-after-the-2026-midterm-elections,15394416147421266264002744586901575755411758481406494583013250092373628427765,Will the Republican Party hold exactly 53 Senate seats after the 2026 midterm elections?,0.55,0.23913,0.7,false,0.036,mid,,0.514,0.514,0.20313,0.20313,LLM_HIGHER,LLM_HIGHER,extreme,strong,6,2.3,0.347,llm_mass_too_high|market_mass_low,true,normalized_gap,Base rate suggests Republicans likely retain 53 seats with moderate national Democratic advantage and Senate's state-specific nature.,"[""National generic ballot strength"", ""Battleground state outcomes"", ""Special elections impact"", ""Candidate quality variations"", ""Polling accuracy""]",Republicans start with 53 seats; Senate control depends on state-specific factors and national environment.,OK,true
20260629T155053Z:RSO-0022,20260629T155053Z,2026-06-29T15:50:53Z,fair_value_v0.1,ollama,qwen3:8b,RSO-0022,Republican Senate seats after 2026 midterms,Republican Senate seats after 2026 midterms — 54,54,US,us_national,us_federal,us_senate_seat_range_2026,943826,0x38fa3007c7be18a217849262667e39266341cb2fd7b5f8da75472b0a9e420480,will-the-republican-party-hold-exactly-54-senate-seats-after-the-2026-midterm-elections,https://polymarket.com/event/will-the-republican-party-hold-exactly-54-senate-seats-after-the-2026-midterm-elections,13278443981418985302116823794751942747516190107446009911143426402863687470127,Will the Republican Party hold exactly 54 Senate seats after the 2026 midterm elections?,0.35,0.152174,0.65,false,0.0155,mid,,0.3345,0.3345,0.136674,0.136674,LLM_HIGHER,LLM_HIGHER,extreme,medium,6,2.3,0.347,llm_mass_too_high|market_mass_low,true,normalized_gap,Republicans start at 53 seats; 54 requires net gains or defensive wins. National Democratic advantage and Senate dynamics suggest moderate probability.,"[""Senate polling accuracy"", ""GOP defensive wins"", ""Democratic seat gains"", ""Special elections impact"", ""National mood shifts""]",Base rate reflects starting 53 seats and moderate national Democratic advantage with Senate's state-specific nature.,OK,true
20260629T155053Z:RSO-0023,20260629T155053Z,2026-06-29T15:50:53Z,fair_value_v0.1,ollama,qwen3:8b,RSO-0023,Republican Senate seats after 2026 midterms,Republican Senate seats after 2026 midterms — 55,55,US,us_national,us_federal,us_senate_seat_range_2026,943827,0x77051d8ddec1e312de90cdf2ce026ce1c4df4c1c264cfa1525e55995b542fb0c,will-the-republican-party-hold-exactly-55-senate-seats-after-the-2026-midterm-elections,https://polymarket.com/event/will-the-republican-party-hold-exactly-55-senate-seats-after-the-2026-midterm-elections,10750997471908598562514411969554157596465059745769943341362824315243580377116,Will the Republican Party hold exactly 55 Senate seats after the 2026 midterm elections?,0.35,0.152174,0.65,false,0.0165,mid,,0.3335,0.3335,0.135674,0.135674,LLM_HIGHER,LLM_HIGHER,extreme,medium,6,2.3,0.347,llm_mass_too_high|market_mass_low,true,normalized_gap,Republicans start at 53 seats; 55 requires net gains. National Democratic advantage and Senate dynamics suggest moderate chance.,"[""Senate polling accuracy"", ""GOP defensive wins"", ""Democratic seat conversions"", ""Special elections impact"", ""National mood shifts""]",Base rate reflects starting 53 seats and moderate national Democratic advantage.,OK,true
20260629T155053Z:RSO-0024,20260629T155053Z,2026-06-29T15:50:53Z,fair_value_v0.1,ollama,qwen3:8b,RSO-0024,Republican Senate seats after 2026 midterms,Republican Senate seats after 2026 midterms — 56,56,US,us_national,us_federal,us_senate_seat_range_2026,943828,0xe831d837e17278de50029fcf609d1c72338ed4e1352ce8a4fb7406ddef3c63ad,will-the-republican-party-hold-exactly-56-senate-seats-after-the-2026-midterm-elections,https://polymarket.com/event/will-the-republican-party-hold-exactly-56-senate-seats-after-the-2026-midterm-elections,9273056014077248525737106426866852410841224250259842453481519298611852217348,Will the Republican Party hold exactly 56 Senate seats after the 2026 midterm elections?,0.35,0.152174,0.65,false,0.0105,mid,,0.3395,0.3395,0.141674,0.141674,LLM_HIGHER,LLM_HIGHER,extreme,medium,6,2.3,0.347,llm_mass_too_high|market_mass_low,true,normalized_gap,"Base rate suggests Republicans likely retain 53 seats, but 56 requires net gains. National Democratic advantage and Senate dynamics make 56 plausible but not certain.","[""Democratic generic ballot strength"", ""GOP defensive performance"", ""Special elections impact"", ""Polling accuracy"", ""Candidate quality effects""]","Republicans start at 53 seats; 56 requires net gains. Senate maps are state-specific, and national trends don't directly translate to seat gains.",OK,true
20260629T155053Z:RSO-0025,20260629T155053Z,2026-06-29T15:50:53Z,fair_value_v0.1,ollama,qwen3:8b,RSO-0025,Republican Senate seats after 2026 midterms,Republican Senate seats after 2026 midterms — 57+,57+,US,us_national,us_federal,us_senate_seat_range_2026,943829,0x5d763463cd2a9bd939d49bbb5b4bbaf5fc2cd9ecee5966e6fcce0b6de57179fc,will-the-republican-party-hold-57-or-more-senate-seats-after-the-2026-midterm-elections,https://polymarket.com/event/will-the-republican-party-hold-57-or-more-senate-seats-after-the-2026-midterm-elections,106446804142822856909456712516050968287728263341329924913008459244064245181608,Will the Republican Party hold 57 or more Senate seats after the 2026 midterm elections?,0.55,0.23913,0.7,false,0.0135,mid,,0.5365,0.5365,0.22563,0.22563,LLM_HIGHER,LLM_HIGHER,extreme,strong,6,2.3,0.347,llm_mass_too_high|market_mass_low,true,normalized_gap,"Republicans start with 53 seats; a mid-single-digit Democratic generic ballot advantage suggests potential for gains, but Senate maps are state-specific and uneven. Fair-value anchor around 53-55 range.","[""Senate map state-specificity"", ""National environment translation to seats"", ""Candidate quality effects"", ""Polling accuracy"", ""Special elections impact""]",Base rate assumes Republicans retain starting 53 seats with potential for small gains or losses based on national environment and state-specific factors.,OK,true
20260629T155053Z:RSO-0026,20260629T155053Z,2026-06-29T15:50:53Z,fair_value_v0.1,ollama,qwen3:8b,RSO-0026,Maine Senate Election Winner,Maine Senate Election Winner — Democrat,Democrat,US,us_senate,us_statewide,maine_senate_2026,630772,0x66bbf6d55e0296278858b3147689f3df9259374f158f9f028b608baa322a639c,will-the-democrats-win-the-maine-senate-race-in-2026,https://polymarket.com/event/will-the-democrats-win-the-maine-senate-race-in-2026,7589880081658059374445882095611024032084645048848237404312287942463647821549,Will the Democrats win the Maine Senate race in 2026?,0.45,0.5,0.65,false,0.615,mid,,-0.165,0.165,-0.115,0.115,MARKET_HIGHER,MARKET_HIGHER,medium,medium,2,0.9,1,,false,raw_gap,"Maine is a competitive state with a recent lean toward Democrats, but national trends and specific race dynamics introduce uncertainty.","[""National generic ballot strength"", ""Candidate quality and fundraising"", ""State-specific polling accuracy"", ""Incumbent status"", ""Local issues impact""]","Maine's recent federal voting patterns suggest a slight Democratic lean, but Senate races can be influenced by national trends and candidate dynamics.",OK,true
20260629T155053Z:RSO-0027,20260629T155053Z,2026-06-29T15:50:53Z,fair_value_v0.1,ollama,qwen3:8b,RSO-0027,Maine Senate Election Winner,Maine Senate Election Winner — Republican,Republican,US,us_senate,us_statewide,maine_senate_2026,630773,0x2c00cb09722a0f0501c5e49131b898ed57bb5c075db4dc2bcbc14908f45b8c48,will-the-republicans-win-the-maine-senate-race-in-2026,https://polymarket.com/event/will-the-republicans-win-the-maine-senate-race-in-2026,2142948285506077695096498341598672159464223074468931276310105532825810210121,Will the Republicans win the Maine Senate race in 2026?,0.45,0.5,0.65,false,0.385,mid,,0.065,0.065,0.115,0.115,NO_SIGNAL,LLM_HIGHER,weak,medium,2,0.9,1,,false,raw_gap,"Maine is a competitive state with a recent lean toward Democrats, but national trends favor Democrats by mid-single digits. The Senate race is influenced by state-specific factors and candidate quality.","[""National midterm trends"", ""State-specific polling"", ""Candidate quality"", ""Incumbent status"", ""Local issues""]","Maine's recent federal voting patterns and national generic ballot trends suggest a slight Democratic advantage, but Senate races can be influenced by local factors.",OK,true
20260629T155053Z:RSO-0028,20260629T155053Z,2026-06-29T15:50:53Z,fair_value_v0.1,ollama,qwen3:8b,RSO-0028,Texas Senate Election Winner,Texas Senate Election Winner — Ken Paxton (R),Ken Paxton (R),US,us_senate,us_statewide,texas_senate_2026,630964,0x94521176f57d2ce81dde01e0b7699ca4279423042d37ed53908f0c8bfefe7e14,will-the-republicans-win-the-texas-senate-race-in-2026,https://polymarket.com/event/will-the-republicans-win-the-texas-senate-race-in-2026,21265207456609426291246075480390336499088453711419597084147957999650569091884,Will the Republicans win the Texas Senate race in 2026?,0.65,0.590909,0.75,false,0.565,mid,,0.085,0.085,0.025909,0.025909,NO_SIGNAL,NO_SIGNAL,weak,none,2,1.1,0.985,,false,raw_gap,"Texas is a reliably Republican state with a strong GOP majority. Ken Paxton is a prominent Republican figure, while James Talarico is a less-known Democrat. National trends favor Democrats, but Texas's partisanship and candidate quality tilt the fair value toward Paxton.","[""National generic ballot impact"", ""Candidate quality effects"", ""State-specific polling accuracy"", ""Incumbent status"", ""Special election dynamics""]","Texas has a clear Republican lean in federal elections, with a recent Senate majority favoring Republicans.",OK,true
20260629T155053Z:RSO-0029,20260629T155053Z,2026-06-29T15:50:53Z,fair_value_v0.1,ollama,qwen3:8b,RSO-0029,Texas Senate Election Winner,Texas Senate Election Winner — James Talarico (D),James Talarico (D),US,us_senate,us_statewide,texas_senate_2026,630963,0x34918035a590555ba1fb1d6a019d766ab6e557d63e7f3140b63b4550eee7f417,will-the-democrats-win-the-texas-senate-race-in-2026,https://polymarket.com/event/will-the-democrats-win-the-texas-senate-race-in-2026,15290572385458522370285732869432740297199321382471116558439914335588167718663,Will the Democrats win the Texas Senate race in 2026?,0.45,0.409091,0.65,false,0.42,mid,,0.03,0.03,-0.010909,0.010909,NO_SIGNAL,NO_SIGNAL,none,none,2,1.1,0.985,,false,raw_gap,"Texas is a Republican-leaning state with a recent Senate seat held by Republicans. National Democratic advantage may help, but state partisanship and candidate quality are key factors. No strong polling data available.","[""State partisanship trends"", ""Candidate quality impact"", ""National wave effect strength"", ""Polling data availability"", ""Special election dynamics""]","Start from Texas's recent federal voting pattern, which favors Republicans. Adjust for candidate quality and national environment, but no clear high-quality polls or race-rater consensus available.",OK,true
20260629T155053Z:RSO-0030,20260629T155053Z,2026-06-29T15:50:53Z,fair_value_v0.1,ollama,qwen3:8b,RSO-0030,Alaska Senate Election Winner,Alaska Senate Election Winner — Mary Peltola,Mary Peltola,US,us_senate,us_statewide,alaska_senate_2026,634976,0x19d2ff72e389d190c183e6b114817301d29eba651d67d75a38ee201a05188fd9,will-mary-peltola-win-the-alaska-senate-race-in-2026,https://polymarket.com/event/will-mary-peltola-win-the-alaska-senate-race-in-2026,72139607190315861034411702195742538105117960260100800877125381826122747504258,Will Mary Peltola win the Alaska Senate race in 2026?,0.45,0.272727,0.65,false,0.695,mid,,-0.245,0.245,-0.422273,0.422273,MARKET_HIGHER,MARKET_HIGHER,strong,extreme,5,1.65,1.003,llm_mass_too_high,true,normalized_gap,"Alaska's Senate race is competitive with a recent Democratic advantage, but uncertainty remains due to candidate quality and state-specific factors.","[""National midterm trends"", ""Candidate quality impact"", ""State-specific polling accuracy"", ""Incumbent dynamics"", ""Polling noise""]",Starts from Alaska's recent federal voting patterns with moderate adjustments for candidate viability and national environment.,OK,true
20260629T155053Z:RSO-0031,20260629T155053Z,2026-06-29T15:50:53Z,fair_value_v0.1,ollama,qwen3:8b,RSO-0031,Alaska Senate Election Winner,Alaska Senate Election Winner — Dan Sullivan,Dan Sullivan,US,us_senate,us_statewide,alaska_senate_2026,634974,0x741bb46008b72234857c5118c8365ab3c2f69dbf28b30b59de04f173b8a778de,will-dan-sullivan-win-the-alaska-senate-race-in-2026,https://polymarket.com/event/will-dan-sullivan-win-the-alaska-senate-race-in-2026,2618138322856109565904469085316346602627882727483900432328802655317079880335,Will Dan Sullivan win the Alaska Senate race in 2026?,0.55,0.333333,0.65,false,0.305,mid,,0.245,0.245,0.028333,0.028333,LLM_HIGHER,NO_SIGNAL,strong,none,5,1.65,1.003,llm_mass_too_high,true,normalized_gap,"Alaska's Senate race is competitive with a recent lean toward Republicans, but national Democratic momentum and candidate quality factors introduce uncertainty.","[""National generic ballot trends"", ""Candidate quality impact"", ""State-specific polling accuracy"", ""Incumbent advantage"", ""Special election dynamics""]",Starts from Alaska's recent federal voting pattern with moderate adjustments for candidate quality and national environment.,OK,true
20260629T155053Z:RSO-0032,20260629T155053Z,2026-06-29T15:50:53Z,fair_value_v0.1,ollama,qwen3:8b,RSO-0032,Alaska Senate Election Winner,Alaska Senate Election Winner — Dustin Darden,Dustin Darden,US,us_senate,us_statewide,alaska_senate_2026,634977,0xec751bd3e1cf4d22a1dee41ee85c7304bdb7b6ed6dccc807e88ef2603b4a6449,will-dustin-darden-win-the-alaska-senate-race-in-2026,https://polymarket.com/event/will-dustin-darden-win-the-alaska-senate-race-in-2026,29311755935786363205680204536643787054260832125056777867606384726291200747800,Will Dustin Darden win the Alaska Senate race in 2026?,0.15,0.090909,0.3,false,0.001,ask_only,no_bids,0.149,0.149,0.089909,0.089909,LLM_HIGHER,NO_SIGNAL,medium,weak,5,1.65,1.003,llm_mass_too_high,true,normalized_gap,"Dustin Darden is a long-shot candidate in a race where the state leans Republican. National trends favor Democrats, but Alaska's Senate race is competitive with multiple candidates.","[""State-specific polling accuracy"", ""Candidate quality impact"", ""National wave effect"", ""Incumbent status"", ""Special election dynamics""]","Alaska's recent federal voting patterns lean Republican, but the race has multiple candidates and potential for national influence.",OK,true
20260629T155053Z:RSO-0033,20260629T155053Z,2026-06-29T15:50:53Z,fair_value_v0.1,ollama,qwen3:8b,RSO-0033,Alaska Senate Election Winner,Alaska Senate Election Winner — Ann Diener,Ann Diener,US,us_senate,us_statewide,alaska_senate_2026,634975,0xa26ab383a1f115fa8d2b0fcbac29bcd6a9843ec8c1d160b0a122917230c3c96a,will-ann-diener-win-the-alaska-senate-race-in-2026,https://polymarket.com/event/will-ann-diener-win-the-alaska-senate-race-in-2026,20310786951537091150920478212676759242565921145568245906943451694162568762258,Will Ann Diener win the Alaska Senate race in 2026?,0.25,0.151515,0.4,false,0.001,ask_only,no_bids,0.249,0.249,0.150515,0.150515,LLM_HIGHER,LLM_HIGHER,strong,medium,5,1.65,1.003,llm_mass_too_high,true,normalized_gap,Alaska's Senate race is competitive with a Democratic-leaning state but Ann Diener is a long-shot candidate. National trends favor Democrats but state-specific factors and candidate quality are uncertain.,"[""State partisanship shift"", ""Candidate quality impact"", ""National wave effect"", ""Polling accuracy"", ""Incumbent influence""]","Start from Alaska's recent federal voting pattern, which is Democratic-leaning but with competitive races.",OK,true
20260629T155053Z:RSO-0034,20260629T155053Z,2026-06-29T15:50:53Z,fair_value_v0.1,ollama,qwen3:8b,RSO-0034,Alaska Senate Election Winner,Alaska Senate Election Winner — Richard Grayson,Richard Grayson,US,us_senate,us_statewide,alaska_senate_2026,634978,0x998ee2bd25cea8e07eaf1b1f1be82ba6c3ecfd74c28a87497786103d84fd06d8,will-richard-grayson-win-the-alaska-senate-race-in-2026,https://polymarket.com/event/will-richard-grayson-win-the-alaska-senate-race-in-2026,59588004575158257289531312065982350985369269880352045258164216668046489178917,Will Richard Grayson win the Alaska Senate race in 2026?,0.25,0.151515,0.4,false,0.001,ask_only,no_bids,0.249,0.249,0.150515,0.150515,LLM_HIGHER,LLM_HIGHER,strong,medium,5,1.65,1.003,llm_mass_too_high,true,normalized_gap,Alaska's Senate race is competitive with a Democratic-leaning state but Republican incumbents and national trends favoring Democrats. Richard Grayson is a long-shot candidate.,"[""State-specific polling accuracy"", ""National generic ballot impact"", ""Candidate quality and fundraising"", ""Incumbent viability"", ""Special election dynamics""]","Alaska's recent federal voting patterns lean Democratic, but Senate races can be competitive due to candidate quality and national trends.",OK,true
20260629T155053Z:RSO-0035,20260629T155053Z,2026-06-29T15:50:53Z,fair_value_v0.1,ollama,qwen3:8b,RSO-0035,Nebraska Senate Election Winner,Nebraska Senate Election Winner — Republican,Republican,US,us_senate,us_statewide,nebraska_senate_2026,634892,0x71e9f5312aac62bdc9b87fa8d171fa929eca6243d815298c4c7d61303f7d53dd,will-the-republicans-win-the-nebraska-senate-race-in-2026,https://polymarket.com/event/will-the-republicans-win-the-nebraska-senate-race-in-2026,92576281548134350814800877416860562553699794074017301653635964206220838638047,Will the Republicans win the Nebraska Senate race in 2026?,0.55,0.478261,0.65,false,0.655,mid,,-0.105,0.105,-0.176739,0.176739,MARKET_HIGHER,MARKET_HIGHER,medium,medium,3,1.15,0.9485,,true,normalized_gap,"Nebraska's Senate race is competitive with a split legislature and recent trends favoring Democrats, but national context and candidate quality could influence the outcome.","[""State partisanship dynamics"", ""National generic ballot impact"", ""Candidate quality and fundraising"", ""Local polling accuracy"", ""Special elections influence""]","Start from Nebraska's recent federal voting patterns, which are split, and adjust for national Democratic advantage and state-specific factors.",OK,true
20260629T155053Z:RSO-0036,20260629T155053Z,2026-06-29T15:50:53Z,fair_value_v0.1,ollama,qwen3:8b,RSO-0036,Nebraska Senate Election Winner,Nebraska Senate Election Winner — Independent,Independent,US,us_senate,us_statewide,nebraska_senate_2026,634893,0x5554740293afa7aafd5fed10fd2de43a898e2884c1f98bd65185e703f371b9db,will-an-independent-win-the-nebraska-senate-race-in-2026,https://polymarket.com/event/will-an-independent-win-the-nebraska-senate-race-in-2026,47975366268282823322598946778919483335780002591367838795894307024076579116518,Will an independent win the Nebraska Senate race in 2026?,0.15,0.130435,0.4,false,0.27,mid,,-0.12,0.12,-0.139565,0.139565,MARKET_HIGHER,MARKET_HIGHER,medium,medium,3,1.15,0.9485,,true,normalized_gap,"Nebraska's Senate race is a Republican-leaning state, but an independent could win if GOP candidate faces challenges. National context favors Democrats, but state-specific factors like candidate quality and local issues are uncertain.","[""National generic ballot impact on state race"", ""Candidate quality and viability"", ""State-specific polling accuracy"", ""Incumbent status or open seat dynamics"", ""Potential for national wave effect""]","Nebraska is a reliably Republican state in presidential elections, but Senate races can be more competitive. The base rate suggests a Republican advantage, but independent candidacy could shift dynamics.",OK,true
20260629T155053Z:RSO-0037,20260629T155053Z,2026-06-29T15:50:53Z,fair_value_v0.1,ollama,qwen3:8b,RSO-0037,Nebraska Senate Election Winner,Nebraska Senate Election Winner — Democrat,Democrat,US,us_senate,us_statewide,nebraska_senate_2026,634891,0x12ac475399b12fd74917ccf0e29ce338eb4fc76c066cc8b56d01d2f9a2b17597,will-the-democrats-win-the-nebraska-senate-race-in-2026,https://polymarket.com/event/will-the-democrats-win-the-nebraska-senate-race-in-2026,55269299240433422758148290868724152324629587438760275683104577693660207425448,Will the Democrats win the Nebraska Senate race in 2026?,0.45,0.391304,0.65,false,0.0235,mid,,0.4265,0.4265,0.367804,0.367804,LLM_HIGHER,LLM_HIGHER,extreme,extreme,3,1.15,0.9485,,true,normalized_gap,"Nebraska's Senate race is competitive with a split legislature, national Democratic advantage, but state-level dynamics and candidate quality are uncertain.","[""State partisanship nuances"", ""Candidate quality impact"", ""National wave effect"", ""Local polling accuracy"", ""Special election dynamics""]","Starts from Nebraska's recent federal voting pattern with a slight Republican lean, adjusted for national context and state-specific factors.",OK,true
20260629T155053Z:RSO-0038,20260629T155053Z,2026-06-29T15:50:53Z,fair_value_v0.1,ollama,qwen3:8b,RSO-0038,Michigan Senate Election Winner,Michigan Senate Election Winner — Democrat,Democrat,US,us_senate,us_statewide,michigan_senate_2026,630805,0xbfeb6d4cf3eab6071e204219b0647c8224d63a12778df467311b5f2a4b3a5bd4,will-the-democrats-win-the-michigan-senate-race-in-2026,https://polymarket.com/event/will-the-democrats-win-the-michigan-senate-race-in-2026,71772627544132140586824126381855151743830987860593343955509593715269534710061,Will the Democrats win the Michigan Senate race in 2026?,0.45,0.5,0.65,false,0.72,mid,,-0.27,0.27,-0.22,0.22,MARKET_HIGHER,MARKET_HIGHER,strong,strong,2,0.9,0.995,,false,raw_gap,"Michigan's recent federal voting patterns lean Republican, but national Democratic advantage and state-specific factors could influence the outcome.","[""State-specific polling accuracy"", ""Candidate quality impact"", ""National wave effect"", ""Incumbent status"", ""Special election dynamics""]","Start from Michigan's recent federal voting pattern, adjusting for national environment and state-specific factors.",OK,true
20260629T155053Z:RSO-0039,20260629T155053Z,2026-06-29T15:50:53Z,fair_value_v0.1,ollama,qwen3:8b,RSO-0039,Michigan Senate Election Winner,Michigan Senate Election Winner — Republican,Republican,US,us_senate,us_statewide,michigan_senate_2026,630806,0x3fd189cac9280dfc49a07115581e8d4c9e0b7e1c1e8580a44e9ff3d74e39cf2d,will-the-republicans-win-the-michigan-senate-race-in-2026,https://polymarket.com/event/will-the-republicans-win-the-michigan-senate-race-in-2026,1046980875306043125128331871114794349002409233139736033870402475326170083426,Will the Republicans win the Michigan Senate race in 2026?,0.45,0.5,0.65,false,0.275,mid,,0.175,0.175,0.225,0.225,LLM_HIGHER,LLM_HIGHER,medium,strong,2,0.9,0.995,,false,raw_gap,"Michigan's Senate race is competitive with a recent lean toward Democrats, but national context and candidate quality could shift outcomes.","[""National generic ballot impact"", ""Candidate quality dynamics"", ""State-specific polling accuracy"", ""Incumbent status"", ""Special election dynamics""]",Starts from Michigan's recent federal voting pattern with a slight Democratic lean.,OK,true
20260629T155053Z:RSO-0040,20260629T155053Z,2026-06-29T15:50:53Z,fair_value_v0.1,ollama,qwen3:8b,RSO-0040,Ohio Senate Election Winner,Ohio Senate Election Winner — Sherrod Brown (D),Sherrod Brown (D),US,us_senate,us_statewide,ohio_senate_2026,631057,0x968a1a79e001d49fa3ee1429e3b95eb01797587740f86d4e6becf3ab1b275bfb,will-the-democrats-win-the-ohio-senate-race-in-2026,https://polymarket.com/event/will-the-democrats-win-the-ohio-senate-race-in-2026,83018072688154066292491996133599479395547801317505487833443670253228061205312,Will the Democrats win the Ohio Senate race in 2026?,0.55,0.55,0.65,false,0.555,mid,,-0.005,0.005,-0.005,0.005,NO_SIGNAL,NO_SIGNAL,none,none,2,1,0.995,,false,raw_gap,"Ohio's Senate race is competitive with a recent Democratic advantage, but national context and candidate quality are uncertain.","[""National midterm trends"", ""Candidate quality impact"", ""State-specific polling accuracy"", ""Incumbent viability"", ""Special election dynamics""]",Starts from Ohio's recent federal voting patterns with moderate adjustments for candidate quality and national environment.,OK,true
20260629T155053Z:RSO-0041,20260629T155053Z,2026-06-29T15:50:53Z,fair_value_v0.1,ollama,qwen3:8b,RSO-0041,Ohio Senate Election Winner,Ohio Senate Election Winner — Jon Husted (R),Jon Husted (R),US,us_senate,us_statewide,ohio_senate_2026,631058,0x771873c365f87bffd990644e4b688aebc1be7f18396d2eab64b996ff66e88669,will-the-republicans-win-the-ohio-senate-race-in-2026,https://polymarket.com/event/will-the-republicans-win-the-ohio-senate-race-in-2026,69908185249078099348466099388148864764525845923415294308139153388799352317616,Will the Republicans win the Ohio Senate race in 2026?,0.45,0.45,0.65,false,0.44,mid,,0.01,0.01,0.01,0.01,NO_SIGNAL,NO_SIGNAL,none,none,2,1,0.995,,false,raw_gap,Ohio's Senate race is competitive with a Democratic-leaning state but Republican advantage in some districts. National context favors Democrats but Senate races are state-specific.,"[""State-specific polling accuracy"", ""Candidate quality impact"", ""National wave effect"", ""Incumbent status"", ""Special elections influence""]","Start from Ohio's recent federal voting pattern, adjust for candidate nomination status and national environment.",OK,true
20260629T155053Z:RSO-0042,20260629T155053Z,2026-06-29T15:50:53Z,fair_value_v0.1,ollama,qwen3:8b,RSO-0042,North Carolina Senate Election Winner,North Carolina Senate Election Winner — Roy Cooper (D),Roy Cooper (D),US,us_senate,us_statewide,north_carolina_senate_2026,630883,0x129dbcb7d39ff8df5f0d7685a2db6400b5db37d3963914486fbb7fd2bc96a923,will-the-democrats-win-the-north-carolina-senate-race-in-2026,https://polymarket.com/event/will-the-democrats-win-the-north-carolina-senate-race-in-2026,107151098936186723859677628536733880558851060002514795735761427447010628440047,Will the Democrats win the North Carolina Senate race in 2026?,0.55,0.55,0.65,false,0.865,mid,,-0.315,0.315,-0.315,0.315,MARKET_HIGHER,MARKET_HIGHER,extreme,extreme,2,1,1.01,,false,raw_gap,"North Carolina is a competitive state with a recent Democratic governor and a Republican Senate seat. National Democratic advantage may help, but Senate race specifics and candidate quality are uncertain.","[""State partisanship shift"", ""Candidate quality impact"", ""National wave effect"", ""Polling accuracy"", ""Special elections influence""]","Start from NC's recent federal voting pattern, adjust for candidate nomination status and national environment.",OK,true
20260629T155053Z:RSO-0043,20260629T155053Z,2026-06-29T15:50:53Z,fair_value_v0.1,ollama,qwen3:8b,RSO-0043,North Carolina Senate Election Winner,North Carolina Senate Election Winner — Michael Whatley (R),Michael Whatley (R),US,us_senate,us_statewide,north_carolina_senate_2026,630884,0xd59f25520a8c0ea44a9c9741a97c8c3d769e21f1479b9a14e1a9d475e91f522a,will-the-republicans-win-the-north-carolina-senate-race-in-2026,https://polymarket.com/event/will-the-republicans-win-the-north-carolina-senate-race-in-2026,62831517509825405761763142539845746280269675872170259538293560849475982647892,Will the Republicans win the North Carolina Senate race in 2026?,0.45,0.45,0.65,false,0.145,mid,,0.305,0.305,0.305,0.305,LLM_HIGHER,LLM_HIGHER,extreme,extreme,2,1,1.01,,false,raw_gap,"North Carolina is a competitive state with a recent lean toward Democrats, but national trends favor Democrats. However, the specific race lacks detailed polling, and candidate quality is a key factor.","[""State-specific polling data"", ""Candidate quality impact"", ""National political environment shifts"", ""Incumbent status"", ""Special elections influence""]",Starts from North Carolina's recent federal voting pattern with moderate adjustments for candidate quality and national environment.,OK,true
20260629T155053Z:RSO-0044,20260629T155053Z,2026-06-29T15:50:53Z,fair_value_v0.1,ollama,qwen3:8b,RSO-0044,Georgia Senate Election Winner,Georgia Senate Election Winner — Democrat,Democrat,US,us_senate,us_statewide,georgia_senate_2026,630692,0x3c5b93b91196c8db64e63c424979da8cfbf44a4501afd70d2480ee28fbf306a2,will-the-democrats-win-the-georgia-senate-race-in-2026,https://polymarket.com/event/will-the-democrats-win-the-georgia-senate-race-in-2026,21024219148268989748704207701411444044468128261642675917026452687231462203167,Will the Democrats win the Georgia Senate race in 2026?,0.45,0.5,0.65,false,0.855,mid,,-0.405,0.405,-0.355,0.355,MARKET_HIGHER,MARKET_HIGHER,extreme,extreme,2,0.9,1.0035,,false,raw_gap,"Georgia's recent federal voting patterns lean Republican, but national Democratic advantage and potential state-specific factors could influence the outcome.","[""National generic ballot impact"", ""State-specific polling accuracy"", ""Candidate quality effects"", ""Incumbent status"", ""District-specific local issues""]","Start from Georgia's recent federal voting pattern, which leans Republican, but adjust for national environment and state-specific factors.",OK,true
20260629T155053Z:RSO-0045,20260629T155053Z,2026-06-29T15:50:53Z,fair_value_v0.1,ollama,qwen3:8b,RSO-0045,Georgia Senate Election Winner,Georgia Senate Election Winner — Republican,Republican,US,us_senate,us_statewide,georgia_senate_2026,630693,0x54e4e816cc5868e2f933c6bbc597e3313bdad382be3ecf7eaa4d8fa5c3f1a1bd,will-the-republicans-win-the-georgia-senate-race-in-2026,https://polymarket.com/event/will-the-republicans-win-the-georgia-senate-race-in-2026,43777191461245536274027792855557351629362906569064322165760098912770293918104,Will the Republicans win the Georgia Senate race in 2026?,0.45,0.5,0.65,false,0.1485,mid,,0.3015,0.3015,0.3515,0.3515,LLM_HIGHER,LLM_HIGHER,extreme,extreme,2,0.9,1.0035,,false,raw_gap,"Georgia's recent federal voting patterns lean Republican, but national Democratic advantage and competitive Senate races suggest moderate Republican favor.","[""National generic ballot impact"", ""State-specific polling accuracy"", ""Candidate quality effects"", ""Incumbent status"", ""Special election dynamics""]","Start from Georgia's recent federal voting pattern with moderate Republican lean, adjust for national environment and Senate race dynamics.",OK,true
20260629T155053Z:RSO-0046,20260629T155053Z,2026-06-29T15:50:53Z,fair_value_v0.1,ollama,qwen3:8b,RSO-0046,New Hampshire Senate Election Winner,New Hampshire Senate Election Winner — Democrat,Democrat,US,us_senate,us_statewide,new_hampshire_senate_2026,630844,0xfc5c740e4617eb9908ceada7c91bfbe1cd41f172d703ef811d544e60a7a70bb5,will-the-democrats-win-the-new-hampshire-senate-race-in-2026,https://polymarket.com/event/will-the-democrats-win-the-new-hampshire-senate-race-in-2026,82410058691149830741200014405570918770267839390767234397030380747995715352939,Will the Democrats win the New Hampshire Senate race in 2026?,0.45,0.5,0.65,false,0.845,mid,,-0.395,0.395,-0.345,0.345,MARKET_HIGHER,MARKET_HIGHER,extreme,extreme,2,0.9,0.98,,false,raw_gap,"New Hampshire is a competitive state with a recent lean toward Republicans. National Democratic advantage may help, but Senate races are state-specific and require local polling or candidate quality shifts.","[""State-specific polling trends"", ""Candidate quality impact"", ""National wave effect magnitude"", ""Incumbent status"", ""Special election dynamics""]","Start from New Hampshire's recent federal voting pattern, which is slightly Republican-leaning.",OK,true
20260629T155053Z:RSO-0047,20260629T155053Z,2026-06-29T15:50:53Z,fair_value_v0.1,ollama,qwen3:8b,RSO-0047,New Hampshire Senate Election Winner,New Hampshire Senate Election Winner — Republican,Republican,US,us_senate,us_statewide,new_hampshire_senate_2026,630845,0x57599a84bf50c94b958adb020aa2a25bf02e26453e500d3b739d86e6b783774c,will-the-republicans-win-the-new-hampshire-senate-race-in-2026,https://polymarket.com/event/will-the-republicans-win-the-new-hampshire-senate-race-in-2026,62227089537100115269143206481757249285124282589590263790284791475153705872216,Will the Republicans win the New Hampshire Senate race in 2026?,0.45,0.5,0.65,false,0.135,mid,,0.315,0.315,0.365,0.365,LLM_HIGHER,LLM_HIGHER,extreme,extreme,2,0.9,0.98,,false,raw_gap,"New Hampshire is a competitive state with a recent lean toward Republicans, but national Democratic advantages and Senate race dynamics suggest moderate Republican favoritism.","[""National generic ballot impact"", ""Candidate quality effects"", ""State-specific polling accuracy"", ""Incumbent status"", ""Special election dynamics""]","Start from New Hampshire's recent federal voting pattern, which leans Republican but with competitive Senate races.",OK,true
20260629T155053Z:RSO-0048,20260629T155053Z,2026-06-29T15:50:53Z,fair_value_v0.1,ollama,qwen3:8b,RSO-0048,Iowa Senate Election Winner,Iowa Senate Election Winner — Republican,Republican,US,us_senate,us_statewide,iowa_senate_2026,630734,0x38a1025bfc56539ed1ff8fdd468283d55cf9002412decd61aa8d6c578c7d01a2,will-the-republicans-win-the-iowa-senate-race-in-2026,https://polymarket.com/event/will-the-republicans-win-the-iowa-senate-race-in-2026,107844449523890311740907586041395758413047559802389895859202256336422357556837,Will the Republicans win the Iowa Senate race in 2026?,0.45,0.5,0.65,false,0.555,mid,,-0.105,0.105,-0.055,0.055,MARKET_HIGHER,NO_SIGNAL,medium,weak,2,0.9,0.995,,false,raw_gap,"Iowa's recent federal voting patterns lean Republican, but national Democratic advantage and competitive Senate races may balance the outcome.","[""National generic ballot impact"", ""State-specific polling accuracy"", ""Candidate quality effects"", ""Incumbent status"", ""Special election dynamics""]","Starting from Iowa's recent federal lean, adjusting for national context and Senate race dynamics.",OK,true
20260629T155053Z:RSO-0049,20260629T155053Z,2026-06-29T15:50:53Z,fair_value_v0.1,ollama,qwen3:8b,RSO-0049,Iowa Senate Election Winner,Iowa Senate Election Winner — Democrat,Democrat,US,us_senate,us_statewide,iowa_senate_2026,630733,0xd50c016598c499fceea10a1a714e48d9b4953487fe215daeaf916068fae722f1,will-the-democrats-win-the-iowa-senate-race-in-2026,https://polymarket.com/event/will-the-democrats-win-the-iowa-senate-race-in-2026,90689690530039118737607894922148077480097700217322320781526913496162509181445,Will the Democrats win the Iowa Senate race in 2026?,0.45,0.5,0.65,false,0.44,mid,,0.01,0.01,0.06,0.06,NO_SIGNAL,NO_SIGNAL,none,weak,2,0.9,0.995,,false,raw_gap,"Iowa's Senate race is competitive with a recent Democratic advantage, but national trends and state-specific factors balance the odds.","[""National midterm trends"", ""State-specific polling accuracy"", ""Candidate quality impact"", ""Incumbent status"", ""District-specific dynamics""]","Iowa's recent federal voting patterns lean slightly Democratic, but Senate races can be influenced by local factors and national environment.",OK,true
20260629T155053Z:RSO-0052,20260629T155053Z,2026-06-29T15:50:53Z,fair_value_v0.1,ollama,qwen3:8b,RSO-0052,Michigan Governor Election Winner,Michigan Governor Election Winner — Democrat,Democrat,US,us_governor,us_statewide,michigan_governor_2026,629464,0x76cface9f6df604ff32447bce58656b7a72b6659324d089c73a13a99f06c8aae,will-the-democrats-win-the-michigan-governor-race-in-2026,https://polymarket.com/event/will-the-democrats-win-the-michigan-governor-race-in-2026,63517706574758177502492185078056756527324898714284142778693046697324148388357,Will the Democrats win the Michigan governor race in 2026?,0.45,0.441176,0.65,false,0.84,mid,,-0.39,0.39,-0.398824,0.398824,MARKET_HIGHER,MARKET_HIGHER,extreme,extreme,3,1.02,1.0145,,true,normalized_gap,"National Democratic advantage and state-specific factors balance, but Michigan's unique dynamics and local economy introduce uncertainty.","[""Local economic conditions"", ""Candidate quality"", ""Incumbent status"", ""State-specific polling"", ""National political trends""]",Avoid direct national generic ballot application; Michigan's governor race is state-specific with high variance due to open seats and local factors.,OK,true
20260629T155053Z:RSO-0053,20260629T155053Z,2026-06-29T15:50:53Z,fair_value_v0.1,ollama,qwen3:8b,RSO-0053,Michigan Governor Election Winner,Michigan Governor Election Winner — Republican,Republican,US,us_governor,us_statewide,michigan_governor_2026,629465,0xeee75e18b53425c67035084fb8be5414331614ab4e5ec59574bc73e11817be93,will-the-republicans-win-the-michigan-governor-race-in-2026,https://polymarket.com/event/will-the-republicans-win-the-michigan-governor-race-in-2026,3091929947863726371877226324959784580013579280794631063604653957812689085396,Will the Republicans win the Michigan governor race in 2026?,0.45,0.441176,0.65,false,0.145,mid,,0.305,0.305,0.296176,0.296176,LLM_HIGHER,LLM_HIGHER,extreme,strong,3,1.02,1.0145,,true,normalized_gap,"Michigan governor race is state-specific with balanced parties, moderate national Democratic advantage, and uncertain local factors.","[""Local economy impact"", ""Candidate quality"", ""Incumbent status"", ""State-specific issues"", ""Polling accuracy""]","Avoid direct national generic ballot application; focus on state-specific factors like economy, local approval, and candidate quality.",OK,true
20260629T155053Z:RSO-0054,20260629T155053Z,2026-06-29T15:50:53Z,fair_value_v0.1,ollama,qwen3:8b,RSO-0054,Michigan Governor Election Winner,Michigan Governor Election Winner — Independent,Independent,US,us_governor,us_statewide,michigan_governor_2026,629466,0xdfb79786d650608e4bdf010d254a9757ace465d405c858750c52bca0b985fce4,will-an-independent-win-the-michigan-governor-race-in-2026,https://polymarket.com/event/will-an-independent-win-the-michigan-governor-race-in-2026,34943144357771122375283559286014961426824813487508159555960762936802327664238,Will an independent win the Michigan governor race in 2026?,0.12,0.117647,0.45,false,0.0295,mid,,0.0905,0.0905,0.088147,0.088147,NO_SIGNAL,NO_SIGNAL,weak,weak,3,1.02,1.0145,,true,normalized_gap,"Independent candidate faces significant hurdles in a state where major parties dominate, with no clear evidence of strong third-party support or viability.","[""State-specific candidate quality"", ""Local economic conditions"", ""Incumbent status"", ""Primary outcomes"", ""National political climate impact""]","Governor races are state-specific; national generic ballot does not directly apply. Open seats have higher variance, but Michigan's current context lacks evidence for independent viability.",OK,true
20260629T155053Z:RSO-0055,20260629T155053Z,2026-06-29T15:50:53Z,fair_value_v0.1,ollama,qwen3:8b,RSO-0055,WA-04 House Election Winner,WA-04 House Election Winner — Republican Party,Republican Party,US,us_house,us_district,wa_04_house_2026,1285143,0x14ed8c209487ff644ca1f3693b4c428f0781e1b0ee8910ff33307ec525a0cecc,will-the-republican-party-win-the-wa-04-house-seat,https://polymarket.com/event/will-the-republican-party-win-the-wa-04-house-seat,47439174463482721229034772614568373644882067237418093196025863212785197691496,Will the Republican Party win the WA-04 House seat?,0.35,0.388889,0.65,false,0.86,mid,,-0.51,0.51,-0.471111,0.471111,MARKET_HIGHER,MARKET_HIGHER,extreme,extreme,2,0.9,0.995,,false,raw_gap,"National Democratic lean supports Democrats, but WA-04's district partisanship and local factors create uncertainty.","[""District partisanship baseline"", ""Local candidate quality"", ""National generic ballot volatility"", ""Redistricting impact"", ""Incumbent status""]",National Democratic generic ballot advantage helps Democrats in marginal districts but does not override district-specific baselines.,OK,true
20260629T155053Z:RSO-0056,20260629T155053Z,2026-06-29T15:50:53Z,fair_value_v0.1,ollama,qwen3:8b,RSO-0056,WA-04 House Election Winner,WA-04 House Election Winner — Democratic Party,Democratic Party,US,us_house,us_district,wa_04_house_2026,1285144,0xdcb6cb68a62c550a66018c3e0146588c727fbc7d12254fac95bb8eeb96237f5c,will-the-democratic-party-win-the-wa-04-house-seat,https://polymarket.com/event/will-the-democratic-party-win-the-wa-04-house-seat,30593975999350825877587438529917201650410921221852686898350933855891343459981,Will the Democratic Party win the WA-04 House seat?,0.55,0.611111,0.7,false,0.135,mid,,0.415,0.415,0.476111,0.476111,LLM_HIGHER,LLM_HIGHER,extreme,extreme,2,0.9,0.995,,false,raw_gap,"National Democratic lean supports Democrats, but WA-04's specific dynamics and local factors introduce uncertainty.","[""Local candidate quality"", ""District partisanship baseline"", ""National midterm trends"", ""Redistricting impact"", ""Polling accuracy""]","National generic ballot favors Democrats, but district-specific factors and local issues can significantly affect outcomes.",OK,true
20260629T155053Z:RSO-0057,20260629T155053Z,2026-06-29T15:50:53Z,fair_value_v0.1,ollama,qwen3:8b,RSO-0057,NE-02 House Election Winner,NE-02 House Election Winner — Democratic Party,Democratic Party,US,us_house,us_district,ne_02_house_2026,942878,0x13ab5c37a83d0a2ed874bd931c1c8a10984dcabc37cb67f4e36c807492cbfd3b,will-the-democratic-party-win-the-ne-02-house-seat,https://polymarket.com/event/will-the-democratic-party-win-the-ne-02-house-seat,83966667308824872880342632752673759552233526664290166226784097408878282862076,Will the Democratic Party win the NE-02 House seat?,0.55,0.55,0.7,false,0.775,mid,,-0.225,0.225,-0.225,0.225,MARKET_HIGHER,MARKET_HIGHER,strong,strong,2,1,1.01,,false,raw_gap,"National Democratic lean supports NE-02, but district specifics and local factors remain uncertain.","[""Local candidate quality"", ""District partisanship baseline"", ""National generic ballot volatility"", ""Incumbent status"", ""Redistricting impact""]",National Democratic generic ballot advantage informs but does not override district-specific baseline partisanship.,OK,true
20260629T155053Z:RSO-0058,20260629T155053Z,2026-06-29T15:50:53Z,fair_value_v0.1,ollama,qwen3:8b,RSO-0058,NE-02 House Election Winner,NE-02 House Election Winner — Republican Party,Republican Party,US,us_house,us_district,ne_02_house_2026,942877,0xc733d85766ea9df81eb33ec52f7ba64610688401ebc823ae818f51d3cc7274de,will-the-republican-party-win-the-ne-02-house-seat,https://polymarket.com/event/will-the-republican-party-win-the-ne-02-house-seat,9261962954796206285247745021195981577055668829876152281558354142057545087402,Will the Republican Party win the NE-02 House seat?,0.45,0.45,0.65,false,0.235,mid,,0.215,0.215,0.215,0.215,LLM_HIGHER,LLM_HIGHER,strong,strong,2,1,1.01,,false,raw_gap,"National Democratic lean supports Democrats, but NE-02 is a marginal district with uncertain local factors.","[""Local candidate quality"", ""District partisanship baseline"", ""National generic ballot volatility"", ""Redistricting impact"", ""Incumbent status""]",National Democratic generic ballot advantage helps Democrats in marginal districts but does not override district-specific baselines.,OK,true
20260629T155053Z:RSO-0059,20260629T155053Z,2026-06-29T15:50:53Z,fair_value_v0.1,ollama,qwen3:8b,RSO-0059,PA-10 House Election Winner,PA-10 House Election Winner — Democratic Party,Democratic Party,US,us_house,us_district,pa_10_house_2026,943955,0x1ba8c5b414501846fafc1639481a839d57bc3bbb62471400e86224e93c2281f5,will-the-democratic-party-win-the-pa-10-house-seat,https://polymarket.com/event/will-the-democratic-party-win-the-pa-10-house-seat,87725551185270618291722253233951821932371187994043126950008311468794742299797,Will the Democratic Party win the PA-10 House seat?,0.55,0.55,0.7,false,0.685,mid,,-0.135,0.135,-0.135,0.135,MARKET_HIGHER,MARKET_HIGHER,medium,medium,2,1,0.955,,false,raw_gap,"National Democratic lean supports PA-10, but district specifics and local factors remain uncertain.","[""Local candidate quality"", ""District partisanship baseline"", ""National generic ballot volatility"", ""Incumbent status"", ""Redistricting impact""]",National Democratic generic ballot advantage helps but does not override district-specific baselines.,OK,true
20260629T155053Z:RSO-0060,20260629T155053Z,2026-06-29T15:50:53Z,fair_value_v0.1,ollama,qwen3:8b,RSO-0060,PA-10 House Election Winner,PA-10 House Election Winner — Republican Party,Republican Party,US,us_house,us_district,pa_10_house_2026,943954,0xa33cf18dc8a3f0f8550fcb3f68a7b4272f40709419029ac6e589d82f30bb3273,will-the-republican-party-win-the-pa-10-house-seat,https://polymarket.com/event/will-the-republican-party-win-the-pa-10-house-seat,103572160941197360900419917573086716527751112441366358755475598989264153655130,Will the Republican Party win the PA-10 House seat?,0.45,0.45,0.65,false,0.27,mid,,0.18,0.18,0.18,0.18,LLM_HIGHER,LLM_HIGHER,medium,medium,2,1,0.955,,false,raw_gap,"National Democratic lean supports PA-10, but district partisanship and local factors remain key variables.","[""District baseline partisanship"", ""Candidate quality"", ""Local issues"", ""National environment shift"", ""Redistricting impact""]","National generic ballot favors Democrats, but district-specific factors and local dynamics significantly influence outcomes.",OK,true
20260629T155053Z:RSO-0061,20260629T155053Z,2026-06-29T15:50:53Z,fair_value_v0.1,ollama,qwen3:8b,RSO-0061,Ohio Governor Election Winner,Ohio Governor Election Winner — Republican,Republican,US,us_governor,us_statewide,ohio_governor_2026,629558,0x650e3ebc043ddbcfa1d1ffda0c5830f19da7389827889fb5db3474bde5b007fb,will-the-republicans-win-the-ohio-governor-race-in-2026,https://polymarket.com/event/will-the-republicans-win-the-ohio-governor-race-in-2026,3104629708171062356498135654472461762731791851667035051301931240755518332250,Will the Republicans win the Ohio governor race in 2026?,0.45,0.5,0.65,false,0.5,mid,,-0.05,0.05,0,0,NO_SIGNAL,NO_SIGNAL,none,none,2,0.9,1.01,,false,raw_gap,Ohio governor race is state-specific with balanced national context and no clear candidate advantage.,"[""State-specific factors not captured in national polls"", ""Candidate quality and local issues"", ""Incumbent status and open-seat dynamics"", ""Economic conditions in Ohio"", ""Polling accuracy and timing""]","Avoid mechanical application of national generic ballot; focus on state-specific variables like incumbency, economy, and local approval.",OK,true
20260629T155053Z:RSO-0062,20260629T155053Z,2026-06-29T15:50:53Z,fair_value_v0.1,ollama,qwen3:8b,RSO-0062,Ohio Governor Election Winner,Ohio Governor Election Winner — Democrat,Democrat,US,us_governor,us_statewide,ohio_governor_2026,629557,0x3babe91f8d2fac44027f9ba7f0f1a59e61b72419828e6e517f96bbcf4e132498,will-the-democrats-win-the-ohio-governor-race-in-2026,https://polymarket.com/event/will-the-democrats-win-the-ohio-governor-race-in-2026,63255709540320761353971859526848930870803944190764324681913735372035438815215,Will the Democrats win the Ohio governor race in 2026?,0.45,0.5,0.65,false,0.51,mid,,-0.06,0.06,-0.01,0.01,NO_SIGNAL,NO_SIGNAL,weak,none,2,0.9,1.01,,false,raw_gap,"National Democratic advantage and state-specific factors balance, but Ohio's political landscape remains competitive.","[""Local economic conditions"", ""Candidate quality"", ""Incumbent status"", ""State-specific issues"", ""Polling accuracy""]",Avoid direct national generic ballot application; Ohio's race depends on state-specific factors and local dynamics.,OK,true
20260629T155053Z:RSO-0063,20260629T155053Z,2026-06-29T15:50:53Z,fair_value_v0.1,ollama,qwen3:8b,RSO-0063,Georgia Governor Election Winner,Georgia Governor Election Winner — Democrat,Democrat,US,us_governor,us_statewide,georgia_governor_2026,629337,0x73a9911393e7bd2262904c4413d9614f68bb6290ddf7d88ed607f1562d08fb05,will-the-democrats-win-the-georgia-governor-race-in-2026,https://polymarket.com/event/will-the-democrats-win-the-georgia-governor-race-in-2026,59980150909931986777748227027020522224275707387562276219060223816867188565245,Will the Democrats win the Georgia governor race in 2026?,0.45,0.5,0.65,false,0.475,mid,,-0.025,0.025,0.025,0.025,NO_SIGNAL,NO_SIGNAL,none,none,2,0.9,0.98,,false,raw_gap,Georgia governor race is state-specific with no clear national trends. Base rate suggests competitive but not strongly favored.,"[""Incumbent status"", ""Candidate quality"", ""Local economic conditions"", ""State party strength"", ""Polling accuracy""]",Avoid mechanical application of national generic ballot; open seats have higher variance.,OK,true
20260629T155053Z:RSO-0064,20260629T155053Z,2026-06-29T15:50:53Z,fair_value_v0.1,ollama,qwen3:8b,RSO-0064,Georgia Governor Election Winner,Georgia Governor Election Winner — Republican,Republican,US,us_governor,us_statewide,georgia_governor_2026,629338,0x71c05b735300b6087ff5588bcc7e83fecf009293d794f613c63c92ea8a16fb2b,will-the-republicans-win-the-georgia-governor-race-in-2026,https://polymarket.com/event/will-the-republicans-win-the-georgia-governor-race-in-2026,17555504943162344098534978138053308162738914357892515623100381936995379845407,Will the Republicans win the Georgia governor race in 2026?,0.45,0.5,0.65,false,0.505,mid,,-0.055,0.055,-0.005,0.005,NO_SIGNAL,NO_SIGNAL,weak,none,2,0.9,0.98,,false,raw_gap,"Georgia governor race is state-specific with balanced national context and no clear local advantage. National generic ballot favors Democrats, but state-specific factors like economy and candidate quality are uncertain.","[""State economic conditions"", ""Candidate quality"", ""Local approval ratings"", ""Incumbent status"", ""Primary outcomes""]",Avoid mechanical application of national generic ballot; open seats have higher variance. State party brands and candidate identities matter heavily.,OK,true
20260629T155053Z:RSO-0065,20260629T155053Z,2026-06-29T15:50:53Z,fair_value_v0.1,ollama,qwen3:8b,RSO-0065,Nevada Governor Election Winner,Nevada Governor Election Winner — Democrat,Democrat,US,us_governor,us_statewide,nevada_governor_2026,629505,0x707eb5c6df23e32e0b770dd0ccd1245abb7fac0dcfd24d8b68dd99e5ca737180,will-the-democrats-win-the-nevada-governor-race-in-2026,https://polymarket.com/event/will-the-democrats-win-the-nevada-governor-race-in-2026,1246864710804983890692377994891598401616546411512113588399830364959833951829,Will the Democrats win the Nevada governor race in 2026?,0.45,0.5,0.65,false,0.605,mid,,-0.155,0.155,-0.105,0.105,MARKET_HIGHER,MARKET_HIGHER,medium,medium,2,0.9,1.005,,false,raw_gap,Nevada governor race is state-specific with no clear national trends. Base rate suggests moderate Democratic chances given current evidence.,"[""Local candidate quality"", ""State economy"", ""Incumbent status"", ""Primary outcomes"", ""Polling accuracy""]",Avoid mechanical national generic ballot application. Open seats have higher variance. State party brands and candidate identities matter heavily.,OK,true
20260629T155053Z:RSO-0066,20260629T155053Z,2026-06-29T15:50:53Z,fair_value_v0.1,ollama,qwen3:8b,RSO-0066,Nevada Governor Election Winner,Nevada Governor Election Winner — Republican,Republican,US,us_governor,us_statewide,nevada_governor_2026,629506,0xb63fbd776203cada01a13bb21b3c52c500bcf904bdfc71627022db1f891f95c5,will-the-republicans-win-the-nevada-governor-race-in-2026,https://polymarket.com/event/will-the-republicans-win-the-nevada-governor-race-in-2026,26514162544090965098284473937422427465088569867873952479707540387314217381282,Will the Republicans win the Nevada governor race in 2026?,0.45,0.5,0.65,false,0.4,mid,,0.05,0.05,0.1,0.1,NO_SIGNAL,NO_SIGNAL,none,weak,2,0.9,1.005,,false,raw_gap,"Nevada governor race is state-specific with balanced national context, but no strong evidence for either party. National generic ballot favors Democrats, but state-specific factors like economy and local issues are uncertain.","[""National generic ballot influence on state race"", ""Local economic conditions"", ""Candidate quality and popularity"", ""State party strength"", ""Polling accuracy and recency""]","Governor races are state-specific; national generic ballot should not be mechanically applied. Open seats have higher variance, and state party brands matter.",OK,true
20260629T155053Z:RSO-0067,20260629T155053Z,2026-06-29T15:50:53Z,fair_value_v0.1,ollama,qwen3:8b,RSO-0067,NY-13 House Election Winner / Darializa Avila Chevalier proxy,NY-13 House Election Winner / Darializa Avila Chevalier proxy — Democratic Party,Democratic Party,US,narrative_candidate,us_district,ny_13_house_darializa_proxy_2026,1284299,0xdf533114d83b2408875558a9cf8ef34fdf172d704b97261a0aa383f3197762f1,will-the-democratic-party-win-the-ny-13-house-seat,https://polymarket.com/event/will-the-democratic-party-win-the-ny-13-house-seat,58170582826434624369183137827470621458750832571934268895241793899476487858088,Will the Democratic Party win the NY-13 House seat?,0.85,0.944444,0.75,false,0.9415,mid,,-0.0915,0.0915,0.002944,0.002944,NO_SIGNAL,NO_SIGNAL,weak,none,2,0.9,0.964,,false,raw_gap,"NY-13 is structurally Democratic with a strong base-rate favoring Democratic Party. National generic ballot suggests Democratic advantage, though local dynamics and candidate quality could influence outcome.","[""Local candidate quality and fundraising"", ""Primary dynamics affecting general election momentum"", ""National political environment shifts"", ""District-specific turnout patterns"", ""Unforeseen local issues""]",NY-13 is a high-blue district where Democratic Party has structural advantage. Republican victory would require extraordinary circumstances.,OK,true
20260629T155053Z:RSO-0068,20260629T155053Z,2026-06-29T15:50:53Z,fair_value_v0.1,ollama,qwen3:8b,RSO-0068,NY-13 House Election Winner / Darializa Avila Chevalier proxy,NY-13 House Election Winner / Darializa Avila Chevalier proxy — Republican Party,Republican Party,US,narrative_candidate,us_district,ny_13_house_darializa_proxy_2026,1284298,0xe0dc694c459bbf45b586d15930c82a36eb9ff63de86e81290d934b3fc3918d1e,will-the-republican-party-win-the-ny-13-house-seat,https://polymarket.com/event/will-the-republican-party-win-the-ny-13-house-seat,81557957224614719909606514321678071196063005584137638675672000952860345431216,Will the Republican Party win the NY-13 House seat?,0.05,0.055556,0.3,false,0.0225,mid,,0.0275,0.0275,0.033056,0.033056,NO_SIGNAL,NO_SIGNAL,none,none,2,0.9,0.964,,false,raw_gap,NY-13 is structurally Democratic with a strong incumbent. Republican victory requires extraordinary circumstances not evident in current evidence.,"[""Incumbent strength"", ""National midterm trends"", ""Candidate quality"", ""District-specific factors"", ""Polling accuracy""]",Base rate favors Democratic control in NY-13 due to district partisanship and incumbent presence.,OK,true
20260629T155053Z:RSO-0076,20260629T155053Z,2026-06-29T15:50:53Z,fair_value_v0.1,ollama,qwen3:8b,RSO-0076,Brazil Presidential Election,Brazil Presidential Election — Luiz Inácio Lula da Silva,Luiz Inácio Lula da Silva,Brazil,brazil_presidential,presidential_two_round,brazil_president_winner_2026,601819,0xdf8e2dc5860027decbe6164555c3c1c9645c3bd33e16b9dc57ca87125047d4a8,will-luiz-incio-lula-da-silva-win-the-2026-brazilian-presidential-election,https://polymarket.com/event/will-luiz-incio-lula-da-silva-win-the-2026-brazilian-presidential-election,30630994248667897740988010928640156931882346081873066002335460180076741328029,Will Luiz Inácio Lula da Silva win the 2026 Brazilian presidential election?,0.55,0.495495,0.7,false,0.565,mid,,-0.015,0.015,-0.069505,0.069505,NO_SIGNAL,NO_SIGNAL,none,weak,17,1.11,0.9915,,true,normalized_gap,Lula leads in polls but faces economic and demographic risks. Runoff dynamics and opposition fragmentation are critical uncertainties.,"[""Economic dissatisfaction"", ""Opposition fragmentation"", ""Runoff composition"", ""Anti-incumbent fatigue"", ""Bolsonaro family conflicts""]",Lula is favorite but not lock; Flávio is main opposition threat with consolidation risks.,OK,true
20260629T155053Z:RSO-0077,20260629T155053Z,2026-06-29T15:50:53Z,fair_value_v0.1,ollama,qwen3:8b,RSO-0077,Brazil Presidential Election,Brazil Presidential Election — Flávio Bolsonaro,Flávio Bolsonaro,Brazil,brazil_presidential,presidential_two_round,brazil_president_winner_2026,601826,0x1a01bf78f56a507fcb666d564d8c8b91b0750679163ed6e96746102c9b7d285d,will-flvio-bolsonaro-win-the-2026-brazilian-presidential-election,https://polymarket.com/event/will-flvio-bolsonaro-win-the-2026-brazilian-presidential-election,109876868437950584369987384406356259939519193117253465815665152916226511121427,Will Flávio Bolsonaro win the 2026 Brazilian presidential election?,0.15,0.135135,0.6,false,0.2215,mid,,-0.0715,0.0715,-0.086365,0.086365,NO_SIGNAL,NO_SIGNAL,weak,weak,17,1.11,0.9915,,true,normalized_gap,Flávio Bolsonaro has a plausible right-wing route but faces significant risks including family conflicts and scandals. Lula's lead in polls suggests a strong incumbent advantage.,"[""Lula's economic dissatisfaction risks"", ""Flávio's scandal risk"", ""Right-wing fragmentation"", ""Runoff composition"", ""Family conflict impact""]","Lula is the incumbent favorite, but Flávio has a clear opposition route if the right consolidates.",OK,true
20260629T155053Z:RSO-0078,20260629T155053Z,2026-06-29T15:50:53Z,fair_value_v0.1,ollama,qwen3:8b,RSO-0078,Brazil Presidential Election,Brazil Presidential Election — Renan Santos,Renan Santos,Brazil,brazil_presidential,presidential_two_round,brazil_president_winner_2026,601825,0x05297f854d3b757d5e51a1a29c7f225a80b14b2a161d6b7f9a61677da7a80ced,will-renan-santos-win-the-2026-brazilian-presidential-election,https://polymarket.com/event/will-renan-santos-win-the-2026-brazilian-presidential-election,93998891488819623915454849994768171534113749478841216025646247933473925258016,Will Renan Santos win the 2026 Brazilian presidential election?,0.05,0.045045,0.3,false,0.1155,mid,,-0.0655,0.0655,-0.070455,0.070455,NO_SIGNAL,NO_SIGNAL,weak,weak,17,1.11,0.9915,,true,normalized_gap,"Renan Santos has lower national polling support compared to Lula and Flávio, with youth appeal but not enough to secure victory without significant fragmentation or scandals.","[""Lula's economic approval"", ""Flávio's family conflicts"", ""Right-wing fragmentation"", ""Polling accuracy"", ""Runoff dynamics""]","Lula is the favorite, Flávio is the main opposition threat, and Santos is a narrative candidate with lower base rates.",OK,true
20260629T155053Z:RSO-0079,20260629T155053Z,2026-06-29T15:50:53Z,fair_value_v0.1,ollama,qwen3:8b,RSO-0079,Brazil Presidential Election,Brazil Presidential Election — Michelle Bolsonaro,Michelle Bolsonaro,Brazil,brazil_presidential,presidential_two_round,brazil_president_winner_2026,601822,0x37ec4c6b57a18b16eed1241f6155ee7ff45bc1697d7848f15ac33d406e38ed00,will-michelle-bolsonaro-win-the-2026-brazilian-presidential-election,https://polymarket.com/event/will-michelle-bolsonaro-win-the-2026-brazilian-presidential-election,91154058715822908897619103072380844452822017332608583147987152526225529443892,Will Michelle Bolsonaro win the 2026 Brazilian presidential election?,0.02,0.018018,0.3,false,0.028,mid,,-0.008,0.008,-0.009982,0.009982,NO_SIGNAL,NO_SIGNAL,none,none,17,1.11,0.9915,,true,normalized_gap,"Michelle Bolsonaro faces significant hurdles including Jair's ineligibility, family conflict risks, and lower name recognition compared to Flávio. Polls show her national support is much lower than Lula or Flávio.","[""Right-wing consolidation risk"", ""Family conflict resolution"", ""Scandals impact"", ""Polling accuracy"", ""Runoff dynamics""]","Lula is the favorite, Flávio is the main right-wing challenger. Michelle's path requires right-wing fragmentation or legal shocks.",OK,true
20260629T155053Z:RSO-0080,20260629T155053Z,2026-06-29T15:50:53Z,fair_value_v0.1,ollama,qwen3:8b,RSO-0080,Brazil Presidential Election,Brazil Presidential Election — Ronaldo Caiado,Ronaldo Caiado,Brazil,brazil_presidential,presidential_two_round,brazil_president_winner_2026,601827,0xbca3d70ec52a5a441ccc365a3b1b48b9cd0f08dfff4bc5871e2cd92d0d92caa1,will-ronaldo-caiado-win-the-2026-brazilian-presidential-election,https://polymarket.com/event/will-ronaldo-caiado-win-the-2026-brazilian-presidential-election,36262307788727352725358528951052957737657822670589615830114396216160368496388,Will Ronaldo Caiado win the 2026 Brazilian presidential election?,0.01,0.009009,0.2,false,0.0125,mid,,-0.0025,0.0025,-0.003491,0.003491,NO_SIGNAL,NO_SIGNAL,none,none,17,1.11,0.9915,,true,normalized_gap,"Ronaldo Caiado is a long-tail candidate with no significant polling or narrative traction. His chances depend on major legal shocks or substitutions, which are unlikely.","[""Caiado's polling relevance"", ""Right-wing consolidation"", ""Legal shocks"", ""Polling shifts"", ""Candidate exits""]","Lula is the favorite, Flávio Bolsonaro is the main right-wing challenger. Other candidates require major substitutions or legal shocks.",OK,true
20260629T155053Z:RSO-0081,20260629T155053Z,2026-06-29T15:50:53Z,fair_value_v0.1,ollama,qwen3:8b,RSO-0081,Brazil Presidential Election,Brazil Presidential Election — Fernando Haddad,Fernando Haddad,Brazil,brazil_presidential,presidential_two_round,brazil_president_winner_2026,601821,0xdd3d104667774208eae2239f576122ecdd1c04ba81cc14d26d22a36b33887977,will-fernando-haddad-win-the-2026-brazilian-presidential-election,https://polymarket.com/event/will-fernando-haddad-win-the-2026-brazilian-presidential-election,34763699632057764824138626876692302096202604335992573366008355204521657293675,Will Fernando Haddad win the 2026 Brazilian presidential election?,0.02,0.018018,0.3,false,0.0105,mid,,0.0095,0.0095,0.007518,0.007518,NO_SIGNAL,NO_SIGNAL,none,none,17,1.11,0.9915,,true,normalized_gap,Fernando Haddad is a long-tail candidate with no recent polling traction. Lula's lead over Flávio suggests he is not a top contender.,"[""Lula's economic approval"", ""Flávio's family conflicts"", ""Renan Santos' youth appeal"", ""Opposition fragmentation"", ""Polling accuracy""]","Lula is the favorite, Flávio is the main opposition threat. Haddad is a long-tail candidate unless there's a major substitution or legal shock.",OK,true
20260629T155053Z:RSO-0082,20260629T155053Z,2026-06-29T15:50:53Z,fair_value_v0.1,ollama,qwen3:8b,RSO-0082,Brazil Presidential Election,Brazil Presidential Election — Camilo Santana,Camilo Santana,Brazil,brazil_presidential,presidential_two_round,brazil_president_winner_2026,601829,0x101d084cd035070abde58d8a3113b78e11ba68028b0d9e7e38ea7d780797aecc,will-camilo-santana-win-the-2026-brazilian-presidential-election,https://polymarket.com/event/will-camilo-santana-win-the-2026-brazilian-presidential-election,40200361970099951836914907993971598083846841136374094155950298822866778978473,Will Camilo Santana win the 2026 Brazilian presidential election?,0.01,0.009009,0.1,false,0.0065,mid,,0.0035,0.0035,0.002509,0.002509,NO_SIGNAL,NO_SIGNAL,none,none,17,1.11,0.9915,,true,normalized_gap,"Camilo Santana is a long-tail candidate with no significant polling or narrative traction. His chances depend on major disruptions or substitutions in the race, which are unlikely.","[""Lula's economic approval"", ""Flávio Bolsonaro's family conflicts"", ""Renan Santos' impact"", ""Right-wing fragmentation"", ""Polling accuracy""]","Lula is the favorite, Flávio is the main opposition threat. Other candidates require major shifts or consolidation.",OK,true
20260629T155053Z:RSO-0083,20260629T155053Z,2026-06-29T15:50:53Z,fair_value_v0.1,ollama,qwen3:8b,RSO-0083,Brazil Presidential Election,Brazil Presidential Election — Romeu Zema,Romeu Zema,Brazil,brazil_presidential,presidential_two_round,brazil_president_winner_2026,601828,0x054725b2a7971376f7924a7021221b12acc50fe78d97817824fe411704d5b5a2,will-romeu-zema-win-the-2026-brazilian-presidential-election,https://polymarket.com/event/will-romeu-zema-win-the-2026-brazilian-presidential-election,44340846524235712899508083510503343345123518718867913608211694999290628967401,Will Romeu Zema win the 2026 Brazilian presidential election?,0.02,0.018018,0.3,false,0.0115,mid,,0.0085,0.0085,0.006518,0.006518,NO_SIGNAL,NO_SIGNAL,none,none,17,1.11,0.9915,,true,normalized_gap,"Romeu Zema is a long-tail candidate with no significant polling or narrative traction. His chances depend on major disruptions in the race, which are unlikely.","[""Zema's viability as a candidate"", ""Right-wing consolidation risks"", ""Lula's approval shifts"", ""Polling accuracy"", ""Legal shocks""]","Lula is the favorite, Flávio Bolsonaro is the main opposition threat. Zema is a long-tail candidate requiring major substitution or legal shock to be viable.",OK,true
20260629T155053Z:RSO-0084,20260629T155053Z,2026-06-29T15:50:53Z,fair_value_v0.1,ollama,qwen3:8b,RSO-0084,Brazil Presidential Election,Brazil Presidential Election — Jair Bolsonaro,Jair Bolsonaro,Brazil,brazil_presidential,presidential_two_round,brazil_president_winner_2026,601820,0x63d8f3a34c90bd5342dda8acf62b6a898dfa52f86475efaf180b66493ef6af80,will-jair-bolsonaro-win-the-2026-brazilian-presidential-election,https://polymarket.com/event/will-jair-bolsonaro-win-the-2026-brazilian-presidential-election,66991175107696133528353695394151645462081911990365106169948013117379189357520,Will Jair Bolsonaro win the 2026 Brazilian presidential election?,0.15,0.135135,0.6,false,0.0055,mid,,0.1445,0.1445,0.129635,0.129635,LLM_HIGHER,LLM_HIGHER,medium,medium,17,1.11,0.9915,,true,normalized_gap,"Bolsonaro is ineligible until 2030, with Flávio as main successor. Lula leads in polls but faces risks. Right-wing fragmentation reduces Bolsonaro's chances.","[""Bolsonaro ineligibility timeline"", ""Flávio's viability"", ""Right-wing fragmentation"", ""Lula's approval"", ""Economic conditions""]",Lula is favorite but not lock; Flávio has clearest opposition route if right consolidates.,OK,true
20260629T155053Z:RSO-0085,20260629T155053Z,2026-06-29T15:50:53Z,fair_value_v0.1,ollama,qwen3:8b,RSO-0085,Brazil Presidential Election,Brazil Presidential Election — Geraldo Alckmin,Geraldo Alckmin,Brazil,brazil_presidential,presidential_two_round,brazil_president_winner_2026,601830,0xd0536d9612e041312235baceac52bde48821e8aad4607533513b3782904b7d49,will-geraldo-alckmin-win-the-2026-brazilian-presidential-election,https://polymarket.com/event/will-geraldo-alckmin-win-the-2026-brazilian-presidential-election,70059117674007036240163073645113489994895807359788046023215512784288966325609,Will Geraldo Alckmin win the 2026 Brazilian presidential election?,0.05,0.045045,0.3,false,0.0045,mid,,0.0455,0.0455,0.040545,0.040545,NO_SIGNAL,NO_SIGNAL,none,none,17,1.11,0.9915,,true,normalized_gap,"Geraldo Alckmin is a long-tail candidate with no clear path to victory. Lula leads in polls, and Alckmin's relevance is limited unless there's a major shift in the race.","[""Lula's approval ratings"", ""Right-wing fragmentation"", ""Alckmin's viability as a candidate"", ""Polling accuracy"", ""Legal challenges""]","Lula is the favorite, but Alckmin is a long-tail candidate with low base rate unless there's a significant change in the race dynamics.",OK,true
20260629T155053Z:RSO-0086,20260629T155053Z,2026-06-29T15:50:53Z,fair_value_v0.1,ollama,qwen3:8b,RSO-0086,Brazil Presidential Election,Brazil Presidential Election — Tereza Cristina,Tereza Cristina,Brazil,brazil_presidential,presidential_two_round,brazil_president_winner_2026,601833,0xae7dd99bf126b033b77af2553a98b97e1190fd7bdddd5a792ca2791ae23e4d13,will-tereza-cristina-win-the-2026-brazilian-presidential-election,https://polymarket.com/event/will-tereza-cristina-win-the-2026-brazilian-presidential-election,111901744542692526827481385722975834672043376661227579870355575009066606657994,Will Tereza Cristina win the 2026 Brazilian presidential election?,0.01,0.009009,0.1,false,0.0025,mid,,0.0075,0.0075,0.006509,0.006509,NO_SIGNAL,NO_SIGNAL,none,none,17,1.11,0.9915,,true,normalized_gap,"Tereza Cristina is a long-tail candidate with no significant polling or narrative traction. Her chances depend on major substitutions or legal shocks, which are unlikely.","[""Candidate entry/exit dynamics"", ""Polling shifts"", ""Legal challenges"", ""Fragmentation risks"", ""Opposition consolidation""]","Lula is the favorite, Flávio is the main right-wing challenger. Other candidates require major events to succeed.",OK,true
20260629T155053Z:RSO-0087,20260629T155053Z,2026-06-29T15:50:53Z,fair_value_v0.1,ollama,qwen3:8b,RSO-0087,Brazil Presidential Election,Brazil Presidential Election — Tarcisio de Freitas,Tarcisio de Freitas,Brazil,brazil_presidential,presidential_two_round,brazil_president_winner_2026,601818,0x81a537b379a35e4e17c286d3b37394e94bd74c1779bbe9a13670eb991b201a3a,will-tarcisio-de-frietas-win-the-2026-brazilian-presidential-election,https://polymarket.com/event/will-tarcisio-de-frietas-win-the-2026-brazilian-presidential-election,52634616068523389389514492087655237014427439869589807217055529923225131895030,Will Tarcisio de Freitas win the 2026 Brazilian presidential election?,0.01,0.009009,0.2,false,0.0015,mid,,0.0085,0.0085,0.007509,0.007509,NO_SIGNAL,NO_SIGNAL,none,none,17,1.11,0.9915,,true,normalized_gap,Tarcisio de Freitas is a long-tail candidate with no significant polling or narrative traction. His chances depend on major unforeseen events.,"[""No recent polling data"", ""No major scandals or legal shocks"", ""No consolidation of support"", ""No significant narrative relevance"", ""No major candidate exit or substitution""]","Long-tail candidates require major substitution, legal shock, or rapid consolidation to be plausible.",OK,true
20260629T155053Z:RSO-0088,20260629T155053Z,2026-06-29T15:50:53Z,fair_value_v0.1,ollama,qwen3:8b,RSO-0088,Brazil Presidential Election,Brazil Presidential Election — Eduardo Bolsonaro,Eduardo Bolsonaro,Brazil,brazil_presidential,presidential_two_round,brazil_president_winner_2026,601823,0xe1d5733322fd2215f136412f419d9ff805d097f78c68de3261515ff736895f2b,will-eduardo-bolsonaro-win-the-2026-brazilian-presidential-election,https://polymarket.com/event/will-eduardo-bolsonaro-win-the-2026-brazilian-presidential-election,68827474128979817444758177181483142354604256745613325980470518365059439724226,Will Eduardo Bolsonaro win the 2026 Brazilian presidential election?,0.02,0.018018,0.3,false,0.0015,mid,,0.0185,0.0185,0.016518,0.016518,NO_SIGNAL,NO_SIGNAL,none,none,17,1.11,0.9915,,true,normalized_gap,Eduardo Bolsonaro lacks name recognition and faces family scandal risks. Lula leads in polls with a clear right-wing challenger (Flávio). Runoff depends on fragmentation.,"[""Right-wing consolidation risk"", ""Lula's economic appeal"", ""Flávio's scandal impact"", ""Polling accuracy"", ""Runoff dynamics""]",Lula is favorite but not lock. Flávio is main opposition. Eduardo is long-tail unless replacing major candidate.,OK,true
20260629T155053Z:RSO-0089,20260629T155053Z,2026-06-29T15:50:53Z,fair_value_v0.1,ollama,qwen3:8b,RSO-0089,Brazil Presidential Election,Brazil Presidential Election — Aldo Rebelo,Aldo Rebelo,Brazil,brazil_presidential,presidential_two_round,brazil_president_winner_2026,601832,0xafd3f96b7b6084509e625270538ff0699003fafc042263c1216e7f084cef753a,will-aldo-rebelo-win-the-2026-brazilian-presidential-election,https://polymarket.com/event/will-aldo-rebelo-win-the-2026-brazilian-presidential-election,18874063891853426715155938679650704186206312307574669405399400920527965569290,Will Aldo Rebelo win the 2026 Brazilian presidential election?,0.01,0.009009,0.1,false,0.0015,mid,,0.0085,0.0085,0.007509,0.007509,NO_SIGNAL,NO_SIGNAL,none,none,17,1.11,0.9915,,true,normalized_gap,"Aldo Rebelo is a long-tail candidate with no significant polling or narrative traction. His chances depend on major disruptions or substitutions in the race, which are unlikely.","[""Lula's economic approval"", ""Flávio Bolsonaro's family conflicts"", ""Renan Santos' first-round positioning"", ""Right-wing fragmentation"", ""Polling accuracy""]","Lula is the favorite, Flávio is the main opposition threat. Other candidates require major shifts or consolidation.",OK,true
20260629T155053Z:RSO-0090,20260629T155053Z,2026-06-29T15:50:53Z,fair_value_v0.1,ollama,qwen3:8b,RSO-0090,Brazil Presidential Election,Brazil Presidential Election — Helder Barbalho,Helder Barbalho,Brazil,brazil_presidential,presidential_two_round,brazil_president_winner_2026,601834,0x919c9bc428d2d19400437852066582b11bb7b00ad78529a0069cde76766b9faf,will-helder-barbalho-win-the-2026-brazilian-presidential-election,https://polymarket.com/event/will-helder-barbalho-win-the-2026-brazilian-presidential-election,49821018408733695378907631766783388197384982451576409356148180829521508621967,Will Helder Barbalho win the 2026 Brazilian presidential election?,0.01,0.009009,0.1,false,0.0015,mid,,0.0085,0.0085,0.007509,0.007509,NO_SIGNAL,NO_SIGNAL,none,none,17,1.11,0.9915,,true,normalized_gap,"Helder Barbalho is a long-tail candidate with no significant polling or narrative traction. His chances depend on major legal shocks or substitutions, which are unlikely.","[""Lula's economic approval"", ""Flávio's family conflicts"", ""Renan Santos' youth appeal"", ""Right-wing fragmentation"", ""Polling accuracy""]","Lula is the favorite, Flávio is the main opposition threat. Other candidates require major events to succeed.",OK,true
20260629T155053Z:RSO-0091,20260629T155053Z,2026-06-29T15:50:53Z,fair_value_v0.1,ollama,qwen3:8b,RSO-0091,Brazil Presidential Election,Brazil Presidential Election — Ratinho Júnior,Ratinho Júnior,Brazil,brazil_presidential,presidential_two_round,brazil_president_winner_2026,601824,0xa59bb6bb91e5c1e4d533864520fbd3bb75d6d0ebb813b4cd8a8b88479bfa8966,will-carlos-roberto-massa-jnior-win-the-2026-brazilian-presidential-election,https://polymarket.com/event/will-carlos-roberto-massa-jnior-win-the-2026-brazilian-presidential-election,7424753944577407627798342086224300332261118341771286172561357635231967087849,Will Carlos Roberto Massa Júnior win the 2026 Brazilian presidential election?,0.01,0.009009,0.2,false,0.001,ask_only,no_bids,0.009,0.009,0.008009,0.008009,NO_SIGNAL,NO_SIGNAL,none,none,17,1.11,0.9915,,true,normalized_gap,"Ratinho Júnior is a long-tail candidate with no significant polling or narrative traction. His chances depend on major disruptions or substitutions in the race, which are unlikely.","[""Lula's economic approval"", ""Flávio's family conflicts"", ""Renan Santos' impact"", ""Polling accuracy"", ""Right-wing fragmentation""]","Lula is the favorite, Flávio is the main opposition threat. Other candidates require major shifts or consolidation.",OK,true
20260629T155053Z:RSO-0092,20260629T155053Z,2026-06-29T15:50:53Z,fair_value_v0.1,ollama,qwen3:8b,RSO-0092,Brazil Presidential Election,Brazil Presidential Election — Eduardo Leite,Eduardo Leite,Brazil,brazil_presidential,presidential_two_round,brazil_president_winner_2026,601831,0x70f1a7d2cd490b640676d5e31470bcbe16fef40087de1af8b6f6e44e299b5784,will-eduardo-leite-win-the-2026-brazilian-presidential-election,https://polymarket.com/event/will-eduardo-leite-win-the-2026-brazilian-presidential-election,114877796464914647568230859616993131921615428032065380781940199946418906101564,Will Eduardo Leite win the 2026 Brazilian presidential election?,0.01,0.009009,0.1,false,0.001,ask_only,no_bids,0.009,0.009,0.008009,0.008009,NO_SIGNAL,NO_SIGNAL,none,none,17,1.11,0.9915,,true,normalized_gap,"Eduardo Leite is a long-tail candidate with no significant polling or narrative traction. His chances depend on major substitutions or legal shocks, which are unlikely.","[""Right-wing consolidation"", ""Lula's approval shifts"", ""Flávio's scandal impact"", ""Polling stalemate"", ""Candidate exit/entry changes""]","Lula is the favorite, Flávio is the main opposition threat. Other candidates require major events to succeed.",OK,true
20260629T155053Z:RSO-0094,20260629T155053Z,2026-06-29T15:50:53Z,fair_value_v0.1,ollama,qwen3:8b,RSO-0094,Brazil Presidential Election First Round: Margin of Victory,Brazil Presidential Election First Round: Margin of Victory — Lula da Silva 10-15%,Lula da Silva 10-15%,Brazil,brazil_presidential,presidential_two_round,brazil_first_round_margin_2026,1366009,0xd99603add7350a5ff33c8dc609ab0eaae2d5d18162bb00eeb63c38c81ae038f8,will-luiz-incio-lula-da-silva-win-the-first-round-of-the-2026-brazilian-presidential-election-by-1015-995,https://polymarket.com/event/will-luiz-incio-lula-da-silva-win-the-first-round-of-the-2026-brazilian-presidential-election-by-1015-995,111501008889215248446738380766334499893429002495174888541812674365305743816241,Will Luiz Inácio Lula da Silva win the first round of the 2026 Brazilian presidential election by 10–15%?,0.35,0.248227,0.65,false,0.158,mid,,0.192,0.192,0.090227,0.090227,LLM_HIGHER,NO_SIGNAL,medium,weak,9,1.41,0.9555,llm_mass_too_high,true,normalized_gap,"Datafolha shows Lula at 41%, Flávio at 31% in first round, suggesting a 10-point margin. However, uncertainty remains due to potential fragmentation and economic factors.","[""Polling may shift before election"", ""Opposition fragmentation impact"", ""Economic conditions changes"", ""Lula's approval rating fluctuations"", ""Right-wing consolidation risks""]","Based on current polling data and election system dynamics, Lula's margin is plausible but not certain.",OK,true
20260629T155053Z:RSO-0095,20260629T155053Z,2026-06-29T15:50:53Z,fair_value_v0.1,ollama,qwen3:8b,RSO-0095,Brazil Presidential Election First Round: Margin of Victory,Brazil Presidential Election First Round: Margin of Victory — Lula da Silva 5-10%,Lula da Silva 5-10%,Brazil,brazil_presidential,presidential_two_round,brazil_first_round_margin_2026,1366008,0x5377b12dd060efd8e3597620f120648f1bf99452a95eb70374b128d9ca133227,will-luiz-incio-lula-da-silva-win-the-first-round-of-the-2026-brazilian-presidential-election-by-510-971,https://polymarket.com/event/will-luiz-incio-lula-da-silva-win-the-first-round-of-the-2026-brazilian-presidential-election-by-510-971,48407765042087399444287625227087734986428382872828112503518998286869389847258,Will Luiz Inácio Lula da Silva win the first round of the 2026 Brazilian presidential election by 5–10%?,0.35,0.248227,0.65,false,0.375,mid,,-0.025,0.025,-0.126773,0.126773,NO_SIGNAL,MARKET_HIGHER,none,medium,9,1.41,0.9555,llm_mass_too_high,true,normalized_gap,"Current polling shows Lula leading Flávio by 10 points, but margin is narrow and depends on opposition fragmentation. Lula's risks include economic dissatisfaction and anti-incumbent fatigue.","[""Opposition fragmentation"", ""Lula's economic approval"", ""Flávio's consolidation"", ""Polling accuracy"", ""Runoff dynamics""]",Based on Datafolha's June 2026 snapshot showing Lula at 41% and Flávio at 31% in first-round scenario.,OK,true
20260629T155053Z:RSO-0096,20260629T155053Z,2026-06-29T15:50:53Z,fair_value_v0.1,ollama,qwen3:8b,RSO-0096,Brazil Presidential Election First Round: Margin of Victory,Brazil Presidential Election First Round: Margin of Victory — Lula da Silva <5%,Lula da Silva <5%,Brazil,brazil_presidential,presidential_two_round,brazil_first_round_margin_2026,1366007,0x5d5b8feb963ddcc0f4688f7ac0c0d375f99945b7a07155d60cd1a306c6b3054b,will-luiz-incio-lula-da-silva-win-the-first-round-of-the-2026-brazilian-presidential-election-by-less-than-5-639,https://polymarket.com/event/will-luiz-incio-lula-da-silva-win-the-first-round-of-the-2026-brazilian-presidential-election-by-less-than-5-639,111141743875022425014082366328706246366536998743881258465740846069926282242834,Will Luiz Inácio Lula da Silva win the first round of the 2026 Brazilian presidential election by less than 5%?,0.15,0.106383,0.6,false,0.29,mid,,-0.14,0.14,-0.183617,0.183617,MARKET_HIGHER,MARKET_HIGHER,medium,medium,9,1.41,0.9555,llm_mass_too_high,true,normalized_gap,"Current polling shows Lula leading Flávio by 10 points, but margin could narrow with fragmentation. Lula's 41% vs Flávio's 31% implies a 10-point margin, but other candidates could split votes. However, Lula's lead is still substantial, making <5% margin unlikely.","[""Opposition fragmentation impact"", ""Lula's approval shifts"", ""Economic conditions changes"", ""Polling accuracy"", ""Right-wing consolidation""]",Based on Datafolha's June 2026 snapshot showing Lula at 41% and Flávio at 31% in first-round scenario.,OK,true
20260629T155053Z:RSO-0098,20260629T155053Z,2026-06-29T15:50:53Z,fair_value_v0.1,ollama,qwen3:8b,RSO-0098,Brazil Presidential Election First Round: Margin of Victory,Brazil Presidential Election First Round: Margin of Victory — Flávio Bolsonaro 5-10%,Flávio Bolsonaro 5-10%,Brazil,brazil_presidential,presidential_two_round,brazil_first_round_margin_2026,1366012,0x3a539f4052dc3340948b9f56119fbee92919f7bf9bb3cc73fd7feeb310d030d4,will-flvio-bolsonaro-win-the-first-round-of-the-2026-brazilian-presidential-election-by-510,https://polymarket.com/event/will-flvio-bolsonaro-win-the-first-round-of-the-2026-brazilian-presidential-election-by-510,104163730910213129535412784044547089656279554877287473050849076919118163831116,Will Flávio Bolsonaro win the first round of the 2026 Brazilian presidential election by 5–10%?,0.15,0.106383,0.6,false,0.0035,mid,,0.1465,0.1465,0.102883,0.102883,LLM_HIGHER,LLM_HIGHER,medium,medium,9,1.41,0.9555,llm_mass_too_high,true,normalized_gap,"Datafolha shows Lula at 41%, Flávio at 31% in first round, implying a 10-point margin. However, Flávio winning by 5-10% would require Lula's support to drop significantly or right-wing consolidation, which is uncertain.","[""Lula's support erosion"", ""Right-wing fragmentation"", ""Polling accuracy"", ""Runoff dynamics"", ""Bolsonaro family conflicts""]","Based on current polling and election system dynamics, Flávio's 5-10% margin is plausible but not certain.",OK,true
20260629T155053Z:RSO-0099,20260629T155053Z,2026-06-29T15:50:53Z,fair_value_v0.1,ollama,qwen3:8b,RSO-0099,Brazil Presidential Election First Round: Margin of Victory,Brazil Presidential Election First Round: Margin of Victory — Flávio Bolsonaro <5%,Flávio Bolsonaro <5%,Brazil,brazil_presidential,presidential_two_round,brazil_first_round_margin_2026,1366011,0x25966b196ffc1682fc77df0298784831a60aea8abe03b9aa4fc219d1422feb9f,will-flvio-bolsonaro-win-the-first-round-of-the-2026-brazilian-presidential-election-by-less-than-5-183,https://polymarket.com/event/will-flvio-bolsonaro-win-the-first-round-of-the-2026-brazilian-presidential-election-by-less-than-5-183,94495166556994695319220591877877326867271103412306477867919432683718476975192,Will Flávio Bolsonaro win the first round of the 2026 Brazilian presidential election by less than 5%?,0.15,0.106383,0.6,false,0.046,mid,,0.104,0.104,0.060383,0.060383,LLM_HIGHER,NO_SIGNAL,medium,weak,9,1.41,0.9555,llm_mass_too_high,true,normalized_gap,"Datafolha shows Lula at 41%, Flávio at 31% in first round, implying a 10-point margin. Flávio <5% would require Lula to drop significantly or right-wing fragmentation, which is unlikely given current evidence.","[""Lula's approval shifting"", ""Right-wing consolidation"", ""Polling accuracy"", ""Competitive candidates' performance"", ""Economic conditions""]","Based on current polling data and election system dynamics, Lula's lead suggests a margin above 5% for Flávio.",OK,true
20260629T155053Z:RSO-0100,20260629T155053Z,2026-06-29T15:50:53Z,fair_value_v0.1,ollama,qwen3:8b,RSO-0100,Brazil Presidential Election First Round: Margin of Victory,Brazil Presidential Election First Round: Margin of Victory — Renan Santos Victory,Renan Santos Victory,Brazil,brazil_presidential,presidential_two_round,brazil_first_round_margin_2026,1366014,0x819cc40b88572690508717385d9397af991f8bc929f764fa73c99e5e10c1e55b,will-renan-santos-win-the-first-round-of-the-2026-brazilian-presidential-election,https://polymarket.com/event/will-renan-santos-win-the-first-round-of-the-2026-brazilian-presidential-election,10454882518429916448752742772766159951084470578369066727370400009390341769549,Will Renan Santos win the first round of the 2026 Brazilian presidential election?,0.05,0.035461,0.3,false,0.0425,mid,,0.0075,0.0075,-0.007039,0.007039,NO_SIGNAL,NO_SIGNAL,none,none,9,1.41,0.9555,llm_mass_too_high,true,normalized_gap,"Renan Santos has lower national polling than Lula and Flávio, but could win first round if right-wing fragmentation occurs. Datafolha shows Lula at 41%, Flávio at 31%, implying Renan would need significant support shift.","[""Right-wing fragmentation"", ""Lula's performance"", ""Flávio's viability"", ""Polling accuracy"", ""Opposition dynamics""]","Based on current polling showing Lula leading Flávio by 10 points, with Renan having lower national support.",OK,true
20260629T155053Z:RSO-0101,20260629T155053Z,2026-06-29T15:50:53Z,fair_value_v0.1,ollama,qwen3:8b,RSO-0101,Brazil Presidential Election First Round: Margin of Victory,Brazil Presidential Election First Round: Margin of Victory — Tarcisio de Freitas Victory,Tarcisio de Freitas Victory,Brazil,brazil_presidential,presidential_two_round,brazil_first_round_margin_2026,1366015,0x6f98bf552b696e6698beb205cf3849a80696c9c03ef500435d01e9c57e4315e3,will-tarcisio-de-freitas-win-the-first-round-of-the-2026-brazilian-presidential-election,https://polymarket.com/event/will-tarcisio-de-freitas-win-the-first-round-of-the-2026-brazilian-presidential-election,83269757217555629943134578848786647915368681844160716033008008468705095911501,Will Tarcisio de Freitas win the first round of the 2026 Brazilian presidential election?,0.01,0.007092,0.1,false,0.003,mid,,0.007,0.007,0.004092,0.004092,NO_SIGNAL,NO_SIGNAL,none,none,9,1.41,0.9555,llm_mass_too_high,true,normalized_gap,"Tarcisio de Freitas is a long-shot candidate with low national polling support. Current evidence suggests Lula leads Flavio Bolsonaro with a 10-point margin, making a first-round victory for Tarcisio unlikely.","[""Polling accuracy"", ""Opposition fragmentation"", ""Candidate viability"", ""Economic conditions"", ""Scandal impact""]",Based on Datafolha polling showing Lula at 41% and Flavio at 31% in first-round scenario.,OK,true
20260629T155053Z:RSO-0102,20260629T155053Z,2026-06-29T15:50:53Z,fair_value_v0.1,ollama,qwen3:8b,RSO-0102,Brazil Presidential Election First Round: Margin of Victory,Brazil Presidential Election First Round: Margin of Victory — Ratinho Júnior Victory,Ratinho Júnior Victory,Brazil,brazil_presidential,presidential_two_round,brazil_first_round_margin_2026,1366016,0x1ebb9c918900fedc11089b62d09353ef7e9986ad9ff94fbce786e2541c1e3980,will-carlos-roberto-massa-jnior-win-the-first-round-of-the-2026-brazilian-presidential-election,https://polymarket.com/event/will-carlos-roberto-massa-jnior-win-the-first-round-of-the-2026-brazilian-presidential-election,48237610808655602451252745673035721002146805186546999349082405380140320056791,Will Carlos Roberto Massa Júnior win the first round of the 2026 Brazilian presidential election?,0.05,0.035461,0.3,false,0.0025,mid,,0.0475,0.0475,0.032961,0.032961,NO_SIGNAL,NO_SIGNAL,none,none,9,1.41,0.9555,llm_mass_too_high,true,normalized_gap,"Ratinho Júnior is a long-shot candidate with low polling support. Current evidence suggests Lula leads Flávio by 10 points, making a first-round victory for Ratinho unlikely.","[""Polling accuracy"", ""Opposition fragmentation"", ""Candidate viability"", ""Economic conditions"", ""Scandal impact""]",Based on Datafolha polling showing Lula at 41% and Flávio at 31% with a 10-point margin.,OK,true
20260629T155053Z:RSO-0103,20260629T155053Z,2026-06-29T15:50:53Z,fair_value_v0.1,ollama,qwen3:8b,RSO-0103,Brazil Presidential Election First Round: Margin of Victory,Brazil Presidential Election First Round: Margin of Victory — Other,Other,Brazil,brazil_presidential,presidential_two_round,brazil_first_round_margin_2026,1366017,0xf0918b480dabee05030dd06079dcc206f9abdb14f89821deacc025fce5cef2aa,will-another-person-win-the-first-round-of-the-2026-brazilian-presidential-election,https://polymarket.com/event/will-another-person-win-the-first-round-of-the-2026-brazilian-presidential-election,74306749719457212671387730053142004427663532632544536840572498618977716344069,Will another person win the first round of the 2026 Brazilian presidential election?,0.15,0.106383,0.6,false,0.035,mid,,0.115,0.115,0.071383,0.071383,LLM_HIGHER,NO_SIGNAL,medium,weak,9,1.41,0.9555,llm_mass_too_high,true,normalized_gap,"Current polling suggests Lula leads Flávio by 10 points, but 'Other' requires significant polling shocks or candidate replacements.","[""Lula's economic approval"", ""Right-wing consolidation"", ""Polling accuracy"", ""Candidate exits"", ""First-round fragmentation""]",Based on Datafolha's June 2026 snapshot showing Lula at 41% and Flávio at 31% in first-round scenario.,OK,true
20260629T155053Z:RSO-0121,20260629T155053Z,2026-06-29T15:50:53Z,fair_value_v0.1,ollama,qwen3:8b,RSO-0121,Brazil Presidential Election First Round: 2nd Place,Brazil Presidential Election First Round: 2nd Place — Flávio Bolsonaro,Flávio Bolsonaro,Brazil,brazil_presidential,presidential_two_round,brazil_first_round_second_place_2026,1365861,0x6114306f724135bd1db2f5f3169386decf18f618653c196ef0a6c1afd27f4c73,will-flvio-bolsonaro-finish-in-second-place-in-the-first-round-of-the-2026-brazilian-presidential-election,https://polymarket.com/event/will-flvio-bolsonaro-finish-in-second-place-in-the-first-round-of-the-2026-brazilian-presidential-election,49821065181473419798146957267480015506102711160660718636601116902870701340131,Will Flávio Bolsonaro finish in second place in the first round of the 2026 Brazilian presidential election?,0.45,0.319149,0.75,false,0.76,mid,,-0.31,0.31,-0.440851,0.440851,MARKET_HIGHER,MARKET_HIGHER,extreme,extreme,17,1.41,0.9995,llm_mass_too_high,true,normalized_gap,"Flávio Bolsonaro is the leading non-Lula candidate, but Lula's lead is not insurmountable. Runoff dynamics and fragmentation are key uncertainties.","[""Lula's lead sustainability"", ""Right-wing fragmentation"", ""Flávio's scandal risks"", ""Polling accuracy"", ""Runoff composition""]","Flávio is the natural second-place favorite if Lula wins first, but Lula's second-place scenario requires significant opposition consolidation.",OK,true
20260629T155053Z:RSO-0122,20260629T155053Z,2026-06-29T15:50:53Z,fair_value_v0.1,ollama,qwen3:8b,RSO-0122,Brazil Presidential Election First Round: 2nd Place,Brazil Presidential Election First Round: 2nd Place — Renan Santos,Renan Santos,Brazil,brazil_presidential,presidential_two_round,brazil_first_round_second_place_2026,1365860,0x83030b249525db4c0bcd83a915776442f4ea32d2fba10825fca4abeb51512d8f,will-renan-santos-finish-in-second-place-in-the-first-round-of-the-2026-brazilian-presidential-election,https://polymarket.com/event/will-renan-santos-finish-in-second-place-in-the-first-round-of-the-2026-brazilian-presidential-election,17281846673721797872676200679500341356941280903768395106563553424335510148596,Will Renan Santos finish in second place in the first round of the 2026 Brazilian presidential election?,0.15,0.106383,0.6,false,0.1205,mid,,0.0295,0.0295,-0.014117,0.014117,NO_SIGNAL,NO_SIGNAL,none,none,17,1.41,0.9995,llm_mass_too_high,true,normalized_gap,"Renan Santos has lower national polling than Flávio Bolsonaro, but could finish second if Bolsonaro lane fragments. Datafolha shows him at lower support than Flávio.","[""Bolsonaro family conflicts"", ""Flávio's strength"", ""Polling shifts"", ""Opposition fragmentation"", ""Lula's performance""]",Flávio is natural second if Lula wins first. Renan needs Bolsonaro lane fragmentation or Flávio weakening.,OK,true
20260629T155053Z:RSO-0123,20260629T155053Z,2026-06-29T15:50:53Z,fair_value_v0.1,ollama,qwen3:8b,RSO-0123,Brazil Presidential Election First Round: 2nd Place,Brazil Presidential Election First Round: 2nd Place — Luiz Inácio Lula da Silva,Luiz Inácio Lula da Silva,Brazil,brazil_presidential,presidential_two_round,brazil_first_round_second_place_2026,1365854,0x8ee27c276a1bee094293751285d8a6697674b023196cb21fdd14bf3ca12f6ec0,will-luiz-incio-lula-da-silva-finish-in-second-place-in-the-first-round-of-the-2026-brazilian-presidential-election,https://polymarket.com/event/will-luiz-incio-lula-da-silva-finish-in-second-place-in-the-first-round-of-the-2026-brazilian-presidential-election,109856098174983029722649567789098297237073018943808237804563416414463140161494,Will Luiz Inácio Lula da Silva finish in second place in the first round of the 2026 Brazilian presidential election?,0.15,0.106383,0.6,false,0.0315,mid,,0.1185,0.1185,0.074883,0.074883,LLM_HIGHER,NO_SIGNAL,medium,weak,17,1.41,0.9995,llm_mass_too_high,true,normalized_gap,"Lula is leading in polls but second place requires another candidate overtaking him, which is unlikely given current data.","[""Lula's lead may narrow"", ""Opposition fragmentation"", ""Economic conditions shift"", ""Polling accuracy"", ""Runoff composition""]",Flávio Bolsonaro is the natural favorite for second place if Lula remains first.,OK,true
20260629T155053Z:RSO-0124,20260629T155053Z,2026-06-29T15:50:53Z,fair_value_v0.1,ollama,qwen3:8b,RSO-0124,Brazil Presidential Election First Round: 2nd Place,Brazil Presidential Election First Round: 2nd Place — Romeu Zema,Romeu Zema,Brazil,brazil_presidential,presidential_two_round,brazil_first_round_second_place_2026,1365863,0xa68adbb0fedef76cef5c6e1ab2c2027704233fc5b6389037eb4d3565952892da,will-romeu-zema-finish-in-second-place-in-the-first-round-of-the-2026-brazilian-presidential-election,https://polymarket.com/event/will-romeu-zema-finish-in-second-place-in-the-first-round-of-the-2026-brazilian-presidential-election,33120079315672925103019754502941180281339745524857289202950301940888637884529,Will Romeu Zema finish in second place in the first round of the 2026 Brazilian presidential election?,0.05,0.035461,0.3,false,0.0145,mid,,0.0355,0.0355,0.020961,0.020961,NO_SIGNAL,NO_SIGNAL,none,none,17,1.41,0.9995,llm_mass_too_high,true,normalized_gap,"Romeu Zema is a centrist candidate with limited polling data. His second-place probability depends on Lula's strength and fragmentation in the opposition field, which is uncertain.","[""Lula's first-round performance"", ""Opposition fragmentation"", ""Zema's polling visibility"", ""Runoff composition"", ""Market niche and data scarcity""]",Flávio Bolsonaro is the base-rate favorite for second place if Lula wins first round.,OK,true
20260629T155053Z:RSO-0125,20260629T155053Z,2026-06-29T15:50:53Z,fair_value_v0.1,ollama,qwen3:8b,RSO-0125,Brazil Presidential Election First Round: 2nd Place,Brazil Presidential Election First Round: 2nd Place — Michelle Bolsonaro,Michelle Bolsonaro,Brazil,brazil_presidential,presidential_two_round,brazil_first_round_second_place_2026,1365857,0x000e7d579cf57fd0b8428656d385c57f3c6e7f8e5ffe9b7a9955fa2ffd2cd260,will-michelle-bolsonaro-finish-in-second-place-in-the-first-round-of-the-2026-brazilian-presidential-election,https://polymarket.com/event/will-michelle-bolsonaro-finish-in-second-place-in-the-first-round-of-the-2026-brazilian-presidential-election,46016593873997340258679724205324373176224812313655314178053388989396764209886,Will Michelle Bolsonaro finish in second place in the first round of the 2026 Brazilian presidential election?,0.05,0.035461,0.3,false,0.0285,mid,,0.0215,0.0215,0.006961,0.006961,NO_SIGNAL,NO_SIGNAL,none,none,17,1.41,0.9995,llm_mass_too_high,true,normalized_gap,"Michelle Bolsonaro is a long-shot in the right-wing field, with limited polling support and potential internal family conflicts. Her path to second place requires significant consolidation of the right-wing lane, which is uncertain.","[""Bolsonaro family conflicts"", ""Renan Santos' impact"", ""Polling accuracy"", ""Right-wing fragmentation"", ""Lula's strength""]","Flávio Bolsonaro is the natural favorite for second place if Lula wins first. Michelle's chances depend on right-wing fragmentation, which is uncertain.",OK,true
20260629T155053Z:RSO-0126,20260629T155053Z,2026-06-29T15:50:53Z,fair_value_v0.1,ollama,qwen3:8b,RSO-0126,Brazil Presidential Election First Round: 2nd Place,Brazil Presidential Election First Round: 2nd Place — Fernando Haddad,Fernando Haddad,Brazil,brazil_presidential,presidential_two_round,brazil_first_round_second_place_2026,1365856,0x0f8a16fa8809127bc86712e24cea9314cf1eb000c69150ff01b9f10f166903f5,will-fernando-haddad-finish-in-second-place-in-the-first-round-of-the-2026-brazilian-presidential-election,https://polymarket.com/event/will-fernando-haddad-finish-in-second-place-in-the-first-round-of-the-2026-brazilian-presidential-election,43401707698084567428952104543307143736192808401383569468543634607641861802704,Will Fernando Haddad finish in second place in the first round of the 2026 Brazilian presidential election?,0.05,0.035461,0.3,false,0.0065,mid,,0.0435,0.0435,0.028961,0.028961,NO_SIGNAL,NO_SIGNAL,none,none,17,1.41,0.9995,llm_mass_too_high,true,normalized_gap,"Fernando Haddad is a centrist candidate with limited recent polling traction. His second-place probability depends on Lula's strength and fragmentation in the opposition field, which is uncertain.","[""Lula's first-round performance"", ""Opposition fragmentation"", ""Haddad's polling momentum"", ""Runoff composition"", ""Market completeness""]",Flávio Bolsonaro is the natural second-place favorite if Lula wins first round. Haddad's chances are low unless Lula weakens or fragmentation occurs.,OK,true
20260629T155053Z:RSO-0127,20260629T155053Z,2026-06-29T15:50:53Z,fair_value_v0.1,ollama,qwen3:8b,RSO-0127,Brazil Presidential Election First Round: 2nd Place,Brazil Presidential Election First Round: 2nd Place — Camilo Santana,Camilo Santana,Brazil,brazil_presidential,presidential_two_round,brazil_first_round_second_place_2026,1365864,0x8576ba0a2bbe51db4f61c513059475a09e0cb0bd754b955fce0ddc7793ffa08f,will-camilo-santana-finish-in-second-place-in-the-first-round-of-the-2026-brazilian-presidential-election,https://polymarket.com/event/will-camilo-santana-finish-in-second-place-in-the-first-round-of-the-2026-brazilian-presidential-election,2501107153963268281942035041037528214870417801204824857715972358420826737525,Will Camilo Santana finish in second place in the first round of the 2026 Brazilian presidential election?,0.05,0.035461,0.3,false,0.0075,mid,,0.0425,0.0425,0.027961,0.027961,NO_SIGNAL,NO_SIGNAL,none,none,17,1.41,0.9995,llm_mass_too_high,true,normalized_gap,"Camilo Santana is a centrist candidate with limited polling data. His second-place probability depends on Lula's strength and fragmentation in the right-wing field, but evidence is thin.","[""Lula's first-round performance"", ""Right-wing fragmentation"", ""Santana's polling visibility"", ""Polling stalemate risk"", ""Candidate entry/exit dynamics""]","Flávio Bolsonaro is the natural second-place favorite if Lula wins first. Santana's path to second requires significant right-wing fragmentation or Lula's weakening, which is uncertain.",OK,true
20260629T155053Z:RSO-0128,20260629T155053Z,2026-06-29T15:50:53Z,fair_value_v0.1,ollama,qwen3:8b,RSO-0128,Brazil Presidential Election First Round: 2nd Place,Brazil Presidential Election First Round: 2nd Place — Ronaldo Caiado,Ronaldo Caiado,Brazil,brazil_presidential,presidential_two_round,brazil_first_round_second_place_2026,1365862,0x1991f63d7497ae667a9b78932ec8834ee411bdce4272b5fd42a1cf9f05cca1fb,will-ronaldo-caiado-finish-in-second-place-in-the-first-round-of-the-2026-brazilian-presidential-election,https://polymarket.com/event/will-ronaldo-caiado-finish-in-second-place-in-the-first-round-of-the-2026-brazilian-presidential-election,96410334963636722955423607584767406044469608220941769303770962314672696289162,Will Ronaldo Caiado finish in second place in the first round of the 2026 Brazilian presidential election?,0.05,0.035461,0.3,false,0.012,mid,,0.038,0.038,0.023461,0.023461,NO_SIGNAL,NO_SIGNAL,none,none,17,1.41,0.9995,llm_mass_too_high,true,normalized_gap,Ronaldo Caiado is a long-shot in the second-place market given current polling and candidate dynamics. His chances depend on fragmentation in the right-wing field or unexpected shifts.,"[""Lula's strength relative to Flávio and Renan"", ""Right-wing fragmentation risks"", ""Caiado's own polling visibility"", ""Potential new candidates"", ""Runoff composition uncertainty""]",Flávio Bolsonaro is the natural second-place favorite if Lula wins first. Caiado's path to second place requires significant fragmentation or underperformance from major right-wing candidates.,OK,true
20260629T155053Z:RSO-0129,20260629T155053Z,2026-06-29T15:50:53Z,fair_value_v0.1,ollama,qwen3:8b,RSO-0129,Brazil Presidential Election First Round: 2nd Place,Brazil Presidential Election First Round: 2nd Place — Geraldo Alckmin,Geraldo Alckmin,Brazil,brazil_presidential,presidential_two_round,brazil_first_round_second_place_2026,1365865,0xce4c63006ae8c2690d9da01aff225c4ff9258a9722a86ffad4bb7964d20d0bc3,will-geraldo-alckmin-finish-in-second-place-in-the-first-round-of-the-2026-brazilian-presidential-election,https://polymarket.com/event/will-geraldo-alckmin-finish-in-second-place-in-the-first-round-of-the-2026-brazilian-presidential-election,100647140845022421372197923820844978928757465820355118741468398091991301752614,Will Geraldo Alckmin finish in second place in the first round of the 2026 Brazilian presidential election?,0.05,0.035461,0.3,false,0.006,mid,,0.044,0.044,0.029461,0.029461,NO_SIGNAL,NO_SIGNAL,none,none,17,1.41,0.9995,llm_mass_too_high,true,normalized_gap,Geraldo Alckmin is a centrist candidate with limited recent polling traction. Current evidence suggests he is not a top contender for second place in a fragmented right field.,"[""Lula's lead stability"", ""Flávio Bolsonaro's position"", ""Renan Santos' impact"", ""Polling accuracy"", ""Candidate exit/entry risks""]",Flávio Bolsonaro is the natural favorite for second place if Lula remains first. Renan Santos and others could challenge if fragmentation occurs.,OK,true
20260629T155053Z:RSO-0130,20260629T155053Z,2026-06-29T15:50:53Z,fair_value_v0.1,ollama,qwen3:8b,RSO-0130,Brazil Presidential Election First Round: 2nd Place,Brazil Presidential Election First Round: 2nd Place — Tereza Cristina,Tereza Cristina,Brazil,brazil_presidential,presidential_two_round,brazil_first_round_second_place_2026,1365868,0x178b80b71955607500875f59a6bfe67bfac7428f4650cb3d219f1f81bd5d7d5f,will-tereza-cristina-finish-in-second-place-in-the-first-round-of-the-2026-brazilian-presidential-election,https://polymarket.com/event/will-tereza-cristina-finish-in-second-place-in-the-first-round-of-the-2026-brazilian-presidential-election,34627033339089799648488362851420954182098601277414632412441293328075890478329,Will Tereza Cristina finish in second place in the first round of the 2026 Brazilian presidential election?,0.05,0.035461,0.3,false,0.0015,mid,,0.0485,0.0485,0.033961,0.033961,NO_SIGNAL,NO_SIGNAL,none,none,17,1.41,0.9995,llm_mass_too_high,true,normalized_gap,Tereza Cristina is a long-shot in the second-place market given her low polling and niche appeal. Flávio Bolsonaro is the base-rate favorite.,"[""Polling may shift if she gains unexpected support"", ""Fragmentation of right-wing field could elevate her"", ""Lula's performance in first round"", ""Runoff dynamics"", ""Other candidates' exit/entry""]",Flávio Bolsonaro is the natural second-place favorite if Lula wins first round. Tereza Cristina's chances are low unless there's significant fragmentation or support shift.,OK,true
20260629T155053Z:RSO-0131,20260629T155053Z,2026-06-29T15:50:53Z,fair_value_v0.1,ollama,qwen3:8b,RSO-0131,Brazil Presidential Election First Round: 2nd Place,Brazil Presidential Election First Round: 2nd Place — Jair Bolsonaro,Jair Bolsonaro,Brazil,brazil_presidential,presidential_two_round,brazil_first_round_second_place_2026,1365855,0x61fc517c2b0d6f945868070a3ac722bfa35f07154d34bec2f9bfe41436098bce,will-jair-bolsonaro-finish-in-second-place-in-the-first-round-of-the-2026-brazilian-presidential-election,https://polymarket.com/event/will-jair-bolsonaro-finish-in-second-place-in-the-first-round-of-the-2026-brazilian-presidential-election,83876793336180326706196874280359054202939399660278096295476103143222298663644,Will Jair Bolsonaro finish in second place in the first round of the 2026 Brazilian presidential election?,0.01,0.007092,0.1,false,0.0025,mid,,0.0075,0.0075,0.004592,0.004592,NO_SIGNAL,NO_SIGNAL,none,none,17,1.41,0.9995,llm_mass_too_high,true,normalized_gap,"Jair Bolsonaro is barred from office until 2030, making his first-round finish implausible. However, market completeness and candidate entry/exit risks remain.","[""Bolsonaro's legal status changes"", ""Candidate field completeness"", ""Polling shifts"", ""Runoff composition"", ""Market thinness""]",Flávio Bolsonaro is the natural second-place favorite if Lula wins first. Jair's exclusion due to legal restrictions makes his second-place finish highly unlikely.,OK,true
20260629T155053Z:RSO-0132,20260629T155053Z,2026-06-29T15:50:53Z,fair_value_v0.1,ollama,qwen3:8b,RSO-0132,Brazil Presidential Election First Round: 2nd Place,Brazil Presidential Election First Round: 2nd Place — Ratinho Júnior,Ratinho Júnior,Brazil,brazil_presidential,presidential_two_round,brazil_first_round_second_place_2026,1365859,0xbc08327dd1ef7486e5f8bb3e662b5d484518ae891a39b6893cbb02f3119ad018,will-carlos-roberto-massa-jnior-finish-in-second-place-in-the-first-round-of-the-2026-brazilian-presidential-election,https://polymarket.com/event/will-carlos-roberto-massa-jnior-finish-in-second-place-in-the-first-round-of-the-2026-brazilian-presidential-election,6499888178060809648681651117884070785761343371629912968631048884446465281536,Will Carlos Roberto Massa Júnior finish in second place in the first round of the 2026 Brazilian presidential election?,0.05,0.035461,0.3,false,0.0015,mid,,0.0485,0.0485,0.033961,0.033961,NO_SIGNAL,NO_SIGNAL,none,none,17,1.41,0.9995,llm_mass_too_high,true,normalized_gap,"Ratinho Júnior is a long-shot in the second-place market due to low polling and limited name recognition. His chances depend on fragmentation in the right-wing field, which is uncertain.","[""Polling data for Ratinho Júnior is sparse"", ""Fragmentation in right-wing field"", ""Lula's strength relative to other candidates"", ""Potential for new candidates"", ""Scandals affecting right-wing candidates""]","Flávio Bolsonaro is the base-rate favorite for second place. Renan Santos and others could challenge if fragmentation occurs, but Ratinho Júnior is a tail outcome with low base rate.",OK,true
20260629T155053Z:RSO-0133,20260629T155053Z,2026-06-29T15:50:53Z,fair_value_v0.1,ollama,qwen3:8b,RSO-0133,Brazil Presidential Election First Round: 2nd Place,Brazil Presidential Election First Round: 2nd Place — Eduardo Bolsonaro,Eduardo Bolsonaro,Brazil,brazil_presidential,presidential_two_round,brazil_first_round_second_place_2026,1365858,0xca31cf97c3beadd7e4002b6c9b9d787164c26675f915b65fb1ce9fb858b8e20c,will-eduardo-bolsonaro-finish-in-second-place-in-the-first-round-of-the-2026-brazilian-presidential-election,https://polymarket.com/event/will-eduardo-bolsonaro-finish-in-second-place-in-the-first-round-of-the-2026-brazilian-presidential-election,78774274724875388178403046699851136533744251110544224042871134690136814270663,Will Eduardo Bolsonaro finish in second place in the first round of the 2026 Brazilian presidential election?,0.05,0.035461,0.3,false,0.0015,mid,,0.0485,0.0485,0.033961,0.033961,NO_SIGNAL,NO_SIGNAL,none,none,17,1.41,0.9995,llm_mass_too_high,true,normalized_gap,"Eduardo Bolsonaro is a long-shot in the right-wing field with limited polling support. His chances depend on fragmentation, which is uncertain.","[""Bolsonaro family dynamics"", ""Eduardo's polling traction"", ""Fragmentation of right-wing field"", ""Lula's strength"", ""Runoff composition""]",Flávio Bolsonaro is the natural favorite for second place if Lula wins first. Eduardo's path requires significant fragmentation or Flávio's weakening.,OK,true
20260629T155053Z:RSO-0134,20260629T155053Z,2026-06-29T15:50:53Z,fair_value_v0.1,ollama,qwen3:8b,RSO-0134,Brazil Presidential Election First Round: 2nd Place,Brazil Presidential Election First Round: 2nd Place — Aldo Rebelo,Aldo Rebelo,Brazil,brazil_presidential,presidential_two_round,brazil_first_round_second_place_2026,1365866,0xb7703a974306001b283bc071234f1f04c832e793820ba284788e688d305201bf,will-aldo-rebelo-finish-in-second-place-in-the-first-round-of-the-2026-brazilian-presidential-election,https://polymarket.com/event/will-aldo-rebelo-finish-in-second-place-in-the-first-round-of-the-2026-brazilian-presidential-election,73782660467554965374169421398916491950927878048754269104726859394021414994290,Will Aldo Rebelo finish in second place in the first round of the 2026 Brazilian presidential election?,0.05,0.035461,0.3,false,0.0015,mid,,0.0485,0.0485,0.033961,0.033961,NO_SIGNAL,NO_SIGNAL,none,none,17,1.41,0.9995,llm_mass_too_high,true,normalized_gap,Aldo Rebelo is a long-shot in the second-place market given current polling and candidate dynamics. His chances depend on fragmented opposition and potential underperformance of major rivals.,"[""Lula's lead sustainability"", ""Flávio Bolsonaro's viability"", ""Renan Santos' impact"", ""Polling accuracy"", ""Opposition fragmentation""]",Flávio Bolsonaro is the base-rate favorite for second place if Lula wins first. Renan Santos and others could challenge if fragmentation occurs.,OK,true
20260629T155053Z:RSO-0135,20260629T155053Z,2026-06-29T15:50:53Z,fair_value_v0.1,ollama,qwen3:8b,RSO-0135,Brazil Presidential Election First Round: 2nd Place,Brazil Presidential Election First Round: 2nd Place — Tarcisio de Freitas,Tarcisio de Freitas,Brazil,brazil_presidential,presidential_two_round,brazil_first_round_second_place_2026,1365853,0xfe963a6028277fed1de25b6ca8f640bc7c028e4ef0d0e4f4ff4f5daf5f9ae824,will-tarcisio-de-freitas-finish-in-second-place-in-the-first-round-of-the-2026-brazilian-presidential-election,https://polymarket.com/event/will-tarcisio-de-freitas-finish-in-second-place-in-the-first-round-of-the-2026-brazilian-presidential-election,6074730652236363232062392177852837468646646517333194016258587234210162040868,Will Tarcisio de Freitas finish in second place in the first round of the 2026 Brazilian presidential election?,0.05,0.035461,0.3,false,0.0015,mid,,0.0485,0.0485,0.033961,0.033961,NO_SIGNAL,NO_SIGNAL,none,none,17,1.41,0.9995,llm_mass_too_high,true,normalized_gap,"Tarcisio de Freitas is a long-shot in the second-place market given current polling and candidate dynamics. His polling numbers are not highlighted in recent data, and he faces competition from more prominent candidates.","[""Polling data for Tarcisio de Freitas is not explicitly mentioned"", ""Fragmentation of the right-wing field"", ""Potential for new candidates or exits"", ""Lula's strength relative to other candidates"", ""Runoff composition uncertainty""]",Flavio Bolsonaro is the natural favorite for second place if Lula remains first. Renan Santos and others could challenge if the right-wing field fragments.,OK,true
20260629T155053Z:RSO-0136,20260629T155053Z,2026-06-29T15:50:53Z,fair_value_v0.1,ollama,qwen3:8b,RSO-0136,Brazil Presidential Election First Round: 2nd Place,Brazil Presidential Election First Round: 2nd Place — Eduardo Leite,Eduardo Leite,Brazil,brazil_presidential,presidential_two_round,brazil_first_round_second_place_2026,1365867,0x45933d8382439be6ffbd714ffc412d549e9ff5e58cc0c4165b68cfc41a897c64,will-eduardo-leite-finish-in-second-place-in-the-first-round-of-the-2026-brazilian-presidential-election,https://polymarket.com/event/will-eduardo-leite-finish-in-second-place-in-the-first-round-of-the-2026-brazilian-presidential-election,3857433689191750929372526494085053375351187588061258674174285931676269992527,Will Eduardo Leite finish in second place in the first round of the 2026 Brazilian presidential election?,0.05,0.035461,0.3,false,0.0015,mid,,0.0485,0.0485,0.033961,0.033961,NO_SIGNAL,NO_SIGNAL,none,none,17,1.41,0.9995,llm_mass_too_high,true,normalized_gap,Eduardo Leite is a long-shot in the second-place market given current polling and competition from Flávio Bolsonaro and Renan Santos.,"[""Lula's lead sustainability"", ""Flávio's strength"", ""Renan Santos' impact"", ""Eduardo Leite's viability"", ""Polling accuracy""]",Flávio is the natural second-place favorite if Lula wins first. Renan Santos could challenge if Flávio weakens.,OK,true
20260629T155053Z:RSO-0137,20260629T155053Z,2026-06-29T15:50:53Z,fair_value_v0.1,ollama,qwen3:8b,RSO-0137,Brazil Presidential Election First Round: 2nd Place,Brazil Presidential Election First Round: 2nd Place — Helder Barbalho,Helder Barbalho,Brazil,brazil_presidential,presidential_two_round,brazil_first_round_second_place_2026,1365869,0x2366a6b980302d1a20c47d3bf5a2ce1d86a488197b83730554aab7d9c96e72cf,will-helder-barbalho-finish-in-second-place-in-the-first-round-of-the-2026-brazilian-presidential-election,https://polymarket.com/event/will-helder-barbalho-finish-in-second-place-in-the-first-round-of-the-2026-brazilian-presidential-election,106668975761330270515771342419617310966435345191219965467949358265004206634577,Will Helder Barbalho finish in second place in the first round of the 2026 Brazilian presidential election?,0.05,0.035461,0.3,false,0.001,ask_only,no_bids,0.049,0.049,0.034461,0.034461,NO_SIGNAL,NO_SIGNAL,none,none,17,1.41,0.9995,llm_mass_too_high,true,normalized_gap,"Helder Barbalho is a niche candidate with limited polling data. His path to second place requires significant fragmentation or a major shift in the right-wing field, which is uncertain.","[""Right-wing fragmentation dynamics"", ""Lula's poll strength sustainability"", ""Flávio Bolsonaro's viability"", ""Renan Santos' impact"", ""Polling data freshness""]",Flávio Bolsonaro is the base-rate favorite for second place if Lula wins first. Helder Barbalho's chances depend on unlikely scenarios.,OK,true
20260629T155053Z:RSO-0138,20260629T155053Z,2026-06-29T15:50:53Z,fair_value_v0.1,ollama,qwen3:8b,RSO-0138,Brazil Presidential Election First Round: 3rd Place,Brazil Presidential Election First Round: 3rd Place — Renan Santos,Renan Santos,Brazil,brazil_presidential,presidential_two_round,brazil_first_round_third_place_2026,1365894,0xcba20965509d04b5f3ae2c51a221747317aff9387c197ca6d5919e85e5a20ee9,will-renan-santos-finish-in-third-place-in-the-first-round-of-the-2026-brazilian-presidential-election,https://polymarket.com/event/will-renan-santos-finish-in-third-place-in-the-first-round-of-the-2026-brazilian-presidential-election,72535696429445050612666657960056103058476328640415986990291437131287448661718,Will Renan Santos finish in third place in the first round of the 2026 Brazilian presidential election?,0.15,0.076531,0.6,false,0.5,mid,,-0.35,0.35,-0.423469,0.423469,MARKET_HIGHER,MARKET_HIGHER,extreme,extreme,17,1.96,0.957,llm_mass_too_high,true,normalized_gap,"Renan Santos has lower national polling than Lula and Flávio, but could secure third if right-wing fragmentation occurs. Polling suggests third place is plausible but not certain.","[""Right-wing consolidation risk"", ""Polling accuracy"", ""Runoff dynamics"", ""Candidate entry/exit"", ""Long-tail support""]",Third place depends on field composition; Renan's youth appeal may help but national polling remains lower than top contenders.,OK,true
20260629T155053Z:RSO-0139,20260629T155053Z,2026-06-29T15:50:53Z,fair_value_v0.1,ollama,qwen3:8b,RSO-0139,Brazil Presidential Election First Round: 3rd Place,Brazil Presidential Election First Round: 3rd Place — Ronaldo Caiado,Ronaldo Caiado,Brazil,brazil_presidential,presidential_two_round,brazil_first_round_third_place_2026,1365896,0x3dbbbe0f8e69b1aee0092e1eca397b24c954c00ecc54995035a8683201ad26aa,will-ronaldo-caiado-finish-in-third-place-in-the-first-round-of-the-2026-brazilian-presidential-election,https://polymarket.com/event/will-ronaldo-caiado-finish-in-third-place-in-the-first-round-of-the-2026-brazilian-presidential-election,88578465272411624227946968556355768244846251347974013830272507870143623656581,Will Ronaldo Caiado finish in third place in the first round of the 2026 Brazilian presidential election?,0.15,0.076531,0.6,false,0.16,mid,,-0.01,0.01,-0.083469,0.083469,NO_SIGNAL,NO_SIGNAL,none,weak,17,1.96,0.957,llm_mass_too_high,true,normalized_gap,"Ronaldo Caiado is a potential third-place candidate, but his polling is not explicitly measured. Third-place depends on field fragmentation and long-tail support, which are uncertain.","[""Polling for Caiado not explicitly measured"", ""Field fragmentation uncertainty"", ""Long-tail support variability"", ""Candidate entry/exit risks"", ""Runoff composition impact""]","Renan Santos, Romeu Zema, and others are more likely to compete for third place based on current evidence.",OK,true
20260629T155053Z:RSO-0140,20260629T155053Z,2026-06-29T15:50:53Z,fair_value_v0.1,ollama,qwen3:8b,RSO-0140,Brazil Presidential Election First Round: 3rd Place,Brazil Presidential Election First Round: 3rd Place — Romeu Zema,Romeu Zema,Brazil,brazil_presidential,presidential_two_round,brazil_first_round_third_place_2026,1365897,0x7452216a57a3bef85439820c7bb421fa38e5a5ecff8c43658de515c1df70151e,will-romeu-zema-finish-in-third-place-in-the-first-round-of-the-2026-brazilian-presidential-election,https://polymarket.com/event/will-romeu-zema-finish-in-third-place-in-the-first-round-of-the-2026-brazilian-presidential-election,90180475101756729089570182362261460642819230033481570755127033507477996050412,Will Romeu Zema finish in third place in the first round of the 2026 Brazilian presidential election?,0.15,0.076531,0.6,false,0.13,mid,,0.02,0.02,-0.053469,0.053469,NO_SIGNAL,NO_SIGNAL,none,weak,17,1.96,0.957,llm_mass_too_high,true,normalized_gap,"Romeu Zema is a potential third-place candidate in a fragmented right field, but lacks strong polling support and faces competition from other right-wing figures.","[""Polling accuracy for Zema"", ""Right-wing consolidation"", ""Lula's first-round performance"", ""Competitive candidates like Renan Santos"", ""Market niche and evidence depth""]",Third-place in Brazil's first round depends on field fragmentation; Zema's viability is uncertain without explicit polling support.,OK,true
20260629T155053Z:RSO-0141,20260629T155053Z,2026-06-29T15:50:53Z,fair_value_v0.1,ollama,qwen3:8b,RSO-0141,Brazil Presidential Election First Round: 3rd Place,Brazil Presidential Election First Round: 3rd Place — Flávio Bolsonaro,Flávio Bolsonaro,Brazil,brazil_presidential,presidential_two_round,brazil_first_round_third_place_2026,1365895,0x6be36f266340255dd19e09482da15b256ec51bd478309d667495645fde253a22,will-flvio-bolsonaro-finish-in-third-place-in-the-first-round-of-the-2026-brazilian-presidential-election,https://polymarket.com/event/will-flvio-bolsonaro-finish-in-third-place-in-the-first-round-of-the-2026-brazilian-presidential-election,72105519990658117217601472036918871987045329443196791013027800715032836032517,Will Flávio Bolsonaro finish in third place in the first round of the 2026 Brazilian presidential election?,0.25,0.127551,0.6,false,0.0915,mid,,0.1585,0.1585,0.036051,0.036051,LLM_HIGHER,NO_SIGNAL,medium,none,17,1.96,0.957,llm_mass_too_high,true,normalized_gap,"Flávio Bolsonaro has moderate support but faces risks. Third place depends on fragmentation, which is uncertain.","[""Right-wing consolidation uncertainty"", ""Scandal impact"", ""Polling volatility"", ""Competitor performance"", ""Field completeness""]",Third place is sensitive to field composition and unresolved candidacy dynamics.,OK,true
20260629T155053Z:RSO-0142,20260629T155053Z,2026-06-29T15:50:53Z,fair_value_v0.1,ollama,qwen3:8b,RSO-0142,Brazil Presidential Election First Round: 3rd Place,Brazil Presidential Election First Round: 3rd Place — Fernando Haddad,Fernando Haddad,Brazil,brazil_presidential,presidential_two_round,brazil_first_round_third_place_2026,1365890,0xacc4e526a8c6f718b80ac7f559157b5197f040fb4505a7188a6315ab208f9e36,will-fernando-haddad-finish-in-third-place-in-the-first-round-of-the-2026-brazilian-presidential-election,https://polymarket.com/event/will-fernando-haddad-finish-in-third-place-in-the-first-round-of-the-2026-brazilian-presidential-election,68900789111688395688502786616903396723989073762161917546372882449576813191849,Will Fernando Haddad finish in third place in the first round of the 2026 Brazilian presidential election?,0.15,0.076531,0.6,false,0.0205,mid,,0.1295,0.1295,0.056031,0.056031,LLM_HIGHER,NO_SIGNAL,medium,weak,17,1.96,0.957,llm_mass_too_high,true,normalized_gap,"Fernando Haddad's polling is not explicitly measured for first-round scenarios. Third-place depends on fragmentation, which is uncertain.","[""Lula's lead may not translate to third-place safety"", ""Right-wing fragmentation dynamics"", ""Haddad's viability in a crowded field"", ""Polling may not capture third-place dynamics"", ""Candidate entry/exit risks""]",Third-place is sensitive to field composition; Haddad's explicit polling in first-round scenarios is lacking.,OK,true
20260629T155053Z:RSO-0143,20260629T155053Z,2026-06-29T15:50:53Z,fair_value_v0.1,ollama,qwen3:8b,RSO-0143,Brazil Presidential Election First Round: 3rd Place,Brazil Presidential Election First Round: 3rd Place — Michelle Bolsonaro,Michelle Bolsonaro,Brazil,brazil_presidential,presidential_two_round,brazil_first_round_third_place_2026,1365891,0x100bfbd547cdb8782f816235d4f7d4301ec473250f4df606e6809605cdb3b5e9,will-michelle-bolsonaro-finish-in-third-place-in-the-first-round-of-the-2026-brazilian-presidential-election,https://polymarket.com/event/will-michelle-bolsonaro-finish-in-third-place-in-the-first-round-of-the-2026-brazilian-presidential-election,49351020302549947445240161216979954485123748869512687492350910080193586920226,Will Michelle Bolsonaro finish in third place in the first round of the 2026 Brazilian presidential election?,0.12,0.061224,0.4,false,0.0095,mid,,0.1105,0.1105,0.051724,0.051724,LLM_HIGHER,NO_SIGNAL,medium,weak,17,1.96,0.957,llm_mass_too_high,true,normalized_gap,"Michelle Bolsonaro's third-place probability hinges on right-wing fragmentation, but her polling is low and she faces family conflicts and scandals.","[""Flávio Bolsonaro's dominance"", ""Renan Santos' impact"", ""Michelle's polling numbers"", ""Family conflict resolution"", ""Scandal impact""]",Third place depends on field composition; avoid high confidence without explicit polling on Michelle in first-round scenarios.,OK,true
20260629T155053Z:RSO-0144,20260629T155053Z,2026-06-29T15:50:53Z,fair_value_v0.1,ollama,qwen3:8b,RSO-0144,Brazil Presidential Election First Round: 3rd Place,Brazil Presidential Election First Round: 3rd Place — Luiz Inácio Lula da Silva,Luiz Inácio Lula da Silva,Brazil,brazil_presidential,presidential_two_round,brazil_first_round_third_place_2026,1365888,0xd24e8798122cba5bb43a77e9a78f2e26bd65c47f281f4b66582718fa215b9f6e,will-luiz-incio-lula-da-silva-finish-in-third-place-in-the-first-round-of-the-2026-brazilian-presidential-election,https://polymarket.com/event/will-luiz-incio-lula-da-silva-finish-in-third-place-in-the-first-round-of-the-2026-brazilian-presidential-election,83523389355379455617216619302245463257831942159580180419891340819821613515660,Will Luiz Inácio Lula da Silva finish in third place in the first round of the 2026 Brazilian presidential election?,0.15,0.076531,0.6,false,0.0095,mid,,0.1405,0.1405,0.067031,0.067031,LLM_HIGHER,NO_SIGNAL,medium,weak,17,1.96,0.957,llm_mass_too_high,true,normalized_gap,"Lula's strong lead may prevent third-place finish, but fragmentation risks exist.","[""Right-wing fragmentation"", ""Lula's economic appeal"", ""Runoff dynamics"", ""Polling accuracy"", ""Candidate exits""]",Third place depends on field composition; Lula's lead suggests lower probability but not zero.,OK,true
20260629T155053Z:RSO-0145,20260629T155053Z,2026-06-29T15:50:53Z,fair_value_v0.1,ollama,qwen3:8b,RSO-0145,Brazil Presidential Election First Round: 3rd Place,Brazil Presidential Election First Round: 3rd Place — Camilo Santana,Camilo Santana,Brazil,brazil_presidential,presidential_two_round,brazil_first_round_third_place_2026,1365898,0xe0bdf2bdc79bac3880e6dc76513f0f02df91ed5c2650954a66ea9c7f09b7e6e5,will-camilo-santana-finish-in-third-place-in-the-first-round-of-the-2026-brazilian-presidential-election,https://polymarket.com/event/will-camilo-santana-finish-in-third-place-in-the-first-round-of-the-2026-brazilian-presidential-election,14625196078870030930212146457810187393803805444846576279727526171169322797888,Will Camilo Santana finish in third place in the first round of the 2026 Brazilian presidential election?,0.05,0.02551,0.3,false,0.014,mid,,0.036,0.036,0.01151,0.01151,NO_SIGNAL,NO_SIGNAL,none,none,17,1.96,0.957,llm_mass_too_high,true,normalized_gap,"Camilo Santana is a centrist candidate with limited polling data. Third place depends on fragmentation, but his chances are low without clear support.","[""Lula's lead may not translate to third place"", ""Right-wing consolidation risks"", ""Polling accuracy"", ""Field composition changes"", ""Long-tail support""]",Third place is sensitive to field dynamics. Renan Santos and others are more likely to secure third place due to higher polling visibility.,OK,true
20260629T155053Z:RSO-0146,20260629T155053Z,2026-06-29T15:50:53Z,fair_value_v0.1,ollama,qwen3:8b,RSO-0146,Brazil Presidential Election First Round: 3rd Place,Brazil Presidential Election First Round: 3rd Place — Eduardo Bolsonaro,Eduardo Bolsonaro,Brazil,brazil_presidential,presidential_two_round,brazil_first_round_third_place_2026,1365892,0x43984893f308ca7980b90d7634faa9b7c5e29b71733ed1eff7be3b0e8e0248fd,will-eduardo-bolsonaro-finish-in-third-place-in-the-first-round-of-the-2026-brazilian-presidential-election,https://polymarket.com/event/will-eduardo-bolsonaro-finish-in-third-place-in-the-first-round-of-the-2026-brazilian-presidential-election,77695179199504241233318281547041031759227451576427270759028171066693823111590,Will Eduardo Bolsonaro finish in third place in the first round of the 2026 Brazilian presidential election?,0.15,0.076531,0.4,false,0.0045,mid,,0.1455,0.1455,0.072031,0.072031,LLM_HIGHER,NO_SIGNAL,medium,weak,17,1.96,0.957,llm_mass_too_high,true,normalized_gap,"Eduardo Bolsonaro faces significant challenges from Flávio Bolsonaro and Renan Santos. His polling is lower, and family conflicts may hurt his chances.","[""Flávio Bolsonaro's viability"", ""Renan Santos' impact"", ""Family conflict resolution"", ""Polling shifts"", ""Right-wing fragmentation""]",Third place depends on right-wing fragmentation; Eduardo's lower polling and potential scandals make him less likely but not impossible.,OK,true
20260629T155053Z:RSO-0147,20260629T155053Z,2026-06-29T15:50:53Z,fair_value_v0.1,ollama,qwen3:8b,RSO-0147,Brazil Presidential Election First Round: 3rd Place,Brazil Presidential Election First Round: 3rd Place — Aldo Rebelo,Aldo Rebelo,Brazil,brazil_presidential,presidential_two_round,brazil_first_round_third_place_2026,1365900,0x6b4d9574d789228b2f14edc10b452dc8948e38be04dba6bf90d0104e3e4e1f43,will-aldo-rebelo-finish-in-third-place-in-the-first-round-of-the-2026-brazilian-presidential-election,https://polymarket.com/event/will-aldo-rebelo-finish-in-third-place-in-the-first-round-of-the-2026-brazilian-presidential-election,111311151154014585812304238818591195075829743734952417845440348572279563265684,Will Aldo Rebelo finish in third place in the first round of the 2026 Brazilian presidential election?,0.05,0.02551,0.3,false,0.0025,mid,,0.0475,0.0475,0.02301,0.02301,NO_SIGNAL,NO_SIGNAL,none,none,17,1.96,0.957,llm_mass_too_high,true,normalized_gap,"Aldo Rebelo is a long-shot candidate with limited polling data and unclear field positioning. Third-place depends on fragmentation, which is uncertain.","[""Polling data for Rebelo is sparse"", ""Field consolidation uncertainty"", ""Runoff dynamics impact rankings"", ""Competitive candidates like Santos/Zema"", ""Candidate entry/exit risks""]",Third-place in Brazil's two-round system is sensitive to field composition. Rebelo's viability depends on right-wing fragmentation and his own appeal.,OK,true
20260629T155053Z:RSO-0148,20260629T155053Z,2026-06-29T15:50:53Z,fair_value_v0.1,ollama,qwen3:8b,RSO-0148,Brazil Presidential Election First Round: 3rd Place,Brazil Presidential Election First Round: 3rd Place — Tarcisio de Freitas,Tarcisio de Freitas,Brazil,brazil_presidential,presidential_two_round,brazil_first_round_third_place_2026,1365887,0xc69eb6554a719e2fbcb1718e11ae0bd0d8cdb433e8c199329c148efc710c26e5,will-tarcisio-de-freitas-finish-in-third-place-in-the-first-round-of-the-2026-brazilian-presidential-election,https://polymarket.com/event/will-tarcisio-de-freitas-finish-in-third-place-in-the-first-round-of-the-2026-brazilian-presidential-election,76166924205019019068857043962896099082882521942521931098813226982265263647630,Will Tarcisio de Freitas finish in third place in the first round of the 2026 Brazilian presidential election?,0.12,0.061224,0.4,false,0.0025,mid,,0.1175,0.1175,0.058724,0.058724,LLM_HIGHER,NO_SIGNAL,medium,weak,17,1.96,0.957,llm_mass_too_high,true,normalized_gap,"Tarcisio de Freitas is a long-shot candidate with limited polling data. Third-place depends on field fragmentation, which is uncertain.","[""Polling data for Tarcisio is sparse"", ""Field consolidation uncertainty"", ""Runoff dynamics"", ""Candidate entry/exit risks"", ""Long-tail support variability""]",Third-place in Brazil's two-round system is sensitive to fragmentation. Renan Santos and Flávio Bolsonaro are more prominent in current polling.,OK,true
20260629T155053Z:RSO-0149,20260629T155053Z,2026-06-29T15:50:53Z,fair_value_v0.1,ollama,qwen3:8b,RSO-0149,Brazil Presidential Election First Round: 3rd Place,Brazil Presidential Election First Round: 3rd Place — Jair Bolsonaro,Jair Bolsonaro,Brazil,brazil_presidential,presidential_two_round,brazil_first_round_third_place_2026,1365889,0xa3e04eadbc6afac2e94d9eebb09d1705e254d313d06a51943cb18fc0612f4835,will-jair-bolsonaro-finish-in-third-place-in-the-first-round-of-the-2026-brazilian-presidential-election,https://polymarket.com/event/will-jair-bolsonaro-finish-in-third-place-in-the-first-round-of-the-2026-brazilian-presidential-election,57129492998705445481010574377025062654637053860257756183157606940764680444792,Will Jair Bolsonaro finish in third place in the first round of the 2026 Brazilian presidential election?,0.05,0.02551,0.3,false,0.0025,mid,,0.0475,0.0475,0.02301,0.02301,NO_SIGNAL,NO_SIGNAL,none,none,17,1.96,0.957,llm_mass_too_high,true,normalized_gap,"Bolsonaro is ineligible, so third place depends on right-wing fragmentation. Current polls show him below top contenders, but uncertainty remains.","[""Bolsonaro's lane consolidation"", ""Flávio's viability"", ""Polling accuracy"", ""Right-wing fragmentation"", ""Scandal impact""]",Third place is sensitive to field composition and unresolved candidacy dynamics.,OK,true
20260629T155053Z:RSO-0150,20260629T155053Z,2026-06-29T15:50:53Z,fair_value_v0.1,ollama,qwen3:8b,RSO-0150,Brazil Presidential Election First Round: 3rd Place,Brazil Presidential Election First Round: 3rd Place — Ratinho Júnior,Ratinho Júnior,Brazil,brazil_presidential,presidential_two_round,brazil_first_round_third_place_2026,1365893,0x31f31222f37f2583de6c44c4297cafdccfd21d443e785042af0180192897f8ed,will-carlos-roberto-massa-jnior-finish-in-third-place-in-the-first-round-of-the-2026-brazilian-presidential-election,https://polymarket.com/event/will-carlos-roberto-massa-jnior-finish-in-third-place-in-the-first-round-of-the-2026-brazilian-presidential-election,98279737312722721984464036473219944696451907001028596656918791113590571774639,Will Carlos Roberto Massa Júnior finish in third place in the first round of the 2026 Brazilian presidential election?,0.05,0.02551,0.3,false,0.0025,mid,,0.0475,0.0475,0.02301,0.02301,NO_SIGNAL,NO_SIGNAL,none,none,17,1.96,0.957,llm_mass_too_high,true,normalized_gap,"Ratinho Júnior is a long-tail candidate with no significant polling or public support mentioned in evidence. Third-place probability depends on field fragmentation, but his chances are low without clear candidacy or support data.","[""Candidate entry/exit dynamics"", ""Polling accuracy"", ""Field composition"", ""Long-tail support magnitude"", ""Runoff implications""]","Third-place markets are sensitive to field composition. Renan Santos, Flávio Bolsonaro, and others are more likely to secure third place based on current evidence.",OK,true
20260629T155053Z:RSO-0151,20260629T155053Z,2026-06-29T15:50:53Z,fair_value_v0.1,ollama,qwen3:8b,RSO-0151,Brazil Presidential Election First Round: 3rd Place,Brazil Presidential Election First Round: 3rd Place — Geraldo Alckmin,Geraldo Alckmin,Brazil,brazil_presidential,presidential_two_round,brazil_first_round_third_place_2026,1365899,0x5623b547fd959cd4d4b0e1f810d225ec6f0f8215b7a7e882b89692337a8a2956,will-geraldo-alckmin-finish-in-third-place-in-the-first-round-of-the-2026-brazilian-presidential-election,https://polymarket.com/event/will-geraldo-alckmin-finish-in-third-place-in-the-first-round-of-the-2026-brazilian-presidential-election,84251456841717243220130557907268921144049968775253585100134320614694975152986,Will Geraldo Alckmin finish in third place in the first round of the 2026 Brazilian presidential election?,0.15,0.076531,0.6,false,0.0025,mid,,0.1475,0.1475,0.074031,0.074031,LLM_HIGHER,NO_SIGNAL,medium,weak,17,1.96,0.957,llm_mass_too_high,true,normalized_gap,"Geraldo Alckmin is a centrist candidate with moderate polling. Third place depends on fragmentation, but his position is uncertain without explicit polling support.","[""Lula's lead may narrow"", ""Right-wing consolidation"", ""Alckmin's polling position"", ""Runoff dynamics"", ""Field composition changes""]","Third place is sensitive to field fragmentation. Alckmin's viability depends on his polling in first-round scenarios, which are not explicitly measured.",OK,true
20260629T155053Z:RSO-0152,20260629T155053Z,2026-06-29T15:50:53Z,fair_value_v0.1,ollama,qwen3:8b,RSO-0152,Brazil Presidential Election First Round: 3rd Place,Brazil Presidential Election First Round: 3rd Place — Tereza Cristina,Tereza Cristina,Brazil,brazil_presidential,presidential_two_round,brazil_first_round_third_place_2026,1365902,0x64b05c5935a2de4a4a36e7de1089564d08d0ce7e06f5deaae916c3bdc9ca3b3b,will-tereza-cristina-finish-in-third-place-in-the-first-round-of-the-2026-brazilian-presidential-election,https://polymarket.com/event/will-tereza-cristina-finish-in-third-place-in-the-first-round-of-the-2026-brazilian-presidential-election,96795671760346135574613029949576811711368142411333240580887520155225528465847,Will Tereza Cristina finish in third place in the first round of the 2026 Brazilian presidential election?,0.05,0.02551,0.3,false,0.002,mid,,0.048,0.048,0.02351,0.02351,NO_SIGNAL,NO_SIGNAL,none,none,17,1.96,0.957,llm_mass_too_high,true,normalized_gap,Tereza Cristina is a long-shot in a fragmented field with limited polling data and unclear candidacy status.,"[""Candidate entry/exit risks"", ""Polling data scarcity"", ""Field composition uncertainty"", ""Long-tail support"", ""Bolsonaro family dynamics""]",Third-place probabilities depend on field fragmentation; Tereza Cristina is not a leading contender in current polling or narratives.,OK,true
20260629T155053Z:RSO-0153,20260629T155053Z,2026-06-29T15:50:53Z,fair_value_v0.1,ollama,qwen3:8b,RSO-0153,Brazil Presidential Election First Round: 3rd Place,Brazil Presidential Election First Round: 3rd Place — Eduardo Leite,Eduardo Leite,Brazil,brazil_presidential,presidential_two_round,brazil_first_round_third_place_2026,1365901,0xf520f38b0d0ba1a1ffb9dd77af6cfb66052ebc7cf2daa4df8c6b50d593278428,will-eduardo-leite-finish-in-third-place-in-the-first-round-of-the-2026-brazilian-presidential-election,https://polymarket.com/event/will-eduardo-leite-finish-in-third-place-in-the-first-round-of-the-2026-brazilian-presidential-election,111543830332110820988165937452887760595067644846274162990773262945236746453247,Will Eduardo Leite finish in third place in the first round of the 2026 Brazilian presidential election?,0.12,0.061224,0.6,false,0.0015,mid,,0.1185,0.1185,0.059724,0.059724,LLM_HIGHER,NO_SIGNAL,medium,weak,17,1.96,0.957,llm_mass_too_high,true,normalized_gap,"Eduardo Leite is a right-wing candidate with moderate polling support. Third place depends on fragmentation, but his chances are low without strong evidence.","[""Lula's lead may narrow"", ""Right-wing fragmentation"", ""Leite's polling accuracy"", ""Runoff dynamics"", ""Candidate exits/entries""]",Third place is sensitive to field composition. Leite's base rate is low without explicit polling support in first-round scenarios.,OK,true
20260629T155053Z:RSO-0154,20260629T155053Z,2026-06-29T15:50:53Z,fair_value_v0.1,ollama,qwen3:8b,RSO-0154,Brazil Presidential Election First Round: 3rd Place,Brazil Presidential Election First Round: 3rd Place — Helder Barbalho,Helder Barbalho,Brazil,brazil_presidential,presidential_two_round,brazil_first_round_third_place_2026,1365903,0x16cf9dd91e179eb378fee73ddb2d1ee9e395b65757f3f583b1bc925075cda4ac,will-helder-barbalho-finish-in-third-place-in-the-first-round-of-the-2026-brazilian-presidential-election,https://polymarket.com/event/will-helder-barbalho-finish-in-third-place-in-the-first-round-of-the-2026-brazilian-presidential-election,71697065098193440609393877290510705365065522497692176456171369889253319010735,Will Helder Barbalho finish in third place in the first round of the 2026 Brazilian presidential election?,0.05,0.02551,0.3,false,0.0015,mid,,0.0485,0.0485,0.02401,0.02401,NO_SIGNAL,NO_SIGNAL,none,none,17,1.96,0.957,llm_mass_too_high,true,normalized_gap,"Helder Barbalho is a niche candidate with limited polling data. Third-place in a fragmented field depends on many variables, including other candidates' performance and field composition.","[""Polling data for Barbalho is sparse"", ""Field composition uncertainty"", ""Runoff dynamics"", ""Competitor consolidation"", ""Long-tail support""]",Third-place probabilities are sensitive to field dynamics and require explicit polling data. Barbalho's base rate is low without direct polling evidence.,OK,true
20260629T155053Z:RSO-0160,20260629T155053Z,2026-06-29T15:50:53Z,fair_value_v0.1,ollama,qwen3:8b,RSO-0160,Next Prime Minister of Sweden,Next Prime Minister of Sweden — Magdalena Andersson,Magdalena Andersson,Sweden,global_satellite,parliamentary_coalition,sweden_pm_2026,1193094,0x58d5cc2bf06a3289b127049239aee051f3b941f219efebbca02d3f50f0eb2a64,will-magdalena-andersson-be-the-next-prime-minister-of-sweden,https://polymarket.com/event/will-magdalena-andersson-be-the-next-prime-minister-of-sweden,6761884778816083542753350539779617201084594664234729655783875952381923983097,Will Magdalena Andersson be the next Prime Minister of Sweden?,0.45,0.48913,0.75,false,0.735,mid,,-0.285,0.285,-0.24587,0.24587,MARKET_HIGHER,MARKET_HIGHER,strong,strong,10,0.92,0.982,,true,normalized_gap,"Current polling suggests centre-left bloc leads, but PM depends on coalition dynamics and party leadership. Magdalena Andersson is a likely leader if centre-left holds majority.","[""Coalition feasibility"", ""Incumbent bloc recovery"", ""Party leadership stability"", ""Small party influence"", ""Election outcome volatility""]",Based on June 2026 Statistics Sweden poll showing centre-left at 55.2% vs right-wing 42.6%.,OK,true
20260629T155053Z:RSO-0161,20260629T155053Z,2026-06-29T15:50:53Z,fair_value_v0.1,ollama,qwen3:8b,RSO-0161,Next Prime Minister of Sweden,Next Prime Minister of Sweden — Ulf Kristersson,Ulf Kristersson,Sweden,global_satellite,parliamentary_coalition,sweden_pm_2026,1193093,0x8a42bb4cb9b9f157b539611f6a8c122388f652570cfc3c07d538e7df2bb78894,will-ulf-kristersson-be-the-next-prime-minister-of-sweden,https://polymarket.com/event/will-ulf-kristersson-be-the-next-prime-minister-of-sweden,19884202204363090591845974364927513432419394537229594683046302661092511466716,Will Ulf Kristersson be the next Prime Minister of Sweden?,0.15,0.163043,0.6,false,0.215,mid,,-0.065,0.065,-0.051957,0.051957,NO_SIGNAL,NO_SIGNAL,weak,weak,10,0.92,0.982,,true,normalized_gap,"Ulf Kristersson's path requires right-wing bloc recovery and coalition viability, which are uncertain given current polling favoring centre-left.","[""Right-wing bloc recovery"", ""Coalition partner viability"", ""Centre-left majority stability"", ""Election outcome volatility"", ""Coalition acceptability""]",Base rate considers parliamentary coalition dynamics and current polling trends favoring centre-left over right-wing.,OK,true
20260629T155053Z:RSO-0162,20260629T155053Z,2026-06-29T15:50:53Z,fair_value_v0.1,ollama,qwen3:8b,RSO-0162,Next Prime Minister of Sweden,Next Prime Minister of Sweden — Jimmie Åkesson,Jimmie Åkesson,Sweden,global_satellite,parliamentary_coalition,sweden_pm_2026,1193095,0x86fa2351e7a9469fd8bcd9a28ad5e300a59c3764747ad1eb7d6248546efbabfd,will-jimmie-kesson-be-the-next-prime-minister-of-sweden,https://polymarket.com/event/will-jimmie-kesson-be-the-next-prime-minister-of-sweden,82283291912489202302595502692326101345632588904573705648995568317366762287152,Will Jimmie Åkesson be the next Prime Minister of Sweden?,0.15,0.163043,0.6,false,0.0185,mid,,0.1315,0.1315,0.144543,0.144543,LLM_HIGHER,LLM_HIGHER,medium,medium,10,0.92,0.982,,true,normalized_gap,"Current polls favor center-left bloc. Jimmie Åkesson's party may not secure majority, and coalition feasibility is uncertain.","[""Center-left bloc's cohesion"", ""Coalition compatibility"", ""Right-wing bloc recovery"", ""Vote share volatility"", ""Incumbent government's survival""]",Based on June 2026 Statistics Sweden poll showing center-left at 55.2% vs right-wing at 42.6%.,OK,true
20260629T155053Z:RSO-0163,20260629T155053Z,2026-06-29T15:50:53Z,fair_value_v0.1,ollama,qwen3:8b,RSO-0163,Next Prime Minister of Sweden,Next Prime Minister of Sweden — Ebba Busch,Ebba Busch,Sweden,global_satellite,parliamentary_coalition,sweden_pm_2026,1193096,0xa5b2b9d0e333d50db759139a364c01af812a3db60e5c653b9f959b6ef5d7139e,will-ebba-busch-be-the-next-prime-minister-of-sweden,https://polymarket.com/event/will-ebba-busch-be-the-next-prime-minister-of-sweden,46694911209504709842407102211694105151918150655785824361504208059495748983717,Will Ebba Busch be the next Prime Minister of Sweden?,0.05,0.054348,0.6,false,0.0035,mid,,0.0465,0.0465,0.050848,0.050848,NO_SIGNAL,NO_SIGNAL,none,weak,10,0.92,0.982,,true,normalized_gap,"Ebba Busch is a minor party leader with no clear coalition path. Centre-left bloc leads in polls, favoring Andersson. Right-wing bloc needs recovery for Kristersson. Busch's party (Sweden Democrats) is right-wing but unlikely to form government alone.","[""Centre-left bloc cohesion"", ""Coalition feasibility for Busch"", ""Busch's party's electoral performance"", ""Incumbent government's survival"", ""Polling accuracy""]","In parliamentary systems, PM probability depends on bloc arithmetic and coalition, not just party strength. Busch's party is right-wing but not leading in polls.",OK,true
20260629T155053Z:RSO-0164,20260629T155053Z,2026-06-29T15:50:53Z,fair_value_v0.1,ollama,qwen3:8b,RSO-0164,Next Prime Minister of Sweden,Next Prime Minister of Sweden — Anna-Karin Hatt,Anna-Karin Hatt,Sweden,global_satellite,parliamentary_coalition,sweden_pm_2026,1193097,0x97c143ba31319b4d271aeebc832cdd8171dea3b52826c4c92096de1aefefa761,will-anna-karin-hatt-be-the-next-prime-minister-of-sweden,https://polymarket.com/event/will-anna-karin-hatt-be-the-next-prime-minister-of-sweden,81454443807141471628818264376989427346037494847713032539010359279666138415075,Will Anna-Karin Hatt be the next Prime Minister of Sweden?,0.02,0.021739,0.3,false,0.0025,mid,,0.0175,0.0175,0.019239,0.019239,NO_SIGNAL,NO_SIGNAL,none,none,10,0.92,0.982,,true,normalized_gap,"Anna-Karin Hatt is a long-tail candidate with no major party backing. Current polling shows centre-left bloc leading, favoring Magdalena Andersson. Coalition dynamics and party leadership are critical factors.","[""Centre-left bloc cohesion"", ""Coalition feasibility for Hatt"", ""Hatt's party status"", ""Election outcome volatility"", ""Post-election negotiations""]",Base rate reflects long-tail candidate status with no major party support in current polling.,OK,true
20260629T155053Z:RSO-0165,20260629T155053Z,2026-06-29T15:50:53Z,fair_value_v0.1,ollama,qwen3:8b,RSO-0165,Next Prime Minister of Sweden,Next Prime Minister of Sweden — Nooshi Dadgostar,Nooshi Dadgostar,Sweden,global_satellite,parliamentary_coalition,sweden_pm_2026,1193098,0xe7a2275b0c6b965a7b44d005203789d7dbe2edd352a565793f9460de7a99fd27,will-nooshi-dadgostar-be-the-next-prime-minister-of-sweden,https://polymarket.com/event/will-nooshi-dadgostar-be-the-next-prime-minister-of-sweden,90456984939082759426569197949731058493185701412523949062524005061677992609434,Will Nooshi Dadgostar be the next Prime Minister of Sweden?,0.01,0.01087,0.3,false,0.0015,mid,,0.0085,0.0085,0.00937,0.00937,NO_SIGNAL,NO_SIGNAL,none,none,10,0.92,0.982,,true,normalized_gap,Nooshi Dadgostar is a long-tail candidate with no significant party or coalition support indicated in the evidence. The centre-left bloc's strong position favors Magdalena Andersson.,"[""Centre-left bloc's stability"", ""Coalition feasibility for Dadgostar"", ""Dadgostar's party relevance"", ""Election outcome volatility"", ""Post-election negotiations""]","In parliamentary systems, PM probability depends on bloc arithmetic and coalition leadership, not just party vote share.",OK,true
20260629T155053Z:RSO-0166,20260629T155053Z,2026-06-29T15:50:53Z,fair_value_v0.1,ollama,qwen3:8b,RSO-0166,Next Prime Minister of Sweden,Next Prime Minister of Sweden — Amanda Lind,Amanda Lind,Sweden,global_satellite,parliamentary_coalition,sweden_pm_2026,1193100,0xaae2b16405680de265ba459475128bdb130d280abfb4c92f125010406a5d3a67,will-amanda-lind-be-the-next-prime-minister-of-sweden,https://polymarket.com/event/will-amanda-lind-be-the-next-prime-minister-of-sweden,16223024047489006372491283864322078736180973077611484772976980168989752557591,Will Amanda Lind be the next Prime Minister of Sweden?,0.05,0.054348,0.6,false,0.0015,mid,,0.0485,0.0485,0.052848,0.052848,NO_SIGNAL,NO_SIGNAL,none,weak,10,0.92,0.982,,true,normalized_gap,"Amanda Lind is a centrist within the centre-left bloc. Current polls favor the centre-left bloc overall, but her specific chances depend on internal dynamics and coalition formation. She is not the leading figure in her party (Social Democrats) compared to Magdalena Andersson.","[""Social Democratic internal leadership dynamics"", ""Coalition partner viability"", ""Amanda Lind's personal popularity"", ""Potential shifts in polling"", ""Unforeseen political developments""]","Base rate considers parliamentary systems where bloc arithmetic and coalition feasibility are critical. In Sweden's system, the PM is determined by bloc agreements, not just party vote share.",OK,true
20260629T155053Z:RSO-0167,20260629T155053Z,2026-06-29T15:50:53Z,fair_value_v0.1,ollama,qwen3:8b,RSO-0167,Next Prime Minister of Sweden,Next Prime Minister of Sweden — Simona Mohamsson,Simona Mohamsson,Sweden,global_satellite,parliamentary_coalition,sweden_pm_2026,1193099,0x1fd46f48b97d480c51838d9444b355bad8b3a614e36258d6047fdee078144c60,will-simona-mohamsson-be-the-next-prime-minister-of-sweden,https://polymarket.com/event/will-simona-mohamsson-be-the-next-prime-minister-of-sweden,73303082510342190766222719296890807075370391273752895784553712328433386187648,Will Simona Mohamsson be the next Prime Minister of Sweden?,0.01,0.01087,0.3,false,0.0015,mid,,0.0085,0.0085,0.00937,0.00937,NO_SIGNAL,NO_SIGNAL,none,none,10,0.92,0.982,,true,normalized_gap,Simona Mohamsson is a long-tail candidate with no major party backing. Current polling favors centre-left bloc led by Magdalena Andersson. Coalition dynamics and threshold rules make her PM path highly improbable.,"[""Centre-left bloc cohesion"", ""Coalition feasibility for Mohamsson"", ""Threshold rule changes"", ""Competitive candidate emergence"", ""Incumbent government resilience""]","In parliamentary systems, PM probability depends on bloc arithmetic and coalition leadership, not just party vote share.",OK,true
20260629T155053Z:RSO-0168,20260629T155053Z,2026-06-29T15:50:53Z,fair_value_v0.1,ollama,qwen3:8b,RSO-0168,Next Prime Minister of Sweden,Next Prime Minister of Sweden — Daniel Helldén,Daniel Helldén,Sweden,global_satellite,parliamentary_coalition,sweden_pm_2026,1193101,0x7767ed7d0af1aa72122981cc4347d9ed35b46385d39512ea5d6021da42a33825,will-daniel-helldn-be-the-next-prime-minister-of-sweden,https://polymarket.com/event/will-daniel-helldn-be-the-next-prime-minister-of-sweden,28176517830787199081924401072020189535005171048570636269331907057010467544445,Will Daniel Helldén be the next Prime Minister of Sweden?,0.01,0.01087,0.3,false,0.0015,mid,,0.0085,0.0085,0.00937,0.00937,NO_SIGNAL,NO_SIGNAL,none,none,10,0.92,0.982,,true,normalized_gap,Daniel Helldén is a long-tail candidate with no major party backing. Current polling favors centre-left bloc led by Magdalena Andersson. Coalition feasibility and party leadership are critical factors.,"[""Centre-left bloc cohesion"", ""Coalition compatibility with Helldén"", ""Helldén's party viability"", ""Election outcome volatility"", ""Post-election negotiations""]",Base rate reflects low probability for unbacked long-tail candidates in parliamentary systems.,OK,true
20260629T155053Z:RSO-0169,20260629T155053Z,2026-06-29T15:50:53Z,fair_value_v0.1,ollama,qwen3:8b,RSO-0169,Next Prime Minister of Sweden,Next Prime Minister of Sweden — Elisabeth Thand Ringqvist,Elisabeth Thand Ringqvist,Sweden,global_satellite,parliamentary_coalition,sweden_pm_2026,1193103,0x39272d42f01e6cdb493a857022fb8ddf708d91709eb928649868cda8a9ccf5c9,will-elisabeth-thand-ringqvist-be-the-next-prime-minister-of-sweden,https://polymarket.com/event/will-elisabeth-thand-ringqvist-be-the-next-prime-minister-of-sweden,98060061097780651807171860879548727196866666811981420650799429376583531532134,Will Elisabeth Thand Ringqvist be the next Prime Minister of Sweden?,0.02,0.021739,0.3,false,0.0015,mid,,0.0185,0.0185,0.020239,0.020239,NO_SIGNAL,NO_SIGNAL,none,none,10,0.92,0.982,,true,normalized_gap,Elisabeth Thand Ringqvist is a long-tail candidate with no major party backing. Current polling favors centre-left bloc led by Magdalena Andersson. Coalition feasibility and party leadership are critical factors.,"[""Centre-left bloc cohesion"", ""Coalition partner viability"", ""Candidate's party support"", ""Election outcome volatility"", ""Post-election negotiations""]","In parliamentary systems, PM probability depends on bloc arithmetic and coalition dynamics beyond mere vote share.",OK,true
20260629T155053Z:RSO-0170,20260629T155053Z,2026-06-29T15:50:53Z,fair_value_v0.1,ollama,qwen3:8b,RSO-0170,Sweden Parliamentary Election Winner,Sweden Parliamentary Election Winner — Swedish Social Democratic Party (S),Swedish Social Democratic Party (S),Sweden,global_satellite,parliamentary_coalition,sweden_most_seats_2026,811719,0xe5acfef8707df2e25a99a6e4d9568d033fa063b006022f68375ab3bbcf376818,will-the-swedish-social-democratic-party-s-win-the-most-seats-in-the-2026-swedish-parliamentary-election,https://polymarket.com/event/will-the-swedish-social-democratic-party-s-win-the-most-seats-in-the-2026-swedish-parliamentary-election,103916805803783582379666899779911786632579535459334681066604944183134504393219,Will the Swedish Social Democratic Party (S) win the most seats in the 2026 Swedish parliamentary election?,0.45,0.584416,0.75,false,0.945,mid,,-0.495,0.495,-0.360584,0.360584,MARKET_HIGHER,MARKET_HIGHER,extreme,extreme,4,0.77,0.988,,true,normalized_gap,Social Democrats are favored but face challenges from Sweden Democrats and coalition dynamics.,"[""Polling may stale"", ""Coalition feasibility"", ""Incumbent approval"", ""Right-bloc competition"", ""Threshold effects""]",Social Democrats are natural favorites for most seats.,OK,true
20260629T155053Z:RSO-0171,20260629T155053Z,2026-06-29T15:50:53Z,fair_value_v0.1,ollama,qwen3:8b,RSO-0171,Sweden Parliamentary Election Winner,Sweden Parliamentary Election Winner — Sweden Democrats (SD),Sweden Democrats (SD),Sweden,global_satellite,parliamentary_coalition,sweden_most_seats_2026,811720,0xa39535caf2ce2c47dfbdc64c3cef9a00b7599a24c34b4091caed34df27094639,will-the-sweden-democrats-sd-win-the-most-seats-in-the-2026-swedish-parliamentary-election,https://polymarket.com/event/will-the-sweden-democrats-sd-win-the-most-seats-in-the-2026-swedish-parliamentary-election,22771288348793685264608720201112684853152039276564546124382947250830821477697,Will the Sweden Democrats (SD) win the most seats in the 2026 Swedish parliamentary election?,0.15,0.194805,0.6,false,0.032,mid,,0.118,0.118,0.162805,0.162805,LLM_HIGHER,LLM_HIGHER,medium,medium,4,0.77,0.988,,true,normalized_gap,"SD faces significant polling gap vs Social Democrats, but could surge if right-bloc dynamics shift. Coalition feasibility and threshold effects add uncertainty.","[""Social Democrats' lead stability"", ""Right-bloc coalition viability"", ""Threshold effects impact"", ""SD's surge potential"", ""Incumbent approval trends""]",Social Democrats are natural favorites; SD must overcome polling gap and system dynamics.,OK,true
20260629T155053Z:RSO-0172,20260629T155053Z,2026-06-29T15:50:53Z,fair_value_v0.1,ollama,qwen3:8b,RSO-0172,Sweden Parliamentary Election Winner,Sweden Parliamentary Election Winner — Green Party (MP),Green Party (MP),Sweden,global_satellite,parliamentary_coalition,sweden_most_seats_2026,811725,0x59df45d0523260ee1cc889e54c32b59ec6d1ec49c32cabec71baf470e869d49a,will-the-green-party-mp-win-the-most-seats-in-the-2026-swedish-parliamentary-election,https://polymarket.com/event/will-the-green-party-mp-win-the-most-seats-in-the-2026-swedish-parliamentary-election,95637379689976243013286900277703754341046503122130133129985305609496701873761,Will the Green Party (MP) win the most seats in the 2026 Swedish parliamentary election?,0.12,0.155844,0.6,false,0.007,mid,,0.113,0.113,0.148844,0.148844,LLM_HIGHER,LLM_HIGHER,medium,medium,4,0.77,0.988,,true,normalized_gap,"Green Party is a smaller party with lower base-rate probability, though not impossible. Current evidence suggests they are unlikely to win most seats unless there is a significant shift in support.","[""Recent polling trends for Greens"", ""Coalition dynamics"", ""Threshold effects"", ""Incumbency impact"", ""Candidate leadership changes""]","Social Democrats are natural favorites, Sweden Democrats are major contenders, while Greens and KD are lower probability unless specific conditions change.",OK,true
20260629T155053Z:RSO-0173,20260629T155053Z,2026-06-29T15:50:53Z,fair_value_v0.1,ollama,qwen3:8b,RSO-0173,Sweden Parliamentary Election Winner,Sweden Parliamentary Election Winner — Christian Democrats (KD),Christian Democrats (KD),Sweden,global_satellite,parliamentary_coalition,sweden_most_seats_2026,811724,0xa50fafd0a12d15170128d489b2c26347ed635a84d1a88ab9f77414a358a15491,will-the-christian-democrats-kd-win-the-most-seats-in-the-2026-swedish-parliamentary-election,https://polymarket.com/event/will-the-christian-democrats-kd-win-the-most-seats-in-the-2026-swedish-parliamentary-election,54843548550094470593696883578302472730893983252822277325463098779080627026611,Will the Christian Democrats (KD) win the most seats in the 2026 Swedish parliamentary election?,0.05,0.064935,0.6,false,0.004,mid,,0.046,0.046,0.060935,0.060935,NO_SIGNAL,NO_SIGNAL,none,weak,4,0.77,0.988,,true,normalized_gap,KD is a smaller party with lower polling compared to SD and Moderates. Coalition dynamics and threshold effects reduce their chances.,"[""Recent polling trends for KD"", ""Coalition feasibility"", ""Threshold rules impact"", ""Incumbency dynamics"", ""Small party influence""]",Social Democrats are natural favorites. KD is lower probability unless specific conditions change.,OK,true
20260629T155053Z:RSO-0181,20260629T155053Z,2026-06-29T15:50:53Z,fair_value_v0.1,ollama,qwen3:8b,RSO-0181,Quebec General Election Winner,Quebec General Election Winner — PQ,PQ,Canada,global_satellite,provincial_parliamentary,quebec_general_election_winner_2026,789407,0x30d4a64f70d80faee66508a797b347ef65e63913e4200bca954718fc824ea10e,will-parti-qubcois-win-the-most-seats-in-the-2026-quebec-general-election,https://polymarket.com/event/will-parti-qubcois-win-the-most-seats-in-the-2026-quebec-general-election,65322106850459544646271115791218393848695885094753222820688299472048959196589,Will Parti Québécois win the most seats in the 2026 Quebec general election?,0.35,0.327103,0.65,false,0.625,mid,,-0.275,0.275,-0.297897,0.297897,MARKET_HIGHER,MARKET_HIGHER,strong,strong,6,1.07,1.022,,true,normalized_gap,PQ is leading in polls but faces competition from PLQ. Regional dynamics and coalition feasibility add uncertainty.,"[""PLQ's potential surge"", ""regional vote concentration"", ""coalition compatibility"", ""turnout volatility"", ""candidate momentum""]",PQ and PLQ are main contenders; CAQ has weaker polling but remains relevant.,OK,true
20260629T155053Z:RSO-0182,20260629T155053Z,2026-06-29T15:50:53Z,fair_value_v0.1,ollama,qwen3:8b,RSO-0182,Quebec General Election Winner,Quebec General Election Winner — PLQ,PLQ,Canada,global_satellite,provincial_parliamentary,quebec_general_election_winner_2026,789408,0x9b609d94cd0e303bf36f68a422a93f7dad9f58a2f8e4212eef51eed93480f323,will-parti-libral-du-qubec-win-the-most-seats-in-the-2026-quebec-general-election,https://polymarket.com/event/will-parti-libral-du-qubec-win-the-most-seats-in-the-2026-quebec-general-election,59168522853670249846168311423052197084797740619724007956370238354938278077304,Will Parti libéral du Québec win the most seats in the 2026 Quebec general election?,0.35,0.327103,0.6,false,0.175,mid,,0.175,0.175,0.152103,0.152103,LLM_HIGHER,LLM_HIGHER,medium,medium,6,1.07,1.022,,true,normalized_gap,"PLQ is a major contender but faces PQ competition. Recent polls show PLQ at 32% vs PQ at 29%, with uncertainty due to undecided voters and regional vote share disparities.","[""Undecided voters could shift support"", ""Regional vote concentration effects"", ""PQ's potential resurgence"", ""CAQ's role as an incumbent party"", ""Polling data staleness""]",PQ and PLQ are main contenders; CAQ has weaker polling but remains relevant.,OK,true
20260629T155053Z:RSO-0183,20260629T155053Z,2026-06-29T15:50:53Z,fair_value_v0.1,ollama,qwen3:8b,RSO-0183,Quebec General Election Winner,Quebec General Election Winner — CAQ,CAQ,Canada,global_satellite,provincial_parliamentary,quebec_general_election_winner_2026,789406,0xc7bc5d759ecbd05cfbf3b41ec98f1cd7ab306234bf76fd6c1768d3be1d6b9e76,will-coalition-avenir-qubec-win-the-most-seats-in-the-2026-quebec-general-election,https://polymarket.com/event/will-coalition-avenir-qubec-win-the-most-seats-in-the-2026-quebec-general-election,62672831099052856773092936123032454032816810006460666476569228483231264400027,Will Coalition Avenir Québec win the most seats in the 2026 Quebec general election?,0.15,0.140187,0.6,false,0.215,mid,,-0.065,0.065,-0.074813,0.074813,NO_SIGNAL,NO_SIGNAL,weak,weak,6,1.07,1.022,,true,normalized_gap,"CAQ is an incumbent party with weak polling but remains relevant due to infrastructure. Polls show 14% support, but regional concentration could affect seat distribution. Uncertainties include poll staleness, coalition dynamics, and potential breakthroughs for other parties.","[""Polls may be stale"", ""Coalition feasibility"", ""Regional vote concentration"", ""Competitor breakthroughs"", ""Incumbent performance""]",PQ and PLQ are main contenders; CAQ has lower probability due to polling weakness but retains relevance as incumbent.,OK,true
20260629T155053Z:RSO-0184,20260629T155053Z,2026-06-29T15:50:53Z,fair_value_v0.1,ollama,qwen3:8b,RSO-0184,Quebec General Election Winner,Quebec General Election Winner — PCQ,PCQ,Canada,global_satellite,provincial_parliamentary,quebec_general_election_winner_2026,789410,0xb79b3e4a9eca37f56dbd00bb495be37079050b1bea9759e0281fe8fe475dc5aa,will-parti-conservateur-du-qubec-win-the-most-seats-in-the-2026-quebec-general-election,https://polymarket.com/event/will-parti-conservateur-du-qubec-win-the-most-seats-in-the-2026-quebec-general-election,1792453187763546489058024733820523797667736093517388854235326974724797239676,Will Parti conservateur du Québec win the most seats in the 2026 Quebec general election?,0.12,0.11215,0.4,false,0.0025,mid,,0.1175,0.1175,0.10965,0.10965,LLM_HIGHER,LLM_HIGHER,medium,medium,6,1.07,1.022,,true,normalized_gap,PCQ is a lower-tier party with weak polling and no major breakthroughs indicated. Base rates suggest PQ and PLQ as main contenders. Seat outcomes can diverge from vote share due to regional concentration.,"[""Recent polling may be stale"", ""Regional vote concentration effects"", ""Coalition feasibility"", ""Incumbent party dynamics"", ""Unresolved candidate entry/exit decisions""]",PQ and PLQ are main contenders; CAQ remains relevant but PCQ is lower unless new polling shows breakthrough.,OK,true
20260629T155053Z:RSO-0185,20260629T155053Z,2026-06-29T15:50:53Z,fair_value_v0.1,ollama,qwen3:8b,RSO-0185,Quebec General Election Winner,Quebec General Election Winner — QS,QS,Canada,global_satellite,provincial_parliamentary,quebec_general_election_winner_2026,789409,0x4c7d3102ab3408414937b8ed71a34914c117650bfa484069534761babec02560,will-qubec-solidaire-win-the-most-seats-in-the-2026-quebec-general-election,https://polymarket.com/event/will-qubec-solidaire-win-the-most-seats-in-the-2026-quebec-general-election,98007823535472870848820037177811238475335001116010639125672344130824656744561,Will Québec solidaire win the most seats in the 2026 Quebec general election?,0.05,0.046729,0.3,false,0.0025,mid,,0.0475,0.0475,0.044229,0.044229,NO_SIGNAL,NO_SIGNAL,none,none,6,1.07,1.022,,true,normalized_gap,"QS has low base-rate with recent polls showing 11% support among decided voters. Seat outcomes can diverge from vote share due to regional concentration, but QS remains a long-shot.","[""Polls may stale before election"", ""Regional vote concentration impact"", ""Candidate entry/exit decisions"", ""Coalition feasibility"", ""Incumbent party infrastructure""]",PQ and PLQ are main contenders. CAQ has infrastructure but weak polling. PCQ/QS/PVQ are lower unless new polling shows breakthrough.,OK,true
20260629T155053Z:RSO-0186,20260629T155053Z,2026-06-29T15:50:53Z,fair_value_v0.1,ollama,qwen3:8b,RSO-0186,Quebec General Election Winner,Quebec General Election Winner — PVQ,PVQ,Canada,global_satellite,provincial_parliamentary,quebec_general_election_winner_2026,789411,0x72a433f7e229db037d504dbbed5c93bfcaccf9c641521be7290db4b357eb3352,will-parti-vert-du-qubec-win-the-most-seats-in-the-2026-quebec-general-election,https://polymarket.com/event/will-parti-vert-du-qubec-win-the-most-seats-in-the-2026-quebec-general-election,61975433175904911460960290808764942711914816391035148169459925684356495405891,Will Parti vert du Québec win the most seats in the 2026 Quebec general election?,0.05,0.046729,0.3,false,0.002,mid,,0.048,0.048,0.044729,0.044729,NO_SIGNAL,NO_SIGNAL,none,none,6,1.07,1.022,,true,normalized_gap,"PVQ is a lower-tier party with no recent polling breakthroughs. Base rates suggest PQ and PLQ are main contenders. Vote share and seat outcomes can diverge, but PVQ's path to most seats is unlikely.","[""Recent polling may have changed since April 2026"", ""Regional concentration effects"", ""Coalition feasibility"", ""Incumbent-party infrastructure impact"", ""Candidate entry/exit decisions""]",PQ and PLQ are main contenders; CAQ remains relevant but with weaker polling. PCQ/QS/PVQ are lower unless new polling shows breakthrough.,OK,true
20260629T155053Z:RSO-0195,20260629T155053Z,2026-06-29T15:50:53Z,fair_value_v0.1,ollama,qwen3:8b,RSO-0195,Vancouver Mayoral Election Winner,Vancouver Mayoral Election Winner — Kareem Allam,Kareem Allam,Canada,global_satellite,municipal,vancouver_mayor_2026,1822538,0x574baadddd5ff73355480351a6b067f762d4ad18ffdd619aa99253820b691845,will-kareem-allam-win-the-2026-vancouver-mayoral-election,https://polymarket.com/event/will-kareem-allam-win-the-2026-vancouver-mayoral-election,26257276801096346957332519016128429811617766878511321705942973043558702764580,Will Kareem Allam win the 2026 Vancouver mayoral election?,0.12,0.146341,0.4,false,0.505,mid,,-0.385,0.385,-0.358659,0.358659,MARKET_HIGHER,MARKET_HIGHER,extreme,extreme,12,0.82,0.978,,true,normalized_gap,"Kareem Allam has a new political vehicle and prior proximity to Sim, but fragmented field and sparse polling suggest low probability.","[""Sparse and volatile municipal polling"", ""Fragmented candidate field"", ""Uncertain coalition dynamics"", ""Local issues dominance over national ideology"", ""Unresolved candidate entry/exit decisions""]","Incumbent Ken Sim has a base, but fragmentation and party-brand shifts create volatility. Allam matters due to prior proximity and new vehicle.",OK,true
20260629T155053Z:RSO-0196,20260629T155053Z,2026-06-29T15:50:53Z,fair_value_v0.1,ollama,qwen3:8b,RSO-0196,Vancouver Mayoral Election Winner,Vancouver Mayoral Election Winner — Ken Sim,Ken Sim,Canada,global_satellite,municipal,vancouver_mayor_2026,1822537,0x010f3f24ab463669b4d3dee775864db64b2441f8fa7a34725765ff0d7c667ec8,will-ken-sim-win-the-2026-vancouver-mayoral-election,https://polymarket.com/event/will-ken-sim-win-the-2026-vancouver-mayoral-election,55421587332814534239358077591902196885687853452852663013735389584714403285544,Will Ken Sim win the 2026 Vancouver mayoral election?,0.35,0.426829,0.6,false,0.285,mid,,0.065,0.065,0.141829,0.141829,NO_SIGNAL,LLM_HIGHER,weak,medium,12,0.82,0.978,,true,normalized_gap,Ken Sim has incumbency advantage but faces fragmented field and potential challenges from Allam and Greens. Polling is sparse and volatile.,"[""Polling volatility"", ""Candidate entry/exit dynamics"", ""Party-brand shifts"", ""Local coalition feasibility"", ""Incumbent performance""]",Incumbency provides base but fragmentation and party shifts create volatility.,OK,true
20260629T155053Z:RSO-0197,20260629T155053Z,2026-06-29T15:50:53Z,fair_value_v0.1,ollama,qwen3:8b,RSO-0197,Vancouver Mayoral Election Winner,Vancouver Mayoral Election Winner — Pete Fry,Pete Fry,Canada,global_satellite,municipal,vancouver_mayor_2026,1822542,0x1d4d4b7b17f1649e5a902a91992476263b1be640df547540cf2954bd00df4df8,will-pete-fry-win-the-2026-vancouver-mayoral-election,https://polymarket.com/event/will-pete-fry-win-the-2026-vancouver-mayoral-election,90282073970311127511205771444554273792281500981661699146096274090779625493121,Will Pete Fry win the 2026 Vancouver mayoral election?,0.05,0.060976,0.3,false,0.1,mid,,-0.05,0.05,-0.039024,0.039024,NO_SIGNAL,NO_SIGNAL,weak,none,12,0.82,0.978,,true,normalized_gap,"Pete Fry is a Green-aligned candidate with a recognizable local lane, but the field is fragmented with strong incumbents and multiple viable contenders. Municipal polling is sparse and unstable.","[""Incumbent Ken Sim's viability"", ""Fragmentation of the field"", ""Polling volatility"", ""Coalition dynamics"", ""Candidate entry/exit risks""]","Incumbency provides Ken Sim a base, but fragmentation and party-brand shifts create volatility. Pete Fry/Greens have local recognition but are not leading in current evidence.",OK,true
20260629T155053Z:RSO-0198,20260629T155053Z,2026-06-29T15:50:53Z,fair_value_v0.1,ollama,qwen3:8b,RSO-0198,Vancouver Mayoral Election Winner,Vancouver Mayoral Election Winner — William Azaroff,William Azaroff,Canada,global_satellite,municipal,vancouver_mayor_2026,1822543,0xe3a2415eb9cd17f05d6b26a4a4ee6e2b17c6dbf60b99c0ad2ca79a6a1e9c4a03,will-william-azaroff-win-the-2026-vancouver-mayoral-election,https://polymarket.com/event/will-william-azaroff-win-the-2026-vancouver-mayoral-election,59726996494827119492375424935770676929797925414434705899404676444699590377932,Will William Azaroff win the 2026 Vancouver mayoral election?,0.05,0.060976,0.3,false,0.0465,mid,,0.0035,0.0035,0.014476,0.014476,NO_SIGNAL,NO_SIGNAL,none,none,12,0.82,0.978,,true,normalized_gap,William Azaroff is a long-shot candidate in a fragmented field with no strong polling support.,"[""Sparse and volatile municipal polling"", ""Fragmented candidate field"", ""No recent polling data"", ""Local issues and name recognition matter"", ""Unresolved candidate entry/exit decisions""]","Incumbent Ken Sim has a base, but fragmentation and party-brand shifts create volatility. William Azaroff is an unsupported long-shot candidate.",OK,true
20260629T155053Z:RSO-0199,20260629T155053Z,2026-06-29T15:50:53Z,fair_value_v0.1,ollama,qwen3:8b,RSO-0199,Vancouver Mayoral Election Winner,Vancouver Mayoral Election Winner — Colleen Hardwick,Colleen Hardwick,Canada,global_satellite,municipal,vancouver_mayor_2026,1822545,0x668ccbcc382ed1e8771012e84ab96cd313a7fc9d1896839257bfee5478dacc22,will-colleen-hardwick-win-the-2026-vancouver-mayoral-election,https://polymarket.com/event/will-colleen-hardwick-win-the-2026-vancouver-mayoral-election,89769310711474760533294537071154855786894917447221789743554779027918597781074,Will Colleen Hardwick win the 2026 Vancouver mayoral election?,0.05,0.060976,0.3,false,0.009,mid,,0.041,0.041,0.051976,0.051976,NO_SIGNAL,NO_SIGNAL,none,weak,12,0.82,0.978,,true,normalized_gap,Colleen Hardwick is a long-shot candidate with limited polling data and fragmented support. Her TEAM party has local relevance but lacks broad appeal.,"[""Sparse and volatile municipal polling"", ""Fragmented candidate field"", ""Uncertain coalition dynamics"", ""Local issues dominance over national trends"", ""Unresolved candidate entry/exit risks""]","Incumbent Ken Sim has a base, but fragmentation and party shifts create volatility. Hardwick's TEAM has local lanes but lacks broad appeal.",OK,true
20260629T155053Z:RSO-0200,20260629T155053Z,2026-06-29T15:50:53Z,fair_value_v0.1,ollama,qwen3:8b,RSO-0200,Vancouver Mayoral Election Winner,Vancouver Mayoral Election Winner — John Coupar,John Coupar,Canada,global_satellite,municipal,vancouver_mayor_2026,1822539,0x495d7107985ea26bd6b84c32701b3d071f2fe56235a51b8c707cfeef3112ace6,will-john-coupar-win-the-2026-vancouver-mayoral-election,https://polymarket.com/event/will-john-coupar-win-the-2026-vancouver-mayoral-election,91011732195192715119336195106293107937750786695864847014700597796293873409000,Will John Coupar win the 2026 Vancouver mayoral election?,0.02,0.02439,0.3,false,0.009,mid,,0.011,0.011,0.01539,0.01539,NO_SIGNAL,NO_SIGNAL,none,none,12,0.82,0.978,,true,normalized_gap,John Coupar is a long-shot candidate with no notable political track record or party support in Vancouver's competitive mayoral race.,"[""Sparse polling data"", ""Unproven candidate"", ""Fragmented field"", ""Local issues dominance"", ""No major endorsements""]","Incumbent Ken Sim has a base, but fragmentation and party shifts create volatility. Coupar lacks recognition and support.",OK,true
20260629T155053Z:RSO-0201,20260629T155053Z,2026-06-29T15:50:53Z,fair_value_v0.1,ollama,qwen3:8b,RSO-0201,Vancouver Mayoral Election Winner,Vancouver Mayoral Election Winner — Rebecca Bligh,Rebecca Bligh,Canada,global_satellite,municipal,vancouver_mayor_2026,1822541,0xcb3a9ca91633c58ea4886b82edb537de4c7626197878e9768272a8bdeafd73bd,will-rebecca-bligh-win-the-2026-vancouver-mayoral-election,https://polymarket.com/event/will-rebecca-bligh-win-the-2026-vancouver-mayoral-election,14579945643291992769462285990958948598366227043675702054810459943164919524702,Will Rebecca Bligh win the 2026 Vancouver mayoral election?,0.05,0.060976,0.3,false,0.005,mid,,0.045,0.045,0.055976,0.055976,NO_SIGNAL,NO_SIGNAL,none,weak,12,0.82,0.978,,true,normalized_gap,Rebecca Bligh is a long-shot candidate in a fragmented field with no strong polling support.,"[""Sparse and volatile municipal polling"", ""Competitive field with multiple viable candidates"", ""No recent polling data on Bligh"", ""Fragmentation of party brands"", ""Incumbent's base vs. fragmentation""]","Incumbent Ken Sim has a base, but fragmentation and party-brand shifts create volatility. Bligh is a long-tail candidate with no clear support pathways.",OK,true
20260629T155053Z:RSO-0202,20260629T155053Z,2026-06-29T15:50:53Z,fair_value_v0.1,ollama,qwen3:8b,RSO-0202,Vancouver Mayoral Election Winner,Vancouver Mayoral Election Winner — Sean Orr,Sean Orr,Canada,global_satellite,municipal,vancouver_mayor_2026,1822544,0x2dd43d4fa975429df4e05c74fbf4138bbe7698f5de150534904f149704b74bef,will-sean-orr-win-the-2026-vancouver-mayoral-election,https://polymarket.com/event/will-sean-orr-win-the-2026-vancouver-mayoral-election,55250911016773637907503451689730410882595282732598649757892146244267780207014,Will Sean Orr win the 2026 Vancouver mayoral election?,0.02,0.02439,0.3,false,0.0045,mid,,0.0155,0.0155,0.01989,0.01989,NO_SIGNAL,NO_SIGNAL,none,none,12,0.82,0.978,,true,normalized_gap,"Sean Orr is an obscure candidate with no notable political track record or party support in Vancouver. The field includes established figures like Ken Sim and Kareem Allam, with fragmented polling and no clear path for Orr.","[""No recent polling data"", ""Lack of party endorsement"", ""Competitive field with established candidates"", ""Local issues dominance over national narratives"", ""Unresolved candidate entry/exit dynamics""]","Incumbency and established candidates provide a base, but Orr's lack of recognition and support makes him a long-shot.",OK,true
20260629T155053Z:RSO-0203,20260629T155053Z,2026-06-29T15:50:53Z,fair_value_v0.1,ollama,qwen3:8b,RSO-0203,Vancouver Mayoral Election Winner,Vancouver Mayoral Election Winner — Amanda Burrows,Amanda Burrows,Canada,global_satellite,municipal,vancouver_mayor_2026,1822547,0x2cdf238bcbdf2a11f0ea507ec464f4683e242e8eea089ff7e5f712dc25275113,will-amanda-burrows-win-the-2026-vancouver-mayoral-election,https://polymarket.com/event/will-amanda-burrows-win-the-2026-vancouver-mayoral-election,34427843948073824399247957635699582356193274913723486055708035745739439032182,Will Amanda Burrows win the 2026 Vancouver mayoral election?,0.05,0.060976,0.3,false,0.0025,mid,,0.0475,0.0475,0.058476,0.058476,NO_SIGNAL,NO_SIGNAL,none,weak,12,0.82,0.978,,true,normalized_gap,Amanda Burrows is a long-shot candidate in a fragmented field with no major endorsements or polling data supporting her viability.,"[""Sparse polling data"", ""No major endorsements"", ""Fragmented candidate field"", ""Local issues dominance"", ""Unresolved candidate entry/exit""]","Incumbent Ken Sim has a base, but fragmentation and party shifts create volatility. Long-shot candidates like Burrows are considered low probability unless there's a realistic path indicated.",OK,true
20260629T155053Z:RSO-0204,20260629T155053Z,2026-06-29T15:50:53Z,fair_value_v0.1,ollama,qwen3:8b,RSO-0204,Vancouver Mayoral Election Winner,Vancouver Mayoral Election Winner — Tim Louis,Tim Louis,Canada,global_satellite,municipal,vancouver_mayor_2026,1822546,0xccead3d44a9e1ce50807511acd1e1901e83a1169914c5e4627c002984e62f0fb,will-tim-louis-win-the-2026-vancouver-mayoral-election,https://polymarket.com/event/will-tim-louis-win-the-2026-vancouver-mayoral-election,3747902034763719249673945486466805023089364001928628204808740895456003637583,Will Tim Louis win the 2026 Vancouver mayoral election?,0.02,0.02439,0.3,false,0.003,mid,,0.017,0.017,0.02139,0.02139,NO_SIGNAL,NO_SIGNAL,none,none,12,0.82,0.978,,true,normalized_gap,Tim Louis is an obscure candidate with no notable political track record or party support in Vancouver's competitive mayoral race.,"[""Sparse polling data"", ""Unproven local appeal"", ""Lack of party endorsement"", ""Competitive field dynamics"", ""Incumbent momentum""]","Incumbent Ken Sim has a base, but fragmentation and party shifts create volatility. Tim Louis is a long-tail candidate with no established local presence.",OK,true
20260629T155053Z:RSO-0205,20260629T155053Z,2026-06-29T15:50:53Z,fair_value_v0.1,ollama,qwen3:8b,RSO-0205,Vancouver Mayoral Election Winner,Vancouver Mayoral Election Winner — Fred Harding,Fred Harding,Canada,global_satellite,municipal,vancouver_mayor_2026,1822548,0xca2016ab394faf01886965daa30156aa7df052b32adbfc9f00a46a06d8ed8caf,will-fred-harding-win-the-2026-vancouver-mayoral-election,https://polymarket.com/event/will-fred-harding-win-the-2026-vancouver-mayoral-election,42950286760308725122858983675245601299740225552122691924119275382764901291368,Will Fred Harding win the 2026 Vancouver mayoral election?,0.02,0.02439,0.3,false,0.0025,mid,,0.0175,0.0175,0.02189,0.02189,NO_SIGNAL,NO_SIGNAL,none,none,12,0.82,0.978,,true,normalized_gap,"Fred Harding is an obscure candidate with no notable political track record or party support. The field includes established figures like Ken Sim and Kareem Allam, with fragmented polling and no clear path for Harding.","[""Candidate visibility"", ""Party support"", ""Polling accuracy"", ""Competitive landscape"", ""Election system specifics""]","Incumbency and established candidates provide a base, but fragmented polling and lack of support for Harding suggest low probability.",OK,true
20260629T155053Z:RSO-0206,20260629T155053Z,2026-06-29T15:50:53Z,fair_value_v0.1,ollama,qwen3:8b,RSO-0206,Vancouver Mayoral Election Winner,Vancouver Mayoral Election Winner — Kirk LaPointe,Kirk LaPointe,Canada,global_satellite,municipal,vancouver_mayor_2026,1822540,0xf42fdaf0069af7f49b1b2dcd8160ad73034c8704ef988c44dfe964f2f719facc,will-kirk-lapointe-win-the-2026-vancouver-mayoral-election,https://polymarket.com/event/will-kirk-lapointe-win-the-2026-vancouver-mayoral-election,98828070679515257701157390784579387385530822324881009700391159202814891015617,Will Kirk LaPointe win the 2026 Vancouver mayoral election?,0.02,0.02439,0.3,false,0.006,mid,,0.014,0.014,0.01839,0.01839,NO_SIGNAL,NO_SIGNAL,none,none,12,0.82,0.978,,true,normalized_gap,Kirk LaPointe is a long-shot candidate with no notable political track record or party support in Vancouver's competitive mayoral race.,"[""Sparse polling data"", ""Unproven candidate"", ""Fragmented field"", ""Local issues dominance"", ""Party brand shifts""]","Incumbent Ken Sim has a base, but fragmentation and party-brand shifts create volatility. Kareem Allam and others have more established local lanes.",OK,true
20260629T155053Z:RSO-0207,20260629T155053Z,2026-06-29T15:50:53Z,fair_value_v0.1,ollama,qwen3:8b,RSO-0207,Next Prime Minister of Israel after next election,Next Prime Minister of Israel after next election — Gadi Eizenkot,Gadi Eizenkot,Israel,global_satellite,parliamentary_coalition,israel_next_pm_2026,682708,0xdbe93b5a701f36076a560fa4b9ba59e365a6e8e2ea6a83764640010657277ca4,will-gadi-eizenkot-be-the-next-prime-minister-of-israel,https://polymarket.com/event/will-gadi-eizenkot-be-the-next-prime-minister-of-israel,52487256270918227930942830546248720603566203568229607048093730748840489555808,Will Gadi Eizenkot be the next Prime Minister of Israel?,0.15,0.09434,0.6,false,0.416,mid,,-0.266,0.266,-0.32166,0.32166,MARKET_HIGHER,MARKET_HIGHER,strong,extreme,18,1.59,0.9805,llm_mass_too_high,true,normalized_gap,"Eisenkot's Yashar party has 20-22 seats, but coalition formation is complex. Netanyahu remains a key force. Cross-bloc potential exists but uncertainty remains.","[""Coalition feasibility"", ""Netanyahu's resilience"", ""Yashar's coalition potential"", ""Election outcome volatility"", ""Small party influence""]","In parliamentary systems, most seats do not guarantee PM status. Base rate considers historical coalition dynamics and incumbent resilience.",OK,true
20260629T155053Z:RSO-0208,20260629T155053Z,2026-06-29T15:50:53Z,fair_value_v0.1,ollama,qwen3:8b,RSO-0208,Next Prime Minister of Israel after next election,Next Prime Minister of Israel after next election — Benjamin Netanyahu,Benjamin Netanyahu,Israel,global_satellite,parliamentary_coalition,israel_next_pm_2026,682705,0x7586a96520578acaaaa4ea84a2582f197f84255da1f3392a7aa300386c187b37,will-benjamin-netanyahu-be-the-next-prime-minister-of-israel,https://polymarket.com/event/will-benjamin-netanyahu-be-the-next-prime-minister-of-israel,20006732765674855733524007935991362439352594042415161039767275461950712817548,Will Benjamin Netanyahu be the next Prime Minister of Israel?,0.45,0.283019,0.65,false,0.335,mid,,0.115,0.115,-0.051981,0.051981,LLM_HIGHER,NO_SIGNAL,medium,weak,18,1.59,0.9805,llm_mass_too_high,true,normalized_gap,"Netanyahu remains a key force with coalition potential, but Gadi Eisenkot's rising Yashar party poses significant competition. Outcome depends on complex coalition dynamics.","[""Coalition formation complexity"", ""Eisenkot's seat count accuracy"", ""Netanyahu's coalition viability"", ""Opposition party strategies"", ""Election date changes""]","Base rate considers Netanyahu's historical dominance and current coalition feasibility, adjusted for emerging challenger's potential.",OK,true
20260629T155053Z:RSO-0209,20260629T155053Z,2026-06-29T15:50:53Z,fair_value_v0.1,ollama,qwen3:8b,RSO-0209,Next Prime Minister of Israel after next election,Next Prime Minister of Israel after next election — Naftali Bennett,Naftali Bennett,Israel,global_satellite,parliamentary_coalition,israel_next_pm_2026,682706,0x9ed0ecc8b8589e67967d44c4420944a41b6a6806419019a1581d514174eee9b1,will-naftali-bennett-be-the-next-prime-minister-of-israel,https://polymarket.com/event/will-naftali-bennett-be-the-next-prime-minister-of-israel,58945936829392654397399777214757608864525173988558750256164021442231118224154,Will Naftali Bennett be the next Prime Minister of Israel?,0.15,0.09434,0.6,false,0.125,mid,,0.025,0.025,-0.03066,0.03066,NO_SIGNAL,NO_SIGNAL,none,none,18,1.59,0.9805,llm_mass_too_high,true,normalized_gap,Bennett faces competition from Eisenkot and Netanyahu. Coalition dynamics and his current poll numbers suggest lower probability.,"[""Coalition formation complexity"", ""Netanyahu's resilience"", ""Eisenkot's rise"", ""Bennett's current poll numbers"", ""Unresolved party dynamics""]","Base rate considers parliamentary systems where coalition formation is key, and Bennett's historical performance in similar contexts.",OK,true
20260629T155053Z:RSO-0210,20260629T155053Z,2026-06-29T15:50:53Z,fair_value_v0.1,ollama,qwen3:8b,RSO-0210,Next Prime Minister of Israel after next election,Next Prime Minister of Israel after next election — Avigdor Lieberman,Avigdor Lieberman,Israel,global_satellite,parliamentary_coalition,israel_next_pm_2026,682710,0xadffc96f54f350b3655f72fe2853c81bfd705e9703f62469e6a14782ad5d4ec0,will-avigdor-lieberman-be-the-next-prime-minister-of-israel,https://polymarket.com/event/will-avigdor-lieberman-be-the-next-prime-minister-of-israel,105057524965982907913786325697426001538810836564004836999292309706852745390829,Will Avigdor Lieberman be the next Prime Minister of Israel?,0.05,0.031447,0.4,false,0.037,mid,,0.013,0.013,-0.005553,0.005553,NO_SIGNAL,NO_SIGNAL,none,none,18,1.59,0.9805,llm_mass_too_high,true,normalized_gap,"Lieberman's party (Shas) is unlikely to secure enough seats for coalition leadership, with current polling showing limited seat gains. Coalition dynamics favor Netanyahu or Eisenkot.","[""Shas seat count uncertainty"", ""Coalition feasibility"", ""Netanyahu's resilience"", ""Eisenkot's coalition potential"", ""Polling accuracy""]",Base rate considers historical Israeli PM election outcomes and current polling data.,OK,true
20260629T155053Z:RSO-0211,20260629T155053Z,2026-06-29T15:50:53Z,fair_value_v0.1,ollama,qwen3:8b,RSO-0211,Next Prime Minister of Israel after next election,Next Prime Minister of Israel after next election — Itamar Ben Gvir,Itamar Ben Gvir,Israel,global_satellite,parliamentary_coalition,israel_next_pm_2026,682713,0x4bf44e9885ee8f43148458d5c9537d96c940cf48414557528358d65870131517,will-itamar-ben-gvir-be-the-next-prime-minister-of-israel,https://polymarket.com/event/will-itamar-ben-gvir-be-the-next-prime-minister-of-israel,97037271592384590668192904767730391938961253014413658633971882704234126806284,Will Itamar Ben Gvir be the next Prime Minister of Israel?,0.05,0.031447,0.3,false,0.0115,mid,,0.0385,0.0385,0.019947,0.019947,NO_SIGNAL,NO_SIGNAL,none,none,18,1.59,0.9805,llm_mass_too_high,true,normalized_gap,"Ben Gvir's party (Ra'am) is not a major force in current polling, and coalition dynamics favor other candidates like Eisenkot or Netanyahu. His path to PM requires unlikely coalition shifts.","[""Ra'am's seat count"", ""Coalition feasibility"", ""Netanyahu's resilience"", ""Eisenkot's coalition potential"", ""Unresolved candidate dynamics""]","In parliamentary systems, PM probability depends on coalition formation, not just party strength. Current evidence suggests Ben Gvir is a long-shot.",OK,true
20260629T155053Z:RSO-0212,20260629T155053Z,2026-06-29T15:50:53Z,fair_value_v0.1,ollama,qwen3:8b,RSO-0212,Next Prime Minister of Israel after next election,Next Prime Minister of Israel after next election — Benny Gantz,Benny Gantz,Israel,global_satellite,parliamentary_coalition,israel_next_pm_2026,682709,0xf773a12cc13214fc493ec398f96c4ea5ec87ea4ff3b29795041d5498e314ad1e,will-benny-gantz-be-the-next-prime-minister-of-israel,https://polymarket.com/event/will-benny-gantz-be-the-next-prime-minister-of-israel,105121209501718913679835702557350272753628810249278953188501220308690716470697,Will Benny Gantz be the next Prime Minister of Israel?,0.15,0.09434,0.6,false,0.0045,mid,,0.1455,0.1455,0.08984,0.08984,LLM_HIGHER,NO_SIGNAL,medium,weak,18,1.59,0.9805,llm_mass_too_high,true,normalized_gap,"Benny Gantz's coalition prospects are uncertain given current polling and political dynamics, but he remains a plausible alternative.","[""Coalition formation complexity"", ""Netanyahu's resilience"", ""Eisenkot's rising influence"", ""Small parties' role"", ""Unresolved candidate dynamics""]",Base rate considers historical Israeli PM transitions and current polling data indicating Gantz's moderate position.,OK,true
20260629T155053Z:RSO-0213,20260629T155053Z,2026-06-29T15:50:53Z,fair_value_v0.1,ollama,qwen3:8b,RSO-0213,Next Prime Minister of Israel after next election,Next Prime Minister of Israel after next election — Gilad Erdan,Gilad Erdan,Israel,global_satellite,parliamentary_coalition,israel_next_pm_2026,682722,0xea653dbacdb5b0ba21c9b745f5fb463fe654b988129093ce471d3b3652650cba,will-gilad-erdan-be-the-next-prime-minister-of-israel,https://polymarket.com/event/will-gilad-erdan-be-the-next-prime-minister-of-israel,73391412196952346536768049629984781694862224381955045702486880678656173160147,Will Gilad Erdan be the next Prime Minister of Israel?,0.05,0.031447,0.3,false,0.0065,mid,,0.0435,0.0435,0.024947,0.024947,NO_SIGNAL,NO_SIGNAL,none,none,18,1.59,0.9805,llm_mass_too_high,true,normalized_gap,"Gilad Erdan's party (Yisrael Beiteinu) is not a major force in current polling, and coalition dynamics favor other candidates like Eisenkot or Netanyahu.","[""Yisrael Beiteinu's seat count"", ""Coalition feasibility for Erdan"", ""Eisenkot's coalition momentum"", ""Netanyahu's resilience"", ""Polling accuracy""]","In parliamentary systems, PM probability depends on coalition formation, not just party strength.",OK,true
20260629T155053Z:RSO-0214,20260629T155053Z,2026-06-29T15:50:53Z,fair_value_v0.1,ollama,qwen3:8b,RSO-0214,Next Prime Minister of Israel after next election,Next Prime Minister of Israel after next election — Yariv Levin,Yariv Levin,Israel,global_satellite,parliamentary_coalition,israel_next_pm_2026,682715,0x93d07ffcf5c243b98e655380eb876d4a3393351b7325059064cb5a4b1ff6ceb2,will-yariv-levin-be-the-next-prime-minister-of-israel,https://polymarket.com/event/will-yariv-levin-be-the-next-prime-minister-of-israel,28155793585619215559447305702051573036104753242134264350727089371549716604590,Will Yariv Levin be the next Prime Minister of Israel?,0.05,0.031447,0.3,false,0.0045,mid,,0.0455,0.0455,0.026947,0.026947,NO_SIGNAL,NO_SIGNAL,none,none,18,1.59,0.9805,llm_mass_too_high,true,normalized_gap,"Yariv Levin's party (Yesh Atid) is not a leading force in current polling, and coalition dynamics favor other candidates like Netanyahu or Eisenkot.","[""Yesh Atid's seat count could change"", ""Coalition feasibility for Levin"", ""Eisenkot's coalition momentum"", ""Netanyahu's resilience"", ""Polling accuracy""]","In parliamentary systems, PM probability depends on coalition formation, not just party strength.",OK,true
20260629T155053Z:RSO-0215,20260629T155053Z,2026-06-29T15:50:53Z,fair_value_v0.1,ollama,qwen3:8b,RSO-0215,Next Prime Minister of Israel after next election,Next Prime Minister of Israel after next election — Israel Katz,Israel Katz,Israel,global_satellite,parliamentary_coalition,israel_next_pm_2026,682719,0xb25a93dc8c0f28dc404f7ee41cf6788a9de054418bd068740849b4a2995486e9,will-israel-katz-be-the-next-prime-minister-of-israel,https://polymarket.com/event/will-israel-katz-be-the-next-prime-minister-of-israel,49071939739791449726827416712265617396930502300780957239086018273026268436098,Will Israel Katz be the next Prime Minister of Israel?,0.05,0.031447,0.3,false,0.0045,mid,,0.0455,0.0455,0.026947,0.026947,NO_SIGNAL,NO_SIGNAL,none,none,18,1.59,0.9805,llm_mass_too_high,true,normalized_gap,"Israel Katz's chances are low given current evidence, but not impossible. His party's seat count and coalition potential are unclear.","[""Yashar's seat count accuracy"", ""Netanyahu's coalition resilience"", ""Katz's party's viability"", ""Coalition formation dynamics"", ""Election outcome volatility""]","Base rate considers parliamentary systems where coalition formation is key, and Katz is a long-tail candidate.",OK,true
20260629T155053Z:RSO-0216,20260629T155053Z,2026-06-29T15:50:53Z,fair_value_v0.1,ollama,qwen3:8b,RSO-0216,Next Prime Minister of Israel after next election,Next Prime Minister of Israel after next election — Amir Ohana,Amir Ohana,Israel,global_satellite,parliamentary_coalition,israel_next_pm_2026,682721,0x8cbdd0c4c6061c9e5c5a94d4a474c1880d0f2ab5ee4704a64af1e77c6d0e18d0,will-amir-ohana-be-the-next-prime-minister-of-israel,https://polymarket.com/event/will-amir-ohana-be-the-next-prime-minister-of-israel,37479008447091488432468168948590430208783407360102685992956858050228448972626,Will Amir Ohana be the next Prime Minister of Israel?,0.05,0.031447,0.4,false,0.0045,mid,,0.0455,0.0455,0.026947,0.026947,NO_SIGNAL,NO_SIGNAL,none,none,18,1.59,0.9805,llm_mass_too_high,true,normalized_gap,"Amir Ohana's party (Yesh Atid) is not a leading force in current polling, and coalition dynamics favor other candidates like Netanyahu or Eisenkot.","[""Yesh Atid's seat count could change"", ""Coalition feasibility for Ohana"", ""Netanyahu's resilience"", ""Eisenkot's coalition potential"", ""Polling accuracy""]","In parliamentary systems, PM probability depends on coalition formation, not just party strength.",OK,true
20260629T155053Z:RSO-0217,20260629T155053Z,2026-06-29T15:50:53Z,fair_value_v0.1,ollama,qwen3:8b,RSO-0217,Next Prime Minister of Israel after next election,Next Prime Minister of Israel after next election — Gideon Sa’ar,Gideon Sa’ar,Israel,global_satellite,parliamentary_coalition,israel_next_pm_2026,682714,0xfb2cb634e693b1758fc78b38b02754472edd728bd22eb4a7023c6f49419c73d6,will-gideon-saar-be-the-next-prime-minister-of-israel,https://polymarket.com/event/will-gideon-saar-be-the-next-prime-minister-of-israel,113523109301381527088718768250912137532200947193534063249121987336101159734964,Will Gideon Sa’ar be the next Prime Minister of Israel?,0.05,0.031447,0.4,false,0.0045,mid,,0.0455,0.0455,0.026947,0.026947,NO_SIGNAL,NO_SIGNAL,none,none,18,1.59,0.9805,llm_mass_too_high,true,normalized_gap,Gideon Sa'ar is a long-shot candidate with no clear coalition path. Current evidence highlights Gadi Eisenkot and Netanyahu as more prominent contenders.,"[""Coalition formation dynamics"", ""Sa'ar's party viability"", ""Election outcome volatility"", ""Competitor momentum"", ""Threshold effects""]","Base rate considers parliamentary systems where coalition formation often determines PM status, not just seat counts.",OK,true
20260629T155053Z:RSO-0218,20260629T155053Z,2026-06-29T15:50:53Z,fair_value_v0.1,ollama,qwen3:8b,RSO-0218,Next Prime Minister of Israel after next election,Next Prime Minister of Israel after next election — Yoaz Hendel,Yoaz Hendel,Israel,global_satellite,parliamentary_coalition,israel_next_pm_2026,682718,0x641ee08666fd2c37f890d59b4fd32ad8a23e8500e1ad070e112a90219a4d4bfa,will-yoaz-hendel-be-the-next-prime-minister-of-israel,https://polymarket.com/event/will-yoaz-hendel-be-the-next-prime-minister-of-israel,12118827801400239712815717295403167152230979784826228363180815353568423454582,Will Yoaz Hendel be the next Prime Minister of Israel?,0.05,0.031447,0.3,false,0.0055,mid,,0.0445,0.0445,0.025947,0.025947,NO_SIGNAL,NO_SIGNAL,none,none,18,1.59,0.9805,llm_mass_too_high,true,normalized_gap,"Yoaz Hendel's party (Yesh Atid) is not a leading force in current polling, and coalition dynamics favor other candidates like Netanyahu or Eisenkot.","[""Yesh Atid's seat count"", ""Coalition feasibility"", ""Election outcome volatility"", ""Polling accuracy"", ""Candidate entry/exit risks""]","In parliamentary systems, PM probability depends on coalition formation, not just party seats.",OK,true
20260629T155053Z:RSO-0219,20260629T155053Z,2026-06-29T15:50:53Z,fair_value_v0.1,ollama,qwen3:8b,RSO-0219,Next Prime Minister of Israel after next election,Next Prime Minister of Israel after next election — Yair Lapid,Yair Lapid,Israel,global_satellite,parliamentary_coalition,israel_next_pm_2026,682707,0x45a79193a66e5078a29c625e78e0d4b9a059edef8e206097c48bbfe7eaf9590e,will-yair-lapid-be-the-next-prime-minister-of-israel,https://polymarket.com/event/will-yair-lapid-be-the-next-prime-minister-of-israel,30912854850866302644106316438153629460678506137655559406260043509960678109607,Will Yair Lapid be the next Prime Minister of Israel?,0.15,0.09434,0.6,false,0.0075,mid,,0.1425,0.1425,0.08684,0.08684,LLM_HIGHER,NO_SIGNAL,medium,weak,18,1.59,0.9805,llm_mass_too_high,true,normalized_gap,"Yair Lapid's party (Yesh Atid) is not leading in recent polls, and coalition dynamics favor Gadi Eisenkot or Netanyahu. Lapid's path requires complex coalition-building.","[""Yesh Atid's poll numbers"", ""Coalition feasibility"", ""Netanyahu's resilience"", ""Eisenkot's coalition potential"", ""Lapid's role in government formation""]","In parliamentary systems, PM probability depends on coalition formation, not just party strength.",OK,true
20260629T155053Z:RSO-0220,20260629T155053Z,2026-06-29T15:50:53Z,fair_value_v0.1,ollama,qwen3:8b,RSO-0220,Next Prime Minister of Israel after next election,Next Prime Minister of Israel after next election — Yossi Cohen,Yossi Cohen,Israel,global_satellite,parliamentary_coalition,israel_next_pm_2026,682711,0xa653be0f150dbe055a532ea02977338bb31f49d1f723b2a48c1f67847a73cb7d,will-yossi-cohen-be-the-next-prime-minister-of-israel,https://polymarket.com/event/will-yossi-cohen-be-the-next-prime-minister-of-israel,80908635602471552886049573110321791161186841957249509900771759394573505359926,Will Yossi Cohen be the next Prime Minister of Israel?,0.02,0.012579,0.3,false,0.004,mid,,0.016,0.016,0.008579,0.008579,NO_SIGNAL,NO_SIGNAL,none,none,18,1.59,0.9805,llm_mass_too_high,true,normalized_gap,"Yossi Cohen's party (Yesh Atid) is not a leading force in current polling, and coalition dynamics favor other candidates like Netanyahu or Eisenkot.","[""Yesh Atid's seat count"", ""Coalition feasibility"", ""Cohen's personal appeal"", ""Election system thresholds"", ""Unforeseen events""]","In parliamentary systems, PM probability depends on coalition formation, not just party strength.",OK,true
20260629T155053Z:RSO-0221,20260629T155053Z,2026-06-29T15:50:53Z,fair_value_v0.1,ollama,qwen3:8b,RSO-0221,Next Prime Minister of Israel after next election,Next Prime Minister of Israel after next election — Yair Golan,Yair Golan,Israel,global_satellite,parliamentary_coalition,israel_next_pm_2026,682712,0xfcd53c97fef81c4ecad8a97c8c47fdf1ce0a54a0daeff7bae53eaa3a9af343f2,will-yair-golan-be-the-next-prime-minister-of-israel,https://polymarket.com/event/will-yair-golan-be-the-next-prime-minister-of-israel,38003127295883228185689665963602138176190384641897237734105806870773590495970,Will Yair Golan be the next Prime Minister of Israel?,0.05,0.031447,0.3,false,0.0035,mid,,0.0465,0.0465,0.027947,0.027947,NO_SIGNAL,NO_SIGNAL,none,none,18,1.59,0.9805,llm_mass_too_high,true,normalized_gap,"Yair Golan's party (Yisrael Beiteinu) is not a major force in current polling, and coalition dynamics favor other candidates like Eisenkot or Netanyahu.","[""Yisrael Beiteinu's seat count"", ""Coalition feasibility for Golan"", ""Netanyahu's resilience"", ""Eisenkot's coalition potential"", ""Polling accuracy""]","In parliamentary systems, PM probability depends on coalition formation, not just party strength.",OK,true
20260629T155053Z:RSO-0222,20260629T155053Z,2026-06-29T15:50:53Z,fair_value_v0.1,ollama,qwen3:8b,RSO-0222,Next Prime Minister of Israel after next election,Next Prime Minister of Israel after next election — Nir Barkat,Nir Barkat,Israel,global_satellite,parliamentary_coalition,israel_next_pm_2026,682720,0xd8625515585b5bf81d9c1262a1d2b0212a6f2a7a5c5f6ef6c993f7cc269f92dd,will-nir-barkat-be-the-next-prime-minister-of-israel,https://polymarket.com/event/will-nir-barkat-be-the-next-prime-minister-of-israel,62339970278220985797814574706934957062291648936534682461243840366141506822305,Will Nir Barkat be the next Prime Minister of Israel?,0.01,0.006289,0.2,false,0.0025,mid,,0.0075,0.0075,0.003789,0.003789,NO_SIGNAL,NO_SIGNAL,none,none,18,1.59,0.9805,llm_mass_too_high,true,normalized_gap,Nir Barkat is a minor candidate with no significant party or coalition support. Current evidence highlights Gadi Eisenkot and Netanyahu as leading contenders.,"[""Barkat's party viability"", ""Coalition dynamics"", ""Election outcome volatility"", ""Polling accuracy"", ""Candidate entry/exit risks""]","In parliamentary systems, PM probability depends on coalition formation. Barkat lacks major party backing or coalition potential.",OK,true
20260629T155053Z:RSO-0223,20260629T155053Z,2026-06-29T15:50:53Z,fair_value_v0.1,ollama,qwen3:8b,RSO-0223,Next Prime Minister of Israel after next election,Next Prime Minister of Israel after next election — Ayelet Shaked,Ayelet Shaked,Israel,global_satellite,parliamentary_coalition,israel_next_pm_2026,682717,0x80a849ac73eefe56d4d613e44b45e32b9f91f0bfc77173b732cffac7daab3b3b,will-ayelet-shaked-be-the-next-prime-minister-of-israel,https://polymarket.com/event/will-ayelet-shaked-be-the-next-prime-minister-of-israel,20847822223909889861535421917104908467512615252569123202591433051136381225081,Will Ayelet Shaked be the next Prime Minister of Israel?,0.05,0.031447,0.4,false,0.0015,mid,,0.0485,0.0485,0.029947,0.029947,NO_SIGNAL,NO_SIGNAL,none,none,18,1.59,0.9805,llm_mass_too_high,true,normalized_gap,"Ayelet Shaked's party (Yisrael Beiteinu) is not a major force in current polling, and coalition dynamics favor other candidates like Gadi Eisenkot or Netanyahu. Her path to PM requires unlikely coalition shifts.","[""Yisrael Beiteinu's seat count"", ""Coalition feasibility"", ""Netanyahu's resilience"", ""Eisenkot's coalition potential"", ""Polling accuracy""]","In parliamentary systems, PM probability depends on coalition formation, not just party strength. Shaked is a long-tail candidate without strong current evidence.",OK,true
20260629T155053Z:RSO-0224,20260629T155053Z,2026-06-29T15:50:53Z,fair_value_v0.1,ollama,qwen3:8b,RSO-0224,Next Prime Minister of Israel after next election,Next Prime Minister of Israel after next election — Moshe Feiglin,Moshe Feiglin,Israel,global_satellite,parliamentary_coalition,israel_next_pm_2026,682716,0x673db99d92473e9ee854b8a0ec0cff15d156e5c33a13e1e12db7266d33fde4d3,will-moshe-feiglin-be-the-next-prime-minister-of-israel,https://polymarket.com/event/will-moshe-feiglin-be-the-next-prime-minister-of-israel,53508697093100828360254088937709702626357043454735600798387762815121144942132,Will Moshe Feiglin be the next Prime Minister of Israel?,0.01,0.006289,0.3,false,0.0025,mid,,0.0075,0.0075,0.003789,0.003789,NO_SIGNAL,NO_SIGNAL,none,none,18,1.59,0.9805,llm_mass_too_high,true,normalized_gap,Moshe Feiglin's party (Ra'am) has limited seats and coalition potential. Current evidence highlights Gadi Eisenkot and Netanyahu as more viable candidates. Feiglin's path requires unlikely coalition arrangements.,"[""Ra'am's seat count"", ""Coalition feasibility"", ""Feiglin's personal appeal"", ""Election system thresholds"", ""Competitor momentum""]","In parliamentary systems, PM probability depends on coalition dynamics beyond seat counts. Feiglin's viability is low without significant changes in party dynamics or coalition possibilities.",OK,true
20260629T155053Z:RSO-0225,20260629T155053Z,2026-06-29T15:50:53Z,fair_value_v0.1,ollama,qwen3:8b,RSO-0225,Israeli Legislative Election Winner,Israeli Legislative Election Winner — Likud,Likud,Israel,global_satellite,parliamentary_coalition,israel_most_seats_2026,2100981,0xf77fa3e63014f1f76ea4433dac66b3860493ed7f1a9fee3dfbef9104d7f1eee3,will-likud-win-the-most-seats-in-the-2026-israeli-legislative-election,https://polymarket.com/event/will-likud-win-the-most-seats-in-the-2026-israeli-legislative-election,40530616708770133196461535468385029946615148250396571867031554779644977064648,Will Likud win the most seats in the 2026 Israeli legislative election?,0.35,0.388889,0.65,false,0.37,mid,,-0.02,0.02,0.018889,0.018889,NO_SIGNAL,NO_SIGNAL,none,none,6,0.9,1.013,,true,normalized_gap,"Likud has historical strength and base, but Yashar/Eisenkot shows recent momentum. Smaller parties could influence outcomes, and coalition dynamics add uncertainty.","[""Recent polling shifts"", ""Coalition feasibility"", ""Smaller party influence"", ""Leadership changes"", ""Election system thresholds""]",Likud has durable organization and Netanyahu's base. Yashar/Eisenkot has momentum in recent polling.,OK,true
20260629T155053Z:RSO-0226,20260629T155053Z,2026-06-29T15:50:53Z,fair_value_v0.1,ollama,qwen3:8b,RSO-0226,Israeli Legislative Election Winner,Israeli Legislative Election Winner — Yashar,Yashar,Israel,global_satellite,parliamentary_coalition,israel_most_seats_2026,2100984,0xd05da9807740aa0f5bc9e9232daabe87a21e5012c19e283abf414f1c1651118b,will-yashar-win-the-most-seats-in-the-2026-israeli-legislative-election,https://polymarket.com/event/will-yashar-win-the-most-seats-in-the-2026-israeli-legislative-election,9025448570994866714151390167666974197623007132973626623412960268955048642964,Will Yashar win the most seats in the 2026 Israeli legislative election?,0.25,0.277778,0.6,false,0.365,mid,,-0.115,0.115,-0.087222,0.087222,MARKET_HIGHER,NO_SIGNAL,medium,weak,6,0.9,1.013,,true,normalized_gap,Yashar has recent polling momentum but faces competition from Likud's established base and coalition dynamics. Smaller parties could influence outcomes.,"[""Likud's organizational strength"", ""Coalition compatibility"", ""Small party influence"", ""Polling volatility"", ""Alliance shifts""]",Likud has durable organization and Netanyahu's base. Yashar/Eisenkot has momentum in recent polling.,OK,true
20260629T155053Z:RSO-0227,20260629T155053Z,2026-06-29T15:50:53Z,fair_value_v0.1,ollama,qwen3:8b,RSO-0227,Israeli Legislative Election Winner,Israeli Legislative Election Winner — Together,Together,Israel,global_satellite,parliamentary_coalition,israel_most_seats_2026,2100982,0x4e9cff8a3aeac036225fedcc98af9b0d55284b3f430b599e7f61b059c1e177af,will-together-win-the-most-seats-in-the-2026-israeli-legislative-election,https://polymarket.com/event/will-together-win-the-most-seats-in-the-2026-israeli-legislative-election,4486291330995931849416559581383425061287287542982906092720569789339786774392,Will Together win the most seats in the 2026 Israeli legislative election?,0.15,0.166667,0.6,false,0.27,mid,,-0.12,0.12,-0.103333,0.103333,MARKET_HIGHER,MARKET_HIGHER,medium,medium,6,0.9,1.013,,true,normalized_gap,Together has limited base and faces competition from Likud and Yashar/Eisenkot. Polling suggests they are not leading in most-seats projections.,"[""Likud's organizational strength"", ""Yashar/Eisenkot's momentum"", ""Coalition feasibility"", ""Polling volatility"", ""Small party influence""]",Likud has durable organization and Netanyahu's base. Yashar/Eisenkot has recent polling momentum. Smaller parties can be pivotal but are less likely to finish first.,OK,true
20260629T155053Z:RSO-0228,20260629T155053Z,2026-06-29T15:50:53Z,fair_value_v0.1,ollama,qwen3:8b,RSO-0228,Israeli Legislative Election Winner,Israeli Legislative Election Winner — Shas,Shas,Israel,global_satellite,parliamentary_coalition,israel_most_seats_2026,2100983,0xc3c4b06b71e5a9dec867169d4319a4bf7364d7b0a6c5d6cd048689a207aafc40,will-shas-win-the-most-seats-in-the-2026-israeli-legislative-election,https://polymarket.com/event/will-shas-win-the-most-seats-in-the-2026-israeli-legislative-election,43025613818662551227164158603793018117245522237166942374881915274782654094251,Will Shas win the most seats in the 2026 Israeli legislative election?,0.05,0.055556,0.3,false,0.0025,mid,,0.0475,0.0475,0.053056,0.053056,NO_SIGNAL,NO_SIGNAL,none,weak,6,0.9,1.013,,true,normalized_gap,"Shas is a smaller religious party with limited national appeal. While they may gain seats, winning the most is unlikely given current polling and coalition dynamics.","[""Recent polling trends for Shas"", ""Coalition formation possibilities"", ""Incumbent party momentum"", ""Threshold vote requirements"", ""Unresolved candidate dynamics""]",Likud and Yashar/Eisenkot have stronger base rates and recent polling momentum.,OK,true
20260629T155053Z:RSO-0229,20260629T155053Z,2026-06-29T15:50:53Z,fair_value_v0.1,ollama,qwen3:8b,RSO-0229,Israeli Legislative Election Winner,Israeli Legislative Election Winner — The Democrats,The Democrats,Israel,global_satellite,parliamentary_coalition,israel_most_seats_2026,2100985,0x4a48f706471324eb289b2a77a368f7cfc3cdbf899ea320395e9afaa9191570e9,will-the-democrats-win-the-most-seats-in-the-2026-israeli-legislative-election,https://polymarket.com/event/will-the-democrats-win-the-most-seats-in-the-2026-israeli-legislative-election,13946614065225357961512448593443036356822710705632040528640964889522868467395,Will The Democrats win the most seats in the 2026 Israeli legislative election?,0.05,0.055556,0.4,false,0.0025,mid,,0.0475,0.0475,0.053056,0.053056,NO_SIGNAL,NO_SIGNAL,none,weak,6,0.9,1.013,,true,normalized_gap,"The Democrats are a smaller party with limited polling data and no clear path to most seats. Base rates suggest they are unlikely to win, but uncertainty remains due to potential coalition shifts and fragmented voting patterns.","[""Fragmented voting patterns"", ""Coalition dynamics"", ""Polling volatility"", ""Small party influence"", ""Leadership changes""]",Likud and Yashar/Eisenkot have stronger base rates and recent polling momentum.,OK,true
20260629T155053Z:RSO-0230,20260629T155053Z,2026-06-29T15:50:53Z,fair_value_v0.1,ollama,qwen3:8b,RSO-0230,Israeli Legislative Election Winner,Israeli Legislative Election Winner — Otzma Yehudit,Otzma Yehudit,Israel,global_satellite,parliamentary_coalition,israel_most_seats_2026,2100986,0x49b2c8eac865bbac235153824b3490185ff0fdb7305cb053b2ab5b1466bf4f36,will-otzma-yehudit-win-the-most-seats-in-the-2026-israeli-legislative-election,https://polymarket.com/event/will-otzma-yehudit-win-the-most-seats-in-the-2026-israeli-legislative-election,72928611581150091479894843605103749117561320868375067552073452709256467488450,Will Otzma Yehudit win the most seats in the 2026 Israeli legislative election?,0.05,0.055556,0.3,false,0.003,mid,,0.047,0.047,0.052556,0.052556,NO_SIGNAL,NO_SIGNAL,none,weak,6,0.9,1.013,,true,normalized_gap,"Otzma Yehudit is a smaller party with limited polling momentum. While they could win most seats, it's less likely compared to larger parties like Likud or Yashar/Eisenkot.","[""Polling volatility"", ""Coalition dynamics"", ""Incumbent party strength"", ""Alliance shifts"", ""Threshold effects""]",Likud has durable organization and Netanyahu's base. Yashar/Eisenkot has recent polling momentum. Smaller parties can be pivotal but are less likely to finish first.,OK,true
20260629T155053Z:RSO-0231,20260629T155053Z,2026-06-29T15:50:53Z,fair_value_v0.1,ollama,qwen3:8b,RSO-0231,Next Prime Minister of New Zealand,Next Prime Minister of New Zealand — Chris Hipkins,Chris Hipkins,New Zealand,global_satellite,parliamentary_mmp,new_zealand_next_pm_2026,2116541,0xecffb867dc6b5421ec726ff8a44de5a538ccbad7dc1ea5c8b175b00293227cb5,will-chris-hipkins-be-the-next-prime-minister-of-new-zealand-after-the-2026-elections-662,https://polymarket.com/event/will-chris-hipkins-be-the-next-prime-minister-of-new-zealand-after-the-2026-elections-662,3695219925197907796815418584626632598111929883522292242191442837649708153579,Will Chris Hipkins be the next Prime Minister of New Zealand after the 2026 elections?,0.15,0.147059,0.6,false,0.535,mid,,-0.385,0.385,-0.387941,0.387941,MARKET_HIGHER,MARKET_HIGHER,extreme,extreme,7,1.02,1.0375,,true,normalized_gap,"Chris Hipkins' viability depends on Labour-Green-Te Pāti Māori bloc recovering enough to form government, which is less likely given current poll numbers.","[""Labour bloc's seat recovery"", ""Coalition feasibility"", ""Incumbent National's majority retention"", ""Small party influence"", ""Election outcome volatility""]",Based on Roy Morgan poll showing National at 30.5% vs Labour at 21.5% (41.5% total). MMP system requires coalition seat totals for PM outcome.,OK,true
20260629T155053Z:RSO-0232,20260629T155053Z,2026-06-29T15:50:53Z,fair_value_v0.1,ollama,qwen3:8b,RSO-0232,Next Prime Minister of New Zealand,Next Prime Minister of New Zealand — Christopher Luxon,Christopher Luxon,New Zealand,global_satellite,parliamentary_mmp,new_zealand_next_pm_2026,2116540,0xe47bf7ef4d5476dba1e9c920b82cfeb54157399f951fdc83ac7868d4896d1b51,will-christopher-luxon-be-the-next-prime-minister-of-new-zealand-after-the-2026-elections-718,https://polymarket.com/event/will-christopher-luxon-be-the-next-prime-minister-of-new-zealand-after-the-2026-elections-718,19436667452351897669739565884931351453429893965166224489399167885678976570550,Will Christopher Luxon be the next Prime Minister of New Zealand after the 2026 elections?,0.65,0.637255,0.8,false,0.445,mid,,0.205,0.205,0.192255,0.192255,LLM_HIGHER,LLM_HIGHER,strong,medium,7,1.02,1.0375,,true,normalized_gap,"National-led bloc leads in polls, but coalition dynamics and seat distribution under MMP affect PM outcome. Luxon's re-election depends on maintaining majority.","[""Coalition seat distribution"", ""MMP threshold effects"", ""Labour-Greens-Te Pāti Māori recovery"", ""Incumbent popularity"", ""Small party influence""]","Based on Roy Morgan poll showing National at 30.5%, NZ First 11%, ACT 10%, vs Labour-Greens-Te Pāti Māori at 41.5%.",OK,true
20260629T155053Z:RSO-0233,20260629T155053Z,2026-06-29T15:50:53Z,fair_value_v0.1,ollama,qwen3:8b,RSO-0233,Next Prime Minister of New Zealand,Next Prime Minister of New Zealand — Nicola Willis,Nicola Willis,New Zealand,global_satellite,parliamentary_mmp,new_zealand_next_pm_2026,2116543,0x49ca5b6402d30912f79497b12211fd12571d1beef9cdc3e014491d202b1c863c,will-nicola-willis-be-the-next-prime-minister-of-new-zealand-after-the-2026-elections-636,https://polymarket.com/event/will-nicola-willis-be-the-next-prime-minister-of-new-zealand-after-the-2026-elections-636,101779929345953030764780328225834722292970803429486638560281721195397549925596,Will Nicola Willis be the next Prime Minister of New Zealand after the 2026 elections?,0.05,0.04902,0.6,false,0.023,mid,,0.027,0.027,0.02602,0.02602,NO_SIGNAL,NO_SIGNAL,none,none,7,1.02,1.0375,,true,normalized_gap,Nicola Willis is a potential PM candidate but faces significant hurdles. National Party's current lead and coalition dynamics make her path challenging.,"[""National's lead may persist"", ""Coalition formation complexities"", ""Labour's recovery potential"", ""Willis's leadership viability"", ""Unforeseen events""]","Based on current polling and MMP system dynamics, with emphasis on coalition requirements and incumbent advantage.",OK,true
20260629T155053Z:RSO-0234,20260629T155053Z,2026-06-29T15:50:53Z,fair_value_v0.1,ollama,qwen3:8b,RSO-0234,Next Prime Minister of New Zealand,Next Prime Minister of New Zealand — Winston Peters,Winston Peters,New Zealand,global_satellite,parliamentary_mmp,new_zealand_next_pm_2026,2116542,0xb2a0400f22578a6fd694aa89613d3e38918b15c222ddc844cabcee24aab0e7db,will-winston-peters-be-the-next-prime-minister-of-new-zealand-after-the-2026-elections-871,https://polymarket.com/event/will-winston-peters-be-the-next-prime-minister-of-new-zealand-after-the-2026-elections-871,27854146347052378018620085340753762973697391204994394619103479868476430133384,Will Winston Peters be the next Prime Minister of New Zealand after the 2026 elections?,0.05,0.04902,0.6,false,0.02,mid,,0.03,0.03,0.02902,0.02902,NO_SIGNAL,NO_SIGNAL,none,none,7,1.02,1.0375,,true,normalized_gap,"Winston Peters' path to PM requires National-led coalition collapse, Labour-Greens-Te Pāti Māori bloc recovery, and coalition feasibility. Current polls show National leading, making his PM chances conditional on unlikely events.","[""National maintaining majority"", ""Labour bloc recovery"", ""Coalition viability"", ""Peters' leadership status"", ""Election system thresholds""]","In MMP systems, PM outcomes depend on coalition seat totals. Peters is a long-shot unless there are major coalition shifts or leadership changes.",OK,true
20260629T155053Z:RSO-0235,20260629T155053Z,2026-06-29T15:50:53Z,fair_value_v0.1,ollama,qwen3:8b,RSO-0235,Next Prime Minister of New Zealand,Next Prime Minister of New Zealand — Carmel Sepuloni,Carmel Sepuloni,New Zealand,global_satellite,parliamentary_mmp,new_zealand_next_pm_2026,2116546,0xec0f0488794acf9c9c1c065ded931fae0958c936a92d6c381e54c07666f0e1d5,will-carmel-sepuloni-be-the-next-prime-minister-of-new-zealand-after-the-2026-elections-556,https://polymarket.com/event/will-carmel-sepuloni-be-the-next-prime-minister-of-new-zealand-after-the-2026-elections-556,95828846972962727948537717906449211001561086768404868556972607015903217834173,Will Carmel Sepuloni be the next Prime Minister of New Zealand after the 2026 elections?,0.05,0.04902,0.4,false,0.0065,mid,,0.0435,0.0435,0.04252,0.04252,NO_SIGNAL,NO_SIGNAL,none,none,7,1.02,1.0375,,true,normalized_gap,"Carmel Sepuloni is a Labour MP but not a prominent leader. National leads in polls, and Labour's coalition viability is uncertain. PM depends on coalition arithmetic, not just vote share.","[""Labour's coalition viability"", ""National's majority sustainability"", ""Coalition compatibility"", ""Small party influence"", ""Leadership changes""]",Base rate reflects Labour's current position and the likelihood of coalition dynamics in MMP system.,OK,true
20260629T155053Z:RSO-0236,20260629T155053Z,2026-06-29T15:50:53Z,fair_value_v0.1,ollama,qwen3:8b,RSO-0236,Next Prime Minister of New Zealand,Next Prime Minister of New Zealand — Chlöe Swarbrick,Chlöe Swarbrick,New Zealand,global_satellite,parliamentary_mmp,new_zealand_next_pm_2026,2116544,0x019fa8566706b244422275cef69ed636cc5fb4c7a361b8726723e669c7c28d49,will-chle-swarbrick-be-the-next-prime-minister-of-new-zealand-after-the-2026-elections-297,https://polymarket.com/event/will-chle-swarbrick-be-the-next-prime-minister-of-new-zealand-after-the-2026-elections-297,75665593440657693326391238791206938532050925706126172140531515483868869929806,Will Chlöe Swarbrick be the next Prime Minister of New Zealand after the 2026 elections?,0.02,0.019608,0.3,false,0.0045,mid,,0.0155,0.0155,0.015108,0.015108,NO_SIGNAL,NO_SIGNAL,none,none,7,1.02,1.0375,,true,normalized_gap,"Chlöe Swarbrick's path to PM requires Labour-Green-Te Pāti Māori bloc to form government, which is unlikely given current poll numbers. Her party (Te Pāti Māori) has low national vote share, and coalition dynamics favor existing leaders.","[""Labour-Green-Te Pāti Māori coalition viability"", ""Te Pāti Māori's national vote share"", ""Coalition formation dynamics"", ""Incumbent National party's stability"", ""Potential leadership changes""]","Based on current polling and MMP system dynamics, Chlöe Swarbrick's path to PM is highly contingent and improbable.",OK,true
20260629T155053Z:RSO-0237,20260629T155053Z,2026-06-29T15:50:53Z,fair_value_v0.1,ollama,qwen3:8b,RSO-0237,Next Prime Minister of New Zealand,Next Prime Minister of New Zealand — David Seymour,David Seymour,New Zealand,global_satellite,parliamentary_mmp,new_zealand_next_pm_2026,2116545,0xc373506f31377031294354429d846470a7dd62c51ba6712e76a401168888ac82,will-david-seymour-be-the-next-prime-minister-of-new-zealand-after-the-2026-elections-159,https://polymarket.com/event/will-david-seymour-be-the-next-prime-minister-of-new-zealand-after-the-2026-elections-159,110204323487167340963911918577405332532704384089593183256228464588428208899872,Will David Seymour be the next Prime Minister of New Zealand after the 2026 elections?,0.05,0.04902,0.3,false,0.0035,mid,,0.0465,0.0465,0.04552,0.04552,NO_SIGNAL,NO_SIGNAL,none,none,7,1.02,1.0375,,true,normalized_gap,"David Seymour's path to PM requires National-led coalition collapse, Labour-Greens-Te Pāti Māori bloc recovery, and coalition formation which is unlikely given current polling.","[""National's lead may persist"", ""Labour-Greens-Te Pāti Māori coalition dynamics"", ""Coalition feasibility with smaller parties"", ""Seymour's leadership viability"", ""Election outcome volatility""]","Based on current polling showing National leading Labour, and MMP system requirements for coalition-based PM selection.",OK,true
20260629T155053Z:RSO-0238,20260629T155053Z,2026-06-29T15:50:53Z,fair_value_v0.1,ollama,qwen3:8b,RSO-0238,New Zealand legislative election winner,New Zealand legislative election winner — Labour Party,Labour Party,New Zealand,global_satellite,parliamentary_mmp,new_zealand_most_seats_2026,2116494,0x741d99d33224258ad4536be7adbfdea7cacdaec616ce88e13755bfafde9c6d19,will-labour-party-win-the-most-seats-in-the-new-zealand-house-of-representatives-in-the-2026-new-zealand-legislative-election,https://polymarket.com/event/will-labour-party-win-the-most-seats-in-the-new-zealand-house-of-representatives-in-the-2026-new-zealand-legislative-election,41173471361536594020935639788423838947538990635956059031105519795147287673278,Will Labour Party win the most seats in the New Zealand House of Representatives in the 2026 New Zealand legislative election?,0.25,0.3125,0.6,false,0.665,mid,,-0.415,0.415,-0.3525,0.3525,MARKET_HIGHER,MARKET_HIGHER,extreme,extreme,4,0.8,1.015,,true,normalized_gap,"Labour is a major party but National leads in recent polls. MMP system means seat distribution differs from simple plurality. Polls show National ahead, but Labour could win if National splits.","[""National's lead may narrow"", ""MMP seat distribution complexity"", ""Labour's internal cohesion"", ""Coalition dynamics"", ""Polling accuracy""]","National and Labour dominate most-seats probability. Greens, ACT, NZ First, and Te Pāti Māori can be coalition-relevant but have low most-seats probability.",OK,true
20260629T155053Z:RSO-0239,20260629T155053Z,2026-06-29T15:50:53Z,fair_value_v0.1,ollama,qwen3:8b,RSO-0239,New Zealand legislative election winner,New Zealand legislative election winner — National Party,National Party,New Zealand,global_satellite,parliamentary_mmp,new_zealand_most_seats_2026,2116493,0xba155b6be6cabf93bf31dfcc56fe2f4e3e88d16b0d490319c635930f2d9fbd04,will-national-party-win-the-most-seats-in-the-new-zealand-house-of-representatives-in-the-2026-new-zealand-legislative-election,https://polymarket.com/event/will-national-party-win-the-most-seats-in-the-new-zealand-house-of-representatives-in-the-2026-new-zealand-legislative-election,26180671930795783086167354944853320138724504174864059426988212642169432238219,Will National Party win the most seats in the New Zealand House of Representatives in the 2026 New Zealand legislative election?,0.45,0.5625,0.65,false,0.345,mid,,0.105,0.105,0.2175,0.2175,LLM_HIGHER,LLM_HIGHER,medium,strong,4,0.8,1.015,,true,normalized_gap,"National is a leading contender but Labour remains strong. Polls show National at 30.5% in May 2026, but variation exists. MMP system means seat distribution differs from simple vote share.","[""Labour's potential resurgence"", ""Coalition dynamics"", ""MMP seat allocation complexities"", ""Polling volatility"", ""Incumbent performance""]","National and Labour dominate most-seats probability. Greens, ACT, NZ First, and Te Pāti Māori can be coalition-relevant but have lower most-seats probability.",OK,true
20260629T155053Z:RSO-0240,20260629T155053Z,2026-06-29T15:50:53Z,fair_value_v0.1,ollama,qwen3:8b,RSO-0240,New Zealand legislative election winner,New Zealand legislative election winner — New Zealand First Party,New Zealand First Party,New Zealand,global_satellite,parliamentary_mmp,new_zealand_most_seats_2026,2116497,0xcf3de2bd2304559b075b1d83969d67368986ea21d610db929001cecaf0ba433b,will-new-zealand-first-party-win-the-most-seats-in-the-new-zealand-house-of-representatives-in-the-2026-new-zealand-legislative-election,https://polymarket.com/event/will-new-zealand-first-party-win-the-most-seats-in-the-new-zealand-house-of-representatives-in-the-2026-new-zealand-legislative-election,54250030688640506340696163549320679317947609966294018523515464121362285768393,Will New Zealand First Party win the most seats in the New Zealand House of Representatives in the 2026 New Zealand legislative election?,0.05,0.0625,0.3,false,0.0035,mid,,0.0465,0.0465,0.059,0.059,NO_SIGNAL,NO_SIGNAL,none,weak,4,0.8,1.015,,true,normalized_gap,"New Zealand First is a smaller party with low base-rate probability. National and Labour dominate most-seats outcomes. Recent polls show National leading Labour, with NZ First trailing.","[""Polling may stale quickly"", ""Coalition dynamics"", ""Incumbent performance"", ""MMP threshold effects"", ""Unresolved candidate changes""]","National and Labour dominate most-seats probability. Greens, ACT, NZ First, and Te Pāti Māori can be coalition-relevant but have low most-seats probability.",OK,true
20260629T155053Z:RSO-0241,20260629T155053Z,2026-06-29T15:50:53Z,fair_value_v0.1,ollama,qwen3:8b,RSO-0241,New Zealand legislative election winner,New Zealand legislative election winner — Green Party,Green Party,New Zealand,global_satellite,parliamentary_mmp,new_zealand_most_seats_2026,2116495,0x88188d5f5c9b4c9d6b9b25b69cdc6fc635f629635cacd9f6c1b0190d3382198a,will-green-party-win-the-most-seats-in-the-new-zealand-house-of-representatives-in-the-2026-new-zealand-legislative-election,https://polymarket.com/event/will-green-party-win-the-most-seats-in-the-new-zealand-house-of-representatives-in-the-2026-new-zealand-legislative-election,857700738563620094995568365548281646273066061752493305349670125904783426957,Will Green Party win the most seats in the New Zealand House of Representatives in the 2026 New Zealand legislative election?,0.05,0.0625,0.3,false,0.0015,mid,,0.0485,0.0485,0.061,0.061,NO_SIGNAL,NO_SIGNAL,none,weak,4,0.8,1.015,,true,normalized_gap,Green Party is a minor party in MMP system; National and Labour dominate most-seats probability. Polls show National leading with 30.5% in May 2026.,"[""Polls may stale quickly"", ""Coalition dynamics"", ""Incumbent performance"", ""MMP threshold effects"", ""Unresolved candidate changes""]",National and Labour dominate most-seats probability. Greens can be coalition-relevant but low for most seats.,OK,true
