markout_id,source_run_id,source_timestamp_utc,horizon,target_timestamp_utc,future_timestamp_utc,markout_status,tracking_id,parent_market_name,primary_outcome_to_track,signal_mode,signal_direction,signal_strength,entry_price,future_price,price_change,directional_markout,entry_fair_value,entry_gap,entry_abs_gap,entry_price_type,future_price_type,entry_liquidity_flags,future_liquidity_flags,group_mass_flag,use_normalized_for_analysis
20260629T155053Z:RSO-0003:raw:1d,20260629T155053Z,2026-06-29T15:50:53Z,1d,2026-06-30T15:50:53Z,,PENDING,RSO-0003,"House control, 2026",Republican Party,raw,LLM_HIGHER,large,0.175,,,,0.45,0.275,0.275,mid,,,,,false
20260629T155053Z:RSO-0003:raw:7d,20260629T155053Z,2026-06-29T15:50:53Z,7d,2026-07-06T15:50:53Z,,PENDING,RSO-0003,"House control, 2026",Republican Party,raw,LLM_HIGHER,large,0.175,,,,0.45,0.275,0.275,mid,,,,,false
20260629T155053Z:RSO-0003:raw:30d,20260629T155053Z,2026-06-29T15:50:53Z,30d,2026-07-29T15:50:53Z,,PENDING,RSO-0003,"House control, 2026",Republican Party,raw,LLM_HIGHER,large,0.175,,,,0.45,0.275,0.275,mid,,,,,false
20260629T155053Z:RSO-0003:normalized:1d,20260629T155053Z,2026-06-29T15:50:53Z,1d,2026-06-30T15:50:53Z,,PENDING,RSO-0003,"House control, 2026",Republican Party,normalized,LLM_HIGHER,large,0.175,,,,0.45,0.275,0.275,mid,,,,,false
20260629T155053Z:RSO-0003:normalized:7d,20260629T155053Z,2026-06-29T15:50:53Z,7d,2026-07-06T15:50:53Z,,PENDING,RSO-0003,"House control, 2026",Republican Party,normalized,LLM_HIGHER,large,0.175,,,,0.45,0.275,0.275,mid,,,,,false
20260629T155053Z:RSO-0003:normalized:30d,20260629T155053Z,2026-06-29T15:50:53Z,30d,2026-07-29T15:50:53Z,,PENDING,RSO-0003,"House control, 2026",Republican Party,normalized,LLM_HIGHER,large,0.175,,,,0.45,0.275,0.275,mid,,,,,false
20260629T155053Z:RSO-0004:raw:1d,20260629T155053Z,2026-06-29T15:50:53Z,1d,2026-06-30T15:50:53Z,,PENDING,RSO-0004,"House control, 2026",Democratic Party,raw,MARKET_HIGHER,large,0.835,,,,0.55,-0.285,0.285,mid,,,,,false
20260629T155053Z:RSO-0004:raw:7d,20260629T155053Z,2026-06-29T15:50:53Z,7d,2026-07-06T15:50:53Z,,PENDING,RSO-0004,"House control, 2026",Democratic Party,raw,MARKET_HIGHER,large,0.835,,,,0.55,-0.285,0.285,mid,,,,,false
20260629T155053Z:RSO-0004:raw:30d,20260629T155053Z,2026-06-29T15:50:53Z,30d,2026-07-29T15:50:53Z,,PENDING,RSO-0004,"House control, 2026",Democratic Party,raw,MARKET_HIGHER,large,0.835,,,,0.55,-0.285,0.285,mid,,,,,false
20260629T155053Z:RSO-0004:normalized:1d,20260629T155053Z,2026-06-29T15:50:53Z,1d,2026-06-30T15:50:53Z,,PENDING,RSO-0004,"House control, 2026",Democratic Party,normalized,MARKET_HIGHER,large,0.835,,,,0.55,-0.285,0.285,mid,,,,,false
20260629T155053Z:RSO-0004:normalized:7d,20260629T155053Z,2026-06-29T15:50:53Z,7d,2026-07-06T15:50:53Z,,PENDING,RSO-0004,"House control, 2026",Democratic Party,normalized,MARKET_HIGHER,large,0.835,,,,0.55,-0.285,0.285,mid,,,,,false
20260629T155053Z:RSO-0004:normalized:30d,20260629T155053Z,2026-06-29T15:50:53Z,30d,2026-07-29T15:50:53Z,,PENDING,RSO-0004,"House control, 2026",Democratic Party,normalized,MARKET_HIGHER,large,0.835,,,,0.55,-0.285,0.285,mid,,,,,false
20260629T155053Z:RSO-0005:raw:1d,20260629T155053Z,2026-06-29T15:50:53Z,1d,2026-06-30T15:50:53Z,,PENDING,RSO-0005,Republican House seats after 2026 midterms,Below 190,raw,MARKET_HIGHER,medium,0.305,,,,0.15,-0.155,0.155,mid,,,,llm_mass_too_high,true
20260629T155053Z:RSO-0005:raw:7d,20260629T155053Z,2026-06-29T15:50:53Z,7d,2026-07-06T15:50:53Z,,PENDING,RSO-0005,Republican House seats after 2026 midterms,Below 190,raw,MARKET_HIGHER,medium,0.305,,,,0.15,-0.155,0.155,mid,,,,llm_mass_too_high,true
20260629T155053Z:RSO-0005:raw:30d,20260629T155053Z,2026-06-29T15:50:53Z,30d,2026-07-29T15:50:53Z,,PENDING,RSO-0005,Republican House seats after 2026 midterms,Below 190,raw,MARKET_HIGHER,medium,0.305,,,,0.15,-0.155,0.155,mid,,,,llm_mass_too_high,true
20260629T155053Z:RSO-0005:normalized:1d,20260629T155053Z,2026-06-29T15:50:53Z,1d,2026-06-30T15:50:53Z,,PENDING,RSO-0005,Republican House seats after 2026 midterms,Below 190,normalized,MARKET_HIGHER,large,0.305,,,,0.0375,-0.2675,0.2675,mid,,,,llm_mass_too_high,true
20260629T155053Z:RSO-0005:normalized:7d,20260629T155053Z,2026-06-29T15:50:53Z,7d,2026-07-06T15:50:53Z,,PENDING,RSO-0005,Republican House seats after 2026 midterms,Below 190,normalized,MARKET_HIGHER,large,0.305,,,,0.0375,-0.2675,0.2675,mid,,,,llm_mass_too_high,true
20260629T155053Z:RSO-0005:normalized:30d,20260629T155053Z,2026-06-29T15:50:53Z,30d,2026-07-29T15:50:53Z,,PENDING,RSO-0005,Republican House seats after 2026 midterms,Below 190,normalized,MARKET_HIGHER,large,0.305,,,,0.0375,-0.2675,0.2675,mid,,,,llm_mass_too_high,true
20260629T155053Z:RSO-0006:raw:1d,20260629T155053Z,2026-06-29T15:50:53Z,1d,2026-06-30T15:50:53Z,,PENDING,RSO-0006,Republican House seats after 2026 midterms,190-194,raw,LLM_HIGHER,medium,0.125,,,,0.35,0.225,0.225,mid,,,,llm_mass_too_high,true
20260629T155053Z:RSO-0006:raw:7d,20260629T155053Z,2026-06-29T15:50:53Z,7d,2026-07-06T15:50:53Z,,PENDING,RSO-0006,Republican House seats after 2026 midterms,190-194,raw,LLM_HIGHER,medium,0.125,,,,0.35,0.225,0.225,mid,,,,llm_mass_too_high,true
20260629T155053Z:RSO-0006:raw:30d,20260629T155053Z,2026-06-29T15:50:53Z,30d,2026-07-29T15:50:53Z,,PENDING,RSO-0006,Republican House seats after 2026 midterms,190-194,raw,LLM_HIGHER,medium,0.125,,,,0.35,0.225,0.225,mid,,,,llm_mass_too_high,true
20260629T155053Z:RSO-0007:raw:1d,20260629T155053Z,2026-06-29T15:50:53Z,1d,2026-06-30T15:50:53Z,,PENDING,RSO-0007,Republican House seats after 2026 midterms,195-199,raw,LLM_HIGHER,large,0.165,,,,0.45,0.285,0.285,mid,,,,llm_mass_too_high,true
20260629T155053Z:RSO-0007:raw:7d,20260629T155053Z,2026-06-29T15:50:53Z,7d,2026-07-06T15:50:53Z,,PENDING,RSO-0007,Republican House seats after 2026 midterms,195-199,raw,LLM_HIGHER,large,0.165,,,,0.45,0.285,0.285,mid,,,,llm_mass_too_high,true
20260629T155053Z:RSO-0007:raw:30d,20260629T155053Z,2026-06-29T15:50:53Z,30d,2026-07-29T15:50:53Z,,PENDING,RSO-0007,Republican House seats after 2026 midterms,195-199,raw,LLM_HIGHER,large,0.165,,,,0.45,0.285,0.285,mid,,,,llm_mass_too_high,true
20260629T155053Z:RSO-0008:raw:1d,20260629T155053Z,2026-06-29T15:50:53Z,1d,2026-06-30T15:50:53Z,,PENDING,RSO-0008,Republican House seats after 2026 midterms,200-204,raw,LLM_HIGHER,large,0.086,,,,0.45,0.364,0.364,mid,,,,llm_mass_too_high,true
20260629T155053Z:RSO-0008:raw:7d,20260629T155053Z,2026-06-29T15:50:53Z,7d,2026-07-06T15:50:53Z,,PENDING,RSO-0008,Republican House seats after 2026 midterms,200-204,raw,LLM_HIGHER,large,0.086,,,,0.45,0.364,0.364,mid,,,,llm_mass_too_high,true
20260629T155053Z:RSO-0008:raw:30d,20260629T155053Z,2026-06-29T15:50:53Z,30d,2026-07-29T15:50:53Z,,PENDING,RSO-0008,Republican House seats after 2026 midterms,200-204,raw,LLM_HIGHER,large,0.086,,,,0.45,0.364,0.364,mid,,,,llm_mass_too_high,true
20260629T155053Z:RSO-0009:raw:1d,20260629T155053Z,2026-06-29T15:50:53Z,1d,2026-06-30T15:50:53Z,,PENDING,RSO-0009,Republican House seats after 2026 midterms,205-209,raw,LLM_HIGHER,large,0.064,,,,0.45,0.386,0.386,mid,,,,llm_mass_too_high,true
20260629T155053Z:RSO-0009:raw:7d,20260629T155053Z,2026-06-29T15:50:53Z,7d,2026-07-06T15:50:53Z,,PENDING,RSO-0009,Republican House seats after 2026 midterms,205-209,raw,LLM_HIGHER,large,0.064,,,,0.45,0.386,0.386,mid,,,,llm_mass_too_high,true
20260629T155053Z:RSO-0009:raw:30d,20260629T155053Z,2026-06-29T15:50:53Z,30d,2026-07-29T15:50:53Z,,PENDING,RSO-0009,Republican House seats after 2026 midterms,205-209,raw,LLM_HIGHER,large,0.064,,,,0.45,0.386,0.386,mid,,,,llm_mass_too_high,true
20260629T155053Z:RSO-0010:raw:1d,20260629T155053Z,2026-06-29T15:50:53Z,1d,2026-06-30T15:50:53Z,,PENDING,RSO-0010,Republican House seats after 2026 midterms,210-214,raw,LLM_HIGHER,large,0.0575,,,,0.45,0.3925,0.3925,mid,,,,llm_mass_too_high,true
20260629T155053Z:RSO-0010:raw:7d,20260629T155053Z,2026-06-29T15:50:53Z,7d,2026-07-06T15:50:53Z,,PENDING,RSO-0010,Republican House seats after 2026 midterms,210-214,raw,LLM_HIGHER,large,0.0575,,,,0.45,0.3925,0.3925,mid,,,,llm_mass_too_high,true
20260629T155053Z:RSO-0010:raw:30d,20260629T155053Z,2026-06-29T15:50:53Z,30d,2026-07-29T15:50:53Z,,PENDING,RSO-0010,Republican House seats after 2026 midterms,210-214,raw,LLM_HIGHER,large,0.0575,,,,0.45,0.3925,0.3925,mid,,,,llm_mass_too_high,true
20260629T155053Z:RSO-0011:raw:1d,20260629T155053Z,2026-06-29T15:50:53Z,1d,2026-06-30T15:50:53Z,,PENDING,RSO-0011,Republican House seats after 2026 midterms,215-219,raw,LLM_HIGHER,large,0.0975,,,,0.45,0.3525,0.3525,mid,,,,llm_mass_too_high,true
20260629T155053Z:RSO-0011:raw:7d,20260629T155053Z,2026-06-29T15:50:53Z,7d,2026-07-06T15:50:53Z,,PENDING,RSO-0011,Republican House seats after 2026 midterms,215-219,raw,LLM_HIGHER,large,0.0975,,,,0.45,0.3525,0.3525,mid,,,,llm_mass_too_high,true
20260629T155053Z:RSO-0011:raw:30d,20260629T155053Z,2026-06-29T15:50:53Z,30d,2026-07-29T15:50:53Z,,PENDING,RSO-0011,Republican House seats after 2026 midterms,215-219,raw,LLM_HIGHER,large,0.0975,,,,0.45,0.3525,0.3525,mid,,,,llm_mass_too_high,true
20260629T155053Z:RSO-0012:raw:1d,20260629T155053Z,2026-06-29T15:50:53Z,1d,2026-06-30T15:50:53Z,,PENDING,RSO-0012,Republican House seats after 2026 midterms,220-224,raw,LLM_HIGHER,large,0.077,,,,0.35,0.273,0.273,mid,,,,llm_mass_too_high,true
20260629T155053Z:RSO-0012:raw:7d,20260629T155053Z,2026-06-29T15:50:53Z,7d,2026-07-06T15:50:53Z,,PENDING,RSO-0012,Republican House seats after 2026 midterms,220-224,raw,LLM_HIGHER,large,0.077,,,,0.35,0.273,0.273,mid,,,,llm_mass_too_high,true
20260629T155053Z:RSO-0012:raw:30d,20260629T155053Z,2026-06-29T15:50:53Z,30d,2026-07-29T15:50:53Z,,PENDING,RSO-0012,Republican House seats after 2026 midterms,220-224,raw,LLM_HIGHER,large,0.077,,,,0.35,0.273,0.273,mid,,,,llm_mass_too_high,true
20260629T155053Z:RSO-0013:raw:1d,20260629T155053Z,2026-06-29T15:50:53Z,1d,2026-06-30T15:50:53Z,,PENDING,RSO-0013,Republican House seats after 2026 midterms,225-229,raw,LLM_HIGHER,large,0.0395,,,,0.45,0.4105,0.4105,mid,,,,llm_mass_too_high,true
20260629T155053Z:RSO-0013:raw:7d,20260629T155053Z,2026-06-29T15:50:53Z,7d,2026-07-06T15:50:53Z,,PENDING,RSO-0013,Republican House seats after 2026 midterms,225-229,raw,LLM_HIGHER,large,0.0395,,,,0.45,0.4105,0.4105,mid,,,,llm_mass_too_high,true
20260629T155053Z:RSO-0013:raw:30d,20260629T155053Z,2026-06-29T15:50:53Z,30d,2026-07-29T15:50:53Z,,PENDING,RSO-0013,Republican House seats after 2026 midterms,225-229,raw,LLM_HIGHER,large,0.0395,,,,0.45,0.4105,0.4105,mid,,,,llm_mass_too_high,true
20260629T155053Z:RSO-0014:raw:1d,20260629T155053Z,2026-06-29T15:50:53Z,1d,2026-06-30T15:50:53Z,,PENDING,RSO-0014,Republican House seats after 2026 midterms,230+,raw,LLM_HIGHER,large,0.0185,,,,0.45,0.4315,0.4315,mid,,,,llm_mass_too_high,true
20260629T155053Z:RSO-0014:raw:7d,20260629T155053Z,2026-06-29T15:50:53Z,7d,2026-07-06T15:50:53Z,,PENDING,RSO-0014,Republican House seats after 2026 midterms,230+,raw,LLM_HIGHER,large,0.0185,,,,0.45,0.4315,0.4315,mid,,,,llm_mass_too_high,true
20260629T155053Z:RSO-0014:raw:30d,20260629T155053Z,2026-06-29T15:50:53Z,30d,2026-07-29T15:50:53Z,,PENDING,RSO-0014,Republican House seats after 2026 midterms,230+,raw,LLM_HIGHER,large,0.0185,,,,0.45,0.4315,0.4315,mid,,,,llm_mass_too_high,true
20260629T155053Z:RSO-0015:raw:1d,20260629T155053Z,2026-06-29T15:50:53Z,1d,2026-06-30T15:50:53Z,,PENDING,RSO-0015,Republican Senate seats after 2026 midterms,≤47,raw,MARKET_HIGHER,small,0.255,,,,0.15,-0.105,0.105,mid,,,,llm_mass_too_high|market_mass_low,true
20260629T155053Z:RSO-0015:raw:7d,20260629T155053Z,2026-06-29T15:50:53Z,7d,2026-07-06T15:50:53Z,,PENDING,RSO-0015,Republican Senate seats after 2026 midterms,≤47,raw,MARKET_HIGHER,small,0.255,,,,0.15,-0.105,0.105,mid,,,,llm_mass_too_high|market_mass_low,true
20260629T155053Z:RSO-0015:raw:30d,20260629T155053Z,2026-06-29T15:50:53Z,30d,2026-07-29T15:50:53Z,,PENDING,RSO-0015,Republican Senate seats after 2026 midterms,≤47,raw,MARKET_HIGHER,small,0.255,,,,0.15,-0.105,0.105,mid,,,,llm_mass_too_high|market_mass_low,true
20260629T155053Z:RSO-0015:normalized:1d,20260629T155053Z,2026-06-29T15:50:53Z,1d,2026-06-30T15:50:53Z,,PENDING,RSO-0015,Republican Senate seats after 2026 midterms,≤47,normalized,MARKET_HIGHER,medium,0.255,,,,0.065217,-0.189783,0.189783,mid,,,,llm_mass_too_high|market_mass_low,true
20260629T155053Z:RSO-0015:normalized:7d,20260629T155053Z,2026-06-29T15:50:53Z,7d,2026-07-06T15:50:53Z,,PENDING,RSO-0015,Republican Senate seats after 2026 midterms,≤47,normalized,MARKET_HIGHER,medium,0.255,,,,0.065217,-0.189783,0.189783,mid,,,,llm_mass_too_high|market_mass_low,true
20260629T155053Z:RSO-0015:normalized:30d,20260629T155053Z,2026-06-29T15:50:53Z,30d,2026-07-29T15:50:53Z,,PENDING,RSO-0015,Republican Senate seats after 2026 midterms,≤47,normalized,MARKET_HIGHER,medium,0.255,,,,0.065217,-0.189783,0.189783,mid,,,,llm_mass_too_high|market_mass_low,true
20260629T155053Z:RSO-0021:raw:1d,20260629T155053Z,2026-06-29T15:50:53Z,1d,2026-06-30T15:50:53Z,,PENDING,RSO-0021,Republican Senate seats after 2026 midterms,53,raw,LLM_HIGHER,large,0.036,,,,0.55,0.514,0.514,mid,,,,llm_mass_too_high|market_mass_low,true
20260629T155053Z:RSO-0021:raw:7d,20260629T155053Z,2026-06-29T15:50:53Z,7d,2026-07-06T15:50:53Z,,PENDING,RSO-0021,Republican Senate seats after 2026 midterms,53,raw,LLM_HIGHER,large,0.036,,,,0.55,0.514,0.514,mid,,,,llm_mass_too_high|market_mass_low,true
20260629T155053Z:RSO-0021:raw:30d,20260629T155053Z,2026-06-29T15:50:53Z,30d,2026-07-29T15:50:53Z,,PENDING,RSO-0021,Republican Senate seats after 2026 midterms,53,raw,LLM_HIGHER,large,0.036,,,,0.55,0.514,0.514,mid,,,,llm_mass_too_high|market_mass_low,true
20260629T155053Z:RSO-0021:normalized:1d,20260629T155053Z,2026-06-29T15:50:53Z,1d,2026-06-30T15:50:53Z,,PENDING,RSO-0021,Republican Senate seats after 2026 midterms,53,normalized,LLM_HIGHER,medium,0.036,,,,0.23913,0.20313,0.20313,mid,,,,llm_mass_too_high|market_mass_low,true
20260629T155053Z:RSO-0021:normalized:7d,20260629T155053Z,2026-06-29T15:50:53Z,7d,2026-07-06T15:50:53Z,,PENDING,RSO-0021,Republican Senate seats after 2026 midterms,53,normalized,LLM_HIGHER,medium,0.036,,,,0.23913,0.20313,0.20313,mid,,,,llm_mass_too_high|market_mass_low,true
20260629T155053Z:RSO-0021:normalized:30d,20260629T155053Z,2026-06-29T15:50:53Z,30d,2026-07-29T15:50:53Z,,PENDING,RSO-0021,Republican Senate seats after 2026 midterms,53,normalized,LLM_HIGHER,medium,0.036,,,,0.23913,0.20313,0.20313,mid,,,,llm_mass_too_high|market_mass_low,true
20260629T155053Z:RSO-0022:raw:1d,20260629T155053Z,2026-06-29T15:50:53Z,1d,2026-06-30T15:50:53Z,,PENDING,RSO-0022,Republican Senate seats after 2026 midterms,54,raw,LLM_HIGHER,large,0.0155,,,,0.35,0.3345,0.3345,mid,,,,llm_mass_too_high|market_mass_low,true
20260629T155053Z:RSO-0022:raw:7d,20260629T155053Z,2026-06-29T15:50:53Z,7d,2026-07-06T15:50:53Z,,PENDING,RSO-0022,Republican Senate seats after 2026 midterms,54,raw,LLM_HIGHER,large,0.0155,,,,0.35,0.3345,0.3345,mid,,,,llm_mass_too_high|market_mass_low,true
20260629T155053Z:RSO-0022:raw:30d,20260629T155053Z,2026-06-29T15:50:53Z,30d,2026-07-29T15:50:53Z,,PENDING,RSO-0022,Republican Senate seats after 2026 midterms,54,raw,LLM_HIGHER,large,0.0155,,,,0.35,0.3345,0.3345,mid,,,,llm_mass_too_high|market_mass_low,true
20260629T155053Z:RSO-0022:normalized:1d,20260629T155053Z,2026-06-29T15:50:53Z,1d,2026-06-30T15:50:53Z,,PENDING,RSO-0022,Republican Senate seats after 2026 midterms,54,normalized,LLM_HIGHER,small,0.0155,,,,0.152174,0.136674,0.136674,mid,,,,llm_mass_too_high|market_mass_low,true
20260629T155053Z:RSO-0022:normalized:7d,20260629T155053Z,2026-06-29T15:50:53Z,7d,2026-07-06T15:50:53Z,,PENDING,RSO-0022,Republican Senate seats after 2026 midterms,54,normalized,LLM_HIGHER,small,0.0155,,,,0.152174,0.136674,0.136674,mid,,,,llm_mass_too_high|market_mass_low,true
20260629T155053Z:RSO-0022:normalized:30d,20260629T155053Z,2026-06-29T15:50:53Z,30d,2026-07-29T15:50:53Z,,PENDING,RSO-0022,Republican Senate seats after 2026 midterms,54,normalized,LLM_HIGHER,small,0.0155,,,,0.152174,0.136674,0.136674,mid,,,,llm_mass_too_high|market_mass_low,true
20260629T155053Z:RSO-0023:raw:1d,20260629T155053Z,2026-06-29T15:50:53Z,1d,2026-06-30T15:50:53Z,,PENDING,RSO-0023,Republican Senate seats after 2026 midterms,55,raw,LLM_HIGHER,large,0.0165,,,,0.35,0.3335,0.3335,mid,,,,llm_mass_too_high|market_mass_low,true
20260629T155053Z:RSO-0023:raw:7d,20260629T155053Z,2026-06-29T15:50:53Z,7d,2026-07-06T15:50:53Z,,PENDING,RSO-0023,Republican Senate seats after 2026 midterms,55,raw,LLM_HIGHER,large,0.0165,,,,0.35,0.3335,0.3335,mid,,,,llm_mass_too_high|market_mass_low,true
20260629T155053Z:RSO-0023:raw:30d,20260629T155053Z,2026-06-29T15:50:53Z,30d,2026-07-29T15:50:53Z,,PENDING,RSO-0023,Republican Senate seats after 2026 midterms,55,raw,LLM_HIGHER,large,0.0165,,,,0.35,0.3335,0.3335,mid,,,,llm_mass_too_high|market_mass_low,true
20260629T155053Z:RSO-0023:normalized:1d,20260629T155053Z,2026-06-29T15:50:53Z,1d,2026-06-30T15:50:53Z,,PENDING,RSO-0023,Republican Senate seats after 2026 midterms,55,normalized,LLM_HIGHER,small,0.0165,,,,0.152174,0.135674,0.135674,mid,,,,llm_mass_too_high|market_mass_low,true
20260629T155053Z:RSO-0023:normalized:7d,20260629T155053Z,2026-06-29T15:50:53Z,7d,2026-07-06T15:50:53Z,,PENDING,RSO-0023,Republican Senate seats after 2026 midterms,55,normalized,LLM_HIGHER,small,0.0165,,,,0.152174,0.135674,0.135674,mid,,,,llm_mass_too_high|market_mass_low,true
20260629T155053Z:RSO-0023:normalized:30d,20260629T155053Z,2026-06-29T15:50:53Z,30d,2026-07-29T15:50:53Z,,PENDING,RSO-0023,Republican Senate seats after 2026 midterms,55,normalized,LLM_HIGHER,small,0.0165,,,,0.152174,0.135674,0.135674,mid,,,,llm_mass_too_high|market_mass_low,true
20260629T155053Z:RSO-0024:raw:1d,20260629T155053Z,2026-06-29T15:50:53Z,1d,2026-06-30T15:50:53Z,,PENDING,RSO-0024,Republican Senate seats after 2026 midterms,56,raw,LLM_HIGHER,large,0.0105,,,,0.35,0.3395,0.3395,mid,,,,llm_mass_too_high|market_mass_low,true
20260629T155053Z:RSO-0024:raw:7d,20260629T155053Z,2026-06-29T15:50:53Z,7d,2026-07-06T15:50:53Z,,PENDING,RSO-0024,Republican Senate seats after 2026 midterms,56,raw,LLM_HIGHER,large,0.0105,,,,0.35,0.3395,0.3395,mid,,,,llm_mass_too_high|market_mass_low,true
20260629T155053Z:RSO-0024:raw:30d,20260629T155053Z,2026-06-29T15:50:53Z,30d,2026-07-29T15:50:53Z,,PENDING,RSO-0024,Republican Senate seats after 2026 midterms,56,raw,LLM_HIGHER,large,0.0105,,,,0.35,0.3395,0.3395,mid,,,,llm_mass_too_high|market_mass_low,true
20260629T155053Z:RSO-0024:normalized:1d,20260629T155053Z,2026-06-29T15:50:53Z,1d,2026-06-30T15:50:53Z,,PENDING,RSO-0024,Republican Senate seats after 2026 midterms,56,normalized,LLM_HIGHER,small,0.0105,,,,0.152174,0.141674,0.141674,mid,,,,llm_mass_too_high|market_mass_low,true
20260629T155053Z:RSO-0024:normalized:7d,20260629T155053Z,2026-06-29T15:50:53Z,7d,2026-07-06T15:50:53Z,,PENDING,RSO-0024,Republican Senate seats after 2026 midterms,56,normalized,LLM_HIGHER,small,0.0105,,,,0.152174,0.141674,0.141674,mid,,,,llm_mass_too_high|market_mass_low,true
20260629T155053Z:RSO-0024:normalized:30d,20260629T155053Z,2026-06-29T15:50:53Z,30d,2026-07-29T15:50:53Z,,PENDING,RSO-0024,Republican Senate seats after 2026 midterms,56,normalized,LLM_HIGHER,small,0.0105,,,,0.152174,0.141674,0.141674,mid,,,,llm_mass_too_high|market_mass_low,true
20260629T155053Z:RSO-0025:raw:1d,20260629T155053Z,2026-06-29T15:50:53Z,1d,2026-06-30T15:50:53Z,,PENDING,RSO-0025,Republican Senate seats after 2026 midterms,57+,raw,LLM_HIGHER,large,0.0135,,,,0.55,0.5365,0.5365,mid,,,,llm_mass_too_high|market_mass_low,true
20260629T155053Z:RSO-0025:raw:7d,20260629T155053Z,2026-06-29T15:50:53Z,7d,2026-07-06T15:50:53Z,,PENDING,RSO-0025,Republican Senate seats after 2026 midterms,57+,raw,LLM_HIGHER,large,0.0135,,,,0.55,0.5365,0.5365,mid,,,,llm_mass_too_high|market_mass_low,true
20260629T155053Z:RSO-0025:raw:30d,20260629T155053Z,2026-06-29T15:50:53Z,30d,2026-07-29T15:50:53Z,,PENDING,RSO-0025,Republican Senate seats after 2026 midterms,57+,raw,LLM_HIGHER,large,0.0135,,,,0.55,0.5365,0.5365,mid,,,,llm_mass_too_high|market_mass_low,true
20260629T155053Z:RSO-0025:normalized:1d,20260629T155053Z,2026-06-29T15:50:53Z,1d,2026-06-30T15:50:53Z,,PENDING,RSO-0025,Republican Senate seats after 2026 midterms,57+,normalized,LLM_HIGHER,medium,0.0135,,,,0.23913,0.22563,0.22563,mid,,,,llm_mass_too_high|market_mass_low,true
20260629T155053Z:RSO-0025:normalized:7d,20260629T155053Z,2026-06-29T15:50:53Z,7d,2026-07-06T15:50:53Z,,PENDING,RSO-0025,Republican Senate seats after 2026 midterms,57+,normalized,LLM_HIGHER,medium,0.0135,,,,0.23913,0.22563,0.22563,mid,,,,llm_mass_too_high|market_mass_low,true
20260629T155053Z:RSO-0025:normalized:30d,20260629T155053Z,2026-06-29T15:50:53Z,30d,2026-07-29T15:50:53Z,,PENDING,RSO-0025,Republican Senate seats after 2026 midterms,57+,normalized,LLM_HIGHER,medium,0.0135,,,,0.23913,0.22563,0.22563,mid,,,,llm_mass_too_high|market_mass_low,true
20260629T155053Z:RSO-0026:raw:1d,20260629T155053Z,2026-06-29T15:50:53Z,1d,2026-06-30T15:50:53Z,,PENDING,RSO-0026,Maine Senate Election Winner,Democrat,raw,MARKET_HIGHER,medium,0.615,,,,0.45,-0.165,0.165,mid,,,,,false
20260629T155053Z:RSO-0026:raw:7d,20260629T155053Z,2026-06-29T15:50:53Z,7d,2026-07-06T15:50:53Z,,PENDING,RSO-0026,Maine Senate Election Winner,Democrat,raw,MARKET_HIGHER,medium,0.615,,,,0.45,-0.165,0.165,mid,,,,,false
20260629T155053Z:RSO-0026:raw:30d,20260629T155053Z,2026-06-29T15:50:53Z,30d,2026-07-29T15:50:53Z,,PENDING,RSO-0026,Maine Senate Election Winner,Democrat,raw,MARKET_HIGHER,medium,0.615,,,,0.45,-0.165,0.165,mid,,,,,false
20260629T155053Z:RSO-0026:normalized:1d,20260629T155053Z,2026-06-29T15:50:53Z,1d,2026-06-30T15:50:53Z,,PENDING,RSO-0026,Maine Senate Election Winner,Democrat,normalized,MARKET_HIGHER,small,0.615,,,,0.5,-0.115,0.115,mid,,,,,false
20260629T155053Z:RSO-0026:normalized:7d,20260629T155053Z,2026-06-29T15:50:53Z,7d,2026-07-06T15:50:53Z,,PENDING,RSO-0026,Maine Senate Election Winner,Democrat,normalized,MARKET_HIGHER,small,0.615,,,,0.5,-0.115,0.115,mid,,,,,false
20260629T155053Z:RSO-0026:normalized:30d,20260629T155053Z,2026-06-29T15:50:53Z,30d,2026-07-29T15:50:53Z,,PENDING,RSO-0026,Maine Senate Election Winner,Democrat,normalized,MARKET_HIGHER,small,0.615,,,,0.5,-0.115,0.115,mid,,,,,false
20260629T155053Z:RSO-0027:normalized:1d,20260629T155053Z,2026-06-29T15:50:53Z,1d,2026-06-30T15:50:53Z,,PENDING,RSO-0027,Maine Senate Election Winner,Republican,normalized,LLM_HIGHER,small,0.385,,,,0.5,0.115,0.115,mid,,,,,false
20260629T155053Z:RSO-0027:normalized:7d,20260629T155053Z,2026-06-29T15:50:53Z,7d,2026-07-06T15:50:53Z,,PENDING,RSO-0027,Maine Senate Election Winner,Republican,normalized,LLM_HIGHER,small,0.385,,,,0.5,0.115,0.115,mid,,,,,false
20260629T155053Z:RSO-0027:normalized:30d,20260629T155053Z,2026-06-29T15:50:53Z,30d,2026-07-29T15:50:53Z,,PENDING,RSO-0027,Maine Senate Election Winner,Republican,normalized,LLM_HIGHER,small,0.385,,,,0.5,0.115,0.115,mid,,,,,false
20260629T155053Z:RSO-0030:raw:1d,20260629T155053Z,2026-06-29T15:50:53Z,1d,2026-06-30T15:50:53Z,,PENDING,RSO-0030,Alaska Senate Election Winner,Mary Peltola,raw,MARKET_HIGHER,medium,0.695,,,,0.45,-0.245,0.245,mid,,,,llm_mass_too_high,true
20260629T155053Z:RSO-0030:raw:7d,20260629T155053Z,2026-06-29T15:50:53Z,7d,2026-07-06T15:50:53Z,,PENDING,RSO-0030,Alaska Senate Election Winner,Mary Peltola,raw,MARKET_HIGHER,medium,0.695,,,,0.45,-0.245,0.245,mid,,,,llm_mass_too_high,true
20260629T155053Z:RSO-0030:raw:30d,20260629T155053Z,2026-06-29T15:50:53Z,30d,2026-07-29T15:50:53Z,,PENDING,RSO-0030,Alaska Senate Election Winner,Mary Peltola,raw,MARKET_HIGHER,medium,0.695,,,,0.45,-0.245,0.245,mid,,,,llm_mass_too_high,true
20260629T155053Z:RSO-0030:normalized:1d,20260629T155053Z,2026-06-29T15:50:53Z,1d,2026-06-30T15:50:53Z,,PENDING,RSO-0030,Alaska Senate Election Winner,Mary Peltola,normalized,MARKET_HIGHER,large,0.695,,,,0.272727,-0.422273,0.422273,mid,,,,llm_mass_too_high,true
20260629T155053Z:RSO-0030:normalized:7d,20260629T155053Z,2026-06-29T15:50:53Z,7d,2026-07-06T15:50:53Z,,PENDING,RSO-0030,Alaska Senate Election Winner,Mary Peltola,normalized,MARKET_HIGHER,large,0.695,,,,0.272727,-0.422273,0.422273,mid,,,,llm_mass_too_high,true
20260629T155053Z:RSO-0030:normalized:30d,20260629T155053Z,2026-06-29T15:50:53Z,30d,2026-07-29T15:50:53Z,,PENDING,RSO-0030,Alaska Senate Election Winner,Mary Peltola,normalized,MARKET_HIGHER,large,0.695,,,,0.272727,-0.422273,0.422273,mid,,,,llm_mass_too_high,true
20260629T155053Z:RSO-0031:raw:1d,20260629T155053Z,2026-06-29T15:50:53Z,1d,2026-06-30T15:50:53Z,,PENDING,RSO-0031,Alaska Senate Election Winner,Dan Sullivan,raw,LLM_HIGHER,medium,0.305,,,,0.55,0.245,0.245,mid,,,,llm_mass_too_high,true
20260629T155053Z:RSO-0031:raw:7d,20260629T155053Z,2026-06-29T15:50:53Z,7d,2026-07-06T15:50:53Z,,PENDING,RSO-0031,Alaska Senate Election Winner,Dan Sullivan,raw,LLM_HIGHER,medium,0.305,,,,0.55,0.245,0.245,mid,,,,llm_mass_too_high,true
20260629T155053Z:RSO-0031:raw:30d,20260629T155053Z,2026-06-29T15:50:53Z,30d,2026-07-29T15:50:53Z,,PENDING,RSO-0031,Alaska Senate Election Winner,Dan Sullivan,raw,LLM_HIGHER,medium,0.305,,,,0.55,0.245,0.245,mid,,,,llm_mass_too_high,true
20260629T155053Z:RSO-0032:raw:1d,20260629T155053Z,2026-06-29T15:50:53Z,1d,2026-06-30T15:50:53Z,,PENDING,RSO-0032,Alaska Senate Election Winner,Dustin Darden,raw,LLM_HIGHER,small,0.001,,,,0.15,0.149,0.149,ask_only,,no_bids,,llm_mass_too_high,true
20260629T155053Z:RSO-0032:raw:7d,20260629T155053Z,2026-06-29T15:50:53Z,7d,2026-07-06T15:50:53Z,,PENDING,RSO-0032,Alaska Senate Election Winner,Dustin Darden,raw,LLM_HIGHER,small,0.001,,,,0.15,0.149,0.149,ask_only,,no_bids,,llm_mass_too_high,true
20260629T155053Z:RSO-0032:raw:30d,20260629T155053Z,2026-06-29T15:50:53Z,30d,2026-07-29T15:50:53Z,,PENDING,RSO-0032,Alaska Senate Election Winner,Dustin Darden,raw,LLM_HIGHER,small,0.001,,,,0.15,0.149,0.149,ask_only,,no_bids,,llm_mass_too_high,true
20260629T155053Z:RSO-0033:raw:1d,20260629T155053Z,2026-06-29T15:50:53Z,1d,2026-06-30T15:50:53Z,,PENDING,RSO-0033,Alaska Senate Election Winner,Ann Diener,raw,LLM_HIGHER,medium,0.001,,,,0.25,0.249,0.249,ask_only,,no_bids,,llm_mass_too_high,true
20260629T155053Z:RSO-0033:raw:7d,20260629T155053Z,2026-06-29T15:50:53Z,7d,2026-07-06T15:50:53Z,,PENDING,RSO-0033,Alaska Senate Election Winner,Ann Diener,raw,LLM_HIGHER,medium,0.001,,,,0.25,0.249,0.249,ask_only,,no_bids,,llm_mass_too_high,true
20260629T155053Z:RSO-0033:raw:30d,20260629T155053Z,2026-06-29T15:50:53Z,30d,2026-07-29T15:50:53Z,,PENDING,RSO-0033,Alaska Senate Election Winner,Ann Diener,raw,LLM_HIGHER,medium,0.001,,,,0.25,0.249,0.249,ask_only,,no_bids,,llm_mass_too_high,true
20260629T155053Z:RSO-0033:normalized:1d,20260629T155053Z,2026-06-29T15:50:53Z,1d,2026-06-30T15:50:53Z,,PENDING,RSO-0033,Alaska Senate Election Winner,Ann Diener,normalized,LLM_HIGHER,medium,0.001,,,,0.151515,0.150515,0.150515,ask_only,,no_bids,,llm_mass_too_high,true
20260629T155053Z:RSO-0033:normalized:7d,20260629T155053Z,2026-06-29T15:50:53Z,7d,2026-07-06T15:50:53Z,,PENDING,RSO-0033,Alaska Senate Election Winner,Ann Diener,normalized,LLM_HIGHER,medium,0.001,,,,0.151515,0.150515,0.150515,ask_only,,no_bids,,llm_mass_too_high,true
20260629T155053Z:RSO-0033:normalized:30d,20260629T155053Z,2026-06-29T15:50:53Z,30d,2026-07-29T15:50:53Z,,PENDING,RSO-0033,Alaska Senate Election Winner,Ann Diener,normalized,LLM_HIGHER,medium,0.001,,,,0.151515,0.150515,0.150515,ask_only,,no_bids,,llm_mass_too_high,true
20260629T155053Z:RSO-0034:raw:1d,20260629T155053Z,2026-06-29T15:50:53Z,1d,2026-06-30T15:50:53Z,,PENDING,RSO-0034,Alaska Senate Election Winner,Richard Grayson,raw,LLM_HIGHER,medium,0.001,,,,0.25,0.249,0.249,ask_only,,no_bids,,llm_mass_too_high,true
20260629T155053Z:RSO-0034:raw:7d,20260629T155053Z,2026-06-29T15:50:53Z,7d,2026-07-06T15:50:53Z,,PENDING,RSO-0034,Alaska Senate Election Winner,Richard Grayson,raw,LLM_HIGHER,medium,0.001,,,,0.25,0.249,0.249,ask_only,,no_bids,,llm_mass_too_high,true
20260629T155053Z:RSO-0034:raw:30d,20260629T155053Z,2026-06-29T15:50:53Z,30d,2026-07-29T15:50:53Z,,PENDING,RSO-0034,Alaska Senate Election Winner,Richard Grayson,raw,LLM_HIGHER,medium,0.001,,,,0.25,0.249,0.249,ask_only,,no_bids,,llm_mass_too_high,true
20260629T155053Z:RSO-0034:normalized:1d,20260629T155053Z,2026-06-29T15:50:53Z,1d,2026-06-30T15:50:53Z,,PENDING,RSO-0034,Alaska Senate Election Winner,Richard Grayson,normalized,LLM_HIGHER,medium,0.001,,,,0.151515,0.150515,0.150515,ask_only,,no_bids,,llm_mass_too_high,true
20260629T155053Z:RSO-0034:normalized:7d,20260629T155053Z,2026-06-29T15:50:53Z,7d,2026-07-06T15:50:53Z,,PENDING,RSO-0034,Alaska Senate Election Winner,Richard Grayson,normalized,LLM_HIGHER,medium,0.001,,,,0.151515,0.150515,0.150515,ask_only,,no_bids,,llm_mass_too_high,true
20260629T155053Z:RSO-0034:normalized:30d,20260629T155053Z,2026-06-29T15:50:53Z,30d,2026-07-29T15:50:53Z,,PENDING,RSO-0034,Alaska Senate Election Winner,Richard Grayson,normalized,LLM_HIGHER,medium,0.001,,,,0.151515,0.150515,0.150515,ask_only,,no_bids,,llm_mass_too_high,true
20260629T155053Z:RSO-0035:raw:1d,20260629T155053Z,2026-06-29T15:50:53Z,1d,2026-06-30T15:50:53Z,,PENDING,RSO-0035,Nebraska Senate Election Winner,Republican,raw,MARKET_HIGHER,small,0.655,,,,0.55,-0.105,0.105,mid,,,,,true
20260629T155053Z:RSO-0035:raw:7d,20260629T155053Z,2026-06-29T15:50:53Z,7d,2026-07-06T15:50:53Z,,PENDING,RSO-0035,Nebraska Senate Election Winner,Republican,raw,MARKET_HIGHER,small,0.655,,,,0.55,-0.105,0.105,mid,,,,,true
20260629T155053Z:RSO-0035:raw:30d,20260629T155053Z,2026-06-29T15:50:53Z,30d,2026-07-29T15:50:53Z,,PENDING,RSO-0035,Nebraska Senate Election Winner,Republican,raw,MARKET_HIGHER,small,0.655,,,,0.55,-0.105,0.105,mid,,,,,true
20260629T155053Z:RSO-0035:normalized:1d,20260629T155053Z,2026-06-29T15:50:53Z,1d,2026-06-30T15:50:53Z,,PENDING,RSO-0035,Nebraska Senate Election Winner,Republican,normalized,MARKET_HIGHER,medium,0.655,,,,0.478261,-0.176739,0.176739,mid,,,,,true
20260629T155053Z:RSO-0035:normalized:7d,20260629T155053Z,2026-06-29T15:50:53Z,7d,2026-07-06T15:50:53Z,,PENDING,RSO-0035,Nebraska Senate Election Winner,Republican,normalized,MARKET_HIGHER,medium,0.655,,,,0.478261,-0.176739,0.176739,mid,,,,,true
20260629T155053Z:RSO-0035:normalized:30d,20260629T155053Z,2026-06-29T15:50:53Z,30d,2026-07-29T15:50:53Z,,PENDING,RSO-0035,Nebraska Senate Election Winner,Republican,normalized,MARKET_HIGHER,medium,0.655,,,,0.478261,-0.176739,0.176739,mid,,,,,true
20260629T155053Z:RSO-0036:raw:1d,20260629T155053Z,2026-06-29T15:50:53Z,1d,2026-06-30T15:50:53Z,,PENDING,RSO-0036,Nebraska Senate Election Winner,Independent,raw,MARKET_HIGHER,small,0.27,,,,0.15,-0.12,0.12,mid,,,,,true
20260629T155053Z:RSO-0036:raw:7d,20260629T155053Z,2026-06-29T15:50:53Z,7d,2026-07-06T15:50:53Z,,PENDING,RSO-0036,Nebraska Senate Election Winner,Independent,raw,MARKET_HIGHER,small,0.27,,,,0.15,-0.12,0.12,mid,,,,,true
20260629T155053Z:RSO-0036:raw:30d,20260629T155053Z,2026-06-29T15:50:53Z,30d,2026-07-29T15:50:53Z,,PENDING,RSO-0036,Nebraska Senate Election Winner,Independent,raw,MARKET_HIGHER,small,0.27,,,,0.15,-0.12,0.12,mid,,,,,true
20260629T155053Z:RSO-0036:normalized:1d,20260629T155053Z,2026-06-29T15:50:53Z,1d,2026-06-30T15:50:53Z,,PENDING,RSO-0036,Nebraska Senate Election Winner,Independent,normalized,MARKET_HIGHER,small,0.27,,,,0.130435,-0.139565,0.139565,mid,,,,,true
20260629T155053Z:RSO-0036:normalized:7d,20260629T155053Z,2026-06-29T15:50:53Z,7d,2026-07-06T15:50:53Z,,PENDING,RSO-0036,Nebraska Senate Election Winner,Independent,normalized,MARKET_HIGHER,small,0.27,,,,0.130435,-0.139565,0.139565,mid,,,,,true
20260629T155053Z:RSO-0036:normalized:30d,20260629T155053Z,2026-06-29T15:50:53Z,30d,2026-07-29T15:50:53Z,,PENDING,RSO-0036,Nebraska Senate Election Winner,Independent,normalized,MARKET_HIGHER,small,0.27,,,,0.130435,-0.139565,0.139565,mid,,,,,true
20260629T155053Z:RSO-0037:raw:1d,20260629T155053Z,2026-06-29T15:50:53Z,1d,2026-06-30T15:50:53Z,,PENDING,RSO-0037,Nebraska Senate Election Winner,Democrat,raw,LLM_HIGHER,large,0.0235,,,,0.45,0.4265,0.4265,mid,,,,,true
20260629T155053Z:RSO-0037:raw:7d,20260629T155053Z,2026-06-29T15:50:53Z,7d,2026-07-06T15:50:53Z,,PENDING,RSO-0037,Nebraska Senate Election Winner,Democrat,raw,LLM_HIGHER,large,0.0235,,,,0.45,0.4265,0.4265,mid,,,,,true
20260629T155053Z:RSO-0037:raw:30d,20260629T155053Z,2026-06-29T15:50:53Z,30d,2026-07-29T15:50:53Z,,PENDING,RSO-0037,Nebraska Senate Election Winner,Democrat,raw,LLM_HIGHER,large,0.0235,,,,0.45,0.4265,0.4265,mid,,,,,true
20260629T155053Z:RSO-0037:normalized:1d,20260629T155053Z,2026-06-29T15:50:53Z,1d,2026-06-30T15:50:53Z,,PENDING,RSO-0037,Nebraska Senate Election Winner,Democrat,normalized,LLM_HIGHER,large,0.0235,,,,0.391304,0.367804,0.367804,mid,,,,,true
20260629T155053Z:RSO-0037:normalized:7d,20260629T155053Z,2026-06-29T15:50:53Z,7d,2026-07-06T15:50:53Z,,PENDING,RSO-0037,Nebraska Senate Election Winner,Democrat,normalized,LLM_HIGHER,large,0.0235,,,,0.391304,0.367804,0.367804,mid,,,,,true
20260629T155053Z:RSO-0037:normalized:30d,20260629T155053Z,2026-06-29T15:50:53Z,30d,2026-07-29T15:50:53Z,,PENDING,RSO-0037,Nebraska Senate Election Winner,Democrat,normalized,LLM_HIGHER,large,0.0235,,,,0.391304,0.367804,0.367804,mid,,,,,true
20260629T155053Z:RSO-0038:raw:1d,20260629T155053Z,2026-06-29T15:50:53Z,1d,2026-06-30T15:50:53Z,,PENDING,RSO-0038,Michigan Senate Election Winner,Democrat,raw,MARKET_HIGHER,large,0.72,,,,0.45,-0.27,0.27,mid,,,,,false
20260629T155053Z:RSO-0038:raw:7d,20260629T155053Z,2026-06-29T15:50:53Z,7d,2026-07-06T15:50:53Z,,PENDING,RSO-0038,Michigan Senate Election Winner,Democrat,raw,MARKET_HIGHER,large,0.72,,,,0.45,-0.27,0.27,mid,,,,,false
20260629T155053Z:RSO-0038:raw:30d,20260629T155053Z,2026-06-29T15:50:53Z,30d,2026-07-29T15:50:53Z,,PENDING,RSO-0038,Michigan Senate Election Winner,Democrat,raw,MARKET_HIGHER,large,0.72,,,,0.45,-0.27,0.27,mid,,,,,false
20260629T155053Z:RSO-0038:normalized:1d,20260629T155053Z,2026-06-29T15:50:53Z,1d,2026-06-30T15:50:53Z,,PENDING,RSO-0038,Michigan Senate Election Winner,Democrat,normalized,MARKET_HIGHER,medium,0.72,,,,0.5,-0.22,0.22,mid,,,,,false
20260629T155053Z:RSO-0038:normalized:7d,20260629T155053Z,2026-06-29T15:50:53Z,7d,2026-07-06T15:50:53Z,,PENDING,RSO-0038,Michigan Senate Election Winner,Democrat,normalized,MARKET_HIGHER,medium,0.72,,,,0.5,-0.22,0.22,mid,,,,,false
20260629T155053Z:RSO-0038:normalized:30d,20260629T155053Z,2026-06-29T15:50:53Z,30d,2026-07-29T15:50:53Z,,PENDING,RSO-0038,Michigan Senate Election Winner,Democrat,normalized,MARKET_HIGHER,medium,0.72,,,,0.5,-0.22,0.22,mid,,,,,false
20260629T155053Z:RSO-0039:raw:1d,20260629T155053Z,2026-06-29T15:50:53Z,1d,2026-06-30T15:50:53Z,,PENDING,RSO-0039,Michigan Senate Election Winner,Republican,raw,LLM_HIGHER,medium,0.275,,,,0.45,0.175,0.175,mid,,,,,false
20260629T155053Z:RSO-0039:raw:7d,20260629T155053Z,2026-06-29T15:50:53Z,7d,2026-07-06T15:50:53Z,,PENDING,RSO-0039,Michigan Senate Election Winner,Republican,raw,LLM_HIGHER,medium,0.275,,,,0.45,0.175,0.175,mid,,,,,false
20260629T155053Z:RSO-0039:raw:30d,20260629T155053Z,2026-06-29T15:50:53Z,30d,2026-07-29T15:50:53Z,,PENDING,RSO-0039,Michigan Senate Election Winner,Republican,raw,LLM_HIGHER,medium,0.275,,,,0.45,0.175,0.175,mid,,,,,false
20260629T155053Z:RSO-0039:normalized:1d,20260629T155053Z,2026-06-29T15:50:53Z,1d,2026-06-30T15:50:53Z,,PENDING,RSO-0039,Michigan Senate Election Winner,Republican,normalized,LLM_HIGHER,medium,0.275,,,,0.5,0.225,0.225,mid,,,,,false
20260629T155053Z:RSO-0039:normalized:7d,20260629T155053Z,2026-06-29T15:50:53Z,7d,2026-07-06T15:50:53Z,,PENDING,RSO-0039,Michigan Senate Election Winner,Republican,normalized,LLM_HIGHER,medium,0.275,,,,0.5,0.225,0.225,mid,,,,,false
20260629T155053Z:RSO-0039:normalized:30d,20260629T155053Z,2026-06-29T15:50:53Z,30d,2026-07-29T15:50:53Z,,PENDING,RSO-0039,Michigan Senate Election Winner,Republican,normalized,LLM_HIGHER,medium,0.275,,,,0.5,0.225,0.225,mid,,,,,false
20260629T155053Z:RSO-0042:raw:1d,20260629T155053Z,2026-06-29T15:50:53Z,1d,2026-06-30T15:50:53Z,,PENDING,RSO-0042,North Carolina Senate Election Winner,Roy Cooper (D),raw,MARKET_HIGHER,large,0.865,,,,0.55,-0.315,0.315,mid,,,,,false
20260629T155053Z:RSO-0042:raw:7d,20260629T155053Z,2026-06-29T15:50:53Z,7d,2026-07-06T15:50:53Z,,PENDING,RSO-0042,North Carolina Senate Election Winner,Roy Cooper (D),raw,MARKET_HIGHER,large,0.865,,,,0.55,-0.315,0.315,mid,,,,,false
20260629T155053Z:RSO-0042:raw:30d,20260629T155053Z,2026-06-29T15:50:53Z,30d,2026-07-29T15:50:53Z,,PENDING,RSO-0042,North Carolina Senate Election Winner,Roy Cooper (D),raw,MARKET_HIGHER,large,0.865,,,,0.55,-0.315,0.315,mid,,,,,false
20260629T155053Z:RSO-0042:normalized:1d,20260629T155053Z,2026-06-29T15:50:53Z,1d,2026-06-30T15:50:53Z,,PENDING,RSO-0042,North Carolina Senate Election Winner,Roy Cooper (D),normalized,MARKET_HIGHER,large,0.865,,,,0.55,-0.315,0.315,mid,,,,,false
20260629T155053Z:RSO-0042:normalized:7d,20260629T155053Z,2026-06-29T15:50:53Z,7d,2026-07-06T15:50:53Z,,PENDING,RSO-0042,North Carolina Senate Election Winner,Roy Cooper (D),normalized,MARKET_HIGHER,large,0.865,,,,0.55,-0.315,0.315,mid,,,,,false
20260629T155053Z:RSO-0042:normalized:30d,20260629T155053Z,2026-06-29T15:50:53Z,30d,2026-07-29T15:50:53Z,,PENDING,RSO-0042,North Carolina Senate Election Winner,Roy Cooper (D),normalized,MARKET_HIGHER,large,0.865,,,,0.55,-0.315,0.315,mid,,,,,false
20260629T155053Z:RSO-0043:raw:1d,20260629T155053Z,2026-06-29T15:50:53Z,1d,2026-06-30T15:50:53Z,,PENDING,RSO-0043,North Carolina Senate Election Winner,Michael Whatley (R),raw,LLM_HIGHER,large,0.145,,,,0.45,0.305,0.305,mid,,,,,false
20260629T155053Z:RSO-0043:raw:7d,20260629T155053Z,2026-06-29T15:50:53Z,7d,2026-07-06T15:50:53Z,,PENDING,RSO-0043,North Carolina Senate Election Winner,Michael Whatley (R),raw,LLM_HIGHER,large,0.145,,,,0.45,0.305,0.305,mid,,,,,false
20260629T155053Z:RSO-0043:raw:30d,20260629T155053Z,2026-06-29T15:50:53Z,30d,2026-07-29T15:50:53Z,,PENDING,RSO-0043,North Carolina Senate Election Winner,Michael Whatley (R),raw,LLM_HIGHER,large,0.145,,,,0.45,0.305,0.305,mid,,,,,false
20260629T155053Z:RSO-0043:normalized:1d,20260629T155053Z,2026-06-29T15:50:53Z,1d,2026-06-30T15:50:53Z,,PENDING,RSO-0043,North Carolina Senate Election Winner,Michael Whatley (R),normalized,LLM_HIGHER,large,0.145,,,,0.45,0.305,0.305,mid,,,,,false
20260629T155053Z:RSO-0043:normalized:7d,20260629T155053Z,2026-06-29T15:50:53Z,7d,2026-07-06T15:50:53Z,,PENDING,RSO-0043,North Carolina Senate Election Winner,Michael Whatley (R),normalized,LLM_HIGHER,large,0.145,,,,0.45,0.305,0.305,mid,,,,,false
20260629T155053Z:RSO-0043:normalized:30d,20260629T155053Z,2026-06-29T15:50:53Z,30d,2026-07-29T15:50:53Z,,PENDING,RSO-0043,North Carolina Senate Election Winner,Michael Whatley (R),normalized,LLM_HIGHER,large,0.145,,,,0.45,0.305,0.305,mid,,,,,false
20260629T155053Z:RSO-0044:raw:1d,20260629T155053Z,2026-06-29T15:50:53Z,1d,2026-06-30T15:50:53Z,,PENDING,RSO-0044,Georgia Senate Election Winner,Democrat,raw,MARKET_HIGHER,large,0.855,,,,0.45,-0.405,0.405,mid,,,,,false
20260629T155053Z:RSO-0044:raw:7d,20260629T155053Z,2026-06-29T15:50:53Z,7d,2026-07-06T15:50:53Z,,PENDING,RSO-0044,Georgia Senate Election Winner,Democrat,raw,MARKET_HIGHER,large,0.855,,,,0.45,-0.405,0.405,mid,,,,,false
20260629T155053Z:RSO-0044:raw:30d,20260629T155053Z,2026-06-29T15:50:53Z,30d,2026-07-29T15:50:53Z,,PENDING,RSO-0044,Georgia Senate Election Winner,Democrat,raw,MARKET_HIGHER,large,0.855,,,,0.45,-0.405,0.405,mid,,,,,false
20260629T155053Z:RSO-0044:normalized:1d,20260629T155053Z,2026-06-29T15:50:53Z,1d,2026-06-30T15:50:53Z,,PENDING,RSO-0044,Georgia Senate Election Winner,Democrat,normalized,MARKET_HIGHER,large,0.855,,,,0.5,-0.355,0.355,mid,,,,,false
20260629T155053Z:RSO-0044:normalized:7d,20260629T155053Z,2026-06-29T15:50:53Z,7d,2026-07-06T15:50:53Z,,PENDING,RSO-0044,Georgia Senate Election Winner,Democrat,normalized,MARKET_HIGHER,large,0.855,,,,0.5,-0.355,0.355,mid,,,,,false
20260629T155053Z:RSO-0044:normalized:30d,20260629T155053Z,2026-06-29T15:50:53Z,30d,2026-07-29T15:50:53Z,,PENDING,RSO-0044,Georgia Senate Election Winner,Democrat,normalized,MARKET_HIGHER,large,0.855,,,,0.5,-0.355,0.355,mid,,,,,false
20260629T155053Z:RSO-0045:raw:1d,20260629T155053Z,2026-06-29T15:50:53Z,1d,2026-06-30T15:50:53Z,,PENDING,RSO-0045,Georgia Senate Election Winner,Republican,raw,LLM_HIGHER,large,0.1485,,,,0.45,0.3015,0.3015,mid,,,,,false
20260629T155053Z:RSO-0045:raw:7d,20260629T155053Z,2026-06-29T15:50:53Z,7d,2026-07-06T15:50:53Z,,PENDING,RSO-0045,Georgia Senate Election Winner,Republican,raw,LLM_HIGHER,large,0.1485,,,,0.45,0.3015,0.3015,mid,,,,,false
20260629T155053Z:RSO-0045:raw:30d,20260629T155053Z,2026-06-29T15:50:53Z,30d,2026-07-29T15:50:53Z,,PENDING,RSO-0045,Georgia Senate Election Winner,Republican,raw,LLM_HIGHER,large,0.1485,,,,0.45,0.3015,0.3015,mid,,,,,false
20260629T155053Z:RSO-0045:normalized:1d,20260629T155053Z,2026-06-29T15:50:53Z,1d,2026-06-30T15:50:53Z,,PENDING,RSO-0045,Georgia Senate Election Winner,Republican,normalized,LLM_HIGHER,large,0.1485,,,,0.5,0.3515,0.3515,mid,,,,,false
20260629T155053Z:RSO-0045:normalized:7d,20260629T155053Z,2026-06-29T15:50:53Z,7d,2026-07-06T15:50:53Z,,PENDING,RSO-0045,Georgia Senate Election Winner,Republican,normalized,LLM_HIGHER,large,0.1485,,,,0.5,0.3515,0.3515,mid,,,,,false
20260629T155053Z:RSO-0045:normalized:30d,20260629T155053Z,2026-06-29T15:50:53Z,30d,2026-07-29T15:50:53Z,,PENDING,RSO-0045,Georgia Senate Election Winner,Republican,normalized,LLM_HIGHER,large,0.1485,,,,0.5,0.3515,0.3515,mid,,,,,false
20260629T155053Z:RSO-0046:raw:1d,20260629T155053Z,2026-06-29T15:50:53Z,1d,2026-06-30T15:50:53Z,,PENDING,RSO-0046,New Hampshire Senate Election Winner,Democrat,raw,MARKET_HIGHER,large,0.845,,,,0.45,-0.395,0.395,mid,,,,,false
20260629T155053Z:RSO-0046:raw:7d,20260629T155053Z,2026-06-29T15:50:53Z,7d,2026-07-06T15:50:53Z,,PENDING,RSO-0046,New Hampshire Senate Election Winner,Democrat,raw,MARKET_HIGHER,large,0.845,,,,0.45,-0.395,0.395,mid,,,,,false
20260629T155053Z:RSO-0046:raw:30d,20260629T155053Z,2026-06-29T15:50:53Z,30d,2026-07-29T15:50:53Z,,PENDING,RSO-0046,New Hampshire Senate Election Winner,Democrat,raw,MARKET_HIGHER,large,0.845,,,,0.45,-0.395,0.395,mid,,,,,false
20260629T155053Z:RSO-0046:normalized:1d,20260629T155053Z,2026-06-29T15:50:53Z,1d,2026-06-30T15:50:53Z,,PENDING,RSO-0046,New Hampshire Senate Election Winner,Democrat,normalized,MARKET_HIGHER,large,0.845,,,,0.5,-0.345,0.345,mid,,,,,false
20260629T155053Z:RSO-0046:normalized:7d,20260629T155053Z,2026-06-29T15:50:53Z,7d,2026-07-06T15:50:53Z,,PENDING,RSO-0046,New Hampshire Senate Election Winner,Democrat,normalized,MARKET_HIGHER,large,0.845,,,,0.5,-0.345,0.345,mid,,,,,false
20260629T155053Z:RSO-0046:normalized:30d,20260629T155053Z,2026-06-29T15:50:53Z,30d,2026-07-29T15:50:53Z,,PENDING,RSO-0046,New Hampshire Senate Election Winner,Democrat,normalized,MARKET_HIGHER,large,0.845,,,,0.5,-0.345,0.345,mid,,,,,false
20260629T155053Z:RSO-0047:raw:1d,20260629T155053Z,2026-06-29T15:50:53Z,1d,2026-06-30T15:50:53Z,,PENDING,RSO-0047,New Hampshire Senate Election Winner,Republican,raw,LLM_HIGHER,large,0.135,,,,0.45,0.315,0.315,mid,,,,,false
20260629T155053Z:RSO-0047:raw:7d,20260629T155053Z,2026-06-29T15:50:53Z,7d,2026-07-06T15:50:53Z,,PENDING,RSO-0047,New Hampshire Senate Election Winner,Republican,raw,LLM_HIGHER,large,0.135,,,,0.45,0.315,0.315,mid,,,,,false
20260629T155053Z:RSO-0047:raw:30d,20260629T155053Z,2026-06-29T15:50:53Z,30d,2026-07-29T15:50:53Z,,PENDING,RSO-0047,New Hampshire Senate Election Winner,Republican,raw,LLM_HIGHER,large,0.135,,,,0.45,0.315,0.315,mid,,,,,false
20260629T155053Z:RSO-0047:normalized:1d,20260629T155053Z,2026-06-29T15:50:53Z,1d,2026-06-30T15:50:53Z,,PENDING,RSO-0047,New Hampshire Senate Election Winner,Republican,normalized,LLM_HIGHER,large,0.135,,,,0.5,0.365,0.365,mid,,,,,false
20260629T155053Z:RSO-0047:normalized:7d,20260629T155053Z,2026-06-29T15:50:53Z,7d,2026-07-06T15:50:53Z,,PENDING,RSO-0047,New Hampshire Senate Election Winner,Republican,normalized,LLM_HIGHER,large,0.135,,,,0.5,0.365,0.365,mid,,,,,false
20260629T155053Z:RSO-0047:normalized:30d,20260629T155053Z,2026-06-29T15:50:53Z,30d,2026-07-29T15:50:53Z,,PENDING,RSO-0047,New Hampshire Senate Election Winner,Republican,normalized,LLM_HIGHER,large,0.135,,,,0.5,0.365,0.365,mid,,,,,false
20260629T155053Z:RSO-0048:raw:1d,20260629T155053Z,2026-06-29T15:50:53Z,1d,2026-06-30T15:50:53Z,,PENDING,RSO-0048,Iowa Senate Election Winner,Republican,raw,MARKET_HIGHER,small,0.555,,,,0.45,-0.105,0.105,mid,,,,,false
20260629T155053Z:RSO-0048:raw:7d,20260629T155053Z,2026-06-29T15:50:53Z,7d,2026-07-06T15:50:53Z,,PENDING,RSO-0048,Iowa Senate Election Winner,Republican,raw,MARKET_HIGHER,small,0.555,,,,0.45,-0.105,0.105,mid,,,,,false
20260629T155053Z:RSO-0048:raw:30d,20260629T155053Z,2026-06-29T15:50:53Z,30d,2026-07-29T15:50:53Z,,PENDING,RSO-0048,Iowa Senate Election Winner,Republican,raw,MARKET_HIGHER,small,0.555,,,,0.45,-0.105,0.105,mid,,,,,false
20260629T155053Z:RSO-0052:raw:1d,20260629T155053Z,2026-06-29T15:50:53Z,1d,2026-06-30T15:50:53Z,,PENDING,RSO-0052,Michigan Governor Election Winner,Democrat,raw,MARKET_HIGHER,large,0.84,,,,0.45,-0.39,0.39,mid,,,,,true
20260629T155053Z:RSO-0052:raw:7d,20260629T155053Z,2026-06-29T15:50:53Z,7d,2026-07-06T15:50:53Z,,PENDING,RSO-0052,Michigan Governor Election Winner,Democrat,raw,MARKET_HIGHER,large,0.84,,,,0.45,-0.39,0.39,mid,,,,,true
20260629T155053Z:RSO-0052:raw:30d,20260629T155053Z,2026-06-29T15:50:53Z,30d,2026-07-29T15:50:53Z,,PENDING,RSO-0052,Michigan Governor Election Winner,Democrat,raw,MARKET_HIGHER,large,0.84,,,,0.45,-0.39,0.39,mid,,,,,true
20260629T155053Z:RSO-0052:normalized:1d,20260629T155053Z,2026-06-29T15:50:53Z,1d,2026-06-30T15:50:53Z,,PENDING,RSO-0052,Michigan Governor Election Winner,Democrat,normalized,MARKET_HIGHER,large,0.84,,,,0.441176,-0.398824,0.398824,mid,,,,,true
20260629T155053Z:RSO-0052:normalized:7d,20260629T155053Z,2026-06-29T15:50:53Z,7d,2026-07-06T15:50:53Z,,PENDING,RSO-0052,Michigan Governor Election Winner,Democrat,normalized,MARKET_HIGHER,large,0.84,,,,0.441176,-0.398824,0.398824,mid,,,,,true
20260629T155053Z:RSO-0052:normalized:30d,20260629T155053Z,2026-06-29T15:50:53Z,30d,2026-07-29T15:50:53Z,,PENDING,RSO-0052,Michigan Governor Election Winner,Democrat,normalized,MARKET_HIGHER,large,0.84,,,,0.441176,-0.398824,0.398824,mid,,,,,true
20260629T155053Z:RSO-0053:raw:1d,20260629T155053Z,2026-06-29T15:50:53Z,1d,2026-06-30T15:50:53Z,,PENDING,RSO-0053,Michigan Governor Election Winner,Republican,raw,LLM_HIGHER,large,0.145,,,,0.45,0.305,0.305,mid,,,,,true
20260629T155053Z:RSO-0053:raw:7d,20260629T155053Z,2026-06-29T15:50:53Z,7d,2026-07-06T15:50:53Z,,PENDING,RSO-0053,Michigan Governor Election Winner,Republican,raw,LLM_HIGHER,large,0.145,,,,0.45,0.305,0.305,mid,,,,,true
20260629T155053Z:RSO-0053:raw:30d,20260629T155053Z,2026-06-29T15:50:53Z,30d,2026-07-29T15:50:53Z,,PENDING,RSO-0053,Michigan Governor Election Winner,Republican,raw,LLM_HIGHER,large,0.145,,,,0.45,0.305,0.305,mid,,,,,true
20260629T155053Z:RSO-0053:normalized:1d,20260629T155053Z,2026-06-29T15:50:53Z,1d,2026-06-30T15:50:53Z,,PENDING,RSO-0053,Michigan Governor Election Winner,Republican,normalized,LLM_HIGHER,large,0.145,,,,0.441176,0.296176,0.296176,mid,,,,,true
20260629T155053Z:RSO-0053:normalized:7d,20260629T155053Z,2026-06-29T15:50:53Z,7d,2026-07-06T15:50:53Z,,PENDING,RSO-0053,Michigan Governor Election Winner,Republican,normalized,LLM_HIGHER,large,0.145,,,,0.441176,0.296176,0.296176,mid,,,,,true
20260629T155053Z:RSO-0053:normalized:30d,20260629T155053Z,2026-06-29T15:50:53Z,30d,2026-07-29T15:50:53Z,,PENDING,RSO-0053,Michigan Governor Election Winner,Republican,normalized,LLM_HIGHER,large,0.145,,,,0.441176,0.296176,0.296176,mid,,,,,true
20260629T155053Z:RSO-0055:raw:1d,20260629T155053Z,2026-06-29T15:50:53Z,1d,2026-06-30T15:50:53Z,,PENDING,RSO-0055,WA-04 House Election Winner,Republican Party,raw,MARKET_HIGHER,large,0.86,,,,0.35,-0.51,0.51,mid,,,,,false
20260629T155053Z:RSO-0055:raw:7d,20260629T155053Z,2026-06-29T15:50:53Z,7d,2026-07-06T15:50:53Z,,PENDING,RSO-0055,WA-04 House Election Winner,Republican Party,raw,MARKET_HIGHER,large,0.86,,,,0.35,-0.51,0.51,mid,,,,,false
20260629T155053Z:RSO-0055:raw:30d,20260629T155053Z,2026-06-29T15:50:53Z,30d,2026-07-29T15:50:53Z,,PENDING,RSO-0055,WA-04 House Election Winner,Republican Party,raw,MARKET_HIGHER,large,0.86,,,,0.35,-0.51,0.51,mid,,,,,false
20260629T155053Z:RSO-0055:normalized:1d,20260629T155053Z,2026-06-29T15:50:53Z,1d,2026-06-30T15:50:53Z,,PENDING,RSO-0055,WA-04 House Election Winner,Republican Party,normalized,MARKET_HIGHER,large,0.86,,,,0.388889,-0.471111,0.471111,mid,,,,,false
20260629T155053Z:RSO-0055:normalized:7d,20260629T155053Z,2026-06-29T15:50:53Z,7d,2026-07-06T15:50:53Z,,PENDING,RSO-0055,WA-04 House Election Winner,Republican Party,normalized,MARKET_HIGHER,large,0.86,,,,0.388889,-0.471111,0.471111,mid,,,,,false
20260629T155053Z:RSO-0055:normalized:30d,20260629T155053Z,2026-06-29T15:50:53Z,30d,2026-07-29T15:50:53Z,,PENDING,RSO-0055,WA-04 House Election Winner,Republican Party,normalized,MARKET_HIGHER,large,0.86,,,,0.388889,-0.471111,0.471111,mid,,,,,false
20260629T155053Z:RSO-0056:raw:1d,20260629T155053Z,2026-06-29T15:50:53Z,1d,2026-06-30T15:50:53Z,,PENDING,RSO-0056,WA-04 House Election Winner,Democratic Party,raw,LLM_HIGHER,large,0.135,,,,0.55,0.415,0.415,mid,,,,,false
20260629T155053Z:RSO-0056:raw:7d,20260629T155053Z,2026-06-29T15:50:53Z,7d,2026-07-06T15:50:53Z,,PENDING,RSO-0056,WA-04 House Election Winner,Democratic Party,raw,LLM_HIGHER,large,0.135,,,,0.55,0.415,0.415,mid,,,,,false
20260629T155053Z:RSO-0056:raw:30d,20260629T155053Z,2026-06-29T15:50:53Z,30d,2026-07-29T15:50:53Z,,PENDING,RSO-0056,WA-04 House Election Winner,Democratic Party,raw,LLM_HIGHER,large,0.135,,,,0.55,0.415,0.415,mid,,,,,false
20260629T155053Z:RSO-0056:normalized:1d,20260629T155053Z,2026-06-29T15:50:53Z,1d,2026-06-30T15:50:53Z,,PENDING,RSO-0056,WA-04 House Election Winner,Democratic Party,normalized,LLM_HIGHER,large,0.135,,,,0.611111,0.476111,0.476111,mid,,,,,false
20260629T155053Z:RSO-0056:normalized:7d,20260629T155053Z,2026-06-29T15:50:53Z,7d,2026-07-06T15:50:53Z,,PENDING,RSO-0056,WA-04 House Election Winner,Democratic Party,normalized,LLM_HIGHER,large,0.135,,,,0.611111,0.476111,0.476111,mid,,,,,false
20260629T155053Z:RSO-0056:normalized:30d,20260629T155053Z,2026-06-29T15:50:53Z,30d,2026-07-29T15:50:53Z,,PENDING,RSO-0056,WA-04 House Election Winner,Democratic Party,normalized,LLM_HIGHER,large,0.135,,,,0.611111,0.476111,0.476111,mid,,,,,false
20260629T155053Z:RSO-0057:raw:1d,20260629T155053Z,2026-06-29T15:50:53Z,1d,2026-06-30T15:50:53Z,,PENDING,RSO-0057,NE-02 House Election Winner,Democratic Party,raw,MARKET_HIGHER,medium,0.775,,,,0.55,-0.225,0.225,mid,,,,,false
20260629T155053Z:RSO-0057:raw:7d,20260629T155053Z,2026-06-29T15:50:53Z,7d,2026-07-06T15:50:53Z,,PENDING,RSO-0057,NE-02 House Election Winner,Democratic Party,raw,MARKET_HIGHER,medium,0.775,,,,0.55,-0.225,0.225,mid,,,,,false
20260629T155053Z:RSO-0057:raw:30d,20260629T155053Z,2026-06-29T15:50:53Z,30d,2026-07-29T15:50:53Z,,PENDING,RSO-0057,NE-02 House Election Winner,Democratic Party,raw,MARKET_HIGHER,medium,0.775,,,,0.55,-0.225,0.225,mid,,,,,false
20260629T155053Z:RSO-0057:normalized:1d,20260629T155053Z,2026-06-29T15:50:53Z,1d,2026-06-30T15:50:53Z,,PENDING,RSO-0057,NE-02 House Election Winner,Democratic Party,normalized,MARKET_HIGHER,medium,0.775,,,,0.55,-0.225,0.225,mid,,,,,false
20260629T155053Z:RSO-0057:normalized:7d,20260629T155053Z,2026-06-29T15:50:53Z,7d,2026-07-06T15:50:53Z,,PENDING,RSO-0057,NE-02 House Election Winner,Democratic Party,normalized,MARKET_HIGHER,medium,0.775,,,,0.55,-0.225,0.225,mid,,,,,false
20260629T155053Z:RSO-0057:normalized:30d,20260629T155053Z,2026-06-29T15:50:53Z,30d,2026-07-29T15:50:53Z,,PENDING,RSO-0057,NE-02 House Election Winner,Democratic Party,normalized,MARKET_HIGHER,medium,0.775,,,,0.55,-0.225,0.225,mid,,,,,false
20260629T155053Z:RSO-0058:raw:1d,20260629T155053Z,2026-06-29T15:50:53Z,1d,2026-06-30T15:50:53Z,,PENDING,RSO-0058,NE-02 House Election Winner,Republican Party,raw,LLM_HIGHER,medium,0.235,,,,0.45,0.215,0.215,mid,,,,,false
20260629T155053Z:RSO-0058:raw:7d,20260629T155053Z,2026-06-29T15:50:53Z,7d,2026-07-06T15:50:53Z,,PENDING,RSO-0058,NE-02 House Election Winner,Republican Party,raw,LLM_HIGHER,medium,0.235,,,,0.45,0.215,0.215,mid,,,,,false
20260629T155053Z:RSO-0058:raw:30d,20260629T155053Z,2026-06-29T15:50:53Z,30d,2026-07-29T15:50:53Z,,PENDING,RSO-0058,NE-02 House Election Winner,Republican Party,raw,LLM_HIGHER,medium,0.235,,,,0.45,0.215,0.215,mid,,,,,false
20260629T155053Z:RSO-0058:normalized:1d,20260629T155053Z,2026-06-29T15:50:53Z,1d,2026-06-30T15:50:53Z,,PENDING,RSO-0058,NE-02 House Election Winner,Republican Party,normalized,LLM_HIGHER,medium,0.235,,,,0.45,0.215,0.215,mid,,,,,false
20260629T155053Z:RSO-0058:normalized:7d,20260629T155053Z,2026-06-29T15:50:53Z,7d,2026-07-06T15:50:53Z,,PENDING,RSO-0058,NE-02 House Election Winner,Republican Party,normalized,LLM_HIGHER,medium,0.235,,,,0.45,0.215,0.215,mid,,,,,false
20260629T155053Z:RSO-0058:normalized:30d,20260629T155053Z,2026-06-29T15:50:53Z,30d,2026-07-29T15:50:53Z,,PENDING,RSO-0058,NE-02 House Election Winner,Republican Party,normalized,LLM_HIGHER,medium,0.235,,,,0.45,0.215,0.215,mid,,,,,false
20260629T155053Z:RSO-0059:raw:1d,20260629T155053Z,2026-06-29T15:50:53Z,1d,2026-06-30T15:50:53Z,,PENDING,RSO-0059,PA-10 House Election Winner,Democratic Party,raw,MARKET_HIGHER,small,0.685,,,,0.55,-0.135,0.135,mid,,,,,false
20260629T155053Z:RSO-0059:raw:7d,20260629T155053Z,2026-06-29T15:50:53Z,7d,2026-07-06T15:50:53Z,,PENDING,RSO-0059,PA-10 House Election Winner,Democratic Party,raw,MARKET_HIGHER,small,0.685,,,,0.55,-0.135,0.135,mid,,,,,false
20260629T155053Z:RSO-0059:raw:30d,20260629T155053Z,2026-06-29T15:50:53Z,30d,2026-07-29T15:50:53Z,,PENDING,RSO-0059,PA-10 House Election Winner,Democratic Party,raw,MARKET_HIGHER,small,0.685,,,,0.55,-0.135,0.135,mid,,,,,false
20260629T155053Z:RSO-0059:normalized:1d,20260629T155053Z,2026-06-29T15:50:53Z,1d,2026-06-30T15:50:53Z,,PENDING,RSO-0059,PA-10 House Election Winner,Democratic Party,normalized,MARKET_HIGHER,small,0.685,,,,0.55,-0.135,0.135,mid,,,,,false
20260629T155053Z:RSO-0059:normalized:7d,20260629T155053Z,2026-06-29T15:50:53Z,7d,2026-07-06T15:50:53Z,,PENDING,RSO-0059,PA-10 House Election Winner,Democratic Party,normalized,MARKET_HIGHER,small,0.685,,,,0.55,-0.135,0.135,mid,,,,,false
20260629T155053Z:RSO-0059:normalized:30d,20260629T155053Z,2026-06-29T15:50:53Z,30d,2026-07-29T15:50:53Z,,PENDING,RSO-0059,PA-10 House Election Winner,Democratic Party,normalized,MARKET_HIGHER,small,0.685,,,,0.55,-0.135,0.135,mid,,,,,false
20260629T155053Z:RSO-0060:raw:1d,20260629T155053Z,2026-06-29T15:50:53Z,1d,2026-06-30T15:50:53Z,,PENDING,RSO-0060,PA-10 House Election Winner,Republican Party,raw,LLM_HIGHER,medium,0.27,,,,0.45,0.18,0.18,mid,,,,,false
20260629T155053Z:RSO-0060:raw:7d,20260629T155053Z,2026-06-29T15:50:53Z,7d,2026-07-06T15:50:53Z,,PENDING,RSO-0060,PA-10 House Election Winner,Republican Party,raw,LLM_HIGHER,medium,0.27,,,,0.45,0.18,0.18,mid,,,,,false
20260629T155053Z:RSO-0060:raw:30d,20260629T155053Z,2026-06-29T15:50:53Z,30d,2026-07-29T15:50:53Z,,PENDING,RSO-0060,PA-10 House Election Winner,Republican Party,raw,LLM_HIGHER,medium,0.27,,,,0.45,0.18,0.18,mid,,,,,false
20260629T155053Z:RSO-0060:normalized:1d,20260629T155053Z,2026-06-29T15:50:53Z,1d,2026-06-30T15:50:53Z,,PENDING,RSO-0060,PA-10 House Election Winner,Republican Party,normalized,LLM_HIGHER,medium,0.27,,,,0.45,0.18,0.18,mid,,,,,false
20260629T155053Z:RSO-0060:normalized:7d,20260629T155053Z,2026-06-29T15:50:53Z,7d,2026-07-06T15:50:53Z,,PENDING,RSO-0060,PA-10 House Election Winner,Republican Party,normalized,LLM_HIGHER,medium,0.27,,,,0.45,0.18,0.18,mid,,,,,false
20260629T155053Z:RSO-0060:normalized:30d,20260629T155053Z,2026-06-29T15:50:53Z,30d,2026-07-29T15:50:53Z,,PENDING,RSO-0060,PA-10 House Election Winner,Republican Party,normalized,LLM_HIGHER,medium,0.27,,,,0.45,0.18,0.18,mid,,,,,false
20260629T155053Z:RSO-0065:raw:1d,20260629T155053Z,2026-06-29T15:50:53Z,1d,2026-06-30T15:50:53Z,,PENDING,RSO-0065,Nevada Governor Election Winner,Democrat,raw,MARKET_HIGHER,medium,0.605,,,,0.45,-0.155,0.155,mid,,,,,false
20260629T155053Z:RSO-0065:raw:7d,20260629T155053Z,2026-06-29T15:50:53Z,7d,2026-07-06T15:50:53Z,,PENDING,RSO-0065,Nevada Governor Election Winner,Democrat,raw,MARKET_HIGHER,medium,0.605,,,,0.45,-0.155,0.155,mid,,,,,false
20260629T155053Z:RSO-0065:raw:30d,20260629T155053Z,2026-06-29T15:50:53Z,30d,2026-07-29T15:50:53Z,,PENDING,RSO-0065,Nevada Governor Election Winner,Democrat,raw,MARKET_HIGHER,medium,0.605,,,,0.45,-0.155,0.155,mid,,,,,false
20260629T155053Z:RSO-0065:normalized:1d,20260629T155053Z,2026-06-29T15:50:53Z,1d,2026-06-30T15:50:53Z,,PENDING,RSO-0065,Nevada Governor Election Winner,Democrat,normalized,MARKET_HIGHER,small,0.605,,,,0.5,-0.105,0.105,mid,,,,,false
20260629T155053Z:RSO-0065:normalized:7d,20260629T155053Z,2026-06-29T15:50:53Z,7d,2026-07-06T15:50:53Z,,PENDING,RSO-0065,Nevada Governor Election Winner,Democrat,normalized,MARKET_HIGHER,small,0.605,,,,0.5,-0.105,0.105,mid,,,,,false
20260629T155053Z:RSO-0065:normalized:30d,20260629T155053Z,2026-06-29T15:50:53Z,30d,2026-07-29T15:50:53Z,,PENDING,RSO-0065,Nevada Governor Election Winner,Democrat,normalized,MARKET_HIGHER,small,0.605,,,,0.5,-0.105,0.105,mid,,,,,false
20260629T155053Z:RSO-0066:normalized:1d,20260629T155053Z,2026-06-29T15:50:53Z,1d,2026-06-30T15:50:53Z,,PENDING,RSO-0066,Nevada Governor Election Winner,Republican,normalized,LLM_HIGHER,small,0.4,,,,0.5,0.1,0.1,mid,,,,,false
20260629T155053Z:RSO-0066:normalized:7d,20260629T155053Z,2026-06-29T15:50:53Z,7d,2026-07-06T15:50:53Z,,PENDING,RSO-0066,Nevada Governor Election Winner,Republican,normalized,LLM_HIGHER,small,0.4,,,,0.5,0.1,0.1,mid,,,,,false
20260629T155053Z:RSO-0066:normalized:30d,20260629T155053Z,2026-06-29T15:50:53Z,30d,2026-07-29T15:50:53Z,,PENDING,RSO-0066,Nevada Governor Election Winner,Republican,normalized,LLM_HIGHER,small,0.4,,,,0.5,0.1,0.1,mid,,,,,false
20260629T155053Z:RSO-0084:raw:1d,20260629T155053Z,2026-06-29T15:50:53Z,1d,2026-06-30T15:50:53Z,,PENDING,RSO-0084,Brazil Presidential Election,Jair Bolsonaro,raw,LLM_HIGHER,small,0.0055,,,,0.15,0.1445,0.1445,mid,,,,,true
20260629T155053Z:RSO-0084:raw:7d,20260629T155053Z,2026-06-29T15:50:53Z,7d,2026-07-06T15:50:53Z,,PENDING,RSO-0084,Brazil Presidential Election,Jair Bolsonaro,raw,LLM_HIGHER,small,0.0055,,,,0.15,0.1445,0.1445,mid,,,,,true
20260629T155053Z:RSO-0084:raw:30d,20260629T155053Z,2026-06-29T15:50:53Z,30d,2026-07-29T15:50:53Z,,PENDING,RSO-0084,Brazil Presidential Election,Jair Bolsonaro,raw,LLM_HIGHER,small,0.0055,,,,0.15,0.1445,0.1445,mid,,,,,true
20260629T155053Z:RSO-0084:normalized:1d,20260629T155053Z,2026-06-29T15:50:53Z,1d,2026-06-30T15:50:53Z,,PENDING,RSO-0084,Brazil Presidential Election,Jair Bolsonaro,normalized,LLM_HIGHER,small,0.0055,,,,0.135135,0.129635,0.129635,mid,,,,,true
20260629T155053Z:RSO-0084:normalized:7d,20260629T155053Z,2026-06-29T15:50:53Z,7d,2026-07-06T15:50:53Z,,PENDING,RSO-0084,Brazil Presidential Election,Jair Bolsonaro,normalized,LLM_HIGHER,small,0.0055,,,,0.135135,0.129635,0.129635,mid,,,,,true
20260629T155053Z:RSO-0084:normalized:30d,20260629T155053Z,2026-06-29T15:50:53Z,30d,2026-07-29T15:50:53Z,,PENDING,RSO-0084,Brazil Presidential Election,Jair Bolsonaro,normalized,LLM_HIGHER,small,0.0055,,,,0.135135,0.129635,0.129635,mid,,,,,true
20260629T155053Z:RSO-0094:raw:1d,20260629T155053Z,2026-06-29T15:50:53Z,1d,2026-06-30T15:50:53Z,,PENDING,RSO-0094,Brazil Presidential Election First Round: Margin of Victory,Lula da Silva 10-15%,raw,LLM_HIGHER,medium,0.158,,,,0.35,0.192,0.192,mid,,,,llm_mass_too_high,true
20260629T155053Z:RSO-0094:raw:7d,20260629T155053Z,2026-06-29T15:50:53Z,7d,2026-07-06T15:50:53Z,,PENDING,RSO-0094,Brazil Presidential Election First Round: Margin of Victory,Lula da Silva 10-15%,raw,LLM_HIGHER,medium,0.158,,,,0.35,0.192,0.192,mid,,,,llm_mass_too_high,true
20260629T155053Z:RSO-0094:raw:30d,20260629T155053Z,2026-06-29T15:50:53Z,30d,2026-07-29T15:50:53Z,,PENDING,RSO-0094,Brazil Presidential Election First Round: Margin of Victory,Lula da Silva 10-15%,raw,LLM_HIGHER,medium,0.158,,,,0.35,0.192,0.192,mid,,,,llm_mass_too_high,true
20260629T155053Z:RSO-0095:normalized:1d,20260629T155053Z,2026-06-29T15:50:53Z,1d,2026-06-30T15:50:53Z,,PENDING,RSO-0095,Brazil Presidential Election First Round: Margin of Victory,Lula da Silva 5-10%,normalized,MARKET_HIGHER,small,0.375,,,,0.248227,-0.126773,0.126773,mid,,,,llm_mass_too_high,true
20260629T155053Z:RSO-0095:normalized:7d,20260629T155053Z,2026-06-29T15:50:53Z,7d,2026-07-06T15:50:53Z,,PENDING,RSO-0095,Brazil Presidential Election First Round: Margin of Victory,Lula da Silva 5-10%,normalized,MARKET_HIGHER,small,0.375,,,,0.248227,-0.126773,0.126773,mid,,,,llm_mass_too_high,true
20260629T155053Z:RSO-0095:normalized:30d,20260629T155053Z,2026-06-29T15:50:53Z,30d,2026-07-29T15:50:53Z,,PENDING,RSO-0095,Brazil Presidential Election First Round: Margin of Victory,Lula da Silva 5-10%,normalized,MARKET_HIGHER,small,0.375,,,,0.248227,-0.126773,0.126773,mid,,,,llm_mass_too_high,true
20260629T155053Z:RSO-0096:raw:1d,20260629T155053Z,2026-06-29T15:50:53Z,1d,2026-06-30T15:50:53Z,,PENDING,RSO-0096,Brazil Presidential Election First Round: Margin of Victory,Lula da Silva <5%,raw,MARKET_HIGHER,small,0.29,,,,0.15,-0.14,0.14,mid,,,,llm_mass_too_high,true
20260629T155053Z:RSO-0096:raw:7d,20260629T155053Z,2026-06-29T15:50:53Z,7d,2026-07-06T15:50:53Z,,PENDING,RSO-0096,Brazil Presidential Election First Round: Margin of Victory,Lula da Silva <5%,raw,MARKET_HIGHER,small,0.29,,,,0.15,-0.14,0.14,mid,,,,llm_mass_too_high,true
20260629T155053Z:RSO-0096:raw:30d,20260629T155053Z,2026-06-29T15:50:53Z,30d,2026-07-29T15:50:53Z,,PENDING,RSO-0096,Brazil Presidential Election First Round: Margin of Victory,Lula da Silva <5%,raw,MARKET_HIGHER,small,0.29,,,,0.15,-0.14,0.14,mid,,,,llm_mass_too_high,true
20260629T155053Z:RSO-0096:normalized:1d,20260629T155053Z,2026-06-29T15:50:53Z,1d,2026-06-30T15:50:53Z,,PENDING,RSO-0096,Brazil Presidential Election First Round: Margin of Victory,Lula da Silva <5%,normalized,MARKET_HIGHER,medium,0.29,,,,0.106383,-0.183617,0.183617,mid,,,,llm_mass_too_high,true
20260629T155053Z:RSO-0096:normalized:7d,20260629T155053Z,2026-06-29T15:50:53Z,7d,2026-07-06T15:50:53Z,,PENDING,RSO-0096,Brazil Presidential Election First Round: Margin of Victory,Lula da Silva <5%,normalized,MARKET_HIGHER,medium,0.29,,,,0.106383,-0.183617,0.183617,mid,,,,llm_mass_too_high,true
20260629T155053Z:RSO-0096:normalized:30d,20260629T155053Z,2026-06-29T15:50:53Z,30d,2026-07-29T15:50:53Z,,PENDING,RSO-0096,Brazil Presidential Election First Round: Margin of Victory,Lula da Silva <5%,normalized,MARKET_HIGHER,medium,0.29,,,,0.106383,-0.183617,0.183617,mid,,,,llm_mass_too_high,true
20260629T155053Z:RSO-0098:raw:1d,20260629T155053Z,2026-06-29T15:50:53Z,1d,2026-06-30T15:50:53Z,,PENDING,RSO-0098,Brazil Presidential Election First Round: Margin of Victory,Flávio Bolsonaro 5-10%,raw,LLM_HIGHER,small,0.0035,,,,0.15,0.1465,0.1465,mid,,,,llm_mass_too_high,true
20260629T155053Z:RSO-0098:raw:7d,20260629T155053Z,2026-06-29T15:50:53Z,7d,2026-07-06T15:50:53Z,,PENDING,RSO-0098,Brazil Presidential Election First Round: Margin of Victory,Flávio Bolsonaro 5-10%,raw,LLM_HIGHER,small,0.0035,,,,0.15,0.1465,0.1465,mid,,,,llm_mass_too_high,true
20260629T155053Z:RSO-0098:raw:30d,20260629T155053Z,2026-06-29T15:50:53Z,30d,2026-07-29T15:50:53Z,,PENDING,RSO-0098,Brazil Presidential Election First Round: Margin of Victory,Flávio Bolsonaro 5-10%,raw,LLM_HIGHER,small,0.0035,,,,0.15,0.1465,0.1465,mid,,,,llm_mass_too_high,true
20260629T155053Z:RSO-0098:normalized:1d,20260629T155053Z,2026-06-29T15:50:53Z,1d,2026-06-30T15:50:53Z,,PENDING,RSO-0098,Brazil Presidential Election First Round: Margin of Victory,Flávio Bolsonaro 5-10%,normalized,LLM_HIGHER,small,0.0035,,,,0.106383,0.102883,0.102883,mid,,,,llm_mass_too_high,true
20260629T155053Z:RSO-0098:normalized:7d,20260629T155053Z,2026-06-29T15:50:53Z,7d,2026-07-06T15:50:53Z,,PENDING,RSO-0098,Brazil Presidential Election First Round: Margin of Victory,Flávio Bolsonaro 5-10%,normalized,LLM_HIGHER,small,0.0035,,,,0.106383,0.102883,0.102883,mid,,,,llm_mass_too_high,true
20260629T155053Z:RSO-0098:normalized:30d,20260629T155053Z,2026-06-29T15:50:53Z,30d,2026-07-29T15:50:53Z,,PENDING,RSO-0098,Brazil Presidential Election First Round: Margin of Victory,Flávio Bolsonaro 5-10%,normalized,LLM_HIGHER,small,0.0035,,,,0.106383,0.102883,0.102883,mid,,,,llm_mass_too_high,true
20260629T155053Z:RSO-0099:raw:1d,20260629T155053Z,2026-06-29T15:50:53Z,1d,2026-06-30T15:50:53Z,,PENDING,RSO-0099,Brazil Presidential Election First Round: Margin of Victory,Flávio Bolsonaro <5%,raw,LLM_HIGHER,small,0.046,,,,0.15,0.104,0.104,mid,,,,llm_mass_too_high,true
20260629T155053Z:RSO-0099:raw:7d,20260629T155053Z,2026-06-29T15:50:53Z,7d,2026-07-06T15:50:53Z,,PENDING,RSO-0099,Brazil Presidential Election First Round: Margin of Victory,Flávio Bolsonaro <5%,raw,LLM_HIGHER,small,0.046,,,,0.15,0.104,0.104,mid,,,,llm_mass_too_high,true
20260629T155053Z:RSO-0099:raw:30d,20260629T155053Z,2026-06-29T15:50:53Z,30d,2026-07-29T15:50:53Z,,PENDING,RSO-0099,Brazil Presidential Election First Round: Margin of Victory,Flávio Bolsonaro <5%,raw,LLM_HIGHER,small,0.046,,,,0.15,0.104,0.104,mid,,,,llm_mass_too_high,true
20260629T155053Z:RSO-0103:raw:1d,20260629T155053Z,2026-06-29T15:50:53Z,1d,2026-06-30T15:50:53Z,,PENDING,RSO-0103,Brazil Presidential Election First Round: Margin of Victory,Other,raw,LLM_HIGHER,small,0.035,,,,0.15,0.115,0.115,mid,,,,llm_mass_too_high,true
20260629T155053Z:RSO-0103:raw:7d,20260629T155053Z,2026-06-29T15:50:53Z,7d,2026-07-06T15:50:53Z,,PENDING,RSO-0103,Brazil Presidential Election First Round: Margin of Victory,Other,raw,LLM_HIGHER,small,0.035,,,,0.15,0.115,0.115,mid,,,,llm_mass_too_high,true
20260629T155053Z:RSO-0103:raw:30d,20260629T155053Z,2026-06-29T15:50:53Z,30d,2026-07-29T15:50:53Z,,PENDING,RSO-0103,Brazil Presidential Election First Round: Margin of Victory,Other,raw,LLM_HIGHER,small,0.035,,,,0.15,0.115,0.115,mid,,,,llm_mass_too_high,true
20260629T155053Z:RSO-0121:raw:1d,20260629T155053Z,2026-06-29T15:50:53Z,1d,2026-06-30T15:50:53Z,,PENDING,RSO-0121,Brazil Presidential Election First Round: 2nd Place,Flávio Bolsonaro,raw,MARKET_HIGHER,large,0.76,,,,0.45,-0.31,0.31,mid,,,,llm_mass_too_high,true
20260629T155053Z:RSO-0121:raw:7d,20260629T155053Z,2026-06-29T15:50:53Z,7d,2026-07-06T15:50:53Z,,PENDING,RSO-0121,Brazil Presidential Election First Round: 2nd Place,Flávio Bolsonaro,raw,MARKET_HIGHER,large,0.76,,,,0.45,-0.31,0.31,mid,,,,llm_mass_too_high,true
20260629T155053Z:RSO-0121:raw:30d,20260629T155053Z,2026-06-29T15:50:53Z,30d,2026-07-29T15:50:53Z,,PENDING,RSO-0121,Brazil Presidential Election First Round: 2nd Place,Flávio Bolsonaro,raw,MARKET_HIGHER,large,0.76,,,,0.45,-0.31,0.31,mid,,,,llm_mass_too_high,true
20260629T155053Z:RSO-0121:normalized:1d,20260629T155053Z,2026-06-29T15:50:53Z,1d,2026-06-30T15:50:53Z,,PENDING,RSO-0121,Brazil Presidential Election First Round: 2nd Place,Flávio Bolsonaro,normalized,MARKET_HIGHER,large,0.76,,,,0.319149,-0.440851,0.440851,mid,,,,llm_mass_too_high,true
20260629T155053Z:RSO-0121:normalized:7d,20260629T155053Z,2026-06-29T15:50:53Z,7d,2026-07-06T15:50:53Z,,PENDING,RSO-0121,Brazil Presidential Election First Round: 2nd Place,Flávio Bolsonaro,normalized,MARKET_HIGHER,large,0.76,,,,0.319149,-0.440851,0.440851,mid,,,,llm_mass_too_high,true
20260629T155053Z:RSO-0121:normalized:30d,20260629T155053Z,2026-06-29T15:50:53Z,30d,2026-07-29T15:50:53Z,,PENDING,RSO-0121,Brazil Presidential Election First Round: 2nd Place,Flávio Bolsonaro,normalized,MARKET_HIGHER,large,0.76,,,,0.319149,-0.440851,0.440851,mid,,,,llm_mass_too_high,true
20260629T155053Z:RSO-0123:raw:1d,20260629T155053Z,2026-06-29T15:50:53Z,1d,2026-06-30T15:50:53Z,,PENDING,RSO-0123,Brazil Presidential Election First Round: 2nd Place,Luiz Inácio Lula da Silva,raw,LLM_HIGHER,small,0.0315,,,,0.15,0.1185,0.1185,mid,,,,llm_mass_too_high,true
20260629T155053Z:RSO-0123:raw:7d,20260629T155053Z,2026-06-29T15:50:53Z,7d,2026-07-06T15:50:53Z,,PENDING,RSO-0123,Brazil Presidential Election First Round: 2nd Place,Luiz Inácio Lula da Silva,raw,LLM_HIGHER,small,0.0315,,,,0.15,0.1185,0.1185,mid,,,,llm_mass_too_high,true
20260629T155053Z:RSO-0123:raw:30d,20260629T155053Z,2026-06-29T15:50:53Z,30d,2026-07-29T15:50:53Z,,PENDING,RSO-0123,Brazil Presidential Election First Round: 2nd Place,Luiz Inácio Lula da Silva,raw,LLM_HIGHER,small,0.0315,,,,0.15,0.1185,0.1185,mid,,,,llm_mass_too_high,true
20260629T155053Z:RSO-0138:raw:1d,20260629T155053Z,2026-06-29T15:50:53Z,1d,2026-06-30T15:50:53Z,,PENDING,RSO-0138,Brazil Presidential Election First Round: 3rd Place,Renan Santos,raw,MARKET_HIGHER,large,0.5,,,,0.15,-0.35,0.35,mid,,,,llm_mass_too_high,true
20260629T155053Z:RSO-0138:raw:7d,20260629T155053Z,2026-06-29T15:50:53Z,7d,2026-07-06T15:50:53Z,,PENDING,RSO-0138,Brazil Presidential Election First Round: 3rd Place,Renan Santos,raw,MARKET_HIGHER,large,0.5,,,,0.15,-0.35,0.35,mid,,,,llm_mass_too_high,true
20260629T155053Z:RSO-0138:raw:30d,20260629T155053Z,2026-06-29T15:50:53Z,30d,2026-07-29T15:50:53Z,,PENDING,RSO-0138,Brazil Presidential Election First Round: 3rd Place,Renan Santos,raw,MARKET_HIGHER,large,0.5,,,,0.15,-0.35,0.35,mid,,,,llm_mass_too_high,true
20260629T155053Z:RSO-0138:normalized:1d,20260629T155053Z,2026-06-29T15:50:53Z,1d,2026-06-30T15:50:53Z,,PENDING,RSO-0138,Brazil Presidential Election First Round: 3rd Place,Renan Santos,normalized,MARKET_HIGHER,large,0.5,,,,0.076531,-0.423469,0.423469,mid,,,,llm_mass_too_high,true
20260629T155053Z:RSO-0138:normalized:7d,20260629T155053Z,2026-06-29T15:50:53Z,7d,2026-07-06T15:50:53Z,,PENDING,RSO-0138,Brazil Presidential Election First Round: 3rd Place,Renan Santos,normalized,MARKET_HIGHER,large,0.5,,,,0.076531,-0.423469,0.423469,mid,,,,llm_mass_too_high,true
20260629T155053Z:RSO-0138:normalized:30d,20260629T155053Z,2026-06-29T15:50:53Z,30d,2026-07-29T15:50:53Z,,PENDING,RSO-0138,Brazil Presidential Election First Round: 3rd Place,Renan Santos,normalized,MARKET_HIGHER,large,0.5,,,,0.076531,-0.423469,0.423469,mid,,,,llm_mass_too_high,true
20260629T155053Z:RSO-0141:raw:1d,20260629T155053Z,2026-06-29T15:50:53Z,1d,2026-06-30T15:50:53Z,,PENDING,RSO-0141,Brazil Presidential Election First Round: 3rd Place,Flávio Bolsonaro,raw,LLM_HIGHER,medium,0.0915,,,,0.25,0.1585,0.1585,mid,,,,llm_mass_too_high,true
20260629T155053Z:RSO-0141:raw:7d,20260629T155053Z,2026-06-29T15:50:53Z,7d,2026-07-06T15:50:53Z,,PENDING,RSO-0141,Brazil Presidential Election First Round: 3rd Place,Flávio Bolsonaro,raw,LLM_HIGHER,medium,0.0915,,,,0.25,0.1585,0.1585,mid,,,,llm_mass_too_high,true
20260629T155053Z:RSO-0141:raw:30d,20260629T155053Z,2026-06-29T15:50:53Z,30d,2026-07-29T15:50:53Z,,PENDING,RSO-0141,Brazil Presidential Election First Round: 3rd Place,Flávio Bolsonaro,raw,LLM_HIGHER,medium,0.0915,,,,0.25,0.1585,0.1585,mid,,,,llm_mass_too_high,true
20260629T155053Z:RSO-0142:raw:1d,20260629T155053Z,2026-06-29T15:50:53Z,1d,2026-06-30T15:50:53Z,,PENDING,RSO-0142,Brazil Presidential Election First Round: 3rd Place,Fernando Haddad,raw,LLM_HIGHER,small,0.0205,,,,0.15,0.1295,0.1295,mid,,,,llm_mass_too_high,true
20260629T155053Z:RSO-0142:raw:7d,20260629T155053Z,2026-06-29T15:50:53Z,7d,2026-07-06T15:50:53Z,,PENDING,RSO-0142,Brazil Presidential Election First Round: 3rd Place,Fernando Haddad,raw,LLM_HIGHER,small,0.0205,,,,0.15,0.1295,0.1295,mid,,,,llm_mass_too_high,true
20260629T155053Z:RSO-0142:raw:30d,20260629T155053Z,2026-06-29T15:50:53Z,30d,2026-07-29T15:50:53Z,,PENDING,RSO-0142,Brazil Presidential Election First Round: 3rd Place,Fernando Haddad,raw,LLM_HIGHER,small,0.0205,,,,0.15,0.1295,0.1295,mid,,,,llm_mass_too_high,true
20260629T155053Z:RSO-0143:raw:1d,20260629T155053Z,2026-06-29T15:50:53Z,1d,2026-06-30T15:50:53Z,,PENDING,RSO-0143,Brazil Presidential Election First Round: 3rd Place,Michelle Bolsonaro,raw,LLM_HIGHER,small,0.0095,,,,0.12,0.1105,0.1105,mid,,,,llm_mass_too_high,true
20260629T155053Z:RSO-0143:raw:7d,20260629T155053Z,2026-06-29T15:50:53Z,7d,2026-07-06T15:50:53Z,,PENDING,RSO-0143,Brazil Presidential Election First Round: 3rd Place,Michelle Bolsonaro,raw,LLM_HIGHER,small,0.0095,,,,0.12,0.1105,0.1105,mid,,,,llm_mass_too_high,true
20260629T155053Z:RSO-0143:raw:30d,20260629T155053Z,2026-06-29T15:50:53Z,30d,2026-07-29T15:50:53Z,,PENDING,RSO-0143,Brazil Presidential Election First Round: 3rd Place,Michelle Bolsonaro,raw,LLM_HIGHER,small,0.0095,,,,0.12,0.1105,0.1105,mid,,,,llm_mass_too_high,true
20260629T155053Z:RSO-0144:raw:1d,20260629T155053Z,2026-06-29T15:50:53Z,1d,2026-06-30T15:50:53Z,,PENDING,RSO-0144,Brazil Presidential Election First Round: 3rd Place,Luiz Inácio Lula da Silva,raw,LLM_HIGHER,small,0.0095,,,,0.15,0.1405,0.1405,mid,,,,llm_mass_too_high,true
20260629T155053Z:RSO-0144:raw:7d,20260629T155053Z,2026-06-29T15:50:53Z,7d,2026-07-06T15:50:53Z,,PENDING,RSO-0144,Brazil Presidential Election First Round: 3rd Place,Luiz Inácio Lula da Silva,raw,LLM_HIGHER,small,0.0095,,,,0.15,0.1405,0.1405,mid,,,,llm_mass_too_high,true
20260629T155053Z:RSO-0144:raw:30d,20260629T155053Z,2026-06-29T15:50:53Z,30d,2026-07-29T15:50:53Z,,PENDING,RSO-0144,Brazil Presidential Election First Round: 3rd Place,Luiz Inácio Lula da Silva,raw,LLM_HIGHER,small,0.0095,,,,0.15,0.1405,0.1405,mid,,,,llm_mass_too_high,true
20260629T155053Z:RSO-0146:raw:1d,20260629T155053Z,2026-06-29T15:50:53Z,1d,2026-06-30T15:50:53Z,,PENDING,RSO-0146,Brazil Presidential Election First Round: 3rd Place,Eduardo Bolsonaro,raw,LLM_HIGHER,small,0.0045,,,,0.15,0.1455,0.1455,mid,,,,llm_mass_too_high,true
20260629T155053Z:RSO-0146:raw:7d,20260629T155053Z,2026-06-29T15:50:53Z,7d,2026-07-06T15:50:53Z,,PENDING,RSO-0146,Brazil Presidential Election First Round: 3rd Place,Eduardo Bolsonaro,raw,LLM_HIGHER,small,0.0045,,,,0.15,0.1455,0.1455,mid,,,,llm_mass_too_high,true
20260629T155053Z:RSO-0146:raw:30d,20260629T155053Z,2026-06-29T15:50:53Z,30d,2026-07-29T15:50:53Z,,PENDING,RSO-0146,Brazil Presidential Election First Round: 3rd Place,Eduardo Bolsonaro,raw,LLM_HIGHER,small,0.0045,,,,0.15,0.1455,0.1455,mid,,,,llm_mass_too_high,true
20260629T155053Z:RSO-0148:raw:1d,20260629T155053Z,2026-06-29T15:50:53Z,1d,2026-06-30T15:50:53Z,,PENDING,RSO-0148,Brazil Presidential Election First Round: 3rd Place,Tarcisio de Freitas,raw,LLM_HIGHER,small,0.0025,,,,0.12,0.1175,0.1175,mid,,,,llm_mass_too_high,true
20260629T155053Z:RSO-0148:raw:7d,20260629T155053Z,2026-06-29T15:50:53Z,7d,2026-07-06T15:50:53Z,,PENDING,RSO-0148,Brazil Presidential Election First Round: 3rd Place,Tarcisio de Freitas,raw,LLM_HIGHER,small,0.0025,,,,0.12,0.1175,0.1175,mid,,,,llm_mass_too_high,true
20260629T155053Z:RSO-0148:raw:30d,20260629T155053Z,2026-06-29T15:50:53Z,30d,2026-07-29T15:50:53Z,,PENDING,RSO-0148,Brazil Presidential Election First Round: 3rd Place,Tarcisio de Freitas,raw,LLM_HIGHER,small,0.0025,,,,0.12,0.1175,0.1175,mid,,,,llm_mass_too_high,true
20260629T155053Z:RSO-0151:raw:1d,20260629T155053Z,2026-06-29T15:50:53Z,1d,2026-06-30T15:50:53Z,,PENDING,RSO-0151,Brazil Presidential Election First Round: 3rd Place,Geraldo Alckmin,raw,LLM_HIGHER,small,0.0025,,,,0.15,0.1475,0.1475,mid,,,,llm_mass_too_high,true
20260629T155053Z:RSO-0151:raw:7d,20260629T155053Z,2026-06-29T15:50:53Z,7d,2026-07-06T15:50:53Z,,PENDING,RSO-0151,Brazil Presidential Election First Round: 3rd Place,Geraldo Alckmin,raw,LLM_HIGHER,small,0.0025,,,,0.15,0.1475,0.1475,mid,,,,llm_mass_too_high,true
20260629T155053Z:RSO-0151:raw:30d,20260629T155053Z,2026-06-29T15:50:53Z,30d,2026-07-29T15:50:53Z,,PENDING,RSO-0151,Brazil Presidential Election First Round: 3rd Place,Geraldo Alckmin,raw,LLM_HIGHER,small,0.0025,,,,0.15,0.1475,0.1475,mid,,,,llm_mass_too_high,true
20260629T155053Z:RSO-0153:raw:1d,20260629T155053Z,2026-06-29T15:50:53Z,1d,2026-06-30T15:50:53Z,,PENDING,RSO-0153,Brazil Presidential Election First Round: 3rd Place,Eduardo Leite,raw,LLM_HIGHER,small,0.0015,,,,0.12,0.1185,0.1185,mid,,,,llm_mass_too_high,true
20260629T155053Z:RSO-0153:raw:7d,20260629T155053Z,2026-06-29T15:50:53Z,7d,2026-07-06T15:50:53Z,,PENDING,RSO-0153,Brazil Presidential Election First Round: 3rd Place,Eduardo Leite,raw,LLM_HIGHER,small,0.0015,,,,0.12,0.1185,0.1185,mid,,,,llm_mass_too_high,true
20260629T155053Z:RSO-0153:raw:30d,20260629T155053Z,2026-06-29T15:50:53Z,30d,2026-07-29T15:50:53Z,,PENDING,RSO-0153,Brazil Presidential Election First Round: 3rd Place,Eduardo Leite,raw,LLM_HIGHER,small,0.0015,,,,0.12,0.1185,0.1185,mid,,,,llm_mass_too_high,true
20260629T155053Z:RSO-0160:raw:1d,20260629T155053Z,2026-06-29T15:50:53Z,1d,2026-06-30T15:50:53Z,,PENDING,RSO-0160,Next Prime Minister of Sweden,Magdalena Andersson,raw,MARKET_HIGHER,large,0.735,,,,0.45,-0.285,0.285,mid,,,,,true
20260629T155053Z:RSO-0160:raw:7d,20260629T155053Z,2026-06-29T15:50:53Z,7d,2026-07-06T15:50:53Z,,PENDING,RSO-0160,Next Prime Minister of Sweden,Magdalena Andersson,raw,MARKET_HIGHER,large,0.735,,,,0.45,-0.285,0.285,mid,,,,,true
20260629T155053Z:RSO-0160:raw:30d,20260629T155053Z,2026-06-29T15:50:53Z,30d,2026-07-29T15:50:53Z,,PENDING,RSO-0160,Next Prime Minister of Sweden,Magdalena Andersson,raw,MARKET_HIGHER,large,0.735,,,,0.45,-0.285,0.285,mid,,,,,true
20260629T155053Z:RSO-0160:normalized:1d,20260629T155053Z,2026-06-29T15:50:53Z,1d,2026-06-30T15:50:53Z,,PENDING,RSO-0160,Next Prime Minister of Sweden,Magdalena Andersson,normalized,MARKET_HIGHER,medium,0.735,,,,0.48913,-0.24587,0.24587,mid,,,,,true
20260629T155053Z:RSO-0160:normalized:7d,20260629T155053Z,2026-06-29T15:50:53Z,7d,2026-07-06T15:50:53Z,,PENDING,RSO-0160,Next Prime Minister of Sweden,Magdalena Andersson,normalized,MARKET_HIGHER,medium,0.735,,,,0.48913,-0.24587,0.24587,mid,,,,,true
20260629T155053Z:RSO-0160:normalized:30d,20260629T155053Z,2026-06-29T15:50:53Z,30d,2026-07-29T15:50:53Z,,PENDING,RSO-0160,Next Prime Minister of Sweden,Magdalena Andersson,normalized,MARKET_HIGHER,medium,0.735,,,,0.48913,-0.24587,0.24587,mid,,,,,true
20260629T155053Z:RSO-0162:raw:1d,20260629T155053Z,2026-06-29T15:50:53Z,1d,2026-06-30T15:50:53Z,,PENDING,RSO-0162,Next Prime Minister of Sweden,Jimmie Åkesson,raw,LLM_HIGHER,small,0.0185,,,,0.15,0.1315,0.1315,mid,,,,,true
20260629T155053Z:RSO-0162:raw:7d,20260629T155053Z,2026-06-29T15:50:53Z,7d,2026-07-06T15:50:53Z,,PENDING,RSO-0162,Next Prime Minister of Sweden,Jimmie Åkesson,raw,LLM_HIGHER,small,0.0185,,,,0.15,0.1315,0.1315,mid,,,,,true
20260629T155053Z:RSO-0162:raw:30d,20260629T155053Z,2026-06-29T15:50:53Z,30d,2026-07-29T15:50:53Z,,PENDING,RSO-0162,Next Prime Minister of Sweden,Jimmie Åkesson,raw,LLM_HIGHER,small,0.0185,,,,0.15,0.1315,0.1315,mid,,,,,true
20260629T155053Z:RSO-0162:normalized:1d,20260629T155053Z,2026-06-29T15:50:53Z,1d,2026-06-30T15:50:53Z,,PENDING,RSO-0162,Next Prime Minister of Sweden,Jimmie Åkesson,normalized,LLM_HIGHER,small,0.0185,,,,0.163043,0.144543,0.144543,mid,,,,,true
20260629T155053Z:RSO-0162:normalized:7d,20260629T155053Z,2026-06-29T15:50:53Z,7d,2026-07-06T15:50:53Z,,PENDING,RSO-0162,Next Prime Minister of Sweden,Jimmie Åkesson,normalized,LLM_HIGHER,small,0.0185,,,,0.163043,0.144543,0.144543,mid,,,,,true
20260629T155053Z:RSO-0162:normalized:30d,20260629T155053Z,2026-06-29T15:50:53Z,30d,2026-07-29T15:50:53Z,,PENDING,RSO-0162,Next Prime Minister of Sweden,Jimmie Åkesson,normalized,LLM_HIGHER,small,0.0185,,,,0.163043,0.144543,0.144543,mid,,,,,true
20260629T155053Z:RSO-0170:raw:1d,20260629T155053Z,2026-06-29T15:50:53Z,1d,2026-06-30T15:50:53Z,,PENDING,RSO-0170,Sweden Parliamentary Election Winner,Swedish Social Democratic Party (S),raw,MARKET_HIGHER,large,0.945,,,,0.45,-0.495,0.495,mid,,,,,true
20260629T155053Z:RSO-0170:raw:7d,20260629T155053Z,2026-06-29T15:50:53Z,7d,2026-07-06T15:50:53Z,,PENDING,RSO-0170,Sweden Parliamentary Election Winner,Swedish Social Democratic Party (S),raw,MARKET_HIGHER,large,0.945,,,,0.45,-0.495,0.495,mid,,,,,true
20260629T155053Z:RSO-0170:raw:30d,20260629T155053Z,2026-06-29T15:50:53Z,30d,2026-07-29T15:50:53Z,,PENDING,RSO-0170,Sweden Parliamentary Election Winner,Swedish Social Democratic Party (S),raw,MARKET_HIGHER,large,0.945,,,,0.45,-0.495,0.495,mid,,,,,true
20260629T155053Z:RSO-0170:normalized:1d,20260629T155053Z,2026-06-29T15:50:53Z,1d,2026-06-30T15:50:53Z,,PENDING,RSO-0170,Sweden Parliamentary Election Winner,Swedish Social Democratic Party (S),normalized,MARKET_HIGHER,large,0.945,,,,0.584416,-0.360584,0.360584,mid,,,,,true
20260629T155053Z:RSO-0170:normalized:7d,20260629T155053Z,2026-06-29T15:50:53Z,7d,2026-07-06T15:50:53Z,,PENDING,RSO-0170,Sweden Parliamentary Election Winner,Swedish Social Democratic Party (S),normalized,MARKET_HIGHER,large,0.945,,,,0.584416,-0.360584,0.360584,mid,,,,,true
20260629T155053Z:RSO-0170:normalized:30d,20260629T155053Z,2026-06-29T15:50:53Z,30d,2026-07-29T15:50:53Z,,PENDING,RSO-0170,Sweden Parliamentary Election Winner,Swedish Social Democratic Party (S),normalized,MARKET_HIGHER,large,0.945,,,,0.584416,-0.360584,0.360584,mid,,,,,true
20260629T155053Z:RSO-0171:raw:1d,20260629T155053Z,2026-06-29T15:50:53Z,1d,2026-06-30T15:50:53Z,,PENDING,RSO-0171,Sweden Parliamentary Election Winner,Sweden Democrats (SD),raw,LLM_HIGHER,small,0.032,,,,0.15,0.118,0.118,mid,,,,,true
20260629T155053Z:RSO-0171:raw:7d,20260629T155053Z,2026-06-29T15:50:53Z,7d,2026-07-06T15:50:53Z,,PENDING,RSO-0171,Sweden Parliamentary Election Winner,Sweden Democrats (SD),raw,LLM_HIGHER,small,0.032,,,,0.15,0.118,0.118,mid,,,,,true
20260629T155053Z:RSO-0171:raw:30d,20260629T155053Z,2026-06-29T15:50:53Z,30d,2026-07-29T15:50:53Z,,PENDING,RSO-0171,Sweden Parliamentary Election Winner,Sweden Democrats (SD),raw,LLM_HIGHER,small,0.032,,,,0.15,0.118,0.118,mid,,,,,true
20260629T155053Z:RSO-0171:normalized:1d,20260629T155053Z,2026-06-29T15:50:53Z,1d,2026-06-30T15:50:53Z,,PENDING,RSO-0171,Sweden Parliamentary Election Winner,Sweden Democrats (SD),normalized,LLM_HIGHER,medium,0.032,,,,0.194805,0.162805,0.162805,mid,,,,,true
20260629T155053Z:RSO-0171:normalized:7d,20260629T155053Z,2026-06-29T15:50:53Z,7d,2026-07-06T15:50:53Z,,PENDING,RSO-0171,Sweden Parliamentary Election Winner,Sweden Democrats (SD),normalized,LLM_HIGHER,medium,0.032,,,,0.194805,0.162805,0.162805,mid,,,,,true
20260629T155053Z:RSO-0171:normalized:30d,20260629T155053Z,2026-06-29T15:50:53Z,30d,2026-07-29T15:50:53Z,,PENDING,RSO-0171,Sweden Parliamentary Election Winner,Sweden Democrats (SD),normalized,LLM_HIGHER,medium,0.032,,,,0.194805,0.162805,0.162805,mid,,,,,true
20260629T155053Z:RSO-0172:raw:1d,20260629T155053Z,2026-06-29T15:50:53Z,1d,2026-06-30T15:50:53Z,,PENDING,RSO-0172,Sweden Parliamentary Election Winner,Green Party (MP),raw,LLM_HIGHER,small,0.007,,,,0.12,0.113,0.113,mid,,,,,true
20260629T155053Z:RSO-0172:raw:7d,20260629T155053Z,2026-06-29T15:50:53Z,7d,2026-07-06T15:50:53Z,,PENDING,RSO-0172,Sweden Parliamentary Election Winner,Green Party (MP),raw,LLM_HIGHER,small,0.007,,,,0.12,0.113,0.113,mid,,,,,true
20260629T155053Z:RSO-0172:raw:30d,20260629T155053Z,2026-06-29T15:50:53Z,30d,2026-07-29T15:50:53Z,,PENDING,RSO-0172,Sweden Parliamentary Election Winner,Green Party (MP),raw,LLM_HIGHER,small,0.007,,,,0.12,0.113,0.113,mid,,,,,true
20260629T155053Z:RSO-0172:normalized:1d,20260629T155053Z,2026-06-29T15:50:53Z,1d,2026-06-30T15:50:53Z,,PENDING,RSO-0172,Sweden Parliamentary Election Winner,Green Party (MP),normalized,LLM_HIGHER,small,0.007,,,,0.155844,0.148844,0.148844,mid,,,,,true
20260629T155053Z:RSO-0172:normalized:7d,20260629T155053Z,2026-06-29T15:50:53Z,7d,2026-07-06T15:50:53Z,,PENDING,RSO-0172,Sweden Parliamentary Election Winner,Green Party (MP),normalized,LLM_HIGHER,small,0.007,,,,0.155844,0.148844,0.148844,mid,,,,,true
20260629T155053Z:RSO-0172:normalized:30d,20260629T155053Z,2026-06-29T15:50:53Z,30d,2026-07-29T15:50:53Z,,PENDING,RSO-0172,Sweden Parliamentary Election Winner,Green Party (MP),normalized,LLM_HIGHER,small,0.007,,,,0.155844,0.148844,0.148844,mid,,,,,true
20260629T155053Z:RSO-0181:raw:1d,20260629T155053Z,2026-06-29T15:50:53Z,1d,2026-06-30T15:50:53Z,,PENDING,RSO-0181,Quebec General Election Winner,PQ,raw,MARKET_HIGHER,large,0.625,,,,0.35,-0.275,0.275,mid,,,,,true
20260629T155053Z:RSO-0181:raw:7d,20260629T155053Z,2026-06-29T15:50:53Z,7d,2026-07-06T15:50:53Z,,PENDING,RSO-0181,Quebec General Election Winner,PQ,raw,MARKET_HIGHER,large,0.625,,,,0.35,-0.275,0.275,mid,,,,,true
20260629T155053Z:RSO-0181:raw:30d,20260629T155053Z,2026-06-29T15:50:53Z,30d,2026-07-29T15:50:53Z,,PENDING,RSO-0181,Quebec General Election Winner,PQ,raw,MARKET_HIGHER,large,0.625,,,,0.35,-0.275,0.275,mid,,,,,true
20260629T155053Z:RSO-0181:normalized:1d,20260629T155053Z,2026-06-29T15:50:53Z,1d,2026-06-30T15:50:53Z,,PENDING,RSO-0181,Quebec General Election Winner,PQ,normalized,MARKET_HIGHER,large,0.625,,,,0.327103,-0.297897,0.297897,mid,,,,,true
20260629T155053Z:RSO-0181:normalized:7d,20260629T155053Z,2026-06-29T15:50:53Z,7d,2026-07-06T15:50:53Z,,PENDING,RSO-0181,Quebec General Election Winner,PQ,normalized,MARKET_HIGHER,large,0.625,,,,0.327103,-0.297897,0.297897,mid,,,,,true
20260629T155053Z:RSO-0181:normalized:30d,20260629T155053Z,2026-06-29T15:50:53Z,30d,2026-07-29T15:50:53Z,,PENDING,RSO-0181,Quebec General Election Winner,PQ,normalized,MARKET_HIGHER,large,0.625,,,,0.327103,-0.297897,0.297897,mid,,,,,true
20260629T155053Z:RSO-0182:raw:1d,20260629T155053Z,2026-06-29T15:50:53Z,1d,2026-06-30T15:50:53Z,,PENDING,RSO-0182,Quebec General Election Winner,PLQ,raw,LLM_HIGHER,medium,0.175,,,,0.35,0.175,0.175,mid,,,,,true
20260629T155053Z:RSO-0182:raw:7d,20260629T155053Z,2026-06-29T15:50:53Z,7d,2026-07-06T15:50:53Z,,PENDING,RSO-0182,Quebec General Election Winner,PLQ,raw,LLM_HIGHER,medium,0.175,,,,0.35,0.175,0.175,mid,,,,,true
20260629T155053Z:RSO-0182:raw:30d,20260629T155053Z,2026-06-29T15:50:53Z,30d,2026-07-29T15:50:53Z,,PENDING,RSO-0182,Quebec General Election Winner,PLQ,raw,LLM_HIGHER,medium,0.175,,,,0.35,0.175,0.175,mid,,,,,true
20260629T155053Z:RSO-0182:normalized:1d,20260629T155053Z,2026-06-29T15:50:53Z,1d,2026-06-30T15:50:53Z,,PENDING,RSO-0182,Quebec General Election Winner,PLQ,normalized,LLM_HIGHER,medium,0.175,,,,0.327103,0.152103,0.152103,mid,,,,,true
20260629T155053Z:RSO-0182:normalized:7d,20260629T155053Z,2026-06-29T15:50:53Z,7d,2026-07-06T15:50:53Z,,PENDING,RSO-0182,Quebec General Election Winner,PLQ,normalized,LLM_HIGHER,medium,0.175,,,,0.327103,0.152103,0.152103,mid,,,,,true
20260629T155053Z:RSO-0182:normalized:30d,20260629T155053Z,2026-06-29T15:50:53Z,30d,2026-07-29T15:50:53Z,,PENDING,RSO-0182,Quebec General Election Winner,PLQ,normalized,LLM_HIGHER,medium,0.175,,,,0.327103,0.152103,0.152103,mid,,,,,true
20260629T155053Z:RSO-0184:raw:1d,20260629T155053Z,2026-06-29T15:50:53Z,1d,2026-06-30T15:50:53Z,,PENDING,RSO-0184,Quebec General Election Winner,PCQ,raw,LLM_HIGHER,small,0.0025,,,,0.12,0.1175,0.1175,mid,,,,,true
20260629T155053Z:RSO-0184:raw:7d,20260629T155053Z,2026-06-29T15:50:53Z,7d,2026-07-06T15:50:53Z,,PENDING,RSO-0184,Quebec General Election Winner,PCQ,raw,LLM_HIGHER,small,0.0025,,,,0.12,0.1175,0.1175,mid,,,,,true
20260629T155053Z:RSO-0184:raw:30d,20260629T155053Z,2026-06-29T15:50:53Z,30d,2026-07-29T15:50:53Z,,PENDING,RSO-0184,Quebec General Election Winner,PCQ,raw,LLM_HIGHER,small,0.0025,,,,0.12,0.1175,0.1175,mid,,,,,true
20260629T155053Z:RSO-0184:normalized:1d,20260629T155053Z,2026-06-29T15:50:53Z,1d,2026-06-30T15:50:53Z,,PENDING,RSO-0184,Quebec General Election Winner,PCQ,normalized,LLM_HIGHER,small,0.0025,,,,0.11215,0.10965,0.10965,mid,,,,,true
20260629T155053Z:RSO-0184:normalized:7d,20260629T155053Z,2026-06-29T15:50:53Z,7d,2026-07-06T15:50:53Z,,PENDING,RSO-0184,Quebec General Election Winner,PCQ,normalized,LLM_HIGHER,small,0.0025,,,,0.11215,0.10965,0.10965,mid,,,,,true
20260629T155053Z:RSO-0184:normalized:30d,20260629T155053Z,2026-06-29T15:50:53Z,30d,2026-07-29T15:50:53Z,,PENDING,RSO-0184,Quebec General Election Winner,PCQ,normalized,LLM_HIGHER,small,0.0025,,,,0.11215,0.10965,0.10965,mid,,,,,true
20260629T155053Z:RSO-0195:raw:1d,20260629T155053Z,2026-06-29T15:50:53Z,1d,2026-06-30T15:50:53Z,,PENDING,RSO-0195,Vancouver Mayoral Election Winner,Kareem Allam,raw,MARKET_HIGHER,large,0.505,,,,0.12,-0.385,0.385,mid,,,,,true
20260629T155053Z:RSO-0195:raw:7d,20260629T155053Z,2026-06-29T15:50:53Z,7d,2026-07-06T15:50:53Z,,PENDING,RSO-0195,Vancouver Mayoral Election Winner,Kareem Allam,raw,MARKET_HIGHER,large,0.505,,,,0.12,-0.385,0.385,mid,,,,,true
20260629T155053Z:RSO-0195:raw:30d,20260629T155053Z,2026-06-29T15:50:53Z,30d,2026-07-29T15:50:53Z,,PENDING,RSO-0195,Vancouver Mayoral Election Winner,Kareem Allam,raw,MARKET_HIGHER,large,0.505,,,,0.12,-0.385,0.385,mid,,,,,true
20260629T155053Z:RSO-0195:normalized:1d,20260629T155053Z,2026-06-29T15:50:53Z,1d,2026-06-30T15:50:53Z,,PENDING,RSO-0195,Vancouver Mayoral Election Winner,Kareem Allam,normalized,MARKET_HIGHER,large,0.505,,,,0.146341,-0.358659,0.358659,mid,,,,,true
20260629T155053Z:RSO-0195:normalized:7d,20260629T155053Z,2026-06-29T15:50:53Z,7d,2026-07-06T15:50:53Z,,PENDING,RSO-0195,Vancouver Mayoral Election Winner,Kareem Allam,normalized,MARKET_HIGHER,large,0.505,,,,0.146341,-0.358659,0.358659,mid,,,,,true
20260629T155053Z:RSO-0195:normalized:30d,20260629T155053Z,2026-06-29T15:50:53Z,30d,2026-07-29T15:50:53Z,,PENDING,RSO-0195,Vancouver Mayoral Election Winner,Kareem Allam,normalized,MARKET_HIGHER,large,0.505,,,,0.146341,-0.358659,0.358659,mid,,,,,true
20260629T155053Z:RSO-0196:normalized:1d,20260629T155053Z,2026-06-29T15:50:53Z,1d,2026-06-30T15:50:53Z,,PENDING,RSO-0196,Vancouver Mayoral Election Winner,Ken Sim,normalized,LLM_HIGHER,small,0.285,,,,0.426829,0.141829,0.141829,mid,,,,,true
20260629T155053Z:RSO-0196:normalized:7d,20260629T155053Z,2026-06-29T15:50:53Z,7d,2026-07-06T15:50:53Z,,PENDING,RSO-0196,Vancouver Mayoral Election Winner,Ken Sim,normalized,LLM_HIGHER,small,0.285,,,,0.426829,0.141829,0.141829,mid,,,,,true
20260629T155053Z:RSO-0196:normalized:30d,20260629T155053Z,2026-06-29T15:50:53Z,30d,2026-07-29T15:50:53Z,,PENDING,RSO-0196,Vancouver Mayoral Election Winner,Ken Sim,normalized,LLM_HIGHER,small,0.285,,,,0.426829,0.141829,0.141829,mid,,,,,true
20260629T155053Z:RSO-0207:raw:1d,20260629T155053Z,2026-06-29T15:50:53Z,1d,2026-06-30T15:50:53Z,,PENDING,RSO-0207,Next Prime Minister of Israel after next election,Gadi Eizenkot,raw,MARKET_HIGHER,large,0.416,,,,0.15,-0.266,0.266,mid,,,,llm_mass_too_high,true
20260629T155053Z:RSO-0207:raw:7d,20260629T155053Z,2026-06-29T15:50:53Z,7d,2026-07-06T15:50:53Z,,PENDING,RSO-0207,Next Prime Minister of Israel after next election,Gadi Eizenkot,raw,MARKET_HIGHER,large,0.416,,,,0.15,-0.266,0.266,mid,,,,llm_mass_too_high,true
20260629T155053Z:RSO-0207:raw:30d,20260629T155053Z,2026-06-29T15:50:53Z,30d,2026-07-29T15:50:53Z,,PENDING,RSO-0207,Next Prime Minister of Israel after next election,Gadi Eizenkot,raw,MARKET_HIGHER,large,0.416,,,,0.15,-0.266,0.266,mid,,,,llm_mass_too_high,true
20260629T155053Z:RSO-0207:normalized:1d,20260629T155053Z,2026-06-29T15:50:53Z,1d,2026-06-30T15:50:53Z,,PENDING,RSO-0207,Next Prime Minister of Israel after next election,Gadi Eizenkot,normalized,MARKET_HIGHER,large,0.416,,,,0.09434,-0.32166,0.32166,mid,,,,llm_mass_too_high,true
20260629T155053Z:RSO-0207:normalized:7d,20260629T155053Z,2026-06-29T15:50:53Z,7d,2026-07-06T15:50:53Z,,PENDING,RSO-0207,Next Prime Minister of Israel after next election,Gadi Eizenkot,normalized,MARKET_HIGHER,large,0.416,,,,0.09434,-0.32166,0.32166,mid,,,,llm_mass_too_high,true
20260629T155053Z:RSO-0207:normalized:30d,20260629T155053Z,2026-06-29T15:50:53Z,30d,2026-07-29T15:50:53Z,,PENDING,RSO-0207,Next Prime Minister of Israel after next election,Gadi Eizenkot,normalized,MARKET_HIGHER,large,0.416,,,,0.09434,-0.32166,0.32166,mid,,,,llm_mass_too_high,true
20260629T155053Z:RSO-0208:raw:1d,20260629T155053Z,2026-06-29T15:50:53Z,1d,2026-06-30T15:50:53Z,,PENDING,RSO-0208,Next Prime Minister of Israel after next election,Benjamin Netanyahu,raw,LLM_HIGHER,small,0.335,,,,0.45,0.115,0.115,mid,,,,llm_mass_too_high,true
20260629T155053Z:RSO-0208:raw:7d,20260629T155053Z,2026-06-29T15:50:53Z,7d,2026-07-06T15:50:53Z,,PENDING,RSO-0208,Next Prime Minister of Israel after next election,Benjamin Netanyahu,raw,LLM_HIGHER,small,0.335,,,,0.45,0.115,0.115,mid,,,,llm_mass_too_high,true
20260629T155053Z:RSO-0208:raw:30d,20260629T155053Z,2026-06-29T15:50:53Z,30d,2026-07-29T15:50:53Z,,PENDING,RSO-0208,Next Prime Minister of Israel after next election,Benjamin Netanyahu,raw,LLM_HIGHER,small,0.335,,,,0.45,0.115,0.115,mid,,,,llm_mass_too_high,true
20260629T155053Z:RSO-0212:raw:1d,20260629T155053Z,2026-06-29T15:50:53Z,1d,2026-06-30T15:50:53Z,,PENDING,RSO-0212,Next Prime Minister of Israel after next election,Benny Gantz,raw,LLM_HIGHER,small,0.0045,,,,0.15,0.1455,0.1455,mid,,,,llm_mass_too_high,true
20260629T155053Z:RSO-0212:raw:7d,20260629T155053Z,2026-06-29T15:50:53Z,7d,2026-07-06T15:50:53Z,,PENDING,RSO-0212,Next Prime Minister of Israel after next election,Benny Gantz,raw,LLM_HIGHER,small,0.0045,,,,0.15,0.1455,0.1455,mid,,,,llm_mass_too_high,true
20260629T155053Z:RSO-0212:raw:30d,20260629T155053Z,2026-06-29T15:50:53Z,30d,2026-07-29T15:50:53Z,,PENDING,RSO-0212,Next Prime Minister of Israel after next election,Benny Gantz,raw,LLM_HIGHER,small,0.0045,,,,0.15,0.1455,0.1455,mid,,,,llm_mass_too_high,true
20260629T155053Z:RSO-0219:raw:1d,20260629T155053Z,2026-06-29T15:50:53Z,1d,2026-06-30T15:50:53Z,,PENDING,RSO-0219,Next Prime Minister of Israel after next election,Yair Lapid,raw,LLM_HIGHER,small,0.0075,,,,0.15,0.1425,0.1425,mid,,,,llm_mass_too_high,true
20260629T155053Z:RSO-0219:raw:7d,20260629T155053Z,2026-06-29T15:50:53Z,7d,2026-07-06T15:50:53Z,,PENDING,RSO-0219,Next Prime Minister of Israel after next election,Yair Lapid,raw,LLM_HIGHER,small,0.0075,,,,0.15,0.1425,0.1425,mid,,,,llm_mass_too_high,true
20260629T155053Z:RSO-0219:raw:30d,20260629T155053Z,2026-06-29T15:50:53Z,30d,2026-07-29T15:50:53Z,,PENDING,RSO-0219,Next Prime Minister of Israel after next election,Yair Lapid,raw,LLM_HIGHER,small,0.0075,,,,0.15,0.1425,0.1425,mid,,,,llm_mass_too_high,true
20260629T155053Z:RSO-0226:raw:1d,20260629T155053Z,2026-06-29T15:50:53Z,1d,2026-06-30T15:50:53Z,,PENDING,RSO-0226,Israeli Legislative Election Winner,Yashar,raw,MARKET_HIGHER,small,0.365,,,,0.25,-0.115,0.115,mid,,,,,true
20260629T155053Z:RSO-0226:raw:7d,20260629T155053Z,2026-06-29T15:50:53Z,7d,2026-07-06T15:50:53Z,,PENDING,RSO-0226,Israeli Legislative Election Winner,Yashar,raw,MARKET_HIGHER,small,0.365,,,,0.25,-0.115,0.115,mid,,,,,true
20260629T155053Z:RSO-0226:raw:30d,20260629T155053Z,2026-06-29T15:50:53Z,30d,2026-07-29T15:50:53Z,,PENDING,RSO-0226,Israeli Legislative Election Winner,Yashar,raw,MARKET_HIGHER,small,0.365,,,,0.25,-0.115,0.115,mid,,,,,true
20260629T155053Z:RSO-0227:raw:1d,20260629T155053Z,2026-06-29T15:50:53Z,1d,2026-06-30T15:50:53Z,,PENDING,RSO-0227,Israeli Legislative Election Winner,Together,raw,MARKET_HIGHER,small,0.27,,,,0.15,-0.12,0.12,mid,,,,,true
20260629T155053Z:RSO-0227:raw:7d,20260629T155053Z,2026-06-29T15:50:53Z,7d,2026-07-06T15:50:53Z,,PENDING,RSO-0227,Israeli Legislative Election Winner,Together,raw,MARKET_HIGHER,small,0.27,,,,0.15,-0.12,0.12,mid,,,,,true
20260629T155053Z:RSO-0227:raw:30d,20260629T155053Z,2026-06-29T15:50:53Z,30d,2026-07-29T15:50:53Z,,PENDING,RSO-0227,Israeli Legislative Election Winner,Together,raw,MARKET_HIGHER,small,0.27,,,,0.15,-0.12,0.12,mid,,,,,true
20260629T155053Z:RSO-0227:normalized:1d,20260629T155053Z,2026-06-29T15:50:53Z,1d,2026-06-30T15:50:53Z,,PENDING,RSO-0227,Israeli Legislative Election Winner,Together,normalized,MARKET_HIGHER,small,0.27,,,,0.166667,-0.103333,0.103333,mid,,,,,true
20260629T155053Z:RSO-0227:normalized:7d,20260629T155053Z,2026-06-29T15:50:53Z,7d,2026-07-06T15:50:53Z,,PENDING,RSO-0227,Israeli Legislative Election Winner,Together,normalized,MARKET_HIGHER,small,0.27,,,,0.166667,-0.103333,0.103333,mid,,,,,true
20260629T155053Z:RSO-0227:normalized:30d,20260629T155053Z,2026-06-29T15:50:53Z,30d,2026-07-29T15:50:53Z,,PENDING,RSO-0227,Israeli Legislative Election Winner,Together,normalized,MARKET_HIGHER,small,0.27,,,,0.166667,-0.103333,0.103333,mid,,,,,true
20260629T155053Z:RSO-0231:raw:1d,20260629T155053Z,2026-06-29T15:50:53Z,1d,2026-06-30T15:50:53Z,,PENDING,RSO-0231,Next Prime Minister of New Zealand,Chris Hipkins,raw,MARKET_HIGHER,large,0.535,,,,0.15,-0.385,0.385,mid,,,,,true
20260629T155053Z:RSO-0231:raw:7d,20260629T155053Z,2026-06-29T15:50:53Z,7d,2026-07-06T15:50:53Z,,PENDING,RSO-0231,Next Prime Minister of New Zealand,Chris Hipkins,raw,MARKET_HIGHER,large,0.535,,,,0.15,-0.385,0.385,mid,,,,,true
20260629T155053Z:RSO-0231:raw:30d,20260629T155053Z,2026-06-29T15:50:53Z,30d,2026-07-29T15:50:53Z,,PENDING,RSO-0231,Next Prime Minister of New Zealand,Chris Hipkins,raw,MARKET_HIGHER,large,0.535,,,,0.15,-0.385,0.385,mid,,,,,true
20260629T155053Z:RSO-0231:normalized:1d,20260629T155053Z,2026-06-29T15:50:53Z,1d,2026-06-30T15:50:53Z,,PENDING,RSO-0231,Next Prime Minister of New Zealand,Chris Hipkins,normalized,MARKET_HIGHER,large,0.535,,,,0.147059,-0.387941,0.387941,mid,,,,,true
20260629T155053Z:RSO-0231:normalized:7d,20260629T155053Z,2026-06-29T15:50:53Z,7d,2026-07-06T15:50:53Z,,PENDING,RSO-0231,Next Prime Minister of New Zealand,Chris Hipkins,normalized,MARKET_HIGHER,large,0.535,,,,0.147059,-0.387941,0.387941,mid,,,,,true
20260629T155053Z:RSO-0231:normalized:30d,20260629T155053Z,2026-06-29T15:50:53Z,30d,2026-07-29T15:50:53Z,,PENDING,RSO-0231,Next Prime Minister of New Zealand,Chris Hipkins,normalized,MARKET_HIGHER,large,0.535,,,,0.147059,-0.387941,0.387941,mid,,,,,true
20260629T155053Z:RSO-0232:raw:1d,20260629T155053Z,2026-06-29T15:50:53Z,1d,2026-06-30T15:50:53Z,,PENDING,RSO-0232,Next Prime Minister of New Zealand,Christopher Luxon,raw,LLM_HIGHER,medium,0.445,,,,0.65,0.205,0.205,mid,,,,,true
20260629T155053Z:RSO-0232:raw:7d,20260629T155053Z,2026-06-29T15:50:53Z,7d,2026-07-06T15:50:53Z,,PENDING,RSO-0232,Next Prime Minister of New Zealand,Christopher Luxon,raw,LLM_HIGHER,medium,0.445,,,,0.65,0.205,0.205,mid,,,,,true
20260629T155053Z:RSO-0232:raw:30d,20260629T155053Z,2026-06-29T15:50:53Z,30d,2026-07-29T15:50:53Z,,PENDING,RSO-0232,Next Prime Minister of New Zealand,Christopher Luxon,raw,LLM_HIGHER,medium,0.445,,,,0.65,0.205,0.205,mid,,,,,true
20260629T155053Z:RSO-0232:normalized:1d,20260629T155053Z,2026-06-29T15:50:53Z,1d,2026-06-30T15:50:53Z,,PENDING,RSO-0232,Next Prime Minister of New Zealand,Christopher Luxon,normalized,LLM_HIGHER,medium,0.445,,,,0.637255,0.192255,0.192255,mid,,,,,true
20260629T155053Z:RSO-0232:normalized:7d,20260629T155053Z,2026-06-29T15:50:53Z,7d,2026-07-06T15:50:53Z,,PENDING,RSO-0232,Next Prime Minister of New Zealand,Christopher Luxon,normalized,LLM_HIGHER,medium,0.445,,,,0.637255,0.192255,0.192255,mid,,,,,true
20260629T155053Z:RSO-0232:normalized:30d,20260629T155053Z,2026-06-29T15:50:53Z,30d,2026-07-29T15:50:53Z,,PENDING,RSO-0232,Next Prime Minister of New Zealand,Christopher Luxon,normalized,LLM_HIGHER,medium,0.445,,,,0.637255,0.192255,0.192255,mid,,,,,true
20260629T155053Z:RSO-0238:raw:1d,20260629T155053Z,2026-06-29T15:50:53Z,1d,2026-06-30T15:50:53Z,,PENDING,RSO-0238,New Zealand legislative election winner,Labour Party,raw,MARKET_HIGHER,large,0.665,,,,0.25,-0.415,0.415,mid,,,,,true
20260629T155053Z:RSO-0238:raw:7d,20260629T155053Z,2026-06-29T15:50:53Z,7d,2026-07-06T15:50:53Z,,PENDING,RSO-0238,New Zealand legislative election winner,Labour Party,raw,MARKET_HIGHER,large,0.665,,,,0.25,-0.415,0.415,mid,,,,,true
20260629T155053Z:RSO-0238:raw:30d,20260629T155053Z,2026-06-29T15:50:53Z,30d,2026-07-29T15:50:53Z,,PENDING,RSO-0238,New Zealand legislative election winner,Labour Party,raw,MARKET_HIGHER,large,0.665,,,,0.25,-0.415,0.415,mid,,,,,true
20260629T155053Z:RSO-0238:normalized:1d,20260629T155053Z,2026-06-29T15:50:53Z,1d,2026-06-30T15:50:53Z,,PENDING,RSO-0238,New Zealand legislative election winner,Labour Party,normalized,MARKET_HIGHER,large,0.665,,,,0.3125,-0.3525,0.3525,mid,,,,,true
20260629T155053Z:RSO-0238:normalized:7d,20260629T155053Z,2026-06-29T15:50:53Z,7d,2026-07-06T15:50:53Z,,PENDING,RSO-0238,New Zealand legislative election winner,Labour Party,normalized,MARKET_HIGHER,large,0.665,,,,0.3125,-0.3525,0.3525,mid,,,,,true
20260629T155053Z:RSO-0238:normalized:30d,20260629T155053Z,2026-06-29T15:50:53Z,30d,2026-07-29T15:50:53Z,,PENDING,RSO-0238,New Zealand legislative election winner,Labour Party,normalized,MARKET_HIGHER,large,0.665,,,,0.3125,-0.3525,0.3525,mid,,,,,true
20260629T155053Z:RSO-0239:raw:1d,20260629T155053Z,2026-06-29T15:50:53Z,1d,2026-06-30T15:50:53Z,,PENDING,RSO-0239,New Zealand legislative election winner,National Party,raw,LLM_HIGHER,small,0.345,,,,0.45,0.105,0.105,mid,,,,,true
20260629T155053Z:RSO-0239:raw:7d,20260629T155053Z,2026-06-29T15:50:53Z,7d,2026-07-06T15:50:53Z,,PENDING,RSO-0239,New Zealand legislative election winner,National Party,raw,LLM_HIGHER,small,0.345,,,,0.45,0.105,0.105,mid,,,,,true
20260629T155053Z:RSO-0239:raw:30d,20260629T155053Z,2026-06-29T15:50:53Z,30d,2026-07-29T15:50:53Z,,PENDING,RSO-0239,New Zealand legislative election winner,National Party,raw,LLM_HIGHER,small,0.345,,,,0.45,0.105,0.105,mid,,,,,true
20260629T155053Z:RSO-0239:normalized:1d,20260629T155053Z,2026-06-29T15:50:53Z,1d,2026-06-30T15:50:53Z,,PENDING,RSO-0239,New Zealand legislative election winner,National Party,normalized,LLM_HIGHER,medium,0.345,,,,0.5625,0.2175,0.2175,mid,,,,,true
20260629T155053Z:RSO-0239:normalized:7d,20260629T155053Z,2026-06-29T15:50:53Z,7d,2026-07-06T15:50:53Z,,PENDING,RSO-0239,New Zealand legislative election winner,National Party,normalized,LLM_HIGHER,medium,0.345,,,,0.5625,0.2175,0.2175,mid,,,,,true
20260629T155053Z:RSO-0239:normalized:30d,20260629T155053Z,2026-06-29T15:50:53Z,30d,2026-07-29T15:50:53Z,,PENDING,RSO-0239,New Zealand legislative election winner,National Party,normalized,LLM_HIGHER,medium,0.345,,,,0.5625,0.2175,0.2175,mid,,,,,true
20260629T155053Z:RSO-0003:raw:1d,20260629T155053Z,2026-06-29T15:50:53Z,1d,2026-06-30T15:50:53Z,,PENDING,RSO-0003,"House control, 2026",Republican Party,raw,LLM_HIGHER,large,0.175,,,,0.45,0.275,0.275,mid,,,,,false
20260629T155053Z:RSO-0003:raw:7d,20260629T155053Z,2026-06-29T15:50:53Z,7d,2026-07-06T15:50:53Z,,PENDING,RSO-0003,"House control, 2026",Republican Party,raw,LLM_HIGHER,large,0.175,,,,0.45,0.275,0.275,mid,,,,,false
20260629T155053Z:RSO-0003:raw:30d,20260629T155053Z,2026-06-29T15:50:53Z,30d,2026-07-29T15:50:53Z,,PENDING,RSO-0003,"House control, 2026",Republican Party,raw,LLM_HIGHER,large,0.175,,,,0.45,0.275,0.275,mid,,,,,false
20260629T155053Z:RSO-0003:normalized:1d,20260629T155053Z,2026-06-29T15:50:53Z,1d,2026-06-30T15:50:53Z,,PENDING,RSO-0003,"House control, 2026",Republican Party,normalized,LLM_HIGHER,large,0.175,,,,0.45,0.275,0.275,mid,,,,,false
20260629T155053Z:RSO-0003:normalized:7d,20260629T155053Z,2026-06-29T15:50:53Z,7d,2026-07-06T15:50:53Z,,PENDING,RSO-0003,"House control, 2026",Republican Party,normalized,LLM_HIGHER,large,0.175,,,,0.45,0.275,0.275,mid,,,,,false
20260629T155053Z:RSO-0003:normalized:30d,20260629T155053Z,2026-06-29T15:50:53Z,30d,2026-07-29T15:50:53Z,,PENDING,RSO-0003,"House control, 2026",Republican Party,normalized,LLM_HIGHER,large,0.175,,,,0.45,0.275,0.275,mid,,,,,false
20260629T155053Z:RSO-0004:raw:1d,20260629T155053Z,2026-06-29T15:50:53Z,1d,2026-06-30T15:50:53Z,,PENDING,RSO-0004,"House control, 2026",Democratic Party,raw,MARKET_HIGHER,large,0.835,,,,0.55,-0.285,0.285,mid,,,,,false
20260629T155053Z:RSO-0004:raw:7d,20260629T155053Z,2026-06-29T15:50:53Z,7d,2026-07-06T15:50:53Z,,PENDING,RSO-0004,"House control, 2026",Democratic Party,raw,MARKET_HIGHER,large,0.835,,,,0.55,-0.285,0.285,mid,,,,,false
20260629T155053Z:RSO-0004:raw:30d,20260629T155053Z,2026-06-29T15:50:53Z,30d,2026-07-29T15:50:53Z,,PENDING,RSO-0004,"House control, 2026",Democratic Party,raw,MARKET_HIGHER,large,0.835,,,,0.55,-0.285,0.285,mid,,,,,false
20260629T155053Z:RSO-0004:normalized:1d,20260629T155053Z,2026-06-29T15:50:53Z,1d,2026-06-30T15:50:53Z,,PENDING,RSO-0004,"House control, 2026",Democratic Party,normalized,MARKET_HIGHER,large,0.835,,,,0.55,-0.285,0.285,mid,,,,,false
20260629T155053Z:RSO-0004:normalized:7d,20260629T155053Z,2026-06-29T15:50:53Z,7d,2026-07-06T15:50:53Z,,PENDING,RSO-0004,"House control, 2026",Democratic Party,normalized,MARKET_HIGHER,large,0.835,,,,0.55,-0.285,0.285,mid,,,,,false
20260629T155053Z:RSO-0004:normalized:30d,20260629T155053Z,2026-06-29T15:50:53Z,30d,2026-07-29T15:50:53Z,,PENDING,RSO-0004,"House control, 2026",Democratic Party,normalized,MARKET_HIGHER,large,0.835,,,,0.55,-0.285,0.285,mid,,,,,false
20260629T155053Z:RSO-0005:raw:1d,20260629T155053Z,2026-06-29T15:50:53Z,1d,2026-06-30T15:50:53Z,,PENDING,RSO-0005,Republican House seats after 2026 midterms,Below 190,raw,MARKET_HIGHER,medium,0.305,,,,0.15,-0.155,0.155,mid,,,,llm_mass_too_high,true
20260629T155053Z:RSO-0005:raw:7d,20260629T155053Z,2026-06-29T15:50:53Z,7d,2026-07-06T15:50:53Z,,PENDING,RSO-0005,Republican House seats after 2026 midterms,Below 190,raw,MARKET_HIGHER,medium,0.305,,,,0.15,-0.155,0.155,mid,,,,llm_mass_too_high,true
20260629T155053Z:RSO-0005:raw:30d,20260629T155053Z,2026-06-29T15:50:53Z,30d,2026-07-29T15:50:53Z,,PENDING,RSO-0005,Republican House seats after 2026 midterms,Below 190,raw,MARKET_HIGHER,medium,0.305,,,,0.15,-0.155,0.155,mid,,,,llm_mass_too_high,true
20260629T155053Z:RSO-0005:normalized:1d,20260629T155053Z,2026-06-29T15:50:53Z,1d,2026-06-30T15:50:53Z,,PENDING,RSO-0005,Republican House seats after 2026 midterms,Below 190,normalized,MARKET_HIGHER,large,0.305,,,,0.0375,-0.2675,0.2675,mid,,,,llm_mass_too_high,true
20260629T155053Z:RSO-0005:normalized:7d,20260629T155053Z,2026-06-29T15:50:53Z,7d,2026-07-06T15:50:53Z,,PENDING,RSO-0005,Republican House seats after 2026 midterms,Below 190,normalized,MARKET_HIGHER,large,0.305,,,,0.0375,-0.2675,0.2675,mid,,,,llm_mass_too_high,true
20260629T155053Z:RSO-0005:normalized:30d,20260629T155053Z,2026-06-29T15:50:53Z,30d,2026-07-29T15:50:53Z,,PENDING,RSO-0005,Republican House seats after 2026 midterms,Below 190,normalized,MARKET_HIGHER,large,0.305,,,,0.0375,-0.2675,0.2675,mid,,,,llm_mass_too_high,true
20260629T155053Z:RSO-0006:raw:1d,20260629T155053Z,2026-06-29T15:50:53Z,1d,2026-06-30T15:50:53Z,,PENDING,RSO-0006,Republican House seats after 2026 midterms,190-194,raw,LLM_HIGHER,medium,0.125,,,,0.35,0.225,0.225,mid,,,,llm_mass_too_high,true
20260629T155053Z:RSO-0006:raw:7d,20260629T155053Z,2026-06-29T15:50:53Z,7d,2026-07-06T15:50:53Z,,PENDING,RSO-0006,Republican House seats after 2026 midterms,190-194,raw,LLM_HIGHER,medium,0.125,,,,0.35,0.225,0.225,mid,,,,llm_mass_too_high,true
20260629T155053Z:RSO-0006:raw:30d,20260629T155053Z,2026-06-29T15:50:53Z,30d,2026-07-29T15:50:53Z,,PENDING,RSO-0006,Republican House seats after 2026 midterms,190-194,raw,LLM_HIGHER,medium,0.125,,,,0.35,0.225,0.225,mid,,,,llm_mass_too_high,true
20260629T155053Z:RSO-0007:raw:1d,20260629T155053Z,2026-06-29T15:50:53Z,1d,2026-06-30T15:50:53Z,,PENDING,RSO-0007,Republican House seats after 2026 midterms,195-199,raw,LLM_HIGHER,large,0.165,,,,0.45,0.285,0.285,mid,,,,llm_mass_too_high,true
20260629T155053Z:RSO-0007:raw:7d,20260629T155053Z,2026-06-29T15:50:53Z,7d,2026-07-06T15:50:53Z,,PENDING,RSO-0007,Republican House seats after 2026 midterms,195-199,raw,LLM_HIGHER,large,0.165,,,,0.45,0.285,0.285,mid,,,,llm_mass_too_high,true
20260629T155053Z:RSO-0007:raw:30d,20260629T155053Z,2026-06-29T15:50:53Z,30d,2026-07-29T15:50:53Z,,PENDING,RSO-0007,Republican House seats after 2026 midterms,195-199,raw,LLM_HIGHER,large,0.165,,,,0.45,0.285,0.285,mid,,,,llm_mass_too_high,true
20260629T155053Z:RSO-0008:raw:1d,20260629T155053Z,2026-06-29T15:50:53Z,1d,2026-06-30T15:50:53Z,,PENDING,RSO-0008,Republican House seats after 2026 midterms,200-204,raw,LLM_HIGHER,large,0.086,,,,0.45,0.364,0.364,mid,,,,llm_mass_too_high,true
20260629T155053Z:RSO-0008:raw:7d,20260629T155053Z,2026-06-29T15:50:53Z,7d,2026-07-06T15:50:53Z,,PENDING,RSO-0008,Republican House seats after 2026 midterms,200-204,raw,LLM_HIGHER,large,0.086,,,,0.45,0.364,0.364,mid,,,,llm_mass_too_high,true
20260629T155053Z:RSO-0008:raw:30d,20260629T155053Z,2026-06-29T15:50:53Z,30d,2026-07-29T15:50:53Z,,PENDING,RSO-0008,Republican House seats after 2026 midterms,200-204,raw,LLM_HIGHER,large,0.086,,,,0.45,0.364,0.364,mid,,,,llm_mass_too_high,true
20260629T155053Z:RSO-0009:raw:1d,20260629T155053Z,2026-06-29T15:50:53Z,1d,2026-06-30T15:50:53Z,,PENDING,RSO-0009,Republican House seats after 2026 midterms,205-209,raw,LLM_HIGHER,large,0.064,,,,0.45,0.386,0.386,mid,,,,llm_mass_too_high,true
20260629T155053Z:RSO-0009:raw:7d,20260629T155053Z,2026-06-29T15:50:53Z,7d,2026-07-06T15:50:53Z,,PENDING,RSO-0009,Republican House seats after 2026 midterms,205-209,raw,LLM_HIGHER,large,0.064,,,,0.45,0.386,0.386,mid,,,,llm_mass_too_high,true
20260629T155053Z:RSO-0009:raw:30d,20260629T155053Z,2026-06-29T15:50:53Z,30d,2026-07-29T15:50:53Z,,PENDING,RSO-0009,Republican House seats after 2026 midterms,205-209,raw,LLM_HIGHER,large,0.064,,,,0.45,0.386,0.386,mid,,,,llm_mass_too_high,true
20260629T155053Z:RSO-0010:raw:1d,20260629T155053Z,2026-06-29T15:50:53Z,1d,2026-06-30T15:50:53Z,,PENDING,RSO-0010,Republican House seats after 2026 midterms,210-214,raw,LLM_HIGHER,large,0.0575,,,,0.45,0.3925,0.3925,mid,,,,llm_mass_too_high,true
20260629T155053Z:RSO-0010:raw:7d,20260629T155053Z,2026-06-29T15:50:53Z,7d,2026-07-06T15:50:53Z,,PENDING,RSO-0010,Republican House seats after 2026 midterms,210-214,raw,LLM_HIGHER,large,0.0575,,,,0.45,0.3925,0.3925,mid,,,,llm_mass_too_high,true
20260629T155053Z:RSO-0010:raw:30d,20260629T155053Z,2026-06-29T15:50:53Z,30d,2026-07-29T15:50:53Z,,PENDING,RSO-0010,Republican House seats after 2026 midterms,210-214,raw,LLM_HIGHER,large,0.0575,,,,0.45,0.3925,0.3925,mid,,,,llm_mass_too_high,true
20260629T155053Z:RSO-0011:raw:1d,20260629T155053Z,2026-06-29T15:50:53Z,1d,2026-06-30T15:50:53Z,,PENDING,RSO-0011,Republican House seats after 2026 midterms,215-219,raw,LLM_HIGHER,large,0.0975,,,,0.45,0.3525,0.3525,mid,,,,llm_mass_too_high,true
20260629T155053Z:RSO-0011:raw:7d,20260629T155053Z,2026-06-29T15:50:53Z,7d,2026-07-06T15:50:53Z,,PENDING,RSO-0011,Republican House seats after 2026 midterms,215-219,raw,LLM_HIGHER,large,0.0975,,,,0.45,0.3525,0.3525,mid,,,,llm_mass_too_high,true
20260629T155053Z:RSO-0011:raw:30d,20260629T155053Z,2026-06-29T15:50:53Z,30d,2026-07-29T15:50:53Z,,PENDING,RSO-0011,Republican House seats after 2026 midterms,215-219,raw,LLM_HIGHER,large,0.0975,,,,0.45,0.3525,0.3525,mid,,,,llm_mass_too_high,true
20260629T155053Z:RSO-0012:raw:1d,20260629T155053Z,2026-06-29T15:50:53Z,1d,2026-06-30T15:50:53Z,,PENDING,RSO-0012,Republican House seats after 2026 midterms,220-224,raw,LLM_HIGHER,large,0.077,,,,0.35,0.273,0.273,mid,,,,llm_mass_too_high,true
20260629T155053Z:RSO-0012:raw:7d,20260629T155053Z,2026-06-29T15:50:53Z,7d,2026-07-06T15:50:53Z,,PENDING,RSO-0012,Republican House seats after 2026 midterms,220-224,raw,LLM_HIGHER,large,0.077,,,,0.35,0.273,0.273,mid,,,,llm_mass_too_high,true
20260629T155053Z:RSO-0012:raw:30d,20260629T155053Z,2026-06-29T15:50:53Z,30d,2026-07-29T15:50:53Z,,PENDING,RSO-0012,Republican House seats after 2026 midterms,220-224,raw,LLM_HIGHER,large,0.077,,,,0.35,0.273,0.273,mid,,,,llm_mass_too_high,true
20260629T155053Z:RSO-0013:raw:1d,20260629T155053Z,2026-06-29T15:50:53Z,1d,2026-06-30T15:50:53Z,,PENDING,RSO-0013,Republican House seats after 2026 midterms,225-229,raw,LLM_HIGHER,large,0.0395,,,,0.45,0.4105,0.4105,mid,,,,llm_mass_too_high,true
20260629T155053Z:RSO-0013:raw:7d,20260629T155053Z,2026-06-29T15:50:53Z,7d,2026-07-06T15:50:53Z,,PENDING,RSO-0013,Republican House seats after 2026 midterms,225-229,raw,LLM_HIGHER,large,0.0395,,,,0.45,0.4105,0.4105,mid,,,,llm_mass_too_high,true
20260629T155053Z:RSO-0013:raw:30d,20260629T155053Z,2026-06-29T15:50:53Z,30d,2026-07-29T15:50:53Z,,PENDING,RSO-0013,Republican House seats after 2026 midterms,225-229,raw,LLM_HIGHER,large,0.0395,,,,0.45,0.4105,0.4105,mid,,,,llm_mass_too_high,true
20260629T155053Z:RSO-0014:raw:1d,20260629T155053Z,2026-06-29T15:50:53Z,1d,2026-06-30T15:50:53Z,,PENDING,RSO-0014,Republican House seats after 2026 midterms,230+,raw,LLM_HIGHER,large,0.0185,,,,0.45,0.4315,0.4315,mid,,,,llm_mass_too_high,true
20260629T155053Z:RSO-0014:raw:7d,20260629T155053Z,2026-06-29T15:50:53Z,7d,2026-07-06T15:50:53Z,,PENDING,RSO-0014,Republican House seats after 2026 midterms,230+,raw,LLM_HIGHER,large,0.0185,,,,0.45,0.4315,0.4315,mid,,,,llm_mass_too_high,true
20260629T155053Z:RSO-0014:raw:30d,20260629T155053Z,2026-06-29T15:50:53Z,30d,2026-07-29T15:50:53Z,,PENDING,RSO-0014,Republican House seats after 2026 midterms,230+,raw,LLM_HIGHER,large,0.0185,,,,0.45,0.4315,0.4315,mid,,,,llm_mass_too_high,true
20260629T155053Z:RSO-0015:raw:1d,20260629T155053Z,2026-06-29T15:50:53Z,1d,2026-06-30T15:50:53Z,,PENDING,RSO-0015,Republican Senate seats after 2026 midterms,≤47,raw,MARKET_HIGHER,small,0.255,,,,0.15,-0.105,0.105,mid,,,,llm_mass_too_high|market_mass_low,true
20260629T155053Z:RSO-0015:raw:7d,20260629T155053Z,2026-06-29T15:50:53Z,7d,2026-07-06T15:50:53Z,,PENDING,RSO-0015,Republican Senate seats after 2026 midterms,≤47,raw,MARKET_HIGHER,small,0.255,,,,0.15,-0.105,0.105,mid,,,,llm_mass_too_high|market_mass_low,true
20260629T155053Z:RSO-0015:raw:30d,20260629T155053Z,2026-06-29T15:50:53Z,30d,2026-07-29T15:50:53Z,,PENDING,RSO-0015,Republican Senate seats after 2026 midterms,≤47,raw,MARKET_HIGHER,small,0.255,,,,0.15,-0.105,0.105,mid,,,,llm_mass_too_high|market_mass_low,true
20260629T155053Z:RSO-0015:normalized:1d,20260629T155053Z,2026-06-29T15:50:53Z,1d,2026-06-30T15:50:53Z,,PENDING,RSO-0015,Republican Senate seats after 2026 midterms,≤47,normalized,MARKET_HIGHER,medium,0.255,,,,0.065217,-0.189783,0.189783,mid,,,,llm_mass_too_high|market_mass_low,true
20260629T155053Z:RSO-0015:normalized:7d,20260629T155053Z,2026-06-29T15:50:53Z,7d,2026-07-06T15:50:53Z,,PENDING,RSO-0015,Republican Senate seats after 2026 midterms,≤47,normalized,MARKET_HIGHER,medium,0.255,,,,0.065217,-0.189783,0.189783,mid,,,,llm_mass_too_high|market_mass_low,true
20260629T155053Z:RSO-0015:normalized:30d,20260629T155053Z,2026-06-29T15:50:53Z,30d,2026-07-29T15:50:53Z,,PENDING,RSO-0015,Republican Senate seats after 2026 midterms,≤47,normalized,MARKET_HIGHER,medium,0.255,,,,0.065217,-0.189783,0.189783,mid,,,,llm_mass_too_high|market_mass_low,true
20260629T155053Z:RSO-0021:raw:1d,20260629T155053Z,2026-06-29T15:50:53Z,1d,2026-06-30T15:50:53Z,,PENDING,RSO-0021,Republican Senate seats after 2026 midterms,53,raw,LLM_HIGHER,large,0.036,,,,0.55,0.514,0.514,mid,,,,llm_mass_too_high|market_mass_low,true
20260629T155053Z:RSO-0021:raw:7d,20260629T155053Z,2026-06-29T15:50:53Z,7d,2026-07-06T15:50:53Z,,PENDING,RSO-0021,Republican Senate seats after 2026 midterms,53,raw,LLM_HIGHER,large,0.036,,,,0.55,0.514,0.514,mid,,,,llm_mass_too_high|market_mass_low,true
20260629T155053Z:RSO-0021:raw:30d,20260629T155053Z,2026-06-29T15:50:53Z,30d,2026-07-29T15:50:53Z,,PENDING,RSO-0021,Republican Senate seats after 2026 midterms,53,raw,LLM_HIGHER,large,0.036,,,,0.55,0.514,0.514,mid,,,,llm_mass_too_high|market_mass_low,true
20260629T155053Z:RSO-0021:normalized:1d,20260629T155053Z,2026-06-29T15:50:53Z,1d,2026-06-30T15:50:53Z,,PENDING,RSO-0021,Republican Senate seats after 2026 midterms,53,normalized,LLM_HIGHER,medium,0.036,,,,0.23913,0.20313,0.20313,mid,,,,llm_mass_too_high|market_mass_low,true
20260629T155053Z:RSO-0021:normalized:7d,20260629T155053Z,2026-06-29T15:50:53Z,7d,2026-07-06T15:50:53Z,,PENDING,RSO-0021,Republican Senate seats after 2026 midterms,53,normalized,LLM_HIGHER,medium,0.036,,,,0.23913,0.20313,0.20313,mid,,,,llm_mass_too_high|market_mass_low,true
20260629T155053Z:RSO-0021:normalized:30d,20260629T155053Z,2026-06-29T15:50:53Z,30d,2026-07-29T15:50:53Z,,PENDING,RSO-0021,Republican Senate seats after 2026 midterms,53,normalized,LLM_HIGHER,medium,0.036,,,,0.23913,0.20313,0.20313,mid,,,,llm_mass_too_high|market_mass_low,true
20260629T155053Z:RSO-0022:raw:1d,20260629T155053Z,2026-06-29T15:50:53Z,1d,2026-06-30T15:50:53Z,,PENDING,RSO-0022,Republican Senate seats after 2026 midterms,54,raw,LLM_HIGHER,large,0.0155,,,,0.35,0.3345,0.3345,mid,,,,llm_mass_too_high|market_mass_low,true
20260629T155053Z:RSO-0022:raw:7d,20260629T155053Z,2026-06-29T15:50:53Z,7d,2026-07-06T15:50:53Z,,PENDING,RSO-0022,Republican Senate seats after 2026 midterms,54,raw,LLM_HIGHER,large,0.0155,,,,0.35,0.3345,0.3345,mid,,,,llm_mass_too_high|market_mass_low,true
20260629T155053Z:RSO-0022:raw:30d,20260629T155053Z,2026-06-29T15:50:53Z,30d,2026-07-29T15:50:53Z,,PENDING,RSO-0022,Republican Senate seats after 2026 midterms,54,raw,LLM_HIGHER,large,0.0155,,,,0.35,0.3345,0.3345,mid,,,,llm_mass_too_high|market_mass_low,true
20260629T155053Z:RSO-0022:normalized:1d,20260629T155053Z,2026-06-29T15:50:53Z,1d,2026-06-30T15:50:53Z,,PENDING,RSO-0022,Republican Senate seats after 2026 midterms,54,normalized,LLM_HIGHER,small,0.0155,,,,0.152174,0.136674,0.136674,mid,,,,llm_mass_too_high|market_mass_low,true
20260629T155053Z:RSO-0022:normalized:7d,20260629T155053Z,2026-06-29T15:50:53Z,7d,2026-07-06T15:50:53Z,,PENDING,RSO-0022,Republican Senate seats after 2026 midterms,54,normalized,LLM_HIGHER,small,0.0155,,,,0.152174,0.136674,0.136674,mid,,,,llm_mass_too_high|market_mass_low,true
20260629T155053Z:RSO-0022:normalized:30d,20260629T155053Z,2026-06-29T15:50:53Z,30d,2026-07-29T15:50:53Z,,PENDING,RSO-0022,Republican Senate seats after 2026 midterms,54,normalized,LLM_HIGHER,small,0.0155,,,,0.152174,0.136674,0.136674,mid,,,,llm_mass_too_high|market_mass_low,true
20260629T155053Z:RSO-0023:raw:1d,20260629T155053Z,2026-06-29T15:50:53Z,1d,2026-06-30T15:50:53Z,,PENDING,RSO-0023,Republican Senate seats after 2026 midterms,55,raw,LLM_HIGHER,large,0.0165,,,,0.35,0.3335,0.3335,mid,,,,llm_mass_too_high|market_mass_low,true
20260629T155053Z:RSO-0023:raw:7d,20260629T155053Z,2026-06-29T15:50:53Z,7d,2026-07-06T15:50:53Z,,PENDING,RSO-0023,Republican Senate seats after 2026 midterms,55,raw,LLM_HIGHER,large,0.0165,,,,0.35,0.3335,0.3335,mid,,,,llm_mass_too_high|market_mass_low,true
20260629T155053Z:RSO-0023:raw:30d,20260629T155053Z,2026-06-29T15:50:53Z,30d,2026-07-29T15:50:53Z,,PENDING,RSO-0023,Republican Senate seats after 2026 midterms,55,raw,LLM_HIGHER,large,0.0165,,,,0.35,0.3335,0.3335,mid,,,,llm_mass_too_high|market_mass_low,true
20260629T155053Z:RSO-0023:normalized:1d,20260629T155053Z,2026-06-29T15:50:53Z,1d,2026-06-30T15:50:53Z,,PENDING,RSO-0023,Republican Senate seats after 2026 midterms,55,normalized,LLM_HIGHER,small,0.0165,,,,0.152174,0.135674,0.135674,mid,,,,llm_mass_too_high|market_mass_low,true
20260629T155053Z:RSO-0023:normalized:7d,20260629T155053Z,2026-06-29T15:50:53Z,7d,2026-07-06T15:50:53Z,,PENDING,RSO-0023,Republican Senate seats after 2026 midterms,55,normalized,LLM_HIGHER,small,0.0165,,,,0.152174,0.135674,0.135674,mid,,,,llm_mass_too_high|market_mass_low,true
20260629T155053Z:RSO-0023:normalized:30d,20260629T155053Z,2026-06-29T15:50:53Z,30d,2026-07-29T15:50:53Z,,PENDING,RSO-0023,Republican Senate seats after 2026 midterms,55,normalized,LLM_HIGHER,small,0.0165,,,,0.152174,0.135674,0.135674,mid,,,,llm_mass_too_high|market_mass_low,true
20260629T155053Z:RSO-0024:raw:1d,20260629T155053Z,2026-06-29T15:50:53Z,1d,2026-06-30T15:50:53Z,,PENDING,RSO-0024,Republican Senate seats after 2026 midterms,56,raw,LLM_HIGHER,large,0.0105,,,,0.35,0.3395,0.3395,mid,,,,llm_mass_too_high|market_mass_low,true
20260629T155053Z:RSO-0024:raw:7d,20260629T155053Z,2026-06-29T15:50:53Z,7d,2026-07-06T15:50:53Z,,PENDING,RSO-0024,Republican Senate seats after 2026 midterms,56,raw,LLM_HIGHER,large,0.0105,,,,0.35,0.3395,0.3395,mid,,,,llm_mass_too_high|market_mass_low,true
20260629T155053Z:RSO-0024:raw:30d,20260629T155053Z,2026-06-29T15:50:53Z,30d,2026-07-29T15:50:53Z,,PENDING,RSO-0024,Republican Senate seats after 2026 midterms,56,raw,LLM_HIGHER,large,0.0105,,,,0.35,0.3395,0.3395,mid,,,,llm_mass_too_high|market_mass_low,true
20260629T155053Z:RSO-0024:normalized:1d,20260629T155053Z,2026-06-29T15:50:53Z,1d,2026-06-30T15:50:53Z,,PENDING,RSO-0024,Republican Senate seats after 2026 midterms,56,normalized,LLM_HIGHER,small,0.0105,,,,0.152174,0.141674,0.141674,mid,,,,llm_mass_too_high|market_mass_low,true
20260629T155053Z:RSO-0024:normalized:7d,20260629T155053Z,2026-06-29T15:50:53Z,7d,2026-07-06T15:50:53Z,,PENDING,RSO-0024,Republican Senate seats after 2026 midterms,56,normalized,LLM_HIGHER,small,0.0105,,,,0.152174,0.141674,0.141674,mid,,,,llm_mass_too_high|market_mass_low,true
20260629T155053Z:RSO-0024:normalized:30d,20260629T155053Z,2026-06-29T15:50:53Z,30d,2026-07-29T15:50:53Z,,PENDING,RSO-0024,Republican Senate seats after 2026 midterms,56,normalized,LLM_HIGHER,small,0.0105,,,,0.152174,0.141674,0.141674,mid,,,,llm_mass_too_high|market_mass_low,true
20260629T155053Z:RSO-0025:raw:1d,20260629T155053Z,2026-06-29T15:50:53Z,1d,2026-06-30T15:50:53Z,,PENDING,RSO-0025,Republican Senate seats after 2026 midterms,57+,raw,LLM_HIGHER,large,0.0135,,,,0.55,0.5365,0.5365,mid,,,,llm_mass_too_high|market_mass_low,true
20260629T155053Z:RSO-0025:raw:7d,20260629T155053Z,2026-06-29T15:50:53Z,7d,2026-07-06T15:50:53Z,,PENDING,RSO-0025,Republican Senate seats after 2026 midterms,57+,raw,LLM_HIGHER,large,0.0135,,,,0.55,0.5365,0.5365,mid,,,,llm_mass_too_high|market_mass_low,true
20260629T155053Z:RSO-0025:raw:30d,20260629T155053Z,2026-06-29T15:50:53Z,30d,2026-07-29T15:50:53Z,,PENDING,RSO-0025,Republican Senate seats after 2026 midterms,57+,raw,LLM_HIGHER,large,0.0135,,,,0.55,0.5365,0.5365,mid,,,,llm_mass_too_high|market_mass_low,true
20260629T155053Z:RSO-0025:normalized:1d,20260629T155053Z,2026-06-29T15:50:53Z,1d,2026-06-30T15:50:53Z,,PENDING,RSO-0025,Republican Senate seats after 2026 midterms,57+,normalized,LLM_HIGHER,medium,0.0135,,,,0.23913,0.22563,0.22563,mid,,,,llm_mass_too_high|market_mass_low,true
20260629T155053Z:RSO-0025:normalized:7d,20260629T155053Z,2026-06-29T15:50:53Z,7d,2026-07-06T15:50:53Z,,PENDING,RSO-0025,Republican Senate seats after 2026 midterms,57+,normalized,LLM_HIGHER,medium,0.0135,,,,0.23913,0.22563,0.22563,mid,,,,llm_mass_too_high|market_mass_low,true
20260629T155053Z:RSO-0025:normalized:30d,20260629T155053Z,2026-06-29T15:50:53Z,30d,2026-07-29T15:50:53Z,,PENDING,RSO-0025,Republican Senate seats after 2026 midterms,57+,normalized,LLM_HIGHER,medium,0.0135,,,,0.23913,0.22563,0.22563,mid,,,,llm_mass_too_high|market_mass_low,true
20260629T155053Z:RSO-0026:raw:1d,20260629T155053Z,2026-06-29T15:50:53Z,1d,2026-06-30T15:50:53Z,,PENDING,RSO-0026,Maine Senate Election Winner,Democrat,raw,MARKET_HIGHER,medium,0.615,,,,0.45,-0.165,0.165,mid,,,,,false
20260629T155053Z:RSO-0026:raw:7d,20260629T155053Z,2026-06-29T15:50:53Z,7d,2026-07-06T15:50:53Z,,PENDING,RSO-0026,Maine Senate Election Winner,Democrat,raw,MARKET_HIGHER,medium,0.615,,,,0.45,-0.165,0.165,mid,,,,,false
20260629T155053Z:RSO-0026:raw:30d,20260629T155053Z,2026-06-29T15:50:53Z,30d,2026-07-29T15:50:53Z,,PENDING,RSO-0026,Maine Senate Election Winner,Democrat,raw,MARKET_HIGHER,medium,0.615,,,,0.45,-0.165,0.165,mid,,,,,false
20260629T155053Z:RSO-0026:normalized:1d,20260629T155053Z,2026-06-29T15:50:53Z,1d,2026-06-30T15:50:53Z,,PENDING,RSO-0026,Maine Senate Election Winner,Democrat,normalized,MARKET_HIGHER,small,0.615,,,,0.5,-0.115,0.115,mid,,,,,false
20260629T155053Z:RSO-0026:normalized:7d,20260629T155053Z,2026-06-29T15:50:53Z,7d,2026-07-06T15:50:53Z,,PENDING,RSO-0026,Maine Senate Election Winner,Democrat,normalized,MARKET_HIGHER,small,0.615,,,,0.5,-0.115,0.115,mid,,,,,false
20260629T155053Z:RSO-0026:normalized:30d,20260629T155053Z,2026-06-29T15:50:53Z,30d,2026-07-29T15:50:53Z,,PENDING,RSO-0026,Maine Senate Election Winner,Democrat,normalized,MARKET_HIGHER,small,0.615,,,,0.5,-0.115,0.115,mid,,,,,false
20260629T155053Z:RSO-0027:normalized:1d,20260629T155053Z,2026-06-29T15:50:53Z,1d,2026-06-30T15:50:53Z,,PENDING,RSO-0027,Maine Senate Election Winner,Republican,normalized,LLM_HIGHER,small,0.385,,,,0.5,0.115,0.115,mid,,,,,false
20260629T155053Z:RSO-0027:normalized:7d,20260629T155053Z,2026-06-29T15:50:53Z,7d,2026-07-06T15:50:53Z,,PENDING,RSO-0027,Maine Senate Election Winner,Republican,normalized,LLM_HIGHER,small,0.385,,,,0.5,0.115,0.115,mid,,,,,false
20260629T155053Z:RSO-0027:normalized:30d,20260629T155053Z,2026-06-29T15:50:53Z,30d,2026-07-29T15:50:53Z,,PENDING,RSO-0027,Maine Senate Election Winner,Republican,normalized,LLM_HIGHER,small,0.385,,,,0.5,0.115,0.115,mid,,,,,false
20260629T155053Z:RSO-0030:raw:1d,20260629T155053Z,2026-06-29T15:50:53Z,1d,2026-06-30T15:50:53Z,,PENDING,RSO-0030,Alaska Senate Election Winner,Mary Peltola,raw,MARKET_HIGHER,medium,0.695,,,,0.45,-0.245,0.245,mid,,,,llm_mass_too_high,true
20260629T155053Z:RSO-0030:raw:7d,20260629T155053Z,2026-06-29T15:50:53Z,7d,2026-07-06T15:50:53Z,,PENDING,RSO-0030,Alaska Senate Election Winner,Mary Peltola,raw,MARKET_HIGHER,medium,0.695,,,,0.45,-0.245,0.245,mid,,,,llm_mass_too_high,true
20260629T155053Z:RSO-0030:raw:30d,20260629T155053Z,2026-06-29T15:50:53Z,30d,2026-07-29T15:50:53Z,,PENDING,RSO-0030,Alaska Senate Election Winner,Mary Peltola,raw,MARKET_HIGHER,medium,0.695,,,,0.45,-0.245,0.245,mid,,,,llm_mass_too_high,true
20260629T155053Z:RSO-0030:normalized:1d,20260629T155053Z,2026-06-29T15:50:53Z,1d,2026-06-30T15:50:53Z,,PENDING,RSO-0030,Alaska Senate Election Winner,Mary Peltola,normalized,MARKET_HIGHER,large,0.695,,,,0.272727,-0.422273,0.422273,mid,,,,llm_mass_too_high,true
20260629T155053Z:RSO-0030:normalized:7d,20260629T155053Z,2026-06-29T15:50:53Z,7d,2026-07-06T15:50:53Z,,PENDING,RSO-0030,Alaska Senate Election Winner,Mary Peltola,normalized,MARKET_HIGHER,large,0.695,,,,0.272727,-0.422273,0.422273,mid,,,,llm_mass_too_high,true
20260629T155053Z:RSO-0030:normalized:30d,20260629T155053Z,2026-06-29T15:50:53Z,30d,2026-07-29T15:50:53Z,,PENDING,RSO-0030,Alaska Senate Election Winner,Mary Peltola,normalized,MARKET_HIGHER,large,0.695,,,,0.272727,-0.422273,0.422273,mid,,,,llm_mass_too_high,true
20260629T155053Z:RSO-0031:raw:1d,20260629T155053Z,2026-06-29T15:50:53Z,1d,2026-06-30T15:50:53Z,,PENDING,RSO-0031,Alaska Senate Election Winner,Dan Sullivan,raw,LLM_HIGHER,medium,0.305,,,,0.55,0.245,0.245,mid,,,,llm_mass_too_high,true
20260629T155053Z:RSO-0031:raw:7d,20260629T155053Z,2026-06-29T15:50:53Z,7d,2026-07-06T15:50:53Z,,PENDING,RSO-0031,Alaska Senate Election Winner,Dan Sullivan,raw,LLM_HIGHER,medium,0.305,,,,0.55,0.245,0.245,mid,,,,llm_mass_too_high,true
20260629T155053Z:RSO-0031:raw:30d,20260629T155053Z,2026-06-29T15:50:53Z,30d,2026-07-29T15:50:53Z,,PENDING,RSO-0031,Alaska Senate Election Winner,Dan Sullivan,raw,LLM_HIGHER,medium,0.305,,,,0.55,0.245,0.245,mid,,,,llm_mass_too_high,true
20260629T155053Z:RSO-0032:raw:1d,20260629T155053Z,2026-06-29T15:50:53Z,1d,2026-06-30T15:50:53Z,,PENDING,RSO-0032,Alaska Senate Election Winner,Dustin Darden,raw,LLM_HIGHER,small,0.001,,,,0.15,0.149,0.149,ask_only,,no_bids,,llm_mass_too_high,true
20260629T155053Z:RSO-0032:raw:7d,20260629T155053Z,2026-06-29T15:50:53Z,7d,2026-07-06T15:50:53Z,,PENDING,RSO-0032,Alaska Senate Election Winner,Dustin Darden,raw,LLM_HIGHER,small,0.001,,,,0.15,0.149,0.149,ask_only,,no_bids,,llm_mass_too_high,true
20260629T155053Z:RSO-0032:raw:30d,20260629T155053Z,2026-06-29T15:50:53Z,30d,2026-07-29T15:50:53Z,,PENDING,RSO-0032,Alaska Senate Election Winner,Dustin Darden,raw,LLM_HIGHER,small,0.001,,,,0.15,0.149,0.149,ask_only,,no_bids,,llm_mass_too_high,true
20260629T155053Z:RSO-0033:raw:1d,20260629T155053Z,2026-06-29T15:50:53Z,1d,2026-06-30T15:50:53Z,,PENDING,RSO-0033,Alaska Senate Election Winner,Ann Diener,raw,LLM_HIGHER,medium,0.001,,,,0.25,0.249,0.249,ask_only,,no_bids,,llm_mass_too_high,true
20260629T155053Z:RSO-0033:raw:7d,20260629T155053Z,2026-06-29T15:50:53Z,7d,2026-07-06T15:50:53Z,,PENDING,RSO-0033,Alaska Senate Election Winner,Ann Diener,raw,LLM_HIGHER,medium,0.001,,,,0.25,0.249,0.249,ask_only,,no_bids,,llm_mass_too_high,true
20260629T155053Z:RSO-0033:raw:30d,20260629T155053Z,2026-06-29T15:50:53Z,30d,2026-07-29T15:50:53Z,,PENDING,RSO-0033,Alaska Senate Election Winner,Ann Diener,raw,LLM_HIGHER,medium,0.001,,,,0.25,0.249,0.249,ask_only,,no_bids,,llm_mass_too_high,true
20260629T155053Z:RSO-0033:normalized:1d,20260629T155053Z,2026-06-29T15:50:53Z,1d,2026-06-30T15:50:53Z,,PENDING,RSO-0033,Alaska Senate Election Winner,Ann Diener,normalized,LLM_HIGHER,medium,0.001,,,,0.151515,0.150515,0.150515,ask_only,,no_bids,,llm_mass_too_high,true
20260629T155053Z:RSO-0033:normalized:7d,20260629T155053Z,2026-06-29T15:50:53Z,7d,2026-07-06T15:50:53Z,,PENDING,RSO-0033,Alaska Senate Election Winner,Ann Diener,normalized,LLM_HIGHER,medium,0.001,,,,0.151515,0.150515,0.150515,ask_only,,no_bids,,llm_mass_too_high,true
20260629T155053Z:RSO-0033:normalized:30d,20260629T155053Z,2026-06-29T15:50:53Z,30d,2026-07-29T15:50:53Z,,PENDING,RSO-0033,Alaska Senate Election Winner,Ann Diener,normalized,LLM_HIGHER,medium,0.001,,,,0.151515,0.150515,0.150515,ask_only,,no_bids,,llm_mass_too_high,true
20260629T155053Z:RSO-0034:raw:1d,20260629T155053Z,2026-06-29T15:50:53Z,1d,2026-06-30T15:50:53Z,,PENDING,RSO-0034,Alaska Senate Election Winner,Richard Grayson,raw,LLM_HIGHER,medium,0.001,,,,0.25,0.249,0.249,ask_only,,no_bids,,llm_mass_too_high,true
20260629T155053Z:RSO-0034:raw:7d,20260629T155053Z,2026-06-29T15:50:53Z,7d,2026-07-06T15:50:53Z,,PENDING,RSO-0034,Alaska Senate Election Winner,Richard Grayson,raw,LLM_HIGHER,medium,0.001,,,,0.25,0.249,0.249,ask_only,,no_bids,,llm_mass_too_high,true
20260629T155053Z:RSO-0034:raw:30d,20260629T155053Z,2026-06-29T15:50:53Z,30d,2026-07-29T15:50:53Z,,PENDING,RSO-0034,Alaska Senate Election Winner,Richard Grayson,raw,LLM_HIGHER,medium,0.001,,,,0.25,0.249,0.249,ask_only,,no_bids,,llm_mass_too_high,true
20260629T155053Z:RSO-0034:normalized:1d,20260629T155053Z,2026-06-29T15:50:53Z,1d,2026-06-30T15:50:53Z,,PENDING,RSO-0034,Alaska Senate Election Winner,Richard Grayson,normalized,LLM_HIGHER,medium,0.001,,,,0.151515,0.150515,0.150515,ask_only,,no_bids,,llm_mass_too_high,true
20260629T155053Z:RSO-0034:normalized:7d,20260629T155053Z,2026-06-29T15:50:53Z,7d,2026-07-06T15:50:53Z,,PENDING,RSO-0034,Alaska Senate Election Winner,Richard Grayson,normalized,LLM_HIGHER,medium,0.001,,,,0.151515,0.150515,0.150515,ask_only,,no_bids,,llm_mass_too_high,true
20260629T155053Z:RSO-0034:normalized:30d,20260629T155053Z,2026-06-29T15:50:53Z,30d,2026-07-29T15:50:53Z,,PENDING,RSO-0034,Alaska Senate Election Winner,Richard Grayson,normalized,LLM_HIGHER,medium,0.001,,,,0.151515,0.150515,0.150515,ask_only,,no_bids,,llm_mass_too_high,true
20260629T155053Z:RSO-0035:raw:1d,20260629T155053Z,2026-06-29T15:50:53Z,1d,2026-06-30T15:50:53Z,,PENDING,RSO-0035,Nebraska Senate Election Winner,Republican,raw,MARKET_HIGHER,small,0.655,,,,0.55,-0.105,0.105,mid,,,,,true
20260629T155053Z:RSO-0035:raw:7d,20260629T155053Z,2026-06-29T15:50:53Z,7d,2026-07-06T15:50:53Z,,PENDING,RSO-0035,Nebraska Senate Election Winner,Republican,raw,MARKET_HIGHER,small,0.655,,,,0.55,-0.105,0.105,mid,,,,,true
20260629T155053Z:RSO-0035:raw:30d,20260629T155053Z,2026-06-29T15:50:53Z,30d,2026-07-29T15:50:53Z,,PENDING,RSO-0035,Nebraska Senate Election Winner,Republican,raw,MARKET_HIGHER,small,0.655,,,,0.55,-0.105,0.105,mid,,,,,true
20260629T155053Z:RSO-0035:normalized:1d,20260629T155053Z,2026-06-29T15:50:53Z,1d,2026-06-30T15:50:53Z,,PENDING,RSO-0035,Nebraska Senate Election Winner,Republican,normalized,MARKET_HIGHER,medium,0.655,,,,0.478261,-0.176739,0.176739,mid,,,,,true
20260629T155053Z:RSO-0035:normalized:7d,20260629T155053Z,2026-06-29T15:50:53Z,7d,2026-07-06T15:50:53Z,,PENDING,RSO-0035,Nebraska Senate Election Winner,Republican,normalized,MARKET_HIGHER,medium,0.655,,,,0.478261,-0.176739,0.176739,mid,,,,,true
20260629T155053Z:RSO-0035:normalized:30d,20260629T155053Z,2026-06-29T15:50:53Z,30d,2026-07-29T15:50:53Z,,PENDING,RSO-0035,Nebraska Senate Election Winner,Republican,normalized,MARKET_HIGHER,medium,0.655,,,,0.478261,-0.176739,0.176739,mid,,,,,true
20260629T155053Z:RSO-0036:raw:1d,20260629T155053Z,2026-06-29T15:50:53Z,1d,2026-06-30T15:50:53Z,,PENDING,RSO-0036,Nebraska Senate Election Winner,Independent,raw,MARKET_HIGHER,small,0.27,,,,0.15,-0.12,0.12,mid,,,,,true
20260629T155053Z:RSO-0036:raw:7d,20260629T155053Z,2026-06-29T15:50:53Z,7d,2026-07-06T15:50:53Z,,PENDING,RSO-0036,Nebraska Senate Election Winner,Independent,raw,MARKET_HIGHER,small,0.27,,,,0.15,-0.12,0.12,mid,,,,,true
20260629T155053Z:RSO-0036:raw:30d,20260629T155053Z,2026-06-29T15:50:53Z,30d,2026-07-29T15:50:53Z,,PENDING,RSO-0036,Nebraska Senate Election Winner,Independent,raw,MARKET_HIGHER,small,0.27,,,,0.15,-0.12,0.12,mid,,,,,true
20260629T155053Z:RSO-0036:normalized:1d,20260629T155053Z,2026-06-29T15:50:53Z,1d,2026-06-30T15:50:53Z,,PENDING,RSO-0036,Nebraska Senate Election Winner,Independent,normalized,MARKET_HIGHER,small,0.27,,,,0.130435,-0.139565,0.139565,mid,,,,,true
20260629T155053Z:RSO-0036:normalized:7d,20260629T155053Z,2026-06-29T15:50:53Z,7d,2026-07-06T15:50:53Z,,PENDING,RSO-0036,Nebraska Senate Election Winner,Independent,normalized,MARKET_HIGHER,small,0.27,,,,0.130435,-0.139565,0.139565,mid,,,,,true
20260629T155053Z:RSO-0036:normalized:30d,20260629T155053Z,2026-06-29T15:50:53Z,30d,2026-07-29T15:50:53Z,,PENDING,RSO-0036,Nebraska Senate Election Winner,Independent,normalized,MARKET_HIGHER,small,0.27,,,,0.130435,-0.139565,0.139565,mid,,,,,true
20260629T155053Z:RSO-0037:raw:1d,20260629T155053Z,2026-06-29T15:50:53Z,1d,2026-06-30T15:50:53Z,,PENDING,RSO-0037,Nebraska Senate Election Winner,Democrat,raw,LLM_HIGHER,large,0.0235,,,,0.45,0.4265,0.4265,mid,,,,,true
20260629T155053Z:RSO-0037:raw:7d,20260629T155053Z,2026-06-29T15:50:53Z,7d,2026-07-06T15:50:53Z,,PENDING,RSO-0037,Nebraska Senate Election Winner,Democrat,raw,LLM_HIGHER,large,0.0235,,,,0.45,0.4265,0.4265,mid,,,,,true
20260629T155053Z:RSO-0037:raw:30d,20260629T155053Z,2026-06-29T15:50:53Z,30d,2026-07-29T15:50:53Z,,PENDING,RSO-0037,Nebraska Senate Election Winner,Democrat,raw,LLM_HIGHER,large,0.0235,,,,0.45,0.4265,0.4265,mid,,,,,true
20260629T155053Z:RSO-0037:normalized:1d,20260629T155053Z,2026-06-29T15:50:53Z,1d,2026-06-30T15:50:53Z,,PENDING,RSO-0037,Nebraska Senate Election Winner,Democrat,normalized,LLM_HIGHER,large,0.0235,,,,0.391304,0.367804,0.367804,mid,,,,,true
20260629T155053Z:RSO-0037:normalized:7d,20260629T155053Z,2026-06-29T15:50:53Z,7d,2026-07-06T15:50:53Z,,PENDING,RSO-0037,Nebraska Senate Election Winner,Democrat,normalized,LLM_HIGHER,large,0.0235,,,,0.391304,0.367804,0.367804,mid,,,,,true
20260629T155053Z:RSO-0037:normalized:30d,20260629T155053Z,2026-06-29T15:50:53Z,30d,2026-07-29T15:50:53Z,,PENDING,RSO-0037,Nebraska Senate Election Winner,Democrat,normalized,LLM_HIGHER,large,0.0235,,,,0.391304,0.367804,0.367804,mid,,,,,true
20260629T155053Z:RSO-0038:raw:1d,20260629T155053Z,2026-06-29T15:50:53Z,1d,2026-06-30T15:50:53Z,,PENDING,RSO-0038,Michigan Senate Election Winner,Democrat,raw,MARKET_HIGHER,large,0.72,,,,0.45,-0.27,0.27,mid,,,,,false
20260629T155053Z:RSO-0038:raw:7d,20260629T155053Z,2026-06-29T15:50:53Z,7d,2026-07-06T15:50:53Z,,PENDING,RSO-0038,Michigan Senate Election Winner,Democrat,raw,MARKET_HIGHER,large,0.72,,,,0.45,-0.27,0.27,mid,,,,,false
20260629T155053Z:RSO-0038:raw:30d,20260629T155053Z,2026-06-29T15:50:53Z,30d,2026-07-29T15:50:53Z,,PENDING,RSO-0038,Michigan Senate Election Winner,Democrat,raw,MARKET_HIGHER,large,0.72,,,,0.45,-0.27,0.27,mid,,,,,false
20260629T155053Z:RSO-0038:normalized:1d,20260629T155053Z,2026-06-29T15:50:53Z,1d,2026-06-30T15:50:53Z,,PENDING,RSO-0038,Michigan Senate Election Winner,Democrat,normalized,MARKET_HIGHER,medium,0.72,,,,0.5,-0.22,0.22,mid,,,,,false
20260629T155053Z:RSO-0038:normalized:7d,20260629T155053Z,2026-06-29T15:50:53Z,7d,2026-07-06T15:50:53Z,,PENDING,RSO-0038,Michigan Senate Election Winner,Democrat,normalized,MARKET_HIGHER,medium,0.72,,,,0.5,-0.22,0.22,mid,,,,,false
20260629T155053Z:RSO-0038:normalized:30d,20260629T155053Z,2026-06-29T15:50:53Z,30d,2026-07-29T15:50:53Z,,PENDING,RSO-0038,Michigan Senate Election Winner,Democrat,normalized,MARKET_HIGHER,medium,0.72,,,,0.5,-0.22,0.22,mid,,,,,false
20260629T155053Z:RSO-0039:raw:1d,20260629T155053Z,2026-06-29T15:50:53Z,1d,2026-06-30T15:50:53Z,,PENDING,RSO-0039,Michigan Senate Election Winner,Republican,raw,LLM_HIGHER,medium,0.275,,,,0.45,0.175,0.175,mid,,,,,false
20260629T155053Z:RSO-0039:raw:7d,20260629T155053Z,2026-06-29T15:50:53Z,7d,2026-07-06T15:50:53Z,,PENDING,RSO-0039,Michigan Senate Election Winner,Republican,raw,LLM_HIGHER,medium,0.275,,,,0.45,0.175,0.175,mid,,,,,false
20260629T155053Z:RSO-0039:raw:30d,20260629T155053Z,2026-06-29T15:50:53Z,30d,2026-07-29T15:50:53Z,,PENDING,RSO-0039,Michigan Senate Election Winner,Republican,raw,LLM_HIGHER,medium,0.275,,,,0.45,0.175,0.175,mid,,,,,false
20260629T155053Z:RSO-0039:normalized:1d,20260629T155053Z,2026-06-29T15:50:53Z,1d,2026-06-30T15:50:53Z,,PENDING,RSO-0039,Michigan Senate Election Winner,Republican,normalized,LLM_HIGHER,medium,0.275,,,,0.5,0.225,0.225,mid,,,,,false
20260629T155053Z:RSO-0039:normalized:7d,20260629T155053Z,2026-06-29T15:50:53Z,7d,2026-07-06T15:50:53Z,,PENDING,RSO-0039,Michigan Senate Election Winner,Republican,normalized,LLM_HIGHER,medium,0.275,,,,0.5,0.225,0.225,mid,,,,,false
20260629T155053Z:RSO-0039:normalized:30d,20260629T155053Z,2026-06-29T15:50:53Z,30d,2026-07-29T15:50:53Z,,PENDING,RSO-0039,Michigan Senate Election Winner,Republican,normalized,LLM_HIGHER,medium,0.275,,,,0.5,0.225,0.225,mid,,,,,false
20260629T155053Z:RSO-0042:raw:1d,20260629T155053Z,2026-06-29T15:50:53Z,1d,2026-06-30T15:50:53Z,,PENDING,RSO-0042,North Carolina Senate Election Winner,Roy Cooper (D),raw,MARKET_HIGHER,large,0.865,,,,0.55,-0.315,0.315,mid,,,,,false
20260629T155053Z:RSO-0042:raw:7d,20260629T155053Z,2026-06-29T15:50:53Z,7d,2026-07-06T15:50:53Z,,PENDING,RSO-0042,North Carolina Senate Election Winner,Roy Cooper (D),raw,MARKET_HIGHER,large,0.865,,,,0.55,-0.315,0.315,mid,,,,,false
20260629T155053Z:RSO-0042:raw:30d,20260629T155053Z,2026-06-29T15:50:53Z,30d,2026-07-29T15:50:53Z,,PENDING,RSO-0042,North Carolina Senate Election Winner,Roy Cooper (D),raw,MARKET_HIGHER,large,0.865,,,,0.55,-0.315,0.315,mid,,,,,false
20260629T155053Z:RSO-0042:normalized:1d,20260629T155053Z,2026-06-29T15:50:53Z,1d,2026-06-30T15:50:53Z,,PENDING,RSO-0042,North Carolina Senate Election Winner,Roy Cooper (D),normalized,MARKET_HIGHER,large,0.865,,,,0.55,-0.315,0.315,mid,,,,,false
20260629T155053Z:RSO-0042:normalized:7d,20260629T155053Z,2026-06-29T15:50:53Z,7d,2026-07-06T15:50:53Z,,PENDING,RSO-0042,North Carolina Senate Election Winner,Roy Cooper (D),normalized,MARKET_HIGHER,large,0.865,,,,0.55,-0.315,0.315,mid,,,,,false
20260629T155053Z:RSO-0042:normalized:30d,20260629T155053Z,2026-06-29T15:50:53Z,30d,2026-07-29T15:50:53Z,,PENDING,RSO-0042,North Carolina Senate Election Winner,Roy Cooper (D),normalized,MARKET_HIGHER,large,0.865,,,,0.55,-0.315,0.315,mid,,,,,false
20260629T155053Z:RSO-0043:raw:1d,20260629T155053Z,2026-06-29T15:50:53Z,1d,2026-06-30T15:50:53Z,,PENDING,RSO-0043,North Carolina Senate Election Winner,Michael Whatley (R),raw,LLM_HIGHER,large,0.145,,,,0.45,0.305,0.305,mid,,,,,false
20260629T155053Z:RSO-0043:raw:7d,20260629T155053Z,2026-06-29T15:50:53Z,7d,2026-07-06T15:50:53Z,,PENDING,RSO-0043,North Carolina Senate Election Winner,Michael Whatley (R),raw,LLM_HIGHER,large,0.145,,,,0.45,0.305,0.305,mid,,,,,false
20260629T155053Z:RSO-0043:raw:30d,20260629T155053Z,2026-06-29T15:50:53Z,30d,2026-07-29T15:50:53Z,,PENDING,RSO-0043,North Carolina Senate Election Winner,Michael Whatley (R),raw,LLM_HIGHER,large,0.145,,,,0.45,0.305,0.305,mid,,,,,false
20260629T155053Z:RSO-0043:normalized:1d,20260629T155053Z,2026-06-29T15:50:53Z,1d,2026-06-30T15:50:53Z,,PENDING,RSO-0043,North Carolina Senate Election Winner,Michael Whatley (R),normalized,LLM_HIGHER,large,0.145,,,,0.45,0.305,0.305,mid,,,,,false
20260629T155053Z:RSO-0043:normalized:7d,20260629T155053Z,2026-06-29T15:50:53Z,7d,2026-07-06T15:50:53Z,,PENDING,RSO-0043,North Carolina Senate Election Winner,Michael Whatley (R),normalized,LLM_HIGHER,large,0.145,,,,0.45,0.305,0.305,mid,,,,,false
20260629T155053Z:RSO-0043:normalized:30d,20260629T155053Z,2026-06-29T15:50:53Z,30d,2026-07-29T15:50:53Z,,PENDING,RSO-0043,North Carolina Senate Election Winner,Michael Whatley (R),normalized,LLM_HIGHER,large,0.145,,,,0.45,0.305,0.305,mid,,,,,false
20260629T155053Z:RSO-0044:raw:1d,20260629T155053Z,2026-06-29T15:50:53Z,1d,2026-06-30T15:50:53Z,,PENDING,RSO-0044,Georgia Senate Election Winner,Democrat,raw,MARKET_HIGHER,large,0.855,,,,0.45,-0.405,0.405,mid,,,,,false
20260629T155053Z:RSO-0044:raw:7d,20260629T155053Z,2026-06-29T15:50:53Z,7d,2026-07-06T15:50:53Z,,PENDING,RSO-0044,Georgia Senate Election Winner,Democrat,raw,MARKET_HIGHER,large,0.855,,,,0.45,-0.405,0.405,mid,,,,,false
20260629T155053Z:RSO-0044:raw:30d,20260629T155053Z,2026-06-29T15:50:53Z,30d,2026-07-29T15:50:53Z,,PENDING,RSO-0044,Georgia Senate Election Winner,Democrat,raw,MARKET_HIGHER,large,0.855,,,,0.45,-0.405,0.405,mid,,,,,false
20260629T155053Z:RSO-0044:normalized:1d,20260629T155053Z,2026-06-29T15:50:53Z,1d,2026-06-30T15:50:53Z,,PENDING,RSO-0044,Georgia Senate Election Winner,Democrat,normalized,MARKET_HIGHER,large,0.855,,,,0.5,-0.355,0.355,mid,,,,,false
20260629T155053Z:RSO-0044:normalized:7d,20260629T155053Z,2026-06-29T15:50:53Z,7d,2026-07-06T15:50:53Z,,PENDING,RSO-0044,Georgia Senate Election Winner,Democrat,normalized,MARKET_HIGHER,large,0.855,,,,0.5,-0.355,0.355,mid,,,,,false
20260629T155053Z:RSO-0044:normalized:30d,20260629T155053Z,2026-06-29T15:50:53Z,30d,2026-07-29T15:50:53Z,,PENDING,RSO-0044,Georgia Senate Election Winner,Democrat,normalized,MARKET_HIGHER,large,0.855,,,,0.5,-0.355,0.355,mid,,,,,false
20260629T155053Z:RSO-0045:raw:1d,20260629T155053Z,2026-06-29T15:50:53Z,1d,2026-06-30T15:50:53Z,,PENDING,RSO-0045,Georgia Senate Election Winner,Republican,raw,LLM_HIGHER,large,0.1485,,,,0.45,0.3015,0.3015,mid,,,,,false
20260629T155053Z:RSO-0045:raw:7d,20260629T155053Z,2026-06-29T15:50:53Z,7d,2026-07-06T15:50:53Z,,PENDING,RSO-0045,Georgia Senate Election Winner,Republican,raw,LLM_HIGHER,large,0.1485,,,,0.45,0.3015,0.3015,mid,,,,,false
20260629T155053Z:RSO-0045:raw:30d,20260629T155053Z,2026-06-29T15:50:53Z,30d,2026-07-29T15:50:53Z,,PENDING,RSO-0045,Georgia Senate Election Winner,Republican,raw,LLM_HIGHER,large,0.1485,,,,0.45,0.3015,0.3015,mid,,,,,false
20260629T155053Z:RSO-0045:normalized:1d,20260629T155053Z,2026-06-29T15:50:53Z,1d,2026-06-30T15:50:53Z,,PENDING,RSO-0045,Georgia Senate Election Winner,Republican,normalized,LLM_HIGHER,large,0.1485,,,,0.5,0.3515,0.3515,mid,,,,,false
20260629T155053Z:RSO-0045:normalized:7d,20260629T155053Z,2026-06-29T15:50:53Z,7d,2026-07-06T15:50:53Z,,PENDING,RSO-0045,Georgia Senate Election Winner,Republican,normalized,LLM_HIGHER,large,0.1485,,,,0.5,0.3515,0.3515,mid,,,,,false
20260629T155053Z:RSO-0045:normalized:30d,20260629T155053Z,2026-06-29T15:50:53Z,30d,2026-07-29T15:50:53Z,,PENDING,RSO-0045,Georgia Senate Election Winner,Republican,normalized,LLM_HIGHER,large,0.1485,,,,0.5,0.3515,0.3515,mid,,,,,false
20260629T155053Z:RSO-0046:raw:1d,20260629T155053Z,2026-06-29T15:50:53Z,1d,2026-06-30T15:50:53Z,,PENDING,RSO-0046,New Hampshire Senate Election Winner,Democrat,raw,MARKET_HIGHER,large,0.845,,,,0.45,-0.395,0.395,mid,,,,,false
20260629T155053Z:RSO-0046:raw:7d,20260629T155053Z,2026-06-29T15:50:53Z,7d,2026-07-06T15:50:53Z,,PENDING,RSO-0046,New Hampshire Senate Election Winner,Democrat,raw,MARKET_HIGHER,large,0.845,,,,0.45,-0.395,0.395,mid,,,,,false
20260629T155053Z:RSO-0046:raw:30d,20260629T155053Z,2026-06-29T15:50:53Z,30d,2026-07-29T15:50:53Z,,PENDING,RSO-0046,New Hampshire Senate Election Winner,Democrat,raw,MARKET_HIGHER,large,0.845,,,,0.45,-0.395,0.395,mid,,,,,false
20260629T155053Z:RSO-0046:normalized:1d,20260629T155053Z,2026-06-29T15:50:53Z,1d,2026-06-30T15:50:53Z,,PENDING,RSO-0046,New Hampshire Senate Election Winner,Democrat,normalized,MARKET_HIGHER,large,0.845,,,,0.5,-0.345,0.345,mid,,,,,false
20260629T155053Z:RSO-0046:normalized:7d,20260629T155053Z,2026-06-29T15:50:53Z,7d,2026-07-06T15:50:53Z,,PENDING,RSO-0046,New Hampshire Senate Election Winner,Democrat,normalized,MARKET_HIGHER,large,0.845,,,,0.5,-0.345,0.345,mid,,,,,false
20260629T155053Z:RSO-0046:normalized:30d,20260629T155053Z,2026-06-29T15:50:53Z,30d,2026-07-29T15:50:53Z,,PENDING,RSO-0046,New Hampshire Senate Election Winner,Democrat,normalized,MARKET_HIGHER,large,0.845,,,,0.5,-0.345,0.345,mid,,,,,false
20260629T155053Z:RSO-0047:raw:1d,20260629T155053Z,2026-06-29T15:50:53Z,1d,2026-06-30T15:50:53Z,,PENDING,RSO-0047,New Hampshire Senate Election Winner,Republican,raw,LLM_HIGHER,large,0.135,,,,0.45,0.315,0.315,mid,,,,,false
20260629T155053Z:RSO-0047:raw:7d,20260629T155053Z,2026-06-29T15:50:53Z,7d,2026-07-06T15:50:53Z,,PENDING,RSO-0047,New Hampshire Senate Election Winner,Republican,raw,LLM_HIGHER,large,0.135,,,,0.45,0.315,0.315,mid,,,,,false
20260629T155053Z:RSO-0047:raw:30d,20260629T155053Z,2026-06-29T15:50:53Z,30d,2026-07-29T15:50:53Z,,PENDING,RSO-0047,New Hampshire Senate Election Winner,Republican,raw,LLM_HIGHER,large,0.135,,,,0.45,0.315,0.315,mid,,,,,false
20260629T155053Z:RSO-0047:normalized:1d,20260629T155053Z,2026-06-29T15:50:53Z,1d,2026-06-30T15:50:53Z,,PENDING,RSO-0047,New Hampshire Senate Election Winner,Republican,normalized,LLM_HIGHER,large,0.135,,,,0.5,0.365,0.365,mid,,,,,false
20260629T155053Z:RSO-0047:normalized:7d,20260629T155053Z,2026-06-29T15:50:53Z,7d,2026-07-06T15:50:53Z,,PENDING,RSO-0047,New Hampshire Senate Election Winner,Republican,normalized,LLM_HIGHER,large,0.135,,,,0.5,0.365,0.365,mid,,,,,false
20260629T155053Z:RSO-0047:normalized:30d,20260629T155053Z,2026-06-29T15:50:53Z,30d,2026-07-29T15:50:53Z,,PENDING,RSO-0047,New Hampshire Senate Election Winner,Republican,normalized,LLM_HIGHER,large,0.135,,,,0.5,0.365,0.365,mid,,,,,false
20260629T155053Z:RSO-0048:raw:1d,20260629T155053Z,2026-06-29T15:50:53Z,1d,2026-06-30T15:50:53Z,,PENDING,RSO-0048,Iowa Senate Election Winner,Republican,raw,MARKET_HIGHER,small,0.555,,,,0.45,-0.105,0.105,mid,,,,,false
20260629T155053Z:RSO-0048:raw:7d,20260629T155053Z,2026-06-29T15:50:53Z,7d,2026-07-06T15:50:53Z,,PENDING,RSO-0048,Iowa Senate Election Winner,Republican,raw,MARKET_HIGHER,small,0.555,,,,0.45,-0.105,0.105,mid,,,,,false
20260629T155053Z:RSO-0048:raw:30d,20260629T155053Z,2026-06-29T15:50:53Z,30d,2026-07-29T15:50:53Z,,PENDING,RSO-0048,Iowa Senate Election Winner,Republican,raw,MARKET_HIGHER,small,0.555,,,,0.45,-0.105,0.105,mid,,,,,false
20260629T155053Z:RSO-0052:raw:1d,20260629T155053Z,2026-06-29T15:50:53Z,1d,2026-06-30T15:50:53Z,,PENDING,RSO-0052,Michigan Governor Election Winner,Democrat,raw,MARKET_HIGHER,large,0.84,,,,0.45,-0.39,0.39,mid,,,,,true
20260629T155053Z:RSO-0052:raw:7d,20260629T155053Z,2026-06-29T15:50:53Z,7d,2026-07-06T15:50:53Z,,PENDING,RSO-0052,Michigan Governor Election Winner,Democrat,raw,MARKET_HIGHER,large,0.84,,,,0.45,-0.39,0.39,mid,,,,,true
20260629T155053Z:RSO-0052:raw:30d,20260629T155053Z,2026-06-29T15:50:53Z,30d,2026-07-29T15:50:53Z,,PENDING,RSO-0052,Michigan Governor Election Winner,Democrat,raw,MARKET_HIGHER,large,0.84,,,,0.45,-0.39,0.39,mid,,,,,true
20260629T155053Z:RSO-0052:normalized:1d,20260629T155053Z,2026-06-29T15:50:53Z,1d,2026-06-30T15:50:53Z,,PENDING,RSO-0052,Michigan Governor Election Winner,Democrat,normalized,MARKET_HIGHER,large,0.84,,,,0.441176,-0.398824,0.398824,mid,,,,,true
20260629T155053Z:RSO-0052:normalized:7d,20260629T155053Z,2026-06-29T15:50:53Z,7d,2026-07-06T15:50:53Z,,PENDING,RSO-0052,Michigan Governor Election Winner,Democrat,normalized,MARKET_HIGHER,large,0.84,,,,0.441176,-0.398824,0.398824,mid,,,,,true
20260629T155053Z:RSO-0052:normalized:30d,20260629T155053Z,2026-06-29T15:50:53Z,30d,2026-07-29T15:50:53Z,,PENDING,RSO-0052,Michigan Governor Election Winner,Democrat,normalized,MARKET_HIGHER,large,0.84,,,,0.441176,-0.398824,0.398824,mid,,,,,true
20260629T155053Z:RSO-0053:raw:1d,20260629T155053Z,2026-06-29T15:50:53Z,1d,2026-06-30T15:50:53Z,,PENDING,RSO-0053,Michigan Governor Election Winner,Republican,raw,LLM_HIGHER,large,0.145,,,,0.45,0.305,0.305,mid,,,,,true
20260629T155053Z:RSO-0053:raw:7d,20260629T155053Z,2026-06-29T15:50:53Z,7d,2026-07-06T15:50:53Z,,PENDING,RSO-0053,Michigan Governor Election Winner,Republican,raw,LLM_HIGHER,large,0.145,,,,0.45,0.305,0.305,mid,,,,,true
20260629T155053Z:RSO-0053:raw:30d,20260629T155053Z,2026-06-29T15:50:53Z,30d,2026-07-29T15:50:53Z,,PENDING,RSO-0053,Michigan Governor Election Winner,Republican,raw,LLM_HIGHER,large,0.145,,,,0.45,0.305,0.305,mid,,,,,true
20260629T155053Z:RSO-0053:normalized:1d,20260629T155053Z,2026-06-29T15:50:53Z,1d,2026-06-30T15:50:53Z,,PENDING,RSO-0053,Michigan Governor Election Winner,Republican,normalized,LLM_HIGHER,large,0.145,,,,0.441176,0.296176,0.296176,mid,,,,,true
20260629T155053Z:RSO-0053:normalized:7d,20260629T155053Z,2026-06-29T15:50:53Z,7d,2026-07-06T15:50:53Z,,PENDING,RSO-0053,Michigan Governor Election Winner,Republican,normalized,LLM_HIGHER,large,0.145,,,,0.441176,0.296176,0.296176,mid,,,,,true
20260629T155053Z:RSO-0053:normalized:30d,20260629T155053Z,2026-06-29T15:50:53Z,30d,2026-07-29T15:50:53Z,,PENDING,RSO-0053,Michigan Governor Election Winner,Republican,normalized,LLM_HIGHER,large,0.145,,,,0.441176,0.296176,0.296176,mid,,,,,true
20260629T155053Z:RSO-0055:raw:1d,20260629T155053Z,2026-06-29T15:50:53Z,1d,2026-06-30T15:50:53Z,,PENDING,RSO-0055,WA-04 House Election Winner,Republican Party,raw,MARKET_HIGHER,large,0.86,,,,0.35,-0.51,0.51,mid,,,,,false
20260629T155053Z:RSO-0055:raw:7d,20260629T155053Z,2026-06-29T15:50:53Z,7d,2026-07-06T15:50:53Z,,PENDING,RSO-0055,WA-04 House Election Winner,Republican Party,raw,MARKET_HIGHER,large,0.86,,,,0.35,-0.51,0.51,mid,,,,,false
20260629T155053Z:RSO-0055:raw:30d,20260629T155053Z,2026-06-29T15:50:53Z,30d,2026-07-29T15:50:53Z,,PENDING,RSO-0055,WA-04 House Election Winner,Republican Party,raw,MARKET_HIGHER,large,0.86,,,,0.35,-0.51,0.51,mid,,,,,false
20260629T155053Z:RSO-0055:normalized:1d,20260629T155053Z,2026-06-29T15:50:53Z,1d,2026-06-30T15:50:53Z,,PENDING,RSO-0055,WA-04 House Election Winner,Republican Party,normalized,MARKET_HIGHER,large,0.86,,,,0.388889,-0.471111,0.471111,mid,,,,,false
20260629T155053Z:RSO-0055:normalized:7d,20260629T155053Z,2026-06-29T15:50:53Z,7d,2026-07-06T15:50:53Z,,PENDING,RSO-0055,WA-04 House Election Winner,Republican Party,normalized,MARKET_HIGHER,large,0.86,,,,0.388889,-0.471111,0.471111,mid,,,,,false
20260629T155053Z:RSO-0055:normalized:30d,20260629T155053Z,2026-06-29T15:50:53Z,30d,2026-07-29T15:50:53Z,,PENDING,RSO-0055,WA-04 House Election Winner,Republican Party,normalized,MARKET_HIGHER,large,0.86,,,,0.388889,-0.471111,0.471111,mid,,,,,false
20260629T155053Z:RSO-0056:raw:1d,20260629T155053Z,2026-06-29T15:50:53Z,1d,2026-06-30T15:50:53Z,,PENDING,RSO-0056,WA-04 House Election Winner,Democratic Party,raw,LLM_HIGHER,large,0.135,,,,0.55,0.415,0.415,mid,,,,,false
20260629T155053Z:RSO-0056:raw:7d,20260629T155053Z,2026-06-29T15:50:53Z,7d,2026-07-06T15:50:53Z,,PENDING,RSO-0056,WA-04 House Election Winner,Democratic Party,raw,LLM_HIGHER,large,0.135,,,,0.55,0.415,0.415,mid,,,,,false
20260629T155053Z:RSO-0056:raw:30d,20260629T155053Z,2026-06-29T15:50:53Z,30d,2026-07-29T15:50:53Z,,PENDING,RSO-0056,WA-04 House Election Winner,Democratic Party,raw,LLM_HIGHER,large,0.135,,,,0.55,0.415,0.415,mid,,,,,false
20260629T155053Z:RSO-0056:normalized:1d,20260629T155053Z,2026-06-29T15:50:53Z,1d,2026-06-30T15:50:53Z,,PENDING,RSO-0056,WA-04 House Election Winner,Democratic Party,normalized,LLM_HIGHER,large,0.135,,,,0.611111,0.476111,0.476111,mid,,,,,false
20260629T155053Z:RSO-0056:normalized:7d,20260629T155053Z,2026-06-29T15:50:53Z,7d,2026-07-06T15:50:53Z,,PENDING,RSO-0056,WA-04 House Election Winner,Democratic Party,normalized,LLM_HIGHER,large,0.135,,,,0.611111,0.476111,0.476111,mid,,,,,false
20260629T155053Z:RSO-0056:normalized:30d,20260629T155053Z,2026-06-29T15:50:53Z,30d,2026-07-29T15:50:53Z,,PENDING,RSO-0056,WA-04 House Election Winner,Democratic Party,normalized,LLM_HIGHER,large,0.135,,,,0.611111,0.476111,0.476111,mid,,,,,false
20260629T155053Z:RSO-0057:raw:1d,20260629T155053Z,2026-06-29T15:50:53Z,1d,2026-06-30T15:50:53Z,,PENDING,RSO-0057,NE-02 House Election Winner,Democratic Party,raw,MARKET_HIGHER,medium,0.775,,,,0.55,-0.225,0.225,mid,,,,,false
20260629T155053Z:RSO-0057:raw:7d,20260629T155053Z,2026-06-29T15:50:53Z,7d,2026-07-06T15:50:53Z,,PENDING,RSO-0057,NE-02 House Election Winner,Democratic Party,raw,MARKET_HIGHER,medium,0.775,,,,0.55,-0.225,0.225,mid,,,,,false
20260629T155053Z:RSO-0057:raw:30d,20260629T155053Z,2026-06-29T15:50:53Z,30d,2026-07-29T15:50:53Z,,PENDING,RSO-0057,NE-02 House Election Winner,Democratic Party,raw,MARKET_HIGHER,medium,0.775,,,,0.55,-0.225,0.225,mid,,,,,false
20260629T155053Z:RSO-0057:normalized:1d,20260629T155053Z,2026-06-29T15:50:53Z,1d,2026-06-30T15:50:53Z,,PENDING,RSO-0057,NE-02 House Election Winner,Democratic Party,normalized,MARKET_HIGHER,medium,0.775,,,,0.55,-0.225,0.225,mid,,,,,false
20260629T155053Z:RSO-0057:normalized:7d,20260629T155053Z,2026-06-29T15:50:53Z,7d,2026-07-06T15:50:53Z,,PENDING,RSO-0057,NE-02 House Election Winner,Democratic Party,normalized,MARKET_HIGHER,medium,0.775,,,,0.55,-0.225,0.225,mid,,,,,false
20260629T155053Z:RSO-0057:normalized:30d,20260629T155053Z,2026-06-29T15:50:53Z,30d,2026-07-29T15:50:53Z,,PENDING,RSO-0057,NE-02 House Election Winner,Democratic Party,normalized,MARKET_HIGHER,medium,0.775,,,,0.55,-0.225,0.225,mid,,,,,false
20260629T155053Z:RSO-0058:raw:1d,20260629T155053Z,2026-06-29T15:50:53Z,1d,2026-06-30T15:50:53Z,,PENDING,RSO-0058,NE-02 House Election Winner,Republican Party,raw,LLM_HIGHER,medium,0.235,,,,0.45,0.215,0.215,mid,,,,,false
20260629T155053Z:RSO-0058:raw:7d,20260629T155053Z,2026-06-29T15:50:53Z,7d,2026-07-06T15:50:53Z,,PENDING,RSO-0058,NE-02 House Election Winner,Republican Party,raw,LLM_HIGHER,medium,0.235,,,,0.45,0.215,0.215,mid,,,,,false
20260629T155053Z:RSO-0058:raw:30d,20260629T155053Z,2026-06-29T15:50:53Z,30d,2026-07-29T15:50:53Z,,PENDING,RSO-0058,NE-02 House Election Winner,Republican Party,raw,LLM_HIGHER,medium,0.235,,,,0.45,0.215,0.215,mid,,,,,false
20260629T155053Z:RSO-0058:normalized:1d,20260629T155053Z,2026-06-29T15:50:53Z,1d,2026-06-30T15:50:53Z,,PENDING,RSO-0058,NE-02 House Election Winner,Republican Party,normalized,LLM_HIGHER,medium,0.235,,,,0.45,0.215,0.215,mid,,,,,false
20260629T155053Z:RSO-0058:normalized:7d,20260629T155053Z,2026-06-29T15:50:53Z,7d,2026-07-06T15:50:53Z,,PENDING,RSO-0058,NE-02 House Election Winner,Republican Party,normalized,LLM_HIGHER,medium,0.235,,,,0.45,0.215,0.215,mid,,,,,false
20260629T155053Z:RSO-0058:normalized:30d,20260629T155053Z,2026-06-29T15:50:53Z,30d,2026-07-29T15:50:53Z,,PENDING,RSO-0058,NE-02 House Election Winner,Republican Party,normalized,LLM_HIGHER,medium,0.235,,,,0.45,0.215,0.215,mid,,,,,false
20260629T155053Z:RSO-0059:raw:1d,20260629T155053Z,2026-06-29T15:50:53Z,1d,2026-06-30T15:50:53Z,,PENDING,RSO-0059,PA-10 House Election Winner,Democratic Party,raw,MARKET_HIGHER,small,0.685,,,,0.55,-0.135,0.135,mid,,,,,false
20260629T155053Z:RSO-0059:raw:7d,20260629T155053Z,2026-06-29T15:50:53Z,7d,2026-07-06T15:50:53Z,,PENDING,RSO-0059,PA-10 House Election Winner,Democratic Party,raw,MARKET_HIGHER,small,0.685,,,,0.55,-0.135,0.135,mid,,,,,false
20260629T155053Z:RSO-0059:raw:30d,20260629T155053Z,2026-06-29T15:50:53Z,30d,2026-07-29T15:50:53Z,,PENDING,RSO-0059,PA-10 House Election Winner,Democratic Party,raw,MARKET_HIGHER,small,0.685,,,,0.55,-0.135,0.135,mid,,,,,false
20260629T155053Z:RSO-0059:normalized:1d,20260629T155053Z,2026-06-29T15:50:53Z,1d,2026-06-30T15:50:53Z,,PENDING,RSO-0059,PA-10 House Election Winner,Democratic Party,normalized,MARKET_HIGHER,small,0.685,,,,0.55,-0.135,0.135,mid,,,,,false
20260629T155053Z:RSO-0059:normalized:7d,20260629T155053Z,2026-06-29T15:50:53Z,7d,2026-07-06T15:50:53Z,,PENDING,RSO-0059,PA-10 House Election Winner,Democratic Party,normalized,MARKET_HIGHER,small,0.685,,,,0.55,-0.135,0.135,mid,,,,,false
20260629T155053Z:RSO-0059:normalized:30d,20260629T155053Z,2026-06-29T15:50:53Z,30d,2026-07-29T15:50:53Z,,PENDING,RSO-0059,PA-10 House Election Winner,Democratic Party,normalized,MARKET_HIGHER,small,0.685,,,,0.55,-0.135,0.135,mid,,,,,false
20260629T155053Z:RSO-0060:raw:1d,20260629T155053Z,2026-06-29T15:50:53Z,1d,2026-06-30T15:50:53Z,,PENDING,RSO-0060,PA-10 House Election Winner,Republican Party,raw,LLM_HIGHER,medium,0.27,,,,0.45,0.18,0.18,mid,,,,,false
20260629T155053Z:RSO-0060:raw:7d,20260629T155053Z,2026-06-29T15:50:53Z,7d,2026-07-06T15:50:53Z,,PENDING,RSO-0060,PA-10 House Election Winner,Republican Party,raw,LLM_HIGHER,medium,0.27,,,,0.45,0.18,0.18,mid,,,,,false
20260629T155053Z:RSO-0060:raw:30d,20260629T155053Z,2026-06-29T15:50:53Z,30d,2026-07-29T15:50:53Z,,PENDING,RSO-0060,PA-10 House Election Winner,Republican Party,raw,LLM_HIGHER,medium,0.27,,,,0.45,0.18,0.18,mid,,,,,false
20260629T155053Z:RSO-0060:normalized:1d,20260629T155053Z,2026-06-29T15:50:53Z,1d,2026-06-30T15:50:53Z,,PENDING,RSO-0060,PA-10 House Election Winner,Republican Party,normalized,LLM_HIGHER,medium,0.27,,,,0.45,0.18,0.18,mid,,,,,false
20260629T155053Z:RSO-0060:normalized:7d,20260629T155053Z,2026-06-29T15:50:53Z,7d,2026-07-06T15:50:53Z,,PENDING,RSO-0060,PA-10 House Election Winner,Republican Party,normalized,LLM_HIGHER,medium,0.27,,,,0.45,0.18,0.18,mid,,,,,false
20260629T155053Z:RSO-0060:normalized:30d,20260629T155053Z,2026-06-29T15:50:53Z,30d,2026-07-29T15:50:53Z,,PENDING,RSO-0060,PA-10 House Election Winner,Republican Party,normalized,LLM_HIGHER,medium,0.27,,,,0.45,0.18,0.18,mid,,,,,false
20260629T155053Z:RSO-0065:raw:1d,20260629T155053Z,2026-06-29T15:50:53Z,1d,2026-06-30T15:50:53Z,,PENDING,RSO-0065,Nevada Governor Election Winner,Democrat,raw,MARKET_HIGHER,medium,0.605,,,,0.45,-0.155,0.155,mid,,,,,false
20260629T155053Z:RSO-0065:raw:7d,20260629T155053Z,2026-06-29T15:50:53Z,7d,2026-07-06T15:50:53Z,,PENDING,RSO-0065,Nevada Governor Election Winner,Democrat,raw,MARKET_HIGHER,medium,0.605,,,,0.45,-0.155,0.155,mid,,,,,false
20260629T155053Z:RSO-0065:raw:30d,20260629T155053Z,2026-06-29T15:50:53Z,30d,2026-07-29T15:50:53Z,,PENDING,RSO-0065,Nevada Governor Election Winner,Democrat,raw,MARKET_HIGHER,medium,0.605,,,,0.45,-0.155,0.155,mid,,,,,false
20260629T155053Z:RSO-0065:normalized:1d,20260629T155053Z,2026-06-29T15:50:53Z,1d,2026-06-30T15:50:53Z,,PENDING,RSO-0065,Nevada Governor Election Winner,Democrat,normalized,MARKET_HIGHER,small,0.605,,,,0.5,-0.105,0.105,mid,,,,,false
20260629T155053Z:RSO-0065:normalized:7d,20260629T155053Z,2026-06-29T15:50:53Z,7d,2026-07-06T15:50:53Z,,PENDING,RSO-0065,Nevada Governor Election Winner,Democrat,normalized,MARKET_HIGHER,small,0.605,,,,0.5,-0.105,0.105,mid,,,,,false
20260629T155053Z:RSO-0065:normalized:30d,20260629T155053Z,2026-06-29T15:50:53Z,30d,2026-07-29T15:50:53Z,,PENDING,RSO-0065,Nevada Governor Election Winner,Democrat,normalized,MARKET_HIGHER,small,0.605,,,,0.5,-0.105,0.105,mid,,,,,false
20260629T155053Z:RSO-0066:normalized:1d,20260629T155053Z,2026-06-29T15:50:53Z,1d,2026-06-30T15:50:53Z,,PENDING,RSO-0066,Nevada Governor Election Winner,Republican,normalized,LLM_HIGHER,small,0.4,,,,0.5,0.1,0.1,mid,,,,,false
20260629T155053Z:RSO-0066:normalized:7d,20260629T155053Z,2026-06-29T15:50:53Z,7d,2026-07-06T15:50:53Z,,PENDING,RSO-0066,Nevada Governor Election Winner,Republican,normalized,LLM_HIGHER,small,0.4,,,,0.5,0.1,0.1,mid,,,,,false
20260629T155053Z:RSO-0066:normalized:30d,20260629T155053Z,2026-06-29T15:50:53Z,30d,2026-07-29T15:50:53Z,,PENDING,RSO-0066,Nevada Governor Election Winner,Republican,normalized,LLM_HIGHER,small,0.4,,,,0.5,0.1,0.1,mid,,,,,false
20260629T155053Z:RSO-0084:raw:1d,20260629T155053Z,2026-06-29T15:50:53Z,1d,2026-06-30T15:50:53Z,,PENDING,RSO-0084,Brazil Presidential Election,Jair Bolsonaro,raw,LLM_HIGHER,small,0.0055,,,,0.15,0.1445,0.1445,mid,,,,,true
20260629T155053Z:RSO-0084:raw:7d,20260629T155053Z,2026-06-29T15:50:53Z,7d,2026-07-06T15:50:53Z,,PENDING,RSO-0084,Brazil Presidential Election,Jair Bolsonaro,raw,LLM_HIGHER,small,0.0055,,,,0.15,0.1445,0.1445,mid,,,,,true
20260629T155053Z:RSO-0084:raw:30d,20260629T155053Z,2026-06-29T15:50:53Z,30d,2026-07-29T15:50:53Z,,PENDING,RSO-0084,Brazil Presidential Election,Jair Bolsonaro,raw,LLM_HIGHER,small,0.0055,,,,0.15,0.1445,0.1445,mid,,,,,true
20260629T155053Z:RSO-0084:normalized:1d,20260629T155053Z,2026-06-29T15:50:53Z,1d,2026-06-30T15:50:53Z,,PENDING,RSO-0084,Brazil Presidential Election,Jair Bolsonaro,normalized,LLM_HIGHER,small,0.0055,,,,0.135135,0.129635,0.129635,mid,,,,,true
20260629T155053Z:RSO-0084:normalized:7d,20260629T155053Z,2026-06-29T15:50:53Z,7d,2026-07-06T15:50:53Z,,PENDING,RSO-0084,Brazil Presidential Election,Jair Bolsonaro,normalized,LLM_HIGHER,small,0.0055,,,,0.135135,0.129635,0.129635,mid,,,,,true
20260629T155053Z:RSO-0084:normalized:30d,20260629T155053Z,2026-06-29T15:50:53Z,30d,2026-07-29T15:50:53Z,,PENDING,RSO-0084,Brazil Presidential Election,Jair Bolsonaro,normalized,LLM_HIGHER,small,0.0055,,,,0.135135,0.129635,0.129635,mid,,,,,true
20260629T155053Z:RSO-0094:raw:1d,20260629T155053Z,2026-06-29T15:50:53Z,1d,2026-06-30T15:50:53Z,,PENDING,RSO-0094,Brazil Presidential Election First Round: Margin of Victory,Lula da Silva 10-15%,raw,LLM_HIGHER,medium,0.158,,,,0.35,0.192,0.192,mid,,,,llm_mass_too_high,true
20260629T155053Z:RSO-0094:raw:7d,20260629T155053Z,2026-06-29T15:50:53Z,7d,2026-07-06T15:50:53Z,,PENDING,RSO-0094,Brazil Presidential Election First Round: Margin of Victory,Lula da Silva 10-15%,raw,LLM_HIGHER,medium,0.158,,,,0.35,0.192,0.192,mid,,,,llm_mass_too_high,true
20260629T155053Z:RSO-0094:raw:30d,20260629T155053Z,2026-06-29T15:50:53Z,30d,2026-07-29T15:50:53Z,,PENDING,RSO-0094,Brazil Presidential Election First Round: Margin of Victory,Lula da Silva 10-15%,raw,LLM_HIGHER,medium,0.158,,,,0.35,0.192,0.192,mid,,,,llm_mass_too_high,true
20260629T155053Z:RSO-0095:normalized:1d,20260629T155053Z,2026-06-29T15:50:53Z,1d,2026-06-30T15:50:53Z,,PENDING,RSO-0095,Brazil Presidential Election First Round: Margin of Victory,Lula da Silva 5-10%,normalized,MARKET_HIGHER,small,0.375,,,,0.248227,-0.126773,0.126773,mid,,,,llm_mass_too_high,true
20260629T155053Z:RSO-0095:normalized:7d,20260629T155053Z,2026-06-29T15:50:53Z,7d,2026-07-06T15:50:53Z,,PENDING,RSO-0095,Brazil Presidential Election First Round: Margin of Victory,Lula da Silva 5-10%,normalized,MARKET_HIGHER,small,0.375,,,,0.248227,-0.126773,0.126773,mid,,,,llm_mass_too_high,true
20260629T155053Z:RSO-0095:normalized:30d,20260629T155053Z,2026-06-29T15:50:53Z,30d,2026-07-29T15:50:53Z,,PENDING,RSO-0095,Brazil Presidential Election First Round: Margin of Victory,Lula da Silva 5-10%,normalized,MARKET_HIGHER,small,0.375,,,,0.248227,-0.126773,0.126773,mid,,,,llm_mass_too_high,true
20260629T155053Z:RSO-0096:raw:1d,20260629T155053Z,2026-06-29T15:50:53Z,1d,2026-06-30T15:50:53Z,,PENDING,RSO-0096,Brazil Presidential Election First Round: Margin of Victory,Lula da Silva <5%,raw,MARKET_HIGHER,small,0.29,,,,0.15,-0.14,0.14,mid,,,,llm_mass_too_high,true
20260629T155053Z:RSO-0096:raw:7d,20260629T155053Z,2026-06-29T15:50:53Z,7d,2026-07-06T15:50:53Z,,PENDING,RSO-0096,Brazil Presidential Election First Round: Margin of Victory,Lula da Silva <5%,raw,MARKET_HIGHER,small,0.29,,,,0.15,-0.14,0.14,mid,,,,llm_mass_too_high,true
20260629T155053Z:RSO-0096:raw:30d,20260629T155053Z,2026-06-29T15:50:53Z,30d,2026-07-29T15:50:53Z,,PENDING,RSO-0096,Brazil Presidential Election First Round: Margin of Victory,Lula da Silva <5%,raw,MARKET_HIGHER,small,0.29,,,,0.15,-0.14,0.14,mid,,,,llm_mass_too_high,true
20260629T155053Z:RSO-0096:normalized:1d,20260629T155053Z,2026-06-29T15:50:53Z,1d,2026-06-30T15:50:53Z,,PENDING,RSO-0096,Brazil Presidential Election First Round: Margin of Victory,Lula da Silva <5%,normalized,MARKET_HIGHER,medium,0.29,,,,0.106383,-0.183617,0.183617,mid,,,,llm_mass_too_high,true
20260629T155053Z:RSO-0096:normalized:7d,20260629T155053Z,2026-06-29T15:50:53Z,7d,2026-07-06T15:50:53Z,,PENDING,RSO-0096,Brazil Presidential Election First Round: Margin of Victory,Lula da Silva <5%,normalized,MARKET_HIGHER,medium,0.29,,,,0.106383,-0.183617,0.183617,mid,,,,llm_mass_too_high,true
20260629T155053Z:RSO-0096:normalized:30d,20260629T155053Z,2026-06-29T15:50:53Z,30d,2026-07-29T15:50:53Z,,PENDING,RSO-0096,Brazil Presidential Election First Round: Margin of Victory,Lula da Silva <5%,normalized,MARKET_HIGHER,medium,0.29,,,,0.106383,-0.183617,0.183617,mid,,,,llm_mass_too_high,true
20260629T155053Z:RSO-0098:raw:1d,20260629T155053Z,2026-06-29T15:50:53Z,1d,2026-06-30T15:50:53Z,,PENDING,RSO-0098,Brazil Presidential Election First Round: Margin of Victory,Flávio Bolsonaro 5-10%,raw,LLM_HIGHER,small,0.0035,,,,0.15,0.1465,0.1465,mid,,,,llm_mass_too_high,true
20260629T155053Z:RSO-0098:raw:7d,20260629T155053Z,2026-06-29T15:50:53Z,7d,2026-07-06T15:50:53Z,,PENDING,RSO-0098,Brazil Presidential Election First Round: Margin of Victory,Flávio Bolsonaro 5-10%,raw,LLM_HIGHER,small,0.0035,,,,0.15,0.1465,0.1465,mid,,,,llm_mass_too_high,true
20260629T155053Z:RSO-0098:raw:30d,20260629T155053Z,2026-06-29T15:50:53Z,30d,2026-07-29T15:50:53Z,,PENDING,RSO-0098,Brazil Presidential Election First Round: Margin of Victory,Flávio Bolsonaro 5-10%,raw,LLM_HIGHER,small,0.0035,,,,0.15,0.1465,0.1465,mid,,,,llm_mass_too_high,true
20260629T155053Z:RSO-0098:normalized:1d,20260629T155053Z,2026-06-29T15:50:53Z,1d,2026-06-30T15:50:53Z,,PENDING,RSO-0098,Brazil Presidential Election First Round: Margin of Victory,Flávio Bolsonaro 5-10%,normalized,LLM_HIGHER,small,0.0035,,,,0.106383,0.102883,0.102883,mid,,,,llm_mass_too_high,true
20260629T155053Z:RSO-0098:normalized:7d,20260629T155053Z,2026-06-29T15:50:53Z,7d,2026-07-06T15:50:53Z,,PENDING,RSO-0098,Brazil Presidential Election First Round: Margin of Victory,Flávio Bolsonaro 5-10%,normalized,LLM_HIGHER,small,0.0035,,,,0.106383,0.102883,0.102883,mid,,,,llm_mass_too_high,true
20260629T155053Z:RSO-0098:normalized:30d,20260629T155053Z,2026-06-29T15:50:53Z,30d,2026-07-29T15:50:53Z,,PENDING,RSO-0098,Brazil Presidential Election First Round: Margin of Victory,Flávio Bolsonaro 5-10%,normalized,LLM_HIGHER,small,0.0035,,,,0.106383,0.102883,0.102883,mid,,,,llm_mass_too_high,true
20260629T155053Z:RSO-0099:raw:1d,20260629T155053Z,2026-06-29T15:50:53Z,1d,2026-06-30T15:50:53Z,,PENDING,RSO-0099,Brazil Presidential Election First Round: Margin of Victory,Flávio Bolsonaro <5%,raw,LLM_HIGHER,small,0.046,,,,0.15,0.104,0.104,mid,,,,llm_mass_too_high,true
20260629T155053Z:RSO-0099:raw:7d,20260629T155053Z,2026-06-29T15:50:53Z,7d,2026-07-06T15:50:53Z,,PENDING,RSO-0099,Brazil Presidential Election First Round: Margin of Victory,Flávio Bolsonaro <5%,raw,LLM_HIGHER,small,0.046,,,,0.15,0.104,0.104,mid,,,,llm_mass_too_high,true
20260629T155053Z:RSO-0099:raw:30d,20260629T155053Z,2026-06-29T15:50:53Z,30d,2026-07-29T15:50:53Z,,PENDING,RSO-0099,Brazil Presidential Election First Round: Margin of Victory,Flávio Bolsonaro <5%,raw,LLM_HIGHER,small,0.046,,,,0.15,0.104,0.104,mid,,,,llm_mass_too_high,true
20260629T155053Z:RSO-0103:raw:1d,20260629T155053Z,2026-06-29T15:50:53Z,1d,2026-06-30T15:50:53Z,,PENDING,RSO-0103,Brazil Presidential Election First Round: Margin of Victory,Other,raw,LLM_HIGHER,small,0.035,,,,0.15,0.115,0.115,mid,,,,llm_mass_too_high,true
20260629T155053Z:RSO-0103:raw:7d,20260629T155053Z,2026-06-29T15:50:53Z,7d,2026-07-06T15:50:53Z,,PENDING,RSO-0103,Brazil Presidential Election First Round: Margin of Victory,Other,raw,LLM_HIGHER,small,0.035,,,,0.15,0.115,0.115,mid,,,,llm_mass_too_high,true
20260629T155053Z:RSO-0103:raw:30d,20260629T155053Z,2026-06-29T15:50:53Z,30d,2026-07-29T15:50:53Z,,PENDING,RSO-0103,Brazil Presidential Election First Round: Margin of Victory,Other,raw,LLM_HIGHER,small,0.035,,,,0.15,0.115,0.115,mid,,,,llm_mass_too_high,true
20260629T155053Z:RSO-0121:raw:1d,20260629T155053Z,2026-06-29T15:50:53Z,1d,2026-06-30T15:50:53Z,,PENDING,RSO-0121,Brazil Presidential Election First Round: 2nd Place,Flávio Bolsonaro,raw,MARKET_HIGHER,large,0.76,,,,0.45,-0.31,0.31,mid,,,,llm_mass_too_high,true
20260629T155053Z:RSO-0121:raw:7d,20260629T155053Z,2026-06-29T15:50:53Z,7d,2026-07-06T15:50:53Z,,PENDING,RSO-0121,Brazil Presidential Election First Round: 2nd Place,Flávio Bolsonaro,raw,MARKET_HIGHER,large,0.76,,,,0.45,-0.31,0.31,mid,,,,llm_mass_too_high,true
20260629T155053Z:RSO-0121:raw:30d,20260629T155053Z,2026-06-29T15:50:53Z,30d,2026-07-29T15:50:53Z,,PENDING,RSO-0121,Brazil Presidential Election First Round: 2nd Place,Flávio Bolsonaro,raw,MARKET_HIGHER,large,0.76,,,,0.45,-0.31,0.31,mid,,,,llm_mass_too_high,true
20260629T155053Z:RSO-0121:normalized:1d,20260629T155053Z,2026-06-29T15:50:53Z,1d,2026-06-30T15:50:53Z,,PENDING,RSO-0121,Brazil Presidential Election First Round: 2nd Place,Flávio Bolsonaro,normalized,MARKET_HIGHER,large,0.76,,,,0.319149,-0.440851,0.440851,mid,,,,llm_mass_too_high,true
20260629T155053Z:RSO-0121:normalized:7d,20260629T155053Z,2026-06-29T15:50:53Z,7d,2026-07-06T15:50:53Z,,PENDING,RSO-0121,Brazil Presidential Election First Round: 2nd Place,Flávio Bolsonaro,normalized,MARKET_HIGHER,large,0.76,,,,0.319149,-0.440851,0.440851,mid,,,,llm_mass_too_high,true
20260629T155053Z:RSO-0121:normalized:30d,20260629T155053Z,2026-06-29T15:50:53Z,30d,2026-07-29T15:50:53Z,,PENDING,RSO-0121,Brazil Presidential Election First Round: 2nd Place,Flávio Bolsonaro,normalized,MARKET_HIGHER,large,0.76,,,,0.319149,-0.440851,0.440851,mid,,,,llm_mass_too_high,true
20260629T155053Z:RSO-0123:raw:1d,20260629T155053Z,2026-06-29T15:50:53Z,1d,2026-06-30T15:50:53Z,,PENDING,RSO-0123,Brazil Presidential Election First Round: 2nd Place,Luiz Inácio Lula da Silva,raw,LLM_HIGHER,small,0.0315,,,,0.15,0.1185,0.1185,mid,,,,llm_mass_too_high,true
20260629T155053Z:RSO-0123:raw:7d,20260629T155053Z,2026-06-29T15:50:53Z,7d,2026-07-06T15:50:53Z,,PENDING,RSO-0123,Brazil Presidential Election First Round: 2nd Place,Luiz Inácio Lula da Silva,raw,LLM_HIGHER,small,0.0315,,,,0.15,0.1185,0.1185,mid,,,,llm_mass_too_high,true
20260629T155053Z:RSO-0123:raw:30d,20260629T155053Z,2026-06-29T15:50:53Z,30d,2026-07-29T15:50:53Z,,PENDING,RSO-0123,Brazil Presidential Election First Round: 2nd Place,Luiz Inácio Lula da Silva,raw,LLM_HIGHER,small,0.0315,,,,0.15,0.1185,0.1185,mid,,,,llm_mass_too_high,true
20260629T155053Z:RSO-0138:raw:1d,20260629T155053Z,2026-06-29T15:50:53Z,1d,2026-06-30T15:50:53Z,,PENDING,RSO-0138,Brazil Presidential Election First Round: 3rd Place,Renan Santos,raw,MARKET_HIGHER,large,0.5,,,,0.15,-0.35,0.35,mid,,,,llm_mass_too_high,true
20260629T155053Z:RSO-0138:raw:7d,20260629T155053Z,2026-06-29T15:50:53Z,7d,2026-07-06T15:50:53Z,,PENDING,RSO-0138,Brazil Presidential Election First Round: 3rd Place,Renan Santos,raw,MARKET_HIGHER,large,0.5,,,,0.15,-0.35,0.35,mid,,,,llm_mass_too_high,true
20260629T155053Z:RSO-0138:raw:30d,20260629T155053Z,2026-06-29T15:50:53Z,30d,2026-07-29T15:50:53Z,,PENDING,RSO-0138,Brazil Presidential Election First Round: 3rd Place,Renan Santos,raw,MARKET_HIGHER,large,0.5,,,,0.15,-0.35,0.35,mid,,,,llm_mass_too_high,true
20260629T155053Z:RSO-0138:normalized:1d,20260629T155053Z,2026-06-29T15:50:53Z,1d,2026-06-30T15:50:53Z,,PENDING,RSO-0138,Brazil Presidential Election First Round: 3rd Place,Renan Santos,normalized,MARKET_HIGHER,large,0.5,,,,0.076531,-0.423469,0.423469,mid,,,,llm_mass_too_high,true
20260629T155053Z:RSO-0138:normalized:7d,20260629T155053Z,2026-06-29T15:50:53Z,7d,2026-07-06T15:50:53Z,,PENDING,RSO-0138,Brazil Presidential Election First Round: 3rd Place,Renan Santos,normalized,MARKET_HIGHER,large,0.5,,,,0.076531,-0.423469,0.423469,mid,,,,llm_mass_too_high,true
20260629T155053Z:RSO-0138:normalized:30d,20260629T155053Z,2026-06-29T15:50:53Z,30d,2026-07-29T15:50:53Z,,PENDING,RSO-0138,Brazil Presidential Election First Round: 3rd Place,Renan Santos,normalized,MARKET_HIGHER,large,0.5,,,,0.076531,-0.423469,0.423469,mid,,,,llm_mass_too_high,true
20260629T155053Z:RSO-0141:raw:1d,20260629T155053Z,2026-06-29T15:50:53Z,1d,2026-06-30T15:50:53Z,,PENDING,RSO-0141,Brazil Presidential Election First Round: 3rd Place,Flávio Bolsonaro,raw,LLM_HIGHER,medium,0.0915,,,,0.25,0.1585,0.1585,mid,,,,llm_mass_too_high,true
20260629T155053Z:RSO-0141:raw:7d,20260629T155053Z,2026-06-29T15:50:53Z,7d,2026-07-06T15:50:53Z,,PENDING,RSO-0141,Brazil Presidential Election First Round: 3rd Place,Flávio Bolsonaro,raw,LLM_HIGHER,medium,0.0915,,,,0.25,0.1585,0.1585,mid,,,,llm_mass_too_high,true
20260629T155053Z:RSO-0141:raw:30d,20260629T155053Z,2026-06-29T15:50:53Z,30d,2026-07-29T15:50:53Z,,PENDING,RSO-0141,Brazil Presidential Election First Round: 3rd Place,Flávio Bolsonaro,raw,LLM_HIGHER,medium,0.0915,,,,0.25,0.1585,0.1585,mid,,,,llm_mass_too_high,true
20260629T155053Z:RSO-0142:raw:1d,20260629T155053Z,2026-06-29T15:50:53Z,1d,2026-06-30T15:50:53Z,,PENDING,RSO-0142,Brazil Presidential Election First Round: 3rd Place,Fernando Haddad,raw,LLM_HIGHER,small,0.0205,,,,0.15,0.1295,0.1295,mid,,,,llm_mass_too_high,true
20260629T155053Z:RSO-0142:raw:7d,20260629T155053Z,2026-06-29T15:50:53Z,7d,2026-07-06T15:50:53Z,,PENDING,RSO-0142,Brazil Presidential Election First Round: 3rd Place,Fernando Haddad,raw,LLM_HIGHER,small,0.0205,,,,0.15,0.1295,0.1295,mid,,,,llm_mass_too_high,true
20260629T155053Z:RSO-0142:raw:30d,20260629T155053Z,2026-06-29T15:50:53Z,30d,2026-07-29T15:50:53Z,,PENDING,RSO-0142,Brazil Presidential Election First Round: 3rd Place,Fernando Haddad,raw,LLM_HIGHER,small,0.0205,,,,0.15,0.1295,0.1295,mid,,,,llm_mass_too_high,true
20260629T155053Z:RSO-0143:raw:1d,20260629T155053Z,2026-06-29T15:50:53Z,1d,2026-06-30T15:50:53Z,,PENDING,RSO-0143,Brazil Presidential Election First Round: 3rd Place,Michelle Bolsonaro,raw,LLM_HIGHER,small,0.0095,,,,0.12,0.1105,0.1105,mid,,,,llm_mass_too_high,true
20260629T155053Z:RSO-0143:raw:7d,20260629T155053Z,2026-06-29T15:50:53Z,7d,2026-07-06T15:50:53Z,,PENDING,RSO-0143,Brazil Presidential Election First Round: 3rd Place,Michelle Bolsonaro,raw,LLM_HIGHER,small,0.0095,,,,0.12,0.1105,0.1105,mid,,,,llm_mass_too_high,true
20260629T155053Z:RSO-0143:raw:30d,20260629T155053Z,2026-06-29T15:50:53Z,30d,2026-07-29T15:50:53Z,,PENDING,RSO-0143,Brazil Presidential Election First Round: 3rd Place,Michelle Bolsonaro,raw,LLM_HIGHER,small,0.0095,,,,0.12,0.1105,0.1105,mid,,,,llm_mass_too_high,true
20260629T155053Z:RSO-0144:raw:1d,20260629T155053Z,2026-06-29T15:50:53Z,1d,2026-06-30T15:50:53Z,,PENDING,RSO-0144,Brazil Presidential Election First Round: 3rd Place,Luiz Inácio Lula da Silva,raw,LLM_HIGHER,small,0.0095,,,,0.15,0.1405,0.1405,mid,,,,llm_mass_too_high,true
20260629T155053Z:RSO-0144:raw:7d,20260629T155053Z,2026-06-29T15:50:53Z,7d,2026-07-06T15:50:53Z,,PENDING,RSO-0144,Brazil Presidential Election First Round: 3rd Place,Luiz Inácio Lula da Silva,raw,LLM_HIGHER,small,0.0095,,,,0.15,0.1405,0.1405,mid,,,,llm_mass_too_high,true
20260629T155053Z:RSO-0144:raw:30d,20260629T155053Z,2026-06-29T15:50:53Z,30d,2026-07-29T15:50:53Z,,PENDING,RSO-0144,Brazil Presidential Election First Round: 3rd Place,Luiz Inácio Lula da Silva,raw,LLM_HIGHER,small,0.0095,,,,0.15,0.1405,0.1405,mid,,,,llm_mass_too_high,true
20260629T155053Z:RSO-0146:raw:1d,20260629T155053Z,2026-06-29T15:50:53Z,1d,2026-06-30T15:50:53Z,,PENDING,RSO-0146,Brazil Presidential Election First Round: 3rd Place,Eduardo Bolsonaro,raw,LLM_HIGHER,small,0.0045,,,,0.15,0.1455,0.1455,mid,,,,llm_mass_too_high,true
20260629T155053Z:RSO-0146:raw:7d,20260629T155053Z,2026-06-29T15:50:53Z,7d,2026-07-06T15:50:53Z,,PENDING,RSO-0146,Brazil Presidential Election First Round: 3rd Place,Eduardo Bolsonaro,raw,LLM_HIGHER,small,0.0045,,,,0.15,0.1455,0.1455,mid,,,,llm_mass_too_high,true
20260629T155053Z:RSO-0146:raw:30d,20260629T155053Z,2026-06-29T15:50:53Z,30d,2026-07-29T15:50:53Z,,PENDING,RSO-0146,Brazil Presidential Election First Round: 3rd Place,Eduardo Bolsonaro,raw,LLM_HIGHER,small,0.0045,,,,0.15,0.1455,0.1455,mid,,,,llm_mass_too_high,true
20260629T155053Z:RSO-0148:raw:1d,20260629T155053Z,2026-06-29T15:50:53Z,1d,2026-06-30T15:50:53Z,,PENDING,RSO-0148,Brazil Presidential Election First Round: 3rd Place,Tarcisio de Freitas,raw,LLM_HIGHER,small,0.0025,,,,0.12,0.1175,0.1175,mid,,,,llm_mass_too_high,true
20260629T155053Z:RSO-0148:raw:7d,20260629T155053Z,2026-06-29T15:50:53Z,7d,2026-07-06T15:50:53Z,,PENDING,RSO-0148,Brazil Presidential Election First Round: 3rd Place,Tarcisio de Freitas,raw,LLM_HIGHER,small,0.0025,,,,0.12,0.1175,0.1175,mid,,,,llm_mass_too_high,true
20260629T155053Z:RSO-0148:raw:30d,20260629T155053Z,2026-06-29T15:50:53Z,30d,2026-07-29T15:50:53Z,,PENDING,RSO-0148,Brazil Presidential Election First Round: 3rd Place,Tarcisio de Freitas,raw,LLM_HIGHER,small,0.0025,,,,0.12,0.1175,0.1175,mid,,,,llm_mass_too_high,true
20260629T155053Z:RSO-0151:raw:1d,20260629T155053Z,2026-06-29T15:50:53Z,1d,2026-06-30T15:50:53Z,,PENDING,RSO-0151,Brazil Presidential Election First Round: 3rd Place,Geraldo Alckmin,raw,LLM_HIGHER,small,0.0025,,,,0.15,0.1475,0.1475,mid,,,,llm_mass_too_high,true
20260629T155053Z:RSO-0151:raw:7d,20260629T155053Z,2026-06-29T15:50:53Z,7d,2026-07-06T15:50:53Z,,PENDING,RSO-0151,Brazil Presidential Election First Round: 3rd Place,Geraldo Alckmin,raw,LLM_HIGHER,small,0.0025,,,,0.15,0.1475,0.1475,mid,,,,llm_mass_too_high,true
20260629T155053Z:RSO-0151:raw:30d,20260629T155053Z,2026-06-29T15:50:53Z,30d,2026-07-29T15:50:53Z,,PENDING,RSO-0151,Brazil Presidential Election First Round: 3rd Place,Geraldo Alckmin,raw,LLM_HIGHER,small,0.0025,,,,0.15,0.1475,0.1475,mid,,,,llm_mass_too_high,true
20260629T155053Z:RSO-0153:raw:1d,20260629T155053Z,2026-06-29T15:50:53Z,1d,2026-06-30T15:50:53Z,,PENDING,RSO-0153,Brazil Presidential Election First Round: 3rd Place,Eduardo Leite,raw,LLM_HIGHER,small,0.0015,,,,0.12,0.1185,0.1185,mid,,,,llm_mass_too_high,true
20260629T155053Z:RSO-0153:raw:7d,20260629T155053Z,2026-06-29T15:50:53Z,7d,2026-07-06T15:50:53Z,,PENDING,RSO-0153,Brazil Presidential Election First Round: 3rd Place,Eduardo Leite,raw,LLM_HIGHER,small,0.0015,,,,0.12,0.1185,0.1185,mid,,,,llm_mass_too_high,true
20260629T155053Z:RSO-0153:raw:30d,20260629T155053Z,2026-06-29T15:50:53Z,30d,2026-07-29T15:50:53Z,,PENDING,RSO-0153,Brazil Presidential Election First Round: 3rd Place,Eduardo Leite,raw,LLM_HIGHER,small,0.0015,,,,0.12,0.1185,0.1185,mid,,,,llm_mass_too_high,true
20260629T155053Z:RSO-0160:raw:1d,20260629T155053Z,2026-06-29T15:50:53Z,1d,2026-06-30T15:50:53Z,,PENDING,RSO-0160,Next Prime Minister of Sweden,Magdalena Andersson,raw,MARKET_HIGHER,large,0.735,,,,0.45,-0.285,0.285,mid,,,,,true
20260629T155053Z:RSO-0160:raw:7d,20260629T155053Z,2026-06-29T15:50:53Z,7d,2026-07-06T15:50:53Z,,PENDING,RSO-0160,Next Prime Minister of Sweden,Magdalena Andersson,raw,MARKET_HIGHER,large,0.735,,,,0.45,-0.285,0.285,mid,,,,,true
20260629T155053Z:RSO-0160:raw:30d,20260629T155053Z,2026-06-29T15:50:53Z,30d,2026-07-29T15:50:53Z,,PENDING,RSO-0160,Next Prime Minister of Sweden,Magdalena Andersson,raw,MARKET_HIGHER,large,0.735,,,,0.45,-0.285,0.285,mid,,,,,true
20260629T155053Z:RSO-0160:normalized:1d,20260629T155053Z,2026-06-29T15:50:53Z,1d,2026-06-30T15:50:53Z,,PENDING,RSO-0160,Next Prime Minister of Sweden,Magdalena Andersson,normalized,MARKET_HIGHER,medium,0.735,,,,0.48913,-0.24587,0.24587,mid,,,,,true
20260629T155053Z:RSO-0160:normalized:7d,20260629T155053Z,2026-06-29T15:50:53Z,7d,2026-07-06T15:50:53Z,,PENDING,RSO-0160,Next Prime Minister of Sweden,Magdalena Andersson,normalized,MARKET_HIGHER,medium,0.735,,,,0.48913,-0.24587,0.24587,mid,,,,,true
20260629T155053Z:RSO-0160:normalized:30d,20260629T155053Z,2026-06-29T15:50:53Z,30d,2026-07-29T15:50:53Z,,PENDING,RSO-0160,Next Prime Minister of Sweden,Magdalena Andersson,normalized,MARKET_HIGHER,medium,0.735,,,,0.48913,-0.24587,0.24587,mid,,,,,true
20260629T155053Z:RSO-0162:raw:1d,20260629T155053Z,2026-06-29T15:50:53Z,1d,2026-06-30T15:50:53Z,,PENDING,RSO-0162,Next Prime Minister of Sweden,Jimmie Åkesson,raw,LLM_HIGHER,small,0.0185,,,,0.15,0.1315,0.1315,mid,,,,,true
20260629T155053Z:RSO-0162:raw:7d,20260629T155053Z,2026-06-29T15:50:53Z,7d,2026-07-06T15:50:53Z,,PENDING,RSO-0162,Next Prime Minister of Sweden,Jimmie Åkesson,raw,LLM_HIGHER,small,0.0185,,,,0.15,0.1315,0.1315,mid,,,,,true
20260629T155053Z:RSO-0162:raw:30d,20260629T155053Z,2026-06-29T15:50:53Z,30d,2026-07-29T15:50:53Z,,PENDING,RSO-0162,Next Prime Minister of Sweden,Jimmie Åkesson,raw,LLM_HIGHER,small,0.0185,,,,0.15,0.1315,0.1315,mid,,,,,true
20260629T155053Z:RSO-0162:normalized:1d,20260629T155053Z,2026-06-29T15:50:53Z,1d,2026-06-30T15:50:53Z,,PENDING,RSO-0162,Next Prime Minister of Sweden,Jimmie Åkesson,normalized,LLM_HIGHER,small,0.0185,,,,0.163043,0.144543,0.144543,mid,,,,,true
20260629T155053Z:RSO-0162:normalized:7d,20260629T155053Z,2026-06-29T15:50:53Z,7d,2026-07-06T15:50:53Z,,PENDING,RSO-0162,Next Prime Minister of Sweden,Jimmie Åkesson,normalized,LLM_HIGHER,small,0.0185,,,,0.163043,0.144543,0.144543,mid,,,,,true
20260629T155053Z:RSO-0162:normalized:30d,20260629T155053Z,2026-06-29T15:50:53Z,30d,2026-07-29T15:50:53Z,,PENDING,RSO-0162,Next Prime Minister of Sweden,Jimmie Åkesson,normalized,LLM_HIGHER,small,0.0185,,,,0.163043,0.144543,0.144543,mid,,,,,true
20260629T155053Z:RSO-0170:raw:1d,20260629T155053Z,2026-06-29T15:50:53Z,1d,2026-06-30T15:50:53Z,,PENDING,RSO-0170,Sweden Parliamentary Election Winner,Swedish Social Democratic Party (S),raw,MARKET_HIGHER,large,0.945,,,,0.45,-0.495,0.495,mid,,,,,true
20260629T155053Z:RSO-0170:raw:7d,20260629T155053Z,2026-06-29T15:50:53Z,7d,2026-07-06T15:50:53Z,,PENDING,RSO-0170,Sweden Parliamentary Election Winner,Swedish Social Democratic Party (S),raw,MARKET_HIGHER,large,0.945,,,,0.45,-0.495,0.495,mid,,,,,true
20260629T155053Z:RSO-0170:raw:30d,20260629T155053Z,2026-06-29T15:50:53Z,30d,2026-07-29T15:50:53Z,,PENDING,RSO-0170,Sweden Parliamentary Election Winner,Swedish Social Democratic Party (S),raw,MARKET_HIGHER,large,0.945,,,,0.45,-0.495,0.495,mid,,,,,true
20260629T155053Z:RSO-0170:normalized:1d,20260629T155053Z,2026-06-29T15:50:53Z,1d,2026-06-30T15:50:53Z,,PENDING,RSO-0170,Sweden Parliamentary Election Winner,Swedish Social Democratic Party (S),normalized,MARKET_HIGHER,large,0.945,,,,0.584416,-0.360584,0.360584,mid,,,,,true
20260629T155053Z:RSO-0170:normalized:7d,20260629T155053Z,2026-06-29T15:50:53Z,7d,2026-07-06T15:50:53Z,,PENDING,RSO-0170,Sweden Parliamentary Election Winner,Swedish Social Democratic Party (S),normalized,MARKET_HIGHER,large,0.945,,,,0.584416,-0.360584,0.360584,mid,,,,,true
20260629T155053Z:RSO-0170:normalized:30d,20260629T155053Z,2026-06-29T15:50:53Z,30d,2026-07-29T15:50:53Z,,PENDING,RSO-0170,Sweden Parliamentary Election Winner,Swedish Social Democratic Party (S),normalized,MARKET_HIGHER,large,0.945,,,,0.584416,-0.360584,0.360584,mid,,,,,true
20260629T155053Z:RSO-0171:raw:1d,20260629T155053Z,2026-06-29T15:50:53Z,1d,2026-06-30T15:50:53Z,,PENDING,RSO-0171,Sweden Parliamentary Election Winner,Sweden Democrats (SD),raw,LLM_HIGHER,small,0.032,,,,0.15,0.118,0.118,mid,,,,,true
20260629T155053Z:RSO-0171:raw:7d,20260629T155053Z,2026-06-29T15:50:53Z,7d,2026-07-06T15:50:53Z,,PENDING,RSO-0171,Sweden Parliamentary Election Winner,Sweden Democrats (SD),raw,LLM_HIGHER,small,0.032,,,,0.15,0.118,0.118,mid,,,,,true
20260629T155053Z:RSO-0171:raw:30d,20260629T155053Z,2026-06-29T15:50:53Z,30d,2026-07-29T15:50:53Z,,PENDING,RSO-0171,Sweden Parliamentary Election Winner,Sweden Democrats (SD),raw,LLM_HIGHER,small,0.032,,,,0.15,0.118,0.118,mid,,,,,true
20260629T155053Z:RSO-0171:normalized:1d,20260629T155053Z,2026-06-29T15:50:53Z,1d,2026-06-30T15:50:53Z,,PENDING,RSO-0171,Sweden Parliamentary Election Winner,Sweden Democrats (SD),normalized,LLM_HIGHER,medium,0.032,,,,0.194805,0.162805,0.162805,mid,,,,,true
20260629T155053Z:RSO-0171:normalized:7d,20260629T155053Z,2026-06-29T15:50:53Z,7d,2026-07-06T15:50:53Z,,PENDING,RSO-0171,Sweden Parliamentary Election Winner,Sweden Democrats (SD),normalized,LLM_HIGHER,medium,0.032,,,,0.194805,0.162805,0.162805,mid,,,,,true
20260629T155053Z:RSO-0171:normalized:30d,20260629T155053Z,2026-06-29T15:50:53Z,30d,2026-07-29T15:50:53Z,,PENDING,RSO-0171,Sweden Parliamentary Election Winner,Sweden Democrats (SD),normalized,LLM_HIGHER,medium,0.032,,,,0.194805,0.162805,0.162805,mid,,,,,true
20260629T155053Z:RSO-0172:raw:1d,20260629T155053Z,2026-06-29T15:50:53Z,1d,2026-06-30T15:50:53Z,,PENDING,RSO-0172,Sweden Parliamentary Election Winner,Green Party (MP),raw,LLM_HIGHER,small,0.007,,,,0.12,0.113,0.113,mid,,,,,true
20260629T155053Z:RSO-0172:raw:7d,20260629T155053Z,2026-06-29T15:50:53Z,7d,2026-07-06T15:50:53Z,,PENDING,RSO-0172,Sweden Parliamentary Election Winner,Green Party (MP),raw,LLM_HIGHER,small,0.007,,,,0.12,0.113,0.113,mid,,,,,true
20260629T155053Z:RSO-0172:raw:30d,20260629T155053Z,2026-06-29T15:50:53Z,30d,2026-07-29T15:50:53Z,,PENDING,RSO-0172,Sweden Parliamentary Election Winner,Green Party (MP),raw,LLM_HIGHER,small,0.007,,,,0.12,0.113,0.113,mid,,,,,true
20260629T155053Z:RSO-0172:normalized:1d,20260629T155053Z,2026-06-29T15:50:53Z,1d,2026-06-30T15:50:53Z,,PENDING,RSO-0172,Sweden Parliamentary Election Winner,Green Party (MP),normalized,LLM_HIGHER,small,0.007,,,,0.155844,0.148844,0.148844,mid,,,,,true
20260629T155053Z:RSO-0172:normalized:7d,20260629T155053Z,2026-06-29T15:50:53Z,7d,2026-07-06T15:50:53Z,,PENDING,RSO-0172,Sweden Parliamentary Election Winner,Green Party (MP),normalized,LLM_HIGHER,small,0.007,,,,0.155844,0.148844,0.148844,mid,,,,,true
20260629T155053Z:RSO-0172:normalized:30d,20260629T155053Z,2026-06-29T15:50:53Z,30d,2026-07-29T15:50:53Z,,PENDING,RSO-0172,Sweden Parliamentary Election Winner,Green Party (MP),normalized,LLM_HIGHER,small,0.007,,,,0.155844,0.148844,0.148844,mid,,,,,true
20260629T155053Z:RSO-0181:raw:1d,20260629T155053Z,2026-06-29T15:50:53Z,1d,2026-06-30T15:50:53Z,,PENDING,RSO-0181,Quebec General Election Winner,PQ,raw,MARKET_HIGHER,large,0.625,,,,0.35,-0.275,0.275,mid,,,,,true
20260629T155053Z:RSO-0181:raw:7d,20260629T155053Z,2026-06-29T15:50:53Z,7d,2026-07-06T15:50:53Z,,PENDING,RSO-0181,Quebec General Election Winner,PQ,raw,MARKET_HIGHER,large,0.625,,,,0.35,-0.275,0.275,mid,,,,,true
20260629T155053Z:RSO-0181:raw:30d,20260629T155053Z,2026-06-29T15:50:53Z,30d,2026-07-29T15:50:53Z,,PENDING,RSO-0181,Quebec General Election Winner,PQ,raw,MARKET_HIGHER,large,0.625,,,,0.35,-0.275,0.275,mid,,,,,true
20260629T155053Z:RSO-0181:normalized:1d,20260629T155053Z,2026-06-29T15:50:53Z,1d,2026-06-30T15:50:53Z,,PENDING,RSO-0181,Quebec General Election Winner,PQ,normalized,MARKET_HIGHER,large,0.625,,,,0.327103,-0.297897,0.297897,mid,,,,,true
20260629T155053Z:RSO-0181:normalized:7d,20260629T155053Z,2026-06-29T15:50:53Z,7d,2026-07-06T15:50:53Z,,PENDING,RSO-0181,Quebec General Election Winner,PQ,normalized,MARKET_HIGHER,large,0.625,,,,0.327103,-0.297897,0.297897,mid,,,,,true
20260629T155053Z:RSO-0181:normalized:30d,20260629T155053Z,2026-06-29T15:50:53Z,30d,2026-07-29T15:50:53Z,,PENDING,RSO-0181,Quebec General Election Winner,PQ,normalized,MARKET_HIGHER,large,0.625,,,,0.327103,-0.297897,0.297897,mid,,,,,true
20260629T155053Z:RSO-0182:raw:1d,20260629T155053Z,2026-06-29T15:50:53Z,1d,2026-06-30T15:50:53Z,,PENDING,RSO-0182,Quebec General Election Winner,PLQ,raw,LLM_HIGHER,medium,0.175,,,,0.35,0.175,0.175,mid,,,,,true
20260629T155053Z:RSO-0182:raw:7d,20260629T155053Z,2026-06-29T15:50:53Z,7d,2026-07-06T15:50:53Z,,PENDING,RSO-0182,Quebec General Election Winner,PLQ,raw,LLM_HIGHER,medium,0.175,,,,0.35,0.175,0.175,mid,,,,,true
20260629T155053Z:RSO-0182:raw:30d,20260629T155053Z,2026-06-29T15:50:53Z,30d,2026-07-29T15:50:53Z,,PENDING,RSO-0182,Quebec General Election Winner,PLQ,raw,LLM_HIGHER,medium,0.175,,,,0.35,0.175,0.175,mid,,,,,true
20260629T155053Z:RSO-0182:normalized:1d,20260629T155053Z,2026-06-29T15:50:53Z,1d,2026-06-30T15:50:53Z,,PENDING,RSO-0182,Quebec General Election Winner,PLQ,normalized,LLM_HIGHER,medium,0.175,,,,0.327103,0.152103,0.152103,mid,,,,,true
20260629T155053Z:RSO-0182:normalized:7d,20260629T155053Z,2026-06-29T15:50:53Z,7d,2026-07-06T15:50:53Z,,PENDING,RSO-0182,Quebec General Election Winner,PLQ,normalized,LLM_HIGHER,medium,0.175,,,,0.327103,0.152103,0.152103,mid,,,,,true
20260629T155053Z:RSO-0182:normalized:30d,20260629T155053Z,2026-06-29T15:50:53Z,30d,2026-07-29T15:50:53Z,,PENDING,RSO-0182,Quebec General Election Winner,PLQ,normalized,LLM_HIGHER,medium,0.175,,,,0.327103,0.152103,0.152103,mid,,,,,true
20260629T155053Z:RSO-0184:raw:1d,20260629T155053Z,2026-06-29T15:50:53Z,1d,2026-06-30T15:50:53Z,,PENDING,RSO-0184,Quebec General Election Winner,PCQ,raw,LLM_HIGHER,small,0.0025,,,,0.12,0.1175,0.1175,mid,,,,,true
20260629T155053Z:RSO-0184:raw:7d,20260629T155053Z,2026-06-29T15:50:53Z,7d,2026-07-06T15:50:53Z,,PENDING,RSO-0184,Quebec General Election Winner,PCQ,raw,LLM_HIGHER,small,0.0025,,,,0.12,0.1175,0.1175,mid,,,,,true
20260629T155053Z:RSO-0184:raw:30d,20260629T155053Z,2026-06-29T15:50:53Z,30d,2026-07-29T15:50:53Z,,PENDING,RSO-0184,Quebec General Election Winner,PCQ,raw,LLM_HIGHER,small,0.0025,,,,0.12,0.1175,0.1175,mid,,,,,true
20260629T155053Z:RSO-0184:normalized:1d,20260629T155053Z,2026-06-29T15:50:53Z,1d,2026-06-30T15:50:53Z,,PENDING,RSO-0184,Quebec General Election Winner,PCQ,normalized,LLM_HIGHER,small,0.0025,,,,0.11215,0.10965,0.10965,mid,,,,,true
20260629T155053Z:RSO-0184:normalized:7d,20260629T155053Z,2026-06-29T15:50:53Z,7d,2026-07-06T15:50:53Z,,PENDING,RSO-0184,Quebec General Election Winner,PCQ,normalized,LLM_HIGHER,small,0.0025,,,,0.11215,0.10965,0.10965,mid,,,,,true
20260629T155053Z:RSO-0184:normalized:30d,20260629T155053Z,2026-06-29T15:50:53Z,30d,2026-07-29T15:50:53Z,,PENDING,RSO-0184,Quebec General Election Winner,PCQ,normalized,LLM_HIGHER,small,0.0025,,,,0.11215,0.10965,0.10965,mid,,,,,true
20260629T155053Z:RSO-0195:raw:1d,20260629T155053Z,2026-06-29T15:50:53Z,1d,2026-06-30T15:50:53Z,,PENDING,RSO-0195,Vancouver Mayoral Election Winner,Kareem Allam,raw,MARKET_HIGHER,large,0.505,,,,0.12,-0.385,0.385,mid,,,,,true
20260629T155053Z:RSO-0195:raw:7d,20260629T155053Z,2026-06-29T15:50:53Z,7d,2026-07-06T15:50:53Z,,PENDING,RSO-0195,Vancouver Mayoral Election Winner,Kareem Allam,raw,MARKET_HIGHER,large,0.505,,,,0.12,-0.385,0.385,mid,,,,,true
20260629T155053Z:RSO-0195:raw:30d,20260629T155053Z,2026-06-29T15:50:53Z,30d,2026-07-29T15:50:53Z,,PENDING,RSO-0195,Vancouver Mayoral Election Winner,Kareem Allam,raw,MARKET_HIGHER,large,0.505,,,,0.12,-0.385,0.385,mid,,,,,true
20260629T155053Z:RSO-0195:normalized:1d,20260629T155053Z,2026-06-29T15:50:53Z,1d,2026-06-30T15:50:53Z,,PENDING,RSO-0195,Vancouver Mayoral Election Winner,Kareem Allam,normalized,MARKET_HIGHER,large,0.505,,,,0.146341,-0.358659,0.358659,mid,,,,,true
20260629T155053Z:RSO-0195:normalized:7d,20260629T155053Z,2026-06-29T15:50:53Z,7d,2026-07-06T15:50:53Z,,PENDING,RSO-0195,Vancouver Mayoral Election Winner,Kareem Allam,normalized,MARKET_HIGHER,large,0.505,,,,0.146341,-0.358659,0.358659,mid,,,,,true
20260629T155053Z:RSO-0195:normalized:30d,20260629T155053Z,2026-06-29T15:50:53Z,30d,2026-07-29T15:50:53Z,,PENDING,RSO-0195,Vancouver Mayoral Election Winner,Kareem Allam,normalized,MARKET_HIGHER,large,0.505,,,,0.146341,-0.358659,0.358659,mid,,,,,true
20260629T155053Z:RSO-0196:normalized:1d,20260629T155053Z,2026-06-29T15:50:53Z,1d,2026-06-30T15:50:53Z,,PENDING,RSO-0196,Vancouver Mayoral Election Winner,Ken Sim,normalized,LLM_HIGHER,small,0.285,,,,0.426829,0.141829,0.141829,mid,,,,,true
20260629T155053Z:RSO-0196:normalized:7d,20260629T155053Z,2026-06-29T15:50:53Z,7d,2026-07-06T15:50:53Z,,PENDING,RSO-0196,Vancouver Mayoral Election Winner,Ken Sim,normalized,LLM_HIGHER,small,0.285,,,,0.426829,0.141829,0.141829,mid,,,,,true
20260629T155053Z:RSO-0196:normalized:30d,20260629T155053Z,2026-06-29T15:50:53Z,30d,2026-07-29T15:50:53Z,,PENDING,RSO-0196,Vancouver Mayoral Election Winner,Ken Sim,normalized,LLM_HIGHER,small,0.285,,,,0.426829,0.141829,0.141829,mid,,,,,true
20260629T155053Z:RSO-0207:raw:1d,20260629T155053Z,2026-06-29T15:50:53Z,1d,2026-06-30T15:50:53Z,,PENDING,RSO-0207,Next Prime Minister of Israel after next election,Gadi Eizenkot,raw,MARKET_HIGHER,large,0.416,,,,0.15,-0.266,0.266,mid,,,,llm_mass_too_high,true
20260629T155053Z:RSO-0207:raw:7d,20260629T155053Z,2026-06-29T15:50:53Z,7d,2026-07-06T15:50:53Z,,PENDING,RSO-0207,Next Prime Minister of Israel after next election,Gadi Eizenkot,raw,MARKET_HIGHER,large,0.416,,,,0.15,-0.266,0.266,mid,,,,llm_mass_too_high,true
20260629T155053Z:RSO-0207:raw:30d,20260629T155053Z,2026-06-29T15:50:53Z,30d,2026-07-29T15:50:53Z,,PENDING,RSO-0207,Next Prime Minister of Israel after next election,Gadi Eizenkot,raw,MARKET_HIGHER,large,0.416,,,,0.15,-0.266,0.266,mid,,,,llm_mass_too_high,true
20260629T155053Z:RSO-0207:normalized:1d,20260629T155053Z,2026-06-29T15:50:53Z,1d,2026-06-30T15:50:53Z,,PENDING,RSO-0207,Next Prime Minister of Israel after next election,Gadi Eizenkot,normalized,MARKET_HIGHER,large,0.416,,,,0.09434,-0.32166,0.32166,mid,,,,llm_mass_too_high,true
20260629T155053Z:RSO-0207:normalized:7d,20260629T155053Z,2026-06-29T15:50:53Z,7d,2026-07-06T15:50:53Z,,PENDING,RSO-0207,Next Prime Minister of Israel after next election,Gadi Eizenkot,normalized,MARKET_HIGHER,large,0.416,,,,0.09434,-0.32166,0.32166,mid,,,,llm_mass_too_high,true
20260629T155053Z:RSO-0207:normalized:30d,20260629T155053Z,2026-06-29T15:50:53Z,30d,2026-07-29T15:50:53Z,,PENDING,RSO-0207,Next Prime Minister of Israel after next election,Gadi Eizenkot,normalized,MARKET_HIGHER,large,0.416,,,,0.09434,-0.32166,0.32166,mid,,,,llm_mass_too_high,true
20260629T155053Z:RSO-0208:raw:1d,20260629T155053Z,2026-06-29T15:50:53Z,1d,2026-06-30T15:50:53Z,,PENDING,RSO-0208,Next Prime Minister of Israel after next election,Benjamin Netanyahu,raw,LLM_HIGHER,small,0.335,,,,0.45,0.115,0.115,mid,,,,llm_mass_too_high,true
20260629T155053Z:RSO-0208:raw:7d,20260629T155053Z,2026-06-29T15:50:53Z,7d,2026-07-06T15:50:53Z,,PENDING,RSO-0208,Next Prime Minister of Israel after next election,Benjamin Netanyahu,raw,LLM_HIGHER,small,0.335,,,,0.45,0.115,0.115,mid,,,,llm_mass_too_high,true
20260629T155053Z:RSO-0208:raw:30d,20260629T155053Z,2026-06-29T15:50:53Z,30d,2026-07-29T15:50:53Z,,PENDING,RSO-0208,Next Prime Minister of Israel after next election,Benjamin Netanyahu,raw,LLM_HIGHER,small,0.335,,,,0.45,0.115,0.115,mid,,,,llm_mass_too_high,true
20260629T155053Z:RSO-0212:raw:1d,20260629T155053Z,2026-06-29T15:50:53Z,1d,2026-06-30T15:50:53Z,,PENDING,RSO-0212,Next Prime Minister of Israel after next election,Benny Gantz,raw,LLM_HIGHER,small,0.0045,,,,0.15,0.1455,0.1455,mid,,,,llm_mass_too_high,true
20260629T155053Z:RSO-0212:raw:7d,20260629T155053Z,2026-06-29T15:50:53Z,7d,2026-07-06T15:50:53Z,,PENDING,RSO-0212,Next Prime Minister of Israel after next election,Benny Gantz,raw,LLM_HIGHER,small,0.0045,,,,0.15,0.1455,0.1455,mid,,,,llm_mass_too_high,true
20260629T155053Z:RSO-0212:raw:30d,20260629T155053Z,2026-06-29T15:50:53Z,30d,2026-07-29T15:50:53Z,,PENDING,RSO-0212,Next Prime Minister of Israel after next election,Benny Gantz,raw,LLM_HIGHER,small,0.0045,,,,0.15,0.1455,0.1455,mid,,,,llm_mass_too_high,true
20260629T155053Z:RSO-0219:raw:1d,20260629T155053Z,2026-06-29T15:50:53Z,1d,2026-06-30T15:50:53Z,,PENDING,RSO-0219,Next Prime Minister of Israel after next election,Yair Lapid,raw,LLM_HIGHER,small,0.0075,,,,0.15,0.1425,0.1425,mid,,,,llm_mass_too_high,true
20260629T155053Z:RSO-0219:raw:7d,20260629T155053Z,2026-06-29T15:50:53Z,7d,2026-07-06T15:50:53Z,,PENDING,RSO-0219,Next Prime Minister of Israel after next election,Yair Lapid,raw,LLM_HIGHER,small,0.0075,,,,0.15,0.1425,0.1425,mid,,,,llm_mass_too_high,true
20260629T155053Z:RSO-0219:raw:30d,20260629T155053Z,2026-06-29T15:50:53Z,30d,2026-07-29T15:50:53Z,,PENDING,RSO-0219,Next Prime Minister of Israel after next election,Yair Lapid,raw,LLM_HIGHER,small,0.0075,,,,0.15,0.1425,0.1425,mid,,,,llm_mass_too_high,true
20260629T155053Z:RSO-0226:raw:1d,20260629T155053Z,2026-06-29T15:50:53Z,1d,2026-06-30T15:50:53Z,,PENDING,RSO-0226,Israeli Legislative Election Winner,Yashar,raw,MARKET_HIGHER,small,0.365,,,,0.25,-0.115,0.115,mid,,,,,true
20260629T155053Z:RSO-0226:raw:7d,20260629T155053Z,2026-06-29T15:50:53Z,7d,2026-07-06T15:50:53Z,,PENDING,RSO-0226,Israeli Legislative Election Winner,Yashar,raw,MARKET_HIGHER,small,0.365,,,,0.25,-0.115,0.115,mid,,,,,true
20260629T155053Z:RSO-0226:raw:30d,20260629T155053Z,2026-06-29T15:50:53Z,30d,2026-07-29T15:50:53Z,,PENDING,RSO-0226,Israeli Legislative Election Winner,Yashar,raw,MARKET_HIGHER,small,0.365,,,,0.25,-0.115,0.115,mid,,,,,true
20260629T155053Z:RSO-0227:raw:1d,20260629T155053Z,2026-06-29T15:50:53Z,1d,2026-06-30T15:50:53Z,,PENDING,RSO-0227,Israeli Legislative Election Winner,Together,raw,MARKET_HIGHER,small,0.27,,,,0.15,-0.12,0.12,mid,,,,,true
20260629T155053Z:RSO-0227:raw:7d,20260629T155053Z,2026-06-29T15:50:53Z,7d,2026-07-06T15:50:53Z,,PENDING,RSO-0227,Israeli Legislative Election Winner,Together,raw,MARKET_HIGHER,small,0.27,,,,0.15,-0.12,0.12,mid,,,,,true
20260629T155053Z:RSO-0227:raw:30d,20260629T155053Z,2026-06-29T15:50:53Z,30d,2026-07-29T15:50:53Z,,PENDING,RSO-0227,Israeli Legislative Election Winner,Together,raw,MARKET_HIGHER,small,0.27,,,,0.15,-0.12,0.12,mid,,,,,true
20260629T155053Z:RSO-0227:normalized:1d,20260629T155053Z,2026-06-29T15:50:53Z,1d,2026-06-30T15:50:53Z,,PENDING,RSO-0227,Israeli Legislative Election Winner,Together,normalized,MARKET_HIGHER,small,0.27,,,,0.166667,-0.103333,0.103333,mid,,,,,true
20260629T155053Z:RSO-0227:normalized:7d,20260629T155053Z,2026-06-29T15:50:53Z,7d,2026-07-06T15:50:53Z,,PENDING,RSO-0227,Israeli Legislative Election Winner,Together,normalized,MARKET_HIGHER,small,0.27,,,,0.166667,-0.103333,0.103333,mid,,,,,true
20260629T155053Z:RSO-0227:normalized:30d,20260629T155053Z,2026-06-29T15:50:53Z,30d,2026-07-29T15:50:53Z,,PENDING,RSO-0227,Israeli Legislative Election Winner,Together,normalized,MARKET_HIGHER,small,0.27,,,,0.166667,-0.103333,0.103333,mid,,,,,true
20260629T155053Z:RSO-0231:raw:1d,20260629T155053Z,2026-06-29T15:50:53Z,1d,2026-06-30T15:50:53Z,,PENDING,RSO-0231,Next Prime Minister of New Zealand,Chris Hipkins,raw,MARKET_HIGHER,large,0.535,,,,0.15,-0.385,0.385,mid,,,,,true
20260629T155053Z:RSO-0231:raw:7d,20260629T155053Z,2026-06-29T15:50:53Z,7d,2026-07-06T15:50:53Z,,PENDING,RSO-0231,Next Prime Minister of New Zealand,Chris Hipkins,raw,MARKET_HIGHER,large,0.535,,,,0.15,-0.385,0.385,mid,,,,,true
20260629T155053Z:RSO-0231:raw:30d,20260629T155053Z,2026-06-29T15:50:53Z,30d,2026-07-29T15:50:53Z,,PENDING,RSO-0231,Next Prime Minister of New Zealand,Chris Hipkins,raw,MARKET_HIGHER,large,0.535,,,,0.15,-0.385,0.385,mid,,,,,true
20260629T155053Z:RSO-0231:normalized:1d,20260629T155053Z,2026-06-29T15:50:53Z,1d,2026-06-30T15:50:53Z,,PENDING,RSO-0231,Next Prime Minister of New Zealand,Chris Hipkins,normalized,MARKET_HIGHER,large,0.535,,,,0.147059,-0.387941,0.387941,mid,,,,,true
20260629T155053Z:RSO-0231:normalized:7d,20260629T155053Z,2026-06-29T15:50:53Z,7d,2026-07-06T15:50:53Z,,PENDING,RSO-0231,Next Prime Minister of New Zealand,Chris Hipkins,normalized,MARKET_HIGHER,large,0.535,,,,0.147059,-0.387941,0.387941,mid,,,,,true
20260629T155053Z:RSO-0231:normalized:30d,20260629T155053Z,2026-06-29T15:50:53Z,30d,2026-07-29T15:50:53Z,,PENDING,RSO-0231,Next Prime Minister of New Zealand,Chris Hipkins,normalized,MARKET_HIGHER,large,0.535,,,,0.147059,-0.387941,0.387941,mid,,,,,true
20260629T155053Z:RSO-0232:raw:1d,20260629T155053Z,2026-06-29T15:50:53Z,1d,2026-06-30T15:50:53Z,,PENDING,RSO-0232,Next Prime Minister of New Zealand,Christopher Luxon,raw,LLM_HIGHER,medium,0.445,,,,0.65,0.205,0.205,mid,,,,,true
20260629T155053Z:RSO-0232:raw:7d,20260629T155053Z,2026-06-29T15:50:53Z,7d,2026-07-06T15:50:53Z,,PENDING,RSO-0232,Next Prime Minister of New Zealand,Christopher Luxon,raw,LLM_HIGHER,medium,0.445,,,,0.65,0.205,0.205,mid,,,,,true
20260629T155053Z:RSO-0232:raw:30d,20260629T155053Z,2026-06-29T15:50:53Z,30d,2026-07-29T15:50:53Z,,PENDING,RSO-0232,Next Prime Minister of New Zealand,Christopher Luxon,raw,LLM_HIGHER,medium,0.445,,,,0.65,0.205,0.205,mid,,,,,true
20260629T155053Z:RSO-0232:normalized:1d,20260629T155053Z,2026-06-29T15:50:53Z,1d,2026-06-30T15:50:53Z,,PENDING,RSO-0232,Next Prime Minister of New Zealand,Christopher Luxon,normalized,LLM_HIGHER,medium,0.445,,,,0.637255,0.192255,0.192255,mid,,,,,true
20260629T155053Z:RSO-0232:normalized:7d,20260629T155053Z,2026-06-29T15:50:53Z,7d,2026-07-06T15:50:53Z,,PENDING,RSO-0232,Next Prime Minister of New Zealand,Christopher Luxon,normalized,LLM_HIGHER,medium,0.445,,,,0.637255,0.192255,0.192255,mid,,,,,true
20260629T155053Z:RSO-0232:normalized:30d,20260629T155053Z,2026-06-29T15:50:53Z,30d,2026-07-29T15:50:53Z,,PENDING,RSO-0232,Next Prime Minister of New Zealand,Christopher Luxon,normalized,LLM_HIGHER,medium,0.445,,,,0.637255,0.192255,0.192255,mid,,,,,true
20260629T155053Z:RSO-0238:raw:1d,20260629T155053Z,2026-06-29T15:50:53Z,1d,2026-06-30T15:50:53Z,,PENDING,RSO-0238,New Zealand legislative election winner,Labour Party,raw,MARKET_HIGHER,large,0.665,,,,0.25,-0.415,0.415,mid,,,,,true
20260629T155053Z:RSO-0238:raw:7d,20260629T155053Z,2026-06-29T15:50:53Z,7d,2026-07-06T15:50:53Z,,PENDING,RSO-0238,New Zealand legislative election winner,Labour Party,raw,MARKET_HIGHER,large,0.665,,,,0.25,-0.415,0.415,mid,,,,,true
20260629T155053Z:RSO-0238:raw:30d,20260629T155053Z,2026-06-29T15:50:53Z,30d,2026-07-29T15:50:53Z,,PENDING,RSO-0238,New Zealand legislative election winner,Labour Party,raw,MARKET_HIGHER,large,0.665,,,,0.25,-0.415,0.415,mid,,,,,true
20260629T155053Z:RSO-0238:normalized:1d,20260629T155053Z,2026-06-29T15:50:53Z,1d,2026-06-30T15:50:53Z,,PENDING,RSO-0238,New Zealand legislative election winner,Labour Party,normalized,MARKET_HIGHER,large,0.665,,,,0.3125,-0.3525,0.3525,mid,,,,,true
20260629T155053Z:RSO-0238:normalized:7d,20260629T155053Z,2026-06-29T15:50:53Z,7d,2026-07-06T15:50:53Z,,PENDING,RSO-0238,New Zealand legislative election winner,Labour Party,normalized,MARKET_HIGHER,large,0.665,,,,0.3125,-0.3525,0.3525,mid,,,,,true
20260629T155053Z:RSO-0238:normalized:30d,20260629T155053Z,2026-06-29T15:50:53Z,30d,2026-07-29T15:50:53Z,,PENDING,RSO-0238,New Zealand legislative election winner,Labour Party,normalized,MARKET_HIGHER,large,0.665,,,,0.3125,-0.3525,0.3525,mid,,,,,true
20260629T155053Z:RSO-0239:raw:1d,20260629T155053Z,2026-06-29T15:50:53Z,1d,2026-06-30T15:50:53Z,,PENDING,RSO-0239,New Zealand legislative election winner,National Party,raw,LLM_HIGHER,small,0.345,,,,0.45,0.105,0.105,mid,,,,,true
20260629T155053Z:RSO-0239:raw:7d,20260629T155053Z,2026-06-29T15:50:53Z,7d,2026-07-06T15:50:53Z,,PENDING,RSO-0239,New Zealand legislative election winner,National Party,raw,LLM_HIGHER,small,0.345,,,,0.45,0.105,0.105,mid,,,,,true
20260629T155053Z:RSO-0239:raw:30d,20260629T155053Z,2026-06-29T15:50:53Z,30d,2026-07-29T15:50:53Z,,PENDING,RSO-0239,New Zealand legislative election winner,National Party,raw,LLM_HIGHER,small,0.345,,,,0.45,0.105,0.105,mid,,,,,true
20260629T155053Z:RSO-0239:normalized:1d,20260629T155053Z,2026-06-29T15:50:53Z,1d,2026-06-30T15:50:53Z,,PENDING,RSO-0239,New Zealand legislative election winner,National Party,normalized,LLM_HIGHER,medium,0.345,,,,0.5625,0.2175,0.2175,mid,,,,,true
20260629T155053Z:RSO-0239:normalized:7d,20260629T155053Z,2026-06-29T15:50:53Z,7d,2026-07-06T15:50:53Z,,PENDING,RSO-0239,New Zealand legislative election winner,National Party,normalized,LLM_HIGHER,medium,0.345,,,,0.5625,0.2175,0.2175,mid,,,,,true
20260629T155053Z:RSO-0239:normalized:30d,20260629T155053Z,2026-06-29T15:50:53Z,30d,2026-07-29T15:50:53Z,,PENDING,RSO-0239,New Zealand legislative election winner,National Party,normalized,LLM_HIGHER,medium,0.345,,,,0.5625,0.2175,0.2175,mid,,,,,true
