signal_input_id,snapshot_id,timestamp_utc,tracking_id,parent_market_name,market_name,primary_outcome_to_track,region,bucket,system_type,underlying_event_group,gamma_market_id,condition_id,exact_polymarket_slug,market_url,token_label,token_id,outcome_contract_question,source_orderbook_status,best_bid,best_ask,mid,spread,comparison_price,price_type,executable_buy_price,executable_sell_price,bid_size_at_best,ask_size_at_best,bid_depth_1c,bid_depth_3c,bid_depth_5c,ask_depth_1c,ask_depth_3c,ask_depth_5c,total_bid_depth,total_ask_depth,liquidity_flags,signal_ready,skip_reason,book_timestamp,book_hash
20260626T151548Z:RSO-0001:YES:1,20260626T151548Z,2026-06-26T15:15:48Z,RSO-0001,"Senate control, 2026","Senate control, 2026 — Republican Party",Republican Party,US,us_national,us_federal,us_senate_control_2026,562794,0x86bfb53af7250a40928975c551d12c185b762fa4ce0b40c6a64a50c946d72587,will-the-republican-party-control-the-senate-after-the-2026-midterm-elections,https://polymarket.com/event/will-the-republican-party-control-the-senate-after-the-2026-midterm-elections,YES,51939490109676186832507970701169130490548061087912630009168726706475001411420,Will the Republican Party control the Senate after the 2026 Midterm elections?,OK,0.011,0.012,0.0115,0.001,0.0115,mid,0.012,0.011,13682.05,16086.61,789960.02,789960.02,789960.02,35874.34,62932.4,106023.28,789960.02,23960872.23,,true,,1782486945050,c7cf7e2d6960b59172b3c39c6a2fb8450a8fa5d1
20260626T151548Z:RSO-0002:YES:2,20260626T151548Z,2026-06-26T15:15:48Z,RSO-0002,"Senate control, 2026","Senate control, 2026 — Democratic Party",Democratic Party,US,us_national,us_federal,us_senate_control_2026,562793,0x307a1ed89d60b61002dd5bbf00e1408c5ed2ab3fcdb056191ca7ef9bc34d38f3,will-the-democratic-party-control-the-senate-after-the-2026-midterm-elections,https://polymarket.com/event/will-the-democratic-party-control-the-senate-after-the-2026-midterm-elections,YES,113287701564209339913693347405685749986285999146352375265161592243948562084773,Will the Democratic Party control the Senate after the 2026 Midterm elections?,OK,0.075,0.086,0.0805,0.011,0.0805,mid,0.086,0.075,47.17,86.57,442.61,1042.61,1093.61,116.57,922.82,1502.82,626910.86,699784.96,,true,,1782486940771,ff2793ba35f51f26ff88e7c7114df106a5234ebc
20260626T151548Z:RSO-0003:YES:3,20260626T151548Z,2026-06-26T15:15:48Z,RSO-0003,"House control, 2026","House control, 2026 — Republican Party",Republican Party,US,us_national,us_federal,us_house_control_2026,562803,0x4e4f77e7dbf4cab666e9a1943674d7ae66348e862df03ea6f44b11eb95731928,will-the-republican-party-control-the-house-after-the-2026-midterm-elections,https://polymarket.com/event/will-the-republican-party-control-the-house-after-the-2026-midterm-elections,YES,65139230827417363158752884968303867495725894165574887635816574090175320800482,Will the Republican Party control the House after the 2026 Midterm elections?,OK,0.5,0.51,0.505,0.01,0.505,mid,0.51,0.5,4.55,147.61,94.52,482.04,482.04,556.33,2571.68,4768.26,453250.08,247983.78,,true,,1782486944972,e377957d7ef3f60a43abc1abbd3e351b1e99c81b
20260626T151548Z:RSO-0004:YES:4,20260626T151548Z,2026-06-26T15:15:48Z,RSO-0004,"House control, 2026","House control, 2026 — Democratic Party",Democratic Party,US,us_national,us_federal,us_house_control_2026,562802,0xd5d9fc47718bd553592d126b1fa5e87183d27f3936975b0c04cc0f2dec1f1bb4,will-the-democratic-party-control-the-house-after-the-2026-midterm-elections,https://polymarket.com/event/will-the-democratic-party-control-the-house-after-the-2026-midterm-elections,YES,83247781037352156539108067944461291821683755894607244160607042790356561625563,Will the Democratic Party control the House after the 2026 Midterm elections?,OK,0.13,0.14,0.135,0.01,0.135,mid,0.14,0.13,404.91,1370,404.91,2750.72,3263.38,2697.62,4711.57,5161.57,3302.57,136747.42,,true,,1782486898829,d92af8df0c6fddb6e301e144df8e263c2a724525
20260626T151548Z:RSO-0005:YES:5,20260626T151548Z,2026-06-26T15:15:48Z,RSO-0005,Republican House seats after 2026 midterms,Republican House seats after 2026 midterms — Below 190,Below 190,US,us_national,us_federal,us_house_seat_range_2026,919489,0xa2e43598547f2e90e3eee195812c8814202b9b66f6c540d7e15a265cbe93f68f,will-the-republican-party-hold-below-190-house-seats-after-the-2026-midterm-elections,https://polymarket.com/event/will-the-republican-party-hold-below-190-house-seats-after-the-2026-midterm-elections,YES,106321904011141120286469207995805275978977204556483905903452161304048552011252,Will the Republican Party hold below 190 House seats after the 2026 midterm elections?,OK,0.032,0.038,0.035,0.006,0.035,mid,0.038,0.032,100,267.17,12551.02,32381.43,129385.21,4409.88,5271.88,5356.88,129385.21,2501757.66,,true,,1782486945179,623000f1b031bb69661fa6c29655028f36de59ec
20260626T151548Z:RSO-0006:YES:6,20260626T151548Z,2026-06-26T15:15:48Z,RSO-0006,Republican House seats after 2026 midterms,Republican House seats after 2026 midterms — 190-194,190-194,US,us_national,us_federal,us_house_seat_range_2026,919490,0x18cc1dd29f0b816135d5337cebae4d1f8b42a2c8b951e893936f35fd235ecc94,will-the-republican-party-hold-between-190-and-194-house-seats-after-the-2026-midterm-elections,https://polymarket.com/event/will-the-republican-party-hold-between-190-and-194-house-seats-after-the-2026-midterm-elections,YES,28563039514548428320768176747354466148898869862983186828076262234559578730437,Will the Republican Party hold between 190 and 194 House seats after the 2026 midterm elections?,OK,0.49,0.51,0.5,0.02,0.5,mid,0.51,0.49,208,25,564.03,1419.03,2507.57,773.73,2370.35,2610.35,355995.21,331418.32,,true,,1782486948200,b7f41bd846b47856dcacbd2350cb83de60d64a4a
20260626T151548Z:RSO-0007:YES:7,20260626T151548Z,2026-06-26T15:15:48Z,RSO-0007,Republican House seats after 2026 midterms,Republican House seats after 2026 midterms — 195-199,195-199,US,us_national,us_federal,us_house_seat_range_2026,919491,0xa6af312109c285d70f39a4f8d8e3d4a2e7e12bcabe5ab03527396a3a1377925d,will-the-republican-party-hold-between-195-and-199-house-seats-after-the-2026-midterm-elections,https://polymarket.com/event/will-the-republican-party-hold-between-195-and-199-house-seats-after-the-2026-midterm-elections,YES,115193834526916935745756977772378619467834046854963255708898687971795314424675,Will the Republican Party hold between 195 and 199 House seats after the 2026 midterm elections?,OK,0.002,0.003,0.0025,0.001,0.0025,mid,0.003,0.002,476.06,206.55,24784.06,24784.06,24784.06,487.88,631.79,631.79,24784.06,180613.88,,true,,1782486946953,3eaa78cd66578311773413b80ebd5834138ada35
20260626T151548Z:RSO-0008:YES:8,20260626T151548Z,2026-06-26T15:15:48Z,RSO-0008,Republican House seats after 2026 midterms,Republican House seats after 2026 midterms — 200-204,200-204,US,us_national,us_federal,us_house_seat_range_2026,919492,0x7ff4e4b2f389acdd96ef18bb34684b9219a972b7ef0cde5856d28f5d5325f3d4,will-the-republican-party-hold-between-200-and-204-house-seats-after-the-2026-midterm-elections,https://polymarket.com/event/will-the-republican-party-hold-between-200-and-204-house-seats-after-the-2026-midterm-elections,YES,72002069499527925398637560287453277989370912181886433715927009264225913591577,Will the Republican Party hold between 200 and 204 House seats after the 2026 midterm elections?,OK,0.3,0.31,0.305,0.01,0.305,mid,0.31,0.3,123.27,106.01,414.27,2670.63,3638.42,290.64,597.3,1837.24,54646.11,121979.09,,true,,1782486945000,3a62526ec96fbd9eb050dd87e45466e1d7913507
20260626T151548Z:RSO-0009:YES:9,20260626T151548Z,2026-06-26T15:15:48Z,RSO-0009,Republican House seats after 2026 midterms,Republican House seats after 2026 midterms — 205-209,205-209,US,us_national,us_federal,us_house_seat_range_2026,919493,0x55f8333c05a9693135c74efeb660c473d9b7a46c02be73ce828914313dda5faf,will-the-republican-party-hold-between-205-and-209-house-seats-after-the-2026-midterm-elections,https://polymarket.com/event/will-the-republican-party-hold-between-205-and-209-house-seats-after-the-2026-midterm-elections,YES,29313994937981195788931635785989333043799554756927714294439868926183474951020,Will the Republican Party hold between 205 and 209 House seats after the 2026 midterm elections?,OK,0.25,0.26,0.255,0.01,0.255,mid,0.26,0.25,4797.1,2555.07,9206.06,12907.55,12947.55,4349.25,6454.47,6737.47,61558,535232.34,,true,,1782486945179,30a12f941719a6c292ada5b2d0c936300cd4cfcc
20260626T151548Z:RSO-0010:YES:10,20260626T151548Z,2026-06-26T15:15:48Z,RSO-0010,Republican House seats after 2026 midterms,Republican House seats after 2026 midterms — 210-214,210-214,US,us_national,us_federal,us_house_seat_range_2026,919494,0xf301c0842eeb33bd0a7718e4775bfb98b326a28bf837e18d65057e3516a5f6cb,will-the-republican-party-hold-between-210-and-214-house-seats-after-the-2026-midterm-elections,https://polymarket.com/event/will-the-republican-party-hold-between-210-and-214-house-seats-after-the-2026-midterm-elections,YES,54380927206833851183661949055792883595494421437547231435217946779970572480742,Will the Republican Party hold between 210 and 214 House seats after the 2026 midterm elections?,OK,0.61,0.62,0.615,0.01,0.615,mid,0.62,0.61,6898.42,18.83,8433.42,8604.42,8818.42,2763.28,8518.31,16742.88,369906.63,724800.58,,true,,1782486948186,c948979cd29e1bdb4b891215a2ab8efdfd28f8cd
20260626T151548Z:RSO-0011:YES:11,20260626T151548Z,2026-06-26T15:15:48Z,RSO-0011,Republican House seats after 2026 midterms,Republican House seats after 2026 midterms — 215-219,215-219,US,us_national,us_federal,us_house_seat_range_2026,919495,0x0d8711f5f475002d8236dcf4c848882aee7a2f34a515dda6ff0623906bf862a3,will-the-republican-party-hold-between-215-and-219-house-seats-after-the-2026-midterm-elections,https://polymarket.com/event/will-the-republican-party-hold-between-215-and-219-house-seats-after-the-2026-midterm-elections,YES,60694193343700070785132990153245047299390401777230625432234093346484633438371,Will the Republican Party hold between 215 and 219 House seats after the 2026 midterm elections?,OK,0.006,0.012,0.009,0.006,0.009,mid,0.012,0.006,15,7,2077983.17,2077983.17,2077983.17,1264.66,2254.77,2780.77,2077983.17,427876.52,,true,,1782486914032,d7d716d8863909ea3b7debd8aa9e6a51827b0d0a
20260626T151548Z:RSO-0012:YES:12,20260626T151548Z,2026-06-26T15:15:48Z,RSO-0012,Republican House seats after 2026 midterms,Republican House seats after 2026 midterms — 220-224,220-224,US,us_national,us_federal,us_house_seat_range_2026,919496,0xba093f5c98e6c7d389a18ad4849ce5e82c2238f6daaf40755c1399d093e9a8f4,will-the-republican-party-hold-between-220-and-224-house-seats-after-the-2026-midterm-elections,https://polymarket.com/event/will-the-republican-party-hold-between-220-and-224-house-seats-after-the-2026-midterm-elections,YES,11440416578482803281113271939006595670566573058595214243294246034853366786529,Will the Republican Party hold between 220 and 224 House seats after the 2026 midterm elections?,NO_BIDS,,0.001,,,0.001,ask_only,0.001,,,106804.18,,,,1252906.4,1305637.1,1308262.1,0,14464902.9,no_bids,true,,1782486944952,3b6c5b4273deb2744653d2060906c1fd540c2fe0
20260626T151548Z:RSO-0013:YES:13,20260626T151548Z,2026-06-26T15:15:48Z,RSO-0013,Republican House seats after 2026 midterms,Republican House seats after 2026 midterms — 225-229,225-229,US,us_national,us_federal,us_house_seat_range_2026,919497,0x2a576fa3ba72588ab56857b87e870f31f2c2e3e0a3e88943ebd207a8952af3f1,will-the-republican-party-hold-between-225-and-229-house-seats-after-the-2026-midterm-elections,https://polymarket.com/event/will-the-republican-party-hold-between-225-and-229-house-seats-after-the-2026-midterm-elections,YES,44021367593004066376259961625159230858755451295969387051970594277311771462296,Will the Republican Party hold between 225 and 229 House seats after the 2026 midterm elections?,OK,0.42,0.44,0.43,0.02,0.43,mid,0.44,0.42,371.28,1270.89,4455.1,11318.57,11742.57,4585.61,12629.16,18305.24,743242.69,796287.12,,true,,1782486947727,046bf925c561f48c035633a34784fbe97aa88f85
20260626T151548Z:RSO-0014:YES:14,20260626T151548Z,2026-06-26T15:15:48Z,RSO-0014,Republican House seats after 2026 midterms,Republican House seats after 2026 midterms — 230+,230+,US,us_national,us_federal,us_house_seat_range_2026,919498,0x217a8a10e4ec9f7d12d5b94024d4853f326c9b0de14b119b62d8b779f67d8111,will-the-republican-party-hold-230-or-more-house-seats-after-the-2026-midterm-elections,https://polymarket.com/event/will-the-republican-party-hold-230-or-more-house-seats-after-the-2026-midterm-elections,YES,93609386279271538145284495213602532023820232074612322223448573915979176212698,Will the Republican Party hold 230 or more House seats after the 2026 midterm elections?,OK,0.007,0.039,0.023,0.032,0.023,mid,0.039,0.007,100,100,4269.12,4269.12,4269.12,200,533,533,4269.12,124321.49,,true,,1782486944495,88ee31999771adfd9cb446e930fa13eafcdf3674
20260626T151548Z:RSO-0015:YES:15,20260626T151548Z,2026-06-26T15:15:48Z,RSO-0015,Republican Senate seats after 2026 midterms,Republican Senate seats after 2026 midterms — ≤47,≤47,US,us_national,us_federal,us_senate_seat_range_2026,943819,0x46c862237fc39f6357ce2efa748274e4539c1ffe60cd6a89e3fe689373fa27a8,will-the-republican-party-hold-47-or-fewer-senate-seats-after-the-2026-midterm-elections,https://polymarket.com/event/will-the-republican-party-hold-47-or-fewer-senate-seats-after-the-2026-midterm-elections,YES,89624669145341997724697326849445716755183665898947701894080018635919612252707,Will the Republican Party hold 47 or fewer Senate seats after the 2026 midterm elections?,OK,0.02,0.032,0.026,0.012,0.026,mid,0.032,0.02,3.74,40.7,82.14,704.8,704.8,237.7,1787.22,3342.7,704.8,74926.15,,true,,1782486945585,9567de1099d71d8778e7ec4ee2291290c76d57e1
20260626T151548Z:RSO-0021:YES:16,20260626T151548Z,2026-06-26T15:15:48Z,RSO-0021,Republican Senate seats after 2026 midterms,Republican Senate seats after 2026 midterms — 53,53,US,us_national,us_federal,us_senate_seat_range_2026,943825,0x812d9ea644c58f1e889643bbd9184e9c5fdacbba55d1f9fef2eb2d55ce5dc1c2,will-the-republican-party-hold-exactly-53-senate-seats-after-the-2026-midterm-elections,https://polymarket.com/event/will-the-republican-party-hold-exactly-53-senate-seats-after-the-2026-midterm-elections,YES,15394416147421266264002744586901575755411758481406494583013250092373628427765,Will the Republican Party hold exactly 53 Senate seats after the 2026 midterm elections?,OK,0.004,0.007,0.0055,0.003,0.0055,mid,0.007,0.004,10966.26,47.67,2067268.68,2067268.68,2067268.68,354.18,635.18,1083.18,2067268.68,436222.7,,true,,1782486934239,d57109e6aa5011235ae10d0ec465614c9a5cf123
20260626T151548Z:RSO-0022:YES:17,20260626T151548Z,2026-06-26T15:15:48Z,RSO-0022,Republican Senate seats after 2026 midterms,Republican Senate seats after 2026 midterms — 54,54,US,us_national,us_federal,us_senate_seat_range_2026,943826,0x38fa3007c7be18a217849262667e39266341cb2fd7b5f8da75472b0a9e420480,will-the-republican-party-hold-exactly-54-senate-seats-after-the-2026-midterm-elections,https://polymarket.com/event/will-the-republican-party-hold-exactly-54-senate-seats-after-the-2026-midterm-elections,YES,13278443981418985302116823794751942747516190107446009911143426402863687470127,Will the Republican Party hold exactly 54 Senate seats after the 2026 midterm elections?,OK,0.36,0.37,0.365,0.01,0.365,mid,0.37,0.36,64.15,589.03,225.95,1497.5,2059.55,2111.99,4836.69,5417.62,44520.82,61586.38,,true,,1782486947822,875a843d773f49973fbeda10fa837b47bda63740
20260626T151548Z:RSO-0023:YES:18,20260626T151548Z,2026-06-26T15:15:48Z,RSO-0023,Republican Senate seats after 2026 midterms,Republican Senate seats after 2026 midterms — 55,55,US,us_national,us_federal,us_senate_seat_range_2026,943827,0x77051d8ddec1e312de90cdf2ce026ce1c4df4c1c264cfa1525e55995b542fb0c,will-the-republican-party-hold-exactly-55-senate-seats-after-the-2026-midterm-elections,https://polymarket.com/event/will-the-republican-party-hold-exactly-55-senate-seats-after-the-2026-midterm-elections,YES,10750997471908598562514411969554157596465059745769943341362824315243580377116,Will the Republican Party hold exactly 55 Senate seats after the 2026 midterm elections?,OK,0.48,0.52,0.5,0.04,0.5,mid,0.52,0.48,50,300,218.61,1198.16,1198.16,1460.38,2533.89,3373.88,528108.89,563387.36,,true,,1782486947433,98503096f9a575cca16c6db39d1b6bc4a8ec9aee
20260626T151548Z:RSO-0024:YES:19,20260626T151548Z,2026-06-26T15:15:48Z,RSO-0024,Republican Senate seats after 2026 midterms,Republican Senate seats after 2026 midterms — 56,56,US,us_national,us_federal,us_senate_seat_range_2026,943828,0xe831d837e17278de50029fcf609d1c72338ed4e1352ce8a4fb7406ddef3c63ad,will-the-republican-party-hold-exactly-56-senate-seats-after-the-2026-midterm-elections,https://polymarket.com/event/will-the-republican-party-hold-exactly-56-senate-seats-after-the-2026-midterm-elections,YES,9273056014077248525737106426866852410841224250259842453481519298611852217348,Will the Republican Party hold exactly 56 Senate seats after the 2026 midterm elections?,OK,0.005,0.007,0.006,0.002,0.006,mid,0.007,0.005,5743.96,4566.95,614085.92,614085.92,614085.92,22416.11,23641.03,25171.4,614085.92,13903005.48,,true,,1782486943476,63d48643d9254433a3f3c56e44a069ef5e328776
20260626T151548Z:RSO-0025:YES:20,20260626T151548Z,2026-06-26T15:15:48Z,RSO-0025,Republican Senate seats after 2026 midterms,Republican Senate seats after 2026 midterms — 57+,57+,US,us_national,us_federal,us_senate_seat_range_2026,943829,0x5d763463cd2a9bd939d49bbb5b4bbaf5fc2cd9ecee5966e6fcce0b6de57179fc,will-the-republican-party-hold-57-or-more-senate-seats-after-the-2026-midterm-elections,https://polymarket.com/event/will-the-republican-party-hold-57-or-more-senate-seats-after-the-2026-midterm-elections,YES,106446804142822856909456712516050968287728263341329924913008459244064245181608,Will the Republican Party hold 57 or more Senate seats after the 2026 midterm elections?,OK,0.6,0.66,0.63,0.06,0.63,mid,0.66,0.6,7.24,50,278.24,278.24,278.24,50,50,50,6133.48,5844.6,,true,,1782486947714,8b8cc5a0379cdbac211fe61ac42e570335095a62
20260626T151548Z:RSO-0026:YES:21,20260626T151548Z,2026-06-26T15:15:48Z,RSO-0026,Maine Senate Election Winner,Maine Senate Election Winner — Democrat,Democrat,US,us_senate,us_statewide,maine_senate_2026,630772,0x66bbf6d55e0296278858b3147689f3df9259374f158f9f028b608baa322a639c,will-the-democrats-win-the-maine-senate-race-in-2026,https://polymarket.com/event/will-the-democrats-win-the-maine-senate-race-in-2026,YES,7589880081658059374445882095611024032084645048848237404312287942463647821549,Will the Democrats win the Maine Senate race in 2026?,OK,0.018,0.019,0.0185,0.001,0.0185,mid,0.019,0.018,244.45,265.65,2274.45,2060006.52,2060006.52,1345.39,6089.64,7193.64,2060006.52,672122.8,,true,,1782486948320,b0caaa0f2f6b9f07e990d1a52ac7501a300388b1
20260626T151548Z:RSO-0027:YES:22,20260626T151548Z,2026-06-26T15:15:48Z,RSO-0027,Maine Senate Election Winner,Maine Senate Election Winner — Republican,Republican,US,us_senate,us_statewide,maine_senate_2026,630773,0x2c00cb09722a0f0501c5e49131b898ed57bb5c075db4dc2bcbc14908f45b8c48,will-the-republicans-win-the-maine-senate-race-in-2026,https://polymarket.com/event/will-the-republicans-win-the-maine-senate-race-in-2026,YES,2142948285506077695096498341598672159464223074468931276310105532825810210121,Will the Republicans win the Maine Senate race in 2026?,OK,0.03,0.031,0.0305,0.001,0.0305,mid,0.031,0.03,989.44,15.37,10825.66,1414304.37,1414304.37,5310.93,53464.81,57034.54,1414304.37,13369686.25,,true,,1782486945026,c6b790ecb30791a2ce8c305ff49468ed83b62219
20260626T151548Z:RSO-0028:YES:23,20260626T151548Z,2026-06-26T15:15:48Z,RSO-0028,Texas Senate Election Winner,Texas Senate Election Winner — Ken Paxton (R),Ken Paxton (R),US,us_senate,us_statewide,texas_senate_2026,630964,0x94521176f57d2ce81dde01e0b7699ca4279423042d37ed53908f0c8bfefe7e14,will-the-republicans-win-the-texas-senate-race-in-2026,https://polymarket.com/event/will-the-republicans-win-the-texas-senate-race-in-2026,YES,21265207456609426291246075480390336499088453711419597084147957999650569091884,Will the Republicans win the Texas Senate race in 2026?,OK,0.012,0.013,0.0125,0.001,0.0125,mid,0.013,0.012,7833.28,11567.34,257934.21,1065977.21,1065977.21,22626.51,45049.3,89969.55,1065977.21,24168692.51,,true,,1782486945026,fdccbd7bc513dc8e31f110604a16428a96e79bed
20260626T151548Z:RSO-0029:YES:24,20260626T151548Z,2026-06-26T15:15:48Z,RSO-0029,Texas Senate Election Winner,Texas Senate Election Winner — James Talarico (D),James Talarico (D),US,us_senate,us_statewide,texas_senate_2026,630963,0x34918035a590555ba1fb1d6a019d766ab6e557d63e7f3140b63b4550eee7f417,will-the-democrats-win-the-texas-senate-race-in-2026,https://polymarket.com/event/will-the-democrats-win-the-texas-senate-race-in-2026,YES,15290572385458522370285732869432740297199321382471116558439914335588167718663,Will the Democrats win the Texas Senate race in 2026?,OK,0.007,0.008,0.0075,0.001,0.0075,mid,0.008,0.007,428.59,160.03,2109679.26,2109679.26,2109679.26,360.04,2632.16,3942.11,2109679.26,470437.32,,true,,1782486947186,1c5e383fac64d61b7d16028dcf84d8b86ae4f5b9
20260626T151548Z:RSO-0030:YES:25,20260626T151548Z,2026-06-26T15:15:48Z,RSO-0030,Alaska Senate Election Winner,Alaska Senate Election Winner — Mary Peltola,Mary Peltola,US,us_senate,us_statewide,alaska_senate_2026,634976,0x19d2ff72e389d190c183e6b114817301d29eba651d67d75a38ee201a05188fd9,will-mary-peltola-win-the-alaska-senate-race-in-2026,https://polymarket.com/event/will-mary-peltola-win-the-alaska-senate-race-in-2026,YES,72139607190315861034411702195742538105117960260100800877125381826122747504258,Will Mary Peltola win the Alaska Senate race in 2026?,OK,0.002,0.004,0.003,0.002,0.003,mid,0.004,0.002,84,661.17,24079.88,24079.88,24079.88,691.17,851.17,851.17,24079.88,181135.66,,true,,1782486946640,7b88d82e5f8cff51c465a0359b01d5edba7f3eb8
20260626T151548Z:RSO-0031:YES:26,20260626T151548Z,2026-06-26T15:15:48Z,RSO-0031,Alaska Senate Election Winner,Alaska Senate Election Winner — Dan Sullivan,Dan Sullivan,US,us_senate,us_statewide,alaska_senate_2026,634974,0x741bb46008b72234857c5118c8365ab3c2f69dbf28b30b59de04f173b8a778de,will-dan-sullivan-win-the-alaska-senate-race-in-2026,https://polymarket.com/event/will-dan-sullivan-win-the-alaska-senate-race-in-2026,YES,2618138322856109565904469085316346602627882727483900432328802655317079880335,Will Dan Sullivan win the Alaska Senate race in 2026?,OK,0.14,0.15,0.145,0.01,0.145,mid,0.15,0.14,921.51,10.94,1582.47,2579.49,3678.78,482.94,4448.55,6441.98,4861.2,107966,,true,,1782486945886,411ccf88224330a895054e4ffe21c69d970337e2
20260626T151548Z:RSO-0032:YES:27,20260626T151548Z,2026-06-26T15:15:48Z,RSO-0032,Alaska Senate Election Winner,Alaska Senate Election Winner — Dustin Darden,Dustin Darden,US,us_senate,us_statewide,alaska_senate_2026,634977,0xec751bd3e1cf4d22a1dee41ee85c7304bdb7b6ed6dccc807e88ef2603b4a6449,will-dustin-darden-win-the-alaska-senate-race-in-2026,https://polymarket.com/event/will-dustin-darden-win-the-alaska-senate-race-in-2026,YES,29311755935786363205680204536643787054260832125056777867606384726291200747800,Will Dustin Darden win the Alaska Senate race in 2026?,OK,0.002,0.003,0.0025,0.001,0.0025,mid,0.003,0.002,2111,645.06,2053200.21,2053200.21,2053200.21,1037.03,1978.02,2648.02,2053200.21,448910.96,,true,,1782486948266,02650272a01d899bde75a05010bc4bf71cf60abf
20260626T151548Z:RSO-0033:YES:28,20260626T151548Z,2026-06-26T15:15:48Z,RSO-0033,Alaska Senate Election Winner,Alaska Senate Election Winner — Ann Diener,Ann Diener,US,us_senate,us_statewide,alaska_senate_2026,634975,0xa26ab383a1f115fa8d2b0fcbac29bcd6a9843ec8c1d160b0a122917230c3c96a,will-ann-diener-win-the-alaska-senate-race-in-2026,https://polymarket.com/event/will-ann-diener-win-the-alaska-senate-race-in-2026,YES,20310786951537091150920478212676759242565921145568245906943451694162568762258,Will Ann Diener win the Alaska Senate race in 2026?,NO_BIDS,,0.001,,,0.001,ask_only,0.001,,,1465.48,,,,1465.48,6753.14,6753.14,0,5361508.86,no_bids,true,,1782486928390,c8fa9a168eacdbe98885edcc7b1dbfc6abbf6f7e
20260626T151548Z:RSO-0034:YES:29,20260626T151548Z,2026-06-26T15:15:48Z,RSO-0034,Alaska Senate Election Winner,Alaska Senate Election Winner — Richard Grayson,Richard Grayson,US,us_senate,us_statewide,alaska_senate_2026,634978,0x998ee2bd25cea8e07eaf1b1f1be82ba6c3ecfd74c28a87497786103d84fd06d8,will-richard-grayson-win-the-alaska-senate-race-in-2026,https://polymarket.com/event/will-richard-grayson-win-the-alaska-senate-race-in-2026,YES,59588004575158257289531312065982350985369269880352045258164216668046489178917,Will Richard Grayson win the Alaska Senate race in 2026?,OK,0.001,0.002,0.0015,0.001,0.0015,mid,0.002,0.001,851596.2,643510.57,851596.2,851596.2,851596.2,771664.38,850083.97,850297.09,851596.2,14480457.75,,true,,1782486947487,2e136e47dd148cb85a61aa12e30430cb41edee39
20260626T151548Z:RSO-0035:YES:30,20260626T151548Z,2026-06-26T15:15:48Z,RSO-0035,Nebraska Senate Election Winner,Nebraska Senate Election Winner — Republican,Republican,US,us_senate,us_statewide,nebraska_senate_2026,634892,0x71e9f5312aac62bdc9b87fa8d171fa929eca6243d815298c4c7d61303f7d53dd,will-the-republicans-win-the-nebraska-senate-race-in-2026,https://polymarket.com/event/will-the-republicans-win-the-nebraska-senate-race-in-2026,YES,92576281548134350814800877416860562553699794074017301653635964206220838638047,Will the Republicans win the Nebraska Senate race in 2026?,OK,0.28,0.31,0.295,0.03,0.295,mid,0.31,0.28,55,1142.3,55,165,165,1347.38,1347.38,1347.38,230744.82,210388.09,,true,,1782486948313,5eba78771e9247ac83bd385e11680eed88effb35
20260626T151548Z:RSO-0036:YES:31,20260626T151548Z,2026-06-26T15:15:48Z,RSO-0036,Nebraska Senate Election Winner,Nebraska Senate Election Winner — Independent,Independent,US,us_senate,us_statewide,nebraska_senate_2026,634893,0x5554740293afa7aafd5fed10fd2de43a898e2884c1f98bd65185e703f371b9db,will-an-independent-win-the-nebraska-senate-race-in-2026,https://polymarket.com/event/will-an-independent-win-the-nebraska-senate-race-in-2026,YES,47975366268282823322598946778919483335780002591367838795894307024076579116518,Will an independent win the Nebraska Senate race in 2026?,NO_BIDS,,0.001,,,0.001,ask_only,0.001,,,1695.11,,,,5630.11,6075.09,6075.09,0,5416130.94,no_bids,true,,1782486945624,2087e1489c5f178ae2334b317c64008c6ab6fcbb
20260626T151548Z:RSO-0037:YES:32,20260626T151548Z,2026-06-26T15:15:48Z,RSO-0037,Nebraska Senate Election Winner,Nebraska Senate Election Winner — Democrat,Democrat,US,us_senate,us_statewide,nebraska_senate_2026,634891,0x12ac475399b12fd74917ccf0e29ce338eb4fc76c066cc8b56d01d2f9a2b17597,will-the-democrats-win-the-nebraska-senate-race-in-2026,https://polymarket.com/event/will-the-democrats-win-the-nebraska-senate-race-in-2026,YES,55269299240433422758148290868724152324629587438760275683104577693660207425448,Will the Democrats win the Nebraska Senate race in 2026?,OK,0.7,0.72,0.71,0.02,0.71,mid,0.72,0.7,65,4.71,1012.22,2134.71,2411.08,370.57,3293.25,5113.78,29027.6,22227.01,,true,,1782486947978,3ce7ed861e7a8134d92465de8ab76d4b543e7f59
20260626T151548Z:RSO-0038:YES:33,20260626T151548Z,2026-06-26T15:15:48Z,RSO-0038,Michigan Senate Election Winner,Michigan Senate Election Winner — Democrat,Democrat,US,us_senate,us_statewide,michigan_senate_2026,630805,0xbfeb6d4cf3eab6071e204219b0647c8224d63a12778df467311b5f2a4b3a5bd4,will-the-democrats-win-the-michigan-senate-race-in-2026,https://polymarket.com/event/will-the-democrats-win-the-michigan-senate-race-in-2026,YES,71772627544132140586824126381855151743830987860593343955509593715269534710061,Will the Democrats win the Michigan Senate race in 2026?,OK,0.941,0.942,0.9415,0.001,0.9415,mid,0.942,0.941,30,145.66,3060,7395.81,7395.81,145.66,6142.73,6142.73,304755.33,10440.39,,true,,1782486948270,7fcad40df7c6a3dcf6e3e7a75e91bbd045737f55
20260626T151548Z:RSO-0039:YES:34,20260626T151548Z,2026-06-26T15:15:48Z,RSO-0039,Michigan Senate Election Winner,Michigan Senate Election Winner — Republican,Republican,US,us_senate,us_statewide,michigan_senate_2026,630806,0x3fd189cac9280dfc49a07115581e8d4c9e0b7e1c1e8580a44e9ff3d74e39cf2d,will-the-republicans-win-the-michigan-senate-race-in-2026,https://polymarket.com/event/will-the-republicans-win-the-michigan-senate-race-in-2026,YES,1046980875306043125128331871114794349002409233139736033870402475326170083426,Will the Republicans win the Michigan Senate race in 2026?,OK,0.114,0.115,0.1145,0.001,0.1145,mid,0.115,0.114,2683.4,58,32547.94,70011.67,82388.23,3961.74,41426.84,81162.95,1377247.31,23747103.15,,true,,1782486947672,f3ba3ae30ff259894e67daeaf730ff630704a8d1
20260626T151548Z:RSO-0040:YES:35,20260626T151548Z,2026-06-26T15:15:48Z,RSO-0040,Ohio Senate Election Winner,Ohio Senate Election Winner — Sherrod Brown (D),Sherrod Brown (D),US,us_senate,us_statewide,ohio_senate_2026,631057,0x968a1a79e001d49fa3ee1429e3b95eb01797587740f86d4e6becf3ab1b275bfb,will-the-democrats-win-the-ohio-senate-race-in-2026,https://polymarket.com/event/will-the-democrats-win-the-ohio-senate-race-in-2026,YES,83018072688154066292491996133599479395547801317505487833443670253228061205312,Will the Democrats win the Ohio Senate race in 2026?,OK,0.015,0.017,0.016,0.002,0.016,mid,0.017,0.015,9931.5,700,31268.5,107965.95,107965.95,2774.78,2854.78,2940.78,107965.95,4536257.01,,true,,1782486948202,9f59cfe62effc6a5a1a28b1d8c668bbdc8634d22
20260626T151548Z:RSO-0041:YES:36,20260626T151548Z,2026-06-26T15:15:48Z,RSO-0041,Ohio Senate Election Winner,Ohio Senate Election Winner — Jon Husted (R),Jon Husted (R),US,us_senate,us_statewide,ohio_senate_2026,631058,0x771873c365f87bffd990644e4b688aebc1be7f18396d2eab64b996ff66e88669,will-the-republicans-win-the-ohio-senate-race-in-2026,https://polymarket.com/event/will-the-republicans-win-the-ohio-senate-race-in-2026,YES,69908185249078099348466099388148864764525845923415294308139153388799352317616,Will the Republicans win the Ohio Senate race in 2026?,OK,0.56,0.58,0.57,0.02,0.57,mid,0.58,0.56,371.64,3721.45,6935.29,11421.31,15943.32,10648.33,19272.56,26241.28,774141.09,295488.88,,true,,1782486947700,dfdd1f6b8a557405333ac22036bc30428a37a475
20260626T151548Z:RSO-0042:YES:37,20260626T151548Z,2026-06-26T15:15:48Z,RSO-0042,North Carolina Senate Election Winner,North Carolina Senate Election Winner — Roy Cooper (D),Roy Cooper (D),US,us_senate,us_statewide,north_carolina_senate_2026,630883,0x129dbcb7d39ff8df5f0d7685a2db6400b5db37d3963914486fbb7fd2bc96a923,will-the-democrats-win-the-north-carolina-senate-race-in-2026,https://polymarket.com/event/will-the-democrats-win-the-north-carolina-senate-race-in-2026,YES,107151098936186723859677628536733880558851060002514795735761427447010628440047,Will the Democrats win the North Carolina Senate race in 2026?,NO_BIDS,,0.001,,,0.001,ask_only,0.001,,,33825,,,,1243953.21,1244890.54,1246808.11,0,14203966.13,no_bids,true,,1782486943511,d2548957dff79999d7f93b7520939b48a076dfc6
20260626T151548Z:RSO-0043:YES:38,20260626T151548Z,2026-06-26T15:15:48Z,RSO-0043,North Carolina Senate Election Winner,North Carolina Senate Election Winner — Michael Whatley (R),Michael Whatley (R),US,us_senate,us_statewide,north_carolina_senate_2026,630884,0xd59f25520a8c0ea44a9c9741a97c8c3d769e21f1479b9a14e1a9d475e91f522a,will-the-republicans-win-the-north-carolina-senate-race-in-2026,https://polymarket.com/event/will-the-republicans-win-the-north-carolina-senate-race-in-2026,YES,62831517509825405761763142539845746280269675872170259538293560849475982647892,Will the Republicans win the North Carolina Senate race in 2026?,OK,0.82,0.83,0.825,0.01,0.825,mid,0.83,0.82,42471.32,28239.57,106228.4,276855.42,293058.42,74287.75,123155.9,155874,3812074.6,1651827.02,,true,,1782486948005,a06de9c402ea5f96869c56b8803c997ac363f6b7
20260626T151548Z:RSO-0044:YES:39,20260626T151548Z,2026-06-26T15:15:48Z,RSO-0044,Georgia Senate Election Winner,Georgia Senate Election Winner — Democrat,Democrat,US,us_senate,us_statewide,georgia_senate_2026,630692,0x3c5b93b91196c8db64e63c424979da8cfbf44a4501afd70d2480ee28fbf306a2,will-the-democrats-win-the-georgia-senate-race-in-2026,https://polymarket.com/event/will-the-democrats-win-the-georgia-senate-race-in-2026,YES,21024219148268989748704207701411444044468128261642675917026452687231462203167,Will the Democrats win the Georgia Senate race in 2026?,OK,0.01,0.011,0.0105,0.001,0.0105,mid,0.011,0.01,31043.5,199.99,110591.99,110591.99,110591.99,1027.55,1067.55,1375.27,110591.99,5454794.98,,true,,1782486945227,d6d257ff4a6ff6a541f6b54d24111a37af2989ed
20260626T151548Z:RSO-0045:YES:40,20260626T151548Z,2026-06-26T15:15:48Z,RSO-0045,Georgia Senate Election Winner,Georgia Senate Election Winner — Republican,Republican,US,us_senate,us_statewide,georgia_senate_2026,630693,0x54e4e816cc5868e2f933c6bbc597e3313bdad382be3ecf7eaa4d8fa5c3f1a1bd,will-the-republicans-win-the-georgia-senate-race-in-2026,https://polymarket.com/event/will-the-republicans-win-the-georgia-senate-race-in-2026,YES,43777191461245536274027792855557351629362906569064322165760098912770293918104,Will the Republicans win the Georgia Senate race in 2026?,OK,0.85,0.87,0.86,0.02,0.86,mid,0.87,0.85,365.1,2409.82,1083.37,2138.21,2138.21,7339.27,12759.23,15058.95,152475.7,67741.83,,true,,1782486945901,eaeb6a9cd26773ec78e17063d4cfe54959dde46c
20260626T151548Z:RSO-0046:YES:41,20260626T151548Z,2026-06-26T15:15:48Z,RSO-0046,New Hampshire Senate Election Winner,New Hampshire Senate Election Winner — Democrat,Democrat,US,us_senate,us_statewide,new_hampshire_senate_2026,630844,0xfc5c740e4617eb9908ceada7c91bfbe1cd41f172d703ef811d544e60a7a70bb5,will-the-democrats-win-the-new-hampshire-senate-race-in-2026,https://polymarket.com/event/will-the-democrats-win-the-new-hampshire-senate-race-in-2026,YES,82410058691149830741200014405570918770267839390767234397030380747995715352939,Will the Democrats win the New Hampshire Senate race in 2026?,OK,0.143,0.17,0.1565,0.027,0.1565,mid,0.17,0.143,25,64.92,3604.65,9581.83,9667.43,214.92,2178.99,2178.99,38906.89,192063.99,,true,,1782486946106,c79c944030f91bf49a3de5527940495c8a75eeb3
20260626T151548Z:RSO-0047:YES:42,20260626T151548Z,2026-06-26T15:15:48Z,RSO-0047,New Hampshire Senate Election Winner,New Hampshire Senate Election Winner — Republican,Republican,US,us_senate,us_statewide,new_hampshire_senate_2026,630845,0x57599a84bf50c94b958adb020aa2a25bf02e26453e500d3b739d86e6b783774c,will-the-republicans-win-the-new-hampshire-senate-race-in-2026,https://polymarket.com/event/will-the-republicans-win-the-new-hampshire-senate-race-in-2026,YES,62227089537100115269143206481757249285124282589590263790284791475153705872216,Will the Republicans win the New Hampshire Senate race in 2026?,OK,0.067,0.098,0.0825,0.031,0.0825,mid,0.098,0.067,12.2,70.41,290.65,330.65,406.03,140.41,140.41,170.41,183633.62,3259882.43,,true,,1782486948390,1a13909d65ffacf8c528b370326fc1d80034991f
20260626T151548Z:RSO-0048:YES:43,20260626T151548Z,2026-06-26T15:15:48Z,RSO-0048,Iowa Senate Election Winner,Iowa Senate Election Winner — Republican,Republican,US,us_senate,us_statewide,iowa_senate_2026,630734,0x38a1025bfc56539ed1ff8fdd468283d55cf9002412decd61aa8d6c578c7d01a2,will-the-republicans-win-the-iowa-senate-race-in-2026,https://polymarket.com/event/will-the-republicans-win-the-iowa-senate-race-in-2026,YES,107844449523890311740907586041395758413047559802389895859202256336422357556837,Will the Republicans win the Iowa Senate race in 2026?,OK,0.55,0.58,0.565,0.03,0.565,mid,0.58,0.55,100,79.34,503.88,1389.56,2413.64,795.1,4116.48,5617.45,33626.64,41972.82,,true,,1782486941119,3a60032a730ba8d1f81c9172335e9e224ee64768
20260626T151548Z:RSO-0049:YES:44,20260626T151548Z,2026-06-26T15:15:48Z,RSO-0049,Iowa Senate Election Winner,Iowa Senate Election Winner — Democrat,Democrat,US,us_senate,us_statewide,iowa_senate_2026,630733,0xd50c016598c499fceea10a1a714e48d9b4953487fe215daeaf916068fae722f1,will-the-democrats-win-the-iowa-senate-race-in-2026,https://polymarket.com/event/will-the-democrats-win-the-iowa-senate-race-in-2026,YES,90689690530039118737607894922148077480097700217322320781526913496162509181445,Will the Democrats win the Iowa Senate race in 2026?,OK,0.003,0.004,0.0035,0.001,0.0035,mid,0.004,0.003,200,10,25495,25495,25495,168.64,168.64,168.64,25495,180351.28,,true,,1782486946869,40cc7b854e4c17bc41f0a20143c75075e5498632
20260626T151548Z:RSO-0052:YES:45,20260626T151548Z,2026-06-26T15:15:48Z,RSO-0052,Michigan Governor Election Winner,Michigan Governor Election Winner — Democrat,Democrat,US,us_governor,us_statewide,michigan_governor_2026,629464,0x76cface9f6df604ff32447bce58656b7a72b6659324d089c73a13a99f06c8aae,will-the-democrats-win-the-michigan-governor-race-in-2026,https://polymarket.com/event/will-the-democrats-win-the-michigan-governor-race-in-2026,YES,63517706574758177502492185078056756527324898714284142778693046697324148388357,Will the Democrats win the Michigan governor race in 2026?,OK,0.03,0.031,0.0305,0.001,0.0305,mid,0.031,0.03,195,273.58,7065,44462.48,44462.48,525.88,1740.04,2188.04,44462.48,528882.91,,true,,1782486948237,5a450d50f3749160950a4f2d870de9172eba3c45
20260626T151548Z:RSO-0053:YES:46,20260626T151548Z,2026-06-26T15:15:48Z,RSO-0053,Michigan Governor Election Winner,Michigan Governor Election Winner — Republican,Republican,US,us_governor,us_statewide,michigan_governor_2026,629465,0xeee75e18b53425c67035084fb8be5414331614ab4e5ec59574bc73e11817be93,will-the-republicans-win-the-michigan-governor-race-in-2026,https://polymarket.com/event/will-the-republicans-win-the-michigan-governor-race-in-2026,YES,3091929947863726371877226324959784580013579280794631063604653957812689085396,Will the Republicans win the Michigan governor race in 2026?,OK,0.021,0.029,0.025,0.008,0.025,mid,0.029,0.021,25,558.05,1825,2063397.19,2063397.19,1488.05,1907.21,2361.21,2063397.19,486986.06,,true,,1782486948169,0029e932f3d30c7ec39b7ffcab71564c8716d6cc
20260626T151548Z:RSO-0054:YES:47,20260626T151548Z,2026-06-26T15:15:48Z,RSO-0054,Michigan Governor Election Winner,Michigan Governor Election Winner — Independent,Independent,US,us_governor,us_statewide,michigan_governor_2026,629466,0xdfb79786d650608e4bdf010d254a9757ace465d405c858750c52bca0b985fce4,will-an-independent-win-the-michigan-governor-race-in-2026,https://polymarket.com/event/will-an-independent-win-the-michigan-governor-race-in-2026,YES,34943144357771122375283559286014961426824813487508159555960762936802327664238,Will an independent win the Michigan governor race in 2026?,OK,0.62,0.63,0.625,0.01,0.625,mid,0.63,0.62,123.49,245.03,576.61,1929.54,2934.93,724.93,3621.54,5032.53,61753.43,51444.89,,true,,1782486947693,d5006c5f5497ff9569cfb4d1f99cf9340fef908c
20260626T151548Z:RSO-0055:YES:48,20260626T151548Z,2026-06-26T15:15:48Z,RSO-0055,WA-04 House Election Winner,WA-04 House Election Winner — Republican Party,Republican Party,US,us_house,us_district,wa_04_house_2026,1285143,0x14ed8c209487ff644ca1f3693b4c428f0781e1b0ee8910ff33307ec525a0cecc,will-the-republican-party-win-the-wa-04-house-seat,https://polymarket.com/event/will-the-republican-party-win-the-wa-04-house-seat,YES,47439174463482721229034772614568373644882067237418093196025863212785197691496,Will the Republican Party win the WA-04 House seat?,OK,0.83,0.85,0.84,0.02,0.84,mid,0.85,0.83,29.11,478.16,411.84,2417.52,2433.88,1234.45,1756.45,6148.68,99302.09,6793.9,,true,,1782486944264,4525c5138f72be5515ef3a7f12afe4da790efaf5
20260626T151548Z:RSO-0056:YES:49,20260626T151548Z,2026-06-26T15:15:48Z,RSO-0056,WA-04 House Election Winner,WA-04 House Election Winner — Democratic Party,Democratic Party,US,us_house,us_district,wa_04_house_2026,1285144,0xdcb6cb68a62c550a66018c3e0146588c727fbc7d12254fac95bb8eeb96237f5c,will-the-democratic-party-win-the-wa-04-house-seat,https://polymarket.com/event/will-the-democratic-party-win-the-wa-04-house-seat,YES,30593975999350825877587438529917201650410921221852686898350933855891343459981,Will the Democratic Party win the WA-04 House seat?,OK,0.43,0.45,0.44,0.02,0.44,mid,0.45,0.43,38.26,37.47,2053.66,3185.26,3185.26,206.47,2272.23,3598.63,667127.64,559647.24,,true,,1782486945009,900dd2b33386cabffcb5970298d13e07d3c92700
20260626T151548Z:RSO-0057:YES:50,20260626T151548Z,2026-06-26T15:15:48Z,RSO-0057,NE-02 House Election Winner,NE-02 House Election Winner — Democratic Party,Democratic Party,US,us_house,us_district,ne_02_house_2026,942878,0x13ab5c37a83d0a2ed874bd931c1c8a10984dcabc37cb67f4e36c807492cbfd3b,will-the-democratic-party-win-the-ne-02-house-seat,https://polymarket.com/event/will-the-democratic-party-win-the-ne-02-house-seat,YES,83966667308824872880342632752673759552233526664290166226784097408878282862076,Will the Democratic Party win the NE-02 House seat?,OK,0.38,0.39,0.385,0.01,0.385,mid,0.39,0.38,1634.08,1329.58,3907.6,9448.95,12051.28,5858.09,13801.93,14201.93,347646.37,171367.57,,true,,1782486941092,81146f17ea1b322cb6d229d4631918f38e374090
20260626T151548Z:RSO-0058:YES:51,20260626T151548Z,2026-06-26T15:15:48Z,RSO-0058,NE-02 House Election Winner,NE-02 House Election Winner — Republican Party,Republican Party,US,us_house,us_district,ne_02_house_2026,942877,0xc733d85766ea9df81eb33ec52f7ba64610688401ebc823ae818f51d3cc7274de,will-the-republican-party-win-the-ne-02-house-seat,https://polymarket.com/event/will-the-republican-party-win-the-ne-02-house-seat,YES,9261962954796206285247745021195981577055668829876152281558354142057545087402,Will the Republican Party win the NE-02 House seat?,OK,0.18,0.19,0.185,0.01,0.185,mid,0.19,0.18,7355.42,93507.39,24515.08,66762.26,125457.25,163375.14,273320.29,285165.75,1829204.24,3960745.75,,true,,1782486947386,09832acddc80baba5e7eca7d38041a90653508ff
20260626T151548Z:RSO-0059:YES:52,20260626T151548Z,2026-06-26T15:15:48Z,RSO-0059,PA-10 House Election Winner,PA-10 House Election Winner — Democratic Party,Democratic Party,US,us_house,us_district,pa_10_house_2026,943955,0x1ba8c5b414501846fafc1639481a839d57bc3bbb62471400e86224e93c2281f5,will-the-democratic-party-win-the-pa-10-house-seat,https://polymarket.com/event/will-the-democratic-party-win-the-pa-10-house-seat,YES,87725551185270618291722253233951821932371187994043126950008311468794742299797,Will the Democratic Party win the PA-10 House seat?,OK,0.042,0.043,0.0425,0.001,0.0425,mid,0.043,0.042,232.4,528.83,242.4,340.26,95812.92,1236.99,1446.48,1456.48,95812.92,187883.37,,true,,1782486947226,c81bbf7cf9bcd970d27cbc96a90851ef3ffca6ad
20260626T151548Z:RSO-0060:YES:53,20260626T151548Z,2026-06-26T15:15:48Z,RSO-0060,PA-10 House Election Winner,PA-10 House Election Winner — Republican Party,Republican Party,US,us_house,us_district,pa_10_house_2026,943954,0xa33cf18dc8a3f0f8550fcb3f68a7b4272f40709419029ac6e589d82f30bb3273,will-the-republican-party-win-the-pa-10-house-seat,https://polymarket.com/event/will-the-republican-party-win-the-pa-10-house-seat,YES,103572160941197360900419917573086716527751112441366358755475598989264153655130,Will the Republican Party win the PA-10 House seat?,NO_BIDS,,0.001,,,0.001,ask_only,0.001,,,1580.96,,,,2651.46,3066.46,3066.46,0,5369349.98,no_bids,true,,1782486941266,abdf3f65e161c529a3b9957058aeb43ad7001a5b
20260626T151548Z:RSO-0061:YES:54,20260626T151548Z,2026-06-26T15:15:48Z,RSO-0061,Ohio Governor Election Winner,Ohio Governor Election Winner — Republican,Republican,US,us_governor,us_statewide,ohio_governor_2026,629558,0x650e3ebc043ddbcfa1d1ffda0c5830f19da7389827889fb5db3474bde5b007fb,will-the-republicans-win-the-ohio-governor-race-in-2026,https://polymarket.com/event/will-the-republicans-win-the-ohio-governor-race-in-2026,YES,3104629708171062356498135654472461762731791851667035051301931240755518332250,Will the Republicans win the Ohio governor race in 2026?,OK,0.85,0.86,0.855,0.01,0.855,mid,0.86,0.85,1018.37,16.72,5031.84,6759.62,6764.62,42.22,5934.44,10281.24,559105.6,62610.74,,true,,1782486945005,7f2d64ed7f0ef0e82c409b5ef80810fc02546d78
20260626T151548Z:RSO-0062:YES:55,20260626T151548Z,2026-06-26T15:15:48Z,RSO-0062,Ohio Governor Election Winner,Ohio Governor Election Winner — Democrat,Democrat,US,us_governor,us_statewide,ohio_governor_2026,629557,0x3babe91f8d2fac44027f9ba7f0f1a59e61b72419828e6e517f96bbcf4e132498,will-the-democrats-win-the-ohio-governor-race-in-2026,https://polymarket.com/event/will-the-democrats-win-the-ohio-governor-race-in-2026,YES,63255709540320761353971859526848930870803944190764324681913735372035438815215,Will the Democrats win the Ohio governor race in 2026?,OK,0.6,0.61,0.605,0.01,0.605,mid,0.61,0.6,275,20,909.69,2332.69,2332.69,851.31,5084.56,7169.56,236163.8,244521.44,,true,,1782486944013,41c7b90155892edefdc10be74e65535267caaeb5
20260626T151548Z:RSO-0063:YES:56,20260626T151548Z,2026-06-26T15:15:48Z,RSO-0063,Georgia Governor Election Winner,Georgia Governor Election Winner — Democrat,Democrat,US,us_governor,us_statewide,georgia_governor_2026,629337,0x73a9911393e7bd2262904c4413d9614f68bb6290ddf7d88ed607f1562d08fb05,will-the-democrats-win-the-georgia-governor-race-in-2026,https://polymarket.com/event/will-the-democrats-win-the-georgia-governor-race-in-2026,YES,59980150909931986777748227027020522224275707387562276219060223816867188565245,Will the Democrats win the Georgia governor race in 2026?,OK,0.001,0.002,0.0015,0.001,0.0015,mid,0.002,0.001,814493.98,293801.31,814493.98,814493.98,814493.98,421623.91,448850.05,458011.02,814493.98,12743063.53,,true,,1782486947487,0507a7a001556db6d859c5cfb5f84aea6cf72102
20260626T151548Z:RSO-0064:YES:57,20260626T151548Z,2026-06-26T15:15:48Z,RSO-0064,Georgia Governor Election Winner,Georgia Governor Election Winner — Republican,Republican,US,us_governor,us_statewide,georgia_governor_2026,629338,0x71c05b735300b6087ff5588bcc7e83fecf009293d794f613c63c92ea8a16fb2b,will-the-republicans-win-the-georgia-governor-race-in-2026,https://polymarket.com/event/will-the-republicans-win-the-georgia-governor-race-in-2026,YES,17555504943162344098534978138053308162738914357892515623100381936995379845407,Will the Republicans win the Georgia governor race in 2026?,OK,0.66,0.67,0.665,0.01,0.665,mid,0.67,0.66,206.15,143.82,665.27,1134.35,1279.18,471.82,1387.99,2460.29,74202.48,294377.84,,true,,1782486947708,9c6867b4a69f0c020783a522d0cacf34d3d4c08c
20260626T151548Z:RSO-0065:YES:58,20260626T151548Z,2026-06-26T15:15:48Z,RSO-0065,Nevada Governor Election Winner,Nevada Governor Election Winner — Democrat,Democrat,US,us_governor,us_statewide,nevada_governor_2026,629505,0x707eb5c6df23e32e0b770dd0ccd1245abb7fac0dcfd24d8b68dd99e5ca737180,will-the-democrats-win-the-nevada-governor-race-in-2026,https://polymarket.com/event/will-the-democrats-win-the-nevada-governor-race-in-2026,YES,1246864710804983890692377994891598401616546411512113588399830364959833951829,Will the Democrats win the Nevada governor race in 2026?,OK,0.85,0.87,0.86,0.02,0.86,mid,0.87,0.85,1100,497.01,2496.56,3213.13,3213.13,2000.04,3984.17,5080.75,132392.64,6411.22,,true,,1782486947209,e238c5d62ca0098fe718b4bfe50936ecf0840167
20260626T151548Z:RSO-0066:YES:59,20260626T151548Z,2026-06-26T15:15:48Z,RSO-0066,Nevada Governor Election Winner,Nevada Governor Election Winner — Republican,Republican,US,us_governor,us_statewide,nevada_governor_2026,629506,0xb63fbd776203cada01a13bb21b3c52c500bcf904bdfc71627022db1f891f95c5,will-the-republicans-win-the-nevada-governor-race-in-2026,https://polymarket.com/event/will-the-republicans-win-the-nevada-governor-race-in-2026,YES,26514162544090965098284473937422427465088569867873952479707540387314217381282,Will the Republicans win the Nevada governor race in 2026?,OK,0.47,0.52,0.495,0.05,0.495,mid,0.52,0.47,70,62.37,569.99,669.99,669.99,336.37,1317.04,2335.17,510520.39,579826.23,,true,,1782486947386,5a7cf2f20e7fea4a2787fba5fab8ff1f94768c01
20260626T151548Z:RSO-0067:YES:60,20260626T151548Z,2026-06-26T15:15:48Z,RSO-0067,NY-13 House Election Winner / Darializa Avila Chevalier proxy,NY-13 House Election Winner / Darializa Avila Chevalier proxy — Democratic Party,Democratic Party,US,narrative_candidate,us_district,ny_13_house_darializa_proxy_2026,1284299,0xdf533114d83b2408875558a9cf8ef34fdf172d704b97261a0aa383f3197762f1,will-the-democratic-party-win-the-ny-13-house-seat,https://polymarket.com/event/will-the-democratic-party-win-the-ny-13-house-seat,YES,58170582826434624369183137827470621458750832571934268895241793899476487858088,Will the Democratic Party win the NY-13 House seat?,OK,0.05,0.054,0.052,0.004,0.052,mid,0.054,0.05,150.64,10.72,207.2,2678.31,115557.99,10.72,100.16,120.36,115557.99,497026.12,,true,,1782486908264,2b38115abd87e6cf1ae72f739536d74ac4c11a89
20260626T151548Z:RSO-0068:YES:61,20260626T151548Z,2026-06-26T15:15:48Z,RSO-0068,NY-13 House Election Winner / Darializa Avila Chevalier proxy,NY-13 House Election Winner / Darializa Avila Chevalier proxy — Republican Party,Republican Party,US,narrative_candidate,us_district,ny_13_house_darializa_proxy_2026,1284298,0xe0dc694c459bbf45b586d15930c82a36eb9ff63de86e81290d934b3fc3918d1e,will-the-republican-party-win-the-ny-13-house-seat,https://polymarket.com/event/will-the-republican-party-win-the-ny-13-house-seat,YES,81557957224614719909606514321678071196063005584137638675672000952860345431216,Will the Republican Party win the NY-13 House seat?,OK,0.023,0.024,0.0235,0.001,0.0235,mid,0.024,0.023,66,72.93,5872.67,20173.98,20173.98,1039.23,3721.74,3721.74,20173.98,145528.54,,true,,1782486948193,c665eacead1c4c6c9f64cf0a12f2e0ce814ba983
20260626T151548Z:RSO-0076:YES:62,20260626T151548Z,2026-06-26T15:15:48Z,RSO-0076,Brazil Presidential Election,Brazil Presidential Election — Luiz Inácio Lula da Silva,Luiz Inácio Lula da Silva,Brazil,brazil_presidential,presidential_two_round,brazil_president_winner_2026,601819,0xdf8e2dc5860027decbe6164555c3c1c9645c3bd33e16b9dc57ca87125047d4a8,will-luiz-incio-lula-da-silva-win-the-2026-brazilian-presidential-election,https://polymarket.com/event/will-luiz-incio-lula-da-silva-win-the-2026-brazilian-presidential-election,YES,30630994248667897740988010928640156931882346081873066002335460180076741328029,Will Luiz Inácio Lula da Silva win the 2026 Brazilian presidential election?,OK,0.83,0.84,0.835,0.01,0.835,mid,0.84,0.83,1144.52,16.41,2886.64,3628.82,3628.82,91.36,3257.32,5948.9,105620.88,9447.07,,true,,1782486947677,aca5b6da30d6b1ca89c69be2dc19b93eb6c59950
20260626T151548Z:RSO-0077:YES:63,20260626T151548Z,2026-06-26T15:15:48Z,RSO-0077,Brazil Presidential Election,Brazil Presidential Election — Flávio Bolsonaro,Flávio Bolsonaro,Brazil,brazil_presidential,presidential_two_round,brazil_president_winner_2026,601826,0x1a01bf78f56a507fcb666d564d8c8b91b0750679163ed6e96746102c9b7d285d,will-flvio-bolsonaro-win-the-2026-brazilian-presidential-election,https://polymarket.com/event/will-flvio-bolsonaro-win-the-2026-brazilian-presidential-election,YES,109876868437950584369987384406356259939519193117253465815665152916226511121427,Will Flávio Bolsonaro win the 2026 Brazilian presidential election?,OK,0.43,0.44,0.435,0.01,0.435,mid,0.44,0.43,98.78,71.14,98.78,941.75,1341.25,472.26,2144.97,4251.87,21962.38,34618.84,,true,,1782486948093,bbb74b57a0e58b4694e88c46beb6c74fa6f771db
20260626T151548Z:RSO-0078:YES:64,20260626T151548Z,2026-06-26T15:15:48Z,RSO-0078,Brazil Presidential Election,Brazil Presidential Election — Renan Santos,Renan Santos,Brazil,brazil_presidential,presidential_two_round,brazil_president_winner_2026,601825,0x05297f854d3b757d5e51a1a29c7f225a80b14b2a161d6b7f9a61677da7a80ced,will-renan-santos-win-the-2026-brazilian-presidential-election,https://polymarket.com/event/will-renan-santos-win-the-2026-brazilian-presidential-election,YES,93998891488819623915454849994768171534113749478841216025646247933473925258016,Will Renan Santos win the 2026 Brazilian presidential election?,OK,0.13,0.15,0.14,0.02,0.14,mid,0.15,0.13,20,80.99,20,5598.03,7831.53,789.87,1951.37,4846.01,7909.92,99739.67,,true,,1782486948311,51f5ece19d2c707f979576a519f17f3e30d326e0
20260626T151548Z:RSO-0079:YES:65,20260626T151548Z,2026-06-26T15:15:48Z,RSO-0079,Brazil Presidential Election,Brazil Presidential Election — Michelle Bolsonaro,Michelle Bolsonaro,Brazil,brazil_presidential,presidential_two_round,brazil_president_winner_2026,601822,0x37ec4c6b57a18b16eed1241f6155ee7ff45bc1697d7848f15ac33d406e38ed00,will-michelle-bolsonaro-win-the-2026-brazilian-presidential-election,https://polymarket.com/event/will-michelle-bolsonaro-win-the-2026-brazilian-presidential-election,YES,91154058715822908897619103072380844452822017332608583147987152526225529443892,Will Michelle Bolsonaro win the 2026 Brazilian presidential election?,OK,0.12,0.121,0.1205,0.001,0.1205,mid,0.121,0.12,6261.51,366.56,17677.12,29398.17,30454.97,2441.3,4122.85,4720.88,2233015.96,502734.16,,true,,1782486948313,92eee2803e6881b1ba6db44269afaf4a6d1fe0bd
20260626T151548Z:RSO-0080:YES:66,20260626T151548Z,2026-06-26T15:15:48Z,RSO-0080,Brazil Presidential Election,Brazil Presidential Election — Ronaldo Caiado,Ronaldo Caiado,Brazil,brazil_presidential,presidential_two_round,brazil_president_winner_2026,601827,0xbca3d70ec52a5a441ccc365a3b1b48b9cd0f08dfff4bc5871e2cd92d0d92caa1,will-ronaldo-caiado-win-the-2026-brazilian-presidential-election,https://polymarket.com/event/will-ronaldo-caiado-win-the-2026-brazilian-presidential-election,YES,36262307788727352725358528951052957737657822670589615830114396216160368496388,Will Ronaldo Caiado win the 2026 Brazilian presidential election?,OK,0.136,0.155,0.1455,0.019,0.1455,mid,0.155,0.136,11.4,500,445.05,9154.49,9154.49,4530.55,8070.62,9684.31,136236.49,711648.25,,true,,1782486941122,ed1642993cd2e2265ef2c6de5a0c37177be4f462
20260626T151548Z:RSO-0081:YES:67,20260626T151548Z,2026-06-26T15:15:48Z,RSO-0081,Brazil Presidential Election,Brazil Presidential Election — Fernando Haddad,Fernando Haddad,Brazil,brazil_presidential,presidential_two_round,brazil_president_winner_2026,601821,0xdd3d104667774208eae2239f576122ecdd1c04ba81cc14d26d22a36b33887977,will-fernando-haddad-win-the-2026-brazilian-presidential-election,https://polymarket.com/event/will-fernando-haddad-win-the-2026-brazilian-presidential-election,YES,34763699632057764824138626876692302096202604335992573366008355204521657293675,Will Fernando Haddad win the 2026 Brazilian presidential election?,OK,0.062,0.069,0.0655,0.007,0.0655,mid,0.069,0.062,120.65,20.77,171.5,862.6,3134.32,73.42,73.42,266.47,76265.64,287873.45,,true,,1782486946847,3d1590cac19b6ab5d4a3cbd4489f581efb86945f
20260626T151548Z:RSO-0082:YES:68,20260626T151548Z,2026-06-26T15:15:48Z,RSO-0082,Brazil Presidential Election,Brazil Presidential Election — Camilo Santana,Camilo Santana,Brazil,brazil_presidential,presidential_two_round,brazil_president_winner_2026,601829,0x101d084cd035070abde58d8a3113b78e11ba68028b0d9e7e38ea7d780797aecc,will-camilo-santana-win-the-2026-brazilian-presidential-election,https://polymarket.com/event/will-camilo-santana-win-the-2026-brazilian-presidential-election,YES,40200361970099951836914907993971598083846841136374094155950298822866778978473,Will Camilo Santana win the 2026 Brazilian presidential election?,OK,0.012,0.013,0.0125,0.001,0.0125,mid,0.013,0.012,1303.87,3394.68,241734.04,787421.04,787421.04,14611.09,63156.87,111623.17,787421.04,23715098.11,,true,,1782486944992,21663e52a2205545d128710908080fda64f86b31
20260626T151548Z:RSO-0083:YES:69,20260626T151548Z,2026-06-26T15:15:48Z,RSO-0083,Brazil Presidential Election,Brazil Presidential Election — Romeu Zema,Romeu Zema,Brazil,brazil_presidential,presidential_two_round,brazil_president_winner_2026,601828,0x054725b2a7971376f7924a7021221b12acc50fe78d97817824fe411704d5b5a2,will-romeu-zema-win-the-2026-brazilian-presidential-election,https://polymarket.com/event/will-romeu-zema-win-the-2026-brazilian-presidential-election,YES,44340846524235712899508083510503343345123518718867913608211694999290628967401,Will Romeu Zema win the 2026 Brazilian presidential election?,OK,0.3,0.31,0.305,0.01,0.305,mid,0.31,0.3,56.5,25,156.5,5316.22,5356.22,147.54,147.54,239.74,50474.16,96153.95,,true,,1782486946852,736a5655e10d18f2608f43fa800ee42ce3512b8c
20260626T151548Z:RSO-0084:YES:70,20260626T151548Z,2026-06-26T15:15:48Z,RSO-0084,Brazil Presidential Election,Brazil Presidential Election — Jair Bolsonaro,Jair Bolsonaro,Brazil,brazil_presidential,presidential_two_round,brazil_president_winner_2026,601820,0x63d8f3a34c90bd5342dda8acf62b6a898dfa52f86475efaf180b66493ef6af80,will-jair-bolsonaro-win-the-2026-brazilian-presidential-election,https://polymarket.com/event/will-jair-bolsonaro-win-the-2026-brazilian-presidential-election,YES,66991175107696133528353695394151645462081911990365106169948013117379189357520,Will Jair Bolsonaro win the 2026 Brazilian presidential election?,OK,0.37,0.38,0.375,0.01,0.375,mid,0.38,0.37,3126.03,553.02,4383.76,4760.32,4760.32,853.02,865,865,215039,121850.91,,true,,1782486946717,433833e0c41e03341588542e48945d44207d721d
20260626T151548Z:RSO-0085:YES:71,20260626T151548Z,2026-06-26T15:15:48Z,RSO-0085,Brazil Presidential Election,Brazil Presidential Election — Geraldo Alckmin,Geraldo Alckmin,Brazil,brazil_presidential,presidential_two_round,brazil_president_winner_2026,601830,0xd0536d9612e041312235baceac52bde48821e8aad4607533513b3782904b7d49,will-geraldo-alckmin-win-the-2026-brazilian-presidential-election,https://polymarket.com/event/will-geraldo-alckmin-win-the-2026-brazilian-presidential-election,YES,70059117674007036240163073645113489994895807359788046023215512784288966325609,Will Geraldo Alckmin win the 2026 Brazilian presidential election?,OK,0.018,0.019,0.0185,0.001,0.0185,mid,0.019,0.018,29.93,76,79.92,14812.99,14812.99,224,265.5,265.5,14812.99,380340.47,,true,,1782486885181,5c1ca38d26e3c1bdfdf70d6c5b7ba5653f5df372
20260626T151548Z:RSO-0086:YES:72,20260626T151548Z,2026-06-26T15:15:48Z,RSO-0086,Brazil Presidential Election,Brazil Presidential Election — Tereza Cristina,Tereza Cristina,Brazil,brazil_presidential,presidential_two_round,brazil_president_winner_2026,601833,0xae7dd99bf126b033b77af2553a98b97e1190fd7bdddd5a792ca2791ae23e4d13,will-tereza-cristina-win-the-2026-brazilian-presidential-election,https://polymarket.com/event/will-tereza-cristina-win-the-2026-brazilian-presidential-election,YES,111901744542692526827481385722975834672043376661227579870355575009066606657994,Will Tereza Cristina win the 2026 Brazilian presidential election?,OK,0.39,0.41,0.4,0.02,0.4,mid,0.41,0.39,25,356.37,955.52,5140.88,5943.66,1999.5,3687.91,5646.62,252361.04,244670.57,,true,,1782486947618,253f93692335eaeabe94ddd261835ace64849b76
20260626T151548Z:RSO-0087:YES:73,20260626T151548Z,2026-06-26T15:15:48Z,RSO-0087,Brazil Presidential Election,Brazil Presidential Election — Tarcisio de Freitas,Tarcisio de Freitas,Brazil,brazil_presidential,presidential_two_round,brazil_president_winner_2026,601818,0x81a537b379a35e4e17c286d3b37394e94bd74c1779bbe9a13670eb991b201a3a,will-tarcisio-de-frietas-win-the-2026-brazilian-presidential-election,https://polymarket.com/event/will-tarcisio-de-frietas-win-the-2026-brazilian-presidential-election,YES,52634616068523389389514492087655237014427439869589807217055529923225131895030,Will Tarcisio de Freitas win the 2026 Brazilian presidential election?,OK,0.233,0.234,0.2335,0.001,0.2335,mid,0.234,0.233,125.26,859.98,13078.55,70456.7,135908.37,5177.11,57658.03,70964.97,1017731.57,12485184.26,,true,,1782486948429,6096f774d57035934e328a1305b1311ce05d06e9
20260626T151548Z:RSO-0088:YES:74,20260626T151548Z,2026-06-26T15:15:48Z,RSO-0088,Brazil Presidential Election,Brazil Presidential Election — Eduardo Bolsonaro,Eduardo Bolsonaro,Brazil,brazil_presidential,presidential_two_round,brazil_president_winner_2026,601823,0xe1d5733322fd2215f136412f419d9ff805d097f78c68de3261515ff736895f2b,will-eduardo-bolsonaro-win-the-2026-brazilian-presidential-election,https://polymarket.com/event/will-eduardo-bolsonaro-win-the-2026-brazilian-presidential-election,YES,68827474128979817444758177181483142354604256745613325980470518365059439724226,Will Eduardo Bolsonaro win the 2026 Brazilian presidential election?,OK,0.004,0.005,0.0045,0.001,0.0045,mid,0.005,0.004,6614.55,4329.11,1009741.14,1009741.14,1009741.14,21601.6,24540.74,53704.67,1009741.14,24347615.43,,true,,1782486919718,5cf74c6a0030828623a55c6689cf05f4ee72040a
20260626T151548Z:RSO-0089:YES:75,20260626T151548Z,2026-06-26T15:15:48Z,RSO-0089,Brazil Presidential Election,Brazil Presidential Election — Aldo Rebelo,Aldo Rebelo,Brazil,brazil_presidential,presidential_two_round,brazil_president_winner_2026,601832,0xafd3f96b7b6084509e625270538ff0699003fafc042263c1216e7f084cef753a,will-aldo-rebelo-win-the-2026-brazilian-presidential-election,https://polymarket.com/event/will-aldo-rebelo-win-the-2026-brazilian-presidential-election,YES,18874063891853426715155938679650704186206312307574669405399400920527965569290,Will Aldo Rebelo win the 2026 Brazilian presidential election?,OK,0.57,0.58,0.575,0.01,0.575,mid,0.58,0.57,1010.23,3104.04,2312.77,4212.92,11612.18,15335.48,29466.93,33117.93,2137057.95,3616966.12,,true,,1782486948003,a9056f0b6187bb604bbc7a4c59f37cd01fa3dbcf
20260626T151548Z:RSO-0090:YES:76,20260626T151548Z,2026-06-26T15:15:48Z,RSO-0090,Brazil Presidential Election,Brazil Presidential Election — Helder Barbalho,Helder Barbalho,Brazil,brazil_presidential,presidential_two_round,brazil_president_winner_2026,601834,0x919c9bc428d2d19400437852066582b11bb7b00ad78529a0069cde76766b9faf,will-helder-barbalho-win-the-2026-brazilian-presidential-election,https://polymarket.com/event/will-helder-barbalho-win-the-2026-brazilian-presidential-election,YES,49821018408733695378907631766783388197384982451576409356148180829521508621967,Will Helder Barbalho win the 2026 Brazilian presidential election?,OK,0.56,0.58,0.57,0.02,0.57,mid,0.58,0.56,36,20,141,1947.18,1957.18,779.72,5780.95,6113.95,555796.09,562044.29,,true,,1782486947389,bae2c77f301b92344cad4f771cd3b2dd490b8cfa
20260626T151548Z:RSO-0091:YES:77,20260626T151548Z,2026-06-26T15:15:48Z,RSO-0091,Brazil Presidential Election,Brazil Presidential Election — Ratinho Júnior,Ratinho Júnior,Brazil,brazil_presidential,presidential_two_round,brazil_president_winner_2026,601824,0xa59bb6bb91e5c1e4d533864520fbd3bb75d6d0ebb813b4cd8a8b88479bfa8966,will-carlos-roberto-massa-jnior-win-the-2026-brazilian-presidential-election,https://polymarket.com/event/will-carlos-roberto-massa-jnior-win-the-2026-brazilian-presidential-election,YES,7424753944577407627798342086224300332261118341771286172561357635231967087849,Will Carlos Roberto Massa Júnior win the 2026 Brazilian presidential election?,OK,0.03,0.067,0.0485,0.037,0.0485,mid,0.067,0.03,25,97.15,40,13926.31,13926.31,97.15,1134.61,1134.61,13926.31,333747.7,,true,,1782486948157,67e9c6f3e46182f121e3ab1a2736b1f10c7f1f75
20260626T151548Z:RSO-0092:YES:78,20260626T151548Z,2026-06-26T15:15:48Z,RSO-0092,Brazil Presidential Election,Brazil Presidential Election — Eduardo Leite,Eduardo Leite,Brazil,brazil_presidential,presidential_two_round,brazil_president_winner_2026,601831,0x70f1a7d2cd490b640676d5e31470bcbe16fef40087de1af8b6f6e44e299b5784,will-eduardo-leite-win-the-2026-brazilian-presidential-election,https://polymarket.com/event/will-eduardo-leite-win-the-2026-brazilian-presidential-election,YES,114877796464914647568230859616993131921615428032065380781940199946418906101564,Will Eduardo Leite win the 2026 Brazilian presidential election?,OK,0.001,0.002,0.0015,0.001,0.0015,mid,0.002,0.001,1024982.92,607335.08,1024982.92,1024982.92,1024982.92,620537.97,621737.97,622914.56,1024982.92,1958314.75,,true,,1782486943066,95b03d58a795a9fcda399dd75627f67d52f5a114
20260626T151548Z:RSO-0094:YES:79,20260626T151548Z,2026-06-26T15:15:48Z,RSO-0094,Brazil Presidential Election First Round: Margin of Victory,Brazil Presidential Election First Round: Margin of Victory — Lula da Silva 10-15%,Lula da Silva 10-15%,Brazil,brazil_presidential,presidential_two_round,brazil_first_round_margin_2026,1366009,0xd99603add7350a5ff33c8dc609ab0eaae2d5d18162bb00eeb63c38c81ae038f8,will-luiz-incio-lula-da-silva-win-the-first-round-of-the-2026-brazilian-presidential-election-by-1015-995,https://polymarket.com/event/will-luiz-incio-lula-da-silva-win-the-first-round-of-the-2026-brazilian-presidential-election-by-1015-995,YES,111501008889215248446738380766334499893429002495174888541812674365305743816241,Will Luiz Inácio Lula da Silva win the first round of the 2026 Brazilian presidential election by 10–15%?,OK,0.18,0.23,0.205,0.05,0.205,mid,0.23,0.18,114.74,170.03,189.74,189.74,189.74,1219.81,1269.81,1274.82,263.83,54428.96,,true,,1782486948393,4ad53a1e20ceebcef2668b285029fa2c3f294853
20260626T151548Z:RSO-0095:YES:80,20260626T151548Z,2026-06-26T15:15:48Z,RSO-0095,Brazil Presidential Election First Round: Margin of Victory,Brazil Presidential Election First Round: Margin of Victory — Lula da Silva 5-10%,Lula da Silva 5-10%,Brazil,brazil_presidential,presidential_two_round,brazil_first_round_margin_2026,1366008,0x5377b12dd060efd8e3597620f120648f1bf99452a95eb70374b128d9ca133227,will-luiz-incio-lula-da-silva-win-the-first-round-of-the-2026-brazilian-presidential-election-by-510-971,https://polymarket.com/event/will-luiz-incio-lula-da-silva-win-the-first-round-of-the-2026-brazilian-presidential-election-by-510-971,YES,48407765042087399444287625227087734986428382872828112503518998286869389847258,Will Luiz Inácio Lula da Silva win the first round of the 2026 Brazilian presidential election by 5–10%?,OK,0.015,0.016,0.0155,0.001,0.0155,mid,0.016,0.015,8269.39,674.65,44789.85,188675.85,188675.85,5500.05,6272.77,6347.77,188675.85,2532604.69,,true,,1782486948195,aa7cf266ab06e53ac6c0a142cd3843dcb7dcadf7
20260626T151548Z:RSO-0096:YES:81,20260626T151548Z,2026-06-26T15:15:48Z,RSO-0096,Brazil Presidential Election First Round: Margin of Victory,Brazil Presidential Election First Round: Margin of Victory — Lula da Silva <5%,Lula da Silva <5%,Brazil,brazil_presidential,presidential_two_round,brazil_first_round_margin_2026,1366007,0x5d5b8feb963ddcc0f4688f7ac0c0d375f99945b7a07155d60cd1a306c6b3054b,will-luiz-incio-lula-da-silva-win-the-first-round-of-the-2026-brazilian-presidential-election-by-less-than-5-639,https://polymarket.com/event/will-luiz-incio-lula-da-silva-win-the-first-round-of-the-2026-brazilian-presidential-election-by-less-than-5-639,YES,111141743875022425014082366328706246366536998743881258465740846069926282242834,Will Luiz Inácio Lula da Silva win the first round of the 2026 Brazilian presidential election by less than 5%?,OK,0.26,0.28,0.27,0.02,0.27,mid,0.28,0.26,658.28,100,981.58,981.58,981.58,100,100,100,31203.14,35318.35,,true,,1782486945782,dd3d5ff0275d8042a1772c704b4fda53c842c74f
20260626T151548Z:RSO-0098:YES:82,20260626T151548Z,2026-06-26T15:15:48Z,RSO-0098,Brazil Presidential Election First Round: Margin of Victory,Brazil Presidential Election First Round: Margin of Victory — Flávio Bolsonaro 5-10%,Flávio Bolsonaro 5-10%,Brazil,brazil_presidential,presidential_two_round,brazil_first_round_margin_2026,1366012,0x3a539f4052dc3340948b9f56119fbee92919f7bf9bb3cc73fd7feeb310d030d4,will-flvio-bolsonaro-win-the-first-round-of-the-2026-brazilian-presidential-election-by-510,https://polymarket.com/event/will-flvio-bolsonaro-win-the-first-round-of-the-2026-brazilian-presidential-election-by-510,YES,104163730910213129535412784044547089656279554877287473050849076919118163831116,Will Flávio Bolsonaro win the first round of the 2026 Brazilian presidential election by 5–10%?,OK,0.083,0.09,0.0865,0.007,0.0865,mid,0.09,0.083,40,45,356.86,556.86,685.15,125,125,245.86,94707.94,582312.51,,true,,1782486947032,f61ee533803ff4dba40d5bbd5a26462d0ef7c3a5
20260626T151548Z:RSO-0099:YES:83,20260626T151548Z,2026-06-26T15:15:48Z,RSO-0099,Brazil Presidential Election First Round: Margin of Victory,Brazil Presidential Election First Round: Margin of Victory — Flávio Bolsonaro <5%,Flávio Bolsonaro <5%,Brazil,brazil_presidential,presidential_two_round,brazil_first_round_margin_2026,1366011,0x25966b196ffc1682fc77df0298784831a60aea8abe03b9aa4fc219d1422feb9f,will-flvio-bolsonaro-win-the-first-round-of-the-2026-brazilian-presidential-election-by-less-than-5-183,https://polymarket.com/event/will-flvio-bolsonaro-win-the-first-round-of-the-2026-brazilian-presidential-election-by-less-than-5-183,YES,94495166556994695319220591877877326867271103412306477867919432683718476975192,Will Flávio Bolsonaro win the first round of the 2026 Brazilian presidential election by less than 5%?,OK,0.16,0.18,0.17,0.02,0.17,mid,0.18,0.16,36,58,116.94,676.1,857.1,108,474.99,504.99,8347.14,159431.2,,true,,1782486947018,92a6ef3f80a5e4a70636b03e22cff33252b155cb
20260626T151548Z:RSO-0100:YES:84,20260626T151548Z,2026-06-26T15:15:48Z,RSO-0100,Brazil Presidential Election First Round: Margin of Victory,Brazil Presidential Election First Round: Margin of Victory — Renan Santos Victory,Renan Santos Victory,Brazil,brazil_presidential,presidential_two_round,brazil_first_round_margin_2026,1366014,0x819cc40b88572690508717385d9397af991f8bc929f764fa73c99e5e10c1e55b,will-renan-santos-win-the-first-round-of-the-2026-brazilian-presidential-election,https://polymarket.com/event/will-renan-santos-win-the-first-round-of-the-2026-brazilian-presidential-election,YES,10454882518429916448752742772766159951084470578369066727370400009390341769549,Will Renan Santos win the first round of the 2026 Brazilian presidential election?,OK,0.001,0.002,0.0015,0.001,0.0015,mid,0.002,0.001,283401.48,1221646.07,283401.48,283401.48,283401.48,1256624.23,1268676.03,1268969.96,283401.48,14676245.02,,true,,1782486944894,a357f822e50ad2bfcaf4f61f1b0101d48fe666eb
20260626T151548Z:RSO-0101:YES:85,20260626T151548Z,2026-06-26T15:15:48Z,RSO-0101,Brazil Presidential Election First Round: Margin of Victory,Brazil Presidential Election First Round: Margin of Victory — Tarcisio de Freitas Victory,Tarcisio de Freitas Victory,Brazil,brazil_presidential,presidential_two_round,brazil_first_round_margin_2026,1366015,0x6f98bf552b696e6698beb205cf3849a80696c9c03ef500435d01e9c57e4315e3,will-tarcisio-de-freitas-win-the-first-round-of-the-2026-brazilian-presidential-election,https://polymarket.com/event/will-tarcisio-de-freitas-win-the-first-round-of-the-2026-brazilian-presidential-election,YES,83269757217555629943134578848786647915368681844160716033008008468705095911501,Will Tarcisio de Freitas win the first round of the 2026 Brazilian presidential election?,OK,0.42,0.43,0.425,0.01,0.425,mid,0.43,0.42,2467.85,2152.88,17785.82,25532.76,25532.76,27812.63,33395.48,57273.61,2200919.09,3822658.08,,true,,1782486941136,e2953fbdfd680a2f261dd8b9c0f4a1e1a83fecdb
20260626T151548Z:RSO-0102:YES:86,20260626T151548Z,2026-06-26T15:15:48Z,RSO-0102,Brazil Presidential Election First Round: Margin of Victory,Brazil Presidential Election First Round: Margin of Victory — Ratinho Júnior Victory,Ratinho Júnior Victory,Brazil,brazil_presidential,presidential_two_round,brazil_first_round_margin_2026,1366016,0x1ebb9c918900fedc11089b62d09353ef7e9986ad9ff94fbce786e2541c1e3980,will-carlos-roberto-massa-jnior-win-the-first-round-of-the-2026-brazilian-presidential-election,https://polymarket.com/event/will-carlos-roberto-massa-jnior-win-the-first-round-of-the-2026-brazilian-presidential-election,YES,48237610808655602451252745673035721002146805186546999349082405380140320056791,Will Carlos Roberto Massa Júnior win the first round of the 2026 Brazilian presidential election?,OK,0.013,0.014,0.0135,0.001,0.0135,mid,0.014,0.013,9033.9,102,55892.9,126116.53,126116.53,12648.49,12772.21,13347.21,126116.53,5588016.01,,true,,1782486948199,81ac955842dc56986fb74bec614aabd45b1aba14
20260626T151548Z:RSO-0103:YES:87,20260626T151548Z,2026-06-26T15:15:48Z,RSO-0103,Brazil Presidential Election First Round: Margin of Victory,Brazil Presidential Election First Round: Margin of Victory — Other,Other,Brazil,brazil_presidential,presidential_two_round,brazil_first_round_margin_2026,1366017,0xf0918b480dabee05030dd06079dcc206f9abdb14f89821deacc025fce5cef2aa,will-another-person-win-the-first-round-of-the-2026-brazilian-presidential-election,https://polymarket.com/event/will-another-person-win-the-first-round-of-the-2026-brazilian-presidential-election,YES,74306749719457212671387730053142004427663532632544536840572498618977716344069,Will another person win the first round of the 2026 Brazilian presidential election?,OK,0.01,0.018,0.014,0.008,0.014,mid,0.018,0.01,100,159.99,2098602.93,2098602.93,2098602.93,2238.54,3194.54,3688.54,2098602.93,624113.12,,true,,1782486948171,295b9c11da83bea44efe8b15d465c12fc7932a2e
20260626T151548Z:RSO-0121:YES:88,20260626T151548Z,2026-06-26T15:15:48Z,RSO-0121,Brazil Presidential Election First Round: 2nd Place,Brazil Presidential Election First Round: 2nd Place — Flávio Bolsonaro,Flávio Bolsonaro,Brazil,brazil_presidential,presidential_two_round,brazil_first_round_second_place_2026,1365861,0x6114306f724135bd1db2f5f3169386decf18f618653c196ef0a6c1afd27f4c73,will-flvio-bolsonaro-finish-in-second-place-in-the-first-round-of-the-2026-brazilian-presidential-election,https://polymarket.com/event/will-flvio-bolsonaro-finish-in-second-place-in-the-first-round-of-the-2026-brazilian-presidential-election,YES,49821065181473419798146957267480015506102711160660718636601116902870701340131,Will Flávio Bolsonaro finish in second place in the first round of the 2026 Brazilian presidential election?,OK,0.27,0.29,0.28,0.02,0.28,mid,0.29,0.27,105.92,290.65,880.92,1101.15,1900.61,803.31,1172.97,3792.51,22947.5,35242.48,,true,,1782486948177,af2e40817c3fdaa8d2cd52ac3f2977e242074205
20260626T151548Z:RSO-0122:YES:89,20260626T151548Z,2026-06-26T15:15:48Z,RSO-0122,Brazil Presidential Election First Round: 2nd Place,Brazil Presidential Election First Round: 2nd Place — Renan Santos,Renan Santos,Brazil,brazil_presidential,presidential_two_round,brazil_first_round_second_place_2026,1365860,0x83030b249525db4c0bcd83a915776442f4ea32d2fba10825fca4abeb51512d8f,will-renan-santos-finish-in-second-place-in-the-first-round-of-the-2026-brazilian-presidential-election,https://polymarket.com/event/will-renan-santos-finish-in-second-place-in-the-first-round-of-the-2026-brazilian-presidential-election,YES,17281846673721797872676200679500341356941280903768395106563553424335510148596,Will Renan Santos finish in second place in the first round of the 2026 Brazilian presidential election?,OK,0.001,0.002,0.0015,0.001,0.0015,mid,0.002,0.001,2071847.83,41.09,2071847.83,2071847.83,2071847.83,8747.04,9335.39,11003.28,2071847.83,629981.67,,true,,1782486948157,eea7dd5a0ee966fbff2cb31faf26eeecfa58ff8e
20260626T151548Z:RSO-0123:YES:90,20260626T151548Z,2026-06-26T15:15:48Z,RSO-0123,Brazil Presidential Election First Round: 2nd Place,Brazil Presidential Election First Round: 2nd Place — Luiz Inácio Lula da Silva,Luiz Inácio Lula da Silva,Brazil,brazil_presidential,presidential_two_round,brazil_first_round_second_place_2026,1365854,0x8ee27c276a1bee094293751285d8a6697674b023196cb21fdd14bf3ca12f6ec0,will-luiz-incio-lula-da-silva-finish-in-second-place-in-the-first-round-of-the-2026-brazilian-presidential-election,https://polymarket.com/event/will-luiz-incio-lula-da-silva-finish-in-second-place-in-the-first-round-of-the-2026-brazilian-presidential-election,YES,109856098174983029722649567789098297237073018943808237804563416414463140161494,Will Luiz Inácio Lula da Silva finish in second place in the first round of the 2026 Brazilian presidential election?,OK,0.78,0.79,0.785,0.01,0.785,mid,0.79,0.78,976.31,1142.99,4043.73,6069.9,6197.9,7238.21,17356.19,19654.19,137675.7,216592.36,,true,,1782486942622,deebe756444b904cb8bfe1752b68872a607f3095
20260626T151548Z:RSO-0124:YES:91,20260626T151548Z,2026-06-26T15:15:48Z,RSO-0124,Brazil Presidential Election First Round: 2nd Place,Brazil Presidential Election First Round: 2nd Place — Romeu Zema,Romeu Zema,Brazil,brazil_presidential,presidential_two_round,brazil_first_round_second_place_2026,1365863,0xa68adbb0fedef76cef5c6e1ab2c2027704233fc5b6389037eb4d3565952892da,will-romeu-zema-finish-in-second-place-in-the-first-round-of-the-2026-brazilian-presidential-election,https://polymarket.com/event/will-romeu-zema-finish-in-second-place-in-the-first-round-of-the-2026-brazilian-presidential-election,YES,33120079315672925103019754502941180281339745524857289202950301940888637884529,Will Romeu Zema finish in second place in the first round of the 2026 Brazilian presidential election?,OK,0.78,0.83,0.805,0.05,0.805,mid,0.83,0.78,100,259.73,1115.06,1115.06,1115.06,604.73,674.73,674.73,119740.71,1068.49,,true,,1782486906945,62158ab293d744cc49cf60a3f117a1bd11901c24
20260626T151548Z:RSO-0125:YES:92,20260626T151548Z,2026-06-26T15:15:48Z,RSO-0125,Brazil Presidential Election First Round: 2nd Place,Brazil Presidential Election First Round: 2nd Place — Michelle Bolsonaro,Michelle Bolsonaro,Brazil,brazil_presidential,presidential_two_round,brazil_first_round_second_place_2026,1365857,0x000e7d579cf57fd0b8428656d385c57f3c6e7f8e5ffe9b7a9955fa2ffd2cd260,will-michelle-bolsonaro-finish-in-second-place-in-the-first-round-of-the-2026-brazilian-presidential-election,https://polymarket.com/event/will-michelle-bolsonaro-finish-in-second-place-in-the-first-round-of-the-2026-brazilian-presidential-election,YES,46016593873997340258679724205324373176224812313655314178053388989396764209886,Will Michelle Bolsonaro finish in second place in the first round of the 2026 Brazilian presidential election?,OK,0.001,0.002,0.0015,0.001,0.0015,mid,0.002,0.001,1061238.7,8426.5,1061238.7,1061238.7,1061238.7,8629.99,9022.13,9630.13,1061238.7,628692.59,,true,,1782486948258,0c99e0083d2ed4169775057e8474898f62776cb8
20260626T151548Z:RSO-0126:YES:93,20260626T151548Z,2026-06-26T15:15:48Z,RSO-0126,Brazil Presidential Election First Round: 2nd Place,Brazil Presidential Election First Round: 2nd Place — Fernando Haddad,Fernando Haddad,Brazil,brazil_presidential,presidential_two_round,brazil_first_round_second_place_2026,1365856,0x0f8a16fa8809127bc86712e24cea9314cf1eb000c69150ff01b9f10f166903f5,will-fernando-haddad-finish-in-second-place-in-the-first-round-of-the-2026-brazilian-presidential-election,https://polymarket.com/event/will-fernando-haddad-finish-in-second-place-in-the-first-round-of-the-2026-brazilian-presidential-election,YES,43401707698084567428952104543307143736192808401383569468543634607641861802704,Will Fernando Haddad finish in second place in the first round of the 2026 Brazilian presidential election?,OK,0.13,0.14,0.135,0.01,0.135,mid,0.14,0.13,56.28,31.55,56.28,571.28,585.58,81.55,495.7,583.7,15437.01,150065.84,,true,,1782486948388,6da1e0d55e180fa7a952a036e53f383a3bc3d3cc
20260626T151548Z:RSO-0127:YES:94,20260626T151548Z,2026-06-26T15:15:48Z,RSO-0127,Brazil Presidential Election First Round: 2nd Place,Brazil Presidential Election First Round: 2nd Place — Camilo Santana,Camilo Santana,Brazil,brazil_presidential,presidential_two_round,brazil_first_round_second_place_2026,1365864,0x8576ba0a2bbe51db4f61c513059475a09e0cb0bd754b955fce0ddc7793ffa08f,will-camilo-santana-finish-in-second-place-in-the-first-round-of-the-2026-brazilian-presidential-election,https://polymarket.com/event/will-camilo-santana-finish-in-second-place-in-the-first-round-of-the-2026-brazilian-presidential-election,YES,2501107153963268281942035041037528214870417801204824857715972358420826737525,Will Camilo Santana finish in second place in the first round of the 2026 Brazilian presidential election?,OK,0.002,0.003,0.0025,0.001,0.0025,mid,0.003,0.002,131514.34,749.32,390106.34,390106.34,390106.34,2921.82,3894.92,4770.58,390106.34,516399.81,,true,,1782486902288,9a0c6815073b76660200a734cdc2b4c32ae4685f
20260626T151548Z:RSO-0128:YES:95,20260626T151548Z,2026-06-26T15:15:48Z,RSO-0128,Brazil Presidential Election First Round: 2nd Place,Brazil Presidential Election First Round: 2nd Place — Ronaldo Caiado,Ronaldo Caiado,Brazil,brazil_presidential,presidential_two_round,brazil_first_round_second_place_2026,1365862,0x1991f63d7497ae667a9b78932ec8834ee411bdce4272b5fd42a1cf9f05cca1fb,will-ronaldo-caiado-finish-in-second-place-in-the-first-round-of-the-2026-brazilian-presidential-election,https://polymarket.com/event/will-ronaldo-caiado-finish-in-second-place-in-the-first-round-of-the-2026-brazilian-presidential-election,YES,96410334963636722955423607584767406044469608220941769303770962314672696289162,Will Ronaldo Caiado finish in second place in the first round of the 2026 Brazilian presidential election?,OK,0.033,0.046,0.0395,0.013,0.0395,mid,0.046,0.033,82.94,15,385.36,5780.13,28877.42,30,30,40,28877.42,682406.19,,true,,1782486933433,c15b73ce7ccac8a46e59b447433dbdc772fb85a2
20260626T151548Z:RSO-0129:YES:96,20260626T151548Z,2026-06-26T15:15:48Z,RSO-0129,Brazil Presidential Election First Round: 2nd Place,Brazil Presidential Election First Round: 2nd Place — Geraldo Alckmin,Geraldo Alckmin,Brazil,brazil_presidential,presidential_two_round,brazil_first_round_second_place_2026,1365865,0xce4c63006ae8c2690d9da01aff225c4ff9258a9722a86ffad4bb7964d20d0bc3,will-geraldo-alckmin-finish-in-second-place-in-the-first-round-of-the-2026-brazilian-presidential-election,https://polymarket.com/event/will-geraldo-alckmin-finish-in-second-place-in-the-first-round-of-the-2026-brazilian-presidential-election,YES,100647140845022421372197923820844978928757465820355118741468398091991301752614,Will Geraldo Alckmin finish in second place in the first round of the 2026 Brazilian presidential election?,OK,0.56,0.57,0.565,0.01,0.565,mid,0.57,0.56,7418.17,9305.13,47730.71,116991.21,141924.98,29854.72,89385.63,111267.26,552276.69,2244300.94,,true,,1782486947487,dcbe3505552991f64dd055474745f1815782493a
20260626T151548Z:RSO-0130:YES:97,20260626T151548Z,2026-06-26T15:15:48Z,RSO-0130,Brazil Presidential Election First Round: 2nd Place,Brazil Presidential Election First Round: 2nd Place — Tereza Cristina,Tereza Cristina,Brazil,brazil_presidential,presidential_two_round,brazil_first_round_second_place_2026,1365868,0x178b80b71955607500875f59a6bfe67bfac7428f4650cb3d219f1f81bd5d7d5f,will-tereza-cristina-finish-in-second-place-in-the-first-round-of-the-2026-brazilian-presidential-election,https://polymarket.com/event/will-tereza-cristina-finish-in-second-place-in-the-first-round-of-the-2026-brazilian-presidential-election,YES,34627033339089799648488362851420954182098601277414632412441293328075890478329,Will Tereza Cristina finish in second place in the first round of the 2026 Brazilian presidential election?,OK,0.033,0.037,0.035,0.004,0.035,mid,0.037,0.033,469.51,10.92,763.07,1763.07,53673.6,146.58,146.58,156.58,53673.6,181474.21,,true,,1782486947368,dae4c08b3910c750d58f6d38eb9444c709052126
20260626T151548Z:RSO-0131:YES:98,20260626T151548Z,2026-06-26T15:15:48Z,RSO-0131,Brazil Presidential Election First Round: 2nd Place,Brazil Presidential Election First Round: 2nd Place — Jair Bolsonaro,Jair Bolsonaro,Brazil,brazil_presidential,presidential_two_round,brazil_first_round_second_place_2026,1365855,0x61fc517c2b0d6f945868070a3ac722bfa35f07154d34bec2f9bfe41436098bce,will-jair-bolsonaro-finish-in-second-place-in-the-first-round-of-the-2026-brazilian-presidential-election,https://polymarket.com/event/will-jair-bolsonaro-finish-in-second-place-in-the-first-round-of-the-2026-brazilian-presidential-election,YES,83876793336180326706196874280359054202939399660278096295476103143222298663644,Will Jair Bolsonaro finish in second place in the first round of the 2026 Brazilian presidential election?,OK,0.14,0.15,0.145,0.01,0.145,mid,0.15,0.14,586.82,1260.46,2268.51,3359.96,6491.98,4977.49,7680.5,8445.6,60966.07,198554.24,,true,,1782486948189,65842fd68fa6c0c5f133fb4585200d6e69b88afe
20260626T151548Z:RSO-0132:YES:99,20260626T151548Z,2026-06-26T15:15:48Z,RSO-0132,Brazil Presidential Election First Round: 2nd Place,Brazil Presidential Election First Round: 2nd Place — Ratinho Júnior,Ratinho Júnior,Brazil,brazil_presidential,presidential_two_round,brazil_first_round_second_place_2026,1365859,0xbc08327dd1ef7486e5f8bb3e662b5d484518ae891a39b6893cbb02f3119ad018,will-carlos-roberto-massa-jnior-finish-in-second-place-in-the-first-round-of-the-2026-brazilian-presidential-election,https://polymarket.com/event/will-carlos-roberto-massa-jnior-finish-in-second-place-in-the-first-round-of-the-2026-brazilian-presidential-election,YES,6499888178060809648681651117884070785761343371629912968631048884446465281536,Will Carlos Roberto Massa Júnior finish in second place in the first round of the 2026 Brazilian presidential election?,OK,0.002,0.003,0.0025,0.001,0.0025,mid,0.003,0.002,206017.09,149953.3,1366533.51,1366533.51,1366533.51,171528.52,184632.61,221687.33,1366533.51,1664933.68,,true,,1782486945059,f190e4f73da9df64cf4e63ea4fe55b300f6ecb65
20260626T151548Z:RSO-0133:YES:100,20260626T151548Z,2026-06-26T15:15:48Z,RSO-0133,Brazil Presidential Election First Round: 2nd Place,Brazil Presidential Election First Round: 2nd Place — Eduardo Bolsonaro,Eduardo Bolsonaro,Brazil,brazil_presidential,presidential_two_round,brazil_first_round_second_place_2026,1365858,0xca31cf97c3beadd7e4002b6c9b9d787164c26675f915b65fb1ce9fb858b8e20c,will-eduardo-bolsonaro-finish-in-second-place-in-the-first-round-of-the-2026-brazilian-presidential-election,https://polymarket.com/event/will-eduardo-bolsonaro-finish-in-second-place-in-the-first-round-of-the-2026-brazilian-presidential-election,YES,78774274724875388178403046699851136533744251110544224042871134690136814270663,Will Eduardo Bolsonaro finish in second place in the first round of the 2026 Brazilian presidential election?,OK,0.014,0.015,0.0145,0.001,0.0145,mid,0.015,0.014,3541.07,9394.32,181072.02,1035705.5,1035705.5,19230.28,123852.23,128102.9,1035705.5,13966630.93,,true,,1782486944896,6db037dc6a49c1005bd1ad1b2d6bb4db06edec78
20260626T151548Z:RSO-0134:YES:101,20260626T151548Z,2026-06-26T15:15:48Z,RSO-0134,Brazil Presidential Election First Round: 2nd Place,Brazil Presidential Election First Round: 2nd Place — Aldo Rebelo,Aldo Rebelo,Brazil,brazil_presidential,presidential_two_round,brazil_first_round_second_place_2026,1365866,0xb7703a974306001b283bc071234f1f04c832e793820ba284788e688d305201bf,will-aldo-rebelo-finish-in-second-place-in-the-first-round-of-the-2026-brazilian-presidential-election,https://polymarket.com/event/will-aldo-rebelo-finish-in-second-place-in-the-first-round-of-the-2026-brazilian-presidential-election,YES,73782660467554965374169421398916491950927878048754269104726859394021414994290,Will Aldo Rebelo finish in second place in the first round of the 2026 Brazilian presidential election?,OK,0.001,0.002,0.0015,0.001,0.0015,mid,0.002,0.001,2017133.63,16289.4,2017133.63,2017133.63,2017133.63,17500.61,17772.61,18551.38,2017133.63,634964.8,,true,,1782486948268,e8608e19de31deba6470043028540b1f8eec5814
20260626T151548Z:RSO-0135:YES:102,20260626T151548Z,2026-06-26T15:15:48Z,RSO-0135,Brazil Presidential Election First Round: 2nd Place,Brazil Presidential Election First Round: 2nd Place — Tarcisio de Freitas,Tarcisio de Freitas,Brazil,brazil_presidential,presidential_two_round,brazil_first_round_second_place_2026,1365853,0xfe963a6028277fed1de25b6ca8f640bc7c028e4ef0d0e4f4ff4f5daf5f9ae824,will-tarcisio-de-freitas-finish-in-second-place-in-the-first-round-of-the-2026-brazilian-presidential-election,https://polymarket.com/event/will-tarcisio-de-freitas-finish-in-second-place-in-the-first-round-of-the-2026-brazilian-presidential-election,YES,6074730652236363232062392177852837468646646517333194016258587234210162040868,Will Tarcisio de Freitas finish in second place in the first round of the 2026 Brazilian presidential election?,OK,0.002,0.003,0.0025,0.001,0.0025,mid,0.003,0.002,20076.54,1069.1,73576.54,73576.54,73576.54,1744.08,1884.08,1884.08,73576.54,568401.49,,true,,1782486946649,2cce4b45772d344ea8a73e78baffd7f271d62739
20260626T151548Z:RSO-0136:YES:103,20260626T151548Z,2026-06-26T15:15:48Z,RSO-0136,Brazil Presidential Election First Round: 2nd Place,Brazil Presidential Election First Round: 2nd Place — Eduardo Leite,Eduardo Leite,Brazil,brazil_presidential,presidential_two_round,brazil_first_round_second_place_2026,1365867,0x45933d8382439be6ffbd714ffc412d549e9ff5e58cc0c4165b68cfc41a897c64,will-eduardo-leite-finish-in-second-place-in-the-first-round-of-the-2026-brazilian-presidential-election,https://polymarket.com/event/will-eduardo-leite-finish-in-second-place-in-the-first-round-of-the-2026-brazilian-presidential-election,YES,3857433689191750929372526494085053375351187588061258674174285931676269992527,Will Eduardo Leite finish in second place in the first round of the 2026 Brazilian presidential election?,OK,0.037,0.062,0.0495,0.025,0.0495,mid,0.062,0.037,14.55,30,2791.24,3809.18,39315.01,78.8,302.64,452.64,39315.01,148975.95,,true,,1782486948259,243f58130bfcf62f6976ae30b0c25353a4f6cf0c
20260626T151548Z:RSO-0137:YES:104,20260626T151548Z,2026-06-26T15:15:48Z,RSO-0137,Brazil Presidential Election First Round: 2nd Place,Brazil Presidential Election First Round: 2nd Place — Helder Barbalho,Helder Barbalho,Brazil,brazil_presidential,presidential_two_round,brazil_first_round_second_place_2026,1365869,0x2366a6b980302d1a20c47d3bf5a2ce1d86a488197b83730554aab7d9c96e72cf,will-helder-barbalho-finish-in-second-place-in-the-first-round-of-the-2026-brazilian-presidential-election,https://polymarket.com/event/will-helder-barbalho-finish-in-second-place-in-the-first-round-of-the-2026-brazilian-presidential-election,YES,106668975761330270515771342419617310966435345191219965467949358265004206634577,Will Helder Barbalho finish in second place in the first round of the 2026 Brazilian presidential election?,OK,0.002,0.009,0.0055,0.007,0.0055,mid,0.009,0.002,816,137,18723.65,18723.65,18723.65,246.94,246.94,246.94,18723.65,156641.03,,true,,1782486946641,5d1cad041e331d56fb743505a1950a6a35156b38
20260626T151548Z:RSO-0138:YES:105,20260626T151548Z,2026-06-26T15:15:48Z,RSO-0138,Brazil Presidential Election First Round: 3rd Place,Brazil Presidential Election First Round: 3rd Place — Renan Santos,Renan Santos,Brazil,brazil_presidential,presidential_two_round,brazil_first_round_third_place_2026,1365894,0xcba20965509d04b5f3ae2c51a221747317aff9387c197ca6d5919e85e5a20ee9,will-renan-santos-finish-in-third-place-in-the-first-round-of-the-2026-brazilian-presidential-election,https://polymarket.com/event/will-renan-santos-finish-in-third-place-in-the-first-round-of-the-2026-brazilian-presidential-election,YES,72535696429445050612666657960056103058476328640415986990291437131287448661718,Will Renan Santos finish in third place in the first round of the 2026 Brazilian presidential election?,OK,0.002,0.003,0.0025,0.001,0.0025,mid,0.003,0.002,2356.3,1549.7,74854.3,74854.3,74854.3,1729.69,1729.69,1729.69,74854.3,394939.44,,true,,1782486946731,449edc1683849251a11d23b2af7c8954c42ea92f
20260626T151548Z:RSO-0139:YES:106,20260626T151548Z,2026-06-26T15:15:48Z,RSO-0139,Brazil Presidential Election First Round: 3rd Place,Brazil Presidential Election First Round: 3rd Place — Ronaldo Caiado,Ronaldo Caiado,Brazil,brazil_presidential,presidential_two_round,brazil_first_round_third_place_2026,1365896,0x3dbbbe0f8e69b1aee0092e1eca397b24c954c00ecc54995035a8683201ad26aa,will-ronaldo-caiado-finish-in-third-place-in-the-first-round-of-the-2026-brazilian-presidential-election,https://polymarket.com/event/will-ronaldo-caiado-finish-in-third-place-in-the-first-round-of-the-2026-brazilian-presidential-election,YES,88578465272411624227946968556355768244846251347974013830272507870143623656581,Will Ronaldo Caiado finish in third place in the first round of the 2026 Brazilian presidential election?,OK,0.002,0.003,0.0025,0.001,0.0025,mid,0.003,0.002,1023.56,1743.36,19410.61,19410.61,19410.61,9262.47,9382.47,10570.95,19410.61,347636.83,,true,,1782486948184,e670d6253fc230abca8cb001c5444229217755ca
20260626T151548Z:RSO-0140:YES:107,20260626T151548Z,2026-06-26T15:15:48Z,RSO-0140,Brazil Presidential Election First Round: 3rd Place,Brazil Presidential Election First Round: 3rd Place — Romeu Zema,Romeu Zema,Brazil,brazil_presidential,presidential_two_round,brazil_first_round_third_place_2026,1365897,0x7452216a57a3bef85439820c7bb421fa38e5a5ecff8c43658de515c1df70151e,will-romeu-zema-finish-in-third-place-in-the-first-round-of-the-2026-brazilian-presidential-election,https://polymarket.com/event/will-romeu-zema-finish-in-third-place-in-the-first-round-of-the-2026-brazilian-presidential-election,YES,90180475101756729089570182362261460642819230033481570755127033507477996050412,Will Romeu Zema finish in third place in the first round of the 2026 Brazilian presidential election?,OK,0.001,0.002,0.0015,0.001,0.0015,mid,0.002,0.001,7237.43,413.13,7237.43,7237.43,7237.43,555.2,614.7,1067.7,7237.43,220500.05,,true,,1782486914785,a95b5313f4f212bf89ed595f2d222ce4dcd860e4
20260626T151548Z:RSO-0141:YES:108,20260626T151548Z,2026-06-26T15:15:48Z,RSO-0141,Brazil Presidential Election First Round: 3rd Place,Brazil Presidential Election First Round: 3rd Place — Flávio Bolsonaro,Flávio Bolsonaro,Brazil,brazil_presidential,presidential_two_round,brazil_first_round_third_place_2026,1365895,0x6be36f266340255dd19e09482da15b256ec51bd478309d667495645fde253a22,will-flvio-bolsonaro-finish-in-third-place-in-the-first-round-of-the-2026-brazilian-presidential-election,https://polymarket.com/event/will-flvio-bolsonaro-finish-in-third-place-in-the-first-round-of-the-2026-brazilian-presidential-election,YES,72105519990658117217601472036918871987045329443196791013027800715032836032517,Will Flávio Bolsonaro finish in third place in the first round of the 2026 Brazilian presidential election?,OK,0.014,0.029,0.0215,0.015,0.0215,mid,0.029,0.014,217,169.75,272,36081,36081,259.75,264.75,264.75,36081,406699.14,,true,,1782486946853,721b97496313dea25fa24b7eeb518c4ffda69e13
20260626T151548Z:RSO-0142:YES:109,20260626T151548Z,2026-06-26T15:15:48Z,RSO-0142,Brazil Presidential Election First Round: 3rd Place,Brazil Presidential Election First Round: 3rd Place — Fernando Haddad,Fernando Haddad,Brazil,brazil_presidential,presidential_two_round,brazil_first_round_third_place_2026,1365890,0xacc4e526a8c6f718b80ac7f559157b5197f040fb4505a7188a6315ab208f9e36,will-fernando-haddad-finish-in-third-place-in-the-first-round-of-the-2026-brazilian-presidential-election,https://polymarket.com/event/will-fernando-haddad-finish-in-third-place-in-the-first-round-of-the-2026-brazilian-presidential-election,YES,68900789111688395688502786616903396723989073762161917546372882449576813191849,Will Fernando Haddad finish in third place in the first round of the 2026 Brazilian presidential election?,OK,0.02,0.026,0.023,0.006,0.023,mid,0.026,0.02,146.6,28.5,7792.69,197898.64,197898.64,4459.96,9233.6,12370.12,197898.64,398377.1,,true,,1782486948683,fe15b27b8937b99f7844734fa8716d7cd2d470b8
20260626T151548Z:RSO-0143:YES:110,20260626T151548Z,2026-06-26T15:15:48Z,RSO-0143,Brazil Presidential Election First Round: 3rd Place,Brazil Presidential Election First Round: 3rd Place — Michelle Bolsonaro,Michelle Bolsonaro,Brazil,brazil_presidential,presidential_two_round,brazil_first_round_third_place_2026,1365891,0x100bfbd547cdb8782f816235d4f7d4301ec473250f4df606e6809605cdb3b5e9,will-michelle-bolsonaro-finish-in-third-place-in-the-first-round-of-the-2026-brazilian-presidential-election,https://polymarket.com/event/will-michelle-bolsonaro-finish-in-third-place-in-the-first-round-of-the-2026-brazilian-presidential-election,YES,49351020302549947445240161216979954485123748869512687492350910080193586920226,Will Michelle Bolsonaro finish in third place in the first round of the 2026 Brazilian presidential election?,OK,0.002,0.007,0.0045,0.005,0.0045,mid,0.007,0.002,160.03,200,39104.03,39104.03,39104.03,1069.41,1262.84,1262.84,39104.03,401773.69,,true,,1782486946819,06680f6d4846ee1bed551f8950c292ffc4240a73
20260626T151548Z:RSO-0144:YES:111,20260626T151548Z,2026-06-26T15:15:48Z,RSO-0144,Brazil Presidential Election First Round: 3rd Place,Brazil Presidential Election First Round: 3rd Place — Luiz Inácio Lula da Silva,Luiz Inácio Lula da Silva,Brazil,brazil_presidential,presidential_two_round,brazil_first_round_third_place_2026,1365888,0xd24e8798122cba5bb43a77e9a78f2e26bd65c47f281f4b66582718fa215b9f6e,will-luiz-incio-lula-da-silva-finish-in-third-place-in-the-first-round-of-the-2026-brazilian-presidential-election,https://polymarket.com/event/will-luiz-incio-lula-da-silva-finish-in-third-place-in-the-first-round-of-the-2026-brazilian-presidential-election,YES,83523389355379455617216619302245463257831942159580180419891340819821613515660,Will Luiz Inácio Lula da Silva finish in third place in the first round of the 2026 Brazilian presidential election?,OK,0.002,0.003,0.0025,0.001,0.0025,mid,0.003,0.002,1557.29,82.62,15283.29,15283.29,15283.29,238.22,238.22,238.22,15283.29,149638.14,,true,,1782486947160,f24d27124ea06c8ca52e441c97e987b5d6af2ec9
20260626T151548Z:RSO-0145:YES:112,20260626T151548Z,2026-06-26T15:15:48Z,RSO-0145,Brazil Presidential Election First Round: 3rd Place,Brazil Presidential Election First Round: 3rd Place — Camilo Santana,Camilo Santana,Brazil,brazil_presidential,presidential_two_round,brazil_first_round_third_place_2026,1365898,0xe0bdf2bdc79bac3880e6dc76513f0f02df91ed5c2650954a66ea9c7f09b7e6e5,will-camilo-santana-finish-in-third-place-in-the-first-round-of-the-2026-brazilian-presidential-election,https://polymarket.com/event/will-camilo-santana-finish-in-third-place-in-the-first-round-of-the-2026-brazilian-presidential-election,YES,14625196078870030930212146457810187393803805444846576279727526171169322797888,Will Camilo Santana finish in third place in the first round of the 2026 Brazilian presidential election?,OK,0.006,0.013,0.0095,0.007,0.0095,mid,0.013,0.006,40.01,142.6,42210.4,42210.4,42210.4,222.59,242.59,242.59,42210.4,153240.21,,true,,1782486946624,b49a94238e3aa859d119a17f68b4f7e8d55052d8
20260626T151548Z:RSO-0146:YES:113,20260626T151548Z,2026-06-26T15:15:48Z,RSO-0146,Brazil Presidential Election First Round: 3rd Place,Brazil Presidential Election First Round: 3rd Place — Eduardo Bolsonaro,Eduardo Bolsonaro,Brazil,brazil_presidential,presidential_two_round,brazil_first_round_third_place_2026,1365892,0x43984893f308ca7980b90d7634faa9b7c5e29b71733ed1eff7be3b0e8e0248fd,will-eduardo-bolsonaro-finish-in-third-place-in-the-first-round-of-the-2026-brazilian-presidential-election,https://polymarket.com/event/will-eduardo-bolsonaro-finish-in-third-place-in-the-first-round-of-the-2026-brazilian-presidential-election,YES,77695179199504241233318281547041031759227451576427270759028171066693823111590,Will Eduardo Bolsonaro finish in third place in the first round of the 2026 Brazilian presidential election?,OK,0.032,0.033,0.0325,0.001,0.0325,mid,0.033,0.032,216.29,23,3656.58,98109.02,2542862.47,4039.87,21779.42,24039.42,2542862.47,1019940.03,,true,,1782486946918,5e465038c772b5b29f8bfe7a92fe1be9c82bc57e
20260626T151548Z:RSO-0147:YES:114,20260626T151548Z,2026-06-26T15:15:48Z,RSO-0147,Brazil Presidential Election First Round: 3rd Place,Brazil Presidential Election First Round: 3rd Place — Aldo Rebelo,Aldo Rebelo,Brazil,brazil_presidential,presidential_two_round,brazil_first_round_third_place_2026,1365900,0x6b4d9574d789228b2f14edc10b452dc8948e38be04dba6bf90d0104e3e4e1f43,will-aldo-rebelo-finish-in-third-place-in-the-first-round-of-the-2026-brazilian-presidential-election,https://polymarket.com/event/will-aldo-rebelo-finish-in-third-place-in-the-first-round-of-the-2026-brazilian-presidential-election,YES,111311151154014585812304238818591195075829743734952417845440348572279563265684,Will Aldo Rebelo finish in third place in the first round of the 2026 Brazilian presidential election?,OK,0.94,0.95,0.945,0.01,0.945,mid,0.95,0.94,48535.9,2942.77,53224.72,53530.72,54211.04,8302.66,25267.57,35776.82,249121.22,35776.82,,true,,1782486947634,b0bc6ed7df98efb53f9fd72bff5ad3309a0d52bd
20260626T151548Z:RSO-0148:YES:115,20260626T151548Z,2026-06-26T15:15:48Z,RSO-0148,Brazil Presidential Election First Round: 3rd Place,Brazil Presidential Election First Round: 3rd Place — Tarcisio de Freitas,Tarcisio de Freitas,Brazil,brazil_presidential,presidential_two_round,brazil_first_round_third_place_2026,1365887,0xc69eb6554a719e2fbcb1718e11ae0bd0d8cdb433e8c199329c148efc710c26e5,will-tarcisio-de-freitas-finish-in-third-place-in-the-first-round-of-the-2026-brazilian-presidential-election,https://polymarket.com/event/will-tarcisio-de-freitas-finish-in-third-place-in-the-first-round-of-the-2026-brazilian-presidential-election,YES,76166924205019019068857043962896099082882521942521931098813226982265263647630,Will Tarcisio de Freitas finish in third place in the first round of the 2026 Brazilian presidential election?,OK,0.003,0.006,0.0045,0.003,0.0045,mid,0.006,0.003,432.2,258.87,341144.2,341144.2,341144.2,3829.42,3909.42,3909.42,341144.2,189717.62,,true,,1782486935825,3d4e9c1d0cc8bc7729338330e9038370e9cad7c1
20260626T151548Z:RSO-0149:YES:116,20260626T151548Z,2026-06-26T15:15:48Z,RSO-0149,Brazil Presidential Election First Round: 3rd Place,Brazil Presidential Election First Round: 3rd Place — Jair Bolsonaro,Jair Bolsonaro,Brazil,brazil_presidential,presidential_two_round,brazil_first_round_third_place_2026,1365889,0xa3e04eadbc6afac2e94d9eebb09d1705e254d313d06a51943cb18fc0612f4835,will-jair-bolsonaro-finish-in-third-place-in-the-first-round-of-the-2026-brazilian-presidential-election,https://polymarket.com/event/will-jair-bolsonaro-finish-in-third-place-in-the-first-round-of-the-2026-brazilian-presidential-election,YES,57129492998705445481010574377025062654637053860257756183157606940764680444792,Will Jair Bolsonaro finish in third place in the first round of the 2026 Brazilian presidential election?,OK,0.002,0.003,0.0025,0.001,0.0025,mid,0.003,0.002,65609.05,121638.62,2414347.49,2414347.49,2414347.49,135627.4,135938.65,135938.65,2414347.49,926363.94,,true,,1782486948483,cf42632bb35f08d46a4b73f589c4111ed0e71441
20260626T151548Z:RSO-0150:YES:117,20260626T151548Z,2026-06-26T15:15:48Z,RSO-0150,Brazil Presidential Election First Round: 3rd Place,Brazil Presidential Election First Round: 3rd Place — Ratinho Júnior,Ratinho Júnior,Brazil,brazil_presidential,presidential_two_round,brazil_first_round_third_place_2026,1365893,0x31f31222f37f2583de6c44c4297cafdccfd21d443e785042af0180192897f8ed,will-carlos-roberto-massa-jnior-finish-in-third-place-in-the-first-round-of-the-2026-brazilian-presidential-election,https://polymarket.com/event/will-carlos-roberto-massa-jnior-finish-in-third-place-in-the-first-round-of-the-2026-brazilian-presidential-election,YES,98279737312722721984464036473219944696451907001028596656918791113590571774639,Will Carlos Roberto Massa Júnior finish in third place in the first round of the 2026 Brazilian presidential election?,OK,0.21,0.22,0.215,0.01,0.215,mid,0.22,0.21,137.79,830.82,1074,3460.67,4221.98,1454.1,5807.82,7635.82,34720.81,323459.13,,true,,1782486945847,fd2131c176aa7b176d67938111d8a8e8f2b49270
20260626T151548Z:RSO-0151:YES:118,20260626T151548Z,2026-06-26T15:15:48Z,RSO-0151,Brazil Presidential Election First Round: 3rd Place,Brazil Presidential Election First Round: 3rd Place — Geraldo Alckmin,Geraldo Alckmin,Brazil,brazil_presidential,presidential_two_round,brazil_first_round_third_place_2026,1365899,0x5623b547fd959cd4d4b0e1f810d225ec6f0f8215b7a7e882b89692337a8a2956,will-geraldo-alckmin-finish-in-third-place-in-the-first-round-of-the-2026-brazilian-presidential-election,https://polymarket.com/event/will-geraldo-alckmin-finish-in-third-place-in-the-first-round-of-the-2026-brazilian-presidential-election,YES,84251456841717243220130557907268921144049968775253585100134320614694975152986,Will Geraldo Alckmin finish in third place in the first round of the 2026 Brazilian presidential election?,OK,0.49,0.52,0.505,0.03,0.505,mid,0.52,0.49,5,954.89,455.85,631.85,2171.85,1685.69,1851.69,1851.69,162474.28,428011.46,,true,,1782486914525,74b62bb657480450b062d11772a00a3bf0cec32b
20260626T151548Z:RSO-0152:YES:119,20260626T151548Z,2026-06-26T15:15:48Z,RSO-0152,Brazil Presidential Election First Round: 3rd Place,Brazil Presidential Election First Round: 3rd Place — Tereza Cristina,Tereza Cristina,Brazil,brazil_presidential,presidential_two_round,brazil_first_round_third_place_2026,1365902,0x64b05c5935a2de4a4a36e7de1089564d08d0ce7e06f5deaae916c3bdc9ca3b3b,will-tereza-cristina-finish-in-third-place-in-the-first-round-of-the-2026-brazilian-presidential-election,https://polymarket.com/event/will-tereza-cristina-finish-in-third-place-in-the-first-round-of-the-2026-brazilian-presidential-election,YES,96795671760346135574613029949576811711368142411333240580887520155225528465847,Will Tereza Cristina finish in third place in the first round of the 2026 Brazilian presidential election?,OK,0.18,0.19,0.185,0.01,0.185,mid,0.19,0.18,1700.86,152.53,2126.42,10712.28,11216.28,718.18,3186.69,4237.71,24634.39,189433.4,,true,,1782486944573,30bc1f7d24cc619855b8bbac89489a7ff243bc29
20260626T151548Z:RSO-0153:YES:120,20260626T151548Z,2026-06-26T15:15:48Z,RSO-0153,Brazil Presidential Election First Round: 3rd Place,Brazil Presidential Election First Round: 3rd Place — Eduardo Leite,Eduardo Leite,Brazil,brazil_presidential,presidential_two_round,brazil_first_round_third_place_2026,1365901,0xf520f38b0d0ba1a1ffb9dd77af6cfb66052ebc7cf2daa4df8c6b50d593278428,will-eduardo-leite-finish-in-third-place-in-the-first-round-of-the-2026-brazilian-presidential-election,https://polymarket.com/event/will-eduardo-leite-finish-in-third-place-in-the-first-round-of-the-2026-brazilian-presidential-election,YES,111543830332110820988165937452887760595067644846274162990773262945236746453247,Will Eduardo Leite finish in third place in the first round of the 2026 Brazilian presidential election?,OK,0.002,0.003,0.0025,0.001,0.0025,mid,0.003,0.002,1989,888.58,72367,72367,72367,918.58,918.58,918.58,72367,391813.38,,true,,1782486946634,7506266a2e5020f5031575a5655e9002b54ef021
20260626T151548Z:RSO-0154:YES:121,20260626T151548Z,2026-06-26T15:15:48Z,RSO-0154,Brazil Presidential Election First Round: 3rd Place,Brazil Presidential Election First Round: 3rd Place — Helder Barbalho,Helder Barbalho,Brazil,brazil_presidential,presidential_two_round,brazil_first_round_third_place_2026,1365903,0x16cf9dd91e179eb378fee73ddb2d1ee9e395b65757f3f583b1bc925075cda4ac,will-helder-barbalho-finish-in-third-place-in-the-first-round-of-the-2026-brazilian-presidential-election,https://polymarket.com/event/will-helder-barbalho-finish-in-third-place-in-the-first-round-of-the-2026-brazilian-presidential-election,YES,71697065098193440609393877290510705365065522497692176456171369889253319010735,Will Helder Barbalho finish in third place in the first round of the 2026 Brazilian presidential election?,OK,0.005,0.015,0.01,0.01,0.01,mid,0.015,0.005,100,20,44408,44408,44408,151.99,151.99,151.99,44408,408468.98,,true,,1782486947100,c1755c8f7ced7647c8484dac92246c68c28e87fd
20260626T151548Z:RSO-0160:YES:122,20260626T151548Z,2026-06-26T15:15:48Z,RSO-0160,Next Prime Minister of Sweden,Next Prime Minister of Sweden — Magdalena Andersson,Magdalena Andersson,Sweden,global_satellite,parliamentary_coalition,sweden_pm_2026,1193094,0x58d5cc2bf06a3289b127049239aee051f3b941f219efebbca02d3f50f0eb2a64,will-magdalena-andersson-be-the-next-prime-minister-of-sweden,https://polymarket.com/event/will-magdalena-andersson-be-the-next-prime-minister-of-sweden,YES,6761884778816083542753350539779617201084594664234729655783875952381923983097,Will Magdalena Andersson be the next Prime Minister of Sweden?,OK,0.002,0.005,0.0035,0.003,0.0035,mid,0.005,0.002,600,761.78,17668,17668,17668,880.73,880.73,880.73,17668,148078.73,,true,,1782486947144,70509102630b2c065797459fe264c166375cee57
20260626T151548Z:RSO-0161:YES:123,20260626T151548Z,2026-06-26T15:15:48Z,RSO-0161,Next Prime Minister of Sweden,Next Prime Minister of Sweden — Ulf Kristersson,Ulf Kristersson,Sweden,global_satellite,parliamentary_coalition,sweden_pm_2026,1193093,0x8a42bb4cb9b9f157b539611f6a8c122388f652570cfc3c07d538e7df2bb78894,will-ulf-kristersson-be-the-next-prime-minister-of-sweden,https://polymarket.com/event/will-ulf-kristersson-be-the-next-prime-minister-of-sweden,YES,19884202204363090591845974364927513432419394537229594683046302661092511466716,Will Ulf Kristersson be the next Prime Minister of Sweden?,OK,0.002,0.003,0.0025,0.001,0.0025,mid,0.003,0.002,2038,173.2,37477.1,37477.1,37477.1,319.6,647.5,647.5,37477.1,408718.99,,true,,1782486947102,ca07a7950fe2099629470ce41ad8f8abce5dbd1a
20260626T151548Z:RSO-0162:YES:124,20260626T151548Z,2026-06-26T15:15:48Z,RSO-0162,Next Prime Minister of Sweden,Next Prime Minister of Sweden — Jimmie Åkesson,Jimmie Åkesson,Sweden,global_satellite,parliamentary_coalition,sweden_pm_2026,1193095,0x86fa2351e7a9469fd8bcd9a28ad5e300a59c3764747ad1eb7d6248546efbabfd,will-jimmie-kesson-be-the-next-prime-minister-of-sweden,https://polymarket.com/event/will-jimmie-kesson-be-the-next-prime-minister-of-sweden,YES,82283291912489202302595502692326101345632588904573705648995568317366762287152,Will Jimmie Åkesson be the next Prime Minister of Sweden?,OK,0.001,0.003,0.002,0.002,0.002,mid,0.003,0.001,16599.09,1936.52,16599.09,16599.09,16599.09,7065.25,7125.25,8313.73,16599.09,345028.44,,true,,1782486948183,402332eea40aa4e66cf5435bc000ca35d79e33c9
20260626T151548Z:RSO-0163:YES:125,20260626T151548Z,2026-06-26T15:15:48Z,RSO-0163,Next Prime Minister of Sweden,Next Prime Minister of Sweden — Ebba Busch,Ebba Busch,Sweden,global_satellite,parliamentary_coalition,sweden_pm_2026,1193096,0xa5b2b9d0e333d50db759139a364c01af812a3db60e5c653b9f959b6ef5d7139e,will-ebba-busch-be-the-next-prime-minister-of-sweden,https://polymarket.com/event/will-ebba-busch-be-the-next-prime-minister-of-sweden,YES,46694911209504709842407102211694105151918150655785824361504208059495748983717,Will Ebba Busch be the next Prime Minister of Sweden?,OK,0.001,0.004,0.0025,0.003,0.0025,mid,0.004,0.001,20683.85,1622,20683.85,20683.85,20683.85,1672.09,2067.14,2067.14,20683.85,568145.28,,true,,1782486935151,ec26e97e929978d75acf643616551d118f3fd545
20260626T151548Z:RSO-0164:YES:126,20260626T151548Z,2026-06-26T15:15:48Z,RSO-0164,Next Prime Minister of Sweden,Next Prime Minister of Sweden — Anna-Karin Hatt,Anna-Karin Hatt,Sweden,global_satellite,parliamentary_coalition,sweden_pm_2026,1193097,0x97c143ba31319b4d271aeebc832cdd8171dea3b52826c4c92096de1aefefa761,will-anna-karin-hatt-be-the-next-prime-minister-of-sweden,https://polymarket.com/event/will-anna-karin-hatt-be-the-next-prime-minister-of-sweden,YES,81454443807141471628818264376989427346037494847713032539010359279666138415075,Will Anna-Karin Hatt be the next Prime Minister of Sweden?,OK,0.44,0.45,0.445,0.01,0.445,mid,0.45,0.44,411,294.16,2330.44,3407.73,3692.73,2148.19,2658.35,2658.35,51818.51,170104.04,,true,,1782486948446,79a90fc647a0f081496cab854c2d62b35dc3de73
20260626T151548Z:RSO-0165:YES:127,20260626T151548Z,2026-06-26T15:15:48Z,RSO-0165,Next Prime Minister of Sweden,Next Prime Minister of Sweden — Nooshi Dadgostar,Nooshi Dadgostar,Sweden,global_satellite,parliamentary_coalition,sweden_pm_2026,1193098,0xe7a2275b0c6b965a7b44d005203789d7dbe2edd352a565793f9460de7a99fd27,will-nooshi-dadgostar-be-the-next-prime-minister-of-sweden,https://polymarket.com/event/will-nooshi-dadgostar-be-the-next-prime-minister-of-sweden,YES,90456984939082759426569197949731058493185701412523949062524005061677992609434,Will Nooshi Dadgostar be the next Prime Minister of Sweden?,OK,0.007,0.014,0.0105,0.007,0.0105,mid,0.014,0.007,100,156.19,31704.88,31704.88,31704.88,344.24,344.24,344.24,31704.88,146924.23,,true,,1782486946625,d0899f7576d80bc7fa1cf978e33a520158471fa4
20260626T151548Z:RSO-0166:YES:128,20260626T151548Z,2026-06-26T15:15:48Z,RSO-0166,Next Prime Minister of Sweden,Next Prime Minister of Sweden — Amanda Lind,Amanda Lind,Sweden,global_satellite,parliamentary_coalition,sweden_pm_2026,1193100,0xaae2b16405680de265ba459475128bdb130d280abfb4c92f125010406a5d3a67,will-amanda-lind-be-the-next-prime-minister-of-sweden,https://polymarket.com/event/will-amanda-lind-be-the-next-prime-minister-of-sweden,YES,16223024047489006372491283864322078736180973077611484772976980168989752557591,Will Amanda Lind be the next Prime Minister of Sweden?,OK,0.002,0.007,0.0045,0.005,0.0045,mid,0.007,0.002,2000,24.9,43345,43345,43345,272,272,433.18,43345,201277.7,,true,,1782486946682,8ef94f92a5d2d6a148e38fec6b339116f909f4e0
20260626T151548Z:RSO-0167:YES:129,20260626T151548Z,2026-06-26T15:15:48Z,RSO-0167,Next Prime Minister of Sweden,Next Prime Minister of Sweden — Simona Mohamsson,Simona Mohamsson,Sweden,global_satellite,parliamentary_coalition,sweden_pm_2026,1193099,0x1fd46f48b97d480c51838d9444b355bad8b3a614e36258d6047fdee078144c60,will-simona-mohamsson-be-the-next-prime-minister-of-sweden,https://polymarket.com/event/will-simona-mohamsson-be-the-next-prime-minister-of-sweden,YES,73303082510342190766222719296890807075370391273752895784553712328433386187648,Will Simona Mohamsson be the next Prime Minister of Sweden?,OK,0.004,0.005,0.0045,0.001,0.0045,mid,0.005,0.004,11686.92,9229.14,2481133.26,2481133.26,2481133.26,40749.34,40754.34,41284.34,2481133.26,765296.94,,true,,1782486948438,953376120acd91780f66ca53c08348bf74aa10b9
20260626T151548Z:RSO-0168:YES:130,20260626T151548Z,2026-06-26T15:15:48Z,RSO-0168,Next Prime Minister of Sweden,Next Prime Minister of Sweden — Daniel Helldén,Daniel Helldén,Sweden,global_satellite,parliamentary_coalition,sweden_pm_2026,1193101,0x7767ed7d0af1aa72122981cc4347d9ed35b46385d39512ea5d6021da42a33825,will-daniel-helldn-be-the-next-prime-minister-of-sweden,https://polymarket.com/event/will-daniel-helldn-be-the-next-prime-minister-of-sweden,YES,28176517830787199081924401072020189535005171048570636269331907057010467544445,Will Daniel Helldén be the next Prime Minister of Sweden?,OK,0.002,0.003,0.0025,0.001,0.0025,mid,0.003,0.002,1003.32,354.54,30907.32,30907.32,30907.32,945.94,1035.27,1068.59,30907.32,408633.09,,true,,1782486947107,1acc18311e7d90948cddaaefbf52297ad7157d93
20260626T151548Z:RSO-0169:YES:131,20260626T151548Z,2026-06-26T15:15:48Z,RSO-0169,Next Prime Minister of Sweden,Next Prime Minister of Sweden — Elisabeth Thand Ringqvist,Elisabeth Thand Ringqvist,Sweden,global_satellite,parliamentary_coalition,sweden_pm_2026,1193103,0x39272d42f01e6cdb493a857022fb8ddf708d91709eb928649868cda8a9ccf5c9,will-elisabeth-thand-ringqvist-be-the-next-prime-minister-of-sweden,https://polymarket.com/event/will-elisabeth-thand-ringqvist-be-the-next-prime-minister-of-sweden,YES,98060061097780651807171860879548727196866666811981420650799429376583531532134,Will Elisabeth Thand Ringqvist be the next Prime Minister of Sweden?,OK,0.004,0.005,0.0045,0.001,0.0045,mid,0.005,0.004,19324.65,9744.66,2752570.59,2752570.59,2752570.59,15809.42,15809.42,15814.42,2752570.59,735338.34,,true,,1782486945748,ef180648b265f120b51ff3b7ec8561460bfabf41
20260626T151548Z:RSO-0170:YES:132,20260626T151548Z,2026-06-26T15:15:48Z,RSO-0170,Sweden Parliamentary Election Winner,Sweden Parliamentary Election Winner — Swedish Social Democratic Party (S),Swedish Social Democratic Party (S),Sweden,global_satellite,parliamentary_coalition,sweden_most_seats_2026,811719,0xe5acfef8707df2e25a99a6e4d9568d033fa063b006022f68375ab3bbcf376818,will-the-swedish-social-democratic-party-s-win-the-most-seats-in-the-2026-swedish-parliamentary-election,https://polymarket.com/event/will-the-swedish-social-democratic-party-s-win-the-most-seats-in-the-2026-swedish-parliamentary-election,YES,103916805803783582379666899779911786632579535459334681066604944183134504393219,Will the Swedish Social Democratic Party (S) win the most seats in the 2026 Swedish parliamentary election?,OK,0.54,0.55,0.545,0.01,0.545,mid,0.55,0.54,81.14,206.88,3474.33,5408.68,6525.33,3955.61,9392.42,10559.07,56910.11,117387.2,,true,,1782486946922,5798b06e0ce93f8f5a3fd95cccb3896e8dbbb22b
20260626T151548Z:RSO-0171:YES:133,20260626T151548Z,2026-06-26T15:15:48Z,RSO-0171,Sweden Parliamentary Election Winner,Sweden Parliamentary Election Winner — Sweden Democrats (SD),Sweden Democrats (SD),Sweden,global_satellite,parliamentary_coalition,sweden_most_seats_2026,811720,0xa39535caf2ce2c47dfbdc64c3cef9a00b7599a24c34b4091caed34df27094639,will-the-sweden-democrats-sd-win-the-most-seats-in-the-2026-swedish-parliamentary-election,https://polymarket.com/event/will-the-sweden-democrats-sd-win-the-most-seats-in-the-2026-swedish-parliamentary-election,YES,22771288348793685264608720201112684853152039276564546124382947250830821477697,Will the Sweden Democrats (SD) win the most seats in the 2026 Swedish parliamentary election?,OK,0.67,0.68,0.675,0.01,0.675,mid,0.68,0.67,5.45,615.67,667.24,1877.52,2578.02,7542.17,11121.17,13712.32,121442.46,79850.95,,true,,1782486948167,5dcec409e8e6f00ffc018e0fdd3809e4678a91bc
20260626T151548Z:RSO-0172:YES:134,20260626T151548Z,2026-06-26T15:15:48Z,RSO-0172,Sweden Parliamentary Election Winner,Sweden Parliamentary Election Winner — Green Party (MP),Green Party (MP),Sweden,global_satellite,parliamentary_coalition,sweden_most_seats_2026,811725,0x59df45d0523260ee1cc889e54c32b59ec6d1ec49c32cabec71baf470e869d49a,will-the-green-party-mp-win-the-most-seats-in-the-2026-swedish-parliamentary-election,https://polymarket.com/event/will-the-green-party-mp-win-the-most-seats-in-the-2026-swedish-parliamentary-election,YES,95637379689976243013286900277703754341046503122130133129985305609496701873761,Will the Green Party (MP) win the most seats in the 2026 Swedish parliamentary election?,OK,0.011,0.019,0.015,0.008,0.015,mid,0.019,0.011,20,30.7,45730.55,45730.55,45730.55,422.54,1158.89,1158.89,45730.55,482375.76,,true,,1782486948335,41a99b1c73d048d6d98f12759306524a63146037
20260626T151548Z:RSO-0173:YES:135,20260626T151548Z,2026-06-26T15:15:48Z,RSO-0173,Sweden Parliamentary Election Winner,Sweden Parliamentary Election Winner — Christian Democrats (KD),Christian Democrats (KD),Sweden,global_satellite,parliamentary_coalition,sweden_most_seats_2026,811724,0xa50fafd0a12d15170128d489b2c26347ed635a84d1a88ab9f77414a358a15491,will-the-christian-democrats-kd-win-the-most-seats-in-the-2026-swedish-parliamentary-election,https://polymarket.com/event/will-the-christian-democrats-kd-win-the-most-seats-in-the-2026-swedish-parliamentary-election,YES,54843548550094470593696883578302472730893983252822277325463098779080627026611,Will the Christian Democrats (KD) win the most seats in the 2026 Swedish parliamentary election?,OK,0.5,0.51,0.505,0.01,0.505,mid,0.51,0.5,2196.44,2013.36,4199.42,9944.72,10139.72,3603.03,10933.73,10933.73,64600.35,130679.17,,true,,1782486942634,21d4a65e17790251f2564163ec817f2f6d751044
20260626T151548Z:RSO-0181:YES:136,20260626T151548Z,2026-06-26T15:15:48Z,RSO-0181,Quebec General Election Winner,Quebec General Election Winner — PQ,PQ,Canada,global_satellite,provincial_parliamentary,quebec_general_election_winner_2026,789407,0x30d4a64f70d80faee66508a797b347ef65e63913e4200bca954718fc824ea10e,will-parti-qubcois-win-the-most-seats-in-the-2026-quebec-general-election,https://polymarket.com/event/will-parti-qubcois-win-the-most-seats-in-the-2026-quebec-general-election,YES,65322106850459544646271115791218393848695885094753222820688299472048959196589,Will Parti Québécois win the most seats in the 2026 Quebec general election?,OK,0.031,0.04,0.0355,0.009,0.0355,mid,0.04,0.031,761.97,610.72,4097.9,25894.28,85343.06,4184.47,4996.42,5146.42,85343.06,202750.08,,true,,1782486942049,f83bd035e557b37a6d48da9f0661059c86493300
20260626T151548Z:RSO-0182:YES:137,20260626T151548Z,2026-06-26T15:15:48Z,RSO-0182,Quebec General Election Winner,Quebec General Election Winner — PLQ,PLQ,Canada,global_satellite,provincial_parliamentary,quebec_general_election_winner_2026,789408,0x9b609d94cd0e303bf36f68a422a93f7dad9f58a2f8e4212eef51eed93480f323,will-parti-libral-du-qubec-win-the-most-seats-in-the-2026-quebec-general-election,https://polymarket.com/event/will-parti-libral-du-qubec-win-the-most-seats-in-the-2026-quebec-general-election,YES,59168522853670249846168311423052197084797740619724007956370238354938278077304,Will Parti libéral du Québec win the most seats in the 2026 Quebec general election?,OK,0.002,0.005,0.0035,0.003,0.0035,mid,0.005,0.002,1000,161.24,58627.55,58627.55,58627.55,161.24,161.24,400.14,58627.55,201167.5,,true,,1782486942544,0c726193f1262561962c33bb1d75add72edc6216
20260626T151548Z:RSO-0183:YES:138,20260626T151548Z,2026-06-26T15:15:48Z,RSO-0183,Quebec General Election Winner,Quebec General Election Winner — CAQ,CAQ,Canada,global_satellite,provincial_parliamentary,quebec_general_election_winner_2026,789406,0xc7bc5d759ecbd05cfbf3b41ec98f1cd7ab306234bf76fd6c1768d3be1d6b9e76,will-coalition-avenir-qubec-win-the-most-seats-in-the-2026-quebec-general-election,https://polymarket.com/event/will-coalition-avenir-qubec-win-the-most-seats-in-the-2026-quebec-general-election,YES,62672831099052856773092936123032454032816810006460666476569228483231264400027,Will Coalition Avenir Québec win the most seats in the 2026 Quebec general election?,OK,0.12,0.13,0.125,0.01,0.125,mid,0.13,0.12,6363.7,736.38,12670.98,36643.76,38175.92,3476.35,9618.21,15203.1,64538.77,385068.95,,true,,1782486948183,e8b542f47d2b46da4c5bb11ee1ae46b40ff978e9
20260626T151548Z:RSO-0184:YES:139,20260626T151548Z,2026-06-26T15:15:48Z,RSO-0184,Quebec General Election Winner,Quebec General Election Winner — PCQ,PCQ,Canada,global_satellite,provincial_parliamentary,quebec_general_election_winner_2026,789410,0xb79b3e4a9eca37f56dbd00bb495be37079050b1bea9759e0281fe8fe475dc5aa,will-parti-conservateur-du-qubec-win-the-most-seats-in-the-2026-quebec-general-election,https://polymarket.com/event/will-parti-conservateur-du-qubec-win-the-most-seats-in-the-2026-quebec-general-election,YES,1792453187763546489058024733820523797667736093517388854235326974724797239676,Will Parti conservateur du Québec win the most seats in the 2026 Quebec general election?,OK,0.002,0.005,0.0035,0.003,0.0035,mid,0.005,0.002,638.78,200,2710.55,2710.55,2710.55,479.1,532.55,1215.55,2710.55,223906.75,,true,,1782486946702,1a2e542444425b3e6c2676895d998d71cdd75ac9
20260626T151548Z:RSO-0185:YES:140,20260626T151548Z,2026-06-26T15:15:48Z,RSO-0185,Quebec General Election Winner,Quebec General Election Winner — QS,QS,Canada,global_satellite,provincial_parliamentary,quebec_general_election_winner_2026,789409,0x4c7d3102ab3408414937b8ed71a34914c117650bfa484069534761babec02560,will-qubec-solidaire-win-the-most-seats-in-the-2026-quebec-general-election,https://polymarket.com/event/will-qubec-solidaire-win-the-most-seats-in-the-2026-quebec-general-election,YES,98007823535472870848820037177811238475335001116010639125672344130824656744561,Will Québec solidaire win the most seats in the 2026 Quebec general election?,OK,0.001,0.002,0.0015,0.001,0.0015,mid,0.002,0.001,1219.11,257.8,1219.11,1219.11,1219.11,952.17,1012.17,1012.17,1219.11,343523.68,,true,,1782486928566,5317cb54c88fd00d3289f18049013b4dcb6b051a
20260626T151548Z:RSO-0186:YES:141,20260626T151548Z,2026-06-26T15:15:48Z,RSO-0186,Quebec General Election Winner,Quebec General Election Winner — PVQ,PVQ,Canada,global_satellite,provincial_parliamentary,quebec_general_election_winner_2026,789411,0x72a433f7e229db037d504dbbed5c93bfcaccf9c641521be7290db4b357eb3352,will-parti-vert-du-qubec-win-the-most-seats-in-the-2026-quebec-general-election,https://polymarket.com/event/will-parti-vert-du-qubec-win-the-most-seats-in-the-2026-quebec-general-election,YES,61975433175904911460960290808764942711914816391035148169459925684356495405891,Will Parti vert du Québec win the most seats in the 2026 Quebec general election?,OK,0.26,0.29,0.275,0.03,0.275,mid,0.29,0.26,84.26,5,942.53,2553.29,2553.29,820.72,1751.9,2645.74,42330.35,117524.23,,true,,1782486948167,31883d3d578d9d466223eb0864ecd0aad2464ea6
20260626T151548Z:RSO-0195:YES:142,20260626T151548Z,2026-06-26T15:15:48Z,RSO-0195,Vancouver Mayoral Election Winner,Vancouver Mayoral Election Winner — Kareem Allam,Kareem Allam,Canada,global_satellite,municipal,vancouver_mayor_2026,1822538,0x574baadddd5ff73355480351a6b067f762d4ad18ffdd619aa99253820b691845,will-kareem-allam-win-the-2026-vancouver-mayoral-election,https://polymarket.com/event/will-kareem-allam-win-the-2026-vancouver-mayoral-election,YES,26257276801096346957332519016128429811617766878511321705942973043558702764580,Will Kareem Allam win the 2026 Vancouver mayoral election?,OK,0.004,0.005,0.0045,0.001,0.0045,mid,0.005,0.004,1619.14,9962.56,2659842.82,2659842.82,2659842.82,43652.48,50828.96,57340.96,2659842.82,876481.49,,true,,1782486948188,dd69b834da3792ff817cb70c5364dd7369bf2626
20260626T151548Z:RSO-0196:YES:143,20260626T151548Z,2026-06-26T15:15:48Z,RSO-0196,Vancouver Mayoral Election Winner,Vancouver Mayoral Election Winner — Ken Sim,Ken Sim,Canada,global_satellite,municipal,vancouver_mayor_2026,1822537,0x010f3f24ab463669b4d3dee775864db64b2441f8fa7a34725765ff0d7c667ec8,will-ken-sim-win-the-2026-vancouver-mayoral-election,https://polymarket.com/event/will-ken-sim-win-the-2026-vancouver-mayoral-election,YES,55421587332814534239358077591902196885687853452852663013735389584714403285544,Will Ken Sim win the 2026 Vancouver mayoral election?,OK,0.3,0.32,0.31,0.02,0.31,mid,0.32,0.3,193.57,309.45,1154.02,1359.93,1359.93,1040.89,1184.06,1193.06,43449.1,185642.59,,true,,1782486947705,657316225da8e82bf7515b99e02a2e56e4b9eb0e
20260626T151548Z:RSO-0197:YES:144,20260626T151548Z,2026-06-26T15:15:48Z,RSO-0197,Vancouver Mayoral Election Winner,Vancouver Mayoral Election Winner — Pete Fry,Pete Fry,Canada,global_satellite,municipal,vancouver_mayor_2026,1822542,0x1d4d4b7b17f1649e5a902a91992476263b1be640df547540cf2954bd00df4df8,will-pete-fry-win-the-2026-vancouver-mayoral-election,https://polymarket.com/event/will-pete-fry-win-the-2026-vancouver-mayoral-election,YES,90282073970311127511205771444554273792281500981661699146096274090779625493121,Will Pete Fry win the 2026 Vancouver mayoral election?,OK,0.005,0.029,0.017,0.024,0.017,mid,0.029,0.005,100,30,47979.34,47979.34,47979.34,78.4,78.4,78.4,47979.34,201038.74,,true,,1782486946824,f3ae7f806e7f66cb6e7edc064ea70fe85eb8d991
20260626T151548Z:RSO-0198:YES:145,20260626T151548Z,2026-06-26T15:15:48Z,RSO-0198,Vancouver Mayoral Election Winner,Vancouver Mayoral Election Winner — William Azaroff,William Azaroff,Canada,global_satellite,municipal,vancouver_mayor_2026,1822543,0xe3a2415eb9cd17f05d6b26a4a4ee6e2b17c6dbf60b99c0ad2ca79a6a1e9c4a03,will-william-azaroff-win-the-2026-vancouver-mayoral-election,https://polymarket.com/event/will-william-azaroff-win-the-2026-vancouver-mayoral-election,YES,59726996494827119492375424935770676929797925414434705899404676444699590377932,Will William Azaroff win the 2026 Vancouver mayoral election?,OK,0.007,0.025,0.016,0.018,0.016,mid,0.025,0.007,100,97.61,38587,38587,38587,240.71,312.6,312.6,38587,210445.58,,true,,1782486946542,e3ed9d2c9215b0ae0a47b501aa44b88175a2bd85
20260626T151548Z:RSO-0199:YES:146,20260626T151548Z,2026-06-26T15:15:48Z,RSO-0199,Vancouver Mayoral Election Winner,Vancouver Mayoral Election Winner — Colleen Hardwick,Colleen Hardwick,Canada,global_satellite,municipal,vancouver_mayor_2026,1822545,0x668ccbcc382ed1e8771012e84ab96cd313a7fc9d1896839257bfee5478dacc22,will-colleen-hardwick-win-the-2026-vancouver-mayoral-election,https://polymarket.com/event/will-colleen-hardwick-win-the-2026-vancouver-mayoral-election,YES,89769310711474760533294537071154855786894917447221789743554779027918597781074,Will Colleen Hardwick win the 2026 Vancouver mayoral election?,OK,0.62,0.63,0.625,0.01,0.625,mid,0.63,0.62,913.48,1474.4,1587.44,2513.44,2523.44,18935.69,25376.22,25676.22,142540.31,258709.43,,true,,1782486944008,4598545763b2463bed4621b439f24c948337ea0f
20260626T151548Z:RSO-0200:YES:147,20260626T151548Z,2026-06-26T15:15:48Z,RSO-0200,Vancouver Mayoral Election Winner,Vancouver Mayoral Election Winner — John Coupar,John Coupar,Canada,global_satellite,municipal,vancouver_mayor_2026,1822539,0x495d7107985ea26bd6b84c32701b3d071f2fe56235a51b8c707cfeef3112ace6,will-john-coupar-win-the-2026-vancouver-mayoral-election,https://polymarket.com/event/will-john-coupar-win-the-2026-vancouver-mayoral-election,YES,91011732195192715119336195106293107937750786695864847014700597796293873409000,Will John Coupar win the 2026 Vancouver mayoral election?,OK,0.11,0.14,0.125,0.03,0.125,mid,0.14,0.11,45.74,32,176.74,962.42,1079.08,64,64,64,4512.31,384925.06,,true,,1782486915275,587241d446314a86a9c23cabc4dc6c644b0975d1
20260626T151548Z:RSO-0201:YES:148,20260626T151548Z,2026-06-26T15:15:48Z,RSO-0201,Vancouver Mayoral Election Winner,Vancouver Mayoral Election Winner — Rebecca Bligh,Rebecca Bligh,Canada,global_satellite,municipal,vancouver_mayor_2026,1822541,0xcb3a9ca91633c58ea4886b82edb537de4c7626197878e9768272a8bdeafd73bd,will-rebecca-bligh-win-the-2026-vancouver-mayoral-election,https://polymarket.com/event/will-rebecca-bligh-win-the-2026-vancouver-mayoral-election,YES,14579945643291992769462285990958948598366227043675702054810459943164919524702,Will Rebecca Bligh win the 2026 Vancouver mayoral election?,OK,0.003,0.005,0.004,0.002,0.004,mid,0.005,0.003,10762.05,724.35,199846.05,199846.05,199846.05,5319.1,7446.51,8436.39,199846.05,244333.42,,true,,1782486944952,9f0b38f4d066ffa37ef33ebba57fd70c01c278af
20260626T151548Z:RSO-0202:YES:149,20260626T151548Z,2026-06-26T15:15:48Z,RSO-0202,Vancouver Mayoral Election Winner,Vancouver Mayoral Election Winner — Sean Orr,Sean Orr,Canada,global_satellite,municipal,vancouver_mayor_2026,1822544,0x2dd43d4fa975429df4e05c74fbf4138bbe7698f5de150534904f149704b74bef,will-sean-orr-win-the-2026-vancouver-mayoral-election,https://polymarket.com/event/will-sean-orr-win-the-2026-vancouver-mayoral-election,YES,55250911016773637907503451689730410882595282732598649757892146244267780207014,Will Sean Orr win the 2026 Vancouver mayoral election?,OK,0.001,0.002,0.0015,0.001,0.0015,mid,0.002,0.001,12958.33,614.72,12958.33,12958.33,12958.33,1921.94,2106.94,2106.94,12958.33,403522.07,,true,,1782486947098,b9a4da4b670e74ec64fca17cd700596ba652ac96
20260626T151548Z:RSO-0203:YES:150,20260626T151548Z,2026-06-26T15:15:48Z,RSO-0203,Vancouver Mayoral Election Winner,Vancouver Mayoral Election Winner — Amanda Burrows,Amanda Burrows,Canada,global_satellite,municipal,vancouver_mayor_2026,1822547,0x2cdf238bcbdf2a11f0ea507ec464f4683e242e8eea089ff7e5f712dc25275113,will-amanda-burrows-win-the-2026-vancouver-mayoral-election,https://polymarket.com/event/will-amanda-burrows-win-the-2026-vancouver-mayoral-election,YES,34427843948073824399247957635699582356193274913723486055708035745739439032182,Will Amanda Burrows win the 2026 Vancouver mayoral election?,OK,0.001,0.002,0.0015,0.001,0.0015,mid,0.002,0.001,2037852.74,7970.3,2037852.74,2037852.74,2037852.74,14552.59,18444.77,19112.77,2037852.74,657614.43,,true,,1782486948313,8aed1e6e1c9f5dc668bdfcc45adfc35cb902e5c8
20260626T151548Z:RSO-0204:YES:151,20260626T151548Z,2026-06-26T15:15:48Z,RSO-0204,Vancouver Mayoral Election Winner,Vancouver Mayoral Election Winner — Tim Louis,Tim Louis,Canada,global_satellite,municipal,vancouver_mayor_2026,1822546,0xccead3d44a9e1ce50807511acd1e1901e83a1169914c5e4627c002984e62f0fb,will-tim-louis-win-the-2026-vancouver-mayoral-election,https://polymarket.com/event/will-tim-louis-win-the-2026-vancouver-mayoral-election,YES,3747902034763719249673945486466805023089364001928628204808740895456003637583,Will Tim Louis win the 2026 Vancouver mayoral election?,OK,0.004,0.005,0.0045,0.001,0.0045,mid,0.005,0.004,19657.69,9645.46,2685693.19,2685693.19,2685693.19,28735.05,29757.01,37446.19,2685693.19,757188.21,,true,,1782486948185,7926042468ab81272dac619dc2f017522b11f674
20260626T151548Z:RSO-0205:YES:152,20260626T151548Z,2026-06-26T15:15:48Z,RSO-0205,Vancouver Mayoral Election Winner,Vancouver Mayoral Election Winner — Fred Harding,Fred Harding,Canada,global_satellite,municipal,vancouver_mayor_2026,1822548,0xca2016ab394faf01886965daa30156aa7df052b32adbfc9f00a46a06d8ed8caf,will-fred-harding-win-the-2026-vancouver-mayoral-election,https://polymarket.com/event/will-fred-harding-win-the-2026-vancouver-mayoral-election,YES,42950286760308725122858983675245601299740225552122691924119275382764901291368,Will Fred Harding win the 2026 Vancouver mayoral election?,OK,0.001,0.002,0.0015,0.001,0.0015,mid,0.002,0.001,2178739.77,12696.88,2178739.77,2178739.77,2178739.77,15646.13,16230.09,16563.08,2178739.77,267042.55,,true,,1782486948507,9ff11029a94ef945689890f37470ac3722ba7ce4
20260626T151548Z:RSO-0206:YES:153,20260626T151548Z,2026-06-26T15:15:48Z,RSO-0206,Vancouver Mayoral Election Winner,Vancouver Mayoral Election Winner — Kirk LaPointe,Kirk LaPointe,Canada,global_satellite,municipal,vancouver_mayor_2026,1822540,0xf42fdaf0069af7f49b1b2dcd8160ad73034c8704ef988c44dfe964f2f719facc,will-kirk-lapointe-win-the-2026-vancouver-mayoral-election,https://polymarket.com/event/will-kirk-lapointe-win-the-2026-vancouver-mayoral-election,YES,98828070679515257701157390784579387385530822324881009700391159202814891015617,Will Kirk LaPointe win the 2026 Vancouver mayoral election?,OK,0.002,0.003,0.0025,0.001,0.0025,mid,0.003,0.002,9481.01,33.59,94990.83,94990.83,94990.83,5118.5,5774.68,7300.36,94990.83,345592.4,,true,,1782486948184,567ff008ccf76a7e1134ddc383255564f84bbb4f
20260626T151548Z:RSO-0207:YES:154,20260626T151548Z,2026-06-26T15:15:48Z,RSO-0207,Next Prime Minister of Israel after next election,Next Prime Minister of Israel after next election — Gadi Eizenkot,Gadi Eizenkot,Israel,global_satellite,parliamentary_coalition,israel_next_pm_2026,682708,0xdbe93b5a701f36076a560fa4b9ba59e365a6e8e2ea6a83764640010657277ca4,will-gadi-eizenkot-be-the-next-prime-minister-of-israel,https://polymarket.com/event/will-gadi-eizenkot-be-the-next-prime-minister-of-israel,YES,52487256270918227930942830546248720603566203568229607048093730748840489555808,Will Gadi Eizenkot be the next Prime Minister of Israel?,OK,0.003,0.007,0.005,0.004,0.005,mid,0.007,0.003,1108.33,224.98,42488.33,42488.33,42488.33,839.8,839.8,912.39,42488.33,150720.08,,true,,1782486946852,a0368d7ef2b33ac22b0bd0af56374ba4d7ae32eb
20260626T151548Z:RSO-0208:YES:155,20260626T151548Z,2026-06-26T15:15:48Z,RSO-0208,Next Prime Minister of Israel after next election,Next Prime Minister of Israel after next election — Benjamin Netanyahu,Benjamin Netanyahu,Israel,global_satellite,parliamentary_coalition,israel_next_pm_2026,682705,0x7586a96520578acaaaa4ea84a2582f197f84255da1f3392a7aa300386c187b37,will-benjamin-netanyahu-be-the-next-prime-minister-of-israel,https://polymarket.com/event/will-benjamin-netanyahu-be-the-next-prime-minister-of-israel,YES,20006732765674855733524007935991362439352594042415161039767275461950712817548,Will Benjamin Netanyahu be the next Prime Minister of Israel?,OK,0.003,0.004,0.0035,0.001,0.0035,mid,0.004,0.003,38403.15,1606.89,2535664.55,2535664.55,2535664.55,35074.43,43069.72,49075.4,2535664.55,853132.7,,true,,1782486941269,0415f734e53084ce21066e3117ca03c610cce58f
20260626T151548Z:RSO-0209:YES:156,20260626T151548Z,2026-06-26T15:15:48Z,RSO-0209,Next Prime Minister of Israel after next election,Next Prime Minister of Israel after next election — Naftali Bennett,Naftali Bennett,Israel,global_satellite,parliamentary_coalition,israel_next_pm_2026,682706,0x9ed0ecc8b8589e67967d44c4420944a41b6a6806419019a1581d514174eee9b1,will-naftali-bennett-be-the-next-prime-minister-of-israel,https://polymarket.com/event/will-naftali-bennett-be-the-next-prime-minister-of-israel,YES,58945936829392654397399777214757608864525173988558750256164021442231118224154,Will Naftali Bennett be the next Prime Minister of Israel?,OK,0.005,0.009,0.007,0.004,0.007,mid,0.009,0.005,110.43,200.81,620013.43,620013.43,620013.43,2409.26,2409.26,2409.26,620013.43,189927.85,,true,,1782486945909,3047a835eaecf36686eb933b837eb084ea00d9f0
20260626T151548Z:RSO-0210:YES:157,20260626T151548Z,2026-06-26T15:15:48Z,RSO-0210,Next Prime Minister of Israel after next election,Next Prime Minister of Israel after next election — Avigdor Lieberman,Avigdor Lieberman,Israel,global_satellite,parliamentary_coalition,israel_next_pm_2026,682710,0xadffc96f54f350b3655f72fe2853c81bfd705e9703f62469e6a14782ad5d4ec0,will-avigdor-lieberman-be-the-next-prime-minister-of-israel,https://polymarket.com/event/will-avigdor-lieberman-be-the-next-prime-minister-of-israel,YES,105057524965982907913786325697426001538810836564004836999292309706852745390829,Will Avigdor Lieberman be the next Prime Minister of Israel?,OK,0.102,0.104,0.103,0.002,0.103,mid,0.104,0.102,250,399.78,876,4463.29,7023.94,1003.16,1843.05,2678.28,44382.31,156262.93,,true,,1782486946856,760c783419ef4bffebf327b0cc0ecb47f8da914e
20260626T151548Z:RSO-0211:YES:158,20260626T151548Z,2026-06-26T15:15:48Z,RSO-0211,Next Prime Minister of Israel after next election,Next Prime Minister of Israel after next election — Itamar Ben Gvir,Itamar Ben Gvir,Israel,global_satellite,parliamentary_coalition,israel_next_pm_2026,682713,0x4bf44e9885ee8f43148458d5c9537d96c940cf48414557528358d65870131517,will-itamar-ben-gvir-be-the-next-prime-minister-of-israel,https://polymarket.com/event/will-itamar-ben-gvir-be-the-next-prime-minister-of-israel,YES,97037271592384590668192904767730391938961253014413658633971882704234126806284,Will Itamar Ben Gvir be the next Prime Minister of Israel?,OK,0.003,0.01,0.0065,0.007,0.0065,mid,0.01,0.003,429.3,7.5,58115.18,58115.18,58115.18,26.9,26.9,317.31,58115.18,201099.93,,true,,1782486945335,643ecaf1e3fc0b6f112997a4cb513bd4d0fd8ae0
20260626T151548Z:RSO-0212:YES:159,20260626T151548Z,2026-06-26T15:15:48Z,RSO-0212,Next Prime Minister of Israel after next election,Next Prime Minister of Israel after next election — Benny Gantz,Benny Gantz,Israel,global_satellite,parliamentary_coalition,israel_next_pm_2026,682709,0xf773a12cc13214fc493ec398f96c4ea5ec87ea4ff3b29795041d5498e314ad1e,will-benny-gantz-be-the-next-prime-minister-of-israel,https://polymarket.com/event/will-benny-gantz-be-the-next-prime-minister-of-israel,YES,105121209501718913679835702557350272753628810249278953188501220308690716470697,Will Benny Gantz be the next Prime Minister of Israel?,OK,0.18,0.19,0.185,0.01,0.185,mid,0.19,0.18,1059.66,971.29,1496.19,3467.69,3467.69,9298,13385.28,14176.3,8482.03,182721.88,,true,,1782486948045,b5f47093c7269e10162fc7aca49230077dfad748
20260626T151548Z:RSO-0213:YES:160,20260626T151548Z,2026-06-26T15:15:48Z,RSO-0213,Next Prime Minister of Israel after next election,Next Prime Minister of Israel after next election — Gilad Erdan,Gilad Erdan,Israel,global_satellite,parliamentary_coalition,israel_next_pm_2026,682722,0xea653dbacdb5b0ba21c9b745f5fb463fe654b988129093ce471d3b3652650cba,will-gilad-erdan-be-the-next-prime-minister-of-israel,https://polymarket.com/event/will-gilad-erdan-be-the-next-prime-minister-of-israel,YES,73391412196952346536768049629984781694862224381955045702486880678656173160147,Will Gilad Erdan be the next Prime Minister of Israel?,OK,0.003,0.004,0.0035,0.001,0.0035,mid,0.004,0.003,3031.88,4160.5,2550351.39,2550351.39,2550351.39,18632.29,20277.42,20329.69,2550351.39,723266.14,,true,,1782486948499,ec36eda9d165abba788074ce61562980cc58fb3e
20260626T151548Z:RSO-0214:YES:161,20260626T151548Z,2026-06-26T15:15:48Z,RSO-0214,Next Prime Minister of Israel after next election,Next Prime Minister of Israel after next election — Yariv Levin,Yariv Levin,Israel,global_satellite,parliamentary_coalition,israel_next_pm_2026,682715,0x93d07ffcf5c243b98e655380eb876d4a3393351b7325059064cb5a4b1ff6ceb2,will-yariv-levin-be-the-next-prime-minister-of-israel,https://polymarket.com/event/will-yariv-levin-be-the-next-prime-minister-of-israel,YES,28155793585619215559447305702051573036104753242134264350727089371549716604590,Will Yariv Levin be the next Prime Minister of Israel?,OK,0.001,0.002,0.0015,0.001,0.0015,mid,0.002,0.001,2213220.21,12491.51,2213220.21,2213220.21,2213220.21,14305.32,14445.32,14852.56,2213220.21,234792.45,,true,,1782486947501,9029bbc72896674be92c532c4877660746828b7c
20260626T151548Z:RSO-0215:YES:162,20260626T151548Z,2026-06-26T15:15:48Z,RSO-0215,Next Prime Minister of Israel after next election,Next Prime Minister of Israel after next election — Israel Katz,Israel Katz,Israel,global_satellite,parliamentary_coalition,israel_next_pm_2026,682719,0xb25a93dc8c0f28dc404f7ee41cf6788a9de054418bd068740849b4a2995486e9,will-israel-katz-be-the-next-prime-minister-of-israel,https://polymarket.com/event/will-israel-katz-be-the-next-prime-minister-of-israel,YES,49071939739791449726827416712265617396930502300780957239086018273026268436098,Will Israel Katz be the next Prime Minister of Israel?,OK,0.33,0.34,0.335,0.01,0.335,mid,0.34,0.33,192.99,5.02,3063.96,3213.96,6683.3,1806.97,4488.93,6371.82,62935.95,134567.19,,true,,1782486948188,7336e32ac96e96961b8f5af7bb00e29691c5f0d4
20260626T151548Z:RSO-0216:YES:163,20260626T151548Z,2026-06-26T15:15:48Z,RSO-0216,Next Prime Minister of Israel after next election,Next Prime Minister of Israel after next election — Amir Ohana,Amir Ohana,Israel,global_satellite,parliamentary_coalition,israel_next_pm_2026,682721,0x8cbdd0c4c6061c9e5c5a94d4a474c1880d0f2ab5ee4704a64af1e77c6d0e18d0,will-amir-ohana-be-the-next-prime-minister-of-israel,https://polymarket.com/event/will-amir-ohana-be-the-next-prime-minister-of-israel,YES,37479008447091488432468168948590430208783407360102685992956858050228448972626,Will Amir Ohana be the next Prime Minister of Israel?,OK,0.001,0.003,0.002,0.002,0.002,mid,0.003,0.001,1307.79,680.91,1307.79,1307.79,1307.79,991.11,1051.11,1051.11,1307.79,340115.17,,true,,1782486807065,1faecf348bb694a4a2c656cd328fea0792248e3f
20260626T151548Z:RSO-0217:YES:164,20260626T151548Z,2026-06-26T15:15:48Z,RSO-0217,Next Prime Minister of Israel after next election,Next Prime Minister of Israel after next election — Gideon Sa’ar,Gideon Sa’ar,Israel,global_satellite,parliamentary_coalition,israel_next_pm_2026,682714,0xfb2cb634e693b1758fc78b38b02754472edd728bd22eb4a7023c6f49419c73d6,will-gideon-saar-be-the-next-prime-minister-of-israel,https://polymarket.com/event/will-gideon-saar-be-the-next-prime-minister-of-israel,YES,113523109301381527088718768250912137532200947193534063249121987336101159734964,Will Gideon Sa’ar be the next Prime Minister of Israel?,OK,0.001,0.004,0.0025,0.003,0.0025,mid,0.004,0.001,42706.18,1159.02,42706.18,42706.18,42706.18,1269.02,1329.02,1329.02,42706.18,568074.4,,true,,1782486936310,7fd0a2bba357761b73f9358882e84e653c7d6f47
20260626T151548Z:RSO-0218:YES:165,20260626T151548Z,2026-06-26T15:15:48Z,RSO-0218,Next Prime Minister of Israel after next election,Next Prime Minister of Israel after next election — Yoaz Hendel,Yoaz Hendel,Israel,global_satellite,parliamentary_coalition,israel_next_pm_2026,682718,0x641ee08666fd2c37f890d59b4fd32ad8a23e8500e1ad070e112a90219a4d4bfa,will-yoaz-hendel-be-the-next-prime-minister-of-israel,https://polymarket.com/event/will-yoaz-hendel-be-the-next-prime-minister-of-israel,YES,12118827801400239712815717295403167152230979784826228363180815353568423454582,Will Yoaz Hendel be the next Prime Minister of Israel?,OK,0.001,0.002,0.0015,0.001,0.0015,mid,0.002,0.001,2222542.98,15107.64,2222542.98,2222542.98,2222542.98,16078.26,17006.72,17699.74,2222542.98,257972.75,,true,,1782486947388,543cf1618ac141829ac08d0e9132c8b3c37d32d3
20260626T151548Z:RSO-0219:YES:166,20260626T151548Z,2026-06-26T15:15:48Z,RSO-0219,Next Prime Minister of Israel after next election,Next Prime Minister of Israel after next election — Yair Lapid,Yair Lapid,Israel,global_satellite,parliamentary_coalition,israel_next_pm_2026,682707,0x45a79193a66e5078a29c625e78e0d4b9a059edef8e206097c48bbfe7eaf9590e,will-yair-lapid-be-the-next-prime-minister-of-israel,https://polymarket.com/event/will-yair-lapid-be-the-next-prime-minister-of-israel,YES,30912854850866302644106316438153629460678506137655559406260043509960678109607,Will Yair Lapid be the next Prime Minister of Israel?,OK,0.002,0.003,0.0025,0.001,0.0025,mid,0.003,0.002,68737.7,252.9,2517187.06,2517187.06,2517187.06,31589.64,45196.47,48575.21,2517187.06,782779.85,,true,,1782486947992,c87e91c42524d2667efd4a96ae38feb3ee6e3b26
20260626T151548Z:RSO-0220:YES:167,20260626T151548Z,2026-06-26T15:15:48Z,RSO-0220,Next Prime Minister of Israel after next election,Next Prime Minister of Israel after next election — Yossi Cohen,Yossi Cohen,Israel,global_satellite,parliamentary_coalition,israel_next_pm_2026,682711,0xa653be0f150dbe055a532ea02977338bb31f49d1f723b2a48c1f67847a73cb7d,will-yossi-cohen-be-the-next-prime-minister-of-israel,https://polymarket.com/event/will-yossi-cohen-be-the-next-prime-minister-of-israel,YES,80908635602471552886049573110321791161186841957249509900771759394573505359926,Will Yossi Cohen be the next Prime Minister of Israel?,OK,0.077,0.081,0.079,0.004,0.079,mid,0.081,0.077,89.02,46.8,426.56,426.56,1710.48,596.47,884.14,1484.14,54986.76,488183.57,,true,,1782486948365,d87a667feb62ed4278cabd15da56e6c56d657238
20260626T151548Z:RSO-0221:YES:168,20260626T151548Z,2026-06-26T15:15:48Z,RSO-0221,Next Prime Minister of Israel after next election,Next Prime Minister of Israel after next election — Yair Golan,Yair Golan,Israel,global_satellite,parliamentary_coalition,israel_next_pm_2026,682712,0xfcd53c97fef81c4ecad8a97c8c47fdf1ce0a54a0daeff7bae53eaa3a9af343f2,will-yair-golan-be-the-next-prime-minister-of-israel,https://polymarket.com/event/will-yair-golan-be-the-next-prime-minister-of-israel,YES,38003127295883228185689665963602138176190384641897237734105806870773590495970,Will Yair Golan be the next Prime Minister of Israel?,OK,0.011,0.013,0.012,0.002,0.012,mid,0.013,0.011,188.91,444.3,2761610.98,2761610.98,2761610.98,14345.78,22611.83,22685.37,2761610.98,759900.97,,true,,1782486941220,ed913aa003c905241726c3a1dab8448c103e7cb0
20260626T151548Z:RSO-0222:YES:169,20260626T151548Z,2026-06-26T15:15:48Z,RSO-0222,Next Prime Minister of Israel after next election,Next Prime Minister of Israel after next election — Nir Barkat,Nir Barkat,Israel,global_satellite,parliamentary_coalition,israel_next_pm_2026,682720,0xd8625515585b5bf81d9c1262a1d2b0212a6f2a7a5c5f6ef6c993f7cc269f92dd,will-nir-barkat-be-the-next-prime-minister-of-israel,https://polymarket.com/event/will-nir-barkat-be-the-next-prime-minister-of-israel,YES,62339970278220985797814574706934957062291648936534682461243840366141506822305,Will Nir Barkat be the next Prime Minister of Israel?,OK,0.005,0.006,0.0055,0.001,0.0055,mid,0.006,0.005,162.85,1524.79,2474571.14,2474571.14,2474571.14,5100.79,5453.77,38408.96,2474571.14,869933.23,,true,,1782486941217,576f2676cc07aa6d5ebc2102f46c2486babeada0
20260626T151548Z:RSO-0223:YES:170,20260626T151548Z,2026-06-26T15:15:48Z,RSO-0223,Next Prime Minister of Israel after next election,Next Prime Minister of Israel after next election — Ayelet Shaked,Ayelet Shaked,Israel,global_satellite,parliamentary_coalition,israel_next_pm_2026,682717,0x80a849ac73eefe56d4d613e44b45e32b9f91f0bfc77173b732cffac7daab3b3b,will-ayelet-shaked-be-the-next-prime-minister-of-israel,https://polymarket.com/event/will-ayelet-shaked-be-the-next-prime-minister-of-israel,YES,20847822223909889861535421917104908467512615252569123202591433051136381225081,Will Ayelet Shaked be the next Prime Minister of Israel?,OK,0.003,0.004,0.0035,0.001,0.0035,mid,0.004,0.003,90276.08,25708.38,2583346.82,2583346.82,2583346.82,37660.86,38272.65,38292.09,2583346.82,764532.91,,true,,1782486941226,bd4f647bf4d2b75d6508d756acb48c42b952426d
20260626T151548Z:RSO-0224:YES:171,20260626T151548Z,2026-06-26T15:15:48Z,RSO-0224,Next Prime Minister of Israel after next election,Next Prime Minister of Israel after next election — Moshe Feiglin,Moshe Feiglin,Israel,global_satellite,parliamentary_coalition,israel_next_pm_2026,682716,0x673db99d92473e9ee854b8a0ec0cff15d156e5c33a13e1e12db7266d33fde4d3,will-moshe-feiglin-be-the-next-prime-minister-of-israel,https://polymarket.com/event/will-moshe-feiglin-be-the-next-prime-minister-of-israel,YES,53508697093100828360254088937709702626357043454735600798387762815121144942132,Will Moshe Feiglin be the next Prime Minister of Israel?,OK,0.006,0.009,0.0075,0.003,0.0075,mid,0.009,0.006,3926.92,879.73,403972.85,403972.85,403972.85,5848.32,10772.03,29573.56,403972.85,472834.22,,true,,1782486941187,caa45a8d7cfb19c62524820345ca466c60df95ff
20260626T151548Z:RSO-0225:YES:172,20260626T151548Z,2026-06-26T15:15:48Z,RSO-0225,Israeli Legislative Election Winner,Israeli Legislative Election Winner — Likud,Likud,Israel,global_satellite,parliamentary_coalition,israel_most_seats_2026,2100981,0xf77fa3e63014f1f76ea4433dac66b3860493ed7f1a9fee3dfbef9104d7f1eee3,will-likud-win-the-most-seats-in-the-2026-israeli-legislative-election,https://polymarket.com/event/will-likud-win-the-most-seats-in-the-2026-israeli-legislative-election,YES,40530616708770133196461535468385029946615148250396571867031554779644977064648,Will Likud win the most seats in the 2026 Israeli legislative election?,OK,0.002,0.004,0.003,0.002,0.003,mid,0.004,0.002,1977.84,835.91,76801.84,76801.84,76801.84,1090.9,1090.9,1690.9,76801.84,397161.72,,true,,1782486946717,c932d834f7dcbf9a7ed356f5e169967526dcbc12
20260626T151548Z:RSO-0226:YES:173,20260626T151548Z,2026-06-26T15:15:48Z,RSO-0226,Israeli Legislative Election Winner,Israeli Legislative Election Winner — Yashar,Yashar,Israel,global_satellite,parliamentary_coalition,israel_most_seats_2026,2100984,0xd05da9807740aa0f5bc9e9232daabe87a21e5012c19e283abf414f1c1651118b,will-yashar-win-the-most-seats-in-the-2026-israeli-legislative-election,https://polymarket.com/event/will-yashar-win-the-most-seats-in-the-2026-israeli-legislative-election,YES,9025448570994866714151390167666974197623007132973626623412960268955048642964,Will Yashar win the most seats in the 2026 Israeli legislative election?,OK,0.36,0.37,0.365,0.01,0.365,mid,0.37,0.36,2146.18,1434.22,3838.25,6454.93,6647.93,2784.89,4284.72,4284.72,51029.52,400856.04,,true,,1782486947017,3617fb28478ffa32c7460aa8ed22ba8dbd3c6800
20260626T151548Z:RSO-0227:YES:174,20260626T151548Z,2026-06-26T15:15:48Z,RSO-0227,Israeli Legislative Election Winner,Israeli Legislative Election Winner — Together,Together,Israel,global_satellite,parliamentary_coalition,israel_most_seats_2026,2100982,0x4e9cff8a3aeac036225fedcc98af9b0d55284b3f430b599e7f61b059c1e177af,will-together-win-the-most-seats-in-the-2026-israeli-legislative-election,https://polymarket.com/event/will-together-win-the-most-seats-in-the-2026-israeli-legislative-election,YES,4486291330995931849416559581383425061287287542982906092720569789339786774392,Will Together win the most seats in the 2026 Israeli legislative election?,OK,0.002,0.004,0.003,0.002,0.003,mid,0.004,0.002,600,1168.7,12024.25,12024.25,12024.25,1215.59,1326.59,1326.59,12024.25,313988.77,,true,,1782486947018,5525c28adfd779fa43f6048827c905c2b344ff8a
20260626T151548Z:RSO-0228:YES:175,20260626T151548Z,2026-06-26T15:15:48Z,RSO-0228,Israeli Legislative Election Winner,Israeli Legislative Election Winner — Shas,Shas,Israel,global_satellite,parliamentary_coalition,israel_most_seats_2026,2100983,0xc3c4b06b71e5a9dec867169d4319a4bf7364d7b0a6c5d6cd048689a207aafc40,will-shas-win-the-most-seats-in-the-2026-israeli-legislative-election,https://polymarket.com/event/will-shas-win-the-most-seats-in-the-2026-israeli-legislative-election,YES,43025613818662551227164158603793018117245522237166942374881915274782654094251,Will Shas win the most seats in the 2026 Israeli legislative election?,OK,0.32,0.34,0.33,0.02,0.33,mid,0.34,0.32,39722.25,1093.14,68001.03,75974.09,104829.71,4001.39,13146.67,24324.48,435644.83,389602.1,,true,,1782486948878,39071361b848fd8cd445e7e7f5db692505c2269a
20260626T151548Z:RSO-0229:YES:176,20260626T151548Z,2026-06-26T15:15:48Z,RSO-0229,Israeli Legislative Election Winner,Israeli Legislative Election Winner — The Democrats,The Democrats,Israel,global_satellite,parliamentary_coalition,israel_most_seats_2026,2100985,0x4a48f706471324eb289b2a77a368f7cfc3cdbf899ea320395e9afaa9191570e9,will-the-democrats-win-the-most-seats-in-the-2026-israeli-legislative-election,https://polymarket.com/event/will-the-democrats-win-the-most-seats-in-the-2026-israeli-legislative-election,YES,13946614065225357961512448593443036356822710705632040528640964889522868467395,Will The Democrats win the most seats in the 2026 Israeli legislative election?,OK,0.002,0.003,0.0025,0.001,0.0025,mid,0.003,0.002,1476.95,495.32,16711.95,16711.95,16711.95,574.72,832.85,832.85,16711.95,401711.79,,true,,1782486946684,85488672d04839406fb6af3ce72b2b5ab26e867f
20260626T151548Z:RSO-0230:YES:177,20260626T151548Z,2026-06-26T15:15:48Z,RSO-0230,Israeli Legislative Election Winner,Israeli Legislative Election Winner — Otzma Yehudit,Otzma Yehudit,Israel,global_satellite,parliamentary_coalition,israel_most_seats_2026,2100986,0x49b2c8eac865bbac235153824b3490185ff0fdb7305cb053b2ab5b1466bf4f36,will-otzma-yehudit-win-the-most-seats-in-the-2026-israeli-legislative-election,https://polymarket.com/event/will-otzma-yehudit-win-the-most-seats-in-the-2026-israeli-legislative-election,YES,72928611581150091479894843605103749117561320868375067552073452709256467488450,Will Otzma Yehudit win the most seats in the 2026 Israeli legislative election?,OK,0.27,0.29,0.28,0.02,0.28,mid,0.29,0.27,1656.91,1387.27,3981.09,5333.19,6656.45,2631.08,3481.93,3481.93,44726.77,139041.3,,true,,1782486947922,edd7e5b691daab8d722e0269e6ad3ca614d4743f
20260626T151548Z:RSO-0231:YES:178,20260626T151548Z,2026-06-26T15:15:48Z,RSO-0231,Next Prime Minister of New Zealand,Next Prime Minister of New Zealand — Chris Hipkins,Chris Hipkins,New Zealand,global_satellite,parliamentary_mmp,new_zealand_next_pm_2026,2116541,0xecffb867dc6b5421ec726ff8a44de5a538ccbad7dc1ea5c8b175b00293227cb5,will-chris-hipkins-be-the-next-prime-minister-of-new-zealand-after-the-2026-elections-662,https://polymarket.com/event/will-chris-hipkins-be-the-next-prime-minister-of-new-zealand-after-the-2026-elections-662,YES,3695219925197907796815418584626632598111929883522292242191442837649708153579,Will Chris Hipkins be the next Prime Minister of New Zealand after the 2026 elections?,OK,0.001,0.002,0.0015,0.001,0.0015,mid,0.002,0.001,2220778.91,11533.38,2220778.91,2220778.91,2220778.91,15478.09,16027.84,16390.77,2220778.91,237005.56,,true,,1782486947378,401f661fb5a26dc08146d9bf54a03c60b70f2855
20260626T151548Z:RSO-0232:YES:179,20260626T151548Z,2026-06-26T15:15:48Z,RSO-0232,Next Prime Minister of New Zealand,Next Prime Minister of New Zealand — Christopher Luxon,Christopher Luxon,New Zealand,global_satellite,parliamentary_mmp,new_zealand_next_pm_2026,2116540,0xe47bf7ef4d5476dba1e9c920b82cfeb54157399f951fdc83ac7868d4896d1b51,will-christopher-luxon-be-the-next-prime-minister-of-new-zealand-after-the-2026-elections-718,https://polymarket.com/event/will-christopher-luxon-be-the-next-prime-minister-of-new-zealand-after-the-2026-elections-718,YES,19436667452351897669739565884931351453429893965166224489399167885678976570550,Will Christopher Luxon be the next Prime Minister of New Zealand after the 2026 elections?,NO_BIDS,,0.001,,,0.001,ask_only,0.001,,,3728.7,,,,3728.7,5634,5634,0,499109.91,no_bids,true,,1782486944676,eaec976bd77db2b42977698a501d996a4b30303d
20260626T151548Z:RSO-0233:YES:180,20260626T151548Z,2026-06-26T15:15:48Z,RSO-0233,Next Prime Minister of New Zealand,Next Prime Minister of New Zealand — Nicola Willis,Nicola Willis,New Zealand,global_satellite,parliamentary_mmp,new_zealand_next_pm_2026,2116543,0x49ca5b6402d30912f79497b12211fd12571d1beef9cdc3e014491d202b1c863c,will-nicola-willis-be-the-next-prime-minister-of-new-zealand-after-the-2026-elections-636,https://polymarket.com/event/will-nicola-willis-be-the-next-prime-minister-of-new-zealand-after-the-2026-elections-636,YES,101779929345953030764780328225834722292970803429486638560281721195397549925596,Will Nicola Willis be the next Prime Minister of New Zealand after the 2026 elections?,OK,0.413,0.415,0.414,0.002,0.414,mid,0.415,0.413,231.42,238.92,9653.46,20115.88,34519.35,7225.18,12049.25,17670.84,2841264.73,699031.15,,true,,1782486948471,5ea493051be2238aa70f297b5cd8327701880ca2
20260626T151548Z:RSO-0234:YES:181,20260626T151548Z,2026-06-26T15:15:48Z,RSO-0234,Next Prime Minister of New Zealand,Next Prime Minister of New Zealand — Winston Peters,Winston Peters,New Zealand,global_satellite,parliamentary_mmp,new_zealand_next_pm_2026,2116542,0xb2a0400f22578a6fd694aa89613d3e38918b15c222ddc844cabcee24aab0e7db,will-winston-peters-be-the-next-prime-minister-of-new-zealand-after-the-2026-elections-871,https://polymarket.com/event/will-winston-peters-be-the-next-prime-minister-of-new-zealand-after-the-2026-elections-871,YES,27854146347052378018620085340753762973697391204994394619103479868476430133384,Will Winston Peters be the next Prime Minister of New Zealand after the 2026 elections?,OK,0.003,0.006,0.0045,0.003,0.0045,mid,0.006,0.003,90.81,84.19,38043.21,38043.21,38043.21,379.91,379.91,474.91,38043.21,153590.46,,true,,1782486946917,74310331a3a0bb4ddc8ea1d228a93d980bebb1f2
20260626T151548Z:RSO-0235:YES:182,20260626T151548Z,2026-06-26T15:15:48Z,RSO-0235,Next Prime Minister of New Zealand,Next Prime Minister of New Zealand — Carmel Sepuloni,Carmel Sepuloni,New Zealand,global_satellite,parliamentary_mmp,new_zealand_next_pm_2026,2116546,0xec0f0488794acf9c9c1c065ded931fae0958c936a92d6c381e54c07666f0e1d5,will-carmel-sepuloni-be-the-next-prime-minister-of-new-zealand-after-the-2026-elections-556,https://polymarket.com/event/will-carmel-sepuloni-be-the-next-prime-minister-of-new-zealand-after-the-2026-elections-556,YES,95828846972962727948537717906449211001561086768404868556972607015903217834173,Will Carmel Sepuloni be the next Prime Minister of New Zealand after the 2026 elections?,OK,0.002,0.003,0.0025,0.001,0.0025,mid,0.003,0.002,1014030.38,18101.51,3186065.48,3186065.48,3186065.48,18716.95,19700.7,20017.7,3186065.48,259760.02,,true,,1782486944895,92fb9af44dd01aa3af3cc9ad32f109da4d493506
20260626T151548Z:RSO-0236:YES:183,20260626T151548Z,2026-06-26T15:15:48Z,RSO-0236,Next Prime Minister of New Zealand,Next Prime Minister of New Zealand — Chlöe Swarbrick,Chlöe Swarbrick,New Zealand,global_satellite,parliamentary_mmp,new_zealand_next_pm_2026,2116544,0x019fa8566706b244422275cef69ed636cc5fb4c7a361b8726723e669c7c28d49,will-chle-swarbrick-be-the-next-prime-minister-of-new-zealand-after-the-2026-elections-297,https://polymarket.com/event/will-chle-swarbrick-be-the-next-prime-minister-of-new-zealand-after-the-2026-elections-297,YES,75665593440657693326391238791206938532050925706126172140531515483868869929806,Will Chlöe Swarbrick be the next Prime Minister of New Zealand after the 2026 elections?,OK,0.001,0.002,0.0015,0.001,0.0015,mid,0.002,0.001,2205950.57,11008.13,2205950.57,2205950.57,2205950.57,13967.37,14339.1,14731.4,2205950.57,245313.62,,true,,1782486947414,677e1a5a6a700cfe05cbfff157e82f23ed97b2f1
20260626T151548Z:RSO-0237:YES:184,20260626T151548Z,2026-06-26T15:15:48Z,RSO-0237,Next Prime Minister of New Zealand,Next Prime Minister of New Zealand — David Seymour,David Seymour,New Zealand,global_satellite,parliamentary_mmp,new_zealand_next_pm_2026,2116545,0xc373506f31377031294354429d846470a7dd62c51ba6712e76a401168888ac82,will-david-seymour-be-the-next-prime-minister-of-new-zealand-after-the-2026-elections-159,https://polymarket.com/event/will-david-seymour-be-the-next-prime-minister-of-new-zealand-after-the-2026-elections-159,YES,110204323487167340963911918577405332532704384089593183256228464588428208899872,Will David Seymour be the next Prime Minister of New Zealand after the 2026 elections?,OK,0.74,0.75,0.745,0.01,0.745,mid,0.75,0.74,591.88,884.55,1966.71,6463.59,6603.59,1907.68,7198.64,8167.73,152672.75,105638.98,,true,,1782486948479,7cf409e0cc672dcea9cf5d0fb89f9651cbc34c30
20260626T151548Z:RSO-0238:YES:185,20260626T151548Z,2026-06-26T15:15:48Z,RSO-0238,New Zealand legislative election winner,New Zealand legislative election winner — Labour Party,Labour Party,New Zealand,global_satellite,parliamentary_mmp,new_zealand_most_seats_2026,2116494,0x741d99d33224258ad4536be7adbfdea7cacdaec616ce88e13755bfafde9c6d19,will-labour-party-win-the-most-seats-in-the-new-zealand-house-of-representatives-in-the-2026-new-zealand-legislative-election,https://polymarket.com/event/will-labour-party-win-the-most-seats-in-the-new-zealand-house-of-representatives-in-the-2026-new-zealand-legislative-election,YES,41173471361536594020935639788423838947538990635956059031105519795147287673278,Will Labour Party win the most seats in the New Zealand House of Representatives in the 2026 New Zealand legislative election?,OK,0.004,0.005,0.0045,0.001,0.0045,mid,0.005,0.004,10648.39,13275.22,2618794.08,2618794.08,2618794.08,22588.06,22588.06,22816.27,2618794.08,842685.97,,true,,1782486946137,2245282890ac5f5d483339b75d430286ddca1294
20260626T151548Z:RSO-0239:YES:186,20260626T151548Z,2026-06-26T15:15:48Z,RSO-0239,New Zealand legislative election winner,New Zealand legislative election winner — National Party,National Party,New Zealand,global_satellite,parliamentary_mmp,new_zealand_most_seats_2026,2116493,0xba155b6be6cabf93bf31dfcc56fe2f4e3e88d16b0d490319c635930f2d9fbd04,will-national-party-win-the-most-seats-in-the-new-zealand-house-of-representatives-in-the-2026-new-zealand-legislative-election,https://polymarket.com/event/will-national-party-win-the-most-seats-in-the-new-zealand-house-of-representatives-in-the-2026-new-zealand-legislative-election,YES,26180671930795783086167354944853320138724504174864059426988212642169432238219,Will National Party win the most seats in the New Zealand House of Representatives in the 2026 New Zealand legislative election?,OK,0.2,0.24,0.22,0.04,0.22,mid,0.24,0.2,5,30,5,5,5,1015,1015,1015,4365.57,404312.75,thin_bid,true,,1782486948321,c71107e5e3828b0250e90b017d6297c514a13499
20260626T151548Z:RSO-0240:YES:187,20260626T151548Z,2026-06-26T15:15:48Z,RSO-0240,New Zealand legislative election winner,New Zealand legislative election winner — New Zealand First Party,New Zealand First Party,New Zealand,global_satellite,parliamentary_mmp,new_zealand_most_seats_2026,2116497,0xcf3de2bd2304559b075b1d83969d67368986ea21d610db929001cecaf0ba433b,will-new-zealand-first-party-win-the-most-seats-in-the-new-zealand-house-of-representatives-in-the-2026-new-zealand-legislative-election,https://polymarket.com/event/will-new-zealand-first-party-win-the-most-seats-in-the-new-zealand-house-of-representatives-in-the-2026-new-zealand-legislative-election,YES,54250030688640506340696163549320679317947609966294018523515464121362285768393,Will New Zealand First Party win the most seats in the New Zealand House of Representatives in the 2026 New Zealand legislative election?,OK,0.001,0.002,0.0015,0.001,0.0015,mid,0.002,0.001,2029076.62,10979.39,2029076.62,2029076.62,2029076.62,12211.18,15487.15,16155.15,2029076.62,639540.47,,true,,1782486948162,7b20910876403e300c00ff75413d8da470ef2ff5
20260626T151548Z:RSO-0241:YES:188,20260626T151548Z,2026-06-26T15:15:48Z,RSO-0241,New Zealand legislative election winner,New Zealand legislative election winner — Green Party,Green Party,New Zealand,global_satellite,parliamentary_mmp,new_zealand_most_seats_2026,2116495,0x88188d5f5c9b4c9d6b9b25b69cdc6fc635f629635cacd9f6c1b0190d3382198a,will-green-party-win-the-most-seats-in-the-new-zealand-house-of-representatives-in-the-2026-new-zealand-legislative-election,https://polymarket.com/event/will-green-party-win-the-most-seats-in-the-new-zealand-house-of-representatives-in-the-2026-new-zealand-legislative-election,YES,857700738563620094995568365548281646273066061752493305349670125904783426957,Will Green Party win the most seats in the New Zealand House of Representatives in the 2026 New Zealand legislative election?,OK,0.003,0.004,0.0035,0.001,0.0035,mid,0.004,0.003,16248.78,20428.38,2538970.07,2538970.07,2538970.07,28320.72,55046.66,58548.83,2538970.07,800949.49,,true,,1782486945768,1decfb7b9b99251633d54f8a36e5bdb22e50b6f6
20260628T054019Z:RSO-0001:YES:1,20260628T054019Z,2026-06-28T05:40:19Z,RSO-0001,"Senate control, 2026","Senate control, 2026 — Republican Party",Republican Party,US,us_national,us_federal,us_senate_control_2026,562794,0x86bfb53af7250a40928975c551d12c185b762fa4ce0b40c6a64a50c946d72587,will-the-republican-party-control-the-senate-after-the-2026-midterm-elections,https://polymarket.com/event/will-the-republican-party-control-the-senate-after-the-2026-midterm-elections,YES,51939490109676186832507970701169130490548061087912630009168726706475001411420,Will the Republican Party control the Senate after the 2026 Midterm elections?,OK,0.57,0.58,0.575,0.01,0.575,mid,0.58,0.57,1156.84,1641.62,3002.76,5363.09,12674.85,8022.05,22429.19,27207.19,2168260.41,3599273.5,,true,,1782625216217,6e128f6c93dc7217fe4170cdc608eafbeaedcb9c
20260628T054019Z:RSO-0002:YES:2,20260628T054019Z,2026-06-28T05:40:19Z,RSO-0002,"Senate control, 2026","Senate control, 2026 — Democratic Party",Democratic Party,US,us_national,us_federal,us_senate_control_2026,562793,0x307a1ed89d60b61002dd5bbf00e1408c5ed2ab3fcdb056191ca7ef9bc34d38f3,will-the-democratic-party-control-the-senate-after-the-2026-midterm-elections,https://polymarket.com/event/will-the-democratic-party-control-the-senate-after-the-2026-midterm-elections,YES,113287701564209339913693347405685749986285999146352375265161592243948562084773,Will the Democratic Party control the Senate after the 2026 Midterm elections?,OK,0.42,0.43,0.425,0.01,0.425,mid,0.43,0.42,1065.51,4711.1,16219.88,24154.4,24204.4,29227.26,33808.6,56670.65,2290793.31,3832586.88,,true,,1782625217094,dc45bee1551cc4463b2f69497eba27f885021728
20260628T054019Z:RSO-0003:YES:3,20260628T054019Z,2026-06-28T05:40:19Z,RSO-0003,"House control, 2026","House control, 2026 — Republican Party",Republican Party,US,us_national,us_federal,us_house_control_2026,562803,0x4e4f77e7dbf4cab666e9a1943674d7ae66348e862df03ea6f44b11eb95731928,will-the-republican-party-control-the-house-after-the-2026-midterm-elections,https://polymarket.com/event/will-the-republican-party-control-the-house-after-the-2026-midterm-elections,YES,65139230827417363158752884968303867495725894165574887635816574090175320800482,Will the Republican Party control the House after the 2026 Midterm elections?,OK,0.17,0.18,0.175,0.01,0.175,mid,0.18,0.17,76525.9,100238.94,93189.02,121935.97,148769.97,187908.62,284446.5,314646.5,1808769.66,4061116.46,,true,,1782625216546,04e29f5ad15e9bc463d7a9f675d29e91eeafcbd5
20260628T054019Z:RSO-0004:YES:4,20260628T054019Z,2026-06-28T05:40:19Z,RSO-0004,"House control, 2026","House control, 2026 — Democratic Party",Democratic Party,US,us_national,us_federal,us_house_control_2026,562802,0xd5d9fc47718bd553592d126b1fa5e87183d27f3936975b0c04cc0f2dec1f1bb4,will-the-democratic-party-control-the-house-after-the-2026-midterm-elections,https://polymarket.com/event/will-the-democratic-party-control-the-house-after-the-2026-midterm-elections,YES,83247781037352156539108067944461291821683755894607244160607042790356561625563,Will the Democratic Party control the House after the 2026 Midterm elections?,OK,0.83,0.84,0.835,0.01,0.835,mid,0.84,0.83,3391.46,24093.28,54092.56,183756.08,254785.31,47554.4,106278.37,128757.2,3807241.22,1631230.42,,true,,1782625217266,9c989b5e468c1234d8ccad552c526e4a5ed14a41
20260628T054019Z:RSO-0005:YES:5,20260628T054019Z,2026-06-28T05:40:19Z,RSO-0005,Republican House seats after 2026 midterms,Republican House seats after 2026 midterms — Below 190,Below 190,US,us_national,us_federal,us_house_seat_range_2026,919489,0xa2e43598547f2e90e3eee195812c8814202b9b66f6c540d7e15a265cbe93f68f,will-the-republican-party-hold-below-190-house-seats-after-the-2026-midterm-elections,https://polymarket.com/event/will-the-republican-party-hold-below-190-house-seats-after-the-2026-midterm-elections,YES,106321904011141120286469207995805275978977204556483905903452161304048552011252,Will the Republican Party hold below 190 House seats after the 2026 midterm elections?,OK,0.3,0.31,0.305,0.01,0.305,mid,0.31,0.3,166.5,165,266.5,5628.44,5668.44,418.12,468.02,608.64,52517.36,106631.22,,true,,1782625219128,4ecdfb59bd1d4bdf031f4f994fbaea38b7ab649b
20260628T054019Z:RSO-0006:YES:6,20260628T054019Z,2026-06-28T05:40:19Z,RSO-0006,Republican House seats after 2026 midterms,Republican House seats after 2026 midterms — 190-194,190-194,US,us_national,us_federal,us_house_seat_range_2026,919490,0x18cc1dd29f0b816135d5337cebae4d1f8b42a2c8b951e893936f35fd235ecc94,will-the-republican-party-hold-between-190-and-194-house-seats-after-the-2026-midterm-elections,https://polymarket.com/event/will-the-republican-party-hold-between-190-and-194-house-seats-after-the-2026-midterm-elections,YES,28563039514548428320768176747354466148898869862983186828076262234559578730437,Will the Republican Party hold between 190 and 194 House seats after the 2026 midterm elections?,OK,0.12,0.13,0.125,0.01,0.125,mid,0.13,0.12,187.39,206,237.39,1022.69,1137.69,261,598,686.92,17610.12,176099.28,,true,,1782625219220,0bd61d2e6ad33b30971404e797bfffe60f623f41
20260628T054019Z:RSO-0007:YES:7,20260628T054019Z,2026-06-28T05:40:19Z,RSO-0007,Republican House seats after 2026 midterms,Republican House seats after 2026 midterms — 195-199,195-199,US,us_national,us_federal,us_house_seat_range_2026,919491,0xa6af312109c285d70f39a4f8d8e3d4a2e7e12bcabe5ab03527396a3a1377925d,will-the-republican-party-hold-between-195-and-199-house-seats-after-the-2026-midterm-elections,https://polymarket.com/event/will-the-republican-party-hold-between-195-and-199-house-seats-after-the-2026-midterm-elections,YES,115193834526916935745756977772378619467834046854963255708898687971795314424675,Will the Republican Party hold between 195 and 199 House seats after the 2026 midterm elections?,OK,0.16,0.17,0.165,0.01,0.165,mid,0.17,0.16,36,50,116.94,226.11,1189.11,260.93,473.85,882.85,8644.71,173630.29,,true,,1782625219007,e8ecd2705bde464eebb5887c7137be1a3b58b2aa
20260628T054019Z:RSO-0008:YES:8,20260628T054019Z,2026-06-28T05:40:19Z,RSO-0008,Republican House seats after 2026 midterms,Republican House seats after 2026 midterms — 200-204,200-204,US,us_national,us_federal,us_house_seat_range_2026,919492,0x7ff4e4b2f389acdd96ef18bb34684b9219a972b7ef0cde5856d28f5d5325f3d4,will-the-republican-party-hold-between-200-and-204-house-seats-after-the-2026-midterm-elections,https://polymarket.com/event/will-the-republican-party-hold-between-200-and-204-house-seats-after-the-2026-midterm-elections,YES,72002069499527925398637560287453277989370912181886433715927009264225913591577,Will the Republican Party hold between 200 and 204 House seats after the 2026 midterm elections?,OK,0.085,0.087,0.086,0.002,0.086,mid,0.087,0.085,199.99,20,446.99,596.85,738.76,125,130,251,97149.43,602479.41,,true,,1782625217084,d49d5c3b1960d4ee2449a08dff786b082afba964
20260628T054019Z:RSO-0009:YES:9,20260628T054019Z,2026-06-28T05:40:19Z,RSO-0009,Republican House seats after 2026 midterms,Republican House seats after 2026 midterms — 205-209,205-209,US,us_national,us_federal,us_house_seat_range_2026,919493,0x55f8333c05a9693135c74efeb660c473d9b7a46c02be73ce828914313dda5faf,will-the-republican-party-hold-between-205-and-209-house-seats-after-the-2026-midterm-elections,https://polymarket.com/event/will-the-republican-party-hold-between-205-and-209-house-seats-after-the-2026-midterm-elections,YES,29313994937981195788931635785989333043799554756927714294439868926183474951020,Will the Republican Party hold between 205 and 209 House seats after the 2026 midterm elections?,OK,0.06,0.068,0.064,0.008,0.064,mid,0.068,0.06,251,22,346.85,1232.95,3678.15,73.42,73.42,365.47,74803.8,308169.17,,true,,1782625217290,b85ea107b7f913fff5e415cf68cb65ae45532266
20260628T054019Z:RSO-0010:YES:10,20260628T054019Z,2026-06-28T05:40:19Z,RSO-0010,Republican House seats after 2026 midterms,Republican House seats after 2026 midterms — 210-214,210-214,US,us_national,us_federal,us_house_seat_range_2026,919494,0xf301c0842eeb33bd0a7718e4775bfb98b326a28bf837e18d65057e3516a5f6cb,will-the-republican-party-hold-between-210-and-214-house-seats-after-the-2026-midterm-elections,https://polymarket.com/event/will-the-republican-party-hold-between-210-and-214-house-seats-after-the-2026-midterm-elections,YES,54380927206833851183661949055792883595494421437547231435217946779970572480742,Will the Republican Party hold between 210 and 214 House seats after the 2026 midterm elections?,OK,0.05,0.065,0.0575,0.015,0.0575,mid,0.065,0.05,8.98,10,114.82,4041.6,114886.87,35.1,35.1,139.65,114886.87,551513.94,,true,,1782625219218,b647e556d3cd2b1d5f4107b596d41fa5047e46fa
20260628T054019Z:RSO-0011:YES:11,20260628T054019Z,2026-06-28T05:40:19Z,RSO-0011,Republican House seats after 2026 midterms,Republican House seats after 2026 midterms — 215-219,215-219,US,us_national,us_federal,us_house_seat_range_2026,919495,0x0d8711f5f475002d8236dcf4c848882aee7a2f34a515dda6ff0623906bf862a3,will-the-republican-party-hold-between-215-and-219-house-seats-after-the-2026-midterm-elections,https://polymarket.com/event/will-the-republican-party-hold-between-215-and-219-house-seats-after-the-2026-midterm-elections,YES,60694193343700070785132990153245047299390401777230625432234093346484633438371,Will the Republican Party hold between 215 and 219 House seats after the 2026 midterm elections?,OK,0.097,0.098,0.0975,0.001,0.0975,mid,0.098,0.097,11,70.41,421.44,658.44,2077.3,431.18,681.18,716.18,196765.41,3272408.58,,true,,1782625219125,a5b998540cb5994d48bfa6224140b78606b9b168
20260628T054019Z:RSO-0012:YES:12,20260628T054019Z,2026-06-28T05:40:19Z,RSO-0012,Republican House seats after 2026 midterms,Republican House seats after 2026 midterms — 220-224,220-224,US,us_national,us_federal,us_house_seat_range_2026,919496,0xba093f5c98e6c7d389a18ad4849ce5e82c2238f6daaf40755c1399d093e9a8f4,will-the-republican-party-hold-between-220-and-224-house-seats-after-the-2026-midterm-elections,https://polymarket.com/event/will-the-republican-party-hold-between-220-and-224-house-seats-after-the-2026-midterm-elections,YES,11440416578482803281113271939006595670566573058595214243294246034853366786529,Will the Republican Party hold between 220 and 224 House seats after the 2026 midterm elections?,OK,0.075,0.079,0.077,0.004,0.077,mid,0.079,0.075,247.17,10,689.61,1289.61,1340.61,40,595.23,895.23,626795.15,731562.06,,true,,1782625204824,ab91ef9a226e72928e6082299d54d193948cd5af
20260628T054019Z:RSO-0013:YES:13,20260628T054019Z,2026-06-28T05:40:19Z,RSO-0013,Republican House seats after 2026 midterms,Republican House seats after 2026 midterms — 225-229,225-229,US,us_national,us_federal,us_house_seat_range_2026,919497,0x2a576fa3ba72588ab56857b87e870f31f2c2e3e0a3e88943ebd207a8952af3f1,will-the-republican-party-hold-between-225-and-229-house-seats-after-the-2026-midterm-elections,https://polymarket.com/event/will-the-republican-party-hold-between-225-and-229-house-seats-after-the-2026-midterm-elections,YES,44021367593004066376259961625159230858755451295969387051970594277311771462296,Will the Republican Party hold between 225 and 229 House seats after the 2026 midterm elections?,OK,0.033,0.046,0.0395,0.013,0.0395,mid,0.046,0.033,82.94,15,455.36,5871.77,26965.8,30,78.98,78.98,26965.8,722049.06,,true,,1782625219444,fb126575d80726e26ada187432e529a8292acd2f
20260628T054019Z:RSO-0014:YES:14,20260628T054019Z,2026-06-28T05:40:19Z,RSO-0014,Republican House seats after 2026 midterms,Republican House seats after 2026 midterms — 230+,230+,US,us_national,us_federal,us_house_seat_range_2026,919498,0x217a8a10e4ec9f7d12d5b94024d4853f326c9b0de14b119b62d8b779f67d8111,will-the-republican-party-hold-230-or-more-house-seats-after-the-2026-midterm-elections,https://polymarket.com/event/will-the-republican-party-hold-230-or-more-house-seats-after-the-2026-midterm-elections,YES,93609386279271538145284495213602532023820232074612322223448573915979176212698,Will the Republican Party hold 230 or more House seats after the 2026 midterm elections?,OK,0.018,0.019,0.0185,0.001,0.0185,mid,0.019,0.018,29.93,76,79.92,12922.99,12922.99,224,265.5,265.5,12922.99,422204.67,,true,,1782625219081,db374f4ac69f1dda16508b8586304b48b4affd5f
20260628T054019Z:RSO-0015:YES:15,20260628T054019Z,2026-06-28T05:40:19Z,RSO-0015,Republican Senate seats after 2026 midterms,Republican Senate seats after 2026 midterms — ≤47,≤47,US,us_national,us_federal,us_senate_seat_range_2026,943819,0x46c862237fc39f6357ce2efa748274e4539c1ffe60cd6a89e3fe689373fa27a8,will-the-republican-party-hold-47-or-fewer-senate-seats-after-the-2026-midterm-elections,https://polymarket.com/event/will-the-republican-party-hold-47-or-fewer-senate-seats-after-the-2026-midterm-elections,YES,89624669145341997724697326849445716755183665898947701894080018635919612252707,Will the Republican Party hold 47 or fewer Senate seats after the 2026 midterm elections?,OK,0.25,0.26,0.255,0.01,0.255,mid,0.26,0.25,2950.1,2573.79,6997.31,10494.89,10534.89,4032.58,6315.63,7234.69,77939.33,554338.19,,true,,1782625221137,81b6a2c3e6061cdbe6659d69844a50d26a43625b
20260628T054019Z:RSO-0021:YES:16,20260628T054019Z,2026-06-28T05:40:19Z,RSO-0021,Republican Senate seats after 2026 midterms,Republican Senate seats after 2026 midterms — 53,53,US,us_national,us_federal,us_senate_seat_range_2026,943825,0x812d9ea644c58f1e889643bbd9184e9c5fdacbba55d1f9fef2eb2d55ce5dc1c2,will-the-republican-party-hold-exactly-53-senate-seats-after-the-2026-midterm-elections,https://polymarket.com/event/will-the-republican-party-hold-exactly-53-senate-seats-after-the-2026-midterm-elections,YES,15394416147421266264002744586901575755411758481406494583013250092373628427765,Will the Republican Party hold exactly 53 Senate seats after the 2026 midterm elections?,OK,0.034,0.038,0.036,0.004,0.036,mid,0.038,0.034,100,480,17396.7,26669.25,137215.12,4122.71,5134.14,6407.84,137215.12,2548599.2,,true,,1782625180888,4bbfaee5253d1c532d7d0a90558c0a7f4baed628
20260628T054019Z:RSO-0022:YES:17,20260628T054019Z,2026-06-28T05:40:19Z,RSO-0022,Republican Senate seats after 2026 midterms,Republican Senate seats after 2026 midterms — 54,54,US,us_national,us_federal,us_senate_seat_range_2026,943826,0x38fa3007c7be18a217849262667e39266341cb2fd7b5f8da75472b0a9e420480,will-the-republican-party-hold-exactly-54-senate-seats-after-the-2026-midterm-elections,https://polymarket.com/event/will-the-republican-party-hold-exactly-54-senate-seats-after-the-2026-midterm-elections,YES,13278443981418985302116823794751942747516190107446009911143426402863687470127,Will the Republican Party hold exactly 54 Senate seats after the 2026 midterm elections?,OK,0.015,0.016,0.0155,0.001,0.0155,mid,0.016,0.015,8269.39,712.32,44789.85,187475.85,187475.85,5500.05,6280.05,6944.69,187475.85,2548960.53,,true,,1782625221099,37439270356119b1123ffc4d86b74cbdea923af1
20260628T054019Z:RSO-0023:YES:18,20260628T054019Z,2026-06-28T05:40:19Z,RSO-0023,Republican Senate seats after 2026 midterms,Republican Senate seats after 2026 midterms — 55,55,US,us_national,us_federal,us_senate_seat_range_2026,943827,0x77051d8ddec1e312de90cdf2ce026ce1c4df4c1c264cfa1525e55995b542fb0c,will-the-republican-party-hold-exactly-55-senate-seats-after-the-2026-midterm-elections,https://polymarket.com/event/will-the-republican-party-hold-exactly-55-senate-seats-after-the-2026-midterm-elections,YES,10750997471908598562514411969554157596465059745769943341362824315243580377116,Will the Republican Party hold exactly 55 Senate seats after the 2026 midterm elections?,OK,0.016,0.017,0.0165,0.001,0.0165,mid,0.017,0.016,4033.7,700,35261.7,110819.15,110819.15,2774.78,2854.78,3519.42,110819.15,4542589.83,,true,,1782625222040,655df43ad829664ae2d4fb3be757524235ecf00c
20260628T054019Z:RSO-0024:YES:19,20260628T054019Z,2026-06-28T05:40:19Z,RSO-0024,Republican Senate seats after 2026 midterms,Republican Senate seats after 2026 midterms — 56,56,US,us_national,us_federal,us_senate_seat_range_2026,943828,0xe831d837e17278de50029fcf609d1c72338ed4e1352ce8a4fb7406ddef3c63ad,will-the-republican-party-hold-exactly-56-senate-seats-after-the-2026-midterm-elections,https://polymarket.com/event/will-the-republican-party-hold-exactly-56-senate-seats-after-the-2026-midterm-elections,YES,9273056014077248525737106426866852410841224250259842453481519298611852217348,Will the Republican Party hold exactly 56 Senate seats after the 2026 midterm elections?,OK,0.01,0.011,0.0105,0.001,0.0105,mid,0.011,0.01,31048.5,199.99,110596.99,110596.99,110596.99,1027.55,1095.23,1997.19,110596.99,5468713.26,,true,,1782625222528,3762f83c06310720beeaafe47553343b07f4916e
20260628T054019Z:RSO-0025:YES:20,20260628T054019Z,2026-06-28T05:40:19Z,RSO-0025,Republican Senate seats after 2026 midterms,Republican Senate seats after 2026 midterms — 57+,57+,US,us_national,us_federal,us_senate_seat_range_2026,943829,0x5d763463cd2a9bd939d49bbb5b4bbaf5fc2cd9ecee5966e6fcce0b6de57179fc,will-the-republican-party-hold-57-or-more-senate-seats-after-the-2026-midterm-elections,https://polymarket.com/event/will-the-republican-party-hold-57-or-more-senate-seats-after-the-2026-midterm-elections,YES,106446804142822856909456712516050968287728263341329924913008459244064245181608,Will the Republican Party hold 57 or more Senate seats after the 2026 midterm elections?,OK,0.013,0.014,0.0135,0.001,0.0135,mid,0.014,0.013,9417.9,102,56276.9,125300.53,125300.53,12648.49,12779.49,13944.13,125300.53,5602370.8,,true,,1782625222005,80497a90e0e4c67f5016112f0b8d997d91d9d76d
20260628T054019Z:RSO-0026:YES:21,20260628T054019Z,2026-06-28T05:40:19Z,RSO-0026,Maine Senate Election Winner,Maine Senate Election Winner — Democrat,Democrat,US,us_senate,us_statewide,maine_senate_2026,630772,0x66bbf6d55e0296278858b3147689f3df9259374f158f9f028b608baa322a639c,will-the-democrats-win-the-maine-senate-race-in-2026,https://polymarket.com/event/will-the-democrats-win-the-maine-senate-race-in-2026,YES,7589880081658059374445882095611024032084645048848237404312287942463647821549,Will the Democrats win the Maine Senate race in 2026?,OK,0.61,0.62,0.615,0.01,0.615,mid,0.62,0.61,6791.34,1335.12,8237.02,10566.02,10566.02,3368.62,8046.08,17748.06,393065.37,732491.52,,true,,1782625215400,cb78e1556a853ad0960a4ca6d1132a5b2ddc5d15
20260628T054019Z:RSO-0027:YES:22,20260628T054019Z,2026-06-28T05:40:19Z,RSO-0027,Maine Senate Election Winner,Maine Senate Election Winner — Republican,Republican,US,us_senate,us_statewide,maine_senate_2026,630773,0x2c00cb09722a0f0501c5e49131b898ed57bb5c075db4dc2bcbc14908f45b8c48,will-the-republicans-win-the-maine-senate-race-in-2026,https://polymarket.com/event/will-the-republicans-win-the-maine-senate-race-in-2026,YES,2142948285506077695096498341598672159464223074468931276310105532825810210121,Will the Republicans win the Maine Senate race in 2026?,OK,0.38,0.39,0.385,0.01,0.385,mid,0.39,0.38,1121.26,462,3162.87,8367.46,10969.79,4468.62,9376.3,11261.3,391087.51,251348.97,,true,,1782625214807,5eeccd023907fcdf27e38e7fe2e64e3bc42dbf24
20260628T054019Z:RSO-0028:YES:23,20260628T054019Z,2026-06-28T05:40:19Z,RSO-0028,Texas Senate Election Winner,Texas Senate Election Winner — Ken Paxton (R),Ken Paxton (R),US,us_senate,us_statewide,texas_senate_2026,630964,0x94521176f57d2ce81dde01e0b7699ca4279423042d37ed53908f0c8bfefe7e14,will-the-republicans-win-the-texas-senate-race-in-2026,https://polymarket.com/event/will-the-republicans-win-the-texas-senate-race-in-2026,YES,21265207456609426291246075480390336499088453711419597084147957999650569091884,Will the Republicans win the Texas Senate race in 2026?,OK,0.56,0.57,0.565,0.01,0.565,mid,0.57,0.56,103.05,1322.29,6480.01,11767.45,16365.46,4557.29,13801.4,25483.59,793743.45,288728.07,,true,,1782625221457,16b85b3de33c673cae9d6aa67449d9d431cea23b
20260628T054019Z:RSO-0029:YES:24,20260628T054019Z,2026-06-28T05:40:19Z,RSO-0029,Texas Senate Election Winner,Texas Senate Election Winner — James Talarico (D),James Talarico (D),US,us_senate,us_statewide,texas_senate_2026,630963,0x34918035a590555ba1fb1d6a019d766ab6e557d63e7f3140b63b4550eee7f417,will-the-democrats-win-the-texas-senate-race-in-2026,https://polymarket.com/event/will-the-democrats-win-the-texas-senate-race-in-2026,YES,15290572385458522370285732869432740297199321382471116558439914335588167718663,Will the Democrats win the Texas Senate race in 2026?,OK,0.41,0.43,0.42,0.02,0.42,mid,0.43,0.41,3285.01,100,6066.53,11409.46,12535.33,1552.93,4106.93,16146.62,900095.77,785470.43,,true,,1782625223477,22739a6c6079ea176f2863cfcf24964aaa05f63e
20260628T054019Z:RSO-0030:YES:25,20260628T054019Z,2026-06-28T05:40:19Z,RSO-0030,Alaska Senate Election Winner,Alaska Senate Election Winner — Mary Peltola,Mary Peltola,US,us_senate,us_statewide,alaska_senate_2026,634976,0x19d2ff72e389d190c183e6b114817301d29eba651d67d75a38ee201a05188fd9,will-mary-peltola-win-the-alaska-senate-race-in-2026,https://polymarket.com/event/will-mary-peltola-win-the-alaska-senate-race-in-2026,YES,72139607190315861034411702195742538105117960260100800877125381826122747504258,Will Mary Peltola win the Alaska Senate race in 2026?,OK,0.68,0.71,0.695,0.03,0.695,mid,0.71,0.68,42.5,15,152.67,522.64,572.64,292.36,2433.61,3174.15,74368.93,101888.21,,true,,1782625221484,3fd49e4945657794946514641817ae6abf01c0b3
20260628T054019Z:RSO-0031:YES:26,20260628T054019Z,2026-06-28T05:40:19Z,RSO-0031,Alaska Senate Election Winner,Alaska Senate Election Winner — Dan Sullivan,Dan Sullivan,US,us_senate,us_statewide,alaska_senate_2026,634974,0x741bb46008b72234857c5118c8365ab3c2f69dbf28b30b59de04f173b8a778de,will-dan-sullivan-win-the-alaska-senate-race-in-2026,https://polymarket.com/event/will-dan-sullivan-win-the-alaska-senate-race-in-2026,YES,2618138322856109565904469085316346602627882727483900432328802655317079880335,Will Dan Sullivan win the Alaska Senate race in 2026?,OK,0.29,0.32,0.305,0.03,0.305,mid,0.32,0.29,97.36,5,658.47,1529.02,1534.02,151.86,1190.99,1626.99,54297.1,199186.47,,true,,1782625214002,b926bfe614392508de097bff49d1fffe939233f8
20260628T054019Z:RSO-0032:YES:27,20260628T054019Z,2026-06-28T05:40:19Z,RSO-0032,Alaska Senate Election Winner,Alaska Senate Election Winner — Dustin Darden,Dustin Darden,US,us_senate,us_statewide,alaska_senate_2026,634977,0xec751bd3e1cf4d22a1dee41ee85c7304bdb7b6ed6dccc807e88ef2603b4a6449,will-dustin-darden-win-the-alaska-senate-race-in-2026,https://polymarket.com/event/will-dustin-darden-win-the-alaska-senate-race-in-2026,YES,29311755935786363205680204536643787054260832125056777867606384726291200747800,Will Dustin Darden win the Alaska Senate race in 2026?,NO_BIDS,,0.001,,,0.001,ask_only,0.001,,,1475.96,,,,2546.46,2961.46,2961.46,0,5403168.61,no_bids,true,,1782625221814,0eaf1c983d60fae9ea06e9d7a1cc6ff8a3985b17
20260628T054019Z:RSO-0033:YES:28,20260628T054019Z,2026-06-28T05:40:19Z,RSO-0033,Alaska Senate Election Winner,Alaska Senate Election Winner — Ann Diener,Ann Diener,US,us_senate,us_statewide,alaska_senate_2026,634975,0xa26ab383a1f115fa8d2b0fcbac29bcd6a9843ec8c1d160b0a122917230c3c96a,will-ann-diener-win-the-alaska-senate-race-in-2026,https://polymarket.com/event/will-ann-diener-win-the-alaska-senate-race-in-2026,YES,20310786951537091150920478212676759242565921145568245906943451694162568762258,Will Ann Diener win the Alaska Senate race in 2026?,NO_BIDS,,0.001,,,0.001,ask_only,0.001,,,1465.66,,,,5176.21,5621.19,5621.19,0,5454037.56,no_bids,true,,1782625219674,8ea5f9c003ba06303ff51ac34504367ab5360d53
20260628T054019Z:RSO-0034:YES:29,20260628T054019Z,2026-06-28T05:40:19Z,RSO-0034,Alaska Senate Election Winner,Alaska Senate Election Winner — Richard Grayson,Richard Grayson,US,us_senate,us_statewide,alaska_senate_2026,634978,0x998ee2bd25cea8e07eaf1b1f1be82ba6c3ecfd74c28a87497786103d84fd06d8,will-richard-grayson-win-the-alaska-senate-race-in-2026,https://polymarket.com/event/will-richard-grayson-win-the-alaska-senate-race-in-2026,YES,59588004575158257289531312065982350985369269880352045258164216668046489178917,Will Richard Grayson win the Alaska Senate race in 2026?,NO_BIDS,,0.001,,,0.001,ask_only,0.001,,,1205.42,,,,1205.42,6493.08,6493.08,0,5399515.83,no_bids,true,,1782625218524,d35f947dcb8b625687dc8ff271ea58c7bb2cfee8
20260628T054019Z:RSO-0035:YES:30,20260628T054019Z,2026-06-28T05:40:19Z,RSO-0035,Nebraska Senate Election Winner,Nebraska Senate Election Winner — Republican,Republican,US,us_senate,us_statewide,nebraska_senate_2026,634892,0x71e9f5312aac62bdc9b87fa8d171fa929eca6243d815298c4c7d61303f7d53dd,will-the-republicans-win-the-nebraska-senate-race-in-2026,https://polymarket.com/event/will-the-republicans-win-the-nebraska-senate-race-in-2026,YES,92576281548134350814800877416860562553699794074017301653635964206220838638047,Will the Republicans win the Nebraska Senate race in 2026?,OK,0.65,0.66,0.655,0.01,0.655,mid,0.66,0.65,287.21,45.91,885.16,1628.62,2094.76,66.83,1360.18,1499.6,149515.06,47995.64,,true,,1782625196970,3e34778082a1ac4a06c383a813031e1b70f3d821
20260628T054019Z:RSO-0036:YES:31,20260628T054019Z,2026-06-28T05:40:19Z,RSO-0036,Nebraska Senate Election Winner,Nebraska Senate Election Winner — Independent,Independent,US,us_senate,us_statewide,nebraska_senate_2026,634893,0x5554740293afa7aafd5fed10fd2de43a898e2884c1f98bd65185e703f371b9db,will-an-independent-win-the-nebraska-senate-race-in-2026,https://polymarket.com/event/will-an-independent-win-the-nebraska-senate-race-in-2026,YES,47975366268282823322598946778919483335780002591367838795894307024076579116518,Will an independent win the Nebraska Senate race in 2026?,OK,0.26,0.28,0.27,0.02,0.27,mid,0.28,0.26,72.5,36,117.5,707.5,908.5,136,1035,1137.79,38977.37,157055.15,,true,,1782625224786,db63e64bef384410b117ca450c1c9e8f2447893e
20260628T054019Z:RSO-0037:YES:32,20260628T054019Z,2026-06-28T05:40:19Z,RSO-0037,Nebraska Senate Election Winner,Nebraska Senate Election Winner — Democrat,Democrat,US,us_senate,us_statewide,nebraska_senate_2026,634891,0x12ac475399b12fd74917ccf0e29ce338eb4fc76c066cc8b56d01d2f9a2b17597,will-the-democrats-win-the-nebraska-senate-race-in-2026,https://polymarket.com/event/will-the-democrats-win-the-nebraska-senate-race-in-2026,YES,55269299240433422758148290868724152324629587438760275683104577693660207425448,Will the Democrats win the Nebraska Senate race in 2026?,OK,0.023,0.024,0.0235,0.001,0.0235,mid,0.024,0.023,391,410,2270.1,16444.1,16444.1,1726.3,3810.33,3810.33,16444.1,174022.48,,true,,1782625209445,ac512e943ee1d5202c8b9f99d876d1ae877fcb2c
20260628T054019Z:RSO-0038:YES:33,20260628T054019Z,2026-06-28T05:40:19Z,RSO-0038,Michigan Senate Election Winner,Michigan Senate Election Winner — Democrat,Democrat,US,us_senate,us_statewide,michigan_senate_2026,630805,0xbfeb6d4cf3eab6071e204219b0647c8224d63a12778df467311b5f2a4b3a5bd4,will-the-democrats-win-the-michigan-senate-race-in-2026,https://polymarket.com/event/will-the-democrats-win-the-michigan-senate-race-in-2026,YES,71772627544132140586824126381855151743830987860593343955509593715269534710061,Will the Democrats win the Michigan Senate race in 2026?,OK,0.71,0.73,0.72,0.02,0.72,mid,0.73,0.71,36.66,149.1,91.66,1653.92,1653.92,1531.02,5342.06,6982.42,30206.6,18905.52,,true,,1782625215602,df087c5e9a4cf639ae9b929ce00e82d3ef43ae3c
20260628T054019Z:RSO-0039:YES:34,20260628T054019Z,2026-06-28T05:40:19Z,RSO-0039,Michigan Senate Election Winner,Michigan Senate Election Winner — Republican,Republican,US,us_senate,us_statewide,michigan_senate_2026,630806,0x3fd189cac9280dfc49a07115581e8d4c9e0b7e1c1e8580a44e9ff3d74e39cf2d,will-the-republicans-win-the-michigan-senate-race-in-2026,https://polymarket.com/event/will-the-republicans-win-the-michigan-senate-race-in-2026,YES,1046980875306043125128331871114794349002409233139736033870402475326170083426,Will the Republicans win the Michigan Senate race in 2026?,OK,0.27,0.28,0.275,0.01,0.275,mid,0.28,0.27,205.92,110,382.4,1981.35,2904.91,533.78,2035.19,4198.62,24055.73,33961.34,,true,,1782625224350,655d59a7f6bd7668f6526e168693c29f6b872d3d
20260628T054019Z:RSO-0040:YES:35,20260628T054019Z,2026-06-28T05:40:19Z,RSO-0040,Ohio Senate Election Winner,Ohio Senate Election Winner — Sherrod Brown (D),Sherrod Brown (D),US,us_senate,us_statewide,ohio_senate_2026,631057,0x968a1a79e001d49fa3ee1429e3b95eb01797587740f86d4e6becf3ab1b275bfb,will-the-democrats-win-the-ohio-senate-race-in-2026,https://polymarket.com/event/will-the-democrats-win-the-ohio-senate-race-in-2026,YES,83018072688154066292491996133599479395547801317505487833443670253228061205312,Will the Democrats win the Ohio Senate race in 2026?,OK,0.55,0.56,0.555,0.01,0.555,mid,0.56,0.55,121,17.52,342.2,2241.11,2251.11,27.52,2164.11,4872.55,551477.23,568902.7,,true,,1782625224978,73721f6ed77c7b5821f9f45f32e1fe24f905ff31
20260628T054019Z:RSO-0041:YES:36,20260628T054019Z,2026-06-28T05:40:19Z,RSO-0041,Ohio Senate Election Winner,Ohio Senate Election Winner — Jon Husted (R),Jon Husted (R),US,us_senate,us_statewide,ohio_senate_2026,631058,0x771873c365f87bffd990644e4b688aebc1be7f18396d2eab64b996ff66e88669,will-the-republicans-win-the-ohio-senate-race-in-2026,https://polymarket.com/event/will-the-republicans-win-the-ohio-senate-race-in-2026,YES,69908185249078099348466099388148864764525845923415294308139153388799352317616,Will the Republicans win the Ohio Senate race in 2026?,OK,0.43,0.45,0.44,0.02,0.44,mid,0.45,0.43,63.96,37.47,2625.38,3152.88,3152.88,235.47,1850.5,3969.41,660302.22,557247.79,,true,,1782625214007,8c386e5de6016d5cbd009272b6f4bb47c5368bf6
20260628T054019Z:RSO-0042:YES:37,20260628T054019Z,2026-06-28T05:40:19Z,RSO-0042,North Carolina Senate Election Winner,North Carolina Senate Election Winner — Roy Cooper (D),Roy Cooper (D),US,us_senate,us_statewide,north_carolina_senate_2026,630883,0x129dbcb7d39ff8df5f0d7685a2db6400b5db37d3963914486fbb7fd2bc96a923,will-the-democrats-win-the-north-carolina-senate-race-in-2026,https://polymarket.com/event/will-the-democrats-win-the-north-carolina-senate-race-in-2026,YES,107151098936186723859677628536733880558851060002514795735761427447010628440047,Will the Democrats win the North Carolina Senate race in 2026?,OK,0.86,0.87,0.865,0.01,0.865,mid,0.87,0.86,50,1639.8,818.22,2639.7,2770.51,3185.8,5990.3,5999.72,157474.24,58453.2,,true,,1782625225823,d5df57b740c392352370596188ae4fa0805184e9
20260628T054019Z:RSO-0043:YES:38,20260628T054019Z,2026-06-28T05:40:19Z,RSO-0043,North Carolina Senate Election Winner,North Carolina Senate Election Winner — Michael Whatley (R),Michael Whatley (R),US,us_senate,us_statewide,north_carolina_senate_2026,630884,0xd59f25520a8c0ea44a9c9741a97c8c3d769e21f1479b9a14e1a9d475e91f522a,will-the-republicans-win-the-north-carolina-senate-race-in-2026,https://polymarket.com/event/will-the-republicans-win-the-north-carolina-senate-race-in-2026,YES,62831517509825405761763142539845746280269675872170259538293560849475982647892,Will the Republicans win the North Carolina Senate race in 2026?,OK,0.14,0.15,0.145,0.01,0.145,mid,0.15,0.14,166,1396.71,1397,3762.29,7234.43,3626.07,4848.97,4848.97,59064.66,169820.36,,true,,1782625225816,f983d0a866f09ea727acfd376f5f9d953a75c1ad
20260628T054019Z:RSO-0044:YES:39,20260628T054019Z,2026-06-28T05:40:19Z,RSO-0044,Georgia Senate Election Winner,Georgia Senate Election Winner — Democrat,Democrat,US,us_senate,us_statewide,georgia_senate_2026,630692,0x3c5b93b91196c8db64e63c424979da8cfbf44a4501afd70d2480ee28fbf306a2,will-the-democrats-win-the-georgia-senate-race-in-2026,https://polymarket.com/event/will-the-democrats-win-the-georgia-senate-race-in-2026,YES,21024219148268989748704207701411444044468128261642675917026452687231462203167,Will the Democrats win the Georgia Senate race in 2026?,OK,0.85,0.86,0.855,0.01,0.855,mid,0.86,0.85,1236.03,188.31,4659.15,6003.15,6008.15,452.61,4458.14,4463.14,569587.21,55401.18,,true,,1782625224286,b91c7639481638bf65631f57c4f18e92cd0bb28e
20260628T054019Z:RSO-0045:YES:40,20260628T054019Z,2026-06-28T05:40:19Z,RSO-0045,Georgia Senate Election Winner,Georgia Senate Election Winner — Republican,Republican,US,us_senate,us_statewide,georgia_senate_2026,630693,0x54e4e816cc5868e2f933c6bbc597e3313bdad382be3ecf7eaa4d8fa5c3f1a1bd,will-the-republicans-win-the-georgia-senate-race-in-2026,https://polymarket.com/event/will-the-republicans-win-the-georgia-senate-race-in-2026,YES,43777191461245536274027792855557351629362906569064322165760098912770293918104,Will the Republicans win the Georgia Senate race in 2026?,OK,0.146,0.151,0.1485,0.005,0.1485,mid,0.151,0.146,41.8,249.99,121.8,4489.03,5194.63,4297.22,7872.16,8352.05,130632.12,768136.39,,true,,1782625213012,bb82a001716028568066ad4d8793c2268f6c854c
20260628T054019Z:RSO-0046:YES:41,20260628T054019Z,2026-06-28T05:40:19Z,RSO-0046,New Hampshire Senate Election Winner,New Hampshire Senate Election Winner — Democrat,Democrat,US,us_senate,us_statewide,new_hampshire_senate_2026,630844,0xfc5c740e4617eb9908ceada7c91bfbe1cd41f172d703ef811d544e60a7a70bb5,will-the-democrats-win-the-new-hampshire-senate-race-in-2026,https://polymarket.com/event/will-the-democrats-win-the-new-hampshire-senate-race-in-2026,YES,82410058691149830741200014405570918770267839390767234397030380747995715352939,Will the Democrats win the New Hampshire Senate race in 2026?,OK,0.84,0.85,0.845,0.01,0.845,mid,0.85,0.84,153,473.16,396.12,2495.34,2925.34,1660.37,4816.41,6888.41,106153.05,7699.25,,true,,1782625184191,d2e4b7cd82d09272ef141902ad08aea20323409d
20260628T054019Z:RSO-0047:YES:42,20260628T054019Z,2026-06-28T05:40:19Z,RSO-0047,New Hampshire Senate Election Winner,New Hampshire Senate Election Winner — Republican,Republican,US,us_senate,us_statewide,new_hampshire_senate_2026,630845,0x57599a84bf50c94b958adb020aa2a25bf02e26453e500d3b739d86e6b783774c,will-the-republicans-win-the-new-hampshire-senate-race-in-2026,https://polymarket.com/event/will-the-republicans-win-the-new-hampshire-senate-race-in-2026,YES,62227089537100115269143206481757249285124282589590263790284791475153705872216,Will the Republicans win the New Hampshire Senate race in 2026?,OK,0.12,0.15,0.135,0.03,0.135,mid,0.15,0.12,1598.7,21,1988.7,2544.25,2544.25,371,1839.48,4181.7,2622.64,108181.39,,true,,1782625224279,b174370d0c0fc76fa8c6a3da218cd11536704b50
20260628T054019Z:RSO-0048:YES:43,20260628T054019Z,2026-06-28T05:40:19Z,RSO-0048,Iowa Senate Election Winner,Iowa Senate Election Winner — Republican,Republican,US,us_senate,us_statewide,iowa_senate_2026,630734,0x38a1025bfc56539ed1ff8fdd468283d55cf9002412decd61aa8d6c578c7d01a2,will-the-republicans-win-the-iowa-senate-race-in-2026,https://polymarket.com/event/will-the-republicans-win-the-iowa-senate-race-in-2026,YES,107844449523890311740907586041395758413047559802389895859202256336422357556837,Will the Republicans win the Iowa Senate race in 2026?,OK,0.55,0.56,0.555,0.01,0.555,mid,0.56,0.55,50,69.5,50,1622,1622,77.54,1144.63,2915.4,261160.93,277960.06,,true,,1782625226969,84c000894bca2d8cf86ff2480273c865bd57bb04
20260628T054019Z:RSO-0049:YES:44,20260628T054019Z,2026-06-28T05:40:19Z,RSO-0049,Iowa Senate Election Winner,Iowa Senate Election Winner — Democrat,Democrat,US,us_senate,us_statewide,iowa_senate_2026,630733,0xd50c016598c499fceea10a1a714e48d9b4953487fe215daeaf916068fae722f1,will-the-democrats-win-the-iowa-senate-race-in-2026,https://polymarket.com/event/will-the-democrats-win-the-iowa-senate-race-in-2026,YES,90689690530039118737607894922148077480097700217322320781526913496162509181445,Will the Democrats win the Iowa Senate race in 2026?,OK,0.43,0.45,0.44,0.02,0.44,mid,0.45,0.43,96.09,74.94,125.78,2365.51,3765.84,114.94,3314.9,5870.16,455865.62,283175.86,,true,,1782625226980,d8ee4980f7ff1c9aec5333b90bbd053fc1fc20c7
20260628T054019Z:RSO-0052:YES:45,20260628T054019Z,2026-06-28T05:40:19Z,RSO-0052,Michigan Governor Election Winner,Michigan Governor Election Winner — Democrat,Democrat,US,us_governor,us_statewide,michigan_governor_2026,629464,0x76cface9f6df604ff32447bce58656b7a72b6659324d089c73a13a99f06c8aae,will-the-democrats-win-the-michigan-governor-race-in-2026,https://polymarket.com/event/will-the-democrats-win-the-michigan-governor-race-in-2026,YES,63517706574758177502492185078056756527324898714284142778693046697324148388357,Will the Democrats win the Michigan governor race in 2026?,OK,0.83,0.85,0.84,0.02,0.84,mid,0.85,0.83,1142.64,56,2478.3,2532.3,2695.42,548.08,3931.21,5421.52,113127.83,9177.37,,true,,1782625210788,9abd9417a5645b09b31535542e4e7b05af5c038f
20260628T054019Z:RSO-0053:YES:46,20260628T054019Z,2026-06-28T05:40:19Z,RSO-0053,Michigan Governor Election Winner,Michigan Governor Election Winner — Republican,Republican,US,us_governor,us_statewide,michigan_governor_2026,629465,0xeee75e18b53425c67035084fb8be5414331614ab4e5ec59574bc73e11817be93,will-the-republicans-win-the-michigan-governor-race-in-2026,https://polymarket.com/event/will-the-republicans-win-the-michigan-governor-race-in-2026,YES,3091929947863726371877226324959784580013579280794631063604653957812689085396,Will the Republicans win the Michigan governor race in 2026?,OK,0.14,0.15,0.145,0.01,0.145,mid,0.15,0.14,722.9,5.94,1521.58,2638.79,3819.96,612.7,4233.52,6411.46,4561.77,119067.39,,true,,1782625212000,14958c7394c161ef5036ea3a220ad04e2cd7dc54
20260628T054019Z:RSO-0054:YES:47,20260628T054019Z,2026-06-28T05:40:19Z,RSO-0054,Michigan Governor Election Winner,Michigan Governor Election Winner — Independent,Independent,US,us_governor,us_statewide,michigan_governor_2026,629466,0xdfb79786d650608e4bdf010d254a9757ace465d405c858750c52bca0b985fce4,will-an-independent-win-the-michigan-governor-race-in-2026,https://polymarket.com/event/will-an-independent-win-the-michigan-governor-race-in-2026,YES,34943144357771122375283559286014961426824813487508159555960762936802327664238,Will an independent win the Michigan governor race in 2026?,OK,0.02,0.039,0.0295,0.019,0.0295,mid,0.039,0.02,3.74,97,82.14,478.02,478.02,819.9,1944.64,3680.3,478.02,84406.38,,true,,1782625211582,e23a26c2b54b9dcaadf271c1c36b9eed234f67e7
20260628T054019Z:RSO-0055:YES:48,20260628T054019Z,2026-06-28T05:40:19Z,RSO-0055,WA-04 House Election Winner,WA-04 House Election Winner — Republican Party,Republican Party,US,us_house,us_district,wa_04_house_2026,1285143,0x14ed8c209487ff644ca1f3693b4c428f0781e1b0ee8910ff33307ec525a0cecc,will-the-republican-party-win-the-wa-04-house-seat,https://polymarket.com/event/will-the-republican-party-win-the-wa-04-house-seat,YES,47439174463482721229034772614568373644882067237418093196025863212785197691496,Will the Republican Party win the WA-04 House seat?,OK,0.85,0.87,0.86,0.02,0.86,mid,0.87,0.85,1600,343.01,2497.14,2918.58,2918.58,893.76,1330.76,1389.46,133072.82,1567.95,,true,,1782625202391,644716f3da9527f1c93a1e36f0412c8a345fe503
20260628T054019Z:RSO-0056:YES:49,20260628T054019Z,2026-06-28T05:40:19Z,RSO-0056,WA-04 House Election Winner,WA-04 House Election Winner — Democratic Party,Democratic Party,US,us_house,us_district,wa_04_house_2026,1285144,0xdcb6cb68a62c550a66018c3e0146588c727fbc7d12254fac95bb8eeb96237f5c,will-the-democratic-party-win-the-wa-04-house-seat,https://polymarket.com/event/will-the-democratic-party-win-the-wa-04-house-seat,YES,30593975999350825877587438529917201650410921221852686898350933855891343459981,Will the Democratic Party win the WA-04 House seat?,OK,0.13,0.14,0.135,0.01,0.135,mid,0.14,0.13,963.09,1591.18,963.09,2391.85,2391.85,2747.24,3343.38,3343.38,2590.25,133511.35,,true,,1782625124059,2d37f75383ad1ef6649643a877031b3a11ba41fd
20260628T054019Z:RSO-0057:YES:50,20260628T054019Z,2026-06-28T05:40:19Z,RSO-0057,NE-02 House Election Winner,NE-02 House Election Winner — Democratic Party,Democratic Party,US,us_house,us_district,ne_02_house_2026,942878,0x13ab5c37a83d0a2ed874bd931c1c8a10984dcabc37cb67f4e36c807492cbfd3b,will-the-democratic-party-win-the-ne-02-house-seat,https://polymarket.com/event/will-the-democratic-party-win-the-ne-02-house-seat,YES,83966667308824872880342632752673759552233526664290166226784097408878282862076,Will the Democratic Party win the NE-02 House seat?,OK,0.77,0.78,0.775,0.01,0.775,mid,0.78,0.77,1050,186.06,1350,1402,1402,410.56,608.76,1011.53,133967.9,35619.02,,true,,1782625228241,9000cebc41ffbb237b83d684faed1c2dc32b4ed9
20260628T054019Z:RSO-0058:YES:51,20260628T054019Z,2026-06-28T05:40:19Z,RSO-0058,NE-02 House Election Winner,NE-02 House Election Winner — Republican Party,Republican Party,US,us_house,us_district,ne_02_house_2026,942877,0xc733d85766ea9df81eb33ec52f7ba64610688401ebc823ae818f51d3cc7274de,will-the-republican-party-win-the-ne-02-house-seat,https://polymarket.com/event/will-the-republican-party-win-the-ne-02-house-seat,YES,9261962954796206285247745021195981577055668829876152281558354142057545087402,Will the Republican Party win the NE-02 House seat?,OK,0.23,0.24,0.235,0.01,0.235,mid,0.24,0.23,76.12,1680,76.12,91.11,303.68,2875,4076.26,5126.26,508.79,135875.95,,true,,1782625227100,3a24a2e528a585eda4c7b1aef1272228ffcaa96f
20260628T054019Z:RSO-0059:YES:52,20260628T054019Z,2026-06-28T05:40:19Z,RSO-0059,PA-10 House Election Winner,PA-10 House Election Winner — Democratic Party,Democratic Party,US,us_house,us_district,pa_10_house_2026,943955,0x1ba8c5b414501846fafc1639481a839d57bc3bbb62471400e86224e93c2281f5,will-the-democratic-party-win-the-pa-10-house-seat,https://polymarket.com/event/will-the-democratic-party-win-the-pa-10-house-seat,YES,87725551185270618291722253233951821932371187994043126950008311468794742299797,Will the Democratic Party win the PA-10 House seat?,OK,0.64,0.73,0.685,0.09,0.685,mid,0.73,0.64,7,25,57,57,57,675,1431.8,2850.43,170.21,8298.43,,true,,1782625223977,bd498ad1a1d137ed5b68468899fb6cb730247ae0
20260628T054019Z:RSO-0060:YES:53,20260628T054019Z,2026-06-28T05:40:19Z,RSO-0060,PA-10 House Election Winner,PA-10 House Election Winner — Republican Party,Republican Party,US,us_house,us_district,pa_10_house_2026,943954,0xa33cf18dc8a3f0f8550fcb3f68a7b4272f40709419029ac6e589d82f30bb3273,will-the-republican-party-win-the-pa-10-house-seat,https://polymarket.com/event/will-the-republican-party-win-the-pa-10-house-seat,YES,103572160941197360900419917573086716527751112441366358755475598989264153655130,Will the Republican Party win the PA-10 House seat?,OK,0.26,0.28,0.27,0.02,0.27,mid,0.28,0.26,708.28,30,1061.58,1061.58,1061.58,130,130,130,31395.34,32766.93,,true,,1782625168873,fdb29603f2b21b9eee099700d3c99109fe77792b
20260628T054019Z:RSO-0061:YES:54,20260628T054019Z,2026-06-28T05:40:19Z,RSO-0061,Ohio Governor Election Winner,Ohio Governor Election Winner — Republican,Republican,US,us_governor,us_statewide,ohio_governor_2026,629558,0x650e3ebc043ddbcfa1d1ffda0c5830f19da7389827889fb5db3474bde5b007fb,will-the-republicans-win-the-ohio-governor-race-in-2026,https://polymarket.com/event/will-the-republicans-win-the-ohio-governor-race-in-2026,YES,3104629708171062356498135654472461762731791851667035051301931240755518332250,Will the Republicans win the Ohio governor race in 2026?,OK,0.49,0.51,0.5,0.02,0.5,mid,0.51,0.49,83.04,18.75,521.92,728.92,835.74,970.75,2783.97,3043.35,509348.03,697289.54,,true,,1782625228910,307ce97441cfb21b5ba146f8f8bc8346c34ccfbe
20260628T054019Z:RSO-0062:YES:55,20260628T054019Z,2026-06-28T05:40:19Z,RSO-0062,Ohio Governor Election Winner,Ohio Governor Election Winner — Democrat,Democrat,US,us_governor,us_statewide,ohio_governor_2026,629557,0x3babe91f8d2fac44027f9ba7f0f1a59e61b72419828e6e517f96bbcf4e132498,will-the-democrats-win-the-ohio-governor-race-in-2026,https://polymarket.com/event/will-the-democrats-win-the-ohio-governor-race-in-2026,YES,63255709540320761353971859526848930870803944190764324681913735372035438815215,Will the Democrats win the Ohio governor race in 2026?,OK,0.5,0.52,0.51,0.02,0.51,mid,0.52,0.5,30.14,121.2,537.78,744.36,804.36,636.66,2206.03,2294.03,542428.25,577897.44,,true,,1782625228629,7b1cbe07d414633855935a1fe67e728f74a8d4f0
20260628T054019Z:RSO-0063:YES:56,20260628T054019Z,2026-06-28T05:40:19Z,RSO-0063,Georgia Governor Election Winner,Georgia Governor Election Winner — Democrat,Democrat,US,us_governor,us_statewide,georgia_governor_2026,629337,0x73a9911393e7bd2262904c4413d9614f68bb6290ddf7d88ed607f1562d08fb05,will-the-democrats-win-the-georgia-governor-race-in-2026,https://polymarket.com/event/will-the-democrats-win-the-georgia-governor-race-in-2026,YES,59980150909931986777748227027020522224275707387562276219060223816867188565245,Will the Democrats win the Georgia governor race in 2026?,OK,0.45,0.5,0.475,0.05,0.475,mid,0.5,0.45,100,117.12,522.51,622.51,922.51,333.12,2606.71,5114.13,455279,247022.49,,true,,1782625215260,92ba12a3b15791b941f2de21007e58acffef91c2
20260628T054019Z:RSO-0064:YES:57,20260628T054019Z,2026-06-28T05:40:19Z,RSO-0064,Georgia Governor Election Winner,Georgia Governor Election Winner — Republican,Republican,US,us_governor,us_statewide,georgia_governor_2026,629338,0x71c05b735300b6087ff5588bcc7e83fecf009293d794f613c63c92ea8a16fb2b,will-the-republicans-win-the-georgia-governor-race-in-2026,https://polymarket.com/event/will-the-republicans-win-the-georgia-governor-race-in-2026,YES,17555504943162344098534978138053308162738914357892515623100381936995379845407,Will the Republicans win the Georgia governor race in 2026?,OK,0.5,0.51,0.505,0.01,0.505,mid,0.51,0.5,195.99,50,753.89,1919.51,1919.51,1168.73,1671.35,1751.35,462076.97,329941.91,,true,,1782625212924,4990816af571e6c5b5270edf708eb50e81d29faa
20260628T054019Z:RSO-0065:YES:58,20260628T054019Z,2026-06-28T05:40:19Z,RSO-0065,Nevada Governor Election Winner,Nevada Governor Election Winner — Democrat,Democrat,US,us_governor,us_statewide,nevada_governor_2026,629505,0x707eb5c6df23e32e0b770dd0ccd1245abb7fac0dcfd24d8b68dd99e5ca737180,will-the-democrats-win-the-nevada-governor-race-in-2026,https://polymarket.com/event/will-the-democrats-win-the-nevada-governor-race-in-2026,YES,1246864710804983890692377994891598401616546411512113588399830364959833951829,Will the Democrats win the Nevada governor race in 2026?,OK,0.59,0.62,0.605,0.03,0.605,mid,0.62,0.59,60,7,60,60,165,135.26,800.59,831.59,22876.88,19056.34,,true,,1782625182409,25fcda3e8f34ee6f55967b48bcef1fff939456b9
20260628T054019Z:RSO-0066:YES:59,20260628T054019Z,2026-06-28T05:40:19Z,RSO-0066,Nevada Governor Election Winner,Nevada Governor Election Winner — Republican,Republican,US,us_governor,us_statewide,nevada_governor_2026,629506,0xb63fbd776203cada01a13bb21b3c52c500bcf904bdfc71627022db1f891f95c5,will-the-republicans-win-the-nevada-governor-race-in-2026,https://polymarket.com/event/will-the-republicans-win-the-nevada-governor-race-in-2026,YES,26514162544090965098284473937422427465088569867873952479707540387314217381282,Will the Republicans win the Nevada governor race in 2026?,OK,0.39,0.41,0.4,0.02,0.4,mid,0.41,0.39,31,15,131,1094.09,1094.09,841.78,1320.78,1535.78,217576.76,25439.32,,true,,1782625185008,541e39c81d952057d0db03c38d08e062ee964490
20260628T054019Z:RSO-0067:YES:60,20260628T054019Z,2026-06-28T05:40:19Z,RSO-0067,NY-13 House Election Winner / Darializa Avila Chevalier proxy,NY-13 House Election Winner / Darializa Avila Chevalier proxy — Democratic Party,Democratic Party,US,narrative_candidate,us_district,ny_13_house_darializa_proxy_2026,1284299,0xdf533114d83b2408875558a9cf8ef34fdf172d704b97261a0aa383f3197762f1,will-the-democratic-party-win-the-ny-13-house-seat,https://polymarket.com/event/will-the-democratic-party-win-the-ny-13-house-seat,YES,58170582826434624369183137827470621458750832571934268895241793899476487858088,Will the Democratic Party win the NY-13 House seat?,OK,0.941,0.942,0.9415,0.001,0.9415,mid,0.942,0.941,85,295.66,4754.55,9157.36,9157.36,1754.56,22183.22,38997.17,300329.56,42770.99,,true,,1782625089867,133a0fc0769ebb349e3b93e3f1116029937159ae
20260628T054019Z:RSO-0068:YES:61,20260628T054019Z,2026-06-28T05:40:19Z,RSO-0068,NY-13 House Election Winner / Darializa Avila Chevalier proxy,NY-13 House Election Winner / Darializa Avila Chevalier proxy — Republican Party,Republican Party,US,narrative_candidate,us_district,ny_13_house_darializa_proxy_2026,1284298,0xe0dc694c459bbf45b586d15930c82a36eb9ff63de86e81290d934b3fc3918d1e,will-the-republican-party-win-the-ny-13-house-seat,https://polymarket.com/event/will-the-republican-party-win-the-ny-13-house-seat,YES,81557957224614719909606514321678071196063005584137638675672000952860345431216,Will the Republican Party win the NY-13 House seat?,OK,0.008,0.037,0.0225,0.029,0.0225,mid,0.037,0.008,100,15,4366.52,4366.52,4366.52,120,548,548,4366.52,135551.41,,true,,1782625224916,6868d98605dbe08fdc56c01ce681a757043f1700
20260628T054019Z:RSO-0076:YES:62,20260628T054019Z,2026-06-28T05:40:19Z,RSO-0076,Brazil Presidential Election,Brazil Presidential Election — Luiz Inácio Lula da Silva,Luiz Inácio Lula da Silva,Brazil,brazil_presidential,presidential_two_round,brazil_president_winner_2026,601819,0xdf8e2dc5860027decbe6164555c3c1c9645c3bd33e16b9dc57ca87125047d4a8,will-luiz-incio-lula-da-silva-win-the-2026-brazilian-presidential-election,https://polymarket.com/event/will-luiz-incio-lula-da-silva-win-the-2026-brazilian-presidential-election,YES,30630994248667897740988010928640156931882346081873066002335460180076741328029,Will Luiz Inácio Lula da Silva win the 2026 Brazilian presidential election?,OK,0.56,0.57,0.565,0.01,0.565,mid,0.57,0.56,21136.82,1690.06,63162.11,226908.88,255110.65,21016.29,49579.33,72853.21,553982.9,2222599.5,,true,,1782625229941,891098b6edaebcff0d4db0cd2d16d3f0a1285588
20260628T054019Z:RSO-0077:YES:63,20260628T054019Z,2026-06-28T05:40:19Z,RSO-0077,Brazil Presidential Election,Brazil Presidential Election — Flávio Bolsonaro,Flávio Bolsonaro,Brazil,brazil_presidential,presidential_two_round,brazil_president_winner_2026,601826,0x1a01bf78f56a507fcb666d564d8c8b91b0750679163ed6e96746102c9b7d285d,will-flvio-bolsonaro-win-the-2026-brazilian-presidential-election,https://polymarket.com/event/will-flvio-bolsonaro-win-the-2026-brazilian-presidential-election,YES,109876868437950584369987384406356259939519193117253465815665152916226511121427,Will Flávio Bolsonaro win the 2026 Brazilian presidential election?,OK,0.221,0.222,0.2215,0.001,0.2215,mid,0.222,0.221,97.34,4197.51,48263.94,131617.12,181544.13,16056.28,94728.49,112990.8,1073476.6,12573501.05,,true,,1782625220825,941951a253a27a60a1c39c680868415ffea7239a
20260628T054019Z:RSO-0078:YES:64,20260628T054019Z,2026-06-28T05:40:19Z,RSO-0078,Brazil Presidential Election,Brazil Presidential Election — Renan Santos,Renan Santos,Brazil,brazil_presidential,presidential_two_round,brazil_president_winner_2026,601825,0x05297f854d3b757d5e51a1a29c7f225a80b14b2a161d6b7f9a61677da7a80ced,will-renan-santos-win-the-2026-brazilian-presidential-election,https://polymarket.com/event/will-renan-santos-win-the-2026-brazilian-presidential-election,YES,93998891488819623915454849994768171534113749478841216025646247933473925258016,Will Renan Santos win the 2026 Brazilian presidential election?,OK,0.115,0.116,0.1155,0.001,0.1155,mid,0.116,0.115,2536.67,4558.12,27686.03,56293.52,131572.27,11140.42,57396.13,92364.74,1418536.93,23716910.42,,true,,1782625228077,ba08cccf62fdbd10ec3d8bd457b4ac6c699fa2e3
20260628T054019Z:RSO-0079:YES:65,20260628T054019Z,2026-06-28T05:40:19Z,RSO-0079,Brazil Presidential Election,Brazil Presidential Election — Michelle Bolsonaro,Michelle Bolsonaro,Brazil,brazil_presidential,presidential_two_round,brazil_president_winner_2026,601822,0x37ec4c6b57a18b16eed1241f6155ee7ff45bc1697d7848f15ac33d406e38ed00,will-michelle-bolsonaro-win-the-2026-brazilian-presidential-election,https://polymarket.com/event/will-michelle-bolsonaro-win-the-2026-brazilian-presidential-election,YES,91154058715822908897619103072380844452822017332608583147987152526225529443892,Will Michelle Bolsonaro win the 2026 Brazilian presidential election?,OK,0.027,0.029,0.028,0.002,0.028,mid,0.029,0.027,2580.05,4185.06,17667.56,1358795.83,1358795.83,16293.19,68150.06,82063.77,1358795.83,13405313.23,,true,,1782625209009,283cc164459f08c2936879627f255546140641a3
20260628T054019Z:RSO-0080:YES:66,20260628T054019Z,2026-06-28T05:40:19Z,RSO-0080,Brazil Presidential Election,Brazil Presidential Election — Ronaldo Caiado,Ronaldo Caiado,Brazil,brazil_presidential,presidential_two_round,brazil_president_winner_2026,601827,0xbca3d70ec52a5a441ccc365a3b1b48b9cd0f08dfff4bc5871e2cd92d0d92caa1,will-ronaldo-caiado-win-the-2026-brazilian-presidential-election,https://polymarket.com/event/will-ronaldo-caiado-win-the-2026-brazilian-presidential-election,YES,36262307788727352725358528951052957737657822670589615830114396216160368496388,Will Ronaldo Caiado win the 2026 Brazilian presidential election?,OK,0.012,0.013,0.0125,0.001,0.0125,mid,0.013,0.012,7904.55,7237.29,338546.08,970908.31,970908.31,33268,85966.54,95554.31,970908.31,13882716,,true,,1782625223786,8d9901e0c84b971c530f840979fb59dee280a9b2
20260628T054019Z:RSO-0081:YES:67,20260628T054019Z,2026-06-28T05:40:19Z,RSO-0081,Brazil Presidential Election,Brazil Presidential Election — Fernando Haddad,Fernando Haddad,Brazil,brazil_presidential,presidential_two_round,brazil_president_winner_2026,601821,0xdd3d104667774208eae2239f576122ecdd1c04ba81cc14d26d22a36b33887977,will-fernando-haddad-win-the-2026-brazilian-presidential-election,https://polymarket.com/event/will-fernando-haddad-win-the-2026-brazilian-presidential-election,YES,34763699632057764824138626876692302096202604335992573366008355204521657293675,Will Fernando Haddad win the 2026 Brazilian presidential election?,OK,0.01,0.011,0.0105,0.001,0.0105,mid,0.011,0.01,2440.49,13415.75,1003661.76,1003661.76,1003661.76,24550.18,49293.48,94418.51,1003661.76,24200566.86,,true,,1782625224810,f23eef47e96f766d3ea18474e8686bf4bb6e6816
20260628T054019Z:RSO-0082:YES:68,20260628T054019Z,2026-06-28T05:40:19Z,RSO-0082,Brazil Presidential Election,Brazil Presidential Election — Camilo Santana,Camilo Santana,Brazil,brazil_presidential,presidential_two_round,brazil_president_winner_2026,601829,0x101d084cd035070abde58d8a3113b78e11ba68028b0d9e7e38ea7d780797aecc,will-camilo-santana-win-the-2026-brazilian-presidential-election,https://polymarket.com/event/will-camilo-santana-win-the-2026-brazilian-presidential-election,YES,40200361970099951836914907993971598083846841136374094155950298822866778978473,Will Camilo Santana win the 2026 Brazilian presidential election?,OK,0.006,0.007,0.0065,0.001,0.0065,mid,0.007,0.006,4033.87,26307.87,594678.87,594678.87,594678.87,36131.33,62377.44,121353.64,594678.87,24006216.9,,true,,1782625219029,4f7d63894e5699713e6f651b10b2ee30e8396cd2
20260628T054019Z:RSO-0083:YES:69,20260628T054019Z,2026-06-28T05:40:19Z,RSO-0083,Brazil Presidential Election,Brazil Presidential Election — Romeu Zema,Romeu Zema,Brazil,brazil_presidential,presidential_two_round,brazil_president_winner_2026,601828,0x054725b2a7971376f7924a7021221b12acc50fe78d97817824fe411704d5b5a2,will-romeu-zema-win-the-2026-brazilian-presidential-election,https://polymarket.com/event/will-romeu-zema-win-the-2026-brazilian-presidential-election,YES,44340846524235712899508083510503343345123518718867913608211694999290628967401,Will Romeu Zema win the 2026 Brazilian presidential election?,OK,0.011,0.012,0.0115,0.001,0.0115,mid,0.012,0.011,10228.31,9372.22,795768.58,795768.58,795768.58,44767.93,59837.39,262610.95,795768.58,23846290.8,,true,,1782625230881,7fb5cba98967f1cf48a2eec922aef62b354540d6
20260628T054019Z:RSO-0084:YES:70,20260628T054019Z,2026-06-28T05:40:19Z,RSO-0084,Brazil Presidential Election,Brazil Presidential Election — Jair Bolsonaro,Jair Bolsonaro,Brazil,brazil_presidential,presidential_two_round,brazil_president_winner_2026,601820,0x63d8f3a34c90bd5342dda8acf62b6a898dfa52f86475efaf180b66493ef6af80,will-jair-bolsonaro-win-the-2026-brazilian-presidential-election,https://polymarket.com/event/will-jair-bolsonaro-win-the-2026-brazilian-presidential-election,YES,66991175107696133528353695394151645462081911990365106169948013117379189357520,Will Jair Bolsonaro win the 2026 Brazilian presidential election?,OK,0.005,0.006,0.0055,0.001,0.0055,mid,0.006,0.005,13725.69,3475.82,577006.9,577006.9,577006.9,24228.15,25864.07,27778.44,577006.9,13936022.47,,true,,1782625230005,db2b722628d5db08f63724bb4bd191591ca2b4b9
20260628T054019Z:RSO-0085:YES:71,20260628T054019Z,2026-06-28T05:40:19Z,RSO-0085,Brazil Presidential Election,Brazil Presidential Election — Geraldo Alckmin,Geraldo Alckmin,Brazil,brazil_presidential,presidential_two_round,brazil_president_winner_2026,601830,0xd0536d9612e041312235baceac52bde48821e8aad4607533513b3782904b7d49,will-geraldo-alckmin-win-the-2026-brazilian-presidential-election,https://polymarket.com/event/will-geraldo-alckmin-win-the-2026-brazilian-presidential-election,YES,70059117674007036240163073645113489994895807359788046023215512784288966325609,Will Geraldo Alckmin win the 2026 Brazilian presidential election?,OK,0.004,0.005,0.0045,0.001,0.0045,mid,0.005,0.004,82930.97,14411.01,1133209.23,1133209.23,1133209.23,29187.5,31996.64,59485.97,1133209.23,24323421.94,,true,,1782625230000,5307d79358f6baba35be9b51a6392429c78ae141
20260628T054019Z:RSO-0086:YES:72,20260628T054019Z,2026-06-28T05:40:19Z,RSO-0086,Brazil Presidential Election,Brazil Presidential Election — Tereza Cristina,Tereza Cristina,Brazil,brazil_presidential,presidential_two_round,brazil_president_winner_2026,601833,0xae7dd99bf126b033b77af2553a98b97e1190fd7bdddd5a792ca2791ae23e4d13,will-tereza-cristina-win-the-2026-brazilian-presidential-election,https://polymarket.com/event/will-tereza-cristina-win-the-2026-brazilian-presidential-election,YES,111901744542692526827481385722975834672043376661227579870355575009066606657994,Will Tereza Cristina win the 2026 Brazilian presidential election?,OK,0.002,0.003,0.0025,0.001,0.0025,mid,0.003,0.002,198332.77,156157.8,1266113.56,1266113.56,1266113.56,185447.02,194468.82,231176.2,1266113.56,1655213.85,,true,,1782625217683,e2728e0fb3ff41335e1171cbe89b60c38e8e8dbb
20260628T054019Z:RSO-0087:YES:73,20260628T054019Z,2026-06-28T05:40:19Z,RSO-0087,Brazil Presidential Election,Brazil Presidential Election — Tarcisio de Freitas,Tarcisio de Freitas,Brazil,brazil_presidential,presidential_two_round,brazil_president_winner_2026,601818,0x81a537b379a35e4e17c286d3b37394e94bd74c1779bbe9a13670eb991b201a3a,will-tarcisio-de-frietas-win-the-2026-brazilian-presidential-election,https://polymarket.com/event/will-tarcisio-de-frietas-win-the-2026-brazilian-presidential-election,YES,52634616068523389389514492087655237014427439869589807217055529923225131895030,Will Tarcisio de Freitas win the 2026 Brazilian presidential election?,OK,0.001,0.002,0.0015,0.001,0.0015,mid,0.002,0.001,775054.27,287245.61,775054.27,775054.27,775054.27,415022.21,435702.74,448717.26,775054.27,12784093.11,,true,,1782625230737,46896fced9bf7cacbbe06a67247f4b24677c6e38
20260628T054019Z:RSO-0088:YES:74,20260628T054019Z,2026-06-28T05:40:19Z,RSO-0088,Brazil Presidential Election,Brazil Presidential Election — Eduardo Bolsonaro,Eduardo Bolsonaro,Brazil,brazil_presidential,presidential_two_round,brazil_president_winner_2026,601823,0xe1d5733322fd2215f136412f419d9ff805d097f78c68de3261515ff736895f2b,will-eduardo-bolsonaro-win-the-2026-brazilian-presidential-election,https://polymarket.com/event/will-eduardo-bolsonaro-win-the-2026-brazilian-presidential-election,YES,68827474128979817444758177181483142354604256745613325980470518365059439724226,Will Eduardo Bolsonaro win the 2026 Brazilian presidential election?,OK,0.001,0.002,0.0015,0.001,0.0015,mid,0.002,0.001,832871.94,640025.1,832871.94,832871.94,832871.94,768132.91,846412.5,847264.62,832871.94,14458556.8,,true,,1782625232002,8d60c3f48f53e7e65bb523464eb856b1b7a0ff12
20260628T054019Z:RSO-0089:YES:75,20260628T054019Z,2026-06-28T05:40:19Z,RSO-0089,Brazil Presidential Election,Brazil Presidential Election — Aldo Rebelo,Aldo Rebelo,Brazil,brazil_presidential,presidential_two_round,brazil_president_winner_2026,601832,0xafd3f96b7b6084509e625270538ff0699003fafc042263c1216e7f084cef753a,will-aldo-rebelo-win-the-2026-brazilian-presidential-election,https://polymarket.com/event/will-aldo-rebelo-win-the-2026-brazilian-presidential-election,YES,18874063891853426715155938679650704186206312307574669405399400920527965569290,Will Aldo Rebelo win the 2026 Brazilian presidential election?,OK,0.001,0.002,0.0015,0.001,0.0015,mid,0.002,0.001,271559.1,1240390.57,271559.1,271559.1,271559.1,1275370.39,1286701.54,1287461.47,271559.1,14725818.09,,true,,1782625212221,dbb91529104e79c2f7ddb19130d907ac8547b441
20260628T054019Z:RSO-0090:YES:76,20260628T054019Z,2026-06-28T05:40:19Z,RSO-0090,Brazil Presidential Election,Brazil Presidential Election — Helder Barbalho,Helder Barbalho,Brazil,brazil_presidential,presidential_two_round,brazil_president_winner_2026,601834,0x919c9bc428d2d19400437852066582b11bb7b00ad78529a0069cde76766b9faf,will-helder-barbalho-win-the-2026-brazilian-presidential-election,https://polymarket.com/event/will-helder-barbalho-win-the-2026-brazilian-presidential-election,YES,49821018408733695378907631766783388197384982451576409356148180829521508621967,Will Helder Barbalho win the 2026 Brazilian presidential election?,OK,0.001,0.002,0.0015,0.001,0.0015,mid,0.002,0.001,1009768.91,618964.97,1009768.91,1009768.91,1009768.91,632225.92,633285.92,635093.51,1009768.91,1995544.77,,true,,1782625230881,d9b4ce48cd87ecd7c0612bec455124314225e1b8
20260628T054019Z:RSO-0091:YES:77,20260628T054019Z,2026-06-28T05:40:19Z,RSO-0091,Brazil Presidential Election,Brazil Presidential Election — Ratinho Júnior,Ratinho Júnior,Brazil,brazil_presidential,presidential_two_round,brazil_president_winner_2026,601824,0xa59bb6bb91e5c1e4d533864520fbd3bb75d6d0ebb813b4cd8a8b88479bfa8966,will-carlos-roberto-massa-jnior-win-the-2026-brazilian-presidential-election,https://polymarket.com/event/will-carlos-roberto-massa-jnior-win-the-2026-brazilian-presidential-election,YES,7424753944577407627798342086224300332261118341771286172561357635231967087849,Will Carlos Roberto Massa Júnior win the 2026 Brazilian presidential election?,NO_BIDS,,0.001,,,0.001,ask_only,0.001,,,58651.85,,,,1267327.83,1268235.16,1270716.73,0,14223772.93,no_bids,true,,1782625230881,be26a9b686aa212f9470ddaa165ce554fe8b4104
20260628T054019Z:RSO-0092:YES:78,20260628T054019Z,2026-06-28T05:40:19Z,RSO-0092,Brazil Presidential Election,Brazil Presidential Election — Eduardo Leite,Eduardo Leite,Brazil,brazil_presidential,presidential_two_round,brazil_president_winner_2026,601831,0x70f1a7d2cd490b640676d5e31470bcbe16fef40087de1af8b6f6e44e299b5784,will-eduardo-leite-win-the-2026-brazilian-presidential-election,https://polymarket.com/event/will-eduardo-leite-win-the-2026-brazilian-presidential-election,YES,114877796464914647568230859616993131921615428032065380781940199946418906101564,Will Eduardo Leite win the 2026 Brazilian presidential election?,NO_BIDS,,0.001,,,0.001,ask_only,0.001,,,156844.63,,,,1274030.26,1326730.96,1329280.96,0,14458388.73,no_bids,true,,1782625230043,f4cd55c42bb39be449aab9623a45864fe1abf417
20260628T054019Z:RSO-0094:YES:79,20260628T054019Z,2026-06-28T05:40:19Z,RSO-0094,Brazil Presidential Election First Round: Margin of Victory,Brazil Presidential Election First Round: Margin of Victory — Lula da Silva 10-15%,Lula da Silva 10-15%,Brazil,brazil_presidential,presidential_two_round,brazil_first_round_margin_2026,1366009,0xd99603add7350a5ff33c8dc609ab0eaae2d5d18162bb00eeb63c38c81ae038f8,will-luiz-incio-lula-da-silva-win-the-first-round-of-the-2026-brazilian-presidential-election-by-1015-995,https://polymarket.com/event/will-luiz-incio-lula-da-silva-win-the-first-round-of-the-2026-brazilian-presidential-election-by-1015-995,YES,111501008889215248446738380766334499893429002495174888541812674365305743816241,Will Luiz Inácio Lula da Silva win the first round of the 2026 Brazilian presidential election by 10–15%?,OK,0.143,0.173,0.158,0.03,0.158,mid,0.173,0.143,25,10,5388.92,5642.92,5713.92,1629.91,1929.91,1929.91,34867.87,206364.25,,true,,1782625229427,5e4d1a2a8c1e25e35781aee5cb30e3bb32f25462
20260628T054019Z:RSO-0095:YES:80,20260628T054019Z,2026-06-28T05:40:19Z,RSO-0095,Brazil Presidential Election First Round: Margin of Victory,Brazil Presidential Election First Round: Margin of Victory — Lula da Silva 5-10%,Lula da Silva 5-10%,Brazil,brazil_presidential,presidential_two_round,brazil_first_round_margin_2026,1366008,0x5377b12dd060efd8e3597620f120648f1bf99452a95eb70374b128d9ca133227,will-luiz-incio-lula-da-silva-win-the-first-round-of-the-2026-brazilian-presidential-election-by-510-971,https://polymarket.com/event/will-luiz-incio-lula-da-silva-win-the-first-round-of-the-2026-brazilian-presidential-election-by-510-971,YES,48407765042087399444287625227087734986428382872828112503518998286869389847258,Will Luiz Inácio Lula da Silva win the first round of the 2026 Brazilian presidential election by 5–10%?,OK,0.37,0.38,0.375,0.01,0.375,mid,0.38,0.37,4000.6,1687.18,5636.25,6196.29,6196.29,2475.72,2671.7,2671.7,56849.41,131368.07,,true,,1782625223749,962ae086cd7af844ad153118c41efe6854aa770a
20260628T054019Z:RSO-0096:YES:81,20260628T054019Z,2026-06-28T05:40:19Z,RSO-0096,Brazil Presidential Election First Round: Margin of Victory,Brazil Presidential Election First Round: Margin of Victory — Lula da Silva <5%,Lula da Silva <5%,Brazil,brazil_presidential,presidential_two_round,brazil_first_round_margin_2026,1366007,0x5d5b8feb963ddcc0f4688f7ac0c0d375f99945b7a07155d60cd1a306c6b3054b,will-luiz-incio-lula-da-silva-win-the-first-round-of-the-2026-brazilian-presidential-election-by-less-than-5-639,https://polymarket.com/event/will-luiz-incio-lula-da-silva-win-the-first-round-of-the-2026-brazilian-presidential-election-by-less-than-5-639,YES,111141743875022425014082366328706246366536998743881258465740846069926282242834,Will Luiz Inácio Lula da Silva win the first round of the 2026 Brazilian presidential election by less than 5%?,OK,0.28,0.3,0.29,0.02,0.29,mid,0.3,0.28,79.48,1620.08,346.98,346.98,351.98,1842.33,1892.33,1892.33,35892.46,205472.81,,true,,1782625199266,79c3b028b133af8195b7703d97047deed361a58c
20260628T054019Z:RSO-0098:YES:82,20260628T054019Z,2026-06-28T05:40:19Z,RSO-0098,Brazil Presidential Election First Round: Margin of Victory,Brazil Presidential Election First Round: Margin of Victory — Flávio Bolsonaro 5-10%,Flávio Bolsonaro 5-10%,Brazil,brazil_presidential,presidential_two_round,brazil_first_round_margin_2026,1366012,0x3a539f4052dc3340948b9f56119fbee92919f7bf9bb3cc73fd7feeb310d030d4,will-flvio-bolsonaro-win-the-first-round-of-the-2026-brazilian-presidential-election-by-510,https://polymarket.com/event/will-flvio-bolsonaro-win-the-first-round-of-the-2026-brazilian-presidential-election-by-510,YES,104163730910213129535412784044547089656279554877287473050849076919118163831116,Will Flávio Bolsonaro win the first round of the 2026 Brazilian presidential election by 5–10%?,OK,0.003,0.004,0.0035,0.001,0.0035,mid,0.004,0.003,200,20.28,25329,25329,25329,189.78,189.78,189.78,25329,190092.46,,true,,1782625222699,a10317d1c45105826ac37f204b3d8e840562b00e
20260628T054019Z:RSO-0099:YES:83,20260628T054019Z,2026-06-28T05:40:19Z,RSO-0099,Brazil Presidential Election First Round: Margin of Victory,Brazil Presidential Election First Round: Margin of Victory — Flávio Bolsonaro <5%,Flávio Bolsonaro <5%,Brazil,brazil_presidential,presidential_two_round,brazil_first_round_margin_2026,1366011,0x25966b196ffc1682fc77df0298784831a60aea8abe03b9aa4fc219d1422feb9f,will-flvio-bolsonaro-win-the-first-round-of-the-2026-brazilian-presidential-election-by-less-than-5-183,https://polymarket.com/event/will-flvio-bolsonaro-win-the-first-round-of-the-2026-brazilian-presidential-election-by-less-than-5-183,YES,94495166556994695319220591877877326867271103412306477867919432683718476975192,Will Flávio Bolsonaro win the first round of the 2026 Brazilian presidential election by less than 5%?,OK,0.025,0.067,0.046,0.042,0.046,mid,0.067,0.025,45,97.15,70,10813.5,10813.5,97.15,97.15,107.15,10813.5,195094.48,,true,,1782625229434,2ff81b24001ed52423a15c41ae496180acaa3b97
20260628T054019Z:RSO-0100:YES:84,20260628T054019Z,2026-06-28T05:40:19Z,RSO-0100,Brazil Presidential Election First Round: Margin of Victory,Brazil Presidential Election First Round: Margin of Victory — Renan Santos Victory,Renan Santos Victory,Brazil,brazil_presidential,presidential_two_round,brazil_first_round_margin_2026,1366014,0x819cc40b88572690508717385d9397af991f8bc929f764fa73c99e5e10c1e55b,will-renan-santos-win-the-first-round-of-the-2026-brazilian-presidential-election,https://polymarket.com/event/will-renan-santos-win-the-first-round-of-the-2026-brazilian-presidential-election,YES,10454882518429916448752742772766159951084470578369066727370400009390341769549,Will Renan Santos win the first round of the 2026 Brazilian presidential election?,OK,0.042,0.043,0.0425,0.001,0.0425,mid,0.043,0.042,232.4,282.2,287.4,347.4,93820.06,1090.36,1299.85,1309.85,93820.06,197192,,true,,1782625229442,145c4c4c09ed4c29ac799e99063e45af05bac030
20260628T054019Z:RSO-0101:YES:85,20260628T054019Z,2026-06-28T05:40:19Z,RSO-0101,Brazil Presidential Election First Round: Margin of Victory,Brazil Presidential Election First Round: Margin of Victory — Tarcisio de Freitas Victory,Tarcisio de Freitas Victory,Brazil,brazil_presidential,presidential_two_round,brazil_first_round_margin_2026,1366015,0x6f98bf552b696e6698beb205cf3849a80696c9c03ef500435d01e9c57e4315e3,will-tarcisio-de-freitas-win-the-first-round-of-the-2026-brazilian-presidential-election,https://polymarket.com/event/will-tarcisio-de-freitas-win-the-first-round-of-the-2026-brazilian-presidential-election,YES,83269757217555629943134578848786647915368681844160716033008008468705095911501,Will Tarcisio de Freitas win the first round of the 2026 Brazilian presidential election?,OK,0.002,0.004,0.003,0.002,0.003,mid,0.004,0.002,84,661.17,24079.88,24079.88,24079.88,691.17,851.17,851.17,24079.88,192199.64,,true,,1782625221857,1a8db4a375140d43ff4f7708eddbb1848fd7db43
20260628T054019Z:RSO-0102:YES:86,20260628T054019Z,2026-06-28T05:40:19Z,RSO-0102,Brazil Presidential Election First Round: Margin of Victory,Brazil Presidential Election First Round: Margin of Victory — Ratinho Júnior Victory,Ratinho Júnior Victory,Brazil,brazil_presidential,presidential_two_round,brazil_first_round_margin_2026,1366016,0x1ebb9c918900fedc11089b62d09353ef7e9986ad9ff94fbce786e2541c1e3980,will-carlos-roberto-massa-jnior-win-the-first-round-of-the-2026-brazilian-presidential-election,https://polymarket.com/event/will-carlos-roberto-massa-jnior-win-the-first-round-of-the-2026-brazilian-presidential-election,YES,48237610808655602451252745673035721002146805186546999349082405380140320056791,Will Carlos Roberto Massa Júnior win the first round of the 2026 Brazilian presidential election?,OK,0.002,0.003,0.0025,0.001,0.0025,mid,0.003,0.002,476.06,206.55,24784.06,24784.06,24784.06,487.83,631.74,631.74,24784.06,186313.64,,true,,1782625221312,ed24c05a5e9e7b0070862df6cc9c58e396c19ef6
20260628T054019Z:RSO-0103:YES:87,20260628T054019Z,2026-06-28T05:40:19Z,RSO-0103,Brazil Presidential Election First Round: Margin of Victory,Brazil Presidential Election First Round: Margin of Victory — Other,Other,Brazil,brazil_presidential,presidential_two_round,brazil_first_round_margin_2026,1366017,0xf0918b480dabee05030dd06079dcc206f9abdb14f89821deacc025fce5cef2aa,will-another-person-win-the-first-round-of-the-2026-brazilian-presidential-election,https://polymarket.com/event/will-another-person-win-the-first-round-of-the-2026-brazilian-presidential-election,YES,74306749719457212671387730053142004427663532632544536840572498618977716344069,Will another person win the first round of the 2026 Brazilian presidential election?,OK,0.033,0.037,0.035,0.004,0.035,mid,0.037,0.033,469.51,10.92,763.07,2013.07,51923.6,88.82,206.27,346.34,51923.6,192362.99,,true,,1782625222364,2ef8d4bc2b2eacd546d55db944121a0aa2e40508
20260628T054019Z:RSO-0121:YES:88,20260628T054019Z,2026-06-28T05:40:19Z,RSO-0121,Brazil Presidential Election First Round: 2nd Place,Brazil Presidential Election First Round: 2nd Place — Flávio Bolsonaro,Flávio Bolsonaro,Brazil,brazil_presidential,presidential_two_round,brazil_first_round_second_place_2026,1365861,0x6114306f724135bd1db2f5f3169386decf18f618653c196ef0a6c1afd27f4c73,will-flvio-bolsonaro-finish-in-second-place-in-the-first-round-of-the-2026-brazilian-presidential-election,https://polymarket.com/event/will-flvio-bolsonaro-finish-in-second-place-in-the-first-round-of-the-2026-brazilian-presidential-election,YES,49821065181473419798146957267480015506102711160660718636601116902870701340131,Will Flávio Bolsonaro finish in second place in the first round of the 2026 Brazilian presidential election?,OK,0.75,0.77,0.76,0.02,0.76,mid,0.77,0.75,120,137.72,862,2070.5,2252.5,2995.04,9577.34,10459.34,159192.2,234546.29,,true,,1782625214065,4c66892c3b0089c566be22eeec7f79c27ca299e5
20260628T054019Z:RSO-0122:YES:89,20260628T054019Z,2026-06-28T05:40:19Z,RSO-0122,Brazil Presidential Election First Round: 2nd Place,Brazil Presidential Election First Round: 2nd Place — Renan Santos,Renan Santos,Brazil,brazil_presidential,presidential_two_round,brazil_first_round_second_place_2026,1365860,0x83030b249525db4c0bcd83a915776442f4ea32d2fba10825fca4abeb51512d8f,will-renan-santos-finish-in-second-place-in-the-first-round-of-the-2026-brazilian-presidential-election,https://polymarket.com/event/will-renan-santos-finish-in-second-place-in-the-first-round-of-the-2026-brazilian-presidential-election,YES,17281846673721797872676200679500341356941280903768395106563553424335510148596,Will Renan Santos finish in second place in the first round of the 2026 Brazilian presidential election?,OK,0.12,0.121,0.1205,0.001,0.1205,mid,0.121,0.12,6154.64,440.09,16924.45,30348.82,31405.62,868.14,1631.24,1778.24,2227454.98,513289.83,,true,,1782625217911,46444798b4cba6badd95c5c946caef3c82cb43ce
20260628T054019Z:RSO-0123:YES:90,20260628T054019Z,2026-06-28T05:40:19Z,RSO-0123,Brazil Presidential Election First Round: 2nd Place,Brazil Presidential Election First Round: 2nd Place — Luiz Inácio Lula da Silva,Luiz Inácio Lula da Silva,Brazil,brazil_presidential,presidential_two_round,brazil_first_round_second_place_2026,1365854,0x8ee27c276a1bee094293751285d8a6697674b023196cb21fdd14bf3ca12f6ec0,will-luiz-incio-lula-da-silva-finish-in-second-place-in-the-first-round-of-the-2026-brazilian-presidential-election,https://polymarket.com/event/will-luiz-incio-lula-da-silva-finish-in-second-place-in-the-first-round-of-the-2026-brazilian-presidential-election,YES,109856098174983029722649567789098297237073018943808237804563416414463140161494,Will Luiz Inácio Lula da Silva finish in second place in the first round of the 2026 Brazilian presidential election?,OK,0.027,0.036,0.0315,0.009,0.0315,mid,0.036,0.027,25,95,6831,43654.67,43654.67,100,419,490,43654.67,438411.76,,true,,1782625234092,a3597c2eee0ce87c94981f7e2f0f5e46e2016e7f
20260628T054019Z:RSO-0124:YES:91,20260628T054019Z,2026-06-28T05:40:19Z,RSO-0124,Brazil Presidential Election First Round: 2nd Place,Brazil Presidential Election First Round: 2nd Place — Romeu Zema,Romeu Zema,Brazil,brazil_presidential,presidential_two_round,brazil_first_round_second_place_2026,1365863,0xa68adbb0fedef76cef5c6e1ab2c2027704233fc5b6389037eb4d3565952892da,will-romeu-zema-finish-in-second-place-in-the-first-round-of-the-2026-brazilian-presidential-election,https://polymarket.com/event/will-romeu-zema-finish-in-second-place-in-the-first-round-of-the-2026-brazilian-presidential-election,YES,33120079315672925103019754502941180281339745524857289202950301940888637884529,Will Romeu Zema finish in second place in the first round of the 2026 Brazilian presidential election?,OK,0.014,0.015,0.0145,0.001,0.0145,mid,0.015,0.014,37,781.58,3842.06,2060549.04,2060549.04,1442.83,4691.23,5057.43,2060549.04,669094.33,,true,,1782625232902,c68e19bc6fb529b877822ec01bacad4a7a7bbd20
20260628T054019Z:RSO-0125:YES:92,20260628T054019Z,2026-06-28T05:40:19Z,RSO-0125,Brazil Presidential Election First Round: 2nd Place,Brazil Presidential Election First Round: 2nd Place — Michelle Bolsonaro,Michelle Bolsonaro,Brazil,brazil_presidential,presidential_two_round,brazil_first_round_second_place_2026,1365857,0x000e7d579cf57fd0b8428656d385c57f3c6e7f8e5ffe9b7a9955fa2ffd2cd260,will-michelle-bolsonaro-finish-in-second-place-in-the-first-round-of-the-2026-brazilian-presidential-election,https://polymarket.com/event/will-michelle-bolsonaro-finish-in-second-place-in-the-first-round-of-the-2026-brazilian-presidential-election,YES,46016593873997340258679724205324373176224812313655314178053388989396764209886,Will Michelle Bolsonaro finish in second place in the first round of the 2026 Brazilian presidential election?,OK,0.024,0.033,0.0285,0.009,0.0285,mid,0.033,0.024,35.1,142.28,437.98,2063327.48,2063327.48,180.41,940.4,995.4,2063327.48,491307.26,,true,,1782625235208,77d4acb5dc5587a7d0b3f422fd5189be377fa919
20260628T054019Z:RSO-0126:YES:93,20260628T054019Z,2026-06-28T05:40:19Z,RSO-0126,Brazil Presidential Election First Round: 2nd Place,Brazil Presidential Election First Round: 2nd Place — Fernando Haddad,Fernando Haddad,Brazil,brazil_presidential,presidential_two_round,brazil_first_round_second_place_2026,1365856,0x0f8a16fa8809127bc86712e24cea9314cf1eb000c69150ff01b9f10f166903f5,will-fernando-haddad-finish-in-second-place-in-the-first-round-of-the-2026-brazilian-presidential-election,https://polymarket.com/event/will-fernando-haddad-finish-in-second-place-in-the-first-round-of-the-2026-brazilian-presidential-election,YES,43401707698084567428952104543307143736192808401383569468543634607641861802704,Will Fernando Haddad finish in second place in the first round of the 2026 Brazilian presidential election?,OK,0.006,0.007,0.0065,0.001,0.0065,mid,0.007,0.006,6180,15,2112040.67,2112040.67,2112040.67,335.01,2463.13,2493.13,2112040.67,500945.27,,true,,1782625232864,fc586bc9e9e48f2dbb9bc9663c1e8ad38d17115e
20260628T054019Z:RSO-0127:YES:94,20260628T054019Z,2026-06-28T05:40:19Z,RSO-0127,Brazil Presidential Election First Round: 2nd Place,Brazil Presidential Election First Round: 2nd Place — Camilo Santana,Camilo Santana,Brazil,brazil_presidential,presidential_two_round,brazil_first_round_second_place_2026,1365864,0x8576ba0a2bbe51db4f61c513059475a09e0cb0bd754b955fce0ddc7793ffa08f,will-camilo-santana-finish-in-second-place-in-the-first-round-of-the-2026-brazilian-presidential-election,https://polymarket.com/event/will-camilo-santana-finish-in-second-place-in-the-first-round-of-the-2026-brazilian-presidential-election,YES,2501107153963268281942035041037528214870417801204824857715972358420826737525,Will Camilo Santana finish in second place in the first round of the 2026 Brazilian presidential election?,OK,0.005,0.01,0.0075,0.005,0.0075,mid,0.01,0.005,3353.29,168.97,2069552.33,2069552.33,2069552.33,1487.66,1835.77,7207.95,2069552.33,667121.77,,true,,1782625232867,11f1674130a012f3aadd64c4aead66aead96dfed
20260628T054019Z:RSO-0128:YES:95,20260628T054019Z,2026-06-28T05:40:19Z,RSO-0128,Brazil Presidential Election First Round: 2nd Place,Brazil Presidential Election First Round: 2nd Place — Ronaldo Caiado,Ronaldo Caiado,Brazil,brazil_presidential,presidential_two_round,brazil_first_round_second_place_2026,1365862,0x1991f63d7497ae667a9b78932ec8834ee411bdce4272b5fd42a1cf9f05cca1fb,will-ronaldo-caiado-finish-in-second-place-in-the-first-round-of-the-2026-brazilian-presidential-election,https://polymarket.com/event/will-ronaldo-caiado-finish-in-second-place-in-the-first-round-of-the-2026-brazilian-presidential-election,YES,96410334963636722955423607584767406044469608220941769303770962314672696289162,Will Ronaldo Caiado finish in second place in the first round of the 2026 Brazilian presidential election?,OK,0.01,0.014,0.012,0.004,0.012,mid,0.014,0.01,180.01,214.87,2082206.72,2082206.72,2082206.72,943.59,2878.42,2878.42,2082206.72,637041.9,,true,,1782625233617,df8c2a530d5c93896ca5a3d65b08c54aae5c2f5a
20260628T054019Z:RSO-0129:YES:96,20260628T054019Z,2026-06-28T05:40:19Z,RSO-0129,Brazil Presidential Election First Round: 2nd Place,Brazil Presidential Election First Round: 2nd Place — Geraldo Alckmin,Geraldo Alckmin,Brazil,brazil_presidential,presidential_two_round,brazil_first_round_second_place_2026,1365865,0xce4c63006ae8c2690d9da01aff225c4ff9258a9722a86ffad4bb7964d20d0bc3,will-geraldo-alckmin-finish-in-second-place-in-the-first-round-of-the-2026-brazilian-presidential-election,https://polymarket.com/event/will-geraldo-alckmin-finish-in-second-place-in-the-first-round-of-the-2026-brazilian-presidential-election,YES,100647140845022421372197923820844978928757465820355118741468398091991301752614,Will Geraldo Alckmin finish in second place in the first round of the 2026 Brazilian presidential election?,OK,0.005,0.007,0.006,0.002,0.006,mid,0.007,0.005,1111,27.67,2068851.68,2068851.68,2068851.68,5829.1,5854.1,5874.1,2068851.68,609661.21,,true,,1782625218527,bc5080a820573b5c0c60332f55e58cb57164abd4
20260628T054019Z:RSO-0130:YES:97,20260628T054019Z,2026-06-28T05:40:19Z,RSO-0130,Brazil Presidential Election First Round: 2nd Place,Brazil Presidential Election First Round: 2nd Place — Tereza Cristina,Tereza Cristina,Brazil,brazil_presidential,presidential_two_round,brazil_first_round_second_place_2026,1365868,0x178b80b71955607500875f59a6bfe67bfac7428f4650cb3d219f1f81bd5d7d5f,will-tereza-cristina-finish-in-second-place-in-the-first-round-of-the-2026-brazilian-presidential-election,https://polymarket.com/event/will-tereza-cristina-finish-in-second-place-in-the-first-round-of-the-2026-brazilian-presidential-election,YES,34627033339089799648488362851420954182098601277414632412441293328075890478329,Will Tereza Cristina finish in second place in the first round of the 2026 Brazilian presidential election?,OK,0.001,0.002,0.0015,0.001,0.0015,mid,0.002,0.001,251007.29,506.42,251007.29,251007.29,251007.29,2915.53,3675.63,3922.29,251007.29,582366.33,,true,,1782625233214,3f91a7e3a0d00a8f35394075a5d43795cfc91f2f
20260628T054019Z:RSO-0131:YES:98,20260628T054019Z,2026-06-28T05:40:19Z,RSO-0131,Brazil Presidential Election First Round: 2nd Place,Brazil Presidential Election First Round: 2nd Place — Jair Bolsonaro,Jair Bolsonaro,Brazil,brazil_presidential,presidential_two_round,brazil_first_round_second_place_2026,1365855,0x61fc517c2b0d6f945868070a3ac722bfa35f07154d34bec2f9bfe41436098bce,will-jair-bolsonaro-finish-in-second-place-in-the-first-round-of-the-2026-brazilian-presidential-election,https://polymarket.com/event/will-jair-bolsonaro-finish-in-second-place-in-the-first-round-of-the-2026-brazilian-presidential-election,YES,83876793336180326706196874280359054202939399660278096295476103143222298663644,Will Jair Bolsonaro finish in second place in the first round of the 2026 Brazilian presidential election?,OK,0.002,0.003,0.0025,0.001,0.0025,mid,0.003,0.002,1111,640.06,2052200.21,2052200.21,2052200.21,1052.03,1212.02,1212.02,2052200.21,440825.88,,true,,1782625214844,19ed94b29d0255b4c3a67f93eec0639e8042803e
20260628T054019Z:RSO-0132:YES:99,20260628T054019Z,2026-06-28T05:40:19Z,RSO-0132,Brazil Presidential Election First Round: 2nd Place,Brazil Presidential Election First Round: 2nd Place — Ratinho Júnior,Ratinho Júnior,Brazil,brazil_presidential,presidential_two_round,brazil_first_round_second_place_2026,1365859,0xbc08327dd1ef7486e5f8bb3e662b5d484518ae891a39b6893cbb02f3119ad018,will-carlos-roberto-massa-jnior-finish-in-second-place-in-the-first-round-of-the-2026-brazilian-presidential-election,https://polymarket.com/event/will-carlos-roberto-massa-jnior-finish-in-second-place-in-the-first-round-of-the-2026-brazilian-presidential-election,YES,6499888178060809648681651117884070785761343371629912968631048884446465281536,Will Carlos Roberto Massa Júnior finish in second place in the first round of the 2026 Brazilian presidential election?,OK,0.001,0.002,0.0015,0.001,0.0015,mid,0.002,0.001,2072401.7,805.04,2072401.7,2072401.7,2072401.7,9030.89,9407.24,10423.13,2072401.7,615400.72,,true,,1782625206653,eeba10111e0665b9df977bca1bd9c5d8a1feb74c
20260628T054019Z:RSO-0133:YES:100,20260628T054019Z,2026-06-28T05:40:19Z,RSO-0133,Brazil Presidential Election First Round: 2nd Place,Brazil Presidential Election First Round: 2nd Place — Eduardo Bolsonaro,Eduardo Bolsonaro,Brazil,brazil_presidential,presidential_two_round,brazil_first_round_second_place_2026,1365858,0xca31cf97c3beadd7e4002b6c9b9d787164c26675f915b65fb1ce9fb858b8e20c,will-eduardo-bolsonaro-finish-in-second-place-in-the-first-round-of-the-2026-brazilian-presidential-election,https://polymarket.com/event/will-eduardo-bolsonaro-finish-in-second-place-in-the-first-round-of-the-2026-brazilian-presidential-election,YES,78774274724875388178403046699851136533744251110544224042871134690136814270663,Will Eduardo Bolsonaro finish in second place in the first round of the 2026 Brazilian presidential election?,OK,0.001,0.002,0.0015,0.001,0.0015,mid,0.002,0.001,1059858,8662.54,1059858,1059858,1059858,8886.03,9026.01,9026.01,1059858,652073.67,,true,,1782625234000,e4e1fc8e5c14cc74b6fd8e5ed69ce174c45485b2
20260628T054019Z:RSO-0134:YES:101,20260628T054019Z,2026-06-28T05:40:19Z,RSO-0134,Brazil Presidential Election First Round: 2nd Place,Brazil Presidential Election First Round: 2nd Place — Aldo Rebelo,Aldo Rebelo,Brazil,brazil_presidential,presidential_two_round,brazil_first_round_second_place_2026,1365866,0xb7703a974306001b283bc071234f1f04c832e793820ba284788e688d305201bf,will-aldo-rebelo-finish-in-second-place-in-the-first-round-of-the-2026-brazilian-presidential-election,https://polymarket.com/event/will-aldo-rebelo-finish-in-second-place-in-the-first-round-of-the-2026-brazilian-presidential-election,YES,73782660467554965374169421398916491950927878048754269104726859394021414994290,Will Aldo Rebelo finish in second place in the first round of the 2026 Brazilian presidential election?,OK,0.001,0.002,0.0015,0.001,0.0015,mid,0.002,0.001,2028769.77,16374.66,2028769.77,2028769.77,2028769.77,17626.45,17754.5,17754.5,2028769.77,655897.57,,true,,1782625232883,165d0ba5c26c0636a685f1ed73274588815caf44
20260628T054019Z:RSO-0135:YES:102,20260628T054019Z,2026-06-28T05:40:19Z,RSO-0135,Brazil Presidential Election First Round: 2nd Place,Brazil Presidential Election First Round: 2nd Place — Tarcisio de Freitas,Tarcisio de Freitas,Brazil,brazil_presidential,presidential_two_round,brazil_first_round_second_place_2026,1365853,0xfe963a6028277fed1de25b6ca8f640bc7c028e4ef0d0e4f4ff4f5daf5f9ae824,will-tarcisio-de-freitas-finish-in-second-place-in-the-first-round-of-the-2026-brazilian-presidential-election,https://polymarket.com/event/will-tarcisio-de-freitas-finish-in-second-place-in-the-first-round-of-the-2026-brazilian-presidential-election,YES,6074730652236363232062392177852837468646646517333194016258587234210162040868,Will Tarcisio de Freitas finish in second place in the first round of the 2026 Brazilian presidential election?,OK,0.001,0.002,0.0015,0.001,0.0015,mid,0.002,0.001,2037514.95,8204.13,2037514.95,2037514.95,2037514.95,14756.42,18436.6,18436.6,2037514.95,647586.26,,true,,1782625232885,cbc5030127f18c3f191631d5c68a022ac70f5713
20260628T054019Z:RSO-0136:YES:103,20260628T054019Z,2026-06-28T05:40:19Z,RSO-0136,Brazil Presidential Election First Round: 2nd Place,Brazil Presidential Election First Round: 2nd Place — Eduardo Leite,Eduardo Leite,Brazil,brazil_presidential,presidential_two_round,brazil_first_round_second_place_2026,1365867,0x45933d8382439be6ffbd714ffc412d549e9ff5e58cc0c4165b68cfc41a897c64,will-eduardo-leite-finish-in-second-place-in-the-first-round-of-the-2026-brazilian-presidential-election,https://polymarket.com/event/will-eduardo-leite-finish-in-second-place-in-the-first-round-of-the-2026-brazilian-presidential-election,YES,3857433689191750929372526494085053375351187588061258674174285931676269992527,Will Eduardo Leite finish in second place in the first round of the 2026 Brazilian presidential election?,OK,0.001,0.002,0.0015,0.001,0.0015,mid,0.002,0.001,2016828.38,16414.97,2016828.38,2016828.38,2016828.38,17646.17,17706.17,17882.94,2016828.38,649500.6,,true,,1782625233621,489f7e998523bacac26bfc9c834f8b2107a5e540
20260628T054019Z:RSO-0137:YES:104,20260628T054019Z,2026-06-28T05:40:19Z,RSO-0137,Brazil Presidential Election First Round: 2nd Place,Brazil Presidential Election First Round: 2nd Place — Helder Barbalho,Helder Barbalho,Brazil,brazil_presidential,presidential_two_round,brazil_first_round_second_place_2026,1365869,0x2366a6b980302d1a20c47d3bf5a2ce1d86a488197b83730554aab7d9c96e72cf,will-helder-barbalho-finish-in-second-place-in-the-first-round-of-the-2026-brazilian-presidential-election,https://polymarket.com/event/will-helder-barbalho-finish-in-second-place-in-the-first-round-of-the-2026-brazilian-presidential-election,YES,106668975761330270515771342419617310966435345191219965467949358265004206634577,Will Helder Barbalho finish in second place in the first round of the 2026 Brazilian presidential election?,NO_BIDS,,0.001,,,0.001,ask_only,0.001,,,3728.7,,,,3748.7,5364.7,5364.7,0,507683.05,no_bids,true,,1782625226938,374cc02426c9b365de6cd4697f9560c5c6de3767
20260628T054019Z:RSO-0138:YES:105,20260628T054019Z,2026-06-28T05:40:19Z,RSO-0138,Brazil Presidential Election First Round: 3rd Place,Brazil Presidential Election First Round: 3rd Place — Renan Santos,Renan Santos,Brazil,brazil_presidential,presidential_two_round,brazil_first_round_third_place_2026,1365894,0xcba20965509d04b5f3ae2c51a221747317aff9387c197ca6d5919e85e5a20ee9,will-renan-santos-finish-in-third-place-in-the-first-round-of-the-2026-brazilian-presidential-election,https://polymarket.com/event/will-renan-santos-finish-in-third-place-in-the-first-round-of-the-2026-brazilian-presidential-election,YES,72535696429445050612666657960056103058476328640415986990291437131287448661718,Will Renan Santos finish in third place in the first round of the 2026 Brazilian presidential election?,OK,0.49,0.51,0.5,0.02,0.5,mid,0.51,0.49,695.69,479,5195.44,6347.96,6719.96,2077,2217,2217,197686.77,447366.77,,true,,1782625236810,47463d044f0beba2df979f985501e7b9b93b1008
20260628T054019Z:RSO-0139:YES:106,20260628T054019Z,2026-06-28T05:40:19Z,RSO-0139,Brazil Presidential Election First Round: 3rd Place,Brazil Presidential Election First Round: 3rd Place — Ronaldo Caiado,Ronaldo Caiado,Brazil,brazil_presidential,presidential_two_round,brazil_first_round_third_place_2026,1365896,0x3dbbbe0f8e69b1aee0092e1eca397b24c954c00ecc54995035a8683201ad26aa,will-ronaldo-caiado-finish-in-third-place-in-the-first-round-of-the-2026-brazilian-presidential-election,https://polymarket.com/event/will-ronaldo-caiado-finish-in-third-place-in-the-first-round-of-the-2026-brazilian-presidential-election,YES,88578465272411624227946968556355768244846251347974013830272507870143623656581,Will Ronaldo Caiado finish in third place in the first round of the 2026 Brazilian presidential election?,OK,0.15,0.17,0.16,0.02,0.16,mid,0.17,0.15,20,5.01,1751.82,3118.01,3175.35,199.63,399.62,404.62,5569.89,404895.23,,true,,1782625237245,79935568657519b812d027a3dbb0149585878fa5
20260628T054019Z:RSO-0140:YES:107,20260628T054019Z,2026-06-28T05:40:19Z,RSO-0140,Brazil Presidential Election First Round: 3rd Place,Brazil Presidential Election First Round: 3rd Place — Romeu Zema,Romeu Zema,Brazil,brazil_presidential,presidential_two_round,brazil_first_round_third_place_2026,1365897,0x7452216a57a3bef85439820c7bb421fa38e5a5ecff8c43658de515c1df70151e,will-romeu-zema-finish-in-third-place-in-the-first-round-of-the-2026-brazilian-presidential-election,https://polymarket.com/event/will-romeu-zema-finish-in-third-place-in-the-first-round-of-the-2026-brazilian-presidential-election,YES,90180475101756729089570182362261460642819230033481570755127033507477996050412,Will Romeu Zema finish in third place in the first round of the 2026 Brazilian presidential election?,OK,0.12,0.14,0.13,0.02,0.13,mid,0.14,0.12,27.5,59.58,287.5,1711.75,2136.09,506.44,506.44,506.44,4733.15,401574.42,,true,,1782625232410,ff0f029ddeeb3c35ab3f943b588c59d8bd456ab8
20260628T054019Z:RSO-0141:YES:108,20260628T054019Z,2026-06-28T05:40:19Z,RSO-0141,Brazil Presidential Election First Round: 3rd Place,Brazil Presidential Election First Round: 3rd Place — Flávio Bolsonaro,Flávio Bolsonaro,Brazil,brazil_presidential,presidential_two_round,brazil_first_round_third_place_2026,1365895,0x6be36f266340255dd19e09482da15b256ec51bd478309d667495645fde253a22,will-flvio-bolsonaro-finish-in-third-place-in-the-first-round-of-the-2026-brazilian-presidential-election,https://polymarket.com/event/will-flvio-bolsonaro-finish-in-third-place-in-the-first-round-of-the-2026-brazilian-presidential-election,YES,72105519990658117217601472036918871987045329443196791013027800715032836032517,Will Flávio Bolsonaro finish in third place in the first round of the 2026 Brazilian presidential election?,OK,0.089,0.094,0.0915,0.005,0.0915,mid,0.094,0.089,37,17,666.89,755.8,2966.42,2646.02,4455.69,4455.69,58957.7,525840.46,,true,,1782625235205,115b9f41b4f1055368f089b4dba05a446013cef5
20260628T054019Z:RSO-0142:YES:109,20260628T054019Z,2026-06-28T05:40:19Z,RSO-0142,Brazil Presidential Election First Round: 3rd Place,Brazil Presidential Election First Round: 3rd Place — Fernando Haddad,Fernando Haddad,Brazil,brazil_presidential,presidential_two_round,brazil_first_round_third_place_2026,1365890,0xacc4e526a8c6f718b80ac7f559157b5197f040fb4505a7188a6315ab208f9e36,will-fernando-haddad-finish-in-third-place-in-the-first-round-of-the-2026-brazilian-presidential-election,https://polymarket.com/event/will-fernando-haddad-finish-in-third-place-in-the-first-round-of-the-2026-brazilian-presidential-election,YES,68900789111688395688502786616903396723989073762161917546372882449576813191849,Will Fernando Haddad finish in third place in the first round of the 2026 Brazilian presidential election?,OK,0.02,0.021,0.0205,0.001,0.0205,mid,0.021,0.02,3,25,83,33947,33947,74.75,74.75,79.75,33947,412488.26,,true,,1782625236793,fa8680f90423be1b3c47503597807e5551e8bbb8
20260628T054019Z:RSO-0143:YES:110,20260628T054019Z,2026-06-28T05:40:19Z,RSO-0143,Brazil Presidential Election First Round: 3rd Place,Brazil Presidential Election First Round: 3rd Place — Michelle Bolsonaro,Michelle Bolsonaro,Brazil,brazil_presidential,presidential_two_round,brazil_first_round_third_place_2026,1365891,0x100bfbd547cdb8782f816235d4f7d4301ec473250f4df606e6809605cdb3b5e9,will-michelle-bolsonaro-finish-in-third-place-in-the-first-round-of-the-2026-brazilian-presidential-election,https://polymarket.com/event/will-michelle-bolsonaro-finish-in-third-place-in-the-first-round-of-the-2026-brazilian-presidential-election,YES,49351020302549947445240161216979954485123748869512687492350910080193586920226,Will Michelle Bolsonaro finish in third place in the first round of the 2026 Brazilian presidential election?,OK,0.005,0.014,0.0095,0.009,0.0095,mid,0.014,0.005,100,100,43697,43697,43697,127,176.99,176.99,43697,412099.15,,true,,1782625232452,ac913b5c60049408c5515c68b576a4da89650a7f
20260628T054019Z:RSO-0144:YES:111,20260628T054019Z,2026-06-28T05:40:19Z,RSO-0144,Brazil Presidential Election First Round: 3rd Place,Brazil Presidential Election First Round: 3rd Place — Luiz Inácio Lula da Silva,Luiz Inácio Lula da Silva,Brazil,brazil_presidential,presidential_two_round,brazil_first_round_third_place_2026,1365888,0xd24e8798122cba5bb43a77e9a78f2e26bd65c47f281f4b66582718fa215b9f6e,will-luiz-incio-lula-da-silva-finish-in-third-place-in-the-first-round-of-the-2026-brazilian-presidential-election,https://polymarket.com/event/will-luiz-incio-lula-da-silva-finish-in-third-place-in-the-first-round-of-the-2026-brazilian-presidential-election,YES,83523389355379455617216619302245463257831942159580180419891340819821613515660,Will Luiz Inácio Lula da Silva finish in third place in the first round of the 2026 Brazilian presidential election?,OK,0.009,0.01,0.0095,0.001,0.0095,mid,0.01,0.009,9784.55,94.6,45407.75,45407.75,45407.75,1153.73,1153.73,1153.73,45407.75,497579.19,,true,,1782625232209,57808ddd0d5d65e81b9cf5cd3f9e339f717d267f
20260628T054019Z:RSO-0145:YES:112,20260628T054019Z,2026-06-28T05:40:19Z,RSO-0145,Brazil Presidential Election First Round: 3rd Place,Brazil Presidential Election First Round: 3rd Place — Camilo Santana,Camilo Santana,Brazil,brazil_presidential,presidential_two_round,brazil_first_round_third_place_2026,1365898,0xe0bdf2bdc79bac3880e6dc76513f0f02df91ed5c2650954a66ea9c7f09b7e6e5,will-camilo-santana-finish-in-third-place-in-the-first-round-of-the-2026-brazilian-presidential-election,https://polymarket.com/event/will-camilo-santana-finish-in-third-place-in-the-first-round-of-the-2026-brazilian-presidential-election,YES,14625196078870030930212146457810187393803805444846576279727526171169322797888,Will Camilo Santana finish in third place in the first round of the 2026 Brazilian presidential election?,OK,0.008,0.02,0.014,0.012,0.014,mid,0.02,0.008,54.58,65.41,37416.48,37416.48,37416.48,317.91,347.9,347.9,37416.48,415766.53,,true,,1782625236288,cc24275fa25e8ce334a2137d02dfcaf3a4e1396a
20260628T054019Z:RSO-0146:YES:113,20260628T054019Z,2026-06-28T05:40:19Z,RSO-0146,Brazil Presidential Election First Round: 3rd Place,Brazil Presidential Election First Round: 3rd Place — Eduardo Bolsonaro,Eduardo Bolsonaro,Brazil,brazil_presidential,presidential_two_round,brazil_first_round_third_place_2026,1365892,0x43984893f308ca7980b90d7634faa9b7c5e29b71733ed1eff7be3b0e8e0248fd,will-eduardo-bolsonaro-finish-in-third-place-in-the-first-round-of-the-2026-brazilian-presidential-election,https://polymarket.com/event/will-eduardo-bolsonaro-finish-in-third-place-in-the-first-round-of-the-2026-brazilian-presidential-election,YES,77695179199504241233318281547041031759227451576427270759028171066693823111590,Will Eduardo Bolsonaro finish in third place in the first round of the 2026 Brazilian presidential election?,OK,0.002,0.007,0.0045,0.005,0.0045,mid,0.007,0.002,160.03,150,40704.03,40704.03,40704.03,1044.41,1237.84,1237.84,40704.03,415266.83,,true,,1782625235434,1ecf8d6b25e58e6514e7558bf2e77a94f6609537
20260628T054019Z:RSO-0147:YES:114,20260628T054019Z,2026-06-28T05:40:19Z,RSO-0147,Brazil Presidential Election First Round: 3rd Place,Brazil Presidential Election First Round: 3rd Place — Aldo Rebelo,Aldo Rebelo,Brazil,brazil_presidential,presidential_two_round,brazil_first_round_third_place_2026,1365900,0x6b4d9574d789228b2f14edc10b452dc8948e38be04dba6bf90d0104e3e4e1f43,will-aldo-rebelo-finish-in-third-place-in-the-first-round-of-the-2026-brazilian-presidential-election,https://polymarket.com/event/will-aldo-rebelo-finish-in-third-place-in-the-first-round-of-the-2026-brazilian-presidential-election,YES,111311151154014585812304238818591195075829743734952417845440348572279563265684,Will Aldo Rebelo finish in third place in the first round of the 2026 Brazilian presidential election?,OK,0.001,0.004,0.0025,0.003,0.0025,mid,0.004,0.001,42706.18,1109.02,42706.18,42706.18,42706.18,1219.02,1279.02,1279.02,42706.18,578413.38,,true,,1782625235396,aec1c2bdc80b31355daaf67c51bef7682251bf71
20260628T054019Z:RSO-0148:YES:115,20260628T054019Z,2026-06-28T05:40:19Z,RSO-0148,Brazil Presidential Election First Round: 3rd Place,Brazil Presidential Election First Round: 3rd Place — Tarcisio de Freitas,Tarcisio de Freitas,Brazil,brazil_presidential,presidential_two_round,brazil_first_round_third_place_2026,1365887,0xc69eb6554a719e2fbcb1718e11ae0bd0d8cdb433e8c199329c148efc710c26e5,will-tarcisio-de-freitas-finish-in-third-place-in-the-first-round-of-the-2026-brazilian-presidential-election,https://polymarket.com/event/will-tarcisio-de-freitas-finish-in-third-place-in-the-first-round-of-the-2026-brazilian-presidential-election,YES,76166924205019019068857043962896099082882521942521931098813226982265263647630,Will Tarcisio de Freitas finish in third place in the first round of the 2026 Brazilian presidential election?,OK,0.002,0.003,0.0025,0.001,0.0025,mid,0.003,0.002,1476.95,219.9,16711.95,16711.95,16711.95,419.66,617.79,617.79,16711.95,412553.46,,true,,1782625232205,5105a9ed90aaee7a8a95909092e362c4c24d0d1f
20260628T054019Z:RSO-0149:YES:116,20260628T054019Z,2026-06-28T05:40:19Z,RSO-0149,Brazil Presidential Election First Round: 3rd Place,Brazil Presidential Election First Round: 3rd Place — Jair Bolsonaro,Jair Bolsonaro,Brazil,brazil_presidential,presidential_two_round,brazil_first_round_third_place_2026,1365889,0xa3e04eadbc6afac2e94d9eebb09d1705e254d313d06a51943cb18fc0612f4835,will-jair-bolsonaro-finish-in-third-place-in-the-first-round-of-the-2026-brazilian-presidential-election,https://polymarket.com/event/will-jair-bolsonaro-finish-in-third-place-in-the-first-round-of-the-2026-brazilian-presidential-election,YES,57129492998705445481010574377025062654637053860257756183157606940764680444792,Will Jair Bolsonaro finish in third place in the first round of the 2026 Brazilian presidential election?,OK,0.001,0.004,0.0025,0.003,0.0025,mid,0.004,0.001,20683.85,1572,20683.85,20683.85,20683.85,1622.09,2017.14,2017.14,20683.85,579052.27,,true,,1782625232195,7a577ab0e62e18b4958617b2dfede8f57026db90
20260628T054019Z:RSO-0150:YES:117,20260628T054019Z,2026-06-28T05:40:19Z,RSO-0150,Brazil Presidential Election First Round: 3rd Place,Brazil Presidential Election First Round: 3rd Place — Ratinho Júnior,Ratinho Júnior,Brazil,brazil_presidential,presidential_two_round,brazil_first_round_third_place_2026,1365893,0x31f31222f37f2583de6c44c4297cafdccfd21d443e785042af0180192897f8ed,will-carlos-roberto-massa-jnior-finish-in-third-place-in-the-first-round-of-the-2026-brazilian-presidential-election,https://polymarket.com/event/will-carlos-roberto-massa-jnior-finish-in-third-place-in-the-first-round-of-the-2026-brazilian-presidential-election,YES,98279737312722721984464036473219944696451907001028596656918791113590571774639,Will Carlos Roberto Massa Júnior finish in third place in the first round of the 2026 Brazilian presidential election?,OK,0.002,0.003,0.0025,0.001,0.0025,mid,0.003,0.002,973.32,213.94,31077.32,31077.32,31077.32,845.14,934.47,967.79,31077.32,416231.73,,true,,1782625232394,41c1520c07c133611061cedd5991a8088e89cf76
20260628T054019Z:RSO-0151:YES:118,20260628T054019Z,2026-06-28T05:40:19Z,RSO-0151,Brazil Presidential Election First Round: 3rd Place,Brazil Presidential Election First Round: 3rd Place — Geraldo Alckmin,Geraldo Alckmin,Brazil,brazil_presidential,presidential_two_round,brazil_first_round_third_place_2026,1365899,0x5623b547fd959cd4d4b0e1f810d225ec6f0f8215b7a7e882b89692337a8a2956,will-geraldo-alckmin-finish-in-third-place-in-the-first-round-of-the-2026-brazilian-presidential-election,https://polymarket.com/event/will-geraldo-alckmin-finish-in-third-place-in-the-first-round-of-the-2026-brazilian-presidential-election,YES,84251456841717243220130557907268921144049968775253585100134320614694975152986,Will Geraldo Alckmin finish in third place in the first round of the 2026 Brazilian presidential election?,OK,0.002,0.003,0.0025,0.001,0.0025,mid,0.003,0.002,20708.54,445.6,74208.54,74208.54,74208.54,1278.78,1418.78,1418.78,74208.54,413368.61,,true,,1782625235581,66ef0fb7c06614fc6c00f2cfe9777e25831bfa9e
20260628T054019Z:RSO-0152:YES:119,20260628T054019Z,2026-06-28T05:40:19Z,RSO-0152,Brazil Presidential Election First Round: 3rd Place,Brazil Presidential Election First Round: 3rd Place — Tereza Cristina,Tereza Cristina,Brazil,brazil_presidential,presidential_two_round,brazil_first_round_third_place_2026,1365902,0x64b05c5935a2de4a4a36e7de1089564d08d0ce7e06f5deaae916c3bdc9ca3b3b,will-tereza-cristina-finish-in-third-place-in-the-first-round-of-the-2026-brazilian-presidential-election,https://polymarket.com/event/will-tereza-cristina-finish-in-third-place-in-the-first-round-of-the-2026-brazilian-presidential-election,YES,96795671760346135574613029949576811711368142411333240580887520155225528465847,Will Tereza Cristina finish in third place in the first round of the 2026 Brazilian presidential election?,OK,0.001,0.003,0.002,0.002,0.002,mid,0.003,0.001,1307.79,630.91,1307.79,1307.79,1307.79,941.11,1001.11,1001.11,1307.79,351025.12,,true,,1782625232203,e5dc3ae00eac463a20cc0fd32e76b4d010b568b9
20260628T054019Z:RSO-0153:YES:120,20260628T054019Z,2026-06-28T05:40:19Z,RSO-0153,Brazil Presidential Election First Round: 3rd Place,Brazil Presidential Election First Round: 3rd Place — Eduardo Leite,Eduardo Leite,Brazil,brazil_presidential,presidential_two_round,brazil_first_round_third_place_2026,1365901,0xf520f38b0d0ba1a1ffb9dd77af6cfb66052ebc7cf2daa4df8c6b50d593278428,will-eduardo-leite-finish-in-third-place-in-the-first-round-of-the-2026-brazilian-presidential-election,https://polymarket.com/event/will-eduardo-leite-finish-in-third-place-in-the-first-round-of-the-2026-brazilian-presidential-election,YES,111543830332110820988165937452887760595067644846274162990773262945236746453247,Will Eduardo Leite finish in third place in the first round of the 2026 Brazilian presidential election?,OK,0.001,0.002,0.0015,0.001,0.0015,mid,0.002,0.001,11457.33,564.72,11457.33,11457.33,11457.33,1871.94,2056.94,2056.94,11457.33,413640.37,,true,,1782625232242,11515126d7bb199975a8ca97b8fa046936e39b6b
20260628T054019Z:RSO-0154:YES:121,20260628T054019Z,2026-06-28T05:40:19Z,RSO-0154,Brazil Presidential Election First Round: 3rd Place,Brazil Presidential Election First Round: 3rd Place — Helder Barbalho,Helder Barbalho,Brazil,brazil_presidential,presidential_two_round,brazil_first_round_third_place_2026,1365903,0x16cf9dd91e179eb378fee73ddb2d1ee9e395b65757f3f583b1bc925075cda4ac,will-helder-barbalho-finish-in-third-place-in-the-first-round-of-the-2026-brazilian-presidential-election,https://polymarket.com/event/will-helder-barbalho-finish-in-third-place-in-the-first-round-of-the-2026-brazilian-presidential-election,YES,71697065098193440609393877290510705365065522497692176456171369889253319010735,Will Helder Barbalho finish in third place in the first round of the 2026 Brazilian presidential election?,OK,0.001,0.002,0.0015,0.001,0.0015,mid,0.002,0.001,1219.11,207.8,1219.11,1219.11,1219.11,902.17,962.17,962.17,1219.11,354244.75,,true,,1782625240421,d459071612cbaa89e83218594acc15ce799bf70b
20260628T054019Z:RSO-0160:YES:122,20260628T054019Z,2026-06-28T05:40:19Z,RSO-0160,Next Prime Minister of Sweden,Next Prime Minister of Sweden — Magdalena Andersson,Magdalena Andersson,Sweden,global_satellite,parliamentary_coalition,sweden_pm_2026,1193094,0x58d5cc2bf06a3289b127049239aee051f3b941f219efebbca02d3f50f0eb2a64,will-magdalena-andersson-be-the-next-prime-minister-of-sweden,https://polymarket.com/event/will-magdalena-andersson-be-the-next-prime-minister-of-sweden,YES,6761884778816083542753350539779617201084594664234729655783875952381923983097,Will Magdalena Andersson be the next Prime Minister of Sweden?,OK,0.73,0.74,0.735,0.01,0.735,mid,0.74,0.73,1115,464.59,3223.8,4979.37,5054.37,1301.6,3053.96,4575.27,163160.88,99054.86,,true,,1782625239202,99340189cff2a0ca3bbedb92030bc5a47683e548
20260628T054019Z:RSO-0161:YES:123,20260628T054019Z,2026-06-28T05:40:19Z,RSO-0161,Next Prime Minister of Sweden,Next Prime Minister of Sweden — Ulf Kristersson,Ulf Kristersson,Sweden,global_satellite,parliamentary_coalition,sweden_pm_2026,1193093,0x8a42bb4cb9b9f157b539611f6a8c122388f652570cfc3c07d538e7df2bb78894,will-ulf-kristersson-be-the-next-prime-minister-of-sweden,https://polymarket.com/event/will-ulf-kristersson-be-the-next-prime-minister-of-sweden,YES,19884202204363090591845974364927513432419394537229594683046302661092511466716,Will Ulf Kristersson be the next Prime Minister of Sweden?,OK,0.21,0.22,0.215,0.01,0.215,mid,0.22,0.21,5,1404.53,1219.64,2399.97,2504.97,1679.53,3514.1,5863.55,22770.45,340594.53,,true,,1782625236512,d7abe555f103bc9ddc1fc0cf543c9fdf1b27ba26
20260628T054019Z:RSO-0162:YES:124,20260628T054019Z,2026-06-28T05:40:19Z,RSO-0162,Next Prime Minister of Sweden,Next Prime Minister of Sweden — Jimmie Åkesson,Jimmie Åkesson,Sweden,global_satellite,parliamentary_coalition,sweden_pm_2026,1193095,0x86fa2351e7a9469fd8bcd9a28ad5e300a59c3764747ad1eb7d6248546efbabfd,will-jimmie-kesson-be-the-next-prime-minister-of-sweden,https://polymarket.com/event/will-jimmie-kesson-be-the-next-prime-minister-of-sweden,YES,82283291912489202302595502692326101345632588904573705648995568317366762287152,Will Jimmie Åkesson be the next Prime Minister of Sweden?,OK,0.018,0.019,0.0185,0.001,0.0185,mid,0.019,0.018,1672,60.94,7187.09,184814,184814,977.14,6275.99,9254.03,184814,380138.06,,true,,1782625240177,d529cee5f47662606544530c1c106212f61d66b1
20260628T054019Z:RSO-0163:YES:125,20260628T054019Z,2026-06-28T05:40:19Z,RSO-0163,Next Prime Minister of Sweden,Next Prime Minister of Sweden — Ebba Busch,Ebba Busch,Sweden,global_satellite,parliamentary_coalition,sweden_pm_2026,1193096,0xa5b2b9d0e333d50db759139a364c01af812a3db60e5c653b9f959b6ef5d7139e,will-ebba-busch-be-the-next-prime-minister-of-sweden,https://polymarket.com/event/will-ebba-busch-be-the-next-prime-minister-of-sweden,YES,46694911209504709842407102211694105151918150655785824361504208059495748983717,Will Ebba Busch be the next Prime Minister of Sweden?,OK,0.003,0.004,0.0035,0.001,0.0035,mid,0.004,0.003,8408.72,2015.98,200072.72,200072.72,200072.72,4229.61,9472.49,10185.37,200072.72,265536.67,,true,,1782625240216,faadf75bc8257a9affdcabe676c7e70bdb1d4b96
20260628T054019Z:RSO-0164:YES:126,20260628T054019Z,2026-06-28T05:40:19Z,RSO-0164,Next Prime Minister of Sweden,Next Prime Minister of Sweden — Anna-Karin Hatt,Anna-Karin Hatt,Sweden,global_satellite,parliamentary_coalition,sweden_pm_2026,1193097,0x97c143ba31319b4d271aeebc832cdd8171dea3b52826c4c92096de1aefefa761,will-anna-karin-hatt-be-the-next-prime-minister-of-sweden,https://polymarket.com/event/will-anna-karin-hatt-be-the-next-prime-minister-of-sweden,YES,81454443807141471628818264376989427346037494847713032539010359279666138415075,Will Anna-Karin Hatt be the next Prime Minister of Sweden?,OK,0.002,0.003,0.0025,0.001,0.0025,mid,0.003,0.002,1013530.38,18051.51,3185565.48,3185565.48,3185565.48,18686.95,19670.7,19710.7,3185565.48,241486.07,,true,,1782625240488,bf07674df50364959c46bf83d5df03db610f69b3
20260628T054019Z:RSO-0165:YES:127,20260628T054019Z,2026-06-28T05:40:19Z,RSO-0165,Next Prime Minister of Sweden,Next Prime Minister of Sweden — Nooshi Dadgostar,Nooshi Dadgostar,Sweden,global_satellite,parliamentary_coalition,sweden_pm_2026,1193098,0xe7a2275b0c6b965a7b44d005203789d7dbe2edd352a565793f9460de7a99fd27,will-nooshi-dadgostar-be-the-next-prime-minister-of-sweden,https://polymarket.com/event/will-nooshi-dadgostar-be-the-next-prime-minister-of-sweden,YES,90456984939082759426569197949731058493185701412523949062524005061677992609434,Will Nooshi Dadgostar be the next Prime Minister of Sweden?,OK,0.001,0.002,0.0015,0.001,0.0015,mid,0.002,0.001,2221405.63,15357.65,2221405.63,2221405.63,2221405.63,16348.27,17276.73,17655.96,2221405.63,277423.03,,true,,1782625240173,68a0921068665d49caa75667eef2fad94fcd5479
20260628T054019Z:RSO-0166:YES:128,20260628T054019Z,2026-06-28T05:40:19Z,RSO-0166,Next Prime Minister of Sweden,Next Prime Minister of Sweden — Amanda Lind,Amanda Lind,Sweden,global_satellite,parliamentary_coalition,sweden_pm_2026,1193100,0xaae2b16405680de265ba459475128bdb130d280abfb4c92f125010406a5d3a67,will-amanda-lind-be-the-next-prime-minister-of-sweden,https://polymarket.com/event/will-amanda-lind-be-the-next-prime-minister-of-sweden,YES,16223024047489006372491283864322078736180973077611484772976980168989752557591,Will Amanda Lind be the next Prime Minister of Sweden?,OK,0.001,0.002,0.0015,0.001,0.0015,mid,0.002,0.001,2220278.91,11483.38,2220278.91,2220278.91,2220278.91,15428.09,15977.84,16055.96,2220278.91,267168.41,,true,,1782625240093,8c4ade2507e2e2b0547c1b6dcbb87d687585a68e
20260628T054019Z:RSO-0167:YES:129,20260628T054019Z,2026-06-28T05:40:19Z,RSO-0167,Next Prime Minister of Sweden,Next Prime Minister of Sweden — Simona Mohamsson,Simona Mohamsson,Sweden,global_satellite,parliamentary_coalition,sweden_pm_2026,1193099,0x1fd46f48b97d480c51838d9444b355bad8b3a614e36258d6047fdee078144c60,will-simona-mohamsson-be-the-next-prime-minister-of-sweden,https://polymarket.com/event/will-simona-mohamsson-be-the-next-prime-minister-of-sweden,YES,73303082510342190766222719296890807075370391273752895784553712328433386187648,Will Simona Mohamsson be the next Prime Minister of Sweden?,OK,0.001,0.002,0.0015,0.001,0.0015,mid,0.002,0.001,2204184.45,10958.13,2204184.45,2204184.45,2204184.45,13937.37,14334.1,14420.4,2204184.45,273562.04,,true,,1782625240484,a73cb991955a71ba8e570481daeaffc2a699fe69
20260628T054019Z:RSO-0168:YES:130,20260628T054019Z,2026-06-28T05:40:19Z,RSO-0168,Next Prime Minister of Sweden,Next Prime Minister of Sweden — Daniel Helldén,Daniel Helldén,Sweden,global_satellite,parliamentary_coalition,sweden_pm_2026,1193101,0x7767ed7d0af1aa72122981cc4347d9ed35b46385d39512ea5d6021da42a33825,will-daniel-helldn-be-the-next-prime-minister-of-sweden,https://polymarket.com/event/will-daniel-helldn-be-the-next-prime-minister-of-sweden,YES,28176517830787199081924401072020189535005171048570636269331907057010467544445,Will Daniel Helldén be the next Prime Minister of Sweden?,OK,0.001,0.002,0.0015,0.001,0.0015,mid,0.002,0.001,2176972.06,12696.89,2176972.06,2176972.06,2176972.06,15681.22,16265.18,16379.17,2176972.06,283148.73,,true,,1782625240481,598e06fe5ad1a05eac16ef9129fc889472cd1d46
20260628T054019Z:RSO-0169:YES:131,20260628T054019Z,2026-06-28T05:40:19Z,RSO-0169,Next Prime Minister of Sweden,Next Prime Minister of Sweden — Elisabeth Thand Ringqvist,Elisabeth Thand Ringqvist,Sweden,global_satellite,parliamentary_coalition,sweden_pm_2026,1193103,0x39272d42f01e6cdb493a857022fb8ddf708d91709eb928649868cda8a9ccf5c9,will-elisabeth-thand-ringqvist-be-the-next-prime-minister-of-sweden,https://polymarket.com/event/will-elisabeth-thand-ringqvist-be-the-next-prime-minister-of-sweden,YES,98060061097780651807171860879548727196866666811981420650799429376583531532134,Will Elisabeth Thand Ringqvist be the next Prime Minister of Sweden?,OK,0.001,0.002,0.0015,0.001,0.0015,mid,0.002,0.001,2212720.21,12441.51,2212720.21,2212720.21,2212720.21,14255.32,14395.32,14551.56,2212720.21,265140.32,,true,,1782625240132,f73e991743d94247e65b30646995630dfb2336ce
20260628T054019Z:RSO-0170:YES:132,20260628T054019Z,2026-06-28T05:40:19Z,RSO-0170,Sweden Parliamentary Election Winner,Sweden Parliamentary Election Winner — Swedish Social Democratic Party (S),Swedish Social Democratic Party (S),Sweden,global_satellite,parliamentary_coalition,sweden_most_seats_2026,811719,0xe5acfef8707df2e25a99a6e4d9568d033fa063b006022f68375ab3bbcf376818,will-the-swedish-social-democratic-party-s-win-the-most-seats-in-the-2026-swedish-parliamentary-election,https://polymarket.com/event/will-the-swedish-social-democratic-party-s-win-the-most-seats-in-the-2026-swedish-parliamentary-election,YES,103916805803783582379666899779911786632579535459334681066604944183134504393219,Will the Swedish Social Democratic Party (S) win the most seats in the 2026 Swedish parliamentary election?,OK,0.94,0.95,0.945,0.01,0.945,mid,0.95,0.94,48685.9,3165.25,52834.74,53540.74,54221.06,7483.56,24078.93,34777.58,219158.98,34777.58,,true,,1782625227004,ddc00caf0bfdedca0d64555b42cf991765de8b48
20260628T054019Z:RSO-0171:YES:133,20260628T054019Z,2026-06-28T05:40:19Z,RSO-0171,Sweden Parliamentary Election Winner,Sweden Parliamentary Election Winner — Sweden Democrats (SD),Sweden Democrats (SD),Sweden,global_satellite,parliamentary_coalition,sweden_most_seats_2026,811720,0xa39535caf2ce2c47dfbdc64c3cef9a00b7599a24c34b4091caed34df27094639,will-the-sweden-democrats-sd-win-the-most-seats-in-the-2026-swedish-parliamentary-election,https://polymarket.com/event/will-the-sweden-democrats-sd-win-the-most-seats-in-the-2026-swedish-parliamentary-election,YES,22771288348793685264608720201112684853152039276564546124382947250830821477697,Will the Sweden Democrats (SD) win the most seats in the 2026 Swedish parliamentary election?,OK,0.031,0.033,0.032,0.002,0.032,mid,0.033,0.031,237.27,106,3213.21,23596.53,83045.62,2033.56,3901.75,4581.75,83045.62,199336.72,,true,,1782625182641,f8e9d2ef4837b6bbc4f6ac6c4d18ecc706943975
20260628T054019Z:RSO-0172:YES:134,20260628T054019Z,2026-06-28T05:40:19Z,RSO-0172,Sweden Parliamentary Election Winner,Sweden Parliamentary Election Winner — Green Party (MP),Green Party (MP),Sweden,global_satellite,parliamentary_coalition,sweden_most_seats_2026,811725,0x59df45d0523260ee1cc889e54c32b59ec6d1ec49c32cabec71baf470e869d49a,will-the-green-party-mp-win-the-most-seats-in-the-2026-swedish-parliamentary-election,https://polymarket.com/event/will-the-green-party-mp-win-the-most-seats-in-the-2026-swedish-parliamentary-election,YES,95637379689976243013286900277703754341046503122130133129985305609496701873761,Will the Green Party (MP) win the most seats in the 2026 Swedish parliamentary election?,OK,0.005,0.009,0.007,0.004,0.007,mid,0.009,0.005,110.45,200.81,619627.45,619627.45,619627.45,2009.26,2649.95,3083.95,619627.45,201625.09,,true,,1782625242935,89c81b8ff079388b20dec866d0f0931162a2eba3
20260628T054019Z:RSO-0173:YES:135,20260628T054019Z,2026-06-28T05:40:19Z,RSO-0173,Sweden Parliamentary Election Winner,Sweden Parliamentary Election Winner — Christian Democrats (KD),Christian Democrats (KD),Sweden,global_satellite,parliamentary_coalition,sweden_most_seats_2026,811724,0xa50fafd0a12d15170128d489b2c26347ed635a84d1a88ab9f77414a358a15491,will-the-christian-democrats-kd-win-the-most-seats-in-the-2026-swedish-parliamentary-election,https://polymarket.com/event/will-the-christian-democrats-kd-win-the-most-seats-in-the-2026-swedish-parliamentary-election,YES,54843548550094470593696883578302472730893983252822277325463098779080627026611,Will the Christian Democrats (KD) win the most seats in the 2026 Swedish parliamentary election?,OK,0.003,0.005,0.004,0.002,0.004,mid,0.005,0.003,432.2,433.47,341958.2,341958.2,341958.2,3829.42,4608.11,4873.11,341958.2,203451,,true,,1782625242974,c0c013c90641587236f92e2dd0ff7ee8eb475a12
20260628T054019Z:RSO-0181:YES:136,20260628T054019Z,2026-06-28T05:40:19Z,RSO-0181,Quebec General Election Winner,Quebec General Election Winner — PQ,PQ,Canada,global_satellite,provincial_parliamentary,quebec_general_election_winner_2026,789407,0x30d4a64f70d80faee66508a797b347ef65e63913e4200bca954718fc824ea10e,will-parti-qubcois-win-the-most-seats-in-the-2026-quebec-general-election,https://polymarket.com/event/will-parti-qubcois-win-the-most-seats-in-the-2026-quebec-general-election,YES,65322106850459544646271115791218393848695885094753222820688299472048959196589,Will Parti Québécois win the most seats in the 2026 Quebec general election?,OK,0.62,0.63,0.625,0.01,0.625,mid,0.63,0.62,1122.6,2632.77,1626.36,2690.36,2751.36,20178.88,24752.48,25455.58,164898.19,303023.8,,true,,1782625242236,c973c747a8d5c48538b3b5812e74426796efb8de
20260628T054019Z:RSO-0182:YES:137,20260628T054019Z,2026-06-28T05:40:19Z,RSO-0182,Quebec General Election Winner,Quebec General Election Winner — PLQ,PLQ,Canada,global_satellite,provincial_parliamentary,quebec_general_election_winner_2026,789408,0x9b609d94cd0e303bf36f68a422a93f7dad9f58a2f8e4212eef51eed93480f323,will-parti-libral-du-qubec-win-the-most-seats-in-the-2026-quebec-general-election,https://polymarket.com/event/will-parti-libral-du-qubec-win-the-most-seats-in-the-2026-quebec-general-election,YES,59168522853670249846168311423052197084797740619724007956370238354938278077304,Will Parti libéral du Québec win the most seats in the 2026 Quebec general election?,OK,0.17,0.18,0.175,0.01,0.175,mid,0.18,0.17,222.95,525.47,806,2055.49,2065.49,3768.8,6103.27,6791.55,19130.77,237984.23,,true,,1782625242009,a0d767da2713514ac4e3e594163c9b8c570cb376
20260628T054019Z:RSO-0183:YES:138,20260628T054019Z,2026-06-28T05:40:19Z,RSO-0183,Quebec General Election Winner,Quebec General Election Winner — CAQ,CAQ,Canada,global_satellite,provincial_parliamentary,quebec_general_election_winner_2026,789406,0xc7bc5d759ecbd05cfbf3b41ec98f1cd7ab306234bf76fd6c1768d3be1d6b9e76,will-coalition-avenir-qubec-win-the-most-seats-in-the-2026-quebec-general-election,https://polymarket.com/event/will-coalition-avenir-qubec-win-the-most-seats-in-the-2026-quebec-general-election,YES,62672831099052856773092936123032454032816810006460666476569228483231264400027,Will Coalition Avenir Québec win the most seats in the 2026 Quebec general election?,OK,0.21,0.22,0.215,0.01,0.215,mid,0.22,0.21,204.23,504,633.43,2357.59,2457.59,1626.07,5255.95,6293.54,29192.81,184555.57,,true,,1782625243590,711e43752ca5412c9c6628a9a57be7c9f9179c5d
20260628T054019Z:RSO-0184:YES:139,20260628T054019Z,2026-06-28T05:40:19Z,RSO-0184,Quebec General Election Winner,Quebec General Election Winner — PCQ,PCQ,Canada,global_satellite,provincial_parliamentary,quebec_general_election_winner_2026,789410,0xb79b3e4a9eca37f56dbd00bb495be37079050b1bea9759e0281fe8fe475dc5aa,will-parti-conservateur-du-qubec-win-the-most-seats-in-the-2026-quebec-general-election,https://polymarket.com/event/will-parti-conservateur-du-qubec-win-the-most-seats-in-the-2026-quebec-general-election,YES,1792453187763546489058024733820523797667736093517388854235326974724797239676,Will Parti conservateur du Québec win the most seats in the 2026 Quebec general election?,OK,0.002,0.003,0.0025,0.001,0.0025,mid,0.003,0.002,9410.53,33.54,98834.35,98834.35,98834.35,5095.48,6136.33,6810.02,98834.35,356043.94,,true,,1782625243769,6db5df846e933d9774552a40425856d9d606e03c
20260628T054019Z:RSO-0185:YES:140,20260628T054019Z,2026-06-28T05:40:19Z,RSO-0185,Quebec General Election Winner,Quebec General Election Winner — QS,QS,Canada,global_satellite,provincial_parliamentary,quebec_general_election_winner_2026,789409,0x4c7d3102ab3408414937b8ed71a34914c117650bfa484069534761babec02560,will-qubec-solidaire-win-the-most-seats-in-the-2026-quebec-general-election,https://polymarket.com/event/will-qubec-solidaire-win-the-most-seats-in-the-2026-quebec-general-election,YES,98007823535472870848820037177811238475335001116010639125672344130824656744561,Will Québec solidaire win the most seats in the 2026 Quebec general election?,OK,0.002,0.003,0.0025,0.001,0.0025,mid,0.003,0.002,2257.81,1732.62,20658.86,20658.86,20658.86,9323.54,9749.49,10328.49,20658.86,361824.34,,true,,1782625242027,1b94346646150f0105324b2de97885c704011b10
20260628T054019Z:RSO-0186:YES:141,20260628T054019Z,2026-06-28T05:40:19Z,RSO-0186,Quebec General Election Winner,Quebec General Election Winner — PVQ,PVQ,Canada,global_satellite,provincial_parliamentary,quebec_general_election_winner_2026,789411,0x72a433f7e229db037d504dbbed5c93bfcaccf9c641521be7290db4b357eb3352,will-parti-vert-du-qubec-win-the-most-seats-in-the-2026-quebec-general-election,https://polymarket.com/event/will-parti-vert-du-qubec-win-the-most-seats-in-the-2026-quebec-general-election,YES,61975433175904911460960290808764942711914816391035148169459925684356495405891,Will Parti vert du Québec win the most seats in the 2026 Quebec general election?,OK,0.001,0.003,0.002,0.002,0.002,mid,0.003,0.001,16505.27,1833.91,16505.27,16505.27,16505.27,6962.64,7442.59,8513.07,16505.27,357743.93,,true,,1782625243619,7d6cfde367c09753b0b545cc3b48fb41c46b556c
20260628T054019Z:RSO-0195:YES:142,20260628T054019Z,2026-06-28T05:40:19Z,RSO-0195,Vancouver Mayoral Election Winner,Vancouver Mayoral Election Winner — Kareem Allam,Kareem Allam,Canada,global_satellite,municipal,vancouver_mayor_2026,1822538,0x574baadddd5ff73355480351a6b067f762d4ad18ffdd619aa99253820b691845,will-kareem-allam-win-the-2026-vancouver-mayoral-election,https://polymarket.com/event/will-kareem-allam-win-the-2026-vancouver-mayoral-election,YES,26257276801096346957332519016128429811617766878511321705942973043558702764580,Will Kareem Allam win the 2026 Vancouver mayoral election?,OK,0.5,0.51,0.505,0.01,0.505,mid,0.51,0.5,1587.59,518.91,2990.8,7092.41,7465.41,2246.56,4246.87,4246.87,58366.97,122490.27,,true,,1782625240008,359045b83bef9c8f3c684be5a0d03b24541dbe7f
20260628T054019Z:RSO-0196:YES:143,20260628T054019Z,2026-06-28T05:40:19Z,RSO-0196,Vancouver Mayoral Election Winner,Vancouver Mayoral Election Winner — Ken Sim,Ken Sim,Canada,global_satellite,municipal,vancouver_mayor_2026,1822537,0x010f3f24ab463669b4d3dee775864db64b2441f8fa7a34725765ff0d7c667ec8,will-ken-sim-win-the-2026-vancouver-mayoral-election,https://polymarket.com/event/will-ken-sim-win-the-2026-vancouver-mayoral-election,YES,55421587332814534239358077591902196885687853452852663013735389584714403285544,Will Ken Sim win the 2026 Vancouver mayoral election?,OK,0.28,0.29,0.285,0.01,0.285,mid,0.29,0.28,1713.62,1344.75,2780.03,3312.14,3362.14,2047.96,2545.96,2545.96,39898.55,134867.73,,true,,1782625241912,e084d780b19c8dd6d408b3b1d0afbae2ce473564
20260628T054019Z:RSO-0197:YES:144,20260628T054019Z,2026-06-28T05:40:19Z,RSO-0197,Vancouver Mayoral Election Winner,Vancouver Mayoral Election Winner — Pete Fry,Pete Fry,Canada,global_satellite,municipal,vancouver_mayor_2026,1822542,0x1d4d4b7b17f1649e5a902a91992476263b1be640df547540cf2954bd00df4df8,will-pete-fry-win-the-2026-vancouver-mayoral-election,https://polymarket.com/event/will-pete-fry-win-the-2026-vancouver-mayoral-election,YES,90282073970311127511205771444554273792281500981661699146096274090779625493121,Will Pete Fry win the 2026 Vancouver mayoral election?,OK,0.096,0.104,0.1,0.008,0.1,mid,0.104,0.096,105,300,601.24,5388.23,23801.4,701.27,1303.63,2138.86,61152.56,200690.9,,true,,1782625239170,d823279b8ac17190e9cf21387daccdd55c7f7955
20260628T054019Z:RSO-0198:YES:145,20260628T054019Z,2026-06-28T05:40:19Z,RSO-0198,Vancouver Mayoral Election Winner,Vancouver Mayoral Election Winner — William Azaroff,William Azaroff,Canada,global_satellite,municipal,vancouver_mayor_2026,1822543,0xe3a2415eb9cd17f05d6b26a4a4ee6e2b17c6dbf60b99c0ad2ca79a6a1e9c4a03,will-william-azaroff-win-the-2026-vancouver-mayoral-election,https://polymarket.com/event/will-william-azaroff-win-the-2026-vancouver-mayoral-election,YES,59726996494827119492375424935770676929797925414434705899404676444699590377932,Will William Azaroff win the 2026 Vancouver mayoral election?,OK,0.037,0.056,0.0465,0.019,0.0465,mid,0.056,0.037,65,62.64,2777,3761.75,39732.25,62.64,291.48,296.48,39732.25,192872.02,,true,,1782625232116,edf7ca178f6651629b6f7a92a486a0552b4df4cf
20260628T054019Z:RSO-0199:YES:146,20260628T054019Z,2026-06-28T05:40:19Z,RSO-0199,Vancouver Mayoral Election Winner,Vancouver Mayoral Election Winner — Colleen Hardwick,Colleen Hardwick,Canada,global_satellite,municipal,vancouver_mayor_2026,1822545,0x668ccbcc382ed1e8771012e84ab96cd313a7fc9d1896839257bfee5478dacc22,will-colleen-hardwick-win-the-2026-vancouver-mayoral-election,https://polymarket.com/event/will-colleen-hardwick-win-the-2026-vancouver-mayoral-election,YES,89769310711474760533294537071154855786894917447221789743554779027918597781074,Will Colleen Hardwick win the 2026 Vancouver mayoral election?,OK,0.006,0.012,0.009,0.006,0.009,mid,0.012,0.006,9.19,9.19,32003.07,32003.07,32003.07,265.24,265.24,265.24,32003.07,156526.68,,true,,1782625236991,2ef7ae87b57460af4b14a4dd57b84a5d268a9e83
20260628T054019Z:RSO-0200:YES:147,20260628T054019Z,2026-06-28T05:40:19Z,RSO-0200,Vancouver Mayoral Election Winner,Vancouver Mayoral Election Winner — John Coupar,John Coupar,Canada,global_satellite,municipal,vancouver_mayor_2026,1822539,0x495d7107985ea26bd6b84c32701b3d071f2fe56235a51b8c707cfeef3112ace6,will-john-coupar-win-the-2026-vancouver-mayoral-election,https://polymarket.com/event/will-john-coupar-win-the-2026-vancouver-mayoral-election,YES,91011732195192715119336195106293107937750786695864847014700597796293873409000,Will John Coupar win the 2026 Vancouver mayoral election?,OK,0.005,0.013,0.009,0.008,0.009,mid,0.013,0.005,8.39,143.6,43539.39,43539.39,43539.39,173.6,193.6,193.6,43539.39,172034.07,,true,,1782625234632,56f60da3b914da95b3487c97a1ab1d3128eebe0b
20260628T054019Z:RSO-0201:YES:148,20260628T054019Z,2026-06-28T05:40:19Z,RSO-0201,Vancouver Mayoral Election Winner,Vancouver Mayoral Election Winner — Rebecca Bligh,Rebecca Bligh,Canada,global_satellite,municipal,vancouver_mayor_2026,1822541,0xcb3a9ca91633c58ea4886b82edb537de4c7626197878e9768272a8bdeafd73bd,will-rebecca-bligh-win-the-2026-vancouver-mayoral-election,https://polymarket.com/event/will-rebecca-bligh-win-the-2026-vancouver-mayoral-election,YES,14579945643291992769462285990958948598366227043675702054810459943164919524702,Will Rebecca Bligh win the 2026 Vancouver mayoral election?,OK,0.003,0.007,0.005,0.004,0.005,mid,0.007,0.003,1108.33,99.99,42507.33,42507.33,42507.33,789.81,789.81,862.4,42507.33,158429.31,,true,,1782625234634,fdabc7f0657f7447c338b93f67e2819314e49279
20260628T054019Z:RSO-0202:YES:149,20260628T054019Z,2026-06-28T05:40:19Z,RSO-0202,Vancouver Mayoral Election Winner,Vancouver Mayoral Election Winner — Sean Orr,Sean Orr,Canada,global_satellite,municipal,vancouver_mayor_2026,1822544,0x2dd43d4fa975429df4e05c74fbf4138bbe7698f5de150534904f149704b74bef,will-sean-orr-win-the-2026-vancouver-mayoral-election,https://polymarket.com/event/will-sean-orr-win-the-2026-vancouver-mayoral-election,YES,55250911016773637907503451689730410882595282732598649757892146244267780207014,Will Sean Orr win the 2026 Vancouver mayoral election?,OK,0.003,0.006,0.0045,0.003,0.0045,mid,0.006,0.003,90.81,9.19,39076.21,39076.21,39076.21,379.91,379.91,474.91,39076.21,159328.32,,true,,1782625221314,ebdff23bec5ebd1bfe66a383dbcade7472e8966d
20260628T054019Z:RSO-0203:YES:150,20260628T054019Z,2026-06-28T05:40:19Z,RSO-0203,Vancouver Mayoral Election Winner,Vancouver Mayoral Election Winner — Amanda Burrows,Amanda Burrows,Canada,global_satellite,municipal,vancouver_mayor_2026,1822547,0x2cdf238bcbdf2a11f0ea507ec464f4683e242e8eea089ff7e5f712dc25275113,will-amanda-burrows-win-the-2026-vancouver-mayoral-election,https://polymarket.com/event/will-amanda-burrows-win-the-2026-vancouver-mayoral-election,YES,34427843948073824399247957635699582356193274913723486055708035745739439032182,Will Amanda Burrows win the 2026 Vancouver mayoral election?,OK,0.002,0.003,0.0025,0.001,0.0025,mid,0.003,0.002,600,611.78,17668,17668,17668,830.74,890.74,890.74,17668,161119.36,,true,,1782625221670,db8666c47adb66c43c3cf5c8860cea99994ea959
20260628T054019Z:RSO-0204:YES:151,20260628T054019Z,2026-06-28T05:40:19Z,RSO-0204,Vancouver Mayoral Election Winner,Vancouver Mayoral Election Winner — Tim Louis,Tim Louis,Canada,global_satellite,municipal,vancouver_mayor_2026,1822546,0xccead3d44a9e1ce50807511acd1e1901e83a1169914c5e4627c002984e62f0fb,will-tim-louis-win-the-2026-vancouver-mayoral-election,https://polymarket.com/event/will-tim-louis-win-the-2026-vancouver-mayoral-election,YES,3747902034763719249673945486466805023089364001928628204808740895456003637583,Will Tim Louis win the 2026 Vancouver mayoral election?,OK,0.002,0.004,0.003,0.002,0.003,mid,0.004,0.002,600,1018.7,12024.25,12024.25,12024.25,1215.59,1326.59,1326.59,12024.25,324939.71,,true,,1782625221579,63063f882024d512ba97b46b7bb585f824746989
20260628T054019Z:RSO-0205:YES:152,20260628T054019Z,2026-06-28T05:40:19Z,RSO-0205,Vancouver Mayoral Election Winner,Vancouver Mayoral Election Winner — Fred Harding,Fred Harding,Canada,global_satellite,municipal,vancouver_mayor_2026,1822548,0xca2016ab394faf01886965daa30156aa7df052b32adbfc9f00a46a06d8ed8caf,will-fred-harding-win-the-2026-vancouver-mayoral-election,https://polymarket.com/event/will-fred-harding-win-the-2026-vancouver-mayoral-election,YES,42950286760308725122858983675245601299740225552122691924119275382764901291368,Will Fred Harding win the 2026 Vancouver mayoral election?,OK,0.002,0.003,0.0025,0.001,0.0025,mid,0.003,0.002,1557.29,8.62,15283.29,15283.29,15283.29,238.22,238.22,238.22,15283.29,156770.77,,true,,1782625239479,0f810aec85fddb41ad0694b378e99ac06a792913
20260628T054019Z:RSO-0206:YES:153,20260628T054019Z,2026-06-28T05:40:19Z,RSO-0206,Vancouver Mayoral Election Winner,Vancouver Mayoral Election Winner — Kirk LaPointe,Kirk LaPointe,Canada,global_satellite,municipal,vancouver_mayor_2026,1822540,0xf42fdaf0069af7f49b1b2dcd8160ad73034c8704ef988c44dfe964f2f719facc,will-kirk-lapointe-win-the-2026-vancouver-mayoral-election,https://polymarket.com/event/will-kirk-lapointe-win-the-2026-vancouver-mayoral-election,YES,98828070679515257701157390784579387385530822324881009700391159202814891015617,Will Kirk LaPointe win the 2026 Vancouver mayoral election?,OK,0.002,0.01,0.006,0.008,0.006,mid,0.01,0.002,316,137,17112.65,17112.65,17112.65,246.94,246.94,246.94,17112.65,157500.92,,true,,1782625234520,761c8ea566a47c61d3bece0a72063b9f3589c204
20260628T054019Z:RSO-0207:YES:154,20260628T054019Z,2026-06-28T05:40:19Z,RSO-0207,Next Prime Minister of Israel after next election,Next Prime Minister of Israel after next election — Gadi Eizenkot,Gadi Eizenkot,Israel,global_satellite,parliamentary_coalition,israel_next_pm_2026,682708,0xdbe93b5a701f36076a560fa4b9ba59e365a6e8e2ea6a83764640010657277ca4,will-gadi-eizenkot-be-the-next-prime-minister-of-israel,https://polymarket.com/event/will-gadi-eizenkot-be-the-next-prime-minister-of-israel,YES,52487256270918227930942830546248720603566203568229607048093730748840489555808,Will Gadi Eizenkot be the next Prime Minister of Israel?,OK,0.415,0.417,0.416,0.002,0.416,mid,0.417,0.415,929.66,16,6391.62,26937.43,48140.28,3041.17,18579.06,28446.47,2960069.67,782268.33,,true,,1782625244328,155f4b5365271ecbe41720b6a1f65b47df4fe9b2
20260628T054019Z:RSO-0208:YES:155,20260628T054019Z,2026-06-28T05:40:19Z,RSO-0208,Next Prime Minister of Israel after next election,Next Prime Minister of Israel after next election — Benjamin Netanyahu,Benjamin Netanyahu,Israel,global_satellite,parliamentary_coalition,israel_next_pm_2026,682705,0x7586a96520578acaaaa4ea84a2582f197f84255da1f3392a7aa300386c187b37,will-benjamin-netanyahu-be-the-next-prime-minister-of-israel,https://polymarket.com/event/will-benjamin-netanyahu-be-the-next-prime-minister-of-israel,YES,20006732765674855733524007935991362439352594042415161039767275461950712817548,Will Benjamin Netanyahu be the next Prime Minister of Israel?,OK,0.33,0.34,0.335,0.01,0.335,mid,0.34,0.33,2381.72,1374.85,48302.38,94369.79,160364.19,6342.68,17409.8,32875.43,461949.62,433030.7,,true,,1782625246606,7c3a4c0887e651acf47540531f96ebd0bd509c44
20260628T054019Z:RSO-0209:YES:156,20260628T054019Z,2026-06-28T05:40:19Z,RSO-0209,Next Prime Minister of Israel after next election,Next Prime Minister of Israel after next election — Naftali Bennett,Naftali Bennett,Israel,global_satellite,parliamentary_coalition,israel_next_pm_2026,682706,0x9ed0ecc8b8589e67967d44c4420944a41b6a6806419019a1581d514174eee9b1,will-naftali-bennett-be-the-next-prime-minister-of-israel,https://polymarket.com/event/will-naftali-bennett-be-the-next-prime-minister-of-israel,YES,58945936829392654397399777214757608864525173988558750256164021442231118224154,Will Naftali Bennett be the next Prime Minister of Israel?,OK,0.12,0.13,0.125,0.01,0.125,mid,0.13,0.12,7873.06,589.25,15201.3,54890.68,106119.64,5463.3,12461.97,23868.68,119324.28,407127.16,,true,,1782625246713,f421cb72b6829b4a09c5ab5e2ff5d16377d8f723
20260628T054019Z:RSO-0210:YES:157,20260628T054019Z,2026-06-28T05:40:19Z,RSO-0210,Next Prime Minister of Israel after next election,Next Prime Minister of Israel after next election — Avigdor Lieberman,Avigdor Lieberman,Israel,global_satellite,parliamentary_coalition,israel_next_pm_2026,682710,0xadffc96f54f350b3655f72fe2853c81bfd705e9703f62469e6a14782ad5d4ec0,will-avigdor-lieberman-be-the-next-prime-minister-of-israel,https://polymarket.com/event/will-avigdor-lieberman-be-the-next-prime-minister-of-israel,YES,105057524965982907913786325697426001538810836564004836999292309706852745390829,Will Avigdor Lieberman be the next Prime Minister of Israel?,OK,0.035,0.039,0.037,0.004,0.037,mid,0.039,0.035,408.65,442.69,2675.88,37418.72,2542191.31,10783.05,18592.85,23108.59,2542191.31,1056359.14,,true,,1782625246725,121e0863060cc71990c90c2b737d440b0333a496
20260628T054019Z:RSO-0211:YES:158,20260628T054019Z,2026-06-28T05:40:19Z,RSO-0211,Next Prime Minister of Israel after next election,Next Prime Minister of Israel after next election — Itamar Ben Gvir,Itamar Ben Gvir,Israel,global_satellite,parliamentary_coalition,israel_next_pm_2026,682713,0x4bf44e9885ee8f43148458d5c9537d96c940cf48414557528358d65870131517,will-itamar-ben-gvir-be-the-next-prime-minister-of-israel,https://polymarket.com/event/will-itamar-ben-gvir-be-the-next-prime-minister-of-israel,YES,97037271592384590668192904767730391938961253014413658633971882704234126806284,Will Itamar Ben Gvir be the next Prime Minister of Israel?,OK,0.011,0.012,0.0115,0.001,0.0115,mid,0.012,0.011,106.64,1820.46,2776092.36,2776092.36,2776092.36,11964.94,19536.99,20554.19,2776092.36,757454.51,,true,,1782625244438,181c5279783eadc3c658c4fbdc0ebb1d1c6f0397
20260628T054019Z:RSO-0212:YES:159,20260628T054019Z,2026-06-28T05:40:19Z,RSO-0212,Next Prime Minister of Israel after next election,Next Prime Minister of Israel after next election — Benny Gantz,Benny Gantz,Israel,global_satellite,parliamentary_coalition,israel_next_pm_2026,682709,0xf773a12cc13214fc493ec398f96c4ea5ec87ea4ff3b29795041d5498e314ad1e,will-benny-gantz-be-the-next-prime-minister-of-israel,https://polymarket.com/event/will-benny-gantz-be-the-next-prime-minister-of-israel,YES,105121209501718913679835702557350272753628810249278953188501220308690716470697,Will Benny Gantz be the next Prime Minister of Israel?,OK,0.004,0.005,0.0045,0.001,0.0045,mid,0.005,0.004,470.24,9730.56,2659607.92,2659607.92,2659607.92,42228.7,49405.18,60584.35,2659607.92,856053.66,,true,,1782625246658,050e2fd778b882330c7061ba2c0528987a4b636f
20260628T054019Z:RSO-0213:YES:160,20260628T054019Z,2026-06-28T05:40:19Z,RSO-0213,Next Prime Minister of Israel after next election,Next Prime Minister of Israel after next election — Gilad Erdan,Gilad Erdan,Israel,global_satellite,parliamentary_coalition,israel_next_pm_2026,682722,0xea653dbacdb5b0ba21c9b745f5fb463fe654b988129093ce471d3b3652650cba,will-gilad-erdan-be-the-next-prime-minister-of-israel,https://polymarket.com/event/will-gilad-erdan-be-the-next-prime-minister-of-israel,YES,73391412196952346536768049629984781694862224381955045702486880678656173160147,Will Gilad Erdan be the next Prime Minister of Israel?,OK,0.006,0.007,0.0065,0.001,0.0065,mid,0.007,0.006,3661.18,200.62,403470.61,403470.61,403470.61,4183.78,9570.54,30120.12,403470.61,523145.8,,true,,1782625245759,dc720e3de1d0866112fcae949c17a63e938f74f5
20260628T054019Z:RSO-0214:YES:161,20260628T054019Z,2026-06-28T05:40:19Z,RSO-0214,Next Prime Minister of Israel after next election,Next Prime Minister of Israel after next election — Yariv Levin,Yariv Levin,Israel,global_satellite,parliamentary_coalition,israel_next_pm_2026,682715,0x93d07ffcf5c243b98e655380eb876d4a3393351b7325059064cb5a4b1ff6ceb2,will-yariv-levin-be-the-next-prime-minister-of-israel,https://polymarket.com/event/will-yariv-levin-be-the-next-prime-minister-of-israel,YES,28155793585619215559447305702051573036104753242134264350727089371549716604590,Will Yariv Levin be the next Prime Minister of Israel?,OK,0.004,0.005,0.0045,0.001,0.0045,mid,0.005,0.004,10002.64,8923.13,2480262.98,2480262.98,2480262.98,40453.33,40504.19,41755.85,2480262.98,775002.04,,true,,1782625246672,2a8306afab6fe5dbd8bc13c9516557e33872326d
20260628T054019Z:RSO-0215:YES:162,20260628T054019Z,2026-06-28T05:40:19Z,RSO-0215,Next Prime Minister of Israel after next election,Next Prime Minister of Israel after next election — Israel Katz,Israel Katz,Israel,global_satellite,parliamentary_coalition,israel_next_pm_2026,682719,0xb25a93dc8c0f28dc404f7ee41cf6788a9de054418bd068740849b4a2995486e9,will-israel-katz-be-the-next-prime-minister-of-israel,https://polymarket.com/event/will-israel-katz-be-the-next-prime-minister-of-israel,YES,49071939739791449726827416712265617396930502300780957239086018273026268436098,Will Israel Katz be the next Prime Minister of Israel?,OK,0.004,0.005,0.0045,0.001,0.0045,mid,0.005,0.004,19063.37,9824.92,2753123.31,2753123.31,2753123.31,15859.68,15884.68,16611.34,2753123.31,727291.03,,true,,1782625246766,320a2335bf54550d8cba5347783e5da89847e320
20260628T054019Z:RSO-0216:YES:163,20260628T054019Z,2026-06-28T05:40:19Z,RSO-0216,Next Prime Minister of Israel after next election,Next Prime Minister of Israel after next election — Amir Ohana,Amir Ohana,Israel,global_satellite,parliamentary_coalition,israel_next_pm_2026,682721,0x8cbdd0c4c6061c9e5c5a94d4a474c1880d0f2ab5ee4704a64af1e77c6d0e18d0,will-amir-ohana-be-the-next-prime-minister-of-israel,https://polymarket.com/event/will-amir-ohana-be-the-next-prime-minister-of-israel,YES,37479008447091488432468168948590430208783407360102685992956858050228448972626,Will Amir Ohana be the next Prime Minister of Israel?,OK,0.004,0.005,0.0045,0.001,0.0045,mid,0.005,0.004,17011.73,7723.31,2681829.79,2681829.79,2681829.79,26762.9,27784.86,36695.2,2681829.79,755090.67,,true,,1782625246702,e17c87afad62efd5b7f5f6b58bdb6ff765b6c3aa
20260628T054019Z:RSO-0217:YES:164,20260628T054019Z,2026-06-28T05:40:19Z,RSO-0217,Next Prime Minister of Israel after next election,Next Prime Minister of Israel after next election — Gideon Sa’ar,Gideon Sa’ar,Israel,global_satellite,parliamentary_coalition,israel_next_pm_2026,682714,0xfb2cb634e693b1758fc78b38b02754472edd728bd22eb4a7023c6f49419c73d6,will-gideon-saar-be-the-next-prime-minister-of-israel,https://polymarket.com/event/will-gideon-saar-be-the-next-prime-minister-of-israel,YES,113523109301381527088718768250912137532200947193534063249121987336101159734964,Will Gideon Sa’ar be the next Prime Minister of Israel?,OK,0.004,0.005,0.0045,0.001,0.0045,mid,0.005,0.004,6598.08,9663.14,2614872.77,2614872.77,2614872.77,19110.98,19235.97,20085.85,2614872.77,813939.82,,true,,1782625245047,2a007a0c2e021c66188b2380b92072cc5ab4bd2f
20260628T054019Z:RSO-0218:YES:165,20260628T054019Z,2026-06-28T05:40:19Z,RSO-0218,Next Prime Minister of Israel after next election,Next Prime Minister of Israel after next election — Yoaz Hendel,Yoaz Hendel,Israel,global_satellite,parliamentary_coalition,israel_next_pm_2026,682718,0x641ee08666fd2c37f890d59b4fd32ad8a23e8500e1ad070e112a90219a4d4bfa,will-yoaz-hendel-be-the-next-prime-minister-of-israel,https://polymarket.com/event/will-yoaz-hendel-be-the-next-prime-minister-of-israel,YES,12118827801400239712815717295403167152230979784826228363180815353568423454582,Will Yoaz Hendel be the next Prime Minister of Israel?,OK,0.005,0.006,0.0055,0.001,0.0055,mid,0.006,0.005,3316.63,1010.66,2377229.92,2377229.92,2377229.92,4156.66,4509.64,42301.14,2377229.92,854542.08,,true,,1782625200061,21a498c3f445e781b073f9dfa63a96ae8fb79cb1
20260628T054019Z:RSO-0219:YES:166,20260628T054019Z,2026-06-28T05:40:19Z,RSO-0219,Next Prime Minister of Israel after next election,Next Prime Minister of Israel after next election — Yair Lapid,Yair Lapid,Israel,global_satellite,parliamentary_coalition,israel_next_pm_2026,682707,0x45a79193a66e5078a29c625e78e0d4b9a059edef8e206097c48bbfe7eaf9590e,will-yair-lapid-be-the-next-prime-minister-of-israel,https://polymarket.com/event/will-yair-lapid-be-the-next-prime-minister-of-israel,YES,30912854850866302644106316438153629460678506137655559406260043509960678109607,Will Yair Lapid be the next Prime Minister of Israel?,OK,0.006,0.009,0.0075,0.003,0.0075,mid,0.009,0.006,758.64,5.54,2592094.79,2592094.79,2592094.79,38852.57,53988.13,57821.07,2592094.79,827959.09,,true,,1782625247678,40cd1dbc3c6b7f52765f6b3b7698f0f60d20153b
20260628T054019Z:RSO-0220:YES:167,20260628T054019Z,2026-06-28T05:40:19Z,RSO-0220,Next Prime Minister of Israel after next election,Next Prime Minister of Israel after next election — Yossi Cohen,Yossi Cohen,Israel,global_satellite,parliamentary_coalition,israel_next_pm_2026,682711,0xa653be0f150dbe055a532ea02977338bb31f49d1f723b2a48c1f67847a73cb7d,will-yossi-cohen-be-the-next-prime-minister-of-israel,https://polymarket.com/event/will-yossi-cohen-be-the-next-prime-minister-of-israel,YES,80908635602471552886049573110321791161186841957249509900771759394573505359926,Will Yossi Cohen be the next Prime Minister of Israel?,OK,0.003,0.005,0.004,0.002,0.004,mid,0.005,0.003,36332.02,8495.09,2536567.42,2536567.42,2536567.42,35929.22,42634.67,48046.23,2536567.42,865585.17,,true,,1782625246724,0d63b66e1d6d170f45ec08ea61c7dd21708b2b6d
20260628T054019Z:RSO-0221:YES:168,20260628T054019Z,2026-06-28T05:40:19Z,RSO-0221,Next Prime Minister of Israel after next election,Next Prime Minister of Israel after next election — Yair Golan,Yair Golan,Israel,global_satellite,parliamentary_coalition,israel_next_pm_2026,682712,0xfcd53c97fef81c4ecad8a97c8c47fdf1ce0a54a0daeff7bae53eaa3a9af343f2,will-yair-golan-be-the-next-prime-minister-of-israel,https://polymarket.com/event/will-yair-golan-be-the-next-prime-minister-of-israel,YES,38003127295883228185689665963602138176190384641897237734105806870773590495970,Will Yair Golan be the next Prime Minister of Israel?,OK,0.003,0.004,0.0035,0.001,0.0035,mid,0.004,0.003,26634.39,63152.13,2521881.13,2521881.13,2521881.13,80305.38,80917.17,84489.11,2521881.13,817781.65,,true,,1782625246731,2e0a60b628c8977d60ccdb5d5b3fb296160d41b7
20260628T054019Z:RSO-0222:YES:169,20260628T054019Z,2026-06-28T05:40:19Z,RSO-0222,Next Prime Minister of Israel after next election,Next Prime Minister of Israel after next election — Nir Barkat,Nir Barkat,Israel,global_satellite,parliamentary_coalition,israel_next_pm_2026,682720,0xd8625515585b5bf81d9c1262a1d2b0212a6f2a7a5c5f6ef6c993f7cc269f92dd,will-nir-barkat-be-the-next-prime-minister-of-israel,https://polymarket.com/event/will-nir-barkat-be-the-next-prime-minister-of-israel,YES,62339970278220985797814574706934957062291648936534682461243840366141506822305,Will Nir Barkat be the next Prime Minister of Israel?,OK,0.002,0.003,0.0025,0.001,0.0025,mid,0.003,0.002,46262.46,38.02,2447446.07,2447446.07,2447446.07,18226.16,19871.29,20645.22,2447446.07,750739.42,,true,,1782625248636,3e9c112945992d223ffa8f8aa3bb2404344dfd90
20260628T054019Z:RSO-0223:YES:170,20260628T054019Z,2026-06-28T05:40:19Z,RSO-0223,Next Prime Minister of Israel after next election,Next Prime Minister of Israel after next election — Ayelet Shaked,Ayelet Shaked,Israel,global_satellite,parliamentary_coalition,israel_next_pm_2026,682717,0x80a849ac73eefe56d4d613e44b45e32b9f91f0bfc77173b732cffac7daab3b3b,will-ayelet-shaked-be-the-next-prime-minister-of-israel,https://polymarket.com/event/will-ayelet-shaked-be-the-next-prime-minister-of-israel,YES,20847822223909889861535421917104908467512615252569123202591433051136381225081,Will Ayelet Shaked be the next Prime Minister of Israel?,OK,0.001,0.002,0.0015,0.001,0.0015,mid,0.002,0.001,2349720.86,337.52,2349720.86,2349720.86,2349720.86,84178.08,84452.92,85165.99,2349720.86,904494.93,,true,,1782625241537,f4a7a4c7ec96af9bd504a7fe0cae51f8324f84e5
20260628T054019Z:RSO-0224:YES:171,20260628T054019Z,2026-06-28T05:40:19Z,RSO-0224,Next Prime Minister of Israel after next election,Next Prime Minister of Israel after next election — Moshe Feiglin,Moshe Feiglin,Israel,global_satellite,parliamentary_coalition,israel_next_pm_2026,682716,0x673db99d92473e9ee854b8a0ec0cff15d156e5c33a13e1e12db7266d33fde4d3,will-moshe-feiglin-be-the-next-prime-minister-of-israel,https://polymarket.com/event/will-moshe-feiglin-be-the-next-prime-minister-of-israel,YES,53508697093100828360254088937709702626357043454735600798387762815121144942132,Will Moshe Feiglin be the next Prime Minister of Israel?,OK,0.002,0.003,0.0025,0.001,0.0025,mid,0.003,0.002,68153.76,281.21,2416617.12,2416617.12,2416617.12,31587.95,42972.59,49093.38,2416617.12,784777.94,,true,,1782625249357,ccc63b5a1024ffd9e5684186492595e5b6856e9c
20260628T054019Z:RSO-0225:YES:172,20260628T054019Z,2026-06-28T05:40:19Z,RSO-0225,Israeli Legislative Election Winner,Israeli Legislative Election Winner — Likud,Likud,Israel,global_satellite,parliamentary_coalition,israel_most_seats_2026,2100981,0xf77fa3e63014f1f76ea4433dac66b3860493ed7f1a9fee3dfbef9104d7f1eee3,will-likud-win-the-most-seats-in-the-2026-israeli-legislative-election,https://polymarket.com/event/will-likud-win-the-most-seats-in-the-2026-israeli-legislative-election,YES,40530616708770133196461535468385029946615148250396571867031554779644977064648,Will Likud win the most seats in the 2026 Israeli legislative election?,OK,0.36,0.38,0.37,0.02,0.37,mid,0.38,0.36,15,15,1268.85,1774.46,1824.46,1532,3431.63,4353.19,48490.34,112188.72,,true,,1782625229885,039944f0c983c62b4e4bdc276266be8759200afb
20260628T054019Z:RSO-0226:YES:173,20260628T054019Z,2026-06-28T05:40:19Z,RSO-0226,Israeli Legislative Election Winner,Israeli Legislative Election Winner — Yashar,Yashar,Israel,global_satellite,parliamentary_coalition,israel_most_seats_2026,2100984,0xd05da9807740aa0f5bc9e9232daabe87a21e5012c19e283abf414f1c1651118b,will-yashar-win-the-most-seats-in-the-2026-israeli-legislative-election,https://polymarket.com/event/will-yashar-win-the-most-seats-in-the-2026-israeli-legislative-election,YES,9025448570994866714151390167666974197623007132973626623412960268955048642964,Will Yashar win the most seats in the 2026 Israeli legislative election?,OK,0.36,0.37,0.365,0.01,0.365,mid,0.37,0.36,1557.27,83.78,2124.87,3090.09,3140.09,1514.03,2853.1,3623.06,259808.81,323539.26,,true,,1782625242945,bb07f6e3d872a874d3d1e55ed04964e2a3f8570b
20260628T054019Z:RSO-0227:YES:174,20260628T054019Z,2026-06-28T05:40:19Z,RSO-0227,Israeli Legislative Election Winner,Israeli Legislative Election Winner — Together,Together,Israel,global_satellite,parliamentary_coalition,israel_most_seats_2026,2100982,0x4e9cff8a3aeac036225fedcc98af9b0d55284b3f430b599e7f61b059c1e177af,will-together-win-the-most-seats-in-the-2026-israeli-legislative-election,https://polymarket.com/event/will-together-win-the-most-seats-in-the-2026-israeli-legislative-election,YES,4486291330995931849416559581383425061287287542982906092720569789339786774392,Will Together win the most seats in the 2026 Israeli legislative election?,OK,0.26,0.28,0.27,0.02,0.27,mid,0.28,0.26,344.26,100,1637.75,2958.59,3605.24,1004.56,2163.8,2673.8,37622.59,183295.25,,true,,1782625231317,3d10e0b5e718c31070e87b1f1625eee10d428c37
20260628T054019Z:RSO-0228:YES:175,20260628T054019Z,2026-06-28T05:40:19Z,RSO-0228,Israeli Legislative Election Winner,Israeli Legislative Election Winner — Shas,Shas,Israel,global_satellite,parliamentary_coalition,israel_most_seats_2026,2100983,0xc3c4b06b71e5a9dec867169d4319a4bf7364d7b0a6c5d6cd048689a207aafc40,will-shas-win-the-most-seats-in-the-2026-israeli-legislative-election,https://polymarket.com/event/will-shas-win-the-most-seats-in-the-2026-israeli-legislative-election,YES,43025613818662551227164158603793018117245522237166942374881915274782654094251,Will Shas win the most seats in the 2026 Israeli legislative election?,OK,0.002,0.003,0.0025,0.001,0.0025,mid,0.003,0.002,2350.7,1549.7,74848.7,74848.7,74848.7,1579.7,1579.7,1579.7,74848.7,402441.05,,true,,1782625241499,a7a505480057203fc8dfc09cecc6dcb4eb1c942d
20260628T054019Z:RSO-0229:YES:176,20260628T054019Z,2026-06-28T05:40:19Z,RSO-0229,Israeli Legislative Election Winner,Israeli Legislative Election Winner — The Democrats,The Democrats,Israel,global_satellite,parliamentary_coalition,israel_most_seats_2026,2100985,0x4a48f706471324eb289b2a77a368f7cfc3cdbf899ea320395e9afaa9191570e9,will-the-democrats-win-the-most-seats-in-the-2026-israeli-legislative-election,https://polymarket.com/event/will-the-democrats-win-the-most-seats-in-the-2026-israeli-legislative-election,YES,13946614065225357961512448593443036356822710705632040528640964889522868467395,Will The Democrats win the most seats in the 2026 Israeli legislative election?,OK,0.002,0.003,0.0025,0.001,0.0025,mid,0.003,0.002,1983.4,838.58,72361.4,72361.4,72361.4,868.58,868.58,1008.57,72361.4,399931.36,,true,,1782625241838,1711e7a9e628f2018d8456fc19296ac7790fb6f4
20260628T054019Z:RSO-0230:YES:177,20260628T054019Z,2026-06-28T05:40:19Z,RSO-0230,Israeli Legislative Election Winner,Israeli Legislative Election Winner — Otzma Yehudit,Otzma Yehudit,Israel,global_satellite,parliamentary_coalition,israel_most_seats_2026,2100986,0x49b2c8eac865bbac235153824b3490185ff0fdb7305cb053b2ab5b1466bf4f36,will-otzma-yehudit-win-the-most-seats-in-the-2026-israeli-legislative-election,https://polymarket.com/event/will-otzma-yehudit-win-the-most-seats-in-the-2026-israeli-legislative-election,YES,72928611581150091479894843605103749117561320868375067552073452709256467488450,Will Otzma Yehudit win the most seats in the 2026 Israeli legislative election?,OK,0.002,0.004,0.003,0.002,0.003,mid,0.004,0.002,1963.84,785.91,76787.84,76787.84,76787.84,1040.9,1040.9,1680.9,76787.84,402070.88,,true,,1782625239623,c80889917dc4e015b5fccadd7b2c9081290a431d
20260628T054019Z:RSO-0231:YES:178,20260628T054019Z,2026-06-28T05:40:19Z,RSO-0231,Next Prime Minister of New Zealand,Next Prime Minister of New Zealand — Chris Hipkins,Chris Hipkins,New Zealand,global_satellite,parliamentary_mmp,new_zealand_next_pm_2026,2116541,0xecffb867dc6b5421ec726ff8a44de5a538ccbad7dc1ea5c8b175b00293227cb5,will-chris-hipkins-be-the-next-prime-minister-of-new-zealand-after-the-2026-elections-662,https://polymarket.com/event/will-chris-hipkins-be-the-next-prime-minister-of-new-zealand-after-the-2026-elections-662,YES,3695219925197907796815418584626632598111929883522292242191442837649708153579,Will Chris Hipkins be the next Prime Minister of New Zealand after the 2026 elections?,OK,0.53,0.54,0.535,0.01,0.535,mid,0.54,0.53,2058.03,2200.51,2680.33,3094.94,3094.94,3319.61,5198.34,5479.94,55494.53,116086.28,,true,,1782625240745,96bae35cece3f666962988c185b6b817cc308bc3
20260628T054019Z:RSO-0232:YES:179,20260628T054019Z,2026-06-28T05:40:19Z,RSO-0232,Next Prime Minister of New Zealand,Next Prime Minister of New Zealand — Christopher Luxon,Christopher Luxon,New Zealand,global_satellite,parliamentary_mmp,new_zealand_next_pm_2026,2116540,0xe47bf7ef4d5476dba1e9c920b82cfeb54157399f951fdc83ac7868d4896d1b51,will-christopher-luxon-be-the-next-prime-minister-of-new-zealand-after-the-2026-elections-718,https://polymarket.com/event/will-christopher-luxon-be-the-next-prime-minister-of-new-zealand-after-the-2026-elections-718,YES,19436667452351897669739565884931351453429893965166224489399167885678976570550,Will Christopher Luxon be the next Prime Minister of New Zealand after the 2026 elections?,OK,0.44,0.45,0.445,0.01,0.445,mid,0.45,0.44,1423.13,1325.93,2741.05,3800.75,9541.88,3007.76,4861.67,6511.65,57203.16,172570.77,,true,,1782625241399,3a8eb94afd6b7119c67d887597222b093ad311e6
20260628T054019Z:RSO-0233:YES:180,20260628T054019Z,2026-06-28T05:40:19Z,RSO-0233,Next Prime Minister of New Zealand,Next Prime Minister of New Zealand — Nicola Willis,Nicola Willis,New Zealand,global_satellite,parliamentary_mmp,new_zealand_next_pm_2026,2116543,0x49ca5b6402d30912f79497b12211fd12571d1beef9cdc3e014491d202b1c863c,will-nicola-willis-be-the-next-prime-minister-of-new-zealand-after-the-2026-elections-636,https://polymarket.com/event/will-nicola-willis-be-the-next-prime-minister-of-new-zealand-after-the-2026-elections-636,YES,101779929345953030764780328225834722292970803429486638560281721195397549925596,Will Nicola Willis be the next Prime Minister of New Zealand after the 2026 elections?,OK,0.011,0.035,0.023,0.024,0.023,mid,0.035,0.011,13.3,15,48764.11,48764.11,48764.11,665,1030,1930,48764.11,168203.03,,true,,1782625246519,6b82b7d6a4ef44cb4de6f0243764a825e36d41f7
20260628T054019Z:RSO-0234:YES:181,20260628T054019Z,2026-06-28T05:40:19Z,RSO-0234,Next Prime Minister of New Zealand,Next Prime Minister of New Zealand — Winston Peters,Winston Peters,New Zealand,global_satellite,parliamentary_mmp,new_zealand_next_pm_2026,2116542,0xb2a0400f22578a6fd694aa89613d3e38918b15c222ddc844cabcee24aab0e7db,will-winston-peters-be-the-next-prime-minister-of-new-zealand-after-the-2026-elections-871,https://polymarket.com/event/will-winston-peters-be-the-next-prime-minister-of-new-zealand-after-the-2026-elections-871,YES,27854146347052378018620085340753762973697391204994394619103479868476430133384,Will Winston Peters be the next Prime Minister of New Zealand after the 2026 elections?,OK,0.008,0.032,0.02,0.024,0.02,mid,0.032,0.008,417,26.4,38654.1,38654.1,38654.1,1273.1,1401.41,1831.41,38654.1,225313.11,,true,,1782625246536,4aa7b85d4ad51044147fb5b54140c48769cd5b1a
20260628T054019Z:RSO-0235:YES:182,20260628T054019Z,2026-06-28T05:40:19Z,RSO-0235,Next Prime Minister of New Zealand,Next Prime Minister of New Zealand — Carmel Sepuloni,Carmel Sepuloni,New Zealand,global_satellite,parliamentary_mmp,new_zealand_next_pm_2026,2116546,0xec0f0488794acf9c9c1c065ded931fae0958c936a92d6c381e54c07666f0e1d5,will-carmel-sepuloni-be-the-next-prime-minister-of-new-zealand-after-the-2026-elections-556,https://polymarket.com/event/will-carmel-sepuloni-be-the-next-prime-minister-of-new-zealand-after-the-2026-elections-556,YES,95828846972962727948537717906449211001561086768404868556972607015903217834173,Will Carmel Sepuloni be the next Prime Minister of New Zealand after the 2026 elections?,OK,0.003,0.01,0.0065,0.007,0.0065,mid,0.01,0.003,429.3,7.5,58149.18,58149.18,58149.18,26.9,310.19,500.61,58149.18,213899.95,,true,,1782625246563,c474e70fa976af021e39f279bf43c0f6d17b31eb
20260628T054019Z:RSO-0236:YES:183,20260628T054019Z,2026-06-28T05:40:19Z,RSO-0236,Next Prime Minister of New Zealand,Next Prime Minister of New Zealand — Chlöe Swarbrick,Chlöe Swarbrick,New Zealand,global_satellite,parliamentary_mmp,new_zealand_next_pm_2026,2116544,0x019fa8566706b244422275cef69ed636cc5fb4c7a361b8726723e669c7c28d49,will-chle-swarbrick-be-the-next-prime-minister-of-new-zealand-after-the-2026-elections-297,https://polymarket.com/event/will-chle-swarbrick-be-the-next-prime-minister-of-new-zealand-after-the-2026-elections-297,YES,75665593440657693326391238791206938532050925706126172140531515483868869929806,Will Chlöe Swarbrick be the next Prime Minister of New Zealand after the 2026 elections?,OK,0.002,0.007,0.0045,0.005,0.0045,mid,0.007,0.002,2000,8.8,43345,43345,43345,218.14,218.14,734.74,43345,213021.74,,true,,1782625246643,e2df08823d80de89575450794770d9eb9c86bac4
20260628T054019Z:RSO-0237:YES:184,20260628T054019Z,2026-06-28T05:40:19Z,RSO-0237,Next Prime Minister of New Zealand,Next Prime Minister of New Zealand — David Seymour,David Seymour,New Zealand,global_satellite,parliamentary_mmp,new_zealand_next_pm_2026,2116545,0xc373506f31377031294354429d846470a7dd62c51ba6712e76a401168888ac82,will-david-seymour-be-the-next-prime-minister-of-new-zealand-after-the-2026-elections-159,https://polymarket.com/event/will-david-seymour-be-the-next-prime-minister-of-new-zealand-after-the-2026-elections-159,YES,110204323487167340963911918577405332532704384089593183256228464588428208899872,Will David Seymour be the next Prime Minister of New Zealand after the 2026 elections?,OK,0.002,0.005,0.0035,0.003,0.0035,mid,0.005,0.002,1000,111.24,58608.29,58608.29,58608.29,111.24,238.44,533.44,58608.29,212268.01,,true,,1782625243585,d5abf6541865efe942270e49dcab979834e228f4
20260628T054019Z:RSO-0238:YES:185,20260628T054019Z,2026-06-28T05:40:19Z,RSO-0238,New Zealand legislative election winner,New Zealand legislative election winner — Labour Party,Labour Party,New Zealand,global_satellite,parliamentary_mmp,new_zealand_most_seats_2026,2116494,0x741d99d33224258ad4536be7adbfdea7cacdaec616ce88e13755bfafde9c6d19,will-labour-party-win-the-most-seats-in-the-new-zealand-house-of-representatives-in-the-2026-new-zealand-legislative-election,https://polymarket.com/event/will-labour-party-win-the-most-seats-in-the-new-zealand-house-of-representatives-in-the-2026-new-zealand-legislative-election,YES,41173471361536594020935639788423838947538990635956059031105519795147287673278,Will Labour Party win the most seats in the New Zealand House of Representatives in the 2026 New Zealand legislative election?,OK,0.66,0.67,0.665,0.01,0.665,mid,0.67,0.66,270,2854.98,1228.55,1986.22,2147.51,4657.69,9841.9,10360,114339.9,70977.39,,true,,1782625251816,53248d60b420ab2fc1c03c8b82d9a349d66a2e90
20260628T054019Z:RSO-0239:YES:186,20260628T054019Z,2026-06-28T05:40:19Z,RSO-0239,New Zealand legislative election winner,New Zealand legislative election winner — National Party,National Party,New Zealand,global_satellite,parliamentary_mmp,new_zealand_most_seats_2026,2116493,0xba155b6be6cabf93bf31dfcc56fe2f4e3e88d16b0d490319c635930f2d9fbd04,will-national-party-win-the-most-seats-in-the-new-zealand-house-of-representatives-in-the-2026-new-zealand-legislative-election,https://polymarket.com/event/will-national-party-win-the-most-seats-in-the-new-zealand-house-of-representatives-in-the-2026-new-zealand-legislative-election,YES,26180671930795783086167354944853320138724504174864059426988212642169432238219,Will National Party win the most seats in the New Zealand House of Representatives in the 2026 New Zealand legislative election?,OK,0.34,0.35,0.345,0.01,0.345,mid,0.35,0.34,1229,1228.38,1574.35,2570.24,3765.4,4121.55,6351.29,6641.39,281053.51,126694.76,,true,,1782625251989,522e977f12803f98e26ace133173a4038bd9b3f8
20260628T054019Z:RSO-0240:YES:187,20260628T054019Z,2026-06-28T05:40:19Z,RSO-0240,New Zealand legislative election winner,New Zealand legislative election winner — New Zealand First Party,New Zealand First Party,New Zealand,global_satellite,parliamentary_mmp,new_zealand_most_seats_2026,2116497,0xcf3de2bd2304559b075b1d83969d67368986ea21d610db929001cecaf0ba433b,will-new-zealand-first-party-win-the-most-seats-in-the-new-zealand-house-of-representatives-in-the-2026-new-zealand-legislative-election,https://polymarket.com/event/will-new-zealand-first-party-win-the-most-seats-in-the-new-zealand-house-of-representatives-in-the-2026-new-zealand-legislative-election,YES,54250030688640506340696163549320679317947609966294018523515464121362285768393,Will New Zealand First Party win the most seats in the New Zealand House of Representatives in the 2026 New Zealand legislative election?,OK,0.002,0.005,0.0035,0.003,0.0035,mid,0.005,0.002,71.78,200,2078.88,2078.88,2078.88,479.1,912.1,1181.1,2078.88,233846.52,,true,,1782625251989,2f9271e1f37630ca87a130a88546586061f55a08
20260628T054019Z:RSO-0241:YES:188,20260628T054019Z,2026-06-28T05:40:19Z,RSO-0241,New Zealand legislative election winner,New Zealand legislative election winner — Green Party,Green Party,New Zealand,global_satellite,parliamentary_mmp,new_zealand_most_seats_2026,2116495,0x88188d5f5c9b4c9d6b9b25b69cdc6fc635f629635cacd9f6c1b0190d3382198a,will-green-party-win-the-most-seats-in-the-new-zealand-house-of-representatives-in-the-2026-new-zealand-legislative-election,https://polymarket.com/event/will-green-party-win-the-most-seats-in-the-new-zealand-house-of-representatives-in-the-2026-new-zealand-legislative-election,YES,857700738563620094995568365548281646273066061752493305349670125904783426957,Will Green Party win the most seats in the New Zealand House of Representatives in the 2026 New Zealand legislative election?,OK,0.001,0.002,0.0015,0.001,0.0015,mid,0.002,0.001,7059.73,480.13,7059.73,7059.73,7059.73,622.2,968.48,1108.48,7059.73,226754.94,,true,,1782625251989,6bd7a0ecc43de37c1a3a0354dcb586cc81e7531b
20260628T054019Z:RSO-0001:YES:1,20260628T054019Z,2026-06-28T05:40:19Z,RSO-0001,"Senate control, 2026","Senate control, 2026 — Republican Party",Republican Party,US,us_national,us_federal,us_senate_control_2026,562794,0x86bfb53af7250a40928975c551d12c185b762fa4ce0b40c6a64a50c946d72587,will-the-republican-party-control-the-senate-after-the-2026-midterm-elections,https://polymarket.com/event/will-the-republican-party-control-the-senate-after-the-2026-midterm-elections,YES,51939490109676186832507970701169130490548061087912630009168726706475001411420,Will the Republican Party control the Senate after the 2026 Midterm elections?,OK,0.57,0.58,0.575,0.01,0.575,mid,0.58,0.57,1156.84,1641.62,3002.76,5363.09,12674.85,8022.05,22429.19,27207.19,2168260.41,3599273.5,,true,,1782625216217,6e128f6c93dc7217fe4170cdc608eafbeaedcb9c
20260628T054019Z:RSO-0002:YES:2,20260628T054019Z,2026-06-28T05:40:19Z,RSO-0002,"Senate control, 2026","Senate control, 2026 — Democratic Party",Democratic Party,US,us_national,us_federal,us_senate_control_2026,562793,0x307a1ed89d60b61002dd5bbf00e1408c5ed2ab3fcdb056191ca7ef9bc34d38f3,will-the-democratic-party-control-the-senate-after-the-2026-midterm-elections,https://polymarket.com/event/will-the-democratic-party-control-the-senate-after-the-2026-midterm-elections,YES,113287701564209339913693347405685749986285999146352375265161592243948562084773,Will the Democratic Party control the Senate after the 2026 Midterm elections?,OK,0.42,0.43,0.425,0.01,0.425,mid,0.43,0.42,1065.51,4711.1,16219.88,24154.4,24204.4,29227.26,33808.6,56670.65,2290793.31,3832586.88,,true,,1782625217094,dc45bee1551cc4463b2f69497eba27f885021728
20260628T054019Z:RSO-0003:YES:3,20260628T054019Z,2026-06-28T05:40:19Z,RSO-0003,"House control, 2026","House control, 2026 — Republican Party",Republican Party,US,us_national,us_federal,us_house_control_2026,562803,0x4e4f77e7dbf4cab666e9a1943674d7ae66348e862df03ea6f44b11eb95731928,will-the-republican-party-control-the-house-after-the-2026-midterm-elections,https://polymarket.com/event/will-the-republican-party-control-the-house-after-the-2026-midterm-elections,YES,65139230827417363158752884968303867495725894165574887635816574090175320800482,Will the Republican Party control the House after the 2026 Midterm elections?,OK,0.17,0.18,0.175,0.01,0.175,mid,0.18,0.17,76525.9,100238.94,93189.02,121935.97,148769.97,187908.62,284446.5,314646.5,1808769.66,4061116.46,,true,,1782625216546,04e29f5ad15e9bc463d7a9f675d29e91eeafcbd5
20260628T054019Z:RSO-0004:YES:4,20260628T054019Z,2026-06-28T05:40:19Z,RSO-0004,"House control, 2026","House control, 2026 — Democratic Party",Democratic Party,US,us_national,us_federal,us_house_control_2026,562802,0xd5d9fc47718bd553592d126b1fa5e87183d27f3936975b0c04cc0f2dec1f1bb4,will-the-democratic-party-control-the-house-after-the-2026-midterm-elections,https://polymarket.com/event/will-the-democratic-party-control-the-house-after-the-2026-midterm-elections,YES,83247781037352156539108067944461291821683755894607244160607042790356561625563,Will the Democratic Party control the House after the 2026 Midterm elections?,OK,0.83,0.84,0.835,0.01,0.835,mid,0.84,0.83,3391.46,24093.28,54092.56,183756.08,254785.31,47554.4,106278.37,128757.2,3807241.22,1631230.42,,true,,1782625217266,9c989b5e468c1234d8ccad552c526e4a5ed14a41
20260628T054019Z:RSO-0005:YES:5,20260628T054019Z,2026-06-28T05:40:19Z,RSO-0005,Republican House seats after 2026 midterms,Republican House seats after 2026 midterms — Below 190,Below 190,US,us_national,us_federal,us_house_seat_range_2026,919489,0xa2e43598547f2e90e3eee195812c8814202b9b66f6c540d7e15a265cbe93f68f,will-the-republican-party-hold-below-190-house-seats-after-the-2026-midterm-elections,https://polymarket.com/event/will-the-republican-party-hold-below-190-house-seats-after-the-2026-midterm-elections,YES,106321904011141120286469207995805275978977204556483905903452161304048552011252,Will the Republican Party hold below 190 House seats after the 2026 midterm elections?,OK,0.3,0.31,0.305,0.01,0.305,mid,0.31,0.3,166.5,165,266.5,5628.44,5668.44,418.12,468.02,608.64,52517.36,106631.22,,true,,1782625219128,4ecdfb59bd1d4bdf031f4f994fbaea38b7ab649b
20260628T054019Z:RSO-0006:YES:6,20260628T054019Z,2026-06-28T05:40:19Z,RSO-0006,Republican House seats after 2026 midterms,Republican House seats after 2026 midterms — 190-194,190-194,US,us_national,us_federal,us_house_seat_range_2026,919490,0x18cc1dd29f0b816135d5337cebae4d1f8b42a2c8b951e893936f35fd235ecc94,will-the-republican-party-hold-between-190-and-194-house-seats-after-the-2026-midterm-elections,https://polymarket.com/event/will-the-republican-party-hold-between-190-and-194-house-seats-after-the-2026-midterm-elections,YES,28563039514548428320768176747354466148898869862983186828076262234559578730437,Will the Republican Party hold between 190 and 194 House seats after the 2026 midterm elections?,OK,0.12,0.13,0.125,0.01,0.125,mid,0.13,0.12,187.39,206,237.39,1022.69,1137.69,261,598,686.92,17610.12,176099.28,,true,,1782625219220,0bd61d2e6ad33b30971404e797bfffe60f623f41
20260628T054019Z:RSO-0007:YES:7,20260628T054019Z,2026-06-28T05:40:19Z,RSO-0007,Republican House seats after 2026 midterms,Republican House seats after 2026 midterms — 195-199,195-199,US,us_national,us_federal,us_house_seat_range_2026,919491,0xa6af312109c285d70f39a4f8d8e3d4a2e7e12bcabe5ab03527396a3a1377925d,will-the-republican-party-hold-between-195-and-199-house-seats-after-the-2026-midterm-elections,https://polymarket.com/event/will-the-republican-party-hold-between-195-and-199-house-seats-after-the-2026-midterm-elections,YES,115193834526916935745756977772378619467834046854963255708898687971795314424675,Will the Republican Party hold between 195 and 199 House seats after the 2026 midterm elections?,OK,0.16,0.17,0.165,0.01,0.165,mid,0.17,0.16,36,50,116.94,226.11,1189.11,260.93,473.85,882.85,8644.71,173630.29,,true,,1782625219007,e8ecd2705bde464eebb5887c7137be1a3b58b2aa
20260628T054019Z:RSO-0008:YES:8,20260628T054019Z,2026-06-28T05:40:19Z,RSO-0008,Republican House seats after 2026 midterms,Republican House seats after 2026 midterms — 200-204,200-204,US,us_national,us_federal,us_house_seat_range_2026,919492,0x7ff4e4b2f389acdd96ef18bb34684b9219a972b7ef0cde5856d28f5d5325f3d4,will-the-republican-party-hold-between-200-and-204-house-seats-after-the-2026-midterm-elections,https://polymarket.com/event/will-the-republican-party-hold-between-200-and-204-house-seats-after-the-2026-midterm-elections,YES,72002069499527925398637560287453277989370912181886433715927009264225913591577,Will the Republican Party hold between 200 and 204 House seats after the 2026 midterm elections?,OK,0.085,0.087,0.086,0.002,0.086,mid,0.087,0.085,199.99,20,446.99,596.85,738.76,125,130,251,97149.43,602479.41,,true,,1782625217084,d49d5c3b1960d4ee2449a08dff786b082afba964
20260628T054019Z:RSO-0009:YES:9,20260628T054019Z,2026-06-28T05:40:19Z,RSO-0009,Republican House seats after 2026 midterms,Republican House seats after 2026 midterms — 205-209,205-209,US,us_national,us_federal,us_house_seat_range_2026,919493,0x55f8333c05a9693135c74efeb660c473d9b7a46c02be73ce828914313dda5faf,will-the-republican-party-hold-between-205-and-209-house-seats-after-the-2026-midterm-elections,https://polymarket.com/event/will-the-republican-party-hold-between-205-and-209-house-seats-after-the-2026-midterm-elections,YES,29313994937981195788931635785989333043799554756927714294439868926183474951020,Will the Republican Party hold between 205 and 209 House seats after the 2026 midterm elections?,OK,0.06,0.068,0.064,0.008,0.064,mid,0.068,0.06,251,22,346.85,1232.95,3678.15,73.42,73.42,365.47,74803.8,308169.17,,true,,1782625217290,b85ea107b7f913fff5e415cf68cb65ae45532266
20260628T054019Z:RSO-0010:YES:10,20260628T054019Z,2026-06-28T05:40:19Z,RSO-0010,Republican House seats after 2026 midterms,Republican House seats after 2026 midterms — 210-214,210-214,US,us_national,us_federal,us_house_seat_range_2026,919494,0xf301c0842eeb33bd0a7718e4775bfb98b326a28bf837e18d65057e3516a5f6cb,will-the-republican-party-hold-between-210-and-214-house-seats-after-the-2026-midterm-elections,https://polymarket.com/event/will-the-republican-party-hold-between-210-and-214-house-seats-after-the-2026-midterm-elections,YES,54380927206833851183661949055792883595494421437547231435217946779970572480742,Will the Republican Party hold between 210 and 214 House seats after the 2026 midterm elections?,OK,0.05,0.065,0.0575,0.015,0.0575,mid,0.065,0.05,8.98,10,114.82,4041.6,114886.87,35.1,35.1,139.65,114886.87,551513.94,,true,,1782625219218,b647e556d3cd2b1d5f4107b596d41fa5047e46fa
20260628T054019Z:RSO-0011:YES:11,20260628T054019Z,2026-06-28T05:40:19Z,RSO-0011,Republican House seats after 2026 midterms,Republican House seats after 2026 midterms — 215-219,215-219,US,us_national,us_federal,us_house_seat_range_2026,919495,0x0d8711f5f475002d8236dcf4c848882aee7a2f34a515dda6ff0623906bf862a3,will-the-republican-party-hold-between-215-and-219-house-seats-after-the-2026-midterm-elections,https://polymarket.com/event/will-the-republican-party-hold-between-215-and-219-house-seats-after-the-2026-midterm-elections,YES,60694193343700070785132990153245047299390401777230625432234093346484633438371,Will the Republican Party hold between 215 and 219 House seats after the 2026 midterm elections?,OK,0.097,0.098,0.0975,0.001,0.0975,mid,0.098,0.097,11,70.41,421.44,658.44,2077.3,431.18,681.18,716.18,196765.41,3272408.58,,true,,1782625219125,a5b998540cb5994d48bfa6224140b78606b9b168
20260628T054019Z:RSO-0012:YES:12,20260628T054019Z,2026-06-28T05:40:19Z,RSO-0012,Republican House seats after 2026 midterms,Republican House seats after 2026 midterms — 220-224,220-224,US,us_national,us_federal,us_house_seat_range_2026,919496,0xba093f5c98e6c7d389a18ad4849ce5e82c2238f6daaf40755c1399d093e9a8f4,will-the-republican-party-hold-between-220-and-224-house-seats-after-the-2026-midterm-elections,https://polymarket.com/event/will-the-republican-party-hold-between-220-and-224-house-seats-after-the-2026-midterm-elections,YES,11440416578482803281113271939006595670566573058595214243294246034853366786529,Will the Republican Party hold between 220 and 224 House seats after the 2026 midterm elections?,OK,0.075,0.079,0.077,0.004,0.077,mid,0.079,0.075,247.17,10,689.61,1289.61,1340.61,40,595.23,895.23,626795.15,731562.06,,true,,1782625204824,ab91ef9a226e72928e6082299d54d193948cd5af
20260628T054019Z:RSO-0013:YES:13,20260628T054019Z,2026-06-28T05:40:19Z,RSO-0013,Republican House seats after 2026 midterms,Republican House seats after 2026 midterms — 225-229,225-229,US,us_national,us_federal,us_house_seat_range_2026,919497,0x2a576fa3ba72588ab56857b87e870f31f2c2e3e0a3e88943ebd207a8952af3f1,will-the-republican-party-hold-between-225-and-229-house-seats-after-the-2026-midterm-elections,https://polymarket.com/event/will-the-republican-party-hold-between-225-and-229-house-seats-after-the-2026-midterm-elections,YES,44021367593004066376259961625159230858755451295969387051970594277311771462296,Will the Republican Party hold between 225 and 229 House seats after the 2026 midterm elections?,OK,0.033,0.046,0.0395,0.013,0.0395,mid,0.046,0.033,82.94,15,455.36,5871.77,26965.8,30,78.98,78.98,26965.8,722049.06,,true,,1782625219444,fb126575d80726e26ada187432e529a8292acd2f
20260628T054019Z:RSO-0014:YES:14,20260628T054019Z,2026-06-28T05:40:19Z,RSO-0014,Republican House seats after 2026 midterms,Republican House seats after 2026 midterms — 230+,230+,US,us_national,us_federal,us_house_seat_range_2026,919498,0x217a8a10e4ec9f7d12d5b94024d4853f326c9b0de14b119b62d8b779f67d8111,will-the-republican-party-hold-230-or-more-house-seats-after-the-2026-midterm-elections,https://polymarket.com/event/will-the-republican-party-hold-230-or-more-house-seats-after-the-2026-midterm-elections,YES,93609386279271538145284495213602532023820232074612322223448573915979176212698,Will the Republican Party hold 230 or more House seats after the 2026 midterm elections?,OK,0.018,0.019,0.0185,0.001,0.0185,mid,0.019,0.018,29.93,76,79.92,12922.99,12922.99,224,265.5,265.5,12922.99,422204.67,,true,,1782625219081,db374f4ac69f1dda16508b8586304b48b4affd5f
20260628T054019Z:RSO-0015:YES:15,20260628T054019Z,2026-06-28T05:40:19Z,RSO-0015,Republican Senate seats after 2026 midterms,Republican Senate seats after 2026 midterms — ≤47,≤47,US,us_national,us_federal,us_senate_seat_range_2026,943819,0x46c862237fc39f6357ce2efa748274e4539c1ffe60cd6a89e3fe689373fa27a8,will-the-republican-party-hold-47-or-fewer-senate-seats-after-the-2026-midterm-elections,https://polymarket.com/event/will-the-republican-party-hold-47-or-fewer-senate-seats-after-the-2026-midterm-elections,YES,89624669145341997724697326849445716755183665898947701894080018635919612252707,Will the Republican Party hold 47 or fewer Senate seats after the 2026 midterm elections?,OK,0.25,0.26,0.255,0.01,0.255,mid,0.26,0.25,2950.1,2573.79,6997.31,10494.89,10534.89,4032.58,6315.63,7234.69,77939.33,554338.19,,true,,1782625221137,81b6a2c3e6061cdbe6659d69844a50d26a43625b
20260628T054019Z:RSO-0021:YES:16,20260628T054019Z,2026-06-28T05:40:19Z,RSO-0021,Republican Senate seats after 2026 midterms,Republican Senate seats after 2026 midterms — 53,53,US,us_national,us_federal,us_senate_seat_range_2026,943825,0x812d9ea644c58f1e889643bbd9184e9c5fdacbba55d1f9fef2eb2d55ce5dc1c2,will-the-republican-party-hold-exactly-53-senate-seats-after-the-2026-midterm-elections,https://polymarket.com/event/will-the-republican-party-hold-exactly-53-senate-seats-after-the-2026-midterm-elections,YES,15394416147421266264002744586901575755411758481406494583013250092373628427765,Will the Republican Party hold exactly 53 Senate seats after the 2026 midterm elections?,OK,0.034,0.038,0.036,0.004,0.036,mid,0.038,0.034,100,480,17396.7,26669.25,137215.12,4122.71,5134.14,6407.84,137215.12,2548599.2,,true,,1782625180888,4bbfaee5253d1c532d7d0a90558c0a7f4baed628
20260628T054019Z:RSO-0022:YES:17,20260628T054019Z,2026-06-28T05:40:19Z,RSO-0022,Republican Senate seats after 2026 midterms,Republican Senate seats after 2026 midterms — 54,54,US,us_national,us_federal,us_senate_seat_range_2026,943826,0x38fa3007c7be18a217849262667e39266341cb2fd7b5f8da75472b0a9e420480,will-the-republican-party-hold-exactly-54-senate-seats-after-the-2026-midterm-elections,https://polymarket.com/event/will-the-republican-party-hold-exactly-54-senate-seats-after-the-2026-midterm-elections,YES,13278443981418985302116823794751942747516190107446009911143426402863687470127,Will the Republican Party hold exactly 54 Senate seats after the 2026 midterm elections?,OK,0.015,0.016,0.0155,0.001,0.0155,mid,0.016,0.015,8269.39,712.32,44789.85,187475.85,187475.85,5500.05,6280.05,6944.69,187475.85,2548960.53,,true,,1782625221099,37439270356119b1123ffc4d86b74cbdea923af1
20260628T054019Z:RSO-0023:YES:18,20260628T054019Z,2026-06-28T05:40:19Z,RSO-0023,Republican Senate seats after 2026 midterms,Republican Senate seats after 2026 midterms — 55,55,US,us_national,us_federal,us_senate_seat_range_2026,943827,0x77051d8ddec1e312de90cdf2ce026ce1c4df4c1c264cfa1525e55995b542fb0c,will-the-republican-party-hold-exactly-55-senate-seats-after-the-2026-midterm-elections,https://polymarket.com/event/will-the-republican-party-hold-exactly-55-senate-seats-after-the-2026-midterm-elections,YES,10750997471908598562514411969554157596465059745769943341362824315243580377116,Will the Republican Party hold exactly 55 Senate seats after the 2026 midterm elections?,OK,0.016,0.017,0.0165,0.001,0.0165,mid,0.017,0.016,4033.7,700,35261.7,110819.15,110819.15,2774.78,2854.78,3519.42,110819.15,4542589.83,,true,,1782625222040,655df43ad829664ae2d4fb3be757524235ecf00c
20260628T054019Z:RSO-0024:YES:19,20260628T054019Z,2026-06-28T05:40:19Z,RSO-0024,Republican Senate seats after 2026 midterms,Republican Senate seats after 2026 midterms — 56,56,US,us_national,us_federal,us_senate_seat_range_2026,943828,0xe831d837e17278de50029fcf609d1c72338ed4e1352ce8a4fb7406ddef3c63ad,will-the-republican-party-hold-exactly-56-senate-seats-after-the-2026-midterm-elections,https://polymarket.com/event/will-the-republican-party-hold-exactly-56-senate-seats-after-the-2026-midterm-elections,YES,9273056014077248525737106426866852410841224250259842453481519298611852217348,Will the Republican Party hold exactly 56 Senate seats after the 2026 midterm elections?,OK,0.01,0.011,0.0105,0.001,0.0105,mid,0.011,0.01,31048.5,199.99,110596.99,110596.99,110596.99,1027.55,1095.23,1997.19,110596.99,5468713.26,,true,,1782625222528,3762f83c06310720beeaafe47553343b07f4916e
20260628T054019Z:RSO-0025:YES:20,20260628T054019Z,2026-06-28T05:40:19Z,RSO-0025,Republican Senate seats after 2026 midterms,Republican Senate seats after 2026 midterms — 57+,57+,US,us_national,us_federal,us_senate_seat_range_2026,943829,0x5d763463cd2a9bd939d49bbb5b4bbaf5fc2cd9ecee5966e6fcce0b6de57179fc,will-the-republican-party-hold-57-or-more-senate-seats-after-the-2026-midterm-elections,https://polymarket.com/event/will-the-republican-party-hold-57-or-more-senate-seats-after-the-2026-midterm-elections,YES,106446804142822856909456712516050968287728263341329924913008459244064245181608,Will the Republican Party hold 57 or more Senate seats after the 2026 midterm elections?,OK,0.013,0.014,0.0135,0.001,0.0135,mid,0.014,0.013,9417.9,102,56276.9,125300.53,125300.53,12648.49,12779.49,13944.13,125300.53,5602370.8,,true,,1782625222005,80497a90e0e4c67f5016112f0b8d997d91d9d76d
20260628T054019Z:RSO-0026:YES:21,20260628T054019Z,2026-06-28T05:40:19Z,RSO-0026,Maine Senate Election Winner,Maine Senate Election Winner — Democrat,Democrat,US,us_senate,us_statewide,maine_senate_2026,630772,0x66bbf6d55e0296278858b3147689f3df9259374f158f9f028b608baa322a639c,will-the-democrats-win-the-maine-senate-race-in-2026,https://polymarket.com/event/will-the-democrats-win-the-maine-senate-race-in-2026,YES,7589880081658059374445882095611024032084645048848237404312287942463647821549,Will the Democrats win the Maine Senate race in 2026?,OK,0.61,0.62,0.615,0.01,0.615,mid,0.62,0.61,6791.34,1335.12,8237.02,10566.02,10566.02,3368.62,8046.08,17748.06,393065.37,732491.52,,true,,1782625215400,cb78e1556a853ad0960a4ca6d1132a5b2ddc5d15
20260628T054019Z:RSO-0027:YES:22,20260628T054019Z,2026-06-28T05:40:19Z,RSO-0027,Maine Senate Election Winner,Maine Senate Election Winner — Republican,Republican,US,us_senate,us_statewide,maine_senate_2026,630773,0x2c00cb09722a0f0501c5e49131b898ed57bb5c075db4dc2bcbc14908f45b8c48,will-the-republicans-win-the-maine-senate-race-in-2026,https://polymarket.com/event/will-the-republicans-win-the-maine-senate-race-in-2026,YES,2142948285506077695096498341598672159464223074468931276310105532825810210121,Will the Republicans win the Maine Senate race in 2026?,OK,0.38,0.39,0.385,0.01,0.385,mid,0.39,0.38,1121.26,462,3162.87,8367.46,10969.79,4468.62,9376.3,11261.3,391087.51,251348.97,,true,,1782625214807,5eeccd023907fcdf27e38e7fe2e64e3bc42dbf24
20260628T054019Z:RSO-0028:YES:23,20260628T054019Z,2026-06-28T05:40:19Z,RSO-0028,Texas Senate Election Winner,Texas Senate Election Winner — Ken Paxton (R),Ken Paxton (R),US,us_senate,us_statewide,texas_senate_2026,630964,0x94521176f57d2ce81dde01e0b7699ca4279423042d37ed53908f0c8bfefe7e14,will-the-republicans-win-the-texas-senate-race-in-2026,https://polymarket.com/event/will-the-republicans-win-the-texas-senate-race-in-2026,YES,21265207456609426291246075480390336499088453711419597084147957999650569091884,Will the Republicans win the Texas Senate race in 2026?,OK,0.56,0.57,0.565,0.01,0.565,mid,0.57,0.56,103.05,1322.29,6480.01,11767.45,16365.46,4557.29,13801.4,25483.59,793743.45,288728.07,,true,,1782625221457,16b85b3de33c673cae9d6aa67449d9d431cea23b
20260628T054019Z:RSO-0029:YES:24,20260628T054019Z,2026-06-28T05:40:19Z,RSO-0029,Texas Senate Election Winner,Texas Senate Election Winner — James Talarico (D),James Talarico (D),US,us_senate,us_statewide,texas_senate_2026,630963,0x34918035a590555ba1fb1d6a019d766ab6e557d63e7f3140b63b4550eee7f417,will-the-democrats-win-the-texas-senate-race-in-2026,https://polymarket.com/event/will-the-democrats-win-the-texas-senate-race-in-2026,YES,15290572385458522370285732869432740297199321382471116558439914335588167718663,Will the Democrats win the Texas Senate race in 2026?,OK,0.41,0.43,0.42,0.02,0.42,mid,0.43,0.41,3285.01,100,6066.53,11409.46,12535.33,1552.93,4106.93,16146.62,900095.77,785470.43,,true,,1782625223477,22739a6c6079ea176f2863cfcf24964aaa05f63e
20260628T054019Z:RSO-0030:YES:25,20260628T054019Z,2026-06-28T05:40:19Z,RSO-0030,Alaska Senate Election Winner,Alaska Senate Election Winner — Mary Peltola,Mary Peltola,US,us_senate,us_statewide,alaska_senate_2026,634976,0x19d2ff72e389d190c183e6b114817301d29eba651d67d75a38ee201a05188fd9,will-mary-peltola-win-the-alaska-senate-race-in-2026,https://polymarket.com/event/will-mary-peltola-win-the-alaska-senate-race-in-2026,YES,72139607190315861034411702195742538105117960260100800877125381826122747504258,Will Mary Peltola win the Alaska Senate race in 2026?,OK,0.68,0.71,0.695,0.03,0.695,mid,0.71,0.68,42.5,15,152.67,522.64,572.64,292.36,2433.61,3174.15,74368.93,101888.21,,true,,1782625221484,3fd49e4945657794946514641817ae6abf01c0b3
20260628T054019Z:RSO-0031:YES:26,20260628T054019Z,2026-06-28T05:40:19Z,RSO-0031,Alaska Senate Election Winner,Alaska Senate Election Winner — Dan Sullivan,Dan Sullivan,US,us_senate,us_statewide,alaska_senate_2026,634974,0x741bb46008b72234857c5118c8365ab3c2f69dbf28b30b59de04f173b8a778de,will-dan-sullivan-win-the-alaska-senate-race-in-2026,https://polymarket.com/event/will-dan-sullivan-win-the-alaska-senate-race-in-2026,YES,2618138322856109565904469085316346602627882727483900432328802655317079880335,Will Dan Sullivan win the Alaska Senate race in 2026?,OK,0.29,0.32,0.305,0.03,0.305,mid,0.32,0.29,97.36,5,658.47,1529.02,1534.02,151.86,1190.99,1626.99,54297.1,199186.47,,true,,1782625214002,b926bfe614392508de097bff49d1fffe939233f8
20260628T054019Z:RSO-0032:YES:27,20260628T054019Z,2026-06-28T05:40:19Z,RSO-0032,Alaska Senate Election Winner,Alaska Senate Election Winner — Dustin Darden,Dustin Darden,US,us_senate,us_statewide,alaska_senate_2026,634977,0xec751bd3e1cf4d22a1dee41ee85c7304bdb7b6ed6dccc807e88ef2603b4a6449,will-dustin-darden-win-the-alaska-senate-race-in-2026,https://polymarket.com/event/will-dustin-darden-win-the-alaska-senate-race-in-2026,YES,29311755935786363205680204536643787054260832125056777867606384726291200747800,Will Dustin Darden win the Alaska Senate race in 2026?,NO_BIDS,,0.001,,,0.001,ask_only,0.001,,,1475.96,,,,2546.46,2961.46,2961.46,0,5403168.61,no_bids,true,,1782625221814,0eaf1c983d60fae9ea06e9d7a1cc6ff8a3985b17
20260628T054019Z:RSO-0033:YES:28,20260628T054019Z,2026-06-28T05:40:19Z,RSO-0033,Alaska Senate Election Winner,Alaska Senate Election Winner — Ann Diener,Ann Diener,US,us_senate,us_statewide,alaska_senate_2026,634975,0xa26ab383a1f115fa8d2b0fcbac29bcd6a9843ec8c1d160b0a122917230c3c96a,will-ann-diener-win-the-alaska-senate-race-in-2026,https://polymarket.com/event/will-ann-diener-win-the-alaska-senate-race-in-2026,YES,20310786951537091150920478212676759242565921145568245906943451694162568762258,Will Ann Diener win the Alaska Senate race in 2026?,NO_BIDS,,0.001,,,0.001,ask_only,0.001,,,1465.66,,,,5176.21,5621.19,5621.19,0,5454037.56,no_bids,true,,1782625219674,8ea5f9c003ba06303ff51ac34504367ab5360d53
20260628T054019Z:RSO-0034:YES:29,20260628T054019Z,2026-06-28T05:40:19Z,RSO-0034,Alaska Senate Election Winner,Alaska Senate Election Winner — Richard Grayson,Richard Grayson,US,us_senate,us_statewide,alaska_senate_2026,634978,0x998ee2bd25cea8e07eaf1b1f1be82ba6c3ecfd74c28a87497786103d84fd06d8,will-richard-grayson-win-the-alaska-senate-race-in-2026,https://polymarket.com/event/will-richard-grayson-win-the-alaska-senate-race-in-2026,YES,59588004575158257289531312065982350985369269880352045258164216668046489178917,Will Richard Grayson win the Alaska Senate race in 2026?,NO_BIDS,,0.001,,,0.001,ask_only,0.001,,,1205.42,,,,1205.42,6493.08,6493.08,0,5399515.83,no_bids,true,,1782625218524,d35f947dcb8b625687dc8ff271ea58c7bb2cfee8
20260628T054019Z:RSO-0035:YES:30,20260628T054019Z,2026-06-28T05:40:19Z,RSO-0035,Nebraska Senate Election Winner,Nebraska Senate Election Winner — Republican,Republican,US,us_senate,us_statewide,nebraska_senate_2026,634892,0x71e9f5312aac62bdc9b87fa8d171fa929eca6243d815298c4c7d61303f7d53dd,will-the-republicans-win-the-nebraska-senate-race-in-2026,https://polymarket.com/event/will-the-republicans-win-the-nebraska-senate-race-in-2026,YES,92576281548134350814800877416860562553699794074017301653635964206220838638047,Will the Republicans win the Nebraska Senate race in 2026?,OK,0.65,0.66,0.655,0.01,0.655,mid,0.66,0.65,287.21,45.91,885.16,1628.62,2094.76,66.83,1360.18,1499.6,149515.06,47995.64,,true,,1782625196970,3e34778082a1ac4a06c383a813031e1b70f3d821
20260628T054019Z:RSO-0036:YES:31,20260628T054019Z,2026-06-28T05:40:19Z,RSO-0036,Nebraska Senate Election Winner,Nebraska Senate Election Winner — Independent,Independent,US,us_senate,us_statewide,nebraska_senate_2026,634893,0x5554740293afa7aafd5fed10fd2de43a898e2884c1f98bd65185e703f371b9db,will-an-independent-win-the-nebraska-senate-race-in-2026,https://polymarket.com/event/will-an-independent-win-the-nebraska-senate-race-in-2026,YES,47975366268282823322598946778919483335780002591367838795894307024076579116518,Will an independent win the Nebraska Senate race in 2026?,OK,0.26,0.28,0.27,0.02,0.27,mid,0.28,0.26,72.5,36,117.5,707.5,908.5,136,1035,1137.79,38977.37,157055.15,,true,,1782625224786,db63e64bef384410b117ca450c1c9e8f2447893e
20260628T054019Z:RSO-0037:YES:32,20260628T054019Z,2026-06-28T05:40:19Z,RSO-0037,Nebraska Senate Election Winner,Nebraska Senate Election Winner — Democrat,Democrat,US,us_senate,us_statewide,nebraska_senate_2026,634891,0x12ac475399b12fd74917ccf0e29ce338eb4fc76c066cc8b56d01d2f9a2b17597,will-the-democrats-win-the-nebraska-senate-race-in-2026,https://polymarket.com/event/will-the-democrats-win-the-nebraska-senate-race-in-2026,YES,55269299240433422758148290868724152324629587438760275683104577693660207425448,Will the Democrats win the Nebraska Senate race in 2026?,OK,0.023,0.024,0.0235,0.001,0.0235,mid,0.024,0.023,391,410,2270.1,16444.1,16444.1,1726.3,3810.33,3810.33,16444.1,174022.48,,true,,1782625209445,ac512e943ee1d5202c8b9f99d876d1ae877fcb2c
20260628T054019Z:RSO-0038:YES:33,20260628T054019Z,2026-06-28T05:40:19Z,RSO-0038,Michigan Senate Election Winner,Michigan Senate Election Winner — Democrat,Democrat,US,us_senate,us_statewide,michigan_senate_2026,630805,0xbfeb6d4cf3eab6071e204219b0647c8224d63a12778df467311b5f2a4b3a5bd4,will-the-democrats-win-the-michigan-senate-race-in-2026,https://polymarket.com/event/will-the-democrats-win-the-michigan-senate-race-in-2026,YES,71772627544132140586824126381855151743830987860593343955509593715269534710061,Will the Democrats win the Michigan Senate race in 2026?,OK,0.71,0.73,0.72,0.02,0.72,mid,0.73,0.71,36.66,149.1,91.66,1653.92,1653.92,1531.02,5342.06,6982.42,30206.6,18905.52,,true,,1782625215602,df087c5e9a4cf639ae9b929ce00e82d3ef43ae3c
20260628T054019Z:RSO-0039:YES:34,20260628T054019Z,2026-06-28T05:40:19Z,RSO-0039,Michigan Senate Election Winner,Michigan Senate Election Winner — Republican,Republican,US,us_senate,us_statewide,michigan_senate_2026,630806,0x3fd189cac9280dfc49a07115581e8d4c9e0b7e1c1e8580a44e9ff3d74e39cf2d,will-the-republicans-win-the-michigan-senate-race-in-2026,https://polymarket.com/event/will-the-republicans-win-the-michigan-senate-race-in-2026,YES,1046980875306043125128331871114794349002409233139736033870402475326170083426,Will the Republicans win the Michigan Senate race in 2026?,OK,0.27,0.28,0.275,0.01,0.275,mid,0.28,0.27,205.92,110,382.4,1981.35,2904.91,533.78,2035.19,4198.62,24055.73,33961.34,,true,,1782625224350,655d59a7f6bd7668f6526e168693c29f6b872d3d
20260628T054019Z:RSO-0040:YES:35,20260628T054019Z,2026-06-28T05:40:19Z,RSO-0040,Ohio Senate Election Winner,Ohio Senate Election Winner — Sherrod Brown (D),Sherrod Brown (D),US,us_senate,us_statewide,ohio_senate_2026,631057,0x968a1a79e001d49fa3ee1429e3b95eb01797587740f86d4e6becf3ab1b275bfb,will-the-democrats-win-the-ohio-senate-race-in-2026,https://polymarket.com/event/will-the-democrats-win-the-ohio-senate-race-in-2026,YES,83018072688154066292491996133599479395547801317505487833443670253228061205312,Will the Democrats win the Ohio Senate race in 2026?,OK,0.55,0.56,0.555,0.01,0.555,mid,0.56,0.55,121,17.52,342.2,2241.11,2251.11,27.52,2164.11,4872.55,551477.23,568902.7,,true,,1782625224978,73721f6ed77c7b5821f9f45f32e1fe24f905ff31
20260628T054019Z:RSO-0041:YES:36,20260628T054019Z,2026-06-28T05:40:19Z,RSO-0041,Ohio Senate Election Winner,Ohio Senate Election Winner — Jon Husted (R),Jon Husted (R),US,us_senate,us_statewide,ohio_senate_2026,631058,0x771873c365f87bffd990644e4b688aebc1be7f18396d2eab64b996ff66e88669,will-the-republicans-win-the-ohio-senate-race-in-2026,https://polymarket.com/event/will-the-republicans-win-the-ohio-senate-race-in-2026,YES,69908185249078099348466099388148864764525845923415294308139153388799352317616,Will the Republicans win the Ohio Senate race in 2026?,OK,0.43,0.45,0.44,0.02,0.44,mid,0.45,0.43,63.96,37.47,2625.38,3152.88,3152.88,235.47,1850.5,3969.41,660302.22,557247.79,,true,,1782625214007,8c386e5de6016d5cbd009272b6f4bb47c5368bf6
20260628T054019Z:RSO-0042:YES:37,20260628T054019Z,2026-06-28T05:40:19Z,RSO-0042,North Carolina Senate Election Winner,North Carolina Senate Election Winner — Roy Cooper (D),Roy Cooper (D),US,us_senate,us_statewide,north_carolina_senate_2026,630883,0x129dbcb7d39ff8df5f0d7685a2db6400b5db37d3963914486fbb7fd2bc96a923,will-the-democrats-win-the-north-carolina-senate-race-in-2026,https://polymarket.com/event/will-the-democrats-win-the-north-carolina-senate-race-in-2026,YES,107151098936186723859677628536733880558851060002514795735761427447010628440047,Will the Democrats win the North Carolina Senate race in 2026?,OK,0.86,0.87,0.865,0.01,0.865,mid,0.87,0.86,50,1639.8,818.22,2639.7,2770.51,3185.8,5990.3,5999.72,157474.24,58453.2,,true,,1782625225823,d5df57b740c392352370596188ae4fa0805184e9
20260628T054019Z:RSO-0043:YES:38,20260628T054019Z,2026-06-28T05:40:19Z,RSO-0043,North Carolina Senate Election Winner,North Carolina Senate Election Winner — Michael Whatley (R),Michael Whatley (R),US,us_senate,us_statewide,north_carolina_senate_2026,630884,0xd59f25520a8c0ea44a9c9741a97c8c3d769e21f1479b9a14e1a9d475e91f522a,will-the-republicans-win-the-north-carolina-senate-race-in-2026,https://polymarket.com/event/will-the-republicans-win-the-north-carolina-senate-race-in-2026,YES,62831517509825405761763142539845746280269675872170259538293560849475982647892,Will the Republicans win the North Carolina Senate race in 2026?,OK,0.14,0.15,0.145,0.01,0.145,mid,0.15,0.14,166,1396.71,1397,3762.29,7234.43,3626.07,4848.97,4848.97,59064.66,169820.36,,true,,1782625225816,f983d0a866f09ea727acfd376f5f9d953a75c1ad
20260628T054019Z:RSO-0044:YES:39,20260628T054019Z,2026-06-28T05:40:19Z,RSO-0044,Georgia Senate Election Winner,Georgia Senate Election Winner — Democrat,Democrat,US,us_senate,us_statewide,georgia_senate_2026,630692,0x3c5b93b91196c8db64e63c424979da8cfbf44a4501afd70d2480ee28fbf306a2,will-the-democrats-win-the-georgia-senate-race-in-2026,https://polymarket.com/event/will-the-democrats-win-the-georgia-senate-race-in-2026,YES,21024219148268989748704207701411444044468128261642675917026452687231462203167,Will the Democrats win the Georgia Senate race in 2026?,OK,0.85,0.86,0.855,0.01,0.855,mid,0.86,0.85,1236.03,188.31,4659.15,6003.15,6008.15,452.61,4458.14,4463.14,569587.21,55401.18,,true,,1782625224286,b91c7639481638bf65631f57c4f18e92cd0bb28e
20260628T054019Z:RSO-0045:YES:40,20260628T054019Z,2026-06-28T05:40:19Z,RSO-0045,Georgia Senate Election Winner,Georgia Senate Election Winner — Republican,Republican,US,us_senate,us_statewide,georgia_senate_2026,630693,0x54e4e816cc5868e2f933c6bbc597e3313bdad382be3ecf7eaa4d8fa5c3f1a1bd,will-the-republicans-win-the-georgia-senate-race-in-2026,https://polymarket.com/event/will-the-republicans-win-the-georgia-senate-race-in-2026,YES,43777191461245536274027792855557351629362906569064322165760098912770293918104,Will the Republicans win the Georgia Senate race in 2026?,OK,0.146,0.151,0.1485,0.005,0.1485,mid,0.151,0.146,41.8,249.99,121.8,4489.03,5194.63,4297.22,7872.16,8352.05,130632.12,768136.39,,true,,1782625213012,bb82a001716028568066ad4d8793c2268f6c854c
20260628T054019Z:RSO-0046:YES:41,20260628T054019Z,2026-06-28T05:40:19Z,RSO-0046,New Hampshire Senate Election Winner,New Hampshire Senate Election Winner — Democrat,Democrat,US,us_senate,us_statewide,new_hampshire_senate_2026,630844,0xfc5c740e4617eb9908ceada7c91bfbe1cd41f172d703ef811d544e60a7a70bb5,will-the-democrats-win-the-new-hampshire-senate-race-in-2026,https://polymarket.com/event/will-the-democrats-win-the-new-hampshire-senate-race-in-2026,YES,82410058691149830741200014405570918770267839390767234397030380747995715352939,Will the Democrats win the New Hampshire Senate race in 2026?,OK,0.84,0.85,0.845,0.01,0.845,mid,0.85,0.84,153,473.16,396.12,2495.34,2925.34,1660.37,4816.41,6888.41,106153.05,7699.25,,true,,1782625184191,d2e4b7cd82d09272ef141902ad08aea20323409d
20260628T054019Z:RSO-0047:YES:42,20260628T054019Z,2026-06-28T05:40:19Z,RSO-0047,New Hampshire Senate Election Winner,New Hampshire Senate Election Winner — Republican,Republican,US,us_senate,us_statewide,new_hampshire_senate_2026,630845,0x57599a84bf50c94b958adb020aa2a25bf02e26453e500d3b739d86e6b783774c,will-the-republicans-win-the-new-hampshire-senate-race-in-2026,https://polymarket.com/event/will-the-republicans-win-the-new-hampshire-senate-race-in-2026,YES,62227089537100115269143206481757249285124282589590263790284791475153705872216,Will the Republicans win the New Hampshire Senate race in 2026?,OK,0.12,0.15,0.135,0.03,0.135,mid,0.15,0.12,1598.7,21,1988.7,2544.25,2544.25,371,1839.48,4181.7,2622.64,108181.39,,true,,1782625224279,b174370d0c0fc76fa8c6a3da218cd11536704b50
20260628T054019Z:RSO-0048:YES:43,20260628T054019Z,2026-06-28T05:40:19Z,RSO-0048,Iowa Senate Election Winner,Iowa Senate Election Winner — Republican,Republican,US,us_senate,us_statewide,iowa_senate_2026,630734,0x38a1025bfc56539ed1ff8fdd468283d55cf9002412decd61aa8d6c578c7d01a2,will-the-republicans-win-the-iowa-senate-race-in-2026,https://polymarket.com/event/will-the-republicans-win-the-iowa-senate-race-in-2026,YES,107844449523890311740907586041395758413047559802389895859202256336422357556837,Will the Republicans win the Iowa Senate race in 2026?,OK,0.55,0.56,0.555,0.01,0.555,mid,0.56,0.55,50,69.5,50,1622,1622,77.54,1144.63,2915.4,261160.93,277960.06,,true,,1782625226969,84c000894bca2d8cf86ff2480273c865bd57bb04
20260628T054019Z:RSO-0049:YES:44,20260628T054019Z,2026-06-28T05:40:19Z,RSO-0049,Iowa Senate Election Winner,Iowa Senate Election Winner — Democrat,Democrat,US,us_senate,us_statewide,iowa_senate_2026,630733,0xd50c016598c499fceea10a1a714e48d9b4953487fe215daeaf916068fae722f1,will-the-democrats-win-the-iowa-senate-race-in-2026,https://polymarket.com/event/will-the-democrats-win-the-iowa-senate-race-in-2026,YES,90689690530039118737607894922148077480097700217322320781526913496162509181445,Will the Democrats win the Iowa Senate race in 2026?,OK,0.43,0.45,0.44,0.02,0.44,mid,0.45,0.43,96.09,74.94,125.78,2365.51,3765.84,114.94,3314.9,5870.16,455865.62,283175.86,,true,,1782625226980,d8ee4980f7ff1c9aec5333b90bbd053fc1fc20c7
20260628T054019Z:RSO-0052:YES:45,20260628T054019Z,2026-06-28T05:40:19Z,RSO-0052,Michigan Governor Election Winner,Michigan Governor Election Winner — Democrat,Democrat,US,us_governor,us_statewide,michigan_governor_2026,629464,0x76cface9f6df604ff32447bce58656b7a72b6659324d089c73a13a99f06c8aae,will-the-democrats-win-the-michigan-governor-race-in-2026,https://polymarket.com/event/will-the-democrats-win-the-michigan-governor-race-in-2026,YES,63517706574758177502492185078056756527324898714284142778693046697324148388357,Will the Democrats win the Michigan governor race in 2026?,OK,0.83,0.85,0.84,0.02,0.84,mid,0.85,0.83,1142.64,56,2478.3,2532.3,2695.42,548.08,3931.21,5421.52,113127.83,9177.37,,true,,1782625210788,9abd9417a5645b09b31535542e4e7b05af5c038f
20260628T054019Z:RSO-0053:YES:46,20260628T054019Z,2026-06-28T05:40:19Z,RSO-0053,Michigan Governor Election Winner,Michigan Governor Election Winner — Republican,Republican,US,us_governor,us_statewide,michigan_governor_2026,629465,0xeee75e18b53425c67035084fb8be5414331614ab4e5ec59574bc73e11817be93,will-the-republicans-win-the-michigan-governor-race-in-2026,https://polymarket.com/event/will-the-republicans-win-the-michigan-governor-race-in-2026,YES,3091929947863726371877226324959784580013579280794631063604653957812689085396,Will the Republicans win the Michigan governor race in 2026?,OK,0.14,0.15,0.145,0.01,0.145,mid,0.15,0.14,722.9,5.94,1521.58,2638.79,3819.96,612.7,4233.52,6411.46,4561.77,119067.39,,true,,1782625212000,14958c7394c161ef5036ea3a220ad04e2cd7dc54
20260628T054019Z:RSO-0054:YES:47,20260628T054019Z,2026-06-28T05:40:19Z,RSO-0054,Michigan Governor Election Winner,Michigan Governor Election Winner — Independent,Independent,US,us_governor,us_statewide,michigan_governor_2026,629466,0xdfb79786d650608e4bdf010d254a9757ace465d405c858750c52bca0b985fce4,will-an-independent-win-the-michigan-governor-race-in-2026,https://polymarket.com/event/will-an-independent-win-the-michigan-governor-race-in-2026,YES,34943144357771122375283559286014961426824813487508159555960762936802327664238,Will an independent win the Michigan governor race in 2026?,OK,0.02,0.039,0.0295,0.019,0.0295,mid,0.039,0.02,3.74,97,82.14,478.02,478.02,819.9,1944.64,3680.3,478.02,84406.38,,true,,1782625211582,e23a26c2b54b9dcaadf271c1c36b9eed234f67e7
20260628T054019Z:RSO-0055:YES:48,20260628T054019Z,2026-06-28T05:40:19Z,RSO-0055,WA-04 House Election Winner,WA-04 House Election Winner — Republican Party,Republican Party,US,us_house,us_district,wa_04_house_2026,1285143,0x14ed8c209487ff644ca1f3693b4c428f0781e1b0ee8910ff33307ec525a0cecc,will-the-republican-party-win-the-wa-04-house-seat,https://polymarket.com/event/will-the-republican-party-win-the-wa-04-house-seat,YES,47439174463482721229034772614568373644882067237418093196025863212785197691496,Will the Republican Party win the WA-04 House seat?,OK,0.85,0.87,0.86,0.02,0.86,mid,0.87,0.85,1600,343.01,2497.14,2918.58,2918.58,893.76,1330.76,1389.46,133072.82,1567.95,,true,,1782625202391,644716f3da9527f1c93a1e36f0412c8a345fe503
20260628T054019Z:RSO-0056:YES:49,20260628T054019Z,2026-06-28T05:40:19Z,RSO-0056,WA-04 House Election Winner,WA-04 House Election Winner — Democratic Party,Democratic Party,US,us_house,us_district,wa_04_house_2026,1285144,0xdcb6cb68a62c550a66018c3e0146588c727fbc7d12254fac95bb8eeb96237f5c,will-the-democratic-party-win-the-wa-04-house-seat,https://polymarket.com/event/will-the-democratic-party-win-the-wa-04-house-seat,YES,30593975999350825877587438529917201650410921221852686898350933855891343459981,Will the Democratic Party win the WA-04 House seat?,OK,0.13,0.14,0.135,0.01,0.135,mid,0.14,0.13,963.09,1591.18,963.09,2391.85,2391.85,2747.24,3343.38,3343.38,2590.25,133511.35,,true,,1782625124059,2d37f75383ad1ef6649643a877031b3a11ba41fd
20260628T054019Z:RSO-0057:YES:50,20260628T054019Z,2026-06-28T05:40:19Z,RSO-0057,NE-02 House Election Winner,NE-02 House Election Winner — Democratic Party,Democratic Party,US,us_house,us_district,ne_02_house_2026,942878,0x13ab5c37a83d0a2ed874bd931c1c8a10984dcabc37cb67f4e36c807492cbfd3b,will-the-democratic-party-win-the-ne-02-house-seat,https://polymarket.com/event/will-the-democratic-party-win-the-ne-02-house-seat,YES,83966667308824872880342632752673759552233526664290166226784097408878282862076,Will the Democratic Party win the NE-02 House seat?,OK,0.77,0.78,0.775,0.01,0.775,mid,0.78,0.77,1050,186.06,1350,1402,1402,410.56,608.76,1011.53,133967.9,35619.02,,true,,1782625228241,9000cebc41ffbb237b83d684faed1c2dc32b4ed9
20260628T054019Z:RSO-0058:YES:51,20260628T054019Z,2026-06-28T05:40:19Z,RSO-0058,NE-02 House Election Winner,NE-02 House Election Winner — Republican Party,Republican Party,US,us_house,us_district,ne_02_house_2026,942877,0xc733d85766ea9df81eb33ec52f7ba64610688401ebc823ae818f51d3cc7274de,will-the-republican-party-win-the-ne-02-house-seat,https://polymarket.com/event/will-the-republican-party-win-the-ne-02-house-seat,YES,9261962954796206285247745021195981577055668829876152281558354142057545087402,Will the Republican Party win the NE-02 House seat?,OK,0.23,0.24,0.235,0.01,0.235,mid,0.24,0.23,76.12,1680,76.12,91.11,303.68,2875,4076.26,5126.26,508.79,135875.95,,true,,1782625227100,3a24a2e528a585eda4c7b1aef1272228ffcaa96f
20260628T054019Z:RSO-0059:YES:52,20260628T054019Z,2026-06-28T05:40:19Z,RSO-0059,PA-10 House Election Winner,PA-10 House Election Winner — Democratic Party,Democratic Party,US,us_house,us_district,pa_10_house_2026,943955,0x1ba8c5b414501846fafc1639481a839d57bc3bbb62471400e86224e93c2281f5,will-the-democratic-party-win-the-pa-10-house-seat,https://polymarket.com/event/will-the-democratic-party-win-the-pa-10-house-seat,YES,87725551185270618291722253233951821932371187994043126950008311468794742299797,Will the Democratic Party win the PA-10 House seat?,OK,0.64,0.73,0.685,0.09,0.685,mid,0.73,0.64,7,25,57,57,57,675,1431.8,2850.43,170.21,8298.43,,true,,1782625223977,bd498ad1a1d137ed5b68468899fb6cb730247ae0
20260628T054019Z:RSO-0060:YES:53,20260628T054019Z,2026-06-28T05:40:19Z,RSO-0060,PA-10 House Election Winner,PA-10 House Election Winner — Republican Party,Republican Party,US,us_house,us_district,pa_10_house_2026,943954,0xa33cf18dc8a3f0f8550fcb3f68a7b4272f40709419029ac6e589d82f30bb3273,will-the-republican-party-win-the-pa-10-house-seat,https://polymarket.com/event/will-the-republican-party-win-the-pa-10-house-seat,YES,103572160941197360900419917573086716527751112441366358755475598989264153655130,Will the Republican Party win the PA-10 House seat?,OK,0.26,0.28,0.27,0.02,0.27,mid,0.28,0.26,708.28,30,1061.58,1061.58,1061.58,130,130,130,31395.34,32766.93,,true,,1782625168873,fdb29603f2b21b9eee099700d3c99109fe77792b
20260628T054019Z:RSO-0061:YES:54,20260628T054019Z,2026-06-28T05:40:19Z,RSO-0061,Ohio Governor Election Winner,Ohio Governor Election Winner — Republican,Republican,US,us_governor,us_statewide,ohio_governor_2026,629558,0x650e3ebc043ddbcfa1d1ffda0c5830f19da7389827889fb5db3474bde5b007fb,will-the-republicans-win-the-ohio-governor-race-in-2026,https://polymarket.com/event/will-the-republicans-win-the-ohio-governor-race-in-2026,YES,3104629708171062356498135654472461762731791851667035051301931240755518332250,Will the Republicans win the Ohio governor race in 2026?,OK,0.49,0.51,0.5,0.02,0.5,mid,0.51,0.49,83.04,18.75,521.92,728.92,835.74,970.75,2783.97,3043.35,509348.03,697289.54,,true,,1782625228910,307ce97441cfb21b5ba146f8f8bc8346c34ccfbe
20260628T054019Z:RSO-0062:YES:55,20260628T054019Z,2026-06-28T05:40:19Z,RSO-0062,Ohio Governor Election Winner,Ohio Governor Election Winner — Democrat,Democrat,US,us_governor,us_statewide,ohio_governor_2026,629557,0x3babe91f8d2fac44027f9ba7f0f1a59e61b72419828e6e517f96bbcf4e132498,will-the-democrats-win-the-ohio-governor-race-in-2026,https://polymarket.com/event/will-the-democrats-win-the-ohio-governor-race-in-2026,YES,63255709540320761353971859526848930870803944190764324681913735372035438815215,Will the Democrats win the Ohio governor race in 2026?,OK,0.5,0.52,0.51,0.02,0.51,mid,0.52,0.5,30.14,121.2,537.78,744.36,804.36,636.66,2206.03,2294.03,542428.25,577897.44,,true,,1782625228629,7b1cbe07d414633855935a1fe67e728f74a8d4f0
20260628T054019Z:RSO-0063:YES:56,20260628T054019Z,2026-06-28T05:40:19Z,RSO-0063,Georgia Governor Election Winner,Georgia Governor Election Winner — Democrat,Democrat,US,us_governor,us_statewide,georgia_governor_2026,629337,0x73a9911393e7bd2262904c4413d9614f68bb6290ddf7d88ed607f1562d08fb05,will-the-democrats-win-the-georgia-governor-race-in-2026,https://polymarket.com/event/will-the-democrats-win-the-georgia-governor-race-in-2026,YES,59980150909931986777748227027020522224275707387562276219060223816867188565245,Will the Democrats win the Georgia governor race in 2026?,OK,0.45,0.5,0.475,0.05,0.475,mid,0.5,0.45,100,117.12,522.51,622.51,922.51,333.12,2606.71,5114.13,455279,247022.49,,true,,1782625215260,92ba12a3b15791b941f2de21007e58acffef91c2
20260628T054019Z:RSO-0064:YES:57,20260628T054019Z,2026-06-28T05:40:19Z,RSO-0064,Georgia Governor Election Winner,Georgia Governor Election Winner — Republican,Republican,US,us_governor,us_statewide,georgia_governor_2026,629338,0x71c05b735300b6087ff5588bcc7e83fecf009293d794f613c63c92ea8a16fb2b,will-the-republicans-win-the-georgia-governor-race-in-2026,https://polymarket.com/event/will-the-republicans-win-the-georgia-governor-race-in-2026,YES,17555504943162344098534978138053308162738914357892515623100381936995379845407,Will the Republicans win the Georgia governor race in 2026?,OK,0.5,0.51,0.505,0.01,0.505,mid,0.51,0.5,195.99,50,753.89,1919.51,1919.51,1168.73,1671.35,1751.35,462076.97,329941.91,,true,,1782625212924,4990816af571e6c5b5270edf708eb50e81d29faa
20260628T054019Z:RSO-0065:YES:58,20260628T054019Z,2026-06-28T05:40:19Z,RSO-0065,Nevada Governor Election Winner,Nevada Governor Election Winner — Democrat,Democrat,US,us_governor,us_statewide,nevada_governor_2026,629505,0x707eb5c6df23e32e0b770dd0ccd1245abb7fac0dcfd24d8b68dd99e5ca737180,will-the-democrats-win-the-nevada-governor-race-in-2026,https://polymarket.com/event/will-the-democrats-win-the-nevada-governor-race-in-2026,YES,1246864710804983890692377994891598401616546411512113588399830364959833951829,Will the Democrats win the Nevada governor race in 2026?,OK,0.59,0.62,0.605,0.03,0.605,mid,0.62,0.59,60,7,60,60,165,135.26,800.59,831.59,22876.88,19056.34,,true,,1782625182409,25fcda3e8f34ee6f55967b48bcef1fff939456b9
20260628T054019Z:RSO-0066:YES:59,20260628T054019Z,2026-06-28T05:40:19Z,RSO-0066,Nevada Governor Election Winner,Nevada Governor Election Winner — Republican,Republican,US,us_governor,us_statewide,nevada_governor_2026,629506,0xb63fbd776203cada01a13bb21b3c52c500bcf904bdfc71627022db1f891f95c5,will-the-republicans-win-the-nevada-governor-race-in-2026,https://polymarket.com/event/will-the-republicans-win-the-nevada-governor-race-in-2026,YES,26514162544090965098284473937422427465088569867873952479707540387314217381282,Will the Republicans win the Nevada governor race in 2026?,OK,0.39,0.41,0.4,0.02,0.4,mid,0.41,0.39,31,15,131,1094.09,1094.09,841.78,1320.78,1535.78,217576.76,25439.32,,true,,1782625185008,541e39c81d952057d0db03c38d08e062ee964490
20260628T054019Z:RSO-0067:YES:60,20260628T054019Z,2026-06-28T05:40:19Z,RSO-0067,NY-13 House Election Winner / Darializa Avila Chevalier proxy,NY-13 House Election Winner / Darializa Avila Chevalier proxy — Democratic Party,Democratic Party,US,narrative_candidate,us_district,ny_13_house_darializa_proxy_2026,1284299,0xdf533114d83b2408875558a9cf8ef34fdf172d704b97261a0aa383f3197762f1,will-the-democratic-party-win-the-ny-13-house-seat,https://polymarket.com/event/will-the-democratic-party-win-the-ny-13-house-seat,YES,58170582826434624369183137827470621458750832571934268895241793899476487858088,Will the Democratic Party win the NY-13 House seat?,OK,0.941,0.942,0.9415,0.001,0.9415,mid,0.942,0.941,85,295.66,4754.55,9157.36,9157.36,1754.56,22183.22,38997.17,300329.56,42770.99,,true,,1782625089867,133a0fc0769ebb349e3b93e3f1116029937159ae
20260628T054019Z:RSO-0068:YES:61,20260628T054019Z,2026-06-28T05:40:19Z,RSO-0068,NY-13 House Election Winner / Darializa Avila Chevalier proxy,NY-13 House Election Winner / Darializa Avila Chevalier proxy — Republican Party,Republican Party,US,narrative_candidate,us_district,ny_13_house_darializa_proxy_2026,1284298,0xe0dc694c459bbf45b586d15930c82a36eb9ff63de86e81290d934b3fc3918d1e,will-the-republican-party-win-the-ny-13-house-seat,https://polymarket.com/event/will-the-republican-party-win-the-ny-13-house-seat,YES,81557957224614719909606514321678071196063005584137638675672000952860345431216,Will the Republican Party win the NY-13 House seat?,OK,0.008,0.037,0.0225,0.029,0.0225,mid,0.037,0.008,100,15,4366.52,4366.52,4366.52,120,548,548,4366.52,135551.41,,true,,1782625224916,6868d98605dbe08fdc56c01ce681a757043f1700
20260628T054019Z:RSO-0076:YES:62,20260628T054019Z,2026-06-28T05:40:19Z,RSO-0076,Brazil Presidential Election,Brazil Presidential Election — Luiz Inácio Lula da Silva,Luiz Inácio Lula da Silva,Brazil,brazil_presidential,presidential_two_round,brazil_president_winner_2026,601819,0xdf8e2dc5860027decbe6164555c3c1c9645c3bd33e16b9dc57ca87125047d4a8,will-luiz-incio-lula-da-silva-win-the-2026-brazilian-presidential-election,https://polymarket.com/event/will-luiz-incio-lula-da-silva-win-the-2026-brazilian-presidential-election,YES,30630994248667897740988010928640156931882346081873066002335460180076741328029,Will Luiz Inácio Lula da Silva win the 2026 Brazilian presidential election?,OK,0.56,0.57,0.565,0.01,0.565,mid,0.57,0.56,21136.82,1690.06,63162.11,226908.88,255110.65,21016.29,49579.33,72853.21,553982.9,2222599.5,,true,,1782625229941,891098b6edaebcff0d4db0cd2d16d3f0a1285588
20260628T054019Z:RSO-0077:YES:63,20260628T054019Z,2026-06-28T05:40:19Z,RSO-0077,Brazil Presidential Election,Brazil Presidential Election — Flávio Bolsonaro,Flávio Bolsonaro,Brazil,brazil_presidential,presidential_two_round,brazil_president_winner_2026,601826,0x1a01bf78f56a507fcb666d564d8c8b91b0750679163ed6e96746102c9b7d285d,will-flvio-bolsonaro-win-the-2026-brazilian-presidential-election,https://polymarket.com/event/will-flvio-bolsonaro-win-the-2026-brazilian-presidential-election,YES,109876868437950584369987384406356259939519193117253465815665152916226511121427,Will Flávio Bolsonaro win the 2026 Brazilian presidential election?,OK,0.221,0.222,0.2215,0.001,0.2215,mid,0.222,0.221,97.34,4197.51,48263.94,131617.12,181544.13,16056.28,94728.49,112990.8,1073476.6,12573501.05,,true,,1782625220825,941951a253a27a60a1c39c680868415ffea7239a
20260628T054019Z:RSO-0078:YES:64,20260628T054019Z,2026-06-28T05:40:19Z,RSO-0078,Brazil Presidential Election,Brazil Presidential Election — Renan Santos,Renan Santos,Brazil,brazil_presidential,presidential_two_round,brazil_president_winner_2026,601825,0x05297f854d3b757d5e51a1a29c7f225a80b14b2a161d6b7f9a61677da7a80ced,will-renan-santos-win-the-2026-brazilian-presidential-election,https://polymarket.com/event/will-renan-santos-win-the-2026-brazilian-presidential-election,YES,93998891488819623915454849994768171534113749478841216025646247933473925258016,Will Renan Santos win the 2026 Brazilian presidential election?,OK,0.115,0.116,0.1155,0.001,0.1155,mid,0.116,0.115,2536.67,4558.12,27686.03,56293.52,131572.27,11140.42,57396.13,92364.74,1418536.93,23716910.42,,true,,1782625228077,ba08cccf62fdbd10ec3d8bd457b4ac6c699fa2e3
20260628T054019Z:RSO-0079:YES:65,20260628T054019Z,2026-06-28T05:40:19Z,RSO-0079,Brazil Presidential Election,Brazil Presidential Election — Michelle Bolsonaro,Michelle Bolsonaro,Brazil,brazil_presidential,presidential_two_round,brazil_president_winner_2026,601822,0x37ec4c6b57a18b16eed1241f6155ee7ff45bc1697d7848f15ac33d406e38ed00,will-michelle-bolsonaro-win-the-2026-brazilian-presidential-election,https://polymarket.com/event/will-michelle-bolsonaro-win-the-2026-brazilian-presidential-election,YES,91154058715822908897619103072380844452822017332608583147987152526225529443892,Will Michelle Bolsonaro win the 2026 Brazilian presidential election?,OK,0.027,0.029,0.028,0.002,0.028,mid,0.029,0.027,2580.05,4185.06,17667.56,1358795.83,1358795.83,16293.19,68150.06,82063.77,1358795.83,13405313.23,,true,,1782625209009,283cc164459f08c2936879627f255546140641a3
20260628T054019Z:RSO-0080:YES:66,20260628T054019Z,2026-06-28T05:40:19Z,RSO-0080,Brazil Presidential Election,Brazil Presidential Election — Ronaldo Caiado,Ronaldo Caiado,Brazil,brazil_presidential,presidential_two_round,brazil_president_winner_2026,601827,0xbca3d70ec52a5a441ccc365a3b1b48b9cd0f08dfff4bc5871e2cd92d0d92caa1,will-ronaldo-caiado-win-the-2026-brazilian-presidential-election,https://polymarket.com/event/will-ronaldo-caiado-win-the-2026-brazilian-presidential-election,YES,36262307788727352725358528951052957737657822670589615830114396216160368496388,Will Ronaldo Caiado win the 2026 Brazilian presidential election?,OK,0.012,0.013,0.0125,0.001,0.0125,mid,0.013,0.012,7904.55,7237.29,338546.08,970908.31,970908.31,33268,85966.54,95554.31,970908.31,13882716,,true,,1782625223786,8d9901e0c84b971c530f840979fb59dee280a9b2
20260628T054019Z:RSO-0081:YES:67,20260628T054019Z,2026-06-28T05:40:19Z,RSO-0081,Brazil Presidential Election,Brazil Presidential Election — Fernando Haddad,Fernando Haddad,Brazil,brazil_presidential,presidential_two_round,brazil_president_winner_2026,601821,0xdd3d104667774208eae2239f576122ecdd1c04ba81cc14d26d22a36b33887977,will-fernando-haddad-win-the-2026-brazilian-presidential-election,https://polymarket.com/event/will-fernando-haddad-win-the-2026-brazilian-presidential-election,YES,34763699632057764824138626876692302096202604335992573366008355204521657293675,Will Fernando Haddad win the 2026 Brazilian presidential election?,OK,0.01,0.011,0.0105,0.001,0.0105,mid,0.011,0.01,2440.49,13415.75,1003661.76,1003661.76,1003661.76,24550.18,49293.48,94418.51,1003661.76,24200566.86,,true,,1782625224810,f23eef47e96f766d3ea18474e8686bf4bb6e6816
20260628T054019Z:RSO-0082:YES:68,20260628T054019Z,2026-06-28T05:40:19Z,RSO-0082,Brazil Presidential Election,Brazil Presidential Election — Camilo Santana,Camilo Santana,Brazil,brazil_presidential,presidential_two_round,brazil_president_winner_2026,601829,0x101d084cd035070abde58d8a3113b78e11ba68028b0d9e7e38ea7d780797aecc,will-camilo-santana-win-the-2026-brazilian-presidential-election,https://polymarket.com/event/will-camilo-santana-win-the-2026-brazilian-presidential-election,YES,40200361970099951836914907993971598083846841136374094155950298822866778978473,Will Camilo Santana win the 2026 Brazilian presidential election?,OK,0.006,0.007,0.0065,0.001,0.0065,mid,0.007,0.006,4033.87,26307.87,594678.87,594678.87,594678.87,36131.33,62377.44,121353.64,594678.87,24006216.9,,true,,1782625219029,4f7d63894e5699713e6f651b10b2ee30e8396cd2
20260628T054019Z:RSO-0083:YES:69,20260628T054019Z,2026-06-28T05:40:19Z,RSO-0083,Brazil Presidential Election,Brazil Presidential Election — Romeu Zema,Romeu Zema,Brazil,brazil_presidential,presidential_two_round,brazil_president_winner_2026,601828,0x054725b2a7971376f7924a7021221b12acc50fe78d97817824fe411704d5b5a2,will-romeu-zema-win-the-2026-brazilian-presidential-election,https://polymarket.com/event/will-romeu-zema-win-the-2026-brazilian-presidential-election,YES,44340846524235712899508083510503343345123518718867913608211694999290628967401,Will Romeu Zema win the 2026 Brazilian presidential election?,OK,0.011,0.012,0.0115,0.001,0.0115,mid,0.012,0.011,10228.31,9372.22,795768.58,795768.58,795768.58,44767.93,59837.39,262610.95,795768.58,23846290.8,,true,,1782625230881,7fb5cba98967f1cf48a2eec922aef62b354540d6
20260628T054019Z:RSO-0084:YES:70,20260628T054019Z,2026-06-28T05:40:19Z,RSO-0084,Brazil Presidential Election,Brazil Presidential Election — Jair Bolsonaro,Jair Bolsonaro,Brazil,brazil_presidential,presidential_two_round,brazil_president_winner_2026,601820,0x63d8f3a34c90bd5342dda8acf62b6a898dfa52f86475efaf180b66493ef6af80,will-jair-bolsonaro-win-the-2026-brazilian-presidential-election,https://polymarket.com/event/will-jair-bolsonaro-win-the-2026-brazilian-presidential-election,YES,66991175107696133528353695394151645462081911990365106169948013117379189357520,Will Jair Bolsonaro win the 2026 Brazilian presidential election?,OK,0.005,0.006,0.0055,0.001,0.0055,mid,0.006,0.005,13725.69,3475.82,577006.9,577006.9,577006.9,24228.15,25864.07,27778.44,577006.9,13936022.47,,true,,1782625230005,db2b722628d5db08f63724bb4bd191591ca2b4b9
20260628T054019Z:RSO-0085:YES:71,20260628T054019Z,2026-06-28T05:40:19Z,RSO-0085,Brazil Presidential Election,Brazil Presidential Election — Geraldo Alckmin,Geraldo Alckmin,Brazil,brazil_presidential,presidential_two_round,brazil_president_winner_2026,601830,0xd0536d9612e041312235baceac52bde48821e8aad4607533513b3782904b7d49,will-geraldo-alckmin-win-the-2026-brazilian-presidential-election,https://polymarket.com/event/will-geraldo-alckmin-win-the-2026-brazilian-presidential-election,YES,70059117674007036240163073645113489994895807359788046023215512784288966325609,Will Geraldo Alckmin win the 2026 Brazilian presidential election?,OK,0.004,0.005,0.0045,0.001,0.0045,mid,0.005,0.004,82930.97,14411.01,1133209.23,1133209.23,1133209.23,29187.5,31996.64,59485.97,1133209.23,24323421.94,,true,,1782625230000,5307d79358f6baba35be9b51a6392429c78ae141
20260628T054019Z:RSO-0086:YES:72,20260628T054019Z,2026-06-28T05:40:19Z,RSO-0086,Brazil Presidential Election,Brazil Presidential Election — Tereza Cristina,Tereza Cristina,Brazil,brazil_presidential,presidential_two_round,brazil_president_winner_2026,601833,0xae7dd99bf126b033b77af2553a98b97e1190fd7bdddd5a792ca2791ae23e4d13,will-tereza-cristina-win-the-2026-brazilian-presidential-election,https://polymarket.com/event/will-tereza-cristina-win-the-2026-brazilian-presidential-election,YES,111901744542692526827481385722975834672043376661227579870355575009066606657994,Will Tereza Cristina win the 2026 Brazilian presidential election?,OK,0.002,0.003,0.0025,0.001,0.0025,mid,0.003,0.002,198332.77,156157.8,1266113.56,1266113.56,1266113.56,185447.02,194468.82,231176.2,1266113.56,1655213.85,,true,,1782625217683,e2728e0fb3ff41335e1171cbe89b60c38e8e8dbb
20260628T054019Z:RSO-0087:YES:73,20260628T054019Z,2026-06-28T05:40:19Z,RSO-0087,Brazil Presidential Election,Brazil Presidential Election — Tarcisio de Freitas,Tarcisio de Freitas,Brazil,brazil_presidential,presidential_two_round,brazil_president_winner_2026,601818,0x81a537b379a35e4e17c286d3b37394e94bd74c1779bbe9a13670eb991b201a3a,will-tarcisio-de-frietas-win-the-2026-brazilian-presidential-election,https://polymarket.com/event/will-tarcisio-de-frietas-win-the-2026-brazilian-presidential-election,YES,52634616068523389389514492087655237014427439869589807217055529923225131895030,Will Tarcisio de Freitas win the 2026 Brazilian presidential election?,OK,0.001,0.002,0.0015,0.001,0.0015,mid,0.002,0.001,775054.27,287245.61,775054.27,775054.27,775054.27,415022.21,435702.74,448717.26,775054.27,12784093.11,,true,,1782625230737,46896fced9bf7cacbbe06a67247f4b24677c6e38
20260628T054019Z:RSO-0088:YES:74,20260628T054019Z,2026-06-28T05:40:19Z,RSO-0088,Brazil Presidential Election,Brazil Presidential Election — Eduardo Bolsonaro,Eduardo Bolsonaro,Brazil,brazil_presidential,presidential_two_round,brazil_president_winner_2026,601823,0xe1d5733322fd2215f136412f419d9ff805d097f78c68de3261515ff736895f2b,will-eduardo-bolsonaro-win-the-2026-brazilian-presidential-election,https://polymarket.com/event/will-eduardo-bolsonaro-win-the-2026-brazilian-presidential-election,YES,68827474128979817444758177181483142354604256745613325980470518365059439724226,Will Eduardo Bolsonaro win the 2026 Brazilian presidential election?,OK,0.001,0.002,0.0015,0.001,0.0015,mid,0.002,0.001,832871.94,640025.1,832871.94,832871.94,832871.94,768132.91,846412.5,847264.62,832871.94,14458556.8,,true,,1782625232002,8d60c3f48f53e7e65bb523464eb856b1b7a0ff12
20260628T054019Z:RSO-0089:YES:75,20260628T054019Z,2026-06-28T05:40:19Z,RSO-0089,Brazil Presidential Election,Brazil Presidential Election — Aldo Rebelo,Aldo Rebelo,Brazil,brazil_presidential,presidential_two_round,brazil_president_winner_2026,601832,0xafd3f96b7b6084509e625270538ff0699003fafc042263c1216e7f084cef753a,will-aldo-rebelo-win-the-2026-brazilian-presidential-election,https://polymarket.com/event/will-aldo-rebelo-win-the-2026-brazilian-presidential-election,YES,18874063891853426715155938679650704186206312307574669405399400920527965569290,Will Aldo Rebelo win the 2026 Brazilian presidential election?,OK,0.001,0.002,0.0015,0.001,0.0015,mid,0.002,0.001,271559.1,1240390.57,271559.1,271559.1,271559.1,1275370.39,1286701.54,1287461.47,271559.1,14725818.09,,true,,1782625212221,dbb91529104e79c2f7ddb19130d907ac8547b441
20260628T054019Z:RSO-0090:YES:76,20260628T054019Z,2026-06-28T05:40:19Z,RSO-0090,Brazil Presidential Election,Brazil Presidential Election — Helder Barbalho,Helder Barbalho,Brazil,brazil_presidential,presidential_two_round,brazil_president_winner_2026,601834,0x919c9bc428d2d19400437852066582b11bb7b00ad78529a0069cde76766b9faf,will-helder-barbalho-win-the-2026-brazilian-presidential-election,https://polymarket.com/event/will-helder-barbalho-win-the-2026-brazilian-presidential-election,YES,49821018408733695378907631766783388197384982451576409356148180829521508621967,Will Helder Barbalho win the 2026 Brazilian presidential election?,OK,0.001,0.002,0.0015,0.001,0.0015,mid,0.002,0.001,1009768.91,618964.97,1009768.91,1009768.91,1009768.91,632225.92,633285.92,635093.51,1009768.91,1995544.77,,true,,1782625230881,d9b4ce48cd87ecd7c0612bec455124314225e1b8
20260628T054019Z:RSO-0091:YES:77,20260628T054019Z,2026-06-28T05:40:19Z,RSO-0091,Brazil Presidential Election,Brazil Presidential Election — Ratinho Júnior,Ratinho Júnior,Brazil,brazil_presidential,presidential_two_round,brazil_president_winner_2026,601824,0xa59bb6bb91e5c1e4d533864520fbd3bb75d6d0ebb813b4cd8a8b88479bfa8966,will-carlos-roberto-massa-jnior-win-the-2026-brazilian-presidential-election,https://polymarket.com/event/will-carlos-roberto-massa-jnior-win-the-2026-brazilian-presidential-election,YES,7424753944577407627798342086224300332261118341771286172561357635231967087849,Will Carlos Roberto Massa Júnior win the 2026 Brazilian presidential election?,NO_BIDS,,0.001,,,0.001,ask_only,0.001,,,58651.85,,,,1267327.83,1268235.16,1270716.73,0,14223772.93,no_bids,true,,1782625230881,be26a9b686aa212f9470ddaa165ce554fe8b4104
20260628T054019Z:RSO-0092:YES:78,20260628T054019Z,2026-06-28T05:40:19Z,RSO-0092,Brazil Presidential Election,Brazil Presidential Election — Eduardo Leite,Eduardo Leite,Brazil,brazil_presidential,presidential_two_round,brazil_president_winner_2026,601831,0x70f1a7d2cd490b640676d5e31470bcbe16fef40087de1af8b6f6e44e299b5784,will-eduardo-leite-win-the-2026-brazilian-presidential-election,https://polymarket.com/event/will-eduardo-leite-win-the-2026-brazilian-presidential-election,YES,114877796464914647568230859616993131921615428032065380781940199946418906101564,Will Eduardo Leite win the 2026 Brazilian presidential election?,NO_BIDS,,0.001,,,0.001,ask_only,0.001,,,156844.63,,,,1274030.26,1326730.96,1329280.96,0,14458388.73,no_bids,true,,1782625230043,f4cd55c42bb39be449aab9623a45864fe1abf417
20260628T054019Z:RSO-0094:YES:79,20260628T054019Z,2026-06-28T05:40:19Z,RSO-0094,Brazil Presidential Election First Round: Margin of Victory,Brazil Presidential Election First Round: Margin of Victory — Lula da Silva 10-15%,Lula da Silva 10-15%,Brazil,brazil_presidential,presidential_two_round,brazil_first_round_margin_2026,1366009,0xd99603add7350a5ff33c8dc609ab0eaae2d5d18162bb00eeb63c38c81ae038f8,will-luiz-incio-lula-da-silva-win-the-first-round-of-the-2026-brazilian-presidential-election-by-1015-995,https://polymarket.com/event/will-luiz-incio-lula-da-silva-win-the-first-round-of-the-2026-brazilian-presidential-election-by-1015-995,YES,111501008889215248446738380766334499893429002495174888541812674365305743816241,Will Luiz Inácio Lula da Silva win the first round of the 2026 Brazilian presidential election by 10–15%?,OK,0.143,0.173,0.158,0.03,0.158,mid,0.173,0.143,25,10,5388.92,5642.92,5713.92,1629.91,1929.91,1929.91,34867.87,206364.25,,true,,1782625229427,5e4d1a2a8c1e25e35781aee5cb30e3bb32f25462
20260628T054019Z:RSO-0095:YES:80,20260628T054019Z,2026-06-28T05:40:19Z,RSO-0095,Brazil Presidential Election First Round: Margin of Victory,Brazil Presidential Election First Round: Margin of Victory — Lula da Silva 5-10%,Lula da Silva 5-10%,Brazil,brazil_presidential,presidential_two_round,brazil_first_round_margin_2026,1366008,0x5377b12dd060efd8e3597620f120648f1bf99452a95eb70374b128d9ca133227,will-luiz-incio-lula-da-silva-win-the-first-round-of-the-2026-brazilian-presidential-election-by-510-971,https://polymarket.com/event/will-luiz-incio-lula-da-silva-win-the-first-round-of-the-2026-brazilian-presidential-election-by-510-971,YES,48407765042087399444287625227087734986428382872828112503518998286869389847258,Will Luiz Inácio Lula da Silva win the first round of the 2026 Brazilian presidential election by 5–10%?,OK,0.37,0.38,0.375,0.01,0.375,mid,0.38,0.37,4000.6,1687.18,5636.25,6196.29,6196.29,2475.72,2671.7,2671.7,56849.41,131368.07,,true,,1782625223749,962ae086cd7af844ad153118c41efe6854aa770a
20260628T054019Z:RSO-0096:YES:81,20260628T054019Z,2026-06-28T05:40:19Z,RSO-0096,Brazil Presidential Election First Round: Margin of Victory,Brazil Presidential Election First Round: Margin of Victory — Lula da Silva <5%,Lula da Silva <5%,Brazil,brazil_presidential,presidential_two_round,brazil_first_round_margin_2026,1366007,0x5d5b8feb963ddcc0f4688f7ac0c0d375f99945b7a07155d60cd1a306c6b3054b,will-luiz-incio-lula-da-silva-win-the-first-round-of-the-2026-brazilian-presidential-election-by-less-than-5-639,https://polymarket.com/event/will-luiz-incio-lula-da-silva-win-the-first-round-of-the-2026-brazilian-presidential-election-by-less-than-5-639,YES,111141743875022425014082366328706246366536998743881258465740846069926282242834,Will Luiz Inácio Lula da Silva win the first round of the 2026 Brazilian presidential election by less than 5%?,OK,0.28,0.3,0.29,0.02,0.29,mid,0.3,0.28,79.48,1620.08,346.98,346.98,351.98,1842.33,1892.33,1892.33,35892.46,205472.81,,true,,1782625199266,79c3b028b133af8195b7703d97047deed361a58c
20260628T054019Z:RSO-0098:YES:82,20260628T054019Z,2026-06-28T05:40:19Z,RSO-0098,Brazil Presidential Election First Round: Margin of Victory,Brazil Presidential Election First Round: Margin of Victory — Flávio Bolsonaro 5-10%,Flávio Bolsonaro 5-10%,Brazil,brazil_presidential,presidential_two_round,brazil_first_round_margin_2026,1366012,0x3a539f4052dc3340948b9f56119fbee92919f7bf9bb3cc73fd7feeb310d030d4,will-flvio-bolsonaro-win-the-first-round-of-the-2026-brazilian-presidential-election-by-510,https://polymarket.com/event/will-flvio-bolsonaro-win-the-first-round-of-the-2026-brazilian-presidential-election-by-510,YES,104163730910213129535412784044547089656279554877287473050849076919118163831116,Will Flávio Bolsonaro win the first round of the 2026 Brazilian presidential election by 5–10%?,OK,0.003,0.004,0.0035,0.001,0.0035,mid,0.004,0.003,200,20.28,25329,25329,25329,189.78,189.78,189.78,25329,190092.46,,true,,1782625222699,a10317d1c45105826ac37f204b3d8e840562b00e
20260628T054019Z:RSO-0099:YES:83,20260628T054019Z,2026-06-28T05:40:19Z,RSO-0099,Brazil Presidential Election First Round: Margin of Victory,Brazil Presidential Election First Round: Margin of Victory — Flávio Bolsonaro <5%,Flávio Bolsonaro <5%,Brazil,brazil_presidential,presidential_two_round,brazil_first_round_margin_2026,1366011,0x25966b196ffc1682fc77df0298784831a60aea8abe03b9aa4fc219d1422feb9f,will-flvio-bolsonaro-win-the-first-round-of-the-2026-brazilian-presidential-election-by-less-than-5-183,https://polymarket.com/event/will-flvio-bolsonaro-win-the-first-round-of-the-2026-brazilian-presidential-election-by-less-than-5-183,YES,94495166556994695319220591877877326867271103412306477867919432683718476975192,Will Flávio Bolsonaro win the first round of the 2026 Brazilian presidential election by less than 5%?,OK,0.025,0.067,0.046,0.042,0.046,mid,0.067,0.025,45,97.15,70,10813.5,10813.5,97.15,97.15,107.15,10813.5,195094.48,,true,,1782625229434,2ff81b24001ed52423a15c41ae496180acaa3b97
20260628T054019Z:RSO-0100:YES:84,20260628T054019Z,2026-06-28T05:40:19Z,RSO-0100,Brazil Presidential Election First Round: Margin of Victory,Brazil Presidential Election First Round: Margin of Victory — Renan Santos Victory,Renan Santos Victory,Brazil,brazil_presidential,presidential_two_round,brazil_first_round_margin_2026,1366014,0x819cc40b88572690508717385d9397af991f8bc929f764fa73c99e5e10c1e55b,will-renan-santos-win-the-first-round-of-the-2026-brazilian-presidential-election,https://polymarket.com/event/will-renan-santos-win-the-first-round-of-the-2026-brazilian-presidential-election,YES,10454882518429916448752742772766159951084470578369066727370400009390341769549,Will Renan Santos win the first round of the 2026 Brazilian presidential election?,OK,0.042,0.043,0.0425,0.001,0.0425,mid,0.043,0.042,232.4,282.2,287.4,347.4,93820.06,1090.36,1299.85,1309.85,93820.06,197192,,true,,1782625229442,145c4c4c09ed4c29ac799e99063e45af05bac030
20260628T054019Z:RSO-0101:YES:85,20260628T054019Z,2026-06-28T05:40:19Z,RSO-0101,Brazil Presidential Election First Round: Margin of Victory,Brazil Presidential Election First Round: Margin of Victory — Tarcisio de Freitas Victory,Tarcisio de Freitas Victory,Brazil,brazil_presidential,presidential_two_round,brazil_first_round_margin_2026,1366015,0x6f98bf552b696e6698beb205cf3849a80696c9c03ef500435d01e9c57e4315e3,will-tarcisio-de-freitas-win-the-first-round-of-the-2026-brazilian-presidential-election,https://polymarket.com/event/will-tarcisio-de-freitas-win-the-first-round-of-the-2026-brazilian-presidential-election,YES,83269757217555629943134578848786647915368681844160716033008008468705095911501,Will Tarcisio de Freitas win the first round of the 2026 Brazilian presidential election?,OK,0.002,0.004,0.003,0.002,0.003,mid,0.004,0.002,84,661.17,24079.88,24079.88,24079.88,691.17,851.17,851.17,24079.88,192199.64,,true,,1782625221857,1a8db4a375140d43ff4f7708eddbb1848fd7db43
20260628T054019Z:RSO-0102:YES:86,20260628T054019Z,2026-06-28T05:40:19Z,RSO-0102,Brazil Presidential Election First Round: Margin of Victory,Brazil Presidential Election First Round: Margin of Victory — Ratinho Júnior Victory,Ratinho Júnior Victory,Brazil,brazil_presidential,presidential_two_round,brazil_first_round_margin_2026,1366016,0x1ebb9c918900fedc11089b62d09353ef7e9986ad9ff94fbce786e2541c1e3980,will-carlos-roberto-massa-jnior-win-the-first-round-of-the-2026-brazilian-presidential-election,https://polymarket.com/event/will-carlos-roberto-massa-jnior-win-the-first-round-of-the-2026-brazilian-presidential-election,YES,48237610808655602451252745673035721002146805186546999349082405380140320056791,Will Carlos Roberto Massa Júnior win the first round of the 2026 Brazilian presidential election?,OK,0.002,0.003,0.0025,0.001,0.0025,mid,0.003,0.002,476.06,206.55,24784.06,24784.06,24784.06,487.83,631.74,631.74,24784.06,186313.64,,true,,1782625221312,ed24c05a5e9e7b0070862df6cc9c58e396c19ef6
20260628T054019Z:RSO-0103:YES:87,20260628T054019Z,2026-06-28T05:40:19Z,RSO-0103,Brazil Presidential Election First Round: Margin of Victory,Brazil Presidential Election First Round: Margin of Victory — Other,Other,Brazil,brazil_presidential,presidential_two_round,brazil_first_round_margin_2026,1366017,0xf0918b480dabee05030dd06079dcc206f9abdb14f89821deacc025fce5cef2aa,will-another-person-win-the-first-round-of-the-2026-brazilian-presidential-election,https://polymarket.com/event/will-another-person-win-the-first-round-of-the-2026-brazilian-presidential-election,YES,74306749719457212671387730053142004427663532632544536840572498618977716344069,Will another person win the first round of the 2026 Brazilian presidential election?,OK,0.033,0.037,0.035,0.004,0.035,mid,0.037,0.033,469.51,10.92,763.07,2013.07,51923.6,88.82,206.27,346.34,51923.6,192362.99,,true,,1782625222364,2ef8d4bc2b2eacd546d55db944121a0aa2e40508
20260628T054019Z:RSO-0121:YES:88,20260628T054019Z,2026-06-28T05:40:19Z,RSO-0121,Brazil Presidential Election First Round: 2nd Place,Brazil Presidential Election First Round: 2nd Place — Flávio Bolsonaro,Flávio Bolsonaro,Brazil,brazil_presidential,presidential_two_round,brazil_first_round_second_place_2026,1365861,0x6114306f724135bd1db2f5f3169386decf18f618653c196ef0a6c1afd27f4c73,will-flvio-bolsonaro-finish-in-second-place-in-the-first-round-of-the-2026-brazilian-presidential-election,https://polymarket.com/event/will-flvio-bolsonaro-finish-in-second-place-in-the-first-round-of-the-2026-brazilian-presidential-election,YES,49821065181473419798146957267480015506102711160660718636601116902870701340131,Will Flávio Bolsonaro finish in second place in the first round of the 2026 Brazilian presidential election?,OK,0.75,0.77,0.76,0.02,0.76,mid,0.77,0.75,120,137.72,862,2070.5,2252.5,2995.04,9577.34,10459.34,159192.2,234546.29,,true,,1782625214065,4c66892c3b0089c566be22eeec7f79c27ca299e5
20260628T054019Z:RSO-0122:YES:89,20260628T054019Z,2026-06-28T05:40:19Z,RSO-0122,Brazil Presidential Election First Round: 2nd Place,Brazil Presidential Election First Round: 2nd Place — Renan Santos,Renan Santos,Brazil,brazil_presidential,presidential_two_round,brazil_first_round_second_place_2026,1365860,0x83030b249525db4c0bcd83a915776442f4ea32d2fba10825fca4abeb51512d8f,will-renan-santos-finish-in-second-place-in-the-first-round-of-the-2026-brazilian-presidential-election,https://polymarket.com/event/will-renan-santos-finish-in-second-place-in-the-first-round-of-the-2026-brazilian-presidential-election,YES,17281846673721797872676200679500341356941280903768395106563553424335510148596,Will Renan Santos finish in second place in the first round of the 2026 Brazilian presidential election?,OK,0.12,0.121,0.1205,0.001,0.1205,mid,0.121,0.12,6154.64,440.09,16924.45,30348.82,31405.62,868.14,1631.24,1778.24,2227454.98,513289.83,,true,,1782625217911,46444798b4cba6badd95c5c946caef3c82cb43ce
20260628T054019Z:RSO-0123:YES:90,20260628T054019Z,2026-06-28T05:40:19Z,RSO-0123,Brazil Presidential Election First Round: 2nd Place,Brazil Presidential Election First Round: 2nd Place — Luiz Inácio Lula da Silva,Luiz Inácio Lula da Silva,Brazil,brazil_presidential,presidential_two_round,brazil_first_round_second_place_2026,1365854,0x8ee27c276a1bee094293751285d8a6697674b023196cb21fdd14bf3ca12f6ec0,will-luiz-incio-lula-da-silva-finish-in-second-place-in-the-first-round-of-the-2026-brazilian-presidential-election,https://polymarket.com/event/will-luiz-incio-lula-da-silva-finish-in-second-place-in-the-first-round-of-the-2026-brazilian-presidential-election,YES,109856098174983029722649567789098297237073018943808237804563416414463140161494,Will Luiz Inácio Lula da Silva finish in second place in the first round of the 2026 Brazilian presidential election?,OK,0.027,0.036,0.0315,0.009,0.0315,mid,0.036,0.027,25,95,6831,43654.67,43654.67,100,419,490,43654.67,438411.76,,true,,1782625234092,a3597c2eee0ce87c94981f7e2f0f5e46e2016e7f
20260628T054019Z:RSO-0124:YES:91,20260628T054019Z,2026-06-28T05:40:19Z,RSO-0124,Brazil Presidential Election First Round: 2nd Place,Brazil Presidential Election First Round: 2nd Place — Romeu Zema,Romeu Zema,Brazil,brazil_presidential,presidential_two_round,brazil_first_round_second_place_2026,1365863,0xa68adbb0fedef76cef5c6e1ab2c2027704233fc5b6389037eb4d3565952892da,will-romeu-zema-finish-in-second-place-in-the-first-round-of-the-2026-brazilian-presidential-election,https://polymarket.com/event/will-romeu-zema-finish-in-second-place-in-the-first-round-of-the-2026-brazilian-presidential-election,YES,33120079315672925103019754502941180281339745524857289202950301940888637884529,Will Romeu Zema finish in second place in the first round of the 2026 Brazilian presidential election?,OK,0.014,0.015,0.0145,0.001,0.0145,mid,0.015,0.014,37,781.58,3842.06,2060549.04,2060549.04,1442.83,4691.23,5057.43,2060549.04,669094.33,,true,,1782625232902,c68e19bc6fb529b877822ec01bacad4a7a7bbd20
20260628T054019Z:RSO-0125:YES:92,20260628T054019Z,2026-06-28T05:40:19Z,RSO-0125,Brazil Presidential Election First Round: 2nd Place,Brazil Presidential Election First Round: 2nd Place — Michelle Bolsonaro,Michelle Bolsonaro,Brazil,brazil_presidential,presidential_two_round,brazil_first_round_second_place_2026,1365857,0x000e7d579cf57fd0b8428656d385c57f3c6e7f8e5ffe9b7a9955fa2ffd2cd260,will-michelle-bolsonaro-finish-in-second-place-in-the-first-round-of-the-2026-brazilian-presidential-election,https://polymarket.com/event/will-michelle-bolsonaro-finish-in-second-place-in-the-first-round-of-the-2026-brazilian-presidential-election,YES,46016593873997340258679724205324373176224812313655314178053388989396764209886,Will Michelle Bolsonaro finish in second place in the first round of the 2026 Brazilian presidential election?,OK,0.024,0.033,0.0285,0.009,0.0285,mid,0.033,0.024,35.1,142.28,437.98,2063327.48,2063327.48,180.41,940.4,995.4,2063327.48,491307.26,,true,,1782625235208,77d4acb5dc5587a7d0b3f422fd5189be377fa919
20260628T054019Z:RSO-0126:YES:93,20260628T054019Z,2026-06-28T05:40:19Z,RSO-0126,Brazil Presidential Election First Round: 2nd Place,Brazil Presidential Election First Round: 2nd Place — Fernando Haddad,Fernando Haddad,Brazil,brazil_presidential,presidential_two_round,brazil_first_round_second_place_2026,1365856,0x0f8a16fa8809127bc86712e24cea9314cf1eb000c69150ff01b9f10f166903f5,will-fernando-haddad-finish-in-second-place-in-the-first-round-of-the-2026-brazilian-presidential-election,https://polymarket.com/event/will-fernando-haddad-finish-in-second-place-in-the-first-round-of-the-2026-brazilian-presidential-election,YES,43401707698084567428952104543307143736192808401383569468543634607641861802704,Will Fernando Haddad finish in second place in the first round of the 2026 Brazilian presidential election?,OK,0.006,0.007,0.0065,0.001,0.0065,mid,0.007,0.006,6180,15,2112040.67,2112040.67,2112040.67,335.01,2463.13,2493.13,2112040.67,500945.27,,true,,1782625232864,fc586bc9e9e48f2dbb9bc9663c1e8ad38d17115e
20260628T054019Z:RSO-0127:YES:94,20260628T054019Z,2026-06-28T05:40:19Z,RSO-0127,Brazil Presidential Election First Round: 2nd Place,Brazil Presidential Election First Round: 2nd Place — Camilo Santana,Camilo Santana,Brazil,brazil_presidential,presidential_two_round,brazil_first_round_second_place_2026,1365864,0x8576ba0a2bbe51db4f61c513059475a09e0cb0bd754b955fce0ddc7793ffa08f,will-camilo-santana-finish-in-second-place-in-the-first-round-of-the-2026-brazilian-presidential-election,https://polymarket.com/event/will-camilo-santana-finish-in-second-place-in-the-first-round-of-the-2026-brazilian-presidential-election,YES,2501107153963268281942035041037528214870417801204824857715972358420826737525,Will Camilo Santana finish in second place in the first round of the 2026 Brazilian presidential election?,OK,0.005,0.01,0.0075,0.005,0.0075,mid,0.01,0.005,3353.29,168.97,2069552.33,2069552.33,2069552.33,1487.66,1835.77,7207.95,2069552.33,667121.77,,true,,1782625232867,11f1674130a012f3aadd64c4aead66aead96dfed
20260628T054019Z:RSO-0128:YES:95,20260628T054019Z,2026-06-28T05:40:19Z,RSO-0128,Brazil Presidential Election First Round: 2nd Place,Brazil Presidential Election First Round: 2nd Place — Ronaldo Caiado,Ronaldo Caiado,Brazil,brazil_presidential,presidential_two_round,brazil_first_round_second_place_2026,1365862,0x1991f63d7497ae667a9b78932ec8834ee411bdce4272b5fd42a1cf9f05cca1fb,will-ronaldo-caiado-finish-in-second-place-in-the-first-round-of-the-2026-brazilian-presidential-election,https://polymarket.com/event/will-ronaldo-caiado-finish-in-second-place-in-the-first-round-of-the-2026-brazilian-presidential-election,YES,96410334963636722955423607584767406044469608220941769303770962314672696289162,Will Ronaldo Caiado finish in second place in the first round of the 2026 Brazilian presidential election?,OK,0.01,0.014,0.012,0.004,0.012,mid,0.014,0.01,180.01,214.87,2082206.72,2082206.72,2082206.72,943.59,2878.42,2878.42,2082206.72,637041.9,,true,,1782625233617,df8c2a530d5c93896ca5a3d65b08c54aae5c2f5a
20260628T054019Z:RSO-0129:YES:96,20260628T054019Z,2026-06-28T05:40:19Z,RSO-0129,Brazil Presidential Election First Round: 2nd Place,Brazil Presidential Election First Round: 2nd Place — Geraldo Alckmin,Geraldo Alckmin,Brazil,brazil_presidential,presidential_two_round,brazil_first_round_second_place_2026,1365865,0xce4c63006ae8c2690d9da01aff225c4ff9258a9722a86ffad4bb7964d20d0bc3,will-geraldo-alckmin-finish-in-second-place-in-the-first-round-of-the-2026-brazilian-presidential-election,https://polymarket.com/event/will-geraldo-alckmin-finish-in-second-place-in-the-first-round-of-the-2026-brazilian-presidential-election,YES,100647140845022421372197923820844978928757465820355118741468398091991301752614,Will Geraldo Alckmin finish in second place in the first round of the 2026 Brazilian presidential election?,OK,0.005,0.007,0.006,0.002,0.006,mid,0.007,0.005,1111,27.67,2068851.68,2068851.68,2068851.68,5829.1,5854.1,5874.1,2068851.68,609661.21,,true,,1782625218527,bc5080a820573b5c0c60332f55e58cb57164abd4
20260628T054019Z:RSO-0130:YES:97,20260628T054019Z,2026-06-28T05:40:19Z,RSO-0130,Brazil Presidential Election First Round: 2nd Place,Brazil Presidential Election First Round: 2nd Place — Tereza Cristina,Tereza Cristina,Brazil,brazil_presidential,presidential_two_round,brazil_first_round_second_place_2026,1365868,0x178b80b71955607500875f59a6bfe67bfac7428f4650cb3d219f1f81bd5d7d5f,will-tereza-cristina-finish-in-second-place-in-the-first-round-of-the-2026-brazilian-presidential-election,https://polymarket.com/event/will-tereza-cristina-finish-in-second-place-in-the-first-round-of-the-2026-brazilian-presidential-election,YES,34627033339089799648488362851420954182098601277414632412441293328075890478329,Will Tereza Cristina finish in second place in the first round of the 2026 Brazilian presidential election?,OK,0.001,0.002,0.0015,0.001,0.0015,mid,0.002,0.001,251007.29,506.42,251007.29,251007.29,251007.29,2915.53,3675.63,3922.29,251007.29,582366.33,,true,,1782625233214,3f91a7e3a0d00a8f35394075a5d43795cfc91f2f
20260628T054019Z:RSO-0131:YES:98,20260628T054019Z,2026-06-28T05:40:19Z,RSO-0131,Brazil Presidential Election First Round: 2nd Place,Brazil Presidential Election First Round: 2nd Place — Jair Bolsonaro,Jair Bolsonaro,Brazil,brazil_presidential,presidential_two_round,brazil_first_round_second_place_2026,1365855,0x61fc517c2b0d6f945868070a3ac722bfa35f07154d34bec2f9bfe41436098bce,will-jair-bolsonaro-finish-in-second-place-in-the-first-round-of-the-2026-brazilian-presidential-election,https://polymarket.com/event/will-jair-bolsonaro-finish-in-second-place-in-the-first-round-of-the-2026-brazilian-presidential-election,YES,83876793336180326706196874280359054202939399660278096295476103143222298663644,Will Jair Bolsonaro finish in second place in the first round of the 2026 Brazilian presidential election?,OK,0.002,0.003,0.0025,0.001,0.0025,mid,0.003,0.002,1111,640.06,2052200.21,2052200.21,2052200.21,1052.03,1212.02,1212.02,2052200.21,440825.88,,true,,1782625214844,19ed94b29d0255b4c3a67f93eec0639e8042803e
20260628T054019Z:RSO-0132:YES:99,20260628T054019Z,2026-06-28T05:40:19Z,RSO-0132,Brazil Presidential Election First Round: 2nd Place,Brazil Presidential Election First Round: 2nd Place — Ratinho Júnior,Ratinho Júnior,Brazil,brazil_presidential,presidential_two_round,brazil_first_round_second_place_2026,1365859,0xbc08327dd1ef7486e5f8bb3e662b5d484518ae891a39b6893cbb02f3119ad018,will-carlos-roberto-massa-jnior-finish-in-second-place-in-the-first-round-of-the-2026-brazilian-presidential-election,https://polymarket.com/event/will-carlos-roberto-massa-jnior-finish-in-second-place-in-the-first-round-of-the-2026-brazilian-presidential-election,YES,6499888178060809648681651117884070785761343371629912968631048884446465281536,Will Carlos Roberto Massa Júnior finish in second place in the first round of the 2026 Brazilian presidential election?,OK,0.001,0.002,0.0015,0.001,0.0015,mid,0.002,0.001,2072401.7,805.04,2072401.7,2072401.7,2072401.7,9030.89,9407.24,10423.13,2072401.7,615400.72,,true,,1782625206653,eeba10111e0665b9df977bca1bd9c5d8a1feb74c
20260628T054019Z:RSO-0133:YES:100,20260628T054019Z,2026-06-28T05:40:19Z,RSO-0133,Brazil Presidential Election First Round: 2nd Place,Brazil Presidential Election First Round: 2nd Place — Eduardo Bolsonaro,Eduardo Bolsonaro,Brazil,brazil_presidential,presidential_two_round,brazil_first_round_second_place_2026,1365858,0xca31cf97c3beadd7e4002b6c9b9d787164c26675f915b65fb1ce9fb858b8e20c,will-eduardo-bolsonaro-finish-in-second-place-in-the-first-round-of-the-2026-brazilian-presidential-election,https://polymarket.com/event/will-eduardo-bolsonaro-finish-in-second-place-in-the-first-round-of-the-2026-brazilian-presidential-election,YES,78774274724875388178403046699851136533744251110544224042871134690136814270663,Will Eduardo Bolsonaro finish in second place in the first round of the 2026 Brazilian presidential election?,OK,0.001,0.002,0.0015,0.001,0.0015,mid,0.002,0.001,1059858,8662.54,1059858,1059858,1059858,8886.03,9026.01,9026.01,1059858,652073.67,,true,,1782625234000,e4e1fc8e5c14cc74b6fd8e5ed69ce174c45485b2
20260628T054019Z:RSO-0134:YES:101,20260628T054019Z,2026-06-28T05:40:19Z,RSO-0134,Brazil Presidential Election First Round: 2nd Place,Brazil Presidential Election First Round: 2nd Place — Aldo Rebelo,Aldo Rebelo,Brazil,brazil_presidential,presidential_two_round,brazil_first_round_second_place_2026,1365866,0xb7703a974306001b283bc071234f1f04c832e793820ba284788e688d305201bf,will-aldo-rebelo-finish-in-second-place-in-the-first-round-of-the-2026-brazilian-presidential-election,https://polymarket.com/event/will-aldo-rebelo-finish-in-second-place-in-the-first-round-of-the-2026-brazilian-presidential-election,YES,73782660467554965374169421398916491950927878048754269104726859394021414994290,Will Aldo Rebelo finish in second place in the first round of the 2026 Brazilian presidential election?,OK,0.001,0.002,0.0015,0.001,0.0015,mid,0.002,0.001,2028769.77,16374.66,2028769.77,2028769.77,2028769.77,17626.45,17754.5,17754.5,2028769.77,655897.57,,true,,1782625232883,165d0ba5c26c0636a685f1ed73274588815caf44
20260628T054019Z:RSO-0135:YES:102,20260628T054019Z,2026-06-28T05:40:19Z,RSO-0135,Brazil Presidential Election First Round: 2nd Place,Brazil Presidential Election First Round: 2nd Place — Tarcisio de Freitas,Tarcisio de Freitas,Brazil,brazil_presidential,presidential_two_round,brazil_first_round_second_place_2026,1365853,0xfe963a6028277fed1de25b6ca8f640bc7c028e4ef0d0e4f4ff4f5daf5f9ae824,will-tarcisio-de-freitas-finish-in-second-place-in-the-first-round-of-the-2026-brazilian-presidential-election,https://polymarket.com/event/will-tarcisio-de-freitas-finish-in-second-place-in-the-first-round-of-the-2026-brazilian-presidential-election,YES,6074730652236363232062392177852837468646646517333194016258587234210162040868,Will Tarcisio de Freitas finish in second place in the first round of the 2026 Brazilian presidential election?,OK,0.001,0.002,0.0015,0.001,0.0015,mid,0.002,0.001,2037514.95,8204.13,2037514.95,2037514.95,2037514.95,14756.42,18436.6,18436.6,2037514.95,647586.26,,true,,1782625232885,cbc5030127f18c3f191631d5c68a022ac70f5713
20260628T054019Z:RSO-0136:YES:103,20260628T054019Z,2026-06-28T05:40:19Z,RSO-0136,Brazil Presidential Election First Round: 2nd Place,Brazil Presidential Election First Round: 2nd Place — Eduardo Leite,Eduardo Leite,Brazil,brazil_presidential,presidential_two_round,brazil_first_round_second_place_2026,1365867,0x45933d8382439be6ffbd714ffc412d549e9ff5e58cc0c4165b68cfc41a897c64,will-eduardo-leite-finish-in-second-place-in-the-first-round-of-the-2026-brazilian-presidential-election,https://polymarket.com/event/will-eduardo-leite-finish-in-second-place-in-the-first-round-of-the-2026-brazilian-presidential-election,YES,3857433689191750929372526494085053375351187588061258674174285931676269992527,Will Eduardo Leite finish in second place in the first round of the 2026 Brazilian presidential election?,OK,0.001,0.002,0.0015,0.001,0.0015,mid,0.002,0.001,2016828.38,16414.97,2016828.38,2016828.38,2016828.38,17646.17,17706.17,17882.94,2016828.38,649500.6,,true,,1782625233621,489f7e998523bacac26bfc9c834f8b2107a5e540
20260628T054019Z:RSO-0137:YES:104,20260628T054019Z,2026-06-28T05:40:19Z,RSO-0137,Brazil Presidential Election First Round: 2nd Place,Brazil Presidential Election First Round: 2nd Place — Helder Barbalho,Helder Barbalho,Brazil,brazil_presidential,presidential_two_round,brazil_first_round_second_place_2026,1365869,0x2366a6b980302d1a20c47d3bf5a2ce1d86a488197b83730554aab7d9c96e72cf,will-helder-barbalho-finish-in-second-place-in-the-first-round-of-the-2026-brazilian-presidential-election,https://polymarket.com/event/will-helder-barbalho-finish-in-second-place-in-the-first-round-of-the-2026-brazilian-presidential-election,YES,106668975761330270515771342419617310966435345191219965467949358265004206634577,Will Helder Barbalho finish in second place in the first round of the 2026 Brazilian presidential election?,NO_BIDS,,0.001,,,0.001,ask_only,0.001,,,3728.7,,,,3748.7,5364.7,5364.7,0,507683.05,no_bids,true,,1782625226938,374cc02426c9b365de6cd4697f9560c5c6de3767
20260628T054019Z:RSO-0138:YES:105,20260628T054019Z,2026-06-28T05:40:19Z,RSO-0138,Brazil Presidential Election First Round: 3rd Place,Brazil Presidential Election First Round: 3rd Place — Renan Santos,Renan Santos,Brazil,brazil_presidential,presidential_two_round,brazil_first_round_third_place_2026,1365894,0xcba20965509d04b5f3ae2c51a221747317aff9387c197ca6d5919e85e5a20ee9,will-renan-santos-finish-in-third-place-in-the-first-round-of-the-2026-brazilian-presidential-election,https://polymarket.com/event/will-renan-santos-finish-in-third-place-in-the-first-round-of-the-2026-brazilian-presidential-election,YES,72535696429445050612666657960056103058476328640415986990291437131287448661718,Will Renan Santos finish in third place in the first round of the 2026 Brazilian presidential election?,OK,0.49,0.51,0.5,0.02,0.5,mid,0.51,0.49,695.69,479,5195.44,6347.96,6719.96,2077,2217,2217,197686.77,447366.77,,true,,1782625236810,47463d044f0beba2df979f985501e7b9b93b1008
20260628T054019Z:RSO-0139:YES:106,20260628T054019Z,2026-06-28T05:40:19Z,RSO-0139,Brazil Presidential Election First Round: 3rd Place,Brazil Presidential Election First Round: 3rd Place — Ronaldo Caiado,Ronaldo Caiado,Brazil,brazil_presidential,presidential_two_round,brazil_first_round_third_place_2026,1365896,0x3dbbbe0f8e69b1aee0092e1eca397b24c954c00ecc54995035a8683201ad26aa,will-ronaldo-caiado-finish-in-third-place-in-the-first-round-of-the-2026-brazilian-presidential-election,https://polymarket.com/event/will-ronaldo-caiado-finish-in-third-place-in-the-first-round-of-the-2026-brazilian-presidential-election,YES,88578465272411624227946968556355768244846251347974013830272507870143623656581,Will Ronaldo Caiado finish in third place in the first round of the 2026 Brazilian presidential election?,OK,0.15,0.17,0.16,0.02,0.16,mid,0.17,0.15,20,5.01,1751.82,3118.01,3175.35,199.63,399.62,404.62,5569.89,404895.23,,true,,1782625237245,79935568657519b812d027a3dbb0149585878fa5
20260628T054019Z:RSO-0140:YES:107,20260628T054019Z,2026-06-28T05:40:19Z,RSO-0140,Brazil Presidential Election First Round: 3rd Place,Brazil Presidential Election First Round: 3rd Place — Romeu Zema,Romeu Zema,Brazil,brazil_presidential,presidential_two_round,brazil_first_round_third_place_2026,1365897,0x7452216a57a3bef85439820c7bb421fa38e5a5ecff8c43658de515c1df70151e,will-romeu-zema-finish-in-third-place-in-the-first-round-of-the-2026-brazilian-presidential-election,https://polymarket.com/event/will-romeu-zema-finish-in-third-place-in-the-first-round-of-the-2026-brazilian-presidential-election,YES,90180475101756729089570182362261460642819230033481570755127033507477996050412,Will Romeu Zema finish in third place in the first round of the 2026 Brazilian presidential election?,OK,0.12,0.14,0.13,0.02,0.13,mid,0.14,0.12,27.5,59.58,287.5,1711.75,2136.09,506.44,506.44,506.44,4733.15,401574.42,,true,,1782625232410,ff0f029ddeeb3c35ab3f943b588c59d8bd456ab8
20260628T054019Z:RSO-0141:YES:108,20260628T054019Z,2026-06-28T05:40:19Z,RSO-0141,Brazil Presidential Election First Round: 3rd Place,Brazil Presidential Election First Round: 3rd Place — Flávio Bolsonaro,Flávio Bolsonaro,Brazil,brazil_presidential,presidential_two_round,brazil_first_round_third_place_2026,1365895,0x6be36f266340255dd19e09482da15b256ec51bd478309d667495645fde253a22,will-flvio-bolsonaro-finish-in-third-place-in-the-first-round-of-the-2026-brazilian-presidential-election,https://polymarket.com/event/will-flvio-bolsonaro-finish-in-third-place-in-the-first-round-of-the-2026-brazilian-presidential-election,YES,72105519990658117217601472036918871987045329443196791013027800715032836032517,Will Flávio Bolsonaro finish in third place in the first round of the 2026 Brazilian presidential election?,OK,0.089,0.094,0.0915,0.005,0.0915,mid,0.094,0.089,37,17,666.89,755.8,2966.42,2646.02,4455.69,4455.69,58957.7,525840.46,,true,,1782625235205,115b9f41b4f1055368f089b4dba05a446013cef5
20260628T054019Z:RSO-0142:YES:109,20260628T054019Z,2026-06-28T05:40:19Z,RSO-0142,Brazil Presidential Election First Round: 3rd Place,Brazil Presidential Election First Round: 3rd Place — Fernando Haddad,Fernando Haddad,Brazil,brazil_presidential,presidential_two_round,brazil_first_round_third_place_2026,1365890,0xacc4e526a8c6f718b80ac7f559157b5197f040fb4505a7188a6315ab208f9e36,will-fernando-haddad-finish-in-third-place-in-the-first-round-of-the-2026-brazilian-presidential-election,https://polymarket.com/event/will-fernando-haddad-finish-in-third-place-in-the-first-round-of-the-2026-brazilian-presidential-election,YES,68900789111688395688502786616903396723989073762161917546372882449576813191849,Will Fernando Haddad finish in third place in the first round of the 2026 Brazilian presidential election?,OK,0.02,0.021,0.0205,0.001,0.0205,mid,0.021,0.02,3,25,83,33947,33947,74.75,74.75,79.75,33947,412488.26,,true,,1782625236793,fa8680f90423be1b3c47503597807e5551e8bbb8
20260628T054019Z:RSO-0143:YES:110,20260628T054019Z,2026-06-28T05:40:19Z,RSO-0143,Brazil Presidential Election First Round: 3rd Place,Brazil Presidential Election First Round: 3rd Place — Michelle Bolsonaro,Michelle Bolsonaro,Brazil,brazil_presidential,presidential_two_round,brazil_first_round_third_place_2026,1365891,0x100bfbd547cdb8782f816235d4f7d4301ec473250f4df606e6809605cdb3b5e9,will-michelle-bolsonaro-finish-in-third-place-in-the-first-round-of-the-2026-brazilian-presidential-election,https://polymarket.com/event/will-michelle-bolsonaro-finish-in-third-place-in-the-first-round-of-the-2026-brazilian-presidential-election,YES,49351020302549947445240161216979954485123748869512687492350910080193586920226,Will Michelle Bolsonaro finish in third place in the first round of the 2026 Brazilian presidential election?,OK,0.005,0.014,0.0095,0.009,0.0095,mid,0.014,0.005,100,100,43697,43697,43697,127,176.99,176.99,43697,412099.15,,true,,1782625232452,ac913b5c60049408c5515c68b576a4da89650a7f
20260628T054019Z:RSO-0144:YES:111,20260628T054019Z,2026-06-28T05:40:19Z,RSO-0144,Brazil Presidential Election First Round: 3rd Place,Brazil Presidential Election First Round: 3rd Place — Luiz Inácio Lula da Silva,Luiz Inácio Lula da Silva,Brazil,brazil_presidential,presidential_two_round,brazil_first_round_third_place_2026,1365888,0xd24e8798122cba5bb43a77e9a78f2e26bd65c47f281f4b66582718fa215b9f6e,will-luiz-incio-lula-da-silva-finish-in-third-place-in-the-first-round-of-the-2026-brazilian-presidential-election,https://polymarket.com/event/will-luiz-incio-lula-da-silva-finish-in-third-place-in-the-first-round-of-the-2026-brazilian-presidential-election,YES,83523389355379455617216619302245463257831942159580180419891340819821613515660,Will Luiz Inácio Lula da Silva finish in third place in the first round of the 2026 Brazilian presidential election?,OK,0.009,0.01,0.0095,0.001,0.0095,mid,0.01,0.009,9784.55,94.6,45407.75,45407.75,45407.75,1153.73,1153.73,1153.73,45407.75,497579.19,,true,,1782625232209,57808ddd0d5d65e81b9cf5cd3f9e339f717d267f
20260628T054019Z:RSO-0145:YES:112,20260628T054019Z,2026-06-28T05:40:19Z,RSO-0145,Brazil Presidential Election First Round: 3rd Place,Brazil Presidential Election First Round: 3rd Place — Camilo Santana,Camilo Santana,Brazil,brazil_presidential,presidential_two_round,brazil_first_round_third_place_2026,1365898,0xe0bdf2bdc79bac3880e6dc76513f0f02df91ed5c2650954a66ea9c7f09b7e6e5,will-camilo-santana-finish-in-third-place-in-the-first-round-of-the-2026-brazilian-presidential-election,https://polymarket.com/event/will-camilo-santana-finish-in-third-place-in-the-first-round-of-the-2026-brazilian-presidential-election,YES,14625196078870030930212146457810187393803805444846576279727526171169322797888,Will Camilo Santana finish in third place in the first round of the 2026 Brazilian presidential election?,OK,0.008,0.02,0.014,0.012,0.014,mid,0.02,0.008,54.58,65.41,37416.48,37416.48,37416.48,317.91,347.9,347.9,37416.48,415766.53,,true,,1782625236288,cc24275fa25e8ce334a2137d02dfcaf3a4e1396a
20260628T054019Z:RSO-0146:YES:113,20260628T054019Z,2026-06-28T05:40:19Z,RSO-0146,Brazil Presidential Election First Round: 3rd Place,Brazil Presidential Election First Round: 3rd Place — Eduardo Bolsonaro,Eduardo Bolsonaro,Brazil,brazil_presidential,presidential_two_round,brazil_first_round_third_place_2026,1365892,0x43984893f308ca7980b90d7634faa9b7c5e29b71733ed1eff7be3b0e8e0248fd,will-eduardo-bolsonaro-finish-in-third-place-in-the-first-round-of-the-2026-brazilian-presidential-election,https://polymarket.com/event/will-eduardo-bolsonaro-finish-in-third-place-in-the-first-round-of-the-2026-brazilian-presidential-election,YES,77695179199504241233318281547041031759227451576427270759028171066693823111590,Will Eduardo Bolsonaro finish in third place in the first round of the 2026 Brazilian presidential election?,OK,0.002,0.007,0.0045,0.005,0.0045,mid,0.007,0.002,160.03,150,40704.03,40704.03,40704.03,1044.41,1237.84,1237.84,40704.03,415266.83,,true,,1782625235434,1ecf8d6b25e58e6514e7558bf2e77a94f6609537
20260628T054019Z:RSO-0147:YES:114,20260628T054019Z,2026-06-28T05:40:19Z,RSO-0147,Brazil Presidential Election First Round: 3rd Place,Brazil Presidential Election First Round: 3rd Place — Aldo Rebelo,Aldo Rebelo,Brazil,brazil_presidential,presidential_two_round,brazil_first_round_third_place_2026,1365900,0x6b4d9574d789228b2f14edc10b452dc8948e38be04dba6bf90d0104e3e4e1f43,will-aldo-rebelo-finish-in-third-place-in-the-first-round-of-the-2026-brazilian-presidential-election,https://polymarket.com/event/will-aldo-rebelo-finish-in-third-place-in-the-first-round-of-the-2026-brazilian-presidential-election,YES,111311151154014585812304238818591195075829743734952417845440348572279563265684,Will Aldo Rebelo finish in third place in the first round of the 2026 Brazilian presidential election?,OK,0.001,0.004,0.0025,0.003,0.0025,mid,0.004,0.001,42706.18,1109.02,42706.18,42706.18,42706.18,1219.02,1279.02,1279.02,42706.18,578413.38,,true,,1782625235396,aec1c2bdc80b31355daaf67c51bef7682251bf71
20260628T054019Z:RSO-0148:YES:115,20260628T054019Z,2026-06-28T05:40:19Z,RSO-0148,Brazil Presidential Election First Round: 3rd Place,Brazil Presidential Election First Round: 3rd Place — Tarcisio de Freitas,Tarcisio de Freitas,Brazil,brazil_presidential,presidential_two_round,brazil_first_round_third_place_2026,1365887,0xc69eb6554a719e2fbcb1718e11ae0bd0d8cdb433e8c199329c148efc710c26e5,will-tarcisio-de-freitas-finish-in-third-place-in-the-first-round-of-the-2026-brazilian-presidential-election,https://polymarket.com/event/will-tarcisio-de-freitas-finish-in-third-place-in-the-first-round-of-the-2026-brazilian-presidential-election,YES,76166924205019019068857043962896099082882521942521931098813226982265263647630,Will Tarcisio de Freitas finish in third place in the first round of the 2026 Brazilian presidential election?,OK,0.002,0.003,0.0025,0.001,0.0025,mid,0.003,0.002,1476.95,219.9,16711.95,16711.95,16711.95,419.66,617.79,617.79,16711.95,412553.46,,true,,1782625232205,5105a9ed90aaee7a8a95909092e362c4c24d0d1f
20260628T054019Z:RSO-0149:YES:116,20260628T054019Z,2026-06-28T05:40:19Z,RSO-0149,Brazil Presidential Election First Round: 3rd Place,Brazil Presidential Election First Round: 3rd Place — Jair Bolsonaro,Jair Bolsonaro,Brazil,brazil_presidential,presidential_two_round,brazil_first_round_third_place_2026,1365889,0xa3e04eadbc6afac2e94d9eebb09d1705e254d313d06a51943cb18fc0612f4835,will-jair-bolsonaro-finish-in-third-place-in-the-first-round-of-the-2026-brazilian-presidential-election,https://polymarket.com/event/will-jair-bolsonaro-finish-in-third-place-in-the-first-round-of-the-2026-brazilian-presidential-election,YES,57129492998705445481010574377025062654637053860257756183157606940764680444792,Will Jair Bolsonaro finish in third place in the first round of the 2026 Brazilian presidential election?,OK,0.001,0.004,0.0025,0.003,0.0025,mid,0.004,0.001,20683.85,1572,20683.85,20683.85,20683.85,1622.09,2017.14,2017.14,20683.85,579052.27,,true,,1782625232195,7a577ab0e62e18b4958617b2dfede8f57026db90
20260628T054019Z:RSO-0150:YES:117,20260628T054019Z,2026-06-28T05:40:19Z,RSO-0150,Brazil Presidential Election First Round: 3rd Place,Brazil Presidential Election First Round: 3rd Place — Ratinho Júnior,Ratinho Júnior,Brazil,brazil_presidential,presidential_two_round,brazil_first_round_third_place_2026,1365893,0x31f31222f37f2583de6c44c4297cafdccfd21d443e785042af0180192897f8ed,will-carlos-roberto-massa-jnior-finish-in-third-place-in-the-first-round-of-the-2026-brazilian-presidential-election,https://polymarket.com/event/will-carlos-roberto-massa-jnior-finish-in-third-place-in-the-first-round-of-the-2026-brazilian-presidential-election,YES,98279737312722721984464036473219944696451907001028596656918791113590571774639,Will Carlos Roberto Massa Júnior finish in third place in the first round of the 2026 Brazilian presidential election?,OK,0.002,0.003,0.0025,0.001,0.0025,mid,0.003,0.002,973.32,213.94,31077.32,31077.32,31077.32,845.14,934.47,967.79,31077.32,416231.73,,true,,1782625232394,41c1520c07c133611061cedd5991a8088e89cf76
20260628T054019Z:RSO-0151:YES:118,20260628T054019Z,2026-06-28T05:40:19Z,RSO-0151,Brazil Presidential Election First Round: 3rd Place,Brazil Presidential Election First Round: 3rd Place — Geraldo Alckmin,Geraldo Alckmin,Brazil,brazil_presidential,presidential_two_round,brazil_first_round_third_place_2026,1365899,0x5623b547fd959cd4d4b0e1f810d225ec6f0f8215b7a7e882b89692337a8a2956,will-geraldo-alckmin-finish-in-third-place-in-the-first-round-of-the-2026-brazilian-presidential-election,https://polymarket.com/event/will-geraldo-alckmin-finish-in-third-place-in-the-first-round-of-the-2026-brazilian-presidential-election,YES,84251456841717243220130557907268921144049968775253585100134320614694975152986,Will Geraldo Alckmin finish in third place in the first round of the 2026 Brazilian presidential election?,OK,0.002,0.003,0.0025,0.001,0.0025,mid,0.003,0.002,20708.54,445.6,74208.54,74208.54,74208.54,1278.78,1418.78,1418.78,74208.54,413368.61,,true,,1782625235581,66ef0fb7c06614fc6c00f2cfe9777e25831bfa9e
20260628T054019Z:RSO-0152:YES:119,20260628T054019Z,2026-06-28T05:40:19Z,RSO-0152,Brazil Presidential Election First Round: 3rd Place,Brazil Presidential Election First Round: 3rd Place — Tereza Cristina,Tereza Cristina,Brazil,brazil_presidential,presidential_two_round,brazil_first_round_third_place_2026,1365902,0x64b05c5935a2de4a4a36e7de1089564d08d0ce7e06f5deaae916c3bdc9ca3b3b,will-tereza-cristina-finish-in-third-place-in-the-first-round-of-the-2026-brazilian-presidential-election,https://polymarket.com/event/will-tereza-cristina-finish-in-third-place-in-the-first-round-of-the-2026-brazilian-presidential-election,YES,96795671760346135574613029949576811711368142411333240580887520155225528465847,Will Tereza Cristina finish in third place in the first round of the 2026 Brazilian presidential election?,OK,0.001,0.003,0.002,0.002,0.002,mid,0.003,0.001,1307.79,630.91,1307.79,1307.79,1307.79,941.11,1001.11,1001.11,1307.79,351025.12,,true,,1782625232203,e5dc3ae00eac463a20cc0fd32e76b4d010b568b9
20260628T054019Z:RSO-0153:YES:120,20260628T054019Z,2026-06-28T05:40:19Z,RSO-0153,Brazil Presidential Election First Round: 3rd Place,Brazil Presidential Election First Round: 3rd Place — Eduardo Leite,Eduardo Leite,Brazil,brazil_presidential,presidential_two_round,brazil_first_round_third_place_2026,1365901,0xf520f38b0d0ba1a1ffb9dd77af6cfb66052ebc7cf2daa4df8c6b50d593278428,will-eduardo-leite-finish-in-third-place-in-the-first-round-of-the-2026-brazilian-presidential-election,https://polymarket.com/event/will-eduardo-leite-finish-in-third-place-in-the-first-round-of-the-2026-brazilian-presidential-election,YES,111543830332110820988165937452887760595067644846274162990773262945236746453247,Will Eduardo Leite finish in third place in the first round of the 2026 Brazilian presidential election?,OK,0.001,0.002,0.0015,0.001,0.0015,mid,0.002,0.001,11457.33,564.72,11457.33,11457.33,11457.33,1871.94,2056.94,2056.94,11457.33,413640.37,,true,,1782625232242,11515126d7bb199975a8ca97b8fa046936e39b6b
20260628T054019Z:RSO-0154:YES:121,20260628T054019Z,2026-06-28T05:40:19Z,RSO-0154,Brazil Presidential Election First Round: 3rd Place,Brazil Presidential Election First Round: 3rd Place — Helder Barbalho,Helder Barbalho,Brazil,brazil_presidential,presidential_two_round,brazil_first_round_third_place_2026,1365903,0x16cf9dd91e179eb378fee73ddb2d1ee9e395b65757f3f583b1bc925075cda4ac,will-helder-barbalho-finish-in-third-place-in-the-first-round-of-the-2026-brazilian-presidential-election,https://polymarket.com/event/will-helder-barbalho-finish-in-third-place-in-the-first-round-of-the-2026-brazilian-presidential-election,YES,71697065098193440609393877290510705365065522497692176456171369889253319010735,Will Helder Barbalho finish in third place in the first round of the 2026 Brazilian presidential election?,OK,0.001,0.002,0.0015,0.001,0.0015,mid,0.002,0.001,1219.11,207.8,1219.11,1219.11,1219.11,902.17,962.17,962.17,1219.11,354244.75,,true,,1782625240421,d459071612cbaa89e83218594acc15ce799bf70b
20260628T054019Z:RSO-0160:YES:122,20260628T054019Z,2026-06-28T05:40:19Z,RSO-0160,Next Prime Minister of Sweden,Next Prime Minister of Sweden — Magdalena Andersson,Magdalena Andersson,Sweden,global_satellite,parliamentary_coalition,sweden_pm_2026,1193094,0x58d5cc2bf06a3289b127049239aee051f3b941f219efebbca02d3f50f0eb2a64,will-magdalena-andersson-be-the-next-prime-minister-of-sweden,https://polymarket.com/event/will-magdalena-andersson-be-the-next-prime-minister-of-sweden,YES,6761884778816083542753350539779617201084594664234729655783875952381923983097,Will Magdalena Andersson be the next Prime Minister of Sweden?,OK,0.73,0.74,0.735,0.01,0.735,mid,0.74,0.73,1115,464.59,3223.8,4979.37,5054.37,1301.6,3053.96,4575.27,163160.88,99054.86,,true,,1782625239202,99340189cff2a0ca3bbedb92030bc5a47683e548
20260628T054019Z:RSO-0161:YES:123,20260628T054019Z,2026-06-28T05:40:19Z,RSO-0161,Next Prime Minister of Sweden,Next Prime Minister of Sweden — Ulf Kristersson,Ulf Kristersson,Sweden,global_satellite,parliamentary_coalition,sweden_pm_2026,1193093,0x8a42bb4cb9b9f157b539611f6a8c122388f652570cfc3c07d538e7df2bb78894,will-ulf-kristersson-be-the-next-prime-minister-of-sweden,https://polymarket.com/event/will-ulf-kristersson-be-the-next-prime-minister-of-sweden,YES,19884202204363090591845974364927513432419394537229594683046302661092511466716,Will Ulf Kristersson be the next Prime Minister of Sweden?,OK,0.21,0.22,0.215,0.01,0.215,mid,0.22,0.21,5,1404.53,1219.64,2399.97,2504.97,1679.53,3514.1,5863.55,22770.45,340594.53,,true,,1782625236512,d7abe555f103bc9ddc1fc0cf543c9fdf1b27ba26
20260628T054019Z:RSO-0162:YES:124,20260628T054019Z,2026-06-28T05:40:19Z,RSO-0162,Next Prime Minister of Sweden,Next Prime Minister of Sweden — Jimmie Åkesson,Jimmie Åkesson,Sweden,global_satellite,parliamentary_coalition,sweden_pm_2026,1193095,0x86fa2351e7a9469fd8bcd9a28ad5e300a59c3764747ad1eb7d6248546efbabfd,will-jimmie-kesson-be-the-next-prime-minister-of-sweden,https://polymarket.com/event/will-jimmie-kesson-be-the-next-prime-minister-of-sweden,YES,82283291912489202302595502692326101345632588904573705648995568317366762287152,Will Jimmie Åkesson be the next Prime Minister of Sweden?,OK,0.018,0.019,0.0185,0.001,0.0185,mid,0.019,0.018,1672,60.94,7187.09,184814,184814,977.14,6275.99,9254.03,184814,380138.06,,true,,1782625240177,d529cee5f47662606544530c1c106212f61d66b1
20260628T054019Z:RSO-0163:YES:125,20260628T054019Z,2026-06-28T05:40:19Z,RSO-0163,Next Prime Minister of Sweden,Next Prime Minister of Sweden — Ebba Busch,Ebba Busch,Sweden,global_satellite,parliamentary_coalition,sweden_pm_2026,1193096,0xa5b2b9d0e333d50db759139a364c01af812a3db60e5c653b9f959b6ef5d7139e,will-ebba-busch-be-the-next-prime-minister-of-sweden,https://polymarket.com/event/will-ebba-busch-be-the-next-prime-minister-of-sweden,YES,46694911209504709842407102211694105151918150655785824361504208059495748983717,Will Ebba Busch be the next Prime Minister of Sweden?,OK,0.003,0.004,0.0035,0.001,0.0035,mid,0.004,0.003,8408.72,2015.98,200072.72,200072.72,200072.72,4229.61,9472.49,10185.37,200072.72,265536.67,,true,,1782625240216,faadf75bc8257a9affdcabe676c7e70bdb1d4b96
20260628T054019Z:RSO-0164:YES:126,20260628T054019Z,2026-06-28T05:40:19Z,RSO-0164,Next Prime Minister of Sweden,Next Prime Minister of Sweden — Anna-Karin Hatt,Anna-Karin Hatt,Sweden,global_satellite,parliamentary_coalition,sweden_pm_2026,1193097,0x97c143ba31319b4d271aeebc832cdd8171dea3b52826c4c92096de1aefefa761,will-anna-karin-hatt-be-the-next-prime-minister-of-sweden,https://polymarket.com/event/will-anna-karin-hatt-be-the-next-prime-minister-of-sweden,YES,81454443807141471628818264376989427346037494847713032539010359279666138415075,Will Anna-Karin Hatt be the next Prime Minister of Sweden?,OK,0.002,0.003,0.0025,0.001,0.0025,mid,0.003,0.002,1013530.38,18051.51,3185565.48,3185565.48,3185565.48,18686.95,19670.7,19710.7,3185565.48,241486.07,,true,,1782625240488,bf07674df50364959c46bf83d5df03db610f69b3
20260628T054019Z:RSO-0165:YES:127,20260628T054019Z,2026-06-28T05:40:19Z,RSO-0165,Next Prime Minister of Sweden,Next Prime Minister of Sweden — Nooshi Dadgostar,Nooshi Dadgostar,Sweden,global_satellite,parliamentary_coalition,sweden_pm_2026,1193098,0xe7a2275b0c6b965a7b44d005203789d7dbe2edd352a565793f9460de7a99fd27,will-nooshi-dadgostar-be-the-next-prime-minister-of-sweden,https://polymarket.com/event/will-nooshi-dadgostar-be-the-next-prime-minister-of-sweden,YES,90456984939082759426569197949731058493185701412523949062524005061677992609434,Will Nooshi Dadgostar be the next Prime Minister of Sweden?,OK,0.001,0.002,0.0015,0.001,0.0015,mid,0.002,0.001,2221405.63,15357.65,2221405.63,2221405.63,2221405.63,16348.27,17276.73,17655.96,2221405.63,277423.03,,true,,1782625240173,68a0921068665d49caa75667eef2fad94fcd5479
20260628T054019Z:RSO-0166:YES:128,20260628T054019Z,2026-06-28T05:40:19Z,RSO-0166,Next Prime Minister of Sweden,Next Prime Minister of Sweden — Amanda Lind,Amanda Lind,Sweden,global_satellite,parliamentary_coalition,sweden_pm_2026,1193100,0xaae2b16405680de265ba459475128bdb130d280abfb4c92f125010406a5d3a67,will-amanda-lind-be-the-next-prime-minister-of-sweden,https://polymarket.com/event/will-amanda-lind-be-the-next-prime-minister-of-sweden,YES,16223024047489006372491283864322078736180973077611484772976980168989752557591,Will Amanda Lind be the next Prime Minister of Sweden?,OK,0.001,0.002,0.0015,0.001,0.0015,mid,0.002,0.001,2220278.91,11483.38,2220278.91,2220278.91,2220278.91,15428.09,15977.84,16055.96,2220278.91,267168.41,,true,,1782625240093,8c4ade2507e2e2b0547c1b6dcbb87d687585a68e
20260628T054019Z:RSO-0167:YES:129,20260628T054019Z,2026-06-28T05:40:19Z,RSO-0167,Next Prime Minister of Sweden,Next Prime Minister of Sweden — Simona Mohamsson,Simona Mohamsson,Sweden,global_satellite,parliamentary_coalition,sweden_pm_2026,1193099,0x1fd46f48b97d480c51838d9444b355bad8b3a614e36258d6047fdee078144c60,will-simona-mohamsson-be-the-next-prime-minister-of-sweden,https://polymarket.com/event/will-simona-mohamsson-be-the-next-prime-minister-of-sweden,YES,73303082510342190766222719296890807075370391273752895784553712328433386187648,Will Simona Mohamsson be the next Prime Minister of Sweden?,OK,0.001,0.002,0.0015,0.001,0.0015,mid,0.002,0.001,2204184.45,10958.13,2204184.45,2204184.45,2204184.45,13937.37,14334.1,14420.4,2204184.45,273562.04,,true,,1782625240484,a73cb991955a71ba8e570481daeaffc2a699fe69
20260628T054019Z:RSO-0168:YES:130,20260628T054019Z,2026-06-28T05:40:19Z,RSO-0168,Next Prime Minister of Sweden,Next Prime Minister of Sweden — Daniel Helldén,Daniel Helldén,Sweden,global_satellite,parliamentary_coalition,sweden_pm_2026,1193101,0x7767ed7d0af1aa72122981cc4347d9ed35b46385d39512ea5d6021da42a33825,will-daniel-helldn-be-the-next-prime-minister-of-sweden,https://polymarket.com/event/will-daniel-helldn-be-the-next-prime-minister-of-sweden,YES,28176517830787199081924401072020189535005171048570636269331907057010467544445,Will Daniel Helldén be the next Prime Minister of Sweden?,OK,0.001,0.002,0.0015,0.001,0.0015,mid,0.002,0.001,2176972.06,12696.89,2176972.06,2176972.06,2176972.06,15681.22,16265.18,16379.17,2176972.06,283148.73,,true,,1782625240481,598e06fe5ad1a05eac16ef9129fc889472cd1d46
20260628T054019Z:RSO-0169:YES:131,20260628T054019Z,2026-06-28T05:40:19Z,RSO-0169,Next Prime Minister of Sweden,Next Prime Minister of Sweden — Elisabeth Thand Ringqvist,Elisabeth Thand Ringqvist,Sweden,global_satellite,parliamentary_coalition,sweden_pm_2026,1193103,0x39272d42f01e6cdb493a857022fb8ddf708d91709eb928649868cda8a9ccf5c9,will-elisabeth-thand-ringqvist-be-the-next-prime-minister-of-sweden,https://polymarket.com/event/will-elisabeth-thand-ringqvist-be-the-next-prime-minister-of-sweden,YES,98060061097780651807171860879548727196866666811981420650799429376583531532134,Will Elisabeth Thand Ringqvist be the next Prime Minister of Sweden?,OK,0.001,0.002,0.0015,0.001,0.0015,mid,0.002,0.001,2212720.21,12441.51,2212720.21,2212720.21,2212720.21,14255.32,14395.32,14551.56,2212720.21,265140.32,,true,,1782625240132,f73e991743d94247e65b30646995630dfb2336ce
20260628T054019Z:RSO-0170:YES:132,20260628T054019Z,2026-06-28T05:40:19Z,RSO-0170,Sweden Parliamentary Election Winner,Sweden Parliamentary Election Winner — Swedish Social Democratic Party (S),Swedish Social Democratic Party (S),Sweden,global_satellite,parliamentary_coalition,sweden_most_seats_2026,811719,0xe5acfef8707df2e25a99a6e4d9568d033fa063b006022f68375ab3bbcf376818,will-the-swedish-social-democratic-party-s-win-the-most-seats-in-the-2026-swedish-parliamentary-election,https://polymarket.com/event/will-the-swedish-social-democratic-party-s-win-the-most-seats-in-the-2026-swedish-parliamentary-election,YES,103916805803783582379666899779911786632579535459334681066604944183134504393219,Will the Swedish Social Democratic Party (S) win the most seats in the 2026 Swedish parliamentary election?,OK,0.94,0.95,0.945,0.01,0.945,mid,0.95,0.94,48685.9,3165.25,52834.74,53540.74,54221.06,7483.56,24078.93,34777.58,219158.98,34777.58,,true,,1782625227004,ddc00caf0bfdedca0d64555b42cf991765de8b48
20260628T054019Z:RSO-0171:YES:133,20260628T054019Z,2026-06-28T05:40:19Z,RSO-0171,Sweden Parliamentary Election Winner,Sweden Parliamentary Election Winner — Sweden Democrats (SD),Sweden Democrats (SD),Sweden,global_satellite,parliamentary_coalition,sweden_most_seats_2026,811720,0xa39535caf2ce2c47dfbdc64c3cef9a00b7599a24c34b4091caed34df27094639,will-the-sweden-democrats-sd-win-the-most-seats-in-the-2026-swedish-parliamentary-election,https://polymarket.com/event/will-the-sweden-democrats-sd-win-the-most-seats-in-the-2026-swedish-parliamentary-election,YES,22771288348793685264608720201112684853152039276564546124382947250830821477697,Will the Sweden Democrats (SD) win the most seats in the 2026 Swedish parliamentary election?,OK,0.031,0.033,0.032,0.002,0.032,mid,0.033,0.031,237.27,106,3213.21,23596.53,83045.62,2033.56,3901.75,4581.75,83045.62,199336.72,,true,,1782625182641,f8e9d2ef4837b6bbc4f6ac6c4d18ecc706943975
20260628T054019Z:RSO-0172:YES:134,20260628T054019Z,2026-06-28T05:40:19Z,RSO-0172,Sweden Parliamentary Election Winner,Sweden Parliamentary Election Winner — Green Party (MP),Green Party (MP),Sweden,global_satellite,parliamentary_coalition,sweden_most_seats_2026,811725,0x59df45d0523260ee1cc889e54c32b59ec6d1ec49c32cabec71baf470e869d49a,will-the-green-party-mp-win-the-most-seats-in-the-2026-swedish-parliamentary-election,https://polymarket.com/event/will-the-green-party-mp-win-the-most-seats-in-the-2026-swedish-parliamentary-election,YES,95637379689976243013286900277703754341046503122130133129985305609496701873761,Will the Green Party (MP) win the most seats in the 2026 Swedish parliamentary election?,OK,0.005,0.009,0.007,0.004,0.007,mid,0.009,0.005,110.45,200.81,619627.45,619627.45,619627.45,2009.26,2649.95,3083.95,619627.45,201625.09,,true,,1782625242935,89c81b8ff079388b20dec866d0f0931162a2eba3
20260628T054019Z:RSO-0173:YES:135,20260628T054019Z,2026-06-28T05:40:19Z,RSO-0173,Sweden Parliamentary Election Winner,Sweden Parliamentary Election Winner — Christian Democrats (KD),Christian Democrats (KD),Sweden,global_satellite,parliamentary_coalition,sweden_most_seats_2026,811724,0xa50fafd0a12d15170128d489b2c26347ed635a84d1a88ab9f77414a358a15491,will-the-christian-democrats-kd-win-the-most-seats-in-the-2026-swedish-parliamentary-election,https://polymarket.com/event/will-the-christian-democrats-kd-win-the-most-seats-in-the-2026-swedish-parliamentary-election,YES,54843548550094470593696883578302472730893983252822277325463098779080627026611,Will the Christian Democrats (KD) win the most seats in the 2026 Swedish parliamentary election?,OK,0.003,0.005,0.004,0.002,0.004,mid,0.005,0.003,432.2,433.47,341958.2,341958.2,341958.2,3829.42,4608.11,4873.11,341958.2,203451,,true,,1782625242974,c0c013c90641587236f92e2dd0ff7ee8eb475a12
20260628T054019Z:RSO-0181:YES:136,20260628T054019Z,2026-06-28T05:40:19Z,RSO-0181,Quebec General Election Winner,Quebec General Election Winner — PQ,PQ,Canada,global_satellite,provincial_parliamentary,quebec_general_election_winner_2026,789407,0x30d4a64f70d80faee66508a797b347ef65e63913e4200bca954718fc824ea10e,will-parti-qubcois-win-the-most-seats-in-the-2026-quebec-general-election,https://polymarket.com/event/will-parti-qubcois-win-the-most-seats-in-the-2026-quebec-general-election,YES,65322106850459544646271115791218393848695885094753222820688299472048959196589,Will Parti Québécois win the most seats in the 2026 Quebec general election?,OK,0.62,0.63,0.625,0.01,0.625,mid,0.63,0.62,1122.6,2632.77,1626.36,2690.36,2751.36,20178.88,24752.48,25455.58,164898.19,303023.8,,true,,1782625242236,c973c747a8d5c48538b3b5812e74426796efb8de
20260628T054019Z:RSO-0182:YES:137,20260628T054019Z,2026-06-28T05:40:19Z,RSO-0182,Quebec General Election Winner,Quebec General Election Winner — PLQ,PLQ,Canada,global_satellite,provincial_parliamentary,quebec_general_election_winner_2026,789408,0x9b609d94cd0e303bf36f68a422a93f7dad9f58a2f8e4212eef51eed93480f323,will-parti-libral-du-qubec-win-the-most-seats-in-the-2026-quebec-general-election,https://polymarket.com/event/will-parti-libral-du-qubec-win-the-most-seats-in-the-2026-quebec-general-election,YES,59168522853670249846168311423052197084797740619724007956370238354938278077304,Will Parti libéral du Québec win the most seats in the 2026 Quebec general election?,OK,0.17,0.18,0.175,0.01,0.175,mid,0.18,0.17,222.95,525.47,806,2055.49,2065.49,3768.8,6103.27,6791.55,19130.77,237984.23,,true,,1782625242009,a0d767da2713514ac4e3e594163c9b8c570cb376
20260628T054019Z:RSO-0183:YES:138,20260628T054019Z,2026-06-28T05:40:19Z,RSO-0183,Quebec General Election Winner,Quebec General Election Winner — CAQ,CAQ,Canada,global_satellite,provincial_parliamentary,quebec_general_election_winner_2026,789406,0xc7bc5d759ecbd05cfbf3b41ec98f1cd7ab306234bf76fd6c1768d3be1d6b9e76,will-coalition-avenir-qubec-win-the-most-seats-in-the-2026-quebec-general-election,https://polymarket.com/event/will-coalition-avenir-qubec-win-the-most-seats-in-the-2026-quebec-general-election,YES,62672831099052856773092936123032454032816810006460666476569228483231264400027,Will Coalition Avenir Québec win the most seats in the 2026 Quebec general election?,OK,0.21,0.22,0.215,0.01,0.215,mid,0.22,0.21,204.23,504,633.43,2357.59,2457.59,1626.07,5255.95,6293.54,29192.81,184555.57,,true,,1782625243590,711e43752ca5412c9c6628a9a57be7c9f9179c5d
20260628T054019Z:RSO-0184:YES:139,20260628T054019Z,2026-06-28T05:40:19Z,RSO-0184,Quebec General Election Winner,Quebec General Election Winner — PCQ,PCQ,Canada,global_satellite,provincial_parliamentary,quebec_general_election_winner_2026,789410,0xb79b3e4a9eca37f56dbd00bb495be37079050b1bea9759e0281fe8fe475dc5aa,will-parti-conservateur-du-qubec-win-the-most-seats-in-the-2026-quebec-general-election,https://polymarket.com/event/will-parti-conservateur-du-qubec-win-the-most-seats-in-the-2026-quebec-general-election,YES,1792453187763546489058024733820523797667736093517388854235326974724797239676,Will Parti conservateur du Québec win the most seats in the 2026 Quebec general election?,OK,0.002,0.003,0.0025,0.001,0.0025,mid,0.003,0.002,9410.53,33.54,98834.35,98834.35,98834.35,5095.48,6136.33,6810.02,98834.35,356043.94,,true,,1782625243769,6db5df846e933d9774552a40425856d9d606e03c
20260628T054019Z:RSO-0185:YES:140,20260628T054019Z,2026-06-28T05:40:19Z,RSO-0185,Quebec General Election Winner,Quebec General Election Winner — QS,QS,Canada,global_satellite,provincial_parliamentary,quebec_general_election_winner_2026,789409,0x4c7d3102ab3408414937b8ed71a34914c117650bfa484069534761babec02560,will-qubec-solidaire-win-the-most-seats-in-the-2026-quebec-general-election,https://polymarket.com/event/will-qubec-solidaire-win-the-most-seats-in-the-2026-quebec-general-election,YES,98007823535472870848820037177811238475335001116010639125672344130824656744561,Will Québec solidaire win the most seats in the 2026 Quebec general election?,OK,0.002,0.003,0.0025,0.001,0.0025,mid,0.003,0.002,2257.81,1732.62,20658.86,20658.86,20658.86,9323.54,9749.49,10328.49,20658.86,361824.34,,true,,1782625242027,1b94346646150f0105324b2de97885c704011b10
20260628T054019Z:RSO-0186:YES:141,20260628T054019Z,2026-06-28T05:40:19Z,RSO-0186,Quebec General Election Winner,Quebec General Election Winner — PVQ,PVQ,Canada,global_satellite,provincial_parliamentary,quebec_general_election_winner_2026,789411,0x72a433f7e229db037d504dbbed5c93bfcaccf9c641521be7290db4b357eb3352,will-parti-vert-du-qubec-win-the-most-seats-in-the-2026-quebec-general-election,https://polymarket.com/event/will-parti-vert-du-qubec-win-the-most-seats-in-the-2026-quebec-general-election,YES,61975433175904911460960290808764942711914816391035148169459925684356495405891,Will Parti vert du Québec win the most seats in the 2026 Quebec general election?,OK,0.001,0.003,0.002,0.002,0.002,mid,0.003,0.001,16505.27,1833.91,16505.27,16505.27,16505.27,6962.64,7442.59,8513.07,16505.27,357743.93,,true,,1782625243619,7d6cfde367c09753b0b545cc3b48fb41c46b556c
20260628T054019Z:RSO-0195:YES:142,20260628T054019Z,2026-06-28T05:40:19Z,RSO-0195,Vancouver Mayoral Election Winner,Vancouver Mayoral Election Winner — Kareem Allam,Kareem Allam,Canada,global_satellite,municipal,vancouver_mayor_2026,1822538,0x574baadddd5ff73355480351a6b067f762d4ad18ffdd619aa99253820b691845,will-kareem-allam-win-the-2026-vancouver-mayoral-election,https://polymarket.com/event/will-kareem-allam-win-the-2026-vancouver-mayoral-election,YES,26257276801096346957332519016128429811617766878511321705942973043558702764580,Will Kareem Allam win the 2026 Vancouver mayoral election?,OK,0.5,0.51,0.505,0.01,0.505,mid,0.51,0.5,1587.59,518.91,2990.8,7092.41,7465.41,2246.56,4246.87,4246.87,58366.97,122490.27,,true,,1782625240008,359045b83bef9c8f3c684be5a0d03b24541dbe7f
20260628T054019Z:RSO-0196:YES:143,20260628T054019Z,2026-06-28T05:40:19Z,RSO-0196,Vancouver Mayoral Election Winner,Vancouver Mayoral Election Winner — Ken Sim,Ken Sim,Canada,global_satellite,municipal,vancouver_mayor_2026,1822537,0x010f3f24ab463669b4d3dee775864db64b2441f8fa7a34725765ff0d7c667ec8,will-ken-sim-win-the-2026-vancouver-mayoral-election,https://polymarket.com/event/will-ken-sim-win-the-2026-vancouver-mayoral-election,YES,55421587332814534239358077591902196885687853452852663013735389584714403285544,Will Ken Sim win the 2026 Vancouver mayoral election?,OK,0.28,0.29,0.285,0.01,0.285,mid,0.29,0.28,1713.62,1344.75,2780.03,3312.14,3362.14,2047.96,2545.96,2545.96,39898.55,134867.73,,true,,1782625241912,e084d780b19c8dd6d408b3b1d0afbae2ce473564
20260628T054019Z:RSO-0197:YES:144,20260628T054019Z,2026-06-28T05:40:19Z,RSO-0197,Vancouver Mayoral Election Winner,Vancouver Mayoral Election Winner — Pete Fry,Pete Fry,Canada,global_satellite,municipal,vancouver_mayor_2026,1822542,0x1d4d4b7b17f1649e5a902a91992476263b1be640df547540cf2954bd00df4df8,will-pete-fry-win-the-2026-vancouver-mayoral-election,https://polymarket.com/event/will-pete-fry-win-the-2026-vancouver-mayoral-election,YES,90282073970311127511205771444554273792281500981661699146096274090779625493121,Will Pete Fry win the 2026 Vancouver mayoral election?,OK,0.096,0.104,0.1,0.008,0.1,mid,0.104,0.096,105,300,601.24,5388.23,23801.4,701.27,1303.63,2138.86,61152.56,200690.9,,true,,1782625239170,d823279b8ac17190e9cf21387daccdd55c7f7955
20260628T054019Z:RSO-0198:YES:145,20260628T054019Z,2026-06-28T05:40:19Z,RSO-0198,Vancouver Mayoral Election Winner,Vancouver Mayoral Election Winner — William Azaroff,William Azaroff,Canada,global_satellite,municipal,vancouver_mayor_2026,1822543,0xe3a2415eb9cd17f05d6b26a4a4ee6e2b17c6dbf60b99c0ad2ca79a6a1e9c4a03,will-william-azaroff-win-the-2026-vancouver-mayoral-election,https://polymarket.com/event/will-william-azaroff-win-the-2026-vancouver-mayoral-election,YES,59726996494827119492375424935770676929797925414434705899404676444699590377932,Will William Azaroff win the 2026 Vancouver mayoral election?,OK,0.037,0.056,0.0465,0.019,0.0465,mid,0.056,0.037,65,62.64,2777,3761.75,39732.25,62.64,291.48,296.48,39732.25,192872.02,,true,,1782625232116,edf7ca178f6651629b6f7a92a486a0552b4df4cf
20260628T054019Z:RSO-0199:YES:146,20260628T054019Z,2026-06-28T05:40:19Z,RSO-0199,Vancouver Mayoral Election Winner,Vancouver Mayoral Election Winner — Colleen Hardwick,Colleen Hardwick,Canada,global_satellite,municipal,vancouver_mayor_2026,1822545,0x668ccbcc382ed1e8771012e84ab96cd313a7fc9d1896839257bfee5478dacc22,will-colleen-hardwick-win-the-2026-vancouver-mayoral-election,https://polymarket.com/event/will-colleen-hardwick-win-the-2026-vancouver-mayoral-election,YES,89769310711474760533294537071154855786894917447221789743554779027918597781074,Will Colleen Hardwick win the 2026 Vancouver mayoral election?,OK,0.006,0.012,0.009,0.006,0.009,mid,0.012,0.006,9.19,9.19,32003.07,32003.07,32003.07,265.24,265.24,265.24,32003.07,156526.68,,true,,1782625236991,2ef7ae87b57460af4b14a4dd57b84a5d268a9e83
20260628T054019Z:RSO-0200:YES:147,20260628T054019Z,2026-06-28T05:40:19Z,RSO-0200,Vancouver Mayoral Election Winner,Vancouver Mayoral Election Winner — John Coupar,John Coupar,Canada,global_satellite,municipal,vancouver_mayor_2026,1822539,0x495d7107985ea26bd6b84c32701b3d071f2fe56235a51b8c707cfeef3112ace6,will-john-coupar-win-the-2026-vancouver-mayoral-election,https://polymarket.com/event/will-john-coupar-win-the-2026-vancouver-mayoral-election,YES,91011732195192715119336195106293107937750786695864847014700597796293873409000,Will John Coupar win the 2026 Vancouver mayoral election?,OK,0.005,0.013,0.009,0.008,0.009,mid,0.013,0.005,8.39,143.6,43539.39,43539.39,43539.39,173.6,193.6,193.6,43539.39,172034.07,,true,,1782625234632,56f60da3b914da95b3487c97a1ab1d3128eebe0b
20260628T054019Z:RSO-0201:YES:148,20260628T054019Z,2026-06-28T05:40:19Z,RSO-0201,Vancouver Mayoral Election Winner,Vancouver Mayoral Election Winner — Rebecca Bligh,Rebecca Bligh,Canada,global_satellite,municipal,vancouver_mayor_2026,1822541,0xcb3a9ca91633c58ea4886b82edb537de4c7626197878e9768272a8bdeafd73bd,will-rebecca-bligh-win-the-2026-vancouver-mayoral-election,https://polymarket.com/event/will-rebecca-bligh-win-the-2026-vancouver-mayoral-election,YES,14579945643291992769462285990958948598366227043675702054810459943164919524702,Will Rebecca Bligh win the 2026 Vancouver mayoral election?,OK,0.003,0.007,0.005,0.004,0.005,mid,0.007,0.003,1108.33,99.99,42507.33,42507.33,42507.33,789.81,789.81,862.4,42507.33,158429.31,,true,,1782625234634,fdabc7f0657f7447c338b93f67e2819314e49279
20260628T054019Z:RSO-0202:YES:149,20260628T054019Z,2026-06-28T05:40:19Z,RSO-0202,Vancouver Mayoral Election Winner,Vancouver Mayoral Election Winner — Sean Orr,Sean Orr,Canada,global_satellite,municipal,vancouver_mayor_2026,1822544,0x2dd43d4fa975429df4e05c74fbf4138bbe7698f5de150534904f149704b74bef,will-sean-orr-win-the-2026-vancouver-mayoral-election,https://polymarket.com/event/will-sean-orr-win-the-2026-vancouver-mayoral-election,YES,55250911016773637907503451689730410882595282732598649757892146244267780207014,Will Sean Orr win the 2026 Vancouver mayoral election?,OK,0.003,0.006,0.0045,0.003,0.0045,mid,0.006,0.003,90.81,9.19,39076.21,39076.21,39076.21,379.91,379.91,474.91,39076.21,159328.32,,true,,1782625221314,ebdff23bec5ebd1bfe66a383dbcade7472e8966d
20260628T054019Z:RSO-0203:YES:150,20260628T054019Z,2026-06-28T05:40:19Z,RSO-0203,Vancouver Mayoral Election Winner,Vancouver Mayoral Election Winner — Amanda Burrows,Amanda Burrows,Canada,global_satellite,municipal,vancouver_mayor_2026,1822547,0x2cdf238bcbdf2a11f0ea507ec464f4683e242e8eea089ff7e5f712dc25275113,will-amanda-burrows-win-the-2026-vancouver-mayoral-election,https://polymarket.com/event/will-amanda-burrows-win-the-2026-vancouver-mayoral-election,YES,34427843948073824399247957635699582356193274913723486055708035745739439032182,Will Amanda Burrows win the 2026 Vancouver mayoral election?,OK,0.002,0.003,0.0025,0.001,0.0025,mid,0.003,0.002,600,611.78,17668,17668,17668,830.74,890.74,890.74,17668,161119.36,,true,,1782625221670,db8666c47adb66c43c3cf5c8860cea99994ea959
20260628T054019Z:RSO-0204:YES:151,20260628T054019Z,2026-06-28T05:40:19Z,RSO-0204,Vancouver Mayoral Election Winner,Vancouver Mayoral Election Winner — Tim Louis,Tim Louis,Canada,global_satellite,municipal,vancouver_mayor_2026,1822546,0xccead3d44a9e1ce50807511acd1e1901e83a1169914c5e4627c002984e62f0fb,will-tim-louis-win-the-2026-vancouver-mayoral-election,https://polymarket.com/event/will-tim-louis-win-the-2026-vancouver-mayoral-election,YES,3747902034763719249673945486466805023089364001928628204808740895456003637583,Will Tim Louis win the 2026 Vancouver mayoral election?,OK,0.002,0.004,0.003,0.002,0.003,mid,0.004,0.002,600,1018.7,12024.25,12024.25,12024.25,1215.59,1326.59,1326.59,12024.25,324939.71,,true,,1782625221579,63063f882024d512ba97b46b7bb585f824746989
20260628T054019Z:RSO-0205:YES:152,20260628T054019Z,2026-06-28T05:40:19Z,RSO-0205,Vancouver Mayoral Election Winner,Vancouver Mayoral Election Winner — Fred Harding,Fred Harding,Canada,global_satellite,municipal,vancouver_mayor_2026,1822548,0xca2016ab394faf01886965daa30156aa7df052b32adbfc9f00a46a06d8ed8caf,will-fred-harding-win-the-2026-vancouver-mayoral-election,https://polymarket.com/event/will-fred-harding-win-the-2026-vancouver-mayoral-election,YES,42950286760308725122858983675245601299740225552122691924119275382764901291368,Will Fred Harding win the 2026 Vancouver mayoral election?,OK,0.002,0.003,0.0025,0.001,0.0025,mid,0.003,0.002,1557.29,8.62,15283.29,15283.29,15283.29,238.22,238.22,238.22,15283.29,156770.77,,true,,1782625239479,0f810aec85fddb41ad0694b378e99ac06a792913
20260628T054019Z:RSO-0206:YES:153,20260628T054019Z,2026-06-28T05:40:19Z,RSO-0206,Vancouver Mayoral Election Winner,Vancouver Mayoral Election Winner — Kirk LaPointe,Kirk LaPointe,Canada,global_satellite,municipal,vancouver_mayor_2026,1822540,0xf42fdaf0069af7f49b1b2dcd8160ad73034c8704ef988c44dfe964f2f719facc,will-kirk-lapointe-win-the-2026-vancouver-mayoral-election,https://polymarket.com/event/will-kirk-lapointe-win-the-2026-vancouver-mayoral-election,YES,98828070679515257701157390784579387385530822324881009700391159202814891015617,Will Kirk LaPointe win the 2026 Vancouver mayoral election?,OK,0.002,0.01,0.006,0.008,0.006,mid,0.01,0.002,316,137,17112.65,17112.65,17112.65,246.94,246.94,246.94,17112.65,157500.92,,true,,1782625234520,761c8ea566a47c61d3bece0a72063b9f3589c204
20260628T054019Z:RSO-0207:YES:154,20260628T054019Z,2026-06-28T05:40:19Z,RSO-0207,Next Prime Minister of Israel after next election,Next Prime Minister of Israel after next election — Gadi Eizenkot,Gadi Eizenkot,Israel,global_satellite,parliamentary_coalition,israel_next_pm_2026,682708,0xdbe93b5a701f36076a560fa4b9ba59e365a6e8e2ea6a83764640010657277ca4,will-gadi-eizenkot-be-the-next-prime-minister-of-israel,https://polymarket.com/event/will-gadi-eizenkot-be-the-next-prime-minister-of-israel,YES,52487256270918227930942830546248720603566203568229607048093730748840489555808,Will Gadi Eizenkot be the next Prime Minister of Israel?,OK,0.415,0.417,0.416,0.002,0.416,mid,0.417,0.415,929.66,16,6391.62,26937.43,48140.28,3041.17,18579.06,28446.47,2960069.67,782268.33,,true,,1782625244328,155f4b5365271ecbe41720b6a1f65b47df4fe9b2
20260628T054019Z:RSO-0208:YES:155,20260628T054019Z,2026-06-28T05:40:19Z,RSO-0208,Next Prime Minister of Israel after next election,Next Prime Minister of Israel after next election — Benjamin Netanyahu,Benjamin Netanyahu,Israel,global_satellite,parliamentary_coalition,israel_next_pm_2026,682705,0x7586a96520578acaaaa4ea84a2582f197f84255da1f3392a7aa300386c187b37,will-benjamin-netanyahu-be-the-next-prime-minister-of-israel,https://polymarket.com/event/will-benjamin-netanyahu-be-the-next-prime-minister-of-israel,YES,20006732765674855733524007935991362439352594042415161039767275461950712817548,Will Benjamin Netanyahu be the next Prime Minister of Israel?,OK,0.33,0.34,0.335,0.01,0.335,mid,0.34,0.33,2381.72,1374.85,48302.38,94369.79,160364.19,6342.68,17409.8,32875.43,461949.62,433030.7,,true,,1782625246606,7c3a4c0887e651acf47540531f96ebd0bd509c44
20260628T054019Z:RSO-0209:YES:156,20260628T054019Z,2026-06-28T05:40:19Z,RSO-0209,Next Prime Minister of Israel after next election,Next Prime Minister of Israel after next election — Naftali Bennett,Naftali Bennett,Israel,global_satellite,parliamentary_coalition,israel_next_pm_2026,682706,0x9ed0ecc8b8589e67967d44c4420944a41b6a6806419019a1581d514174eee9b1,will-naftali-bennett-be-the-next-prime-minister-of-israel,https://polymarket.com/event/will-naftali-bennett-be-the-next-prime-minister-of-israel,YES,58945936829392654397399777214757608864525173988558750256164021442231118224154,Will Naftali Bennett be the next Prime Minister of Israel?,OK,0.12,0.13,0.125,0.01,0.125,mid,0.13,0.12,7873.06,589.25,15201.3,54890.68,106119.64,5463.3,12461.97,23868.68,119324.28,407127.16,,true,,1782625246713,f421cb72b6829b4a09c5ab5e2ff5d16377d8f723
20260628T054019Z:RSO-0210:YES:157,20260628T054019Z,2026-06-28T05:40:19Z,RSO-0210,Next Prime Minister of Israel after next election,Next Prime Minister of Israel after next election — Avigdor Lieberman,Avigdor Lieberman,Israel,global_satellite,parliamentary_coalition,israel_next_pm_2026,682710,0xadffc96f54f350b3655f72fe2853c81bfd705e9703f62469e6a14782ad5d4ec0,will-avigdor-lieberman-be-the-next-prime-minister-of-israel,https://polymarket.com/event/will-avigdor-lieberman-be-the-next-prime-minister-of-israel,YES,105057524965982907913786325697426001538810836564004836999292309706852745390829,Will Avigdor Lieberman be the next Prime Minister of Israel?,OK,0.035,0.039,0.037,0.004,0.037,mid,0.039,0.035,408.65,442.69,2675.88,37418.72,2542191.31,10783.05,18592.85,23108.59,2542191.31,1056359.14,,true,,1782625246725,121e0863060cc71990c90c2b737d440b0333a496
20260628T054019Z:RSO-0211:YES:158,20260628T054019Z,2026-06-28T05:40:19Z,RSO-0211,Next Prime Minister of Israel after next election,Next Prime Minister of Israel after next election — Itamar Ben Gvir,Itamar Ben Gvir,Israel,global_satellite,parliamentary_coalition,israel_next_pm_2026,682713,0x4bf44e9885ee8f43148458d5c9537d96c940cf48414557528358d65870131517,will-itamar-ben-gvir-be-the-next-prime-minister-of-israel,https://polymarket.com/event/will-itamar-ben-gvir-be-the-next-prime-minister-of-israel,YES,97037271592384590668192904767730391938961253014413658633971882704234126806284,Will Itamar Ben Gvir be the next Prime Minister of Israel?,OK,0.011,0.012,0.0115,0.001,0.0115,mid,0.012,0.011,106.64,1820.46,2776092.36,2776092.36,2776092.36,11964.94,19536.99,20554.19,2776092.36,757454.51,,true,,1782625244438,181c5279783eadc3c658c4fbdc0ebb1d1c6f0397
20260628T054019Z:RSO-0212:YES:159,20260628T054019Z,2026-06-28T05:40:19Z,RSO-0212,Next Prime Minister of Israel after next election,Next Prime Minister of Israel after next election — Benny Gantz,Benny Gantz,Israel,global_satellite,parliamentary_coalition,israel_next_pm_2026,682709,0xf773a12cc13214fc493ec398f96c4ea5ec87ea4ff3b29795041d5498e314ad1e,will-benny-gantz-be-the-next-prime-minister-of-israel,https://polymarket.com/event/will-benny-gantz-be-the-next-prime-minister-of-israel,YES,105121209501718913679835702557350272753628810249278953188501220308690716470697,Will Benny Gantz be the next Prime Minister of Israel?,OK,0.004,0.005,0.0045,0.001,0.0045,mid,0.005,0.004,470.24,9730.56,2659607.92,2659607.92,2659607.92,42228.7,49405.18,60584.35,2659607.92,856053.66,,true,,1782625246658,050e2fd778b882330c7061ba2c0528987a4b636f
20260628T054019Z:RSO-0213:YES:160,20260628T054019Z,2026-06-28T05:40:19Z,RSO-0213,Next Prime Minister of Israel after next election,Next Prime Minister of Israel after next election — Gilad Erdan,Gilad Erdan,Israel,global_satellite,parliamentary_coalition,israel_next_pm_2026,682722,0xea653dbacdb5b0ba21c9b745f5fb463fe654b988129093ce471d3b3652650cba,will-gilad-erdan-be-the-next-prime-minister-of-israel,https://polymarket.com/event/will-gilad-erdan-be-the-next-prime-minister-of-israel,YES,73391412196952346536768049629984781694862224381955045702486880678656173160147,Will Gilad Erdan be the next Prime Minister of Israel?,OK,0.006,0.007,0.0065,0.001,0.0065,mid,0.007,0.006,3661.18,200.62,403470.61,403470.61,403470.61,4183.78,9570.54,30120.12,403470.61,523145.8,,true,,1782625245759,dc720e3de1d0866112fcae949c17a63e938f74f5
20260628T054019Z:RSO-0214:YES:161,20260628T054019Z,2026-06-28T05:40:19Z,RSO-0214,Next Prime Minister of Israel after next election,Next Prime Minister of Israel after next election — Yariv Levin,Yariv Levin,Israel,global_satellite,parliamentary_coalition,israel_next_pm_2026,682715,0x93d07ffcf5c243b98e655380eb876d4a3393351b7325059064cb5a4b1ff6ceb2,will-yariv-levin-be-the-next-prime-minister-of-israel,https://polymarket.com/event/will-yariv-levin-be-the-next-prime-minister-of-israel,YES,28155793585619215559447305702051573036104753242134264350727089371549716604590,Will Yariv Levin be the next Prime Minister of Israel?,OK,0.004,0.005,0.0045,0.001,0.0045,mid,0.005,0.004,10002.64,8923.13,2480262.98,2480262.98,2480262.98,40453.33,40504.19,41755.85,2480262.98,775002.04,,true,,1782625246672,2a8306afab6fe5dbd8bc13c9516557e33872326d
20260628T054019Z:RSO-0215:YES:162,20260628T054019Z,2026-06-28T05:40:19Z,RSO-0215,Next Prime Minister of Israel after next election,Next Prime Minister of Israel after next election — Israel Katz,Israel Katz,Israel,global_satellite,parliamentary_coalition,israel_next_pm_2026,682719,0xb25a93dc8c0f28dc404f7ee41cf6788a9de054418bd068740849b4a2995486e9,will-israel-katz-be-the-next-prime-minister-of-israel,https://polymarket.com/event/will-israel-katz-be-the-next-prime-minister-of-israel,YES,49071939739791449726827416712265617396930502300780957239086018273026268436098,Will Israel Katz be the next Prime Minister of Israel?,OK,0.004,0.005,0.0045,0.001,0.0045,mid,0.005,0.004,19063.37,9824.92,2753123.31,2753123.31,2753123.31,15859.68,15884.68,16611.34,2753123.31,727291.03,,true,,1782625246766,320a2335bf54550d8cba5347783e5da89847e320
20260628T054019Z:RSO-0216:YES:163,20260628T054019Z,2026-06-28T05:40:19Z,RSO-0216,Next Prime Minister of Israel after next election,Next Prime Minister of Israel after next election — Amir Ohana,Amir Ohana,Israel,global_satellite,parliamentary_coalition,israel_next_pm_2026,682721,0x8cbdd0c4c6061c9e5c5a94d4a474c1880d0f2ab5ee4704a64af1e77c6d0e18d0,will-amir-ohana-be-the-next-prime-minister-of-israel,https://polymarket.com/event/will-amir-ohana-be-the-next-prime-minister-of-israel,YES,37479008447091488432468168948590430208783407360102685992956858050228448972626,Will Amir Ohana be the next Prime Minister of Israel?,OK,0.004,0.005,0.0045,0.001,0.0045,mid,0.005,0.004,17011.73,7723.31,2681829.79,2681829.79,2681829.79,26762.9,27784.86,36695.2,2681829.79,755090.67,,true,,1782625246702,e17c87afad62efd5b7f5f6b58bdb6ff765b6c3aa
20260628T054019Z:RSO-0217:YES:164,20260628T054019Z,2026-06-28T05:40:19Z,RSO-0217,Next Prime Minister of Israel after next election,Next Prime Minister of Israel after next election — Gideon Sa’ar,Gideon Sa’ar,Israel,global_satellite,parliamentary_coalition,israel_next_pm_2026,682714,0xfb2cb634e693b1758fc78b38b02754472edd728bd22eb4a7023c6f49419c73d6,will-gideon-saar-be-the-next-prime-minister-of-israel,https://polymarket.com/event/will-gideon-saar-be-the-next-prime-minister-of-israel,YES,113523109301381527088718768250912137532200947193534063249121987336101159734964,Will Gideon Sa’ar be the next Prime Minister of Israel?,OK,0.004,0.005,0.0045,0.001,0.0045,mid,0.005,0.004,6598.08,9663.14,2614872.77,2614872.77,2614872.77,19110.98,19235.97,20085.85,2614872.77,813939.82,,true,,1782625245047,2a007a0c2e021c66188b2380b92072cc5ab4bd2f
20260628T054019Z:RSO-0218:YES:165,20260628T054019Z,2026-06-28T05:40:19Z,RSO-0218,Next Prime Minister of Israel after next election,Next Prime Minister of Israel after next election — Yoaz Hendel,Yoaz Hendel,Israel,global_satellite,parliamentary_coalition,israel_next_pm_2026,682718,0x641ee08666fd2c37f890d59b4fd32ad8a23e8500e1ad070e112a90219a4d4bfa,will-yoaz-hendel-be-the-next-prime-minister-of-israel,https://polymarket.com/event/will-yoaz-hendel-be-the-next-prime-minister-of-israel,YES,12118827801400239712815717295403167152230979784826228363180815353568423454582,Will Yoaz Hendel be the next Prime Minister of Israel?,OK,0.005,0.006,0.0055,0.001,0.0055,mid,0.006,0.005,3316.63,1010.66,2377229.92,2377229.92,2377229.92,4156.66,4509.64,42301.14,2377229.92,854542.08,,true,,1782625200061,21a498c3f445e781b073f9dfa63a96ae8fb79cb1
20260628T054019Z:RSO-0219:YES:166,20260628T054019Z,2026-06-28T05:40:19Z,RSO-0219,Next Prime Minister of Israel after next election,Next Prime Minister of Israel after next election — Yair Lapid,Yair Lapid,Israel,global_satellite,parliamentary_coalition,israel_next_pm_2026,682707,0x45a79193a66e5078a29c625e78e0d4b9a059edef8e206097c48bbfe7eaf9590e,will-yair-lapid-be-the-next-prime-minister-of-israel,https://polymarket.com/event/will-yair-lapid-be-the-next-prime-minister-of-israel,YES,30912854850866302644106316438153629460678506137655559406260043509960678109607,Will Yair Lapid be the next Prime Minister of Israel?,OK,0.006,0.009,0.0075,0.003,0.0075,mid,0.009,0.006,758.64,5.54,2592094.79,2592094.79,2592094.79,38852.57,53988.13,57821.07,2592094.79,827959.09,,true,,1782625247678,40cd1dbc3c6b7f52765f6b3b7698f0f60d20153b
20260628T054019Z:RSO-0220:YES:167,20260628T054019Z,2026-06-28T05:40:19Z,RSO-0220,Next Prime Minister of Israel after next election,Next Prime Minister of Israel after next election — Yossi Cohen,Yossi Cohen,Israel,global_satellite,parliamentary_coalition,israel_next_pm_2026,682711,0xa653be0f150dbe055a532ea02977338bb31f49d1f723b2a48c1f67847a73cb7d,will-yossi-cohen-be-the-next-prime-minister-of-israel,https://polymarket.com/event/will-yossi-cohen-be-the-next-prime-minister-of-israel,YES,80908635602471552886049573110321791161186841957249509900771759394573505359926,Will Yossi Cohen be the next Prime Minister of Israel?,OK,0.003,0.005,0.004,0.002,0.004,mid,0.005,0.003,36332.02,8495.09,2536567.42,2536567.42,2536567.42,35929.22,42634.67,48046.23,2536567.42,865585.17,,true,,1782625246724,0d63b66e1d6d170f45ec08ea61c7dd21708b2b6d
20260628T054019Z:RSO-0221:YES:168,20260628T054019Z,2026-06-28T05:40:19Z,RSO-0221,Next Prime Minister of Israel after next election,Next Prime Minister of Israel after next election — Yair Golan,Yair Golan,Israel,global_satellite,parliamentary_coalition,israel_next_pm_2026,682712,0xfcd53c97fef81c4ecad8a97c8c47fdf1ce0a54a0daeff7bae53eaa3a9af343f2,will-yair-golan-be-the-next-prime-minister-of-israel,https://polymarket.com/event/will-yair-golan-be-the-next-prime-minister-of-israel,YES,38003127295883228185689665963602138176190384641897237734105806870773590495970,Will Yair Golan be the next Prime Minister of Israel?,OK,0.003,0.004,0.0035,0.001,0.0035,mid,0.004,0.003,26634.39,63152.13,2521881.13,2521881.13,2521881.13,80305.38,80917.17,84489.11,2521881.13,817781.65,,true,,1782625246731,2e0a60b628c8977d60ccdb5d5b3fb296160d41b7
20260628T054019Z:RSO-0222:YES:169,20260628T054019Z,2026-06-28T05:40:19Z,RSO-0222,Next Prime Minister of Israel after next election,Next Prime Minister of Israel after next election — Nir Barkat,Nir Barkat,Israel,global_satellite,parliamentary_coalition,israel_next_pm_2026,682720,0xd8625515585b5bf81d9c1262a1d2b0212a6f2a7a5c5f6ef6c993f7cc269f92dd,will-nir-barkat-be-the-next-prime-minister-of-israel,https://polymarket.com/event/will-nir-barkat-be-the-next-prime-minister-of-israel,YES,62339970278220985797814574706934957062291648936534682461243840366141506822305,Will Nir Barkat be the next Prime Minister of Israel?,OK,0.002,0.003,0.0025,0.001,0.0025,mid,0.003,0.002,46262.46,38.02,2447446.07,2447446.07,2447446.07,18226.16,19871.29,20645.22,2447446.07,750739.42,,true,,1782625248636,3e9c112945992d223ffa8f8aa3bb2404344dfd90
20260628T054019Z:RSO-0223:YES:170,20260628T054019Z,2026-06-28T05:40:19Z,RSO-0223,Next Prime Minister of Israel after next election,Next Prime Minister of Israel after next election — Ayelet Shaked,Ayelet Shaked,Israel,global_satellite,parliamentary_coalition,israel_next_pm_2026,682717,0x80a849ac73eefe56d4d613e44b45e32b9f91f0bfc77173b732cffac7daab3b3b,will-ayelet-shaked-be-the-next-prime-minister-of-israel,https://polymarket.com/event/will-ayelet-shaked-be-the-next-prime-minister-of-israel,YES,20847822223909889861535421917104908467512615252569123202591433051136381225081,Will Ayelet Shaked be the next Prime Minister of Israel?,OK,0.001,0.002,0.0015,0.001,0.0015,mid,0.002,0.001,2349720.86,337.52,2349720.86,2349720.86,2349720.86,84178.08,84452.92,85165.99,2349720.86,904494.93,,true,,1782625241537,f4a7a4c7ec96af9bd504a7fe0cae51f8324f84e5
20260628T054019Z:RSO-0224:YES:171,20260628T054019Z,2026-06-28T05:40:19Z,RSO-0224,Next Prime Minister of Israel after next election,Next Prime Minister of Israel after next election — Moshe Feiglin,Moshe Feiglin,Israel,global_satellite,parliamentary_coalition,israel_next_pm_2026,682716,0x673db99d92473e9ee854b8a0ec0cff15d156e5c33a13e1e12db7266d33fde4d3,will-moshe-feiglin-be-the-next-prime-minister-of-israel,https://polymarket.com/event/will-moshe-feiglin-be-the-next-prime-minister-of-israel,YES,53508697093100828360254088937709702626357043454735600798387762815121144942132,Will Moshe Feiglin be the next Prime Minister of Israel?,OK,0.002,0.003,0.0025,0.001,0.0025,mid,0.003,0.002,68153.76,281.21,2416617.12,2416617.12,2416617.12,31587.95,42972.59,49093.38,2416617.12,784777.94,,true,,1782625249357,ccc63b5a1024ffd9e5684186492595e5b6856e9c
20260628T054019Z:RSO-0225:YES:172,20260628T054019Z,2026-06-28T05:40:19Z,RSO-0225,Israeli Legislative Election Winner,Israeli Legislative Election Winner — Likud,Likud,Israel,global_satellite,parliamentary_coalition,israel_most_seats_2026,2100981,0xf77fa3e63014f1f76ea4433dac66b3860493ed7f1a9fee3dfbef9104d7f1eee3,will-likud-win-the-most-seats-in-the-2026-israeli-legislative-election,https://polymarket.com/event/will-likud-win-the-most-seats-in-the-2026-israeli-legislative-election,YES,40530616708770133196461535468385029946615148250396571867031554779644977064648,Will Likud win the most seats in the 2026 Israeli legislative election?,OK,0.36,0.38,0.37,0.02,0.37,mid,0.38,0.36,15,15,1268.85,1774.46,1824.46,1532,3431.63,4353.19,48490.34,112188.72,,true,,1782625229885,039944f0c983c62b4e4bdc276266be8759200afb
20260628T054019Z:RSO-0226:YES:173,20260628T054019Z,2026-06-28T05:40:19Z,RSO-0226,Israeli Legislative Election Winner,Israeli Legislative Election Winner — Yashar,Yashar,Israel,global_satellite,parliamentary_coalition,israel_most_seats_2026,2100984,0xd05da9807740aa0f5bc9e9232daabe87a21e5012c19e283abf414f1c1651118b,will-yashar-win-the-most-seats-in-the-2026-israeli-legislative-election,https://polymarket.com/event/will-yashar-win-the-most-seats-in-the-2026-israeli-legislative-election,YES,9025448570994866714151390167666974197623007132973626623412960268955048642964,Will Yashar win the most seats in the 2026 Israeli legislative election?,OK,0.36,0.37,0.365,0.01,0.365,mid,0.37,0.36,1557.27,83.78,2124.87,3090.09,3140.09,1514.03,2853.1,3623.06,259808.81,323539.26,,true,,1782625242945,bb07f6e3d872a874d3d1e55ed04964e2a3f8570b
20260628T054019Z:RSO-0227:YES:174,20260628T054019Z,2026-06-28T05:40:19Z,RSO-0227,Israeli Legislative Election Winner,Israeli Legislative Election Winner — Together,Together,Israel,global_satellite,parliamentary_coalition,israel_most_seats_2026,2100982,0x4e9cff8a3aeac036225fedcc98af9b0d55284b3f430b599e7f61b059c1e177af,will-together-win-the-most-seats-in-the-2026-israeli-legislative-election,https://polymarket.com/event/will-together-win-the-most-seats-in-the-2026-israeli-legislative-election,YES,4486291330995931849416559581383425061287287542982906092720569789339786774392,Will Together win the most seats in the 2026 Israeli legislative election?,OK,0.26,0.28,0.27,0.02,0.27,mid,0.28,0.26,344.26,100,1637.75,2958.59,3605.24,1004.56,2163.8,2673.8,37622.59,183295.25,,true,,1782625231317,3d10e0b5e718c31070e87b1f1625eee10d428c37
20260628T054019Z:RSO-0228:YES:175,20260628T054019Z,2026-06-28T05:40:19Z,RSO-0228,Israeli Legislative Election Winner,Israeli Legislative Election Winner — Shas,Shas,Israel,global_satellite,parliamentary_coalition,israel_most_seats_2026,2100983,0xc3c4b06b71e5a9dec867169d4319a4bf7364d7b0a6c5d6cd048689a207aafc40,will-shas-win-the-most-seats-in-the-2026-israeli-legislative-election,https://polymarket.com/event/will-shas-win-the-most-seats-in-the-2026-israeli-legislative-election,YES,43025613818662551227164158603793018117245522237166942374881915274782654094251,Will Shas win the most seats in the 2026 Israeli legislative election?,OK,0.002,0.003,0.0025,0.001,0.0025,mid,0.003,0.002,2350.7,1549.7,74848.7,74848.7,74848.7,1579.7,1579.7,1579.7,74848.7,402441.05,,true,,1782625241499,a7a505480057203fc8dfc09cecc6dcb4eb1c942d
20260628T054019Z:RSO-0229:YES:176,20260628T054019Z,2026-06-28T05:40:19Z,RSO-0229,Israeli Legislative Election Winner,Israeli Legislative Election Winner — The Democrats,The Democrats,Israel,global_satellite,parliamentary_coalition,israel_most_seats_2026,2100985,0x4a48f706471324eb289b2a77a368f7cfc3cdbf899ea320395e9afaa9191570e9,will-the-democrats-win-the-most-seats-in-the-2026-israeli-legislative-election,https://polymarket.com/event/will-the-democrats-win-the-most-seats-in-the-2026-israeli-legislative-election,YES,13946614065225357961512448593443036356822710705632040528640964889522868467395,Will The Democrats win the most seats in the 2026 Israeli legislative election?,OK,0.002,0.003,0.0025,0.001,0.0025,mid,0.003,0.002,1983.4,838.58,72361.4,72361.4,72361.4,868.58,868.58,1008.57,72361.4,399931.36,,true,,1782625241838,1711e7a9e628f2018d8456fc19296ac7790fb6f4
20260628T054019Z:RSO-0230:YES:177,20260628T054019Z,2026-06-28T05:40:19Z,RSO-0230,Israeli Legislative Election Winner,Israeli Legislative Election Winner — Otzma Yehudit,Otzma Yehudit,Israel,global_satellite,parliamentary_coalition,israel_most_seats_2026,2100986,0x49b2c8eac865bbac235153824b3490185ff0fdb7305cb053b2ab5b1466bf4f36,will-otzma-yehudit-win-the-most-seats-in-the-2026-israeli-legislative-election,https://polymarket.com/event/will-otzma-yehudit-win-the-most-seats-in-the-2026-israeli-legislative-election,YES,72928611581150091479894843605103749117561320868375067552073452709256467488450,Will Otzma Yehudit win the most seats in the 2026 Israeli legislative election?,OK,0.002,0.004,0.003,0.002,0.003,mid,0.004,0.002,1963.84,785.91,76787.84,76787.84,76787.84,1040.9,1040.9,1680.9,76787.84,402070.88,,true,,1782625239623,c80889917dc4e015b5fccadd7b2c9081290a431d
20260628T054019Z:RSO-0231:YES:178,20260628T054019Z,2026-06-28T05:40:19Z,RSO-0231,Next Prime Minister of New Zealand,Next Prime Minister of New Zealand — Chris Hipkins,Chris Hipkins,New Zealand,global_satellite,parliamentary_mmp,new_zealand_next_pm_2026,2116541,0xecffb867dc6b5421ec726ff8a44de5a538ccbad7dc1ea5c8b175b00293227cb5,will-chris-hipkins-be-the-next-prime-minister-of-new-zealand-after-the-2026-elections-662,https://polymarket.com/event/will-chris-hipkins-be-the-next-prime-minister-of-new-zealand-after-the-2026-elections-662,YES,3695219925197907796815418584626632598111929883522292242191442837649708153579,Will Chris Hipkins be the next Prime Minister of New Zealand after the 2026 elections?,OK,0.53,0.54,0.535,0.01,0.535,mid,0.54,0.53,2058.03,2200.51,2680.33,3094.94,3094.94,3319.61,5198.34,5479.94,55494.53,116086.28,,true,,1782625240745,96bae35cece3f666962988c185b6b817cc308bc3
20260628T054019Z:RSO-0232:YES:179,20260628T054019Z,2026-06-28T05:40:19Z,RSO-0232,Next Prime Minister of New Zealand,Next Prime Minister of New Zealand — Christopher Luxon,Christopher Luxon,New Zealand,global_satellite,parliamentary_mmp,new_zealand_next_pm_2026,2116540,0xe47bf7ef4d5476dba1e9c920b82cfeb54157399f951fdc83ac7868d4896d1b51,will-christopher-luxon-be-the-next-prime-minister-of-new-zealand-after-the-2026-elections-718,https://polymarket.com/event/will-christopher-luxon-be-the-next-prime-minister-of-new-zealand-after-the-2026-elections-718,YES,19436667452351897669739565884931351453429893965166224489399167885678976570550,Will Christopher Luxon be the next Prime Minister of New Zealand after the 2026 elections?,OK,0.44,0.45,0.445,0.01,0.445,mid,0.45,0.44,1423.13,1325.93,2741.05,3800.75,9541.88,3007.76,4861.67,6511.65,57203.16,172570.77,,true,,1782625241399,3a8eb94afd6b7119c67d887597222b093ad311e6
20260628T054019Z:RSO-0233:YES:180,20260628T054019Z,2026-06-28T05:40:19Z,RSO-0233,Next Prime Minister of New Zealand,Next Prime Minister of New Zealand — Nicola Willis,Nicola Willis,New Zealand,global_satellite,parliamentary_mmp,new_zealand_next_pm_2026,2116543,0x49ca5b6402d30912f79497b12211fd12571d1beef9cdc3e014491d202b1c863c,will-nicola-willis-be-the-next-prime-minister-of-new-zealand-after-the-2026-elections-636,https://polymarket.com/event/will-nicola-willis-be-the-next-prime-minister-of-new-zealand-after-the-2026-elections-636,YES,101779929345953030764780328225834722292970803429486638560281721195397549925596,Will Nicola Willis be the next Prime Minister of New Zealand after the 2026 elections?,OK,0.011,0.035,0.023,0.024,0.023,mid,0.035,0.011,13.3,15,48764.11,48764.11,48764.11,665,1030,1930,48764.11,168203.03,,true,,1782625246519,6b82b7d6a4ef44cb4de6f0243764a825e36d41f7
20260628T054019Z:RSO-0234:YES:181,20260628T054019Z,2026-06-28T05:40:19Z,RSO-0234,Next Prime Minister of New Zealand,Next Prime Minister of New Zealand — Winston Peters,Winston Peters,New Zealand,global_satellite,parliamentary_mmp,new_zealand_next_pm_2026,2116542,0xb2a0400f22578a6fd694aa89613d3e38918b15c222ddc844cabcee24aab0e7db,will-winston-peters-be-the-next-prime-minister-of-new-zealand-after-the-2026-elections-871,https://polymarket.com/event/will-winston-peters-be-the-next-prime-minister-of-new-zealand-after-the-2026-elections-871,YES,27854146347052378018620085340753762973697391204994394619103479868476430133384,Will Winston Peters be the next Prime Minister of New Zealand after the 2026 elections?,OK,0.008,0.032,0.02,0.024,0.02,mid,0.032,0.008,417,26.4,38654.1,38654.1,38654.1,1273.1,1401.41,1831.41,38654.1,225313.11,,true,,1782625246536,4aa7b85d4ad51044147fb5b54140c48769cd5b1a
20260628T054019Z:RSO-0235:YES:182,20260628T054019Z,2026-06-28T05:40:19Z,RSO-0235,Next Prime Minister of New Zealand,Next Prime Minister of New Zealand — Carmel Sepuloni,Carmel Sepuloni,New Zealand,global_satellite,parliamentary_mmp,new_zealand_next_pm_2026,2116546,0xec0f0488794acf9c9c1c065ded931fae0958c936a92d6c381e54c07666f0e1d5,will-carmel-sepuloni-be-the-next-prime-minister-of-new-zealand-after-the-2026-elections-556,https://polymarket.com/event/will-carmel-sepuloni-be-the-next-prime-minister-of-new-zealand-after-the-2026-elections-556,YES,95828846972962727948537717906449211001561086768404868556972607015903217834173,Will Carmel Sepuloni be the next Prime Minister of New Zealand after the 2026 elections?,OK,0.003,0.01,0.0065,0.007,0.0065,mid,0.01,0.003,429.3,7.5,58149.18,58149.18,58149.18,26.9,310.19,500.61,58149.18,213899.95,,true,,1782625246563,c474e70fa976af021e39f279bf43c0f6d17b31eb
20260628T054019Z:RSO-0236:YES:183,20260628T054019Z,2026-06-28T05:40:19Z,RSO-0236,Next Prime Minister of New Zealand,Next Prime Minister of New Zealand — Chlöe Swarbrick,Chlöe Swarbrick,New Zealand,global_satellite,parliamentary_mmp,new_zealand_next_pm_2026,2116544,0x019fa8566706b244422275cef69ed636cc5fb4c7a361b8726723e669c7c28d49,will-chle-swarbrick-be-the-next-prime-minister-of-new-zealand-after-the-2026-elections-297,https://polymarket.com/event/will-chle-swarbrick-be-the-next-prime-minister-of-new-zealand-after-the-2026-elections-297,YES,75665593440657693326391238791206938532050925706126172140531515483868869929806,Will Chlöe Swarbrick be the next Prime Minister of New Zealand after the 2026 elections?,OK,0.002,0.007,0.0045,0.005,0.0045,mid,0.007,0.002,2000,8.8,43345,43345,43345,218.14,218.14,734.74,43345,213021.74,,true,,1782625246643,e2df08823d80de89575450794770d9eb9c86bac4
20260628T054019Z:RSO-0237:YES:184,20260628T054019Z,2026-06-28T05:40:19Z,RSO-0237,Next Prime Minister of New Zealand,Next Prime Minister of New Zealand — David Seymour,David Seymour,New Zealand,global_satellite,parliamentary_mmp,new_zealand_next_pm_2026,2116545,0xc373506f31377031294354429d846470a7dd62c51ba6712e76a401168888ac82,will-david-seymour-be-the-next-prime-minister-of-new-zealand-after-the-2026-elections-159,https://polymarket.com/event/will-david-seymour-be-the-next-prime-minister-of-new-zealand-after-the-2026-elections-159,YES,110204323487167340963911918577405332532704384089593183256228464588428208899872,Will David Seymour be the next Prime Minister of New Zealand after the 2026 elections?,OK,0.002,0.005,0.0035,0.003,0.0035,mid,0.005,0.002,1000,111.24,58608.29,58608.29,58608.29,111.24,238.44,533.44,58608.29,212268.01,,true,,1782625243585,d5abf6541865efe942270e49dcab979834e228f4
20260628T054019Z:RSO-0238:YES:185,20260628T054019Z,2026-06-28T05:40:19Z,RSO-0238,New Zealand legislative election winner,New Zealand legislative election winner — Labour Party,Labour Party,New Zealand,global_satellite,parliamentary_mmp,new_zealand_most_seats_2026,2116494,0x741d99d33224258ad4536be7adbfdea7cacdaec616ce88e13755bfafde9c6d19,will-labour-party-win-the-most-seats-in-the-new-zealand-house-of-representatives-in-the-2026-new-zealand-legislative-election,https://polymarket.com/event/will-labour-party-win-the-most-seats-in-the-new-zealand-house-of-representatives-in-the-2026-new-zealand-legislative-election,YES,41173471361536594020935639788423838947538990635956059031105519795147287673278,Will Labour Party win the most seats in the New Zealand House of Representatives in the 2026 New Zealand legislative election?,OK,0.66,0.67,0.665,0.01,0.665,mid,0.67,0.66,270,2854.98,1228.55,1986.22,2147.51,4657.69,9841.9,10360,114339.9,70977.39,,true,,1782625251816,53248d60b420ab2fc1c03c8b82d9a349d66a2e90
20260628T054019Z:RSO-0239:YES:186,20260628T054019Z,2026-06-28T05:40:19Z,RSO-0239,New Zealand legislative election winner,New Zealand legislative election winner — National Party,National Party,New Zealand,global_satellite,parliamentary_mmp,new_zealand_most_seats_2026,2116493,0xba155b6be6cabf93bf31dfcc56fe2f4e3e88d16b0d490319c635930f2d9fbd04,will-national-party-win-the-most-seats-in-the-new-zealand-house-of-representatives-in-the-2026-new-zealand-legislative-election,https://polymarket.com/event/will-national-party-win-the-most-seats-in-the-new-zealand-house-of-representatives-in-the-2026-new-zealand-legislative-election,YES,26180671930795783086167354944853320138724504174864059426988212642169432238219,Will National Party win the most seats in the New Zealand House of Representatives in the 2026 New Zealand legislative election?,OK,0.34,0.35,0.345,0.01,0.345,mid,0.35,0.34,1229,1228.38,1574.35,2570.24,3765.4,4121.55,6351.29,6641.39,281053.51,126694.76,,true,,1782625251989,522e977f12803f98e26ace133173a4038bd9b3f8
20260628T054019Z:RSO-0240:YES:187,20260628T054019Z,2026-06-28T05:40:19Z,RSO-0240,New Zealand legislative election winner,New Zealand legislative election winner — New Zealand First Party,New Zealand First Party,New Zealand,global_satellite,parliamentary_mmp,new_zealand_most_seats_2026,2116497,0xcf3de2bd2304559b075b1d83969d67368986ea21d610db929001cecaf0ba433b,will-new-zealand-first-party-win-the-most-seats-in-the-new-zealand-house-of-representatives-in-the-2026-new-zealand-legislative-election,https://polymarket.com/event/will-new-zealand-first-party-win-the-most-seats-in-the-new-zealand-house-of-representatives-in-the-2026-new-zealand-legislative-election,YES,54250030688640506340696163549320679317947609966294018523515464121362285768393,Will New Zealand First Party win the most seats in the New Zealand House of Representatives in the 2026 New Zealand legislative election?,OK,0.002,0.005,0.0035,0.003,0.0035,mid,0.005,0.002,71.78,200,2078.88,2078.88,2078.88,479.1,912.1,1181.1,2078.88,233846.52,,true,,1782625251989,2f9271e1f37630ca87a130a88546586061f55a08
20260628T054019Z:RSO-0241:YES:188,20260628T054019Z,2026-06-28T05:40:19Z,RSO-0241,New Zealand legislative election winner,New Zealand legislative election winner — Green Party,Green Party,New Zealand,global_satellite,parliamentary_mmp,new_zealand_most_seats_2026,2116495,0x88188d5f5c9b4c9d6b9b25b69cdc6fc635f629635cacd9f6c1b0190d3382198a,will-green-party-win-the-most-seats-in-the-new-zealand-house-of-representatives-in-the-2026-new-zealand-legislative-election,https://polymarket.com/event/will-green-party-win-the-most-seats-in-the-new-zealand-house-of-representatives-in-the-2026-new-zealand-legislative-election,YES,857700738563620094995568365548281646273066061752493305349670125904783426957,Will Green Party win the most seats in the New Zealand House of Representatives in the 2026 New Zealand legislative election?,OK,0.001,0.002,0.0015,0.001,0.0015,mid,0.002,0.001,7059.73,480.13,7059.73,7059.73,7059.73,622.2,968.48,1108.48,7059.73,226754.94,,true,,1782625251989,6bd7a0ecc43de37c1a3a0354dcb586cc81e7531b
