run_date,timestamp_utc,target_id,target_type,target_name,parent_market_name,primary_outcome_to_track,query,source_kind,source_name,published_at,title,url,relevance_score,relevance_bucket,matched_terms,market_safety
2026-07-06,2026-07-06T17:51:47Z,PARENT-senate-control-2026-3f78d4,parent,"Senate control, 2026","Senate control, 2026",Parent market briefing,"Senate control, 2026 -Polymarket -Kalshi -Metaculus -Manifold -PredictIt",google_news_rss,The New York Times,2026-07-06T14:55:08Z,Michigan U.S. Senate Election 2026: Latest Polls - The New York Times,https://news.google.com/rss/articles/CBMijgFBVV95cUxNZXg4R2RiNm5LQjloa25FZEFhY2tCX2k3U0ExVEJnNzVWeW1Ba21fbkRxYlFFX3M2TDdLeGlQUnViWGNfbFZWdlBiVHhNNUFqZE5ISjhsdlB5dGRPZ3ZaRVlpd24ybWMyX0dXUFFIWUFhbnM0c05DX1JLVmVYT0NFT1pFcHBGYU9hLXAyOXRR?oc=5,1,weak,,NO_MARKET_PRICES_INCLUDED
2026-07-06,2026-07-06T17:51:47Z,PARENT-senate-control-2026-3f78d4,parent,"Senate control, 2026","Senate control, 2026",Parent market briefing,"Senate control, 2026 -Polymarket -Kalshi -Metaculus -Manifold -PredictIt",google_news_rss,CNN,2026-07-02T10:00:28Z,The 9 Senate seats most likely to flip in 2026 - CNN,https://news.google.com/rss/articles/CBMiekFVX3lxTE1IdDRVak1MclBFai1CNUFxc3g0WVJtVHk2dDI5MExFN2FnWm5tWmpQVWN6MTlULWMzdFhYTG1IcEppalZnU0VDanZxOTRVbnVoUExKYlUtVV9uckZ3RFlTVFZDekxaZjNhMk5MSm8tN0l0bDJhb2xEVnFB?oc=5,0,weak,,NO_MARKET_PRICES_INCLUDED
2026-07-06,2026-07-06T17:51:47Z,PARENT-senate-control-2026-3f78d4,parent,"Senate control, 2026","Senate control, 2026",Parent market briefing,"Senate control, 2026 -Polymarket -Kalshi -Metaculus -Manifold -PredictIt",google_news_rss,The Hill,2026-07-01T17:43:00Z,GOP holds edge in Senate swing-state races: New York Times polls - The Hill,https://news.google.com/rss/articles/CBMikgFBVV95cUxNSElRWnhiNXd5aHcxXzZaZ2UyQ1JfU1BMQmZyeHRyM1pYWkRseEVaVEpJR21OSkFfZmY4ci1fRnJxMzE0SzM3MEc4SHZtVFR3NS1yMFh2U0Y4dHJWOEc2TjVEV09aWWl2WWVxZldkbHBrWEI0ck1VOG5IS1hTWnJTZzRhQ2p1UWZLY1VucTk4RkhwZ9IBlwFBVV95cUxQd25YZXJzVkxZYjByTmJPaTdqdlQzWmJnSlBKeUhlVXJoWlY0NTBRdlFhelJSOGJLcENPelB4QlpRZG9LOHdWNC1oT3ZROFY0MTdPcFNuTHFWejdpVU00Sy1YMG9mNnp2SzJVcnh0VGJrM1NqUU02TzNXVE5SV1ZXUjJGSF9LUzZpaDJCN2Y1WDA0TGJhQXJF?oc=5,1,weak,,NO_MARKET_PRICES_INCLUDED
2026-07-06,2026-07-06T17:51:47Z,PARENT-senate-control-2026-3f78d4,parent,"Senate control, 2026","Senate control, 2026",Parent market briefing,"Senate control, 2026 -Polymarket -Kalshi -Metaculus -Manifold -PredictIt",google_news_rss,Siena Poll,2026-07-01T09:09:22Z,"New York Times/Siena Polls in Alaska, Iowa, North Carolina, and Ohio - Siena Poll",https://news.google.com/rss/articles/CBMioAFBVV95cUxOTE81ZlFqWEIxNXczVzZWQ09LWGZCNnI5cjk4Mm0zNVJ3dFlLemItSkVVamI1N0V6OWQ3czZSRFRlZUNKV0NYaTRSUVgzVk5YN3RBeWhJTTg3UUUtNFl6ZkFHdEJUOVc1bHlaUlk5Y3Fva0xuZll2RzJZbENTTldOVlA5Q0JDR1VyV0JqVTB3eGxOMHBRN0J6WVNHZWFvNDE3?oc=5,1,weak,,NO_MARKET_PRICES_INCLUDED
2026-07-06,2026-07-06T17:51:47Z,PARENT-senate-control-2026-3f78d4,parent,"Senate control, 2026","Senate control, 2026",Parent market briefing,"Senate control, 2026 -Polymarket -Kalshi -Metaculus -Manifold -PredictIt",google_news_rss,The New York Times,2026-07-01T09:03:24Z,"Control of the Senate Is Up for Grabs, Times/Siena Polls Find - The New York Times",https://news.google.com/rss/articles/CBMifEFVX3lxTFB2S1FZYVRVT3VRbE1YVHFUcndfWmdmbnAtdWF5ekdYdEdETkhoMDJyb2xtU0N2TE9OUFphUjlvNW16YVlOTkQtQUYtNEtYNjE4Y1haQUpETXlHRDl3QkdkMy04OVNmQVprWXlELTJFNUdSSlY1UjdvSnNBZHA?oc=5,1,weak,,NO_MARKET_PRICES_INCLUDED
2026-07-06,2026-07-06T17:51:47Z,PARENT-senate-control-2026-3f78d4,parent,"Senate control, 2026","Senate control, 2026",Parent market briefing,"Senate control, 2026 -Polymarket -Kalshi -Metaculus -Manifold -PredictIt",google_news_rss,The Guardian,2026-07-03T12:00:00Z,"Democrats will have ‘field day’ with Trump inquiries if they win House, legal experts say | US midterm elections 2026 - The Guardian",https://news.google.com/rss/articles/CBMikAFBVV95cUxOb0hUNVVqdXc0ZldteUExVFRabFRJY0pUYy1QUFJFZk9aMFBQelFGU0VXZmFNSm1NWFZQNXhXbnh1UnlpS3AzRDI0LV9BVEtzWDNLa1V4ZDZQTk5KQ3FqLXh1UWJBeEpHZVVWS0l1cnMtc0hTN0x0TkhvZURfNHRucHMxZGNFVDdxTVZEdE1jN2U?oc=5,0,weak,,NO_MARKET_PRICES_INCLUDED
2026-07-06,2026-07-06T17:51:47Z,PARENT-house-control-2026-e220f1,parent,"House control, 2026","House control, 2026",Parent market briefing,"House control, 2026 -Polymarket -Kalshi -Metaculus -Manifold -PredictIt",google_news_rss,The New York Times,2026-07-06T14:40:35Z,The Race for Congress: Latest 2026 Polls - The New York Times,https://news.google.com/rss/articles/CBMiekFVX3lxTE5EdUZXTXBzRFFLOGZJR2hWaHlFUUw0em5XbTZQYTRNbnNmdkVOaXBRcEtuUDhQWnhxNUVsckIwTERBUUplcWtOSWtzY09Yb3FDVzBJY05kU04wb0dZc1d5LXlLbm1jZi1wckVUcjFoSTI1WDQ3R2FxRHZ3?oc=5,1,weak,,NO_MARKET_PRICES_INCLUDED
2026-07-06,2026-07-06T17:51:47Z,PARENT-house-control-2026-e220f1,parent,"House control, 2026","House control, 2026",Parent market briefing,"House control, 2026 -Polymarket -Kalshi -Metaculus -Manifold -PredictIt",google_news_rss,The Guardian,2026-07-03T12:00:00Z,"Democrats will have ‘field day’ with Trump inquiries if they win House, legal experts say | US midterm elections 2026 - The Guardian",https://news.google.com/rss/articles/CBMikAFBVV95cUxOb0hUNVVqdXc0ZldteUExVFRabFRJY0pUYy1QUFJFZk9aMFBQelFGU0VXZmFNSm1NWFZQNXhXbnh1UnlpS3AzRDI0LV9BVEtzWDNLa1V4ZDZQTk5KQ3FqLXh1UWJBeEpHZVVWS0l1cnMtc0hTN0x0TkhvZURfNHRucHMxZGNFVDdxTVZEdE1jN2U?oc=5,0,weak,,NO_MARKET_PRICES_INCLUDED
2026-07-06,2026-07-06T17:51:47Z,PARENT-house-control-2026-e220f1,parent,"House control, 2026","House control, 2026",Parent market briefing,"House control, 2026 -Polymarket -Kalshi -Metaculus -Manifold -PredictIt",google_news_rss,ap.org,2026-07-02T09:43:22Z,Democratic socialist Melat Kiros defeats longtime US House incumbent in Colorado - ap.org,https://news.google.com/rss/articles/CBMiywFBVV95cUxQWjBjVXFfczVFMkliLXd6SW1jSDdZTVljejhNRDZpeElIMlYwUENSVXMyWkNTZERxNWhGZXNXdGFCTG1USmJLTERMTzhpVnZaQVVHdlNkZzNIQTFhZkRWQ2ZGWHd3OFRieS1oVHZlNUhSTDUxdlE0eE5pNi0yV0ZtU1cwVGs3dVByeVk4YlI2LW83RWZtUTVoUWFSV1doMm9PMHp2YVNoT3hucTNVdFZZaE1QQU9MbXZsR2RkZkotM25weDZLNU9RQ0dRQQ?oc=5,0,weak,,NO_MARKET_PRICES_INCLUDED
2026-07-06,2026-07-06T17:51:47Z,PARENT-house-control-2026-e220f1,parent,"House control, 2026","House control, 2026",Parent market briefing,"House control, 2026 -Polymarket -Kalshi -Metaculus -Manifold -PredictIt",google_news_rss,House.gov,2026-06-30T15:15:55Z,Luna Opens Hearing on MKULTRA Project Transparency - House.gov,https://news.google.com/rss/articles/CBMikAFBVV95cUxPQ0pGZTN6NjlwV2xIMkdRWkp4OVVJQmtad0liMlMzUVJSUGFldjI0Z1RrMHVHQTBNMVdCczNaSEt0NGdaNl90aFBtcXdWWlNkS1lFYTlLYUNLRmJDMFZWSXFOSDFxV2VKWWppTnFFMExsNldITy1YYkdVcmZOT19oZzdnQ3dMeG5LekFvQUtyM18?oc=5,0,weak,,NO_MARKET_PRICES_INCLUDED
2026-07-06,2026-07-06T17:51:47Z,PARENT-house-control-2026-e220f1,parent,"House control, 2026","House control, 2026",Parent market briefing,"House control, 2026 -Polymarket -Kalshi -Metaculus -Manifold -PredictIt",google_news_rss,The Economist,2026-07-03T07:00:00Z,US House of Representatives 2026 forecast - The Economist,https://news.google.com/rss/articles/CBMigwFBVV95cUxQRUVXa291eEFCRVRTdllBZnRYb2tmN2lBeGphUmU5aHlZdkN6WUlwcDQ0SFlTa0lMMi1vZVhZUWVGWW83c18xSzdtMEQ2alYzZWFqem1XVHA3S1cxWW1MYzBqSzduazdIMUkwdjUxQ0lrTkdqQkRWYXltcms1U2ViSmt3aw?oc=5,0,weak,,NO_MARKET_PRICES_INCLUDED
2026-07-06,2026-07-06T17:51:47Z,PARENT-house-control-2026-e220f1,parent,"House control, 2026","House control, 2026",Parent market briefing,"House control, 2026 -Polymarket -Kalshi -Metaculus -Manifold -PredictIt",google_news_rss,CNN,2026-07-02T10:00:28Z,The 9 Senate seats most likely to flip in 2026 - CNN,https://news.google.com/rss/articles/CBMiekFVX3lxTE1IdDRVak1MclBFai1CNUFxc3g0WVJtVHk2dDI5MExFN2FnWm5tWmpQVWN6MTlULWMzdFhYTG1IcEppalZnU0VDanZxOTRVbnVoUExKYlUtVV9uckZ3RFlTVFZDekxaZjNhMk5MSm8tN0l0bDJhb2xEVnFB?oc=5,0,weak,,NO_MARKET_PRICES_INCLUDED
2026-07-06,2026-07-06T17:51:47Z,PARENT-republican-house-seats-after-2026-midterms-0c140f,parent,Republican House seats after 2026 midterms,Republican House seats after 2026 midterms,Parent market briefing,Republican House seats after 2026 midterms -Polymarket -Kalshi -Metaculus -Manifold -PredictIt,google_news_rss,The New York Times,2026-07-06T14:40:35Z,The Race for Congress: Latest 2026 Polls - The New York Times,https://news.google.com/rss/articles/CBMiekFVX3lxTE5EdUZXTXBzRFFLOGZJR2hWaHlFUUw0em5XbTZQYTRNbnNmdkVOaXBRcEtuUDhQWnhxNUVsckIwTERBUUplcWtOSWtzY09Yb3FDVzBJY05kU04wb0dZc1d5LXlLbm1jZi1wckVUcjFoSTI1WDQ3R2FxRHZ3?oc=5,1,weak,,NO_MARKET_PRICES_INCLUDED
2026-07-06,2026-07-06T17:51:47Z,PARENT-republican-house-seats-after-2026-midterms-0c140f,parent,Republican House seats after 2026 midterms,Republican House seats after 2026 midterms,Parent market briefing,Republican House seats after 2026 midterms -Polymarket -Kalshi -Metaculus -Manifold -PredictIt,google_news_rss,AS/COA,2026-07-02T12:00:00Z,Poll Tracker: The U.S. Latino Vote in the 2026 Midterms - AS/COA,https://news.google.com/rss/articles/CBMifkFVX3lxTE02WTZsVlZYVDBVZXFFUVdndUVqNkJ1WWUwRTlHeXN3RENKb05rWnkyemp1bkxwanRoTmxtUlhBN1hKWHJlTURXNlMwc1hESHd2Q0JOc0hfTWdOWHEzeUJTRFIwT2YwcUlQbFdVNGNFSl9uMFhjaThuR1FFUkdhdw?oc=5,1,weak,,NO_MARKET_PRICES_INCLUDED
2026-07-06,2026-07-06T17:51:47Z,PARENT-republican-house-seats-after-2026-midterms-0c140f,parent,Republican House seats after 2026 midterms,Republican House seats after 2026 midterms,Parent market briefing,Republican House seats after 2026 midterms -Polymarket -Kalshi -Metaculus -Manifold -PredictIt,google_news_rss,NBC News,2026-07-06T13:55:18Z,2026 Primary Election Calendar: What Races Are Today? - NBC News,https://news.google.com/rss/articles/CBMickFVX3lxTE8wZ0FEZ0NyOGRRU0hlSW1zbWo4bUFWTDRybHFSQWVMQUdFQ0FuVWNvenRFV2pVZkVueDNfckY2SjZraUo1d2xLX2VDVDN5eEpja1YyOWp1SDdYaFY0ajV1Z3VmZWV2blNaUk5FOXhDeU5wdw?oc=5,0,weak,,NO_MARKET_PRICES_INCLUDED
2026-07-06,2026-07-06T17:51:47Z,PARENT-republican-house-seats-after-2026-midterms-0c140f,parent,Republican House seats after 2026 midterms,Republican House seats after 2026 midterms,Parent market briefing,Republican House seats after 2026 midterms -Polymarket -Kalshi -Metaculus -Manifold -PredictIt,google_news_rss,CNN,2026-07-02T10:00:28Z,The 9 Senate seats most likely to flip in 2026 - CNN,https://news.google.com/rss/articles/CBMiekFVX3lxTE1IdDRVak1MclBFai1CNUFxc3g0WVJtVHk2dDI5MExFN2FnWm5tWmpQVWN6MTlULWMzdFhYTG1IcEppalZnU0VDanZxOTRVbnVoUExKYlUtVV9uckZ3RFlTVFZDekxaZjNhMk5MSm8tN0l0bDJhb2xEVnFB?oc=5,0,weak,,NO_MARKET_PRICES_INCLUDED
2026-07-06,2026-07-06T17:51:47Z,PARENT-republican-house-seats-after-2026-midterms-0c140f,parent,Republican House seats after 2026 midterms,Republican House seats after 2026 midterms,Parent market briefing,Republican House seats after 2026 midterms -Polymarket -Kalshi -Metaculus -Manifold -PredictIt,google_news_rss,The Guardian,2026-06-30T23:39:00Z,‘Historic Event’: Trump announces Republican midterm convention - The Guardian,https://news.google.com/rss/articles/CBMilgFBVV95cUxNdnowMzRrUktpeEQyMWFFZE92ZWN4VUxZZy15TXN5N2hfR0tXdWhzaVN2TDg3eWxTUF9aSU5FTUl4LTFwMk8wZUJYa2tqR18zMFpEd0VUZi1iMTNlZ0s4cGNmdFp0MW9DdW5yNEVkcHJmTUtoUlE4TlJFbXBjQUpBNzZMQWFMUWdabWtFcmh4WFRic05MNlE?oc=5,0,weak,,NO_MARKET_PRICES_INCLUDED
2026-07-06,2026-07-06T17:51:47Z,PARENT-republican-house-seats-after-2026-midterms-0c140f,parent,Republican House seats after 2026 midterms,Republican House seats after 2026 midterms,Parent market briefing,Republican House seats after 2026 midterms -Polymarket -Kalshi -Metaculus -Manifold -PredictIt,google_news_rss,The Hill,2026-07-01T10:00:00Z,FOR INSIDERS: The 5 Senate seats most likely to flip in November - The Hill,https://news.google.com/rss/articles/CBMieEFVX3lxTE84Sjh0d2sza0t5RGtDVHBUNEt4THFSZGVUV2RZTWc5MXNVaEF3SUlUWHpSdkoxejYxenZTZGVCTTQxaFIwdXRVNnhwb0hlZ1N5TjZZeXFacHU2SzdBQ1FuUVFES0ItYXViaVFPaTJjVURCQnUyUUp5NdIBfkFVX3lxTE44VndWd2lxaHF3anZ0c20xa0pXelQ3NE15M3hvWDBxQW00RnEwT2w0WlhEdmdHMmVXVHI1by1wQ0tmajZyOTVCWlREOFhUY0xUYm53a0dxVzlXWHJwTzY1YjM1cFdyazBqT3pVWFNpaEpYczJKN2dDWklXTXNBQQ?oc=5,0,weak,,NO_MARKET_PRICES_INCLUDED
2026-07-06,2026-07-06T17:51:47Z,PARENT-republican-senate-seats-after-2026-midterms-c8bcf6,parent,Republican Senate seats after 2026 midterms,Republican Senate seats after 2026 midterms,Parent market briefing,Republican Senate seats after 2026 midterms -Polymarket -Kalshi -Metaculus -Manifold -PredictIt,google_news_rss,Council on Foreign Relations,2026-07-03T12:00:00Z,"The Supreme Court, Mail-in Voting, Campaign Spending, and the 2026 Midterm Elections - Council on Foreign Relations",https://news.google.com/rss/articles/CBMirwFBVV95cUxPcFVLYWtMYjFwMGROYjZLV09ST2dxOThpSUtVTUFOcDZLWDlqQy1ReUszYVJsUzVtanBob2hTbHdKTVJyOG5iaEtFXzRTSWxaOXBUM0NUdXFhQzJJeEwxdUdXRG9pSThxSmd6Y0kwazdCOWU2R1laNEZ6NEdkMkhRbVk4V24yVXVzdlZPQXV3S0ZsalQ5M2paOEJEOXFCNVl6VlBYcFJLTnlEeDd5cmJ3?oc=5,0,weak,,NO_MARKET_PRICES_INCLUDED
2026-07-06,2026-07-06T17:51:47Z,PARENT-republican-senate-seats-after-2026-midterms-c8bcf6,parent,Republican Senate seats after 2026 midterms,Republican Senate seats after 2026 midterms,Parent market briefing,Republican Senate seats after 2026 midterms -Polymarket -Kalshi -Metaculus -Manifold -PredictIt,google_news_rss,CNN,2026-07-02T10:00:28Z,The 9 Senate seats most likely to flip in 2026 - CNN,https://news.google.com/rss/articles/CBMiekFVX3lxTE1IdDRVak1MclBFai1CNUFxc3g0WVJtVHk2dDI5MExFN2FnWm5tWmpQVWN6MTlULWMzdFhYTG1IcEppalZnU0VDanZxOTRVbnVoUExKYlUtVV9uckZ3RFlTVFZDekxaZjNhMk5MSm8tN0l0bDJhb2xEVnFB?oc=5,0,weak,,NO_MARKET_PRICES_INCLUDED
2026-07-06,2026-07-06T17:51:47Z,PARENT-republican-senate-seats-after-2026-midterms-c8bcf6,parent,Republican Senate seats after 2026 midterms,Republican Senate seats after 2026 midterms,Parent market briefing,Republican Senate seats after 2026 midterms -Polymarket -Kalshi -Metaculus -Manifold -PredictIt,google_news_rss,The New York Times,2026-07-01T07:00:00Z,Tracking Competitive Races in the House and Senate - The New York Times,https://news.google.com/rss/articles/CBMilAFBVV95cUxQZ0ZhWGZlU2pYdmYwbk9SNk9JMWd6aTN1SjNudktsVkFoWEt3T3FJR1RjTC1ZU3Q3YU9ReTV0WUJJQkdDOWpzTWJ1X0liWk91MlpFdmxvX2F2THY3VnBVRDlRQlZFY19fYjRrZDQ1UlN6TGRueERkdmNIQkVveEZHMjd3eFVlM0VFWVN6WDEzcFBDSzdt?oc=5,0,weak,,NO_MARKET_PRICES_INCLUDED
2026-07-06,2026-07-06T17:51:47Z,PARENT-republican-senate-seats-after-2026-midterms-c8bcf6,parent,Republican Senate seats after 2026 midterms,Republican Senate seats after 2026 midterms,Parent market briefing,Republican Senate seats after 2026 midterms -Polymarket -Kalshi -Metaculus -Manifold -PredictIt,google_news_rss,PBS,2026-06-29T22:05:25Z,Live Results: Colorado midterm primaries - PBS,https://news.google.com/rss/articles/CBMigwFBVV95cUxOakh0SUNaMkpNRncydnRvd1FQUTRFdzRqN3M1M0pUSHd1ZGFtUzNNVEV2VXFidmM3cW1GVGI5dXJRRjdhQnRmdENDS3dnV2ZfS3JId2ItQ2k0cEJMSV9VLUI3OWYxdWYwQVRlUGZJbWg5b3Fhck1CUkhPcURsMVlsUDBmTdIBiAFBVV95cUxPUzFmbVdid0RTVm5Rd3N5MHo5RkZUZ1JycVpQb19CanU3SnVEUy05VHAyY0hNRGVKOXFiX1pYZnNjN3RDcGgzYWtvRFo0TXU0a3k3Mkp5NkF5TWxLN29iS3BQb0ItVVhlb0w1b2o1LUJDX1c2WlVFTE1aeng1RXdFaEZEUktMemFs?oc=5,0,weak,,NO_MARKET_PRICES_INCLUDED
2026-07-06,2026-07-06T17:51:47Z,PARENT-republican-senate-seats-after-2026-midterms-c8bcf6,parent,Republican Senate seats after 2026 midterms,Republican Senate seats after 2026 midterms,Parent market briefing,Republican Senate seats after 2026 midterms -Polymarket -Kalshi -Metaculus -Manifold -PredictIt,google_news_rss,The Hill,2026-07-01T10:00:00Z,FOR INSIDERS: The 5 Senate seats most likely to flip in November - The Hill,https://news.google.com/rss/articles/CBMieEFVX3lxTE84Sjh0d2sza0t5RGtDVHBUNEt4THFSZGVUV2RZTWc5MXNVaEF3SUlUWHpSdkoxejYxenZTZGVCTTQxaFIwdXRVNnhwb0hlZ1N5TjZZeXFacHU2SzdBQ1FuUVFES0ItYXViaVFPaTJjVURCQnUyUUp5NdIBfkFVX3lxTE44VndWd2lxaHF3anZ0c20xa0pXelQ3NE15M3hvWDBxQW00RnEwT2w0WlhEdmdHMmVXVHI1by1wQ0tmajZyOTVCWlREOFhUY0xUYm53a0dxVzlXWHJwTzY1YjM1cFdyazBqT3pVWFNpaEpYczJKN2dDWklXTXNBQQ?oc=5,0,weak,,NO_MARKET_PRICES_INCLUDED
2026-07-06,2026-07-06T17:51:47Z,PARENT-republican-senate-seats-after-2026-midterms-c8bcf6,parent,Republican Senate seats after 2026 midterms,Republican Senate seats after 2026 midterms,Parent market briefing,Republican Senate seats after 2026 midterms -Polymarket -Kalshi -Metaculus -Manifold -PredictIt,google_news_rss,AS/COA,2026-07-02T12:00:00Z,Poll Tracker: The U.S. Latino Vote in the 2026 Midterms - AS/COA,https://news.google.com/rss/articles/CBMifkFVX3lxTE02WTZsVlZYVDBVZXFFUVdndUVqNkJ1WWUwRTlHeXN3RENKb05rWnkyemp1bkxwanRoTmxtUlhBN1hKWHJlTURXNlMwc1hESHd2Q0JOc0hfTWdOWHEzeUJTRFIwT2YwcUlQbFdVNGNFSl9uMFhjaThuR1FFUkdhdw?oc=5,1,weak,,NO_MARKET_PRICES_INCLUDED
2026-07-06,2026-07-06T17:51:47Z,PARENT-maine-senate-election-winner-55721d,parent,Maine Senate Election Winner,Maine Senate Election Winner,Parent market briefing,Maine Senate Election Winner -Polymarket -Kalshi -Metaculus -Manifold -PredictIt,google_news_rss,The New York Times,2026-07-01T09:03:24Z,"Control of the Senate Is Up for Grabs, Times/Siena Polls Find - The New York Times",https://news.google.com/rss/articles/CBMifEFVX3lxTFB2S1FZYVRVT3VRbE1YVHFUcndfWmdmbnAtdWF5ekdYdEdETkhoMDJyb2xtU0N2TE9OUFphUjlvNW16YVlOTkQtQUYtNEtYNjE4Y1haQUpETXlHRDl3QkdkMy04OVNmQVprWXlELTJFNUdSSlY1UjdvSnNBZHA?oc=5,0,weak,,NO_MARKET_PRICES_INCLUDED
2026-07-06,2026-07-06T17:51:47Z,PARENT-maine-senate-election-winner-55721d,parent,Maine Senate Election Winner,Maine Senate Election Winner,Parent market briefing,Maine Senate Election Winner -Polymarket -Kalshi -Metaculus -Manifold -PredictIt,google_news_rss,Maine Morning Star,2026-07-01T08:06:44Z,How SCOTUS striking limits on party spending could impact Maine’s Senate race - Maine Morning Star,https://news.google.com/rss/articles/CBMiuAFBVV95cUxNZkx6elVibHQxRzZpSEQwVFdlcGM5MGVSY2RISFVZRENSVGo1dFplUlJTZXZYbnFoTTFYcU9CbnZrN2NJRkZNQXRKZzQwMWYwaEw2bkttSzh3VlloeG1ZM1VjM19SZFl3RmtSVTAweFJsSFZlUUs1cGZjQmtZSTg5ZWNEQl92NVFXMHE3Wm5QcGJkaDEybVp5b3BwMy1RX21zT1Q0TnBVLU9YV01qMzJKc0dZWHdDUldj?oc=5,6,strong,maine,NO_MARKET_PRICES_INCLUDED
2026-07-06,2026-07-06T17:51:47Z,PARENT-maine-senate-election-winner-55721d,parent,Maine Senate Election Winner,Maine Senate Election Winner,Parent market briefing,Maine Senate Election Winner -Polymarket -Kalshi -Metaculus -Manifold -PredictIt,google_news_rss,WMTW,2026-07-02T07:00:00Z,Maine's Senate primary election results: Graham Platner declared winner in Democratic primary - WMTW,https://news.google.com/rss/articles/CBMipAFBVV95cUxQei1IZjRSeVFWZW03SXRfMXVvelBxRFc0d3dBN0dHZmt4UzNWN2dMemdRMWVrRUh0UTQ0SGNyT3ZLSXVDNkhUVmJSaHNHbEdXdm1LenBmSW50OXJDYmVEZE1aQzNUemp5aC0tbkxjTHcyRXJFT1pGeUQzTHR5R19WVE83TFBQQzFTeVN2Qkt4dDdqT1lma0ZtYWI1Wnl4N3dKMGozdg?oc=5,6,strong,maine,NO_MARKET_PRICES_INCLUDED
2026-07-06,2026-07-06T17:51:47Z,PARENT-maine-senate-election-winner-55721d,parent,Maine Senate Election Winner,Maine Senate Election Winner,Parent market briefing,Maine Senate Election Winner -Polymarket -Kalshi -Metaculus -Manifold -PredictIt,google_news_rss,Fox News,2026-06-30T22:00:01Z,"Fox News Poll: Maine Senate race is tight, with concerns about both candidates - Fox News",https://news.google.com/rss/articles/CBMiowFBVV95cUxPTUdXM1ZjWkJGMHhzbjVCa0NWTDV0SkZPOUota1lTekM2ZHJhVjBCZGd3Mk5XZ0huelNyNjBKVXRTMjRUcGQ2eWwxSnRoOHJUbE5TdmwzdHIzNG1TS1NVa1p0dmtGZXppY3ZzdUZNWUhUd3c4eGc3dGRGRVZKdUJheS14bl9JdVktV0doVmE2S3p1NG1ieTNUTDFJN05DRlFEWjA40gGoAUFVX3lxTE9fZGV3OTZHT3poS0FvbEd2T0R6MnNObGNKaFpobjVYQ0U5ZVdiR2E0WlRfd3h5ZkhUcE1tVGprYUJLaXk4cmZCSEZoMUVrRzRRdnlIOXJnVlh4d0htemxiOFVYbW8yem1HRUFua0VDd0hydGxUMWdFbUNyN0ZreUVrVGxsNVd6Vnk4WlBmT2xWNEd1SkFoUm5SNWFObGtnVTMtT1BoeklhTg?oc=5,7,strong,maine,NO_MARKET_PRICES_INCLUDED
2026-07-06,2026-07-06T17:51:47Z,PARENT-maine-senate-election-winner-55721d,parent,Maine Senate Election Winner,Maine Senate Election Winner,Parent market briefing,Maine Senate Election Winner -Polymarket -Kalshi -Metaculus -Manifold -PredictIt,google_news_rss,Maine Public,2026-07-01T14:22:00Z,"Graham Platner's campaign is confident, but worries about the GOP's spending spree - Maine Public",https://news.google.com/rss/articles/CBMixgFBVV95cUxOai14YjRGYnFVZnMxSHYzdWtTZFVtTXlhTDYwQzZHa0FwWWxNMlp2eXhjMFoxV0dGb3BjS0ZLWWhISThYSkNEb0UwbFBIS2kwRHE0UUpGMm5LaDgzZTJjbWhmNnByMVAtOHlkdTVMOERUazAxSEJ2RmwtcXM1bVlNSlVNZmhmTFpndlJIeWhIS3NPM2xYTXlQeHM3T3dkalBUY1dWY2tJc1hKQUVaSEZ0VDJiSEQ2UnJhbVY0NExCQWRSUm5vZWc?oc=5,5,broad,maine,NO_MARKET_PRICES_INCLUDED
2026-07-06,2026-07-06T17:51:47Z,PARENT-maine-senate-election-winner-55721d,parent,Maine Senate Election Winner,Maine Senate Election Winner,Parent market briefing,Maine Senate Election Winner -Polymarket -Kalshi -Metaculus -Manifold -PredictIt,google_news_rss,Bangor Daily News,2026-07-01T05:00:00Z,The Supreme Court just flooded more money into Maine’s Senate race - Bangor Daily News,https://news.google.com/rss/articles/CBMitAFBVV95cUxQbkZsYURjU2VXOERpYWFfRFVxaE9EWG16c0hMTE9WX1l5R3NRRFBmWTZ1MGFCV25WSXJocDJuQXNGMGx4dHF4Ylo0LWlUWHNWeTlxVGlKa1BWeGp2YXd2OHZ1alJYcWRMZkNxRFgwYmE4YTlfckpValhfVTZGODF2TFpxWmxHbFlZU2NnbG50eTNOVXpHVllwZ3dITmdadXI1TDlXc1BjMjhXZ01ySHFEVzR0RVc?oc=5,6,strong,maine,NO_MARKET_PRICES_INCLUDED
2026-07-06,2026-07-06T17:51:47Z,PARENT-texas-senate-election-winner-fee45a,parent,Texas Senate Election Winner,Texas Senate Election Winner,Parent market briefing,Texas Senate Election Winner -Polymarket -Kalshi -Metaculus -Manifold -PredictIt,google_news_rss,The New York Times,2026-07-06T13:32:54Z,Texas U.S. Senate Election 2026: Latest Polls - The New York Times,https://news.google.com/rss/articles/CBMiigFBVV95cUxNRnFTY28wbS10QjZaN2NoLURKTUNYNkRlVXJFenVsTWphQVBQS2lySHdTOVVKTGhSSVRsX2JSeVEwUE9hMWpVdWU5Z2JESHJSalV5ZFEtQm5sTzY3LWQ5NFR3WjhLeE9IaUQ4VDRoZkhUOHRxQkc1cnR1TG5YVThJLVlJeW10QkxBYVE?oc=5,7,strong,texas,NO_MARKET_PRICES_INCLUDED
2026-07-06,2026-07-06T17:51:47Z,PARENT-texas-senate-election-winner-fee45a,parent,Texas Senate Election Winner,Texas Senate Election Winner,Parent market briefing,Texas Senate Election Winner -Polymarket -Kalshi -Metaculus -Manifold -PredictIt,google_news_rss,The Washington Post,2026-06-30T23:06:30Z,"Texas Senate race is dead even, poll finds - The Washington Post",https://news.google.com/rss/articles/CBMimAFBVV95cUxObDlSNTFuRkpMYVdtcW9GZnVrUjUxVEo4eXo5bEticld2UWY4cnhWOVhxVzRWalllbUZGNGJsMUdaRUx5NFFIOXNqcGs3VF9ESTloWGNQTEhlejEtUDdZLTgzVV9kVmdhNzBtc3dGd3RYMXA3NkNRZ2pTS2hLWktFZUVIY2s1eU5uU05RTmNiRlotNzR0eVRMRw?oc=5,7,strong,texas,NO_MARKET_PRICES_INCLUDED
2026-07-06,2026-07-06T17:51:47Z,PARENT-texas-senate-election-winner-fee45a,parent,Texas Senate Election Winner,Texas Senate Election Winner,Parent market briefing,Texas Senate Election Winner -Polymarket -Kalshi -Metaculus -Manifold -PredictIt,google_news_rss,Austin American-Statesman,2026-07-06T10:04:19Z,Why both Ken Paxton and James Talarico should be nervous - Austin American-Statesman,https://news.google.com/rss/articles/CBMimgFBVV95cUxPZVBrNml2SWp6a1hUOWs0Ti1oeTZkOHcyRjhpdkZ6VUM4N2hTTFYySXZ3UVZieDBpZzMtdXlhWnpvRVBpaXlOX2wwdVJ0MlRJTmFvYnU5clZYUEpES0hYaktXVjdRakNRTlpDM1NXQmZSdGJ6ZnZKSTZLV2lzbXRZX2lfUlk0N1NuaWw4RFRpQUlzNjl6YU5Cbnd3?oc=5,0,weak,,NO_MARKET_PRICES_INCLUDED
2026-07-06,2026-07-06T17:51:47Z,PARENT-texas-senate-election-winner-fee45a,parent,Texas Senate Election Winner,Texas Senate Election Winner,Parent market briefing,Texas Senate Election Winner -Polymarket -Kalshi -Metaculus -Manifold -PredictIt,google_news_rss,Politico,2026-06-30T14:01:00Z,Talarico and Paxton tied in latest Texas Senate poll - Politico,https://news.google.com/rss/articles/CBMiiwFBVV95cUxNUk1kUWdRSjBQMGdDMHBxVy1UZlBwUTBxVEpfTlZrcnFnVUtvNUxZR2gzcnZVaHdET2xjaExBYk5vUVFtZVBXeEl0cGlSNDVUem8waVp4dEhpYlJ3VW05VDg3QmJ3UEhsbHozU3FMWnpHOFlHcWxrNFZoNG1JdFlIbGRZc3BoSUhjcGFn?oc=5,7,strong,texas,NO_MARKET_PRICES_INCLUDED
2026-07-06,2026-07-06T17:51:47Z,PARENT-texas-senate-election-winner-fee45a,parent,Texas Senate Election Winner,Texas Senate Election Winner,Parent market briefing,Texas Senate Election Winner -Polymarket -Kalshi -Metaculus -Manifold -PredictIt,google_news_rss,Fox News,2026-06-30T15:49:46Z,"Shock poll: Talarico ties Paxton in Texas Senate race, threatening GOP stronghold - Fox News",https://news.google.com/rss/articles/CBMirgFBVV95cUxNNEdzWjdXTkpvbGJXWTFPZXhwNVpyQ1Bsd0Z6RmFsWjNSamI1YTBPQ2VxY0RLRkZiWWt0Qk5lWl9KendteDRWaVhuZmhqakxHVk5tblZqbXoxZkVZTW9OclNJWHV1SjdKdDRyOFVLREdPeDRXOWtqVEFaQXJQMHhCMFp2QlRJMmctVklHaWRYdWZTRE0zdk1wbFhrUzNtR0ZqTlVkRmVZU21mZ25lalHSAbMBQVVfeXFMTzRROW5RNTBWT2VidldyWm9LQnRyZ2NWd01QX2tvSEJ1d19tZjBMOFJpMDRXMTI2dmVvUXdYelVyRFc4RlhkdmkwRGhHaW5YbG56TnQwenZYdWVodkMxSmpFdWMzaURqMTNzU1hkd1p6UHhZclJJX01MN1g1NlFua0VWSTItWnJpM3FTRmJCUm1td2ZNT3RvNHBLa3Zob2E2Zk5ITUlNUFZjeEZSQjEtUEJ4dGs?oc=5,7,strong,texas,NO_MARKET_PRICES_INCLUDED
2026-07-06,2026-07-06T17:51:47Z,PARENT-texas-senate-election-winner-fee45a,parent,Texas Senate Election Winner,Texas Senate Election Winner,Parent market briefing,Texas Senate Election Winner -Polymarket -Kalshi -Metaculus -Manifold -PredictIt,google_news_rss,The New York Times,2026-06-30T09:02:56Z,"A Tied Senate Race Gives Democrats a Shot in Deep Red Texas, Poll Finds - The New York Times",https://news.google.com/rss/articles/CBMijgFBVV95cUxPaGF2U0w1MDhnQ2VBWG44dWFoakswX01nb2VWeVc0cW1BelM4cEQ2bFdYN3pqNFBqTlpHdHlXd2pabkU1VlNGa1NibXZ1LUxjc1k1OHdrbE9US2QtR3FwVDU4enhpZ3pJVnF1WHpXdEhtRzI1dHQ2czlaVXlVN1ZBbDVwTTV6VWdoWjRvNkdn?oc=5,7,strong,texas,NO_MARKET_PRICES_INCLUDED
2026-07-06,2026-07-06T17:51:47Z,PARENT-alaska-senate-election-winner-7e432b,parent,Alaska Senate Election Winner,Alaska Senate Election Winner,Parent market briefing,Alaska Senate Election Winner -Polymarket -Kalshi -Metaculus -Manifold -PredictIt,google_news_rss,The New York Times,2026-07-01T09:03:24Z,"Control of the Senate Is Up for Grabs, Times/Siena Polls Find - The New York Times",https://news.google.com/rss/articles/CBMifEFVX3lxTFB2S1FZYVRVT3VRbE1YVHFUcndfWmdmbnAtdWF5ekdYdEdETkhoMDJyb2xtU0N2TE9OUFphUjlvNW16YVlOTkQtQUYtNEtYNjE4Y1haQUpETXlHRDl3QkdkMy04OVNmQVprWXlELTJFNUdSSlY1UjdvSnNBZHA?oc=5,0,weak,,NO_MARKET_PRICES_INCLUDED
2026-07-06,2026-07-06T17:51:47Z,PARENT-alaska-senate-election-winner-7e432b,parent,Alaska Senate Election Winner,Alaska Senate Election Winner,Parent market briefing,Alaska Senate Election Winner -Polymarket -Kalshi -Metaculus -Manifold -PredictIt,google_news_rss,NBC News,2026-07-04T21:55:00Z,"The Dan Sullivan saga in the Alaska Senate race is under investigation, sources say - NBC News",https://news.google.com/rss/articles/CBMivAFBVV95cUxNSmtSMEJoTzhwTUVTVkg3Z1FzdXhELTBPdkVsR2FEN2VnMXVDTGh2dU85QUlwLTlFNnVoMHhJdnhFc0NsbDU5SkF4eGVnTUVMOHpWeUtiMHVJNHdkQlU3bzk2bUE3eXU4V2NPd2toV1A1bVN6YlU3ZlpFVWlWeEFZWWE0SGc3WUxzTHdGdVZEYVFuR0d3OTM0RU5OaGZ5Z25rSXRDaGNlV0FCMGVXMEt5Uy10NDVvdHhoVDQ2cw?oc=5,6,strong,alaska,NO_MARKET_PRICES_INCLUDED
2026-07-06,2026-07-06T17:51:47Z,PARENT-alaska-senate-election-winner-7e432b,parent,Alaska Senate Election Winner,Alaska Senate Election Winner,Parent market briefing,Alaska Senate Election Winner -Polymarket -Kalshi -Metaculus -Manifold -PredictIt,google_news_rss,CBS News,2026-06-30T02:11:00Z,"Man with same name as Alaska Sen. Dan Sullivan can appear on primary ballot, state's Supreme Court rules - CBS News",https://news.google.com/rss/articles/CBMid0FVX3lxTE1yVy1PNlNQdEd0WFZqRkVnaUFDNURvV1RtbU16RTZKNmxhQm9uQjEtTlRWaEh2ekVEYURDLUFzY1JocVpiWGw4MWR5alU3UHJWSWhPRTJOWjAwd0FMaS1RX0hGWFZmNWRMQU5hREZLQ1F2V09IQXBv?oc=5,5,broad,alaska,NO_MARKET_PRICES_INCLUDED
2026-07-06,2026-07-06T17:51:47Z,PARENT-alaska-senate-election-winner-7e432b,parent,Alaska Senate Election Winner,Alaska Senate Election Winner,Parent market briefing,Alaska Senate Election Winner -Polymarket -Kalshi -Metaculus -Manifold -PredictIt,google_news_rss,"ABC News - Breaking News, Latest News and Videos",2026-07-04T00:21:03Z,"DOJ launches investigation into Alaska candidate with same name as sitting senator - ABC News - Breaking News, Latest News and Videos",https://news.google.com/rss/articles/CBMisgFBVV95cUxQdDMteHJVeUd3bDFYeDNiOTZUd2gwRVYyWTZOX0NGanJHZmRiVjF1SENueno3cHRGVF9VOFpabDJudWJXclFtS2t4M1RQeEx0OEY3THJZV2VGMVlKa1otN2JtSVNsT3NQOENBalZIczZ5SlZTdUFvNk52Z0J4MDh2LWFiYUlIdDhOUUEtUDlVLTAydFJJRTkwR0ZCdEhQajJlNTg1XzJHbjEwaTFCakk0NHBR0gG3AUFVX3lxTE1DbXhGR3Ixb3NaS255WWp4QnotTXhqT2RvZ3k5NDVDMnlaZ294WDYwU0NGQlg5VGN6RkFJY1NPMUxKNkJYQm1fVkpMUXprMTNMYjJ2c1hGdTl2RUoxMVRfZlNQczgzOWtFc1poMEN2UmtTamRDblVLaTlMU0pxWEZVU3ZVeTVWZDc2ckIyMVJhM0luYkoyVXpvNlB6aDlNdXJjN2JUcVBiMXJEVnBGMjdxelQ4TEJ0UQ?oc=5,5,broad,alaska,NO_MARKET_PRICES_INCLUDED
2026-07-06,2026-07-06T17:51:47Z,PARENT-alaska-senate-election-winner-7e432b,parent,Alaska Senate Election Winner,Alaska Senate Election Winner,Parent market briefing,Alaska Senate Election Winner -Polymarket -Kalshi -Metaculus -Manifold -PredictIt,google_news_rss,The Washington Post,2026-06-30T16:46:24Z,Analysis | Democrats turn to unconventional organizing in an atypical ‘must-win’ Senate race - The Washington Post,https://news.google.com/rss/articles/CBMiwwFBVV95cUxNYkJwb2xTbTJiYkhnQmNHSkd6TWxvNFJ4aTlKR2htTzFiQWxfUzJaQ3VENk1TbjRDV2Y5MU5qcFVjQ0ZaZnNKTkFWUnphV3AyTWp4Wk5YOVBwWVBzWndsUVFUOV8tZDg0MHhWeWRjQmQzY3REOXRvamlRRU5idTBYVTBFakNkck9uQ3pEUjJSY0ZwTXFQd3pzVGZ6b194RVFqSVN2a2hlb252MGtVM0IwdktvYWh5bTRHZHZOWGZDR1lFUGs?oc=5,-1,weak,,NO_MARKET_PRICES_INCLUDED
2026-07-06,2026-07-06T17:51:47Z,PARENT-alaska-senate-election-winner-7e432b,parent,Alaska Senate Election Winner,Alaska Senate Election Winner,Parent market briefing,Alaska Senate Election Winner -Polymarket -Kalshi -Metaculus -Manifold -PredictIt,google_news_rss,The New York Times,2026-07-01T09:04:05Z,Republicans’ Home-Field Edge for Senate Seems Just Enough for Now - The New York Times,https://news.google.com/rss/articles/CBMihAFBVV95cUxOOWlTODJnSzZxdkxvWHB0SzJsWW9aTHlERG1hRE04YnRYcFNUWW1WWUh2QUVhekUxd2h0Zy1wOGZsNHlwUzktaXV1aTY2eURrakNUck9qMEpLWmViZWVCUEVaYVBjOFItWmg1blVBSzV1bGVYejc0aUlDYzN4aXJyTlFuMDE?oc=5,-1,weak,,NO_MARKET_PRICES_INCLUDED
2026-07-06,2026-07-06T17:51:47Z,PARENT-nebraska-senate-election-winner-279d3a,parent,Nebraska Senate Election Winner,Nebraska Senate Election Winner,Parent market briefing,Nebraska Senate Election Winner -Polymarket -Kalshi -Metaculus -Manifold -PredictIt,google_news_rss,CNN,2026-07-02T10:00:28Z,The 9 Senate seats most likely to flip in 2026 - CNN,https://news.google.com/rss/articles/CBMiekFVX3lxTE1IdDRVak1MclBFai1CNUFxc3g0WVJtVHk2dDI5MExFN2FnWm5tWmpQVWN6MTlULWMzdFhYTG1IcEppalZnU0VDanZxOTRVbnVoUExKYlUtVV9uckZ3RFlTVFZDekxaZjNhMk5MSm8tN0l0bDJhb2xEVnFB?oc=5,-1,weak,,NO_MARKET_PRICES_INCLUDED
2026-07-06,2026-07-06T17:51:47Z,PARENT-nebraska-senate-election-winner-279d3a,parent,Nebraska Senate Election Winner,Nebraska Senate Election Winner,Parent market briefing,Nebraska Senate Election Winner -Polymarket -Kalshi -Metaculus -Manifold -PredictIt,google_news_rss,Nebraska Examiner,2026-06-29T20:35:47Z,A new political party could be coming to Nebraska; state Democratic Party officials call foul - Nebraska Examiner,https://news.google.com/rss/articles/CBMizgFBVV95cUxQRTM2V1RjMWdCQU5heEJiSFhiMXZNTVN5eWVmX0VZZVJ1NXBISGtTeWNkdkUzbkVmYzFmaFA1QkhPaVpUSzFSaVlGdU1DTUZYaW12a1pELVR6UlRaN1BSbWl5c25mdnRfOG43cnJiMi1YLU1RRkFGOGMxQkNudnMzcUwtdU1pVjkxejNTcGN5ZTlEUWhRMEZ0R3FfNkxpQVZXaXRpVmVaekFySHQ3VjM0Z3VJMnVYQlI3eFhETTF6MHF6MkdEczBzSFhlajZEUQ?oc=5,5,broad,nebraska,NO_MARKET_PRICES_INCLUDED
2026-07-06,2026-07-06T17:51:47Z,PARENT-nebraska-senate-election-winner-279d3a,parent,Nebraska Senate Election Winner,Nebraska Senate Election Winner,Parent market briefing,Nebraska Senate Election Winner -Polymarket -Kalshi -Metaculus -Manifold -PredictIt,google_news_rss,The New York Times,2026-07-06T13:32:54Z,Texas U.S. Senate Election 2026: Latest Polls - The New York Times,https://news.google.com/rss/articles/CBMiigFBVV95cUxNRnFTY28wbS10QjZaN2NoLURKTUNYNkRlVXJFenVsTWphQVBQS2lySHdTOVVKTGhSSVRsX2JSeVEwUE9hMWpVdWU5Z2JESHJSalV5ZFEtQm5sTzY3LWQ5NFR3WjhLeE9IaUQ4VDRoZkhUOHRxQkc1cnR1TG5YVThJLVlJeW10QkxBYVE?oc=5,0,weak,,NO_MARKET_PRICES_INCLUDED
2026-07-06,2026-07-06T17:51:47Z,PARENT-nebraska-senate-election-winner-279d3a,parent,Nebraska Senate Election Winner,Nebraska Senate Election Winner,Parent market briefing,Nebraska Senate Election Winner -Polymarket -Kalshi -Metaculus -Manifold -PredictIt,google_news_rss,VoteHub,2026-07-04T07:00:00Z,Republicans have a 56% chance of controlling the Senate - VoteHub,https://news.google.com/rss/articles/CBMiU0FVX3lxTE9DMHE1RVQ0UlpJc1lOUlFxVkRnT0k2WjNYSnVVM3JqckxXOEpHU2xTTXRubVNWdEg2Q2FiVDBHWVR0WkJMbUpPd1FISEZoUTFBb1o0?oc=5,-1,weak,,NO_MARKET_PRICES_INCLUDED
2026-07-06,2026-07-06T17:51:47Z,PARENT-nebraska-senate-election-winner-279d3a,parent,Nebraska Senate Election Winner,Nebraska Senate Election Winner,Parent market briefing,Nebraska Senate Election Winner -Polymarket -Kalshi -Metaculus -Manifold -PredictIt,google_news_rss,Nebraska Public Media,2026-06-29T22:22:30Z,National 'Working Families Party' considering legal action against Nebraska 'Working People Party' organizers - Nebraska Public Media,https://news.google.com/rss/articles/CBMi8gFBVV95cUxNbnVCTlhVY1FVaW95Yk0xZWdwZzdpMVdVYjM2UWFiMXNKQzk5bFZsczFjMGRBZmJqU0NBVGVOYzF0Ym10UnNBYjdvdlpiWGtHWklWaGtxX0VKeGd3SE9wd2Q1bnQ1cGwwQkpEeFhDQ1JLamRPeG1DNVdmRV8xSXJuM2kyNkhhdXpjNFVyS213U0hIaXhjT2dfN2ROeXhYMl9UUWZJNF9FWjNvQ3N5MmljZFhMY1F2OGNpcjdlb2hjaXFWTlg3UUEzQjZBQzhiSmxhOGkwNHREdGI1TUVOZlNxemxXcFpyNFJYaENSTXhmTXMyQQ?oc=5,5,broad,nebraska,NO_MARKET_PRICES_INCLUDED
2026-07-06,2026-07-06T17:51:47Z,PARENT-nebraska-senate-election-winner-279d3a,parent,Nebraska Senate Election Winner,Nebraska Senate Election Winner,Parent market briefing,Nebraska Senate Election Winner -Polymarket -Kalshi -Metaculus -Manifold -PredictIt,google_news_rss,The Guardian,2026-07-05T21:34:00Z,Michigan Democrat Mallory McMorrow ends bid for US Senate - The Guardian,https://news.google.com/rss/articles/CBMimwFBVV95cUxNRXpjTnpvSWlKclJKbFd2ZkZ3UjgtTjgyeGNJa2gxREJMMWlWaFdrdEZYNWFJWEtWWjg0UXhNQkhNcGZZTWwtZjJubUlmM18yVktvZGRrYlFhS1RDSXNLOHlOQ2MtVlE2cllndHQzemRDYjBGcDRMSUxnSkhZOWhNTi1fWGctQV9XamhCb1BpXzY5UDctWlIwYVRzUQ?oc=5,-1,weak,,NO_MARKET_PRICES_INCLUDED
2026-07-06,2026-07-06T17:51:47Z,PARENT-michigan-senate-election-winner-716292,parent,Michigan Senate Election Winner,Michigan Senate Election Winner,Parent market briefing,Michigan Senate Election Winner -Polymarket -Kalshi -Metaculus -Manifold -PredictIt,google_news_rss,PBS,2026-07-05T19:20:06Z,Democrat Mallory McMorrow suspends her Michigan Senate campaign and scrambles the pivotal race - PBS,https://news.google.com/rss/articles/CBMizAFBVV95cUxONUZnbFBtTnE1Mm02SVJrWE5OaWJWbUhQekViUE1wSHhEYWpNUm1UOWx3QnpEQWdyaHJmcVRndklsNG9PT2NWUVVCcENoNnc4ekZOcjNmdHREUTMwR0xaYXZ3ZWFtM3drOWpQT3BteFRyTk40UmVNbWppOUFwS2FrNFN1eEFVX0huN05mdER2c3NldjRVVkZFTjR2ZktwRVhQdjRsNHFZMnVKbzBJSFEtWEs1Q2JZXzhvMzF2Rkc1WWwyczFSTUt1a1NQV0nSAdIBQVVfeXFMT25JVzhSb3oxR3RCS1dNNHNGVGlwenN3ekVSRmpZVVFVUTJNeTRKMkY4bkJneWxMYkpmNVR2NkFyVVRkN3c4T2ZEek9zYXAzOGtHYnJ1elFHOXhULVBLX0VmbnQwMG5Wa2lTbzNNTThBRTQ3VlI3ZW9WTTYwbmZHaHNydTBicURlLWVaVC1xRGxTTEptc0d6aDRnSnlVRWRCaVVIaDVBWXU3allEdWNZQm00OTQ2T0M2R0pOTGtkUTNaSFA3c1VmYjJxbnk4bXZpQUpn?oc=5,6,strong,michigan,NO_MARKET_PRICES_INCLUDED
2026-07-06,2026-07-06T17:51:47Z,PARENT-michigan-senate-election-winner-716292,parent,Michigan Senate Election Winner,Michigan Senate Election Winner,Parent market briefing,Michigan Senate Election Winner -Polymarket -Kalshi -Metaculus -Manifold -PredictIt,google_news_rss,The New York Times,2026-07-02T11:00:02Z,Ocasio-Cortez Endorses Abdul El-Sayed in Crucial Michigan Senate Race - The New York Times,https://news.google.com/rss/articles/CBMivgFBVV95cUxOVERHdVJLaktoLU9tOURkUTN0VEo1ZU5HZUUzb1E0clpGNzIxMWRzajFTQjJKVE5ObUN5bDdVcFhLRlc2aVJJYWgxeHk3UzczSjRhNGQzc2pvMFNPNWc0ckpWVV9ibExBWVZXZEcycWdEeEoxSnJvZDRYRFU2T1VMc0RGQy03NjJjSHdlMEE0SGk4Smt2ZkN3ZjBfNkRwV1ViQ3FwbkRtRzNpbktramE2cVQ1cDg1S3JZeW1TbHRn?oc=5,6,strong,michigan,NO_MARKET_PRICES_INCLUDED
2026-07-06,2026-07-06T17:51:47Z,PARENT-michigan-senate-election-winner-716292,parent,Michigan Senate Election Winner,Michigan Senate Election Winner,Parent market briefing,Michigan Senate Election Winner -Polymarket -Kalshi -Metaculus -Manifold -PredictIt,google_news_rss,WDET 101.9 FM,2026-06-30T16:47:38Z,Poll: Democratic US senate candidates lead Rogers in general election - WDET 101.9 FM,https://news.google.com/rss/articles/CBMingFBVV95cUxPdDYwV3M5bjNqLWVzU09CNWpoNVhETDZ0T3FYYzUyLUF4UzNIUDBHVnRNMWZtYU4wSnVabnlRNWxGblhWWTJSWnA1UkxNTTVkdjNoMF9Wc1VGQ0g2cExuRk44MUEzcVhjSzZYUzZHUWxxVjl2NXFZUXh6dWF6OHJXUG5NZHJHbGhuZ0pNVnh2TVkwZzZHbDRtODFneUU4Zw?oc=5,0,weak,,NO_MARKET_PRICES_INCLUDED
2026-07-06,2026-07-06T17:51:47Z,PARENT-michigan-senate-election-winner-716292,parent,Michigan Senate Election Winner,Michigan Senate Election Winner,Parent market briefing,Michigan Senate Election Winner -Polymarket -Kalshi -Metaculus -Manifold -PredictIt,google_news_rss,The Guardian,2026-07-05T21:34:00Z,Michigan Democrat Mallory McMorrow ends bid for US Senate - The Guardian,https://news.google.com/rss/articles/CBMimwFBVV95cUxNRXpjTnpvSWlKclJKbFd2ZkZ3UjgtTjgyeGNJa2gxREJMMWlWaFdrdEZYNWFJWEtWWjg0UXhNQkhNcGZZTWwtZjJubUlmM18yVktvZGRrYlFhS1RDSXNLOHlOQ2MtVlE2cllndHQzemRDYjBGcDRMSUxnSkhZOWhNTi1fWGctQV9XamhCb1BpXzY5UDctWlIwYVRzUQ?oc=5,6,strong,michigan,NO_MARKET_PRICES_INCLUDED
2026-07-06,2026-07-06T17:51:47Z,PARENT-michigan-senate-election-winner-716292,parent,Michigan Senate Election Winner,Michigan Senate Election Winner,Parent market briefing,Michigan Senate Election Winner -Polymarket -Kalshi -Metaculus -Manifold -PredictIt,google_news_rss,Bridge Michigan,2026-07-05T18:01:22Z,"Mallory McMorrow ends Senate campaign, narrowing Michigan Democratic primary - Bridge Michigan",https://news.google.com/rss/articles/CBMiuAFBVV95cUxOOFFReUFKR2F4aEtIZjg3ZUNESzY0MmU2eENpdnF5bm9mSnlQV3VpUTlTODNZOFFZb2s0Y3FhZXYzeFlQTXAyQ2RUS0tZTWg0R2JybzdlX3dFZlRBT1RSNkkxazBISkF6QzZfZWFmV3FXS01TR0Frd3BLRDNmV25UZ3FHZjBXLXJmTDJ0bm53Y3RIT2g0RldrT053UDVhQXlXSTRsaWoxMW5tb01OTEE1bjF1bDEzbG5o?oc=5,6,strong,michigan,NO_MARKET_PRICES_INCLUDED
2026-07-06,2026-07-06T17:51:47Z,PARENT-michigan-senate-election-winner-716292,parent,Michigan Senate Election Winner,Michigan Senate Election Winner,Parent market briefing,Michigan Senate Election Winner -Polymarket -Kalshi -Metaculus -Manifold -PredictIt,google_news_rss,Detroit Free Press,2026-07-05T18:46:58Z,Mallory McMorrow drops out of Michigan's US Senate race - Detroit Free Press,https://news.google.com/rss/articles/CBMixAFBVV95cUxOdnc4YmdrNThmSDRxTFVtVG5xRldGSDNMU0FFcFRPU0JPSzltVTBWdGJmZTZRYktLUmFuM05ObTBuelJ1d0RRLUZXVnFKUHBZMVdEYVRXNFV0VkFwWGRDSkd4VGpxYTBWVXdLR215WUhnUDZWSWMxeXQ4NnFiVG9yZG00Z3F0emUwWDE2UnRqY0hzWTZtNnNMNGRzRXpwUW9rS3NvR2FFVXRNc0FKc19UbHNocXk0LUlrTVlTYms5NkFuRHRI?oc=5,6,strong,michigan,NO_MARKET_PRICES_INCLUDED
2026-07-06,2026-07-06T17:51:47Z,PARENT-ohio-senate-election-winner-6dc0a4,parent,Ohio Senate Election Winner,Ohio Senate Election Winner,Parent market briefing,Ohio Senate Election Winner -Polymarket -Kalshi -Metaculus -Manifold -PredictIt,google_news_rss,MS NOW,2026-07-02T03:01:12Z,Why MS NOW rates Ohio’s Senate race a Toss Up - MS NOW,https://news.google.com/rss/articles/CBMiXEFVX3lxTE9LVzJjZW5sLTdQeTRVdzF0Qlp2bHllejJ5dGtUT2RTdFNfRmVDNFVxV3pXVHZ1LXhSSVJhUkxRT0xWanpfeUZCNVBkWkVIUGJiaFFZMGdKWC1HMkdC?oc=5,6,strong,ohio,NO_MARKET_PRICES_INCLUDED
2026-07-06,2026-07-06T17:51:47Z,PARENT-ohio-senate-election-winner-6dc0a4,parent,Ohio Senate Election Winner,Ohio Senate Election Winner,Parent market briefing,Ohio Senate Election Winner -Polymarket -Kalshi -Metaculus -Manifold -PredictIt,google_news_rss,The New York Times,2026-07-01T09:04:05Z,Republicans’ Home-Field Edge for Senate Seems Just Enough for Now - The New York Times,https://news.google.com/rss/articles/CBMihAFBVV95cUxOOWlTODJnSzZxdkxvWHB0SzJsWW9aTHlERG1hRE04YnRYcFNUWW1WWUh2QUVhekUxd2h0Zy1wOGZsNHlwUzktaXV1aTY2eURrakNUck9qMEpLWmViZWVCUEVaYVBjOFItWmg1blVBSzV1bGVYejc0aUlDYzN4aXJyTlFuMDE?oc=5,-1,weak,,NO_MARKET_PRICES_INCLUDED
2026-07-06,2026-07-06T17:51:47Z,PARENT-ohio-senate-election-winner-6dc0a4,parent,Ohio Senate Election Winner,Ohio Senate Election Winner,Parent market briefing,Ohio Senate Election Winner -Polymarket -Kalshi -Metaculus -Manifold -PredictIt,google_news_rss,WLWT,2026-07-05T23:42:00Z,"New poll shows Ohio's races for governor, US Senate to be deadlocked - WLWT",https://news.google.com/rss/articles/CBMipgFBVV95cUxOOTRTS2YwTzdEdzhzTXMzRWxhNTJDZTgzQkhOQUZpTG1BVlYta2c5WmhxOHVQTnd6YjhLRV9xN2hSaGo2ckR2ZElJY0RXQmRMOEsxNFRfRjBNZ01xWmJfc2sxMURfSmJCN204ek9JX3hWUHBDR0dFMjMwRGZrdks1M0dTWnlRcEYyZTRhU1ozY2RfX2I2WGxMVW1JZEw5a2lON2o0eHln?oc=5,7,strong,ohio,NO_MARKET_PRICES_INCLUDED
2026-07-06,2026-07-06T17:51:47Z,PARENT-ohio-senate-election-winner-6dc0a4,parent,Ohio Senate Election Winner,Ohio Senate Election Winner,Parent market briefing,Ohio Senate Election Winner -Polymarket -Kalshi -Metaculus -Manifold -PredictIt,google_news_rss,FOX 8 News,2026-07-01T20:22:39Z,"New poll finds Husted narrowly leading Brown, Ohio governor’s race tied - FOX 8 News",https://news.google.com/rss/articles/CBMilwFBVV95cUxOV3UyTmZuS0hiNDZPUnNpam4xdE5KV20zMldoMThvWVZmY3J2cWpWMnp3VGVyNjQtNlJfVDZ2RFZzZ1ZRWEo3eEtBQjM5RU9Rd3lrSHlMclJwMXhKUXhYUUo5VXhwSjJPMlh0RDh0YUMzcVRKaTFUZHB3REdTQWE5UjZfTnF0SXFXUlpmd3NXcXYzdTFNQ3Fr0gGcAUFVX3lxTE9vZDQ3UXA2UlJHVk9kQVNhdUNWOTNXaDZIVU4xb0hsOWVsTFdSLW1Gb3BSS0xGYk1xR0hEOU9seXFGaGtrX1FYcXdLNU5IZmRrRnJQaGRzamQzODJEeUE3MUh5cG1WWWlIVFU0Szhod1NCQUhLNEpFSEhwQ19UY2lZWThUUTdjNERwVHI3WWFEcHZWTk41TjRnX29hUw?oc=5,6,strong,ohio,NO_MARKET_PRICES_INCLUDED
2026-07-06,2026-07-06T17:51:47Z,PARENT-ohio-senate-election-winner-6dc0a4,parent,Ohio Senate Election Winner,Ohio Senate Election Winner,Parent market briefing,Ohio Senate Election Winner -Polymarket -Kalshi -Metaculus -Manifold -PredictIt,google_news_rss,VoteHub,2026-07-04T07:00:00Z,Republicans have a 56% chance of controlling the Senate - VoteHub,https://news.google.com/rss/articles/CBMiU0FVX3lxTE9DMHE1RVQ0UlpJc1lOUlFxVkRnT0k2WjNYSnVVM3JqckxXOEpHU2xTTXRubVNWdEg2Q2FiVDBHWVR0WkJMbUpPd1FISEZoUTFBb1o0?oc=5,-1,weak,,NO_MARKET_PRICES_INCLUDED
2026-07-06,2026-07-06T17:51:47Z,PARENT-ohio-senate-election-winner-6dc0a4,parent,Ohio Senate Election Winner,Ohio Senate Election Winner,Parent market briefing,Ohio Senate Election Winner -Polymarket -Kalshi -Metaculus -Manifold -PredictIt,google_news_rss,CNN,2026-07-02T10:00:28Z,The 9 Senate seats most likely to flip in 2026 - CNN,https://news.google.com/rss/articles/CBMiekFVX3lxTE1IdDRVak1MclBFai1CNUFxc3g0WVJtVHk2dDI5MExFN2FnWm5tWmpQVWN6MTlULWMzdFhYTG1IcEppalZnU0VDanZxOTRVbnVoUExKYlUtVV9uckZ3RFlTVFZDekxaZjNhMk5MSm8tN0l0bDJhb2xEVnFB?oc=5,-1,weak,,NO_MARKET_PRICES_INCLUDED
2026-07-06,2026-07-06T17:51:47Z,PARENT-north-carolina-senate-election-winner-65550e,parent,North Carolina Senate Election Winner,North Carolina Senate Election Winner,Parent market briefing,North Carolina Senate Election Winner -Polymarket -Kalshi -Metaculus -Manifold -PredictIt,google_news_rss,The New York Times,2026-07-02T17:34:54Z,North Carolina U.S. Senate Election 2026: Latest Polls - The New York Times,https://news.google.com/rss/articles/CBMilgFBVV95cUxQcG0yWVJ4b1FCblhNSEdUeDZTb1BHUEh2TjItUTN6MjlsV09ZYlA0aHZ4R0V0b2ZjRTA0SHJkTGJxaDJPaXh0OEIxZFhIVWhsd0t2bFBRYTdrc3p1cHZCTmp4UC1UR183S0loRDU2QmE4cGVMZWt4LVA2T05wUHhJQTJ0Q1d3d1M2Q180dWpHTHVFblVaV3c?oc=5,8,strong,"north,carolina",NO_MARKET_PRICES_INCLUDED
2026-07-06,2026-07-06T17:51:47Z,PARENT-north-carolina-senate-election-winner-65550e,parent,North Carolina Senate Election Winner,North Carolina Senate Election Winner,Parent market briefing,North Carolina Senate Election Winner -Polymarket -Kalshi -Metaculus -Manifold -PredictIt,google_news_rss,CNN,2026-07-02T10:00:28Z,The 9 Senate seats most likely to flip in 2026 - CNN,https://news.google.com/rss/articles/CBMiekFVX3lxTE1IdDRVak1MclBFai1CNUFxc3g0WVJtVHk2dDI5MExFN2FnWm5tWmpQVWN6MTlULWMzdFhYTG1IcEppalZnU0VDanZxOTRVbnVoUExKYlUtVV9uckZ3RFlTVFZDekxaZjNhMk5MSm8tN0l0bDJhb2xEVnFB?oc=5,0,weak,,NO_MARKET_PRICES_INCLUDED
2026-07-06,2026-07-06T17:51:47Z,PARENT-north-carolina-senate-election-winner-65550e,parent,North Carolina Senate Election Winner,North Carolina Senate Election Winner,Parent market briefing,North Carolina Senate Election Winner -Polymarket -Kalshi -Metaculus -Manifold -PredictIt,google_news_rss,The New York Times,2026-07-02T07:00:00Z,"Graham Platner Wins Primary in Maine, Setting Up a Key Senate Fight - The New York Times",https://news.google.com/rss/articles/CBMigwFBVV95cUxPYTJuUkdfNGJ6RlhKeVIwRGo5ZHlxMmlCQlk4RDRwWk5sM1JJdkp4RWp5ZDhacmp1b004YXJGWGwwQ2pXVFZ1ZmV4ZzlUYjRGWHZXclktNzltQTl1ci1qN0RyNmFqU2wtNVZMeHZKUjh5X3dsejNXTGpFYl82dkJxd2RvWQ?oc=5,0,weak,,NO_MARKET_PRICES_INCLUDED
2026-07-06,2026-07-06T17:51:47Z,PARENT-north-carolina-senate-election-winner-65550e,parent,North Carolina Senate Election Winner,North Carolina Senate Election Winner,Parent market briefing,North Carolina Senate Election Winner -Polymarket -Kalshi -Metaculus -Manifold -PredictIt,google_news_rss,The New York Times,2026-07-06T13:32:54Z,Texas U.S. Senate Election 2026: Latest Polls - The New York Times,https://news.google.com/rss/articles/CBMiigFBVV95cUxNRnFTY28wbS10QjZaN2NoLURKTUNYNkRlVXJFenVsTWphQVBQS2lySHdTOVVKTGhSSVRsX2JSeVEwUE9hMWpVdWU5Z2JESHJSalV5ZFEtQm5sTzY3LWQ5NFR3WjhLeE9IaUQ4VDRoZkhUOHRxQkc1cnR1TG5YVThJLVlJeW10QkxBYVE?oc=5,1,weak,,NO_MARKET_PRICES_INCLUDED
2026-07-06,2026-07-06T17:51:47Z,PARENT-north-carolina-senate-election-winner-65550e,parent,North Carolina Senate Election Winner,North Carolina Senate Election Winner,Parent market briefing,North Carolina Senate Election Winner -Polymarket -Kalshi -Metaculus -Manifold -PredictIt,google_news_rss,The New York Times,2026-07-01T09:03:24Z,"Control of the Senate Is Up for Grabs, Times/Siena Polls Find - The New York Times",https://news.google.com/rss/articles/CBMifEFVX3lxTFB2S1FZYVRVT3VRbE1YVHFUcndfWmdmbnAtdWF5ekdYdEdETkhoMDJyb2xtU0N2TE9OUFphUjlvNW16YVlOTkQtQUYtNEtYNjE4Y1haQUpETXlHRDl3QkdkMy04OVNmQVprWXlELTJFNUdSSlY1UjdvSnNBZHA?oc=5,1,weak,,NO_MARKET_PRICES_INCLUDED
2026-07-06,2026-07-06T17:51:47Z,PARENT-north-carolina-senate-election-winner-65550e,parent,North Carolina Senate Election Winner,North Carolina Senate Election Winner,Parent market briefing,North Carolina Senate Election Winner -Polymarket -Kalshi -Metaculus -Manifold -PredictIt,google_news_rss,The New York Times,2026-07-06T14:55:08Z,Michigan U.S. Senate Election 2026: Latest Polls - The New York Times,https://news.google.com/rss/articles/CBMijgFBVV95cUxNZXg4R2RiNm5LQjloa25FZEFhY2tCX2k3U0ExVEJnNzVWeW1Ba21fbkRxYlFFX3M2TDdLeGlQUnViWGNfbFZWdlBiVHhNNUFqZE5ISjhsdlB5dGRPZ3ZaRVlpd24ybWMyX0dXUFFIWUFhbnM0c05DX1JLVmVYT0NFT1pFcHBGYU9hLXAyOXRR?oc=5,1,weak,,NO_MARKET_PRICES_INCLUDED
2026-07-06,2026-07-06T17:51:47Z,PARENT-georgia-senate-election-winner-e65040,parent,Georgia Senate Election Winner,Georgia Senate Election Winner,Parent market briefing,Georgia Senate Election Winner -Polymarket -Kalshi -Metaculus -Manifold -PredictIt,google_news_rss,Fox News,2026-07-01T22:00:02Z,Fox News Poll: An early look at the Georgia Senate race - Fox News,https://news.google.com/rss/articles/CBMigwFBVV95cUxQclBjU2xxOTVYOVlPSzJ1anhEeVdkaGpvZlA2NDdvR2QzS2RsSmZ2STZBSTMzZTBycnNkX2Vsa2swd1RlMHl4V3VGTV94NHZfN0s1NVFoa0dfMS1RbnYzV3c2NFJoeVdRa2VfZE8zdlNqdWFETVhJWUIyQkxJWldNamdqY9IBiAFBVV95cUxOcWxLUGR5SWVweTFsNHZHRGZfRGFUX05acDIxT2p1QmhZejl6RVdwZDVvUHItMTI1Q0taVklXZHNxMklxVDh5S0ZxdW1LSDdkUXFUV0poempuSmZUMXNJenRzbEJnYUxOMWJab1ZINVhoOTNJYjBCTS1sd0lUSm1DQkFiY005Ujh5?oc=5,7,strong,georgia,NO_MARKET_PRICES_INCLUDED
2026-07-06,2026-07-06T17:51:47Z,PARENT-georgia-senate-election-winner-e65040,parent,Georgia Senate Election Winner,Georgia Senate Election Winner,Parent market briefing,Georgia Senate Election Winner -Polymarket -Kalshi -Metaculus -Manifold -PredictIt,google_news_rss,The New York Times,2026-07-02T23:00:23Z,Georgia U.S. Senate Election 2026: Latest Polls - The New York Times,https://news.google.com/rss/articles/CBMijAFBVV95cUxQVk4yd1hGX3hRVnhsTUctaE5Xc1hsS1R6eUczdTF4VlZiZFljX2Rmb1QwVXc5dGpIX2dCZU9ULWU3ZEt4b3ZHZEdGbXVvczlWVGZuM2hnY04yd0tIenR3U29ZZTJPSldjNWwyY2lYdDNzOHViODNGZURqc0paT1dPMUtiVGNNZDNabkVmWQ?oc=5,7,strong,georgia,NO_MARKET_PRICES_INCLUDED
2026-07-06,2026-07-06T17:51:47Z,PARENT-georgia-senate-election-winner-e65040,parent,Georgia Senate Election Winner,Georgia Senate Election Winner,Parent market briefing,Georgia Senate Election Winner -Polymarket -Kalshi -Metaculus -Manifold -PredictIt,google_news_rss,WJCL,2026-07-02T19:55:00Z,Fox News poll: Jon Ossoff leads Mike Collins in Georgia Senate race - WJCL,https://news.google.com/rss/articles/CBMimwFBVV95cUxOZkVtNVFTTTY3NWNmU0RrNWw2OTZJUjY0ZnJkUDBJZHZKOW1Mc3JwNElpeFhmQUxwYzEzUjV2VGM3bHZqeXAzeWFyMEhVdTROU1JTSFpNa3NXeVptdlNFNVR4Ylh2WXEtd21qS1BiWGdnWjEwc19ULTk2bWthSVVydllxWEllQ3dlSV85dHFFbkpKbFBaUTRfU1Y2OA?oc=5,7,strong,georgia,NO_MARKET_PRICES_INCLUDED
2026-07-06,2026-07-06T17:51:47Z,PARENT-georgia-senate-election-winner-e65040,parent,Georgia Senate Election Winner,Georgia Senate Election Winner,Parent market briefing,Georgia Senate Election Winner -Polymarket -Kalshi -Metaculus -Manifold -PredictIt,google_news_rss,Savannah Morning News,2026-07-02T18:28:00Z,Who is leading Georgia senate race? Fox News poll suggests a blowout - Savannah Morning News,https://news.google.com/rss/articles/CBMijwJBVV95cUxNYUdHdnpYb0lKQkxmMjVMd2JCV2ZidzBJcWpyd0p6SnRMNndJZUtrYU9ZRmk2TU93SjdUMzV3STBVTVdkblRjUi1tU2hNUnJPdzV1dkhqUlNlTmNQUkRWcGs4YzBfak5wNFlFVDlvSWlxYkItQzhrY1RsbzZBamhIdjhEX0ZsdXZQYnhHUUJQSldPVHVYNmY2OHRGNUpDaFdVTmpsQWlnY1JDc1gzdk9EWHdHdC1GSk5rdmhjTzk5cWtJMms0Wk5wN3c1YlhuQTFRRXdFdVFEVTZrcDdoZXNvYldVbmlXRE1qcWJfZ3U4ODJPMkx0RzZxby1nREhvVlltSUY0TXN5X3lIdFN1NURV?oc=5,7,strong,georgia,NO_MARKET_PRICES_INCLUDED
2026-07-06,2026-07-06T17:51:47Z,PARENT-georgia-senate-election-winner-e65040,parent,Georgia Senate Election Winner,Georgia Senate Election Winner,Parent market briefing,Georgia Senate Election Winner -Polymarket -Kalshi -Metaculus -Manifold -PredictIt,google_news_rss,CAWP,2026-06-30T15:20:00Z,"Results from the May 16th Primary in Louisiana and May 19th Primaries in Alabama, Georgia, Idaho, Kentucky, Oregon, and Pennsylvania - CAWP",https://news.google.com/rss/articles/CBMiugFBVV95cUxNa1dXbXh6cGQ5N2REWERiYTRJaGhzOVIzb2tpamoyRUdUUF9hY1k4ZFd5YlBkRnl5MlB3emJydVk1MFRHdGVKME9tQi10V3FjUXBHb1l6ZFJWcVh5T050TFZLTHpxdnZKcjJTSkV1VEZPVFhqazZRLTFQbWlwZkpQWWcxdFJFSVdpcXZ3OFczMEswSTNkSEs2cHJ4VV9KT2FWS3IyOVhfekhEdVVfOG8xNWZpYUVtbmtUbVE?oc=5,5,broad,georgia,NO_MARKET_PRICES_INCLUDED
2026-07-06,2026-07-06T17:51:47Z,PARENT-georgia-senate-election-winner-e65040,parent,Georgia Senate Election Winner,Georgia Senate Election Winner,Parent market briefing,Georgia Senate Election Winner -Polymarket -Kalshi -Metaculus -Manifold -PredictIt,google_news_rss,FOX 5 Atlanta,2026-07-01T23:29:14Z,FOX News poll: Jon Ossoff holds double-digit lead over Mike Collins - FOX 5 Atlanta,https://news.google.com/rss/articles/CBMioAFBVV95cUxQbjgtcjRMLUVVYUJZX2NscEtYRHVfdm1kNF9scVlSRzJTcmhRMHVkNWVhV3BwRVVzYW9raFliX3p4aUxnaEhPUGV2NE52RG9KakVwU2lNMjhJdElMbGxldXJyT0Z0QUlGcXZYUXg5NWNGazc4ak5pa1h0ZjdUN0g4TWJFNkZrVnExSkZUX2d5UUwtTmRiWVgxeGVYZ1dMSUdl?oc=5,1,weak,,NO_MARKET_PRICES_INCLUDED
2026-07-06,2026-07-06T17:51:47Z,PARENT-new-hampshire-senate-election-winner-7aeba8,parent,New Hampshire Senate Election Winner,New Hampshire Senate Election Winner,Parent market briefing,New Hampshire Senate Election Winner -Polymarket -Kalshi -Metaculus -Manifold -PredictIt,google_news_rss,New Hampshire Public Radio,2026-07-01T19:41:00Z,UNH poll shows tight races for governor and U.S. Senate - New Hampshire Public Radio,https://news.google.com/rss/articles/CBMirgFBVV95cUxPLUJycTRUVFdJbGVFSVNrb2VOdEdLT3JRQkwtdDFYakJhZGV5QlZmdnFlcW9Uc2xSMmptbUtmSVdNSXBzNWdZaUxNUHNtQi1XWkZVTDV5eTRZUnhyY2VBQ0puazdJNGNpb2ZnSU92THBFc3VYQVFnQkpnU0drcko5UGdfdHp1LVFpVE1pMXZoQkFqTm96d3NlYlBpNzJfcDhQbEtjY1pYbzY4RnhKdnc?oc=5,8,strong,"new,hampshire",NO_MARKET_PRICES_INCLUDED
2026-07-06,2026-07-06T17:51:47Z,PARENT-new-hampshire-senate-election-winner-7aeba8,parent,New Hampshire Senate Election Winner,New Hampshire Senate Election Winner,Parent market briefing,New Hampshire Senate Election Winner -Polymarket -Kalshi -Metaculus -Manifold -PredictIt,google_news_rss,The New York Times,2026-07-06T13:32:54Z,Texas U.S. Senate Election 2026: Latest Polls - The New York Times,https://news.google.com/rss/articles/CBMiigFBVV95cUxNRnFTY28wbS10QjZaN2NoLURKTUNYNkRlVXJFenVsTWphQVBQS2lySHdTOVVKTGhSSVRsX2JSeVEwUE9hMWpVdWU5Z2JESHJSalV5ZFEtQm5sTzY3LWQ5NFR3WjhLeE9IaUQ4VDRoZkhUOHRxQkc1cnR1TG5YVThJLVlJeW10QkxBYVE?oc=5,1,weak,new,NO_MARKET_PRICES_INCLUDED
2026-07-06,2026-07-06T17:51:47Z,PARENT-new-hampshire-senate-election-winner-7aeba8,parent,New Hampshire Senate Election Winner,New Hampshire Senate Election Winner,Parent market briefing,New Hampshire Senate Election Winner -Polymarket -Kalshi -Metaculus -Manifold -PredictIt,google_news_rss,CNN,2026-07-02T10:00:28Z,The 9 Senate seats most likely to flip in 2026 - CNN,https://news.google.com/rss/articles/CBMiekFVX3lxTE1IdDRVak1MclBFai1CNUFxc3g0WVJtVHk2dDI5MExFN2FnWm5tWmpQVWN6MTlULWMzdFhYTG1IcEppalZnU0VDanZxOTRVbnVoUExKYlUtVV9uckZ3RFlTVFZDekxaZjNhMk5MSm8tN0l0bDJhb2xEVnFB?oc=5,-1,weak,,NO_MARKET_PRICES_INCLUDED
2026-07-06,2026-07-06T17:51:47Z,PARENT-new-hampshire-senate-election-winner-7aeba8,parent,New Hampshire Senate Election Winner,New Hampshire Senate Election Winner,Parent market briefing,New Hampshire Senate Election Winner -Polymarket -Kalshi -Metaculus -Manifold -PredictIt,google_news_rss,NH Journal,2026-06-30T02:23:49Z,Even Dems Admit: Sununu Could Flip NH Senate Seat Red - NH Journal,https://news.google.com/rss/articles/CBMigAFBVV95cUxOS3FoX0tCZXl5Yi1xVFlzeVJUWnJQcDNudVFtd3Nxd3RwemwtakVaQTdacHpPb1lxZlJodmJRWEhvZGdaLTZSUGthRXJWN2pOc0s4OUJXZlM2SlpjZVN6aThuUkVCMGhGa3p5bXVhOW5Ra3VkN3d5Ry1lMUdwT2J3ZA?oc=5,-1,weak,,NO_MARKET_PRICES_INCLUDED
2026-07-06,2026-07-06T17:51:47Z,PARENT-new-hampshire-senate-election-winner-7aeba8,parent,New Hampshire Senate Election Winner,New Hampshire Senate Election Winner,Parent market briefing,New Hampshire Senate Election Winner -Polymarket -Kalshi -Metaculus -Manifold -PredictIt,google_news_rss,The New York Times,2026-07-06T14:55:08Z,Michigan U.S. Senate Election 2026: Latest Polls - The New York Times,https://news.google.com/rss/articles/CBMijgFBVV95cUxNZXg4R2RiNm5LQjloa25FZEFhY2tCX2k3U0ExVEJnNzVWeW1Ba21fbkRxYlFFX3M2TDdLeGlQUnViWGNfbFZWdlBiVHhNNUFqZE5ISjhsdlB5dGRPZ3ZaRVlpd24ybWMyX0dXUFFIWUFhbnM0c05DX1JLVmVYT0NFT1pFcHBGYU9hLXAyOXRR?oc=5,1,weak,new,NO_MARKET_PRICES_INCLUDED
2026-07-06,2026-07-06T17:51:47Z,PARENT-new-hampshire-senate-election-winner-7aeba8,parent,New Hampshire Senate Election Winner,New Hampshire Senate Election Winner,Parent market briefing,New Hampshire Senate Election Winner -Polymarket -Kalshi -Metaculus -Manifold -PredictIt,google_news_rss,The New York Times,2026-07-02T07:00:00Z,"Graham Platner Wins Primary in Maine, Setting Up a Key Senate Fight - The New York Times",https://news.google.com/rss/articles/CBMigwFBVV95cUxPYTJuUkdfNGJ6RlhKeVIwRGo5ZHlxMmlCQlk4RDRwWk5sM1JJdkp4RWp5ZDhacmp1b004YXJGWGwwQ2pXVFZ1ZmV4ZzlUYjRGWHZXclktNzltQTl1ci1qN0RyNmFqU2wtNVZMeHZKUjh5X3dsejNXTGpFYl82dkJxd2RvWQ?oc=5,0,weak,new,NO_MARKET_PRICES_INCLUDED
2026-07-06,2026-07-06T17:51:47Z,PARENT-iowa-senate-election-winner-7c1420,parent,Iowa Senate Election Winner,Iowa Senate Election Winner,Parent market briefing,Iowa Senate Election Winner -Polymarket -Kalshi -Metaculus -Manifold -PredictIt,google_news_rss,Fox News,2026-07-01T22:00:05Z,Fox News Poll: A close Senate contest is brewing in Iowa - Fox News,https://news.google.com/rss/articles/CBMihwFBVV95cUxNb3ZfMTN6QnlPQk9TRDNkMExIRGNaX2YxMXdpSUlHRU1hSmcyQnN6a1lnTF9hLTZvZDlHc0ZINnZkMFdkX0FzRGZSRTJFRW1RQnd3NHViYTZxajRhOW9EOXo2M3ZPRlYycUN4OXNqOVdEWDVGcmUwc1liSzVSa3BOcHUzWm9peFHSAYwBQVVfeXFMT0dQZGJKQnNpVl9MQkJrZzdRMTJ4VHI3R001STg5TWhYeEtqY1Y3LWtUTmpJemZ0NXhNcHpyWktLSkJEejVoMkdNSFNEQ2JNSEdPWGgxdEtNR1pWb0FhMnNFOXJDcmJqQ2FndnlhX2QtMXBqQkFKVGMtODhjbW4xMndOeFN4M19HbExKYzk?oc=5,7,strong,iowa,NO_MARKET_PRICES_INCLUDED
2026-07-06,2026-07-06T17:51:47Z,PARENT-iowa-senate-election-winner-7c1420,parent,Iowa Senate Election Winner,Iowa Senate Election Winner,Parent market briefing,Iowa Senate Election Winner -Polymarket -Kalshi -Metaculus -Manifold -PredictIt,google_news_rss,thegazette.com,2026-07-03T12:51:59Z,"Turek wins Democratic nomination for Iowa U.S. Senate seat, setting up showdown with Hinson - thegazette.com",https://news.google.com/rss/articles/CBMijgJBVV95cUxPZ1dyY3puaTdDdUkwdG5hY0RrVDlmakdORDQyRXJMZmZjQkpRMEVYaUNFbTNmbUM5TnppNjNkdkpuMjdIaGM4NnN3V3Rzb3I2OFdsbURVRmxPTERQQllkZ3lnd1RXbE1rZkVOVDREcFg4N1JDZm9DTnNRakkxRGhRa0tza01tN21oaEtmU3lPa1JXZjF0NEdZaWZDS2JTQTB4aVRHVlVMeXg0RHA5V3lVWlVseGZpRXNpX1J4cmNJcS1xYUkzQjFlblhxbUNHUTljMFlzc1A1Z0g5b0xGVzdEY3NndmpaVGJyX19pb2xUb1c3Y0NjTENVQktNaUNVQzZZSzZ0dm1GR3JmbndocGc?oc=5,6,strong,iowa,NO_MARKET_PRICES_INCLUDED
2026-07-06,2026-07-06T17:51:47Z,PARENT-iowa-senate-election-winner-7c1420,parent,Iowa Senate Election Winner,Iowa Senate Election Winner,Parent market briefing,Iowa Senate Election Winner -Polymarket -Kalshi -Metaculus -Manifold -PredictIt,google_news_rss,The Hill,2026-07-02T14:57:00Z,Democrat Josh Turek leading by 4 points in Iowa Senate race polling - The Hill,https://news.google.com/rss/articles/CBMipAFBVV95cUxNVml1NXhraVpLLXplNHJmYzAwUHA4ZkY4SEpjRjFBcU5rYVhFWEQ3WWpWUW9VN2VSU1NUM0dKTk9iTW1KR05GSDJKakdxMnJEMWZXUmVqQkdBUS1LaVpoN3hrTlppMmhmVkRlRVpGOFY1YmNyYlJHZjJKWW1qaFJRRmROUlUwWVctWnlvOUhFR1VkQktIeDFzWXRiTEJCVzhSVTRkQ9IBqgFBVV95cUxORlR3NnBVRWhGWHN3Ukttd25GVUFZNzJtZVA0czNfRGtKV0VBeGQtX1h3MS1udFNJenBfVEFITDg2eWhScGxCTGttb25STTNGRkxlUXFUeGZVQ0F6aHNkam9lcUh0N0RZeG5DcUxwYVB2aUxyMm1yR01tWjg2NGMxSlR6ZEl4UzhxLXhVdHpzZnFqUmhKYTFRSktmejctd1hjdUNLODR0VXZmUQ?oc=5,7,strong,iowa,NO_MARKET_PRICES_INCLUDED
2026-07-06,2026-07-06T17:51:47Z,PARENT-iowa-senate-election-winner-7c1420,parent,Iowa Senate Election Winner,Iowa Senate Election Winner,Parent market briefing,Iowa Senate Election Winner -Polymarket -Kalshi -Metaculus -Manifold -PredictIt,google_news_rss,The New York Times,2026-07-01T09:04:05Z,Republicans’ Home-Field Edge for Senate Seems Just Enough for Now - The New York Times,https://news.google.com/rss/articles/CBMihAFBVV95cUxOOWlTODJnSzZxdkxvWHB0SzJsWW9aTHlERG1hRE04YnRYcFNUWW1WWUh2QUVhekUxd2h0Zy1wOGZsNHlwUzktaXV1aTY2eURrakNUck9qMEpLWmViZWVCUEVaYVBjOFItWmg1blVBSzV1bGVYejc0aUlDYzN4aXJyTlFuMDE?oc=5,-1,weak,,NO_MARKET_PRICES_INCLUDED
2026-07-06,2026-07-06T17:51:47Z,PARENT-iowa-senate-election-winner-7c1420,parent,Iowa Senate Election Winner,Iowa Senate Election Winner,Parent market briefing,Iowa Senate Election Winner -Polymarket -Kalshi -Metaculus -Manifold -PredictIt,google_news_rss,VoteHub,2026-07-04T07:00:00Z,Republicans have a 56% chance of controlling the Senate - VoteHub,https://news.google.com/rss/articles/CBMiU0FVX3lxTE9DMHE1RVQ0UlpJc1lOUlFxVkRnT0k2WjNYSnVVM3JqckxXOEpHU2xTTXRubVNWdEg2Q2FiVDBHWVR0WkJMbUpPd1FISEZoUTFBb1o0?oc=5,-1,weak,,NO_MARKET_PRICES_INCLUDED
2026-07-06,2026-07-06T17:51:47Z,PARENT-iowa-senate-election-winner-7c1420,parent,Iowa Senate Election Winner,Iowa Senate Election Winner,Parent market briefing,Iowa Senate Election Winner -Polymarket -Kalshi -Metaculus -Manifold -PredictIt,google_news_rss,KGAN,2026-07-02T16:37:42Z,"New polling, national rankings point to competitive Iowa Senate race between Hinson, Turek - KGAN",https://news.google.com/rss/articles/CBMivAFBVV95cUxQeWZtRVMybjlhaE9lQkM3enduZjhhSHZETjJIVGVWdXRlMUtYa1JZem1QSm5HSWloaEZtc00xTldhZ0U3SG12U1JRNEFZSkRVWnc5azFXR0pWcXh4U2VnZkpmS0FKRVVkVWkwMDdmelBkOWFyV1BpWVpHTU5xVHJnUTJqbGJUN1BEMzNVUGloTzZ2Z1FreE1LRkVIbW1qV0o3dHF1WmpvTHc3ZnprNGRSRFpnUlA5dTNrY1VySw?oc=5,7,strong,iowa,NO_MARKET_PRICES_INCLUDED
2026-07-06,2026-07-06T17:51:47Z,PARENT-michigan-governor-election-winner-461961,parent,Michigan Governor Election Winner,Michigan Governor Election Winner,Parent market briefing,Michigan Governor Election Winner -Polymarket -Kalshi -Metaculus -Manifold -PredictIt,google_news_rss,The New York Times,2026-07-06T14:55:08Z,Michigan U.S. Senate Election 2026: Latest Polls - The New York Times,https://news.google.com/rss/articles/CBMijgFBVV95cUxNZXg4R2RiNm5LQjloa25FZEFhY2tCX2k3U0ExVEJnNzVWeW1Ba21fbkRxYlFFX3M2TDdLeGlQUnViWGNfbFZWdlBiVHhNNUFqZE5ISjhsdlB5dGRPZ3ZaRVlpd24ybWMyX0dXUFFIWUFhbnM0c05DX1JLVmVYT0NFT1pFcHBGYU9hLXAyOXRR?oc=5,6,strong,michigan,NO_MARKET_PRICES_INCLUDED
2026-07-06,2026-07-06T17:51:47Z,PARENT-michigan-governor-election-winner-461961,parent,Michigan Governor Election Winner,Michigan Governor Election Winner,Parent market briefing,Michigan Governor Election Winner -Polymarket -Kalshi -Metaculus -Manifold -PredictIt,google_news_rss,instagram.com,2026-07-01T05:24:10Z,Two Democrats and three Republicans are in the running to become Michigan's next governor. Here's more on each gubernatorial candidate. Check the link in our bio for more. 📷 by the Detroit Free Press staff #detroit #michigan #vote #election #michigangov - instagram.com,https://news.google.com/rss/articles/CBMiUkFVX3lxTE15TGw1N0dyOUVaYWZ5eU5oYW5PYkt3ZmNnRno2ZUZqNHVyWDlPWmY2NGpWWE5GRGx2TldoNW1tTGd4cDFEOHpXUTE0NUNNeUZnVWc?oc=5,5,broad,michigan,NO_MARKET_PRICES_INCLUDED
2026-07-06,2026-07-06T17:51:47Z,PARENT-michigan-governor-election-winner-461961,parent,Michigan Governor Election Winner,Michigan Governor Election Winner,Parent market briefing,Michigan Governor Election Winner -Polymarket -Kalshi -Metaculus -Manifold -PredictIt,google_news_rss,facebook.com,2026-06-30T16:31:07Z,"Two Democrats — Jocelyn Benson and Chris Swanson — and three Republicans — Mike Cox, Congressman John James and Perry Johnson — are in the running to become Michigan's next governor. Here's more on each gubernatorial candidate. 📷 by the D - facebook.com",https://news.google.com/rss/articles/CBMi3wFBVV95cUxPZ0VnazYxSWEtVVFKaTljZEYtbk9jZ2xWTUVjckNXN1draDFsZFJaTng1V3RJVEtaVF9KZUt4T3RlZzAwWElqQm93Um90SFVFcWFhXzlfUUdhVkhQVTF4NGg3aE1tRFVWWDlpd0oyTE9heGMwTFQ5OUg2bWgtcnVkODJVYUJIY3NkYTdOSTF0OFFObF84MklHck5jR0FYQ0l3LU9razJUaWFvaHZkbjU3ek5zWGlPc2hYLVQxQVN6RDE5dVI0NW96a0lQQ211ejdMOHlUdGlncUUxV21EMnFZ?oc=5,5,broad,michigan,NO_MARKET_PRICES_INCLUDED
2026-07-06,2026-07-06T17:51:47Z,PARENT-michigan-governor-election-winner-461961,parent,Michigan Governor Election Winner,Michigan Governor Election Winner,Parent market briefing,Michigan Governor Election Winner -Polymarket -Kalshi -Metaculus -Manifold -PredictIt,google_news_rss,The New York Times,2026-07-02T17:33:43Z,Who Is Ahead in the Michigan Governor's Race? Latest 2026 Election Polls - The New York Times,https://news.google.com/rss/articles/CBMijAFBVV95cUxOZ0E2QlE3NEFmNmFFWmJkaEYwclhVUThLVExMbUoxRV8tTE5YQUZ5REZDNVZ2N3V3NU8ycldsTzZxbjA1R1BHRE5fSXdKTHdjd2VMc0VuT29NcGRGLXJUMHVCOWlTeHhiTkVYOTNZRWpsTTdCY0FaVWxiWHZ6b19TT2kzWHVwd0xuME1NXw?oc=5,6,strong,michigan,NO_MARKET_PRICES_INCLUDED
2026-07-06,2026-07-06T17:51:47Z,PARENT-michigan-governor-election-winner-461961,parent,Michigan Governor Election Winner,Michigan Governor Election Winner,Parent market briefing,Michigan Governor Election Winner -Polymarket -Kalshi -Metaculus -Manifold -PredictIt,google_news_rss,Yahoo,2026-07-01T09:22:59Z,"Progressive Democrats secure upset wins in Colorado, Melat Kiros among winners in latest primaries - Yahoo",https://news.google.com/rss/articles/CBMi7AFBVV95cUxQUTV5Ui1vc0kzTDRMcl9ONGF0OGxwVGl3RGhFTFpDbVNCNEhIanl6cW5sWkFTb08yckNUSU5HLUh3MlNYVG5Mb3JmSXlQZ2VtdkM2bHYyeW9PSV9UTDFpelRILU5lM2l5NTFBeTBCSEsxUWp4aTgyMlYwaTlSQ2I3dUYza1NVcEY0Zjd5bi12WDZ5WWpFN3RYTldBOXJEd1ZRODJLSEU4emZOVFVaVFZ0ajF4LUtyemRSWU9iNFNsd1VfNFZycDBmS2FodW1ZRVlFR0NneXlTSFQwV3BaTVRxZlluXzVrT29vanlPXw?oc=5,-3,weak,,NO_MARKET_PRICES_INCLUDED
2026-07-06,2026-07-06T17:51:47Z,PARENT-michigan-governor-election-winner-461961,parent,Michigan Governor Election Winner,Michigan Governor Election Winner,Parent market briefing,Michigan Governor Election Winner -Polymarket -Kalshi -Metaculus -Manifold -PredictIt,google_news_rss,Pride Source,2026-06-29T18:34:18Z,Jocelyn Benson’s Plan to Protect LGBTQ+ Rights in the Race for Michigan Governor - Pride Source,https://news.google.com/rss/articles/CBMihAFBVV95cUxOQjdoMlBpYnV5am94eEVSWERKUXhTaTBMbk5ZX21mNXd4WHRrMm9sUFdjUHA1cDF4RkJyc2RsdTBKZlBHeEpURURpSkpmTERwQWhXYTVKbzlCZmdHSXo2R2VzWXpCMFBzMmszSDJBU3ItNTVlWS1faS1XM1FoOXdwVXB5c1U?oc=5,5,broad,michigan,NO_MARKET_PRICES_INCLUDED
2026-07-06,2026-07-06T17:51:47Z,PARENT-wa-04-house-election-winner-7bb41a,parent,WA-04 House Election Winner,WA-04 House Election Winner,Parent market briefing,WA-04 House Election Winner -Polymarket -Kalshi -Metaculus -Manifold -PredictIt,google_news_rss,The New York Times,2026-07-02T12:53:00Z,California Fourth Congressional District Primary Election Results - The New York Times,https://news.google.com/rss/articles/CBMinAFBVV95cUxOTWZwbHRacTl6ekdBZTdtQVFXTFFsbGhDb3VzLUFrMGJmTTUtTWFhOGFlNmptOUpYb0lZLTB2b3FzTTctMzNiVUF4YXQ0NjdEb28ySWcyT1BKMHIyak1fY0FfU1VPVENReG1na2ZhY0RxUDc4dnpLakFlNl9OZTVDT0d5YXdSUlhtcDRqTGRGSWtTb0JESUFoMW9fRU8?oc=5,0,weak,,NO_MARKET_PRICES_INCLUDED
2026-07-06,2026-07-06T17:51:47Z,PARENT-wa-04-house-election-winner-7bb41a,parent,WA-04 House Election Winner,WA-04 House Election Winner,Parent market briefing,WA-04 House Election Winner -Polymarket -Kalshi -Metaculus -Manifold -PredictIt,google_news_rss,PBS,2026-06-29T22:05:25Z,Live Results: Colorado midterm primaries - PBS,https://news.google.com/rss/articles/CBMigwFBVV95cUxOakh0SUNaMkpNRncydnRvd1FQUTRFdzRqN3M1M0pUSHd1ZGFtUzNNVEV2VXFidmM3cW1GVGI5dXJRRjdhQnRmdENDS3dnV2ZfS3JId2ItQ2k0cEJMSV9VLUI3OWYxdWYwQVRlUGZJbWg5b3Fhck1CUkhPcURsMVlsUDBmTdIBiAFBVV95cUxPUzFmbVdid0RTVm5Rd3N5MHo5RkZUZ1JycVpQb19CanU3SnVEUy05VHAyY0hNRGVKOXFiX1pYZnNjN3RDcGgzYWtvRFo0TXU0a3k3Mkp5NkF5TWxLN29iS3BQb0ItVVhlb0w1b2o1LUJDX1c2WlVFTE1aeng1RXdFaEZEUktMemFs?oc=5,0,weak,,NO_MARKET_PRICES_INCLUDED
2026-07-06,2026-07-06T17:51:47Z,PARENT-wa-04-house-election-winner-7bb41a,parent,WA-04 House Election Winner,WA-04 House Election Winner,Parent market briefing,WA-04 House Election Winner -Polymarket -Kalshi -Metaculus -Manifold -PredictIt,google_news_rss,WBAL-TV,2026-07-02T07:00:00Z,2026 Primary Election Results: Maryland US Congress Races - WBAL-TV,https://news.google.com/rss/articles/CBMilAFBVV95cUxQQkppU01iU004QnRJLVp2M0N0OXdzWU42TGlvemdZNHJVWDNLWmU3VDZHZ1VWNXVQX1dPRk9KaXpfakJfbEYyb3M1SkdpN1NfS3QwaDNCYUZMcDVFLUhRdWthaXBfamczT25oVXVCSTh2RFpfVkJfRlctU3NxSG1pdktWS2FDUWF4dDhHRVNfUHpjbld5?oc=5,0,weak,,NO_MARKET_PRICES_INCLUDED
2026-07-06,2026-07-06T17:51:47Z,PARENT-wa-04-house-election-winner-7bb41a,parent,WA-04 House Election Winner,WA-04 House Election Winner,Parent market briefing,WA-04 House Election Winner -Polymarket -Kalshi -Metaculus -Manifold -PredictIt,google_news_rss,Colorado Public Radio,2026-07-01T05:12:28Z,"See all the Colorado 2026 primary results, as they happened - Colorado Public Radio",https://news.google.com/rss/articles/CBMiiwFBVV95cUxPS3Y0WTVZVlIyTVVLVFlod2Q2R1gtc1FxZ3MwVVBHclU0MEh0RUNKdU1iQkRMZl9tdThyZ0RJYU1kbFUyeEFsODd5LTZKSURyV3ZuMVRDSWdpODgwZ2ZBalp2TXNFMXVSTGRLbHQtdXRiRlhROHNwcjI1Qk15N0xWajNLS1JZYlNlQnhB?oc=5,0,weak,,NO_MARKET_PRICES_INCLUDED
2026-07-06,2026-07-06T17:51:47Z,PARENT-wa-04-house-election-winner-7bb41a,parent,WA-04 House Election Winner,WA-04 House Election Winner,Parent market briefing,WA-04 House Election Winner -Polymarket -Kalshi -Metaculus -Manifold -PredictIt,google_news_rss,The New York Times,2026-07-06T00:00:00Z,Colorado Fourth Congressional District Primary 2026: Live Election Results - The New York Times,https://news.google.com/rss/articles/CBMimgFBVV95cUxPUGplcnphRW9BWFNVaEc2Z3VOejZZVXF6RXdDS05UNGpscktTWFpCVThKMFVraE9JYjNwREpFbWRCdTRyUFVnZHd0MFMtdUwzc2tMaS13WWZNUUVELUdkdUs2M1c4Nm5tVEc4YldaQlFKdkRLcEg3WVM5RV9aV3BSSTNRVXJzYk1zRmk5WmJKeFpIY1hJNTlOeGdn?oc=5,0,weak,,NO_MARKET_PRICES_INCLUDED
2026-07-06,2026-07-06T17:51:47Z,PARENT-wa-04-house-election-winner-7bb41a,parent,WA-04 House Election Winner,WA-04 House Election Winner,Parent market briefing,WA-04 House Election Winner -Polymarket -Kalshi -Metaculus -Manifold -PredictIt,google_news_rss,The New York Times,2026-07-02T17:39:22Z,Washington Fifth Congressional District 2026: Latest Polls - The New York Times,https://news.google.com/rss/articles/CBMihgFBVV95cUxOVFNoX1Fwak1uSGYyM2ZuNUxCYXhrcTBadUpickpWbVh6Ujh0NV9jeDdqVWMxaERDdG1OREswVGVyWmMzblVNNEtIZkl5R0YxVXRCUVl2U0IzdExMUHJBZFdqYmF6UVVQb1FielZOaXpSeG9oWXoxX01MTUNaUTFWbTRGcmlZUQ?oc=5,1,weak,,NO_MARKET_PRICES_INCLUDED
2026-07-06,2026-07-06T17:51:47Z,PARENT-ne-02-house-election-winner-9b2911,parent,NE-02 House Election Winner,NE-02 House Election Winner,Parent market briefing,NE-02 House Election Winner -Polymarket -Kalshi -Metaculus -Manifold -PredictIt,google_news_rss,The New York Times,2026-07-02T17:36:09Z,Nebraska Second Congressional District 2026: Latest Polls - The New York Times,https://news.google.com/rss/articles/CBMigwFBVV95cUxOeWtCTl92RHlGbC03Z2RKNmUweTFnZnFUVUhRVlNfUF9zMHRrSTJmYlJVSEtsNGYyMldJSUNhNXFLVEZ2Q0FLZWtMVXRRam9TaXJpNk5tdHpFYnkxNk1CODlmNUg5ZzZ5QVk3WC13LURBb1BpTzlJY05VUFNLYzdlN0NDQQ?oc=5,1,weak,,NO_MARKET_PRICES_INCLUDED
2026-07-06,2026-07-06T17:51:47Z,PARENT-ne-02-house-election-winner-9b2911,parent,NE-02 House Election Winner,NE-02 House Election Winner,Parent market briefing,NE-02 House Election Winner -Polymarket -Kalshi -Metaculus -Manifold -PredictIt,google_news_rss,The New York Times,2026-07-02T17:37:39Z,Maine Second Congressional District 2026: Latest Polls - The New York Times,https://news.google.com/rss/articles/CBMif0FVX3lxTFBfOFBRQzJ3REZKZmQyVFlCNmFsOU92WHdNSUFpcGpxMkpyLWVuckxvcW1YbWhmcDdSOTNsdUUyX2lQbkFpMmZGZ0dYMndZSFY3ZmJqOGZvSDZJR2pZaktLQnoxbkJfUnh5ZFl5T3NEdXRQbDFrQWw0NWpEMUhwNmc?oc=5,1,weak,,NO_MARKET_PRICES_INCLUDED
2026-07-06,2026-07-06T17:51:47Z,PARENT-ne-02-house-election-winner-9b2911,parent,NE-02 House Election Winner,NE-02 House Election Winner,Parent market briefing,NE-02 House Election Winner -Polymarket -Kalshi -Metaculus -Manifold -PredictIt,google_news_rss,The New York Times,2026-07-03T13:06:51Z,California Second Congressional District Primary 2026: Live Election Results - The New York Times,https://news.google.com/rss/articles/CBMinAFBVV95cUxQUTZ3ZVdCR2U3MHJMQnl3Rnh4M0FvUk1kd01sSDhsOS1KdElzUUM1d3h1Y0xGT21TLXlCQzc3bnpqaGJHMDR5dGU1NHJKa1ZNNmtXNTFYbElKdTRfMklRdldDREFZQk1KbmZ0VC1UWlBDbjFJcUFkS015Q09mYUlWUzZjTWVQbGZBd0J6ejRwWWRhN0hkejVoMFhZT2Q?oc=5,0,weak,,NO_MARKET_PRICES_INCLUDED
2026-07-06,2026-07-06T17:51:47Z,PARENT-ne-02-house-election-winner-9b2911,parent,NE-02 House Election Winner,NE-02 House Election Winner,Parent market briefing,NE-02 House Election Winner -Polymarket -Kalshi -Metaculus -Manifold -PredictIt,google_news_rss,The New York Times,2026-07-06T00:00:00Z,Colorado Second Congressional District Primary 2026: Live Election Results - The New York Times,https://news.google.com/rss/articles/CBMimgFBVV95cUxQWjNHU1FZT0YyQVdlWm5JYnNvbmRlc0VaamNZSTNVSjZpMmFjZ0RhY1NyU25PcFQ4NEdoMGtKQUNHX202cHNQdTBNeW9HVEtPcFduakpfaDFpemhVeGJEUl9aNUtBdGsybVVMSmE3c2VNU1h6ZDUwdEJxN3dmMDhTNm52TnVRc1IwUkJjWTFaTnV4aTR6R19UMS1R?oc=5,0,weak,,NO_MARKET_PRICES_INCLUDED
2026-07-06,2026-07-06T17:51:47Z,PARENT-ne-02-house-election-winner-9b2911,parent,NE-02 House Election Winner,NE-02 House Election Winner,Parent market briefing,NE-02 House Election Winner -Polymarket -Kalshi -Metaculus -Manifold -PredictIt,google_news_rss,The New York Times,2026-07-02T17:39:27Z,Florida Second Congressional District 2026: Latest Polls - The New York Times,https://news.google.com/rss/articles/CBMiggFBVV95cUxNMDdsem4teGpwVzRNcGx3UGZyRTAxeFp1bVJkUC0wdnhMTkp2UFJ5S3FDVVhEcGlWWlNqMXBFTDkwSFJJSUVNNC1ZbzIwU0lFUGRtdEVkUE1ab2RuUk1ldEtVN3NXMnRYYlBGU05HSjlnWG1XemJ2YjJQSm0xSVR3VE5B?oc=5,1,weak,,NO_MARKET_PRICES_INCLUDED
2026-07-06,2026-07-06T17:51:47Z,PARENT-ne-02-house-election-winner-9b2911,parent,NE-02 House Election Winner,NE-02 House Election Winner,Parent market briefing,NE-02 House Election Winner -Polymarket -Kalshi -Metaculus -Manifold -PredictIt,google_news_rss,The New York Times,2026-07-06T14:40:35Z,The Race for Congress: Latest 2026 Polls - The New York Times,https://news.google.com/rss/articles/CBMiekFVX3lxTE5EdUZXTXBzRFFLOGZJR2hWaHlFUUw0em5XbTZQYTRNbnNmdkVOaXBRcEtuUDhQWnhxNUVsckIwTERBUUplcWtOSWtzY09Yb3FDVzBJY05kU04wb0dZc1d5LXlLbm1jZi1wckVUcjFoSTI1WDQ3R2FxRHZ3?oc=5,1,weak,,NO_MARKET_PRICES_INCLUDED
2026-07-06,2026-07-06T17:51:47Z,PARENT-pa-10-house-election-winner-94c037,parent,PA-10 House Election Winner,PA-10 House Election Winner,Parent market briefing,PA-10 House Election Winner -Polymarket -Kalshi -Metaculus -Manifold -PredictIt,google_news_rss,CAWP,2026-06-30T15:20:00Z,"Results from the May 16th Primary in Louisiana and May 19th Primaries in Alabama, Georgia, Idaho, Kentucky, Oregon, and Pennsylvania - CAWP",https://news.google.com/rss/articles/CBMiugFBVV95cUxNa1dXbXh6cGQ5N2REWERiYTRJaGhzOVIzb2tpamoyRUdUUF9hY1k4ZFd5YlBkRnl5MlB3emJydVk1MFRHdGVKME9tQi10V3FjUXBHb1l6ZFJWcVh5T050TFZLTHpxdnZKcjJTSkV1VEZPVFhqazZRLTFQbWlwZkpQWWcxdFJFSVdpcXZ3OFczMEswSTNkSEs2cHJ4VV9KT2FWS3IyOVhfekhEdVVfOG8xNWZpYUVtbmtUbVE?oc=5,0,weak,,NO_MARKET_PRICES_INCLUDED
2026-07-06,2026-07-06T17:51:47Z,PARENT-pa-10-house-election-winner-94c037,parent,PA-10 House Election Winner,PA-10 House Election Winner,Parent market briefing,PA-10 House Election Winner -Polymarket -Kalshi -Metaculus -Manifold -PredictIt,google_news_rss,The New York Times,2026-07-06T14:40:35Z,The Race for Congress: Latest 2026 Polls - The New York Times,https://news.google.com/rss/articles/CBMiekFVX3lxTE5EdUZXTXBzRFFLOGZJR2hWaHlFUUw0em5XbTZQYTRNbnNmdkVOaXBRcEtuUDhQWnhxNUVsckIwTERBUUplcWtOSWtzY09Yb3FDVzBJY05kU04wb0dZc1d5LXlLbm1jZi1wckVUcjFoSTI1WDQ3R2FxRHZ3?oc=5,1,weak,,NO_MARKET_PRICES_INCLUDED
2026-07-06,2026-07-06T17:51:47Z,PARENT-pa-10-house-election-winner-94c037,parent,PA-10 House Election Winner,PA-10 House Election Winner,Parent market briefing,PA-10 House Election Winner -Polymarket -Kalshi -Metaculus -Manifold -PredictIt,google_news_rss,The Colorado Sun,2026-07-01T04:06:08Z,Melat Kiros defeats US Rep. Diana DeGette in Democratic primary for Denver’s congressional seat - The Colorado Sun,https://news.google.com/rss/articles/CBMimwFBVV95cUxNZ1hyU2c3UHpVWUZaa0Rlc3gycTBicHB6akJzdTNHOUJ6c3pJWFgtNFhXdzVPTGh3TWltUHV2RGhfVEJ4OUJnUDJuSzhuc2dDM2VnbDladGwzTGdpUTZYUTdVWEg0eGRBSzktY2lwbkxzQTFWT2hDUG93WG1sbHhZUVdYNmstZUxxMHZpTU50RHQ0blVZS01KY3VJdw?oc=5,0,weak,,NO_MARKET_PRICES_INCLUDED
2026-07-06,2026-07-06T17:51:47Z,PARENT-pa-10-house-election-winner-94c037,parent,PA-10 House Election Winner,PA-10 House Election Winner,Parent market briefing,PA-10 House Election Winner -Polymarket -Kalshi -Metaculus -Manifold -PredictIt,google_news_rss,Colorado Public Radio,2026-07-01T05:23:28Z,CU Board of Regents primary election results: Edie Hooton appears close to winning Democratic primary - Colorado Public Radio,https://news.google.com/rss/articles/CBMiiAFBVV95cUxPTVRja2Iyd0JBVy1IZC1jeDV4Zjg1aE8ybjNwMjRac3FDNXBhMHpYWkljU2dJTm9VZ2RPUFF0aG0zd0ZoemVuaTU4clhjZ2p6TTFDZUp6NEE3STBjVHY3UkRrdTJxUnduRTZPU25fTDRVNDd4OEl0OVByOUZtWjNHNDhSYWVwbVk5?oc=5,0,weak,,NO_MARKET_PRICES_INCLUDED
2026-07-06,2026-07-06T17:51:47Z,PARENT-pa-10-house-election-winner-94c037,parent,PA-10 House Election Winner,PA-10 House Election Winner,Parent market briefing,PA-10 House Election Winner -Polymarket -Kalshi -Metaculus -Manifold -PredictIt,google_news_rss,The New York Times,2026-07-02T17:36:16Z,Pennsylvania Third Congressional District 2026: Latest Polls - The New York Times,https://news.google.com/rss/articles/CBMiiAFBVV95cUxNMkNUYklnYUhCcEFHOVp3N1lrNDIyTG1FN1RrVnZ0RW9ZZDRRbGc3dklEUUFkLVd5bVN5Yk00MWNCVjZLT2Z6MW0wclhZcUxhbkR0eVNNVExTd0pNdFpVVThBS0t1c3gyaTlNUjMzUGNKcXVYeUNfVDlYazBxRmZ6b3FBNVJINEhN?oc=5,1,weak,,NO_MARKET_PRICES_INCLUDED
2026-07-06,2026-07-06T17:51:47Z,PARENT-pa-10-house-election-winner-94c037,parent,PA-10 House Election Winner,PA-10 House Election Winner,Parent market briefing,PA-10 House Election Winner -Polymarket -Kalshi -Metaculus -Manifold -PredictIt,google_news_rss,The New York Times,2026-07-02T12:53:00Z,California Fourth Congressional District Primary Election Results - The New York Times,https://news.google.com/rss/articles/CBMinAFBVV95cUxOTWZwbHRacTl6ekdBZTdtQVFXTFFsbGhDb3VzLUFrMGJmTTUtTWFhOGFlNmptOUpYb0lZLTB2b3FzTTctMzNiVUF4YXQ0NjdEb28ySWcyT1BKMHIyak1fY0FfU1VPVENReG1na2ZhY0RxUDc4dnpLakFlNl9OZTVDT0d5YXdSUlhtcDRqTGRGSWtTb0JESUFoMW9fRU8?oc=5,0,weak,,NO_MARKET_PRICES_INCLUDED
2026-07-06,2026-07-06T17:51:47Z,PARENT-ohio-governor-election-winner-0ab06b,parent,Ohio Governor Election Winner,Ohio Governor Election Winner,Parent market briefing,Ohio Governor Election Winner -Polymarket -Kalshi -Metaculus -Manifold -PredictIt,google_news_rss,The New York Times,2026-07-01T09:02:32Z,"Governor Races in 2 Republican-Led States Are Tight, Polls Show - The New York Times",https://news.google.com/rss/articles/CBMidEFVX3lxTFAtYUFLZ0tSbXhIMGg1QTlybGg2eWM3aVcyQ2Y3V2VKWFVmRGRPcXVWWUdWMFJRTEFvM19Xd0NNMWdZX25YaUFhV2VqNmluSGl2V3YtQ2YtZnhTLUtrV1RnczRIVnlGcGh6SURqZWRGSWNqNHRv?oc=5,-2,weak,,NO_MARKET_PRICES_INCLUDED
2026-07-06,2026-07-06T17:51:47Z,PARENT-ohio-governor-election-winner-0ab06b,parent,Ohio Governor Election Winner,Ohio Governor Election Winner,Parent market briefing,Ohio Governor Election Winner -Polymarket -Kalshi -Metaculus -Manifold -PredictIt,google_news_rss,FOX 8 News,2026-07-01T20:22:39Z,"New poll finds Husted narrowly leading Brown, Ohio governor’s race tied - FOX 8 News",https://news.google.com/rss/articles/CBMilwFBVV95cUxOV3UyTmZuS0hiNDZPUnNpam4xdE5KV20zMldoMThvWVZmY3J2cWpWMnp3VGVyNjQtNlJfVDZ2RFZzZ1ZRWEo3eEtBQjM5RU9Rd3lrSHlMclJwMXhKUXhYUUo5VXhwSjJPMlh0RDh0YUMzcVRKaTFUZHB3REdTQWE5UjZfTnF0SXFXUlpmd3NXcXYzdTFNQ3Fr0gGcAUFVX3lxTE9vZDQ3UXA2UlJHVk9kQVNhdUNWOTNXaDZIVU4xb0hsOWVsTFdSLW1Gb3BSS0xGYk1xR0hEOU9seXFGaGtrX1FYcXdLNU5IZmRrRnJQaGRzamQzODJEeUE3MUh5cG1WWWlIVFU0Szhod1NCQUhLNEpFSEhwQ19UY2lZWThUUTdjNERwVHI3WWFEcHZWTk41TjRnX29hUw?oc=5,6,strong,ohio,NO_MARKET_PRICES_INCLUDED
2026-07-06,2026-07-06T17:51:47Z,PARENT-ohio-governor-election-winner-0ab06b,parent,Ohio Governor Election Winner,Ohio Governor Election Winner,Parent market briefing,Ohio Governor Election Winner -Polymarket -Kalshi -Metaculus -Manifold -PredictIt,google_news_rss,WLWT,2026-07-05T23:42:00Z,"New poll shows Ohio's races for governor, US Senate to be deadlocked - WLWT",https://news.google.com/rss/articles/CBMipgFBVV95cUxOOTRTS2YwTzdEdzhzTXMzRWxhNTJDZTgzQkhOQUZpTG1BVlYta2c5WmhxOHVQTnd6YjhLRV9xN2hSaGo2ckR2ZElJY0RXQmRMOEsxNFRfRjBNZ01xWmJfc2sxMURfSmJCN204ek9JX3hWUHBDR0dFMjMwRGZrdks1M0dTWnlRcEYyZTRhU1ozY2RfX2I2WGxMVW1JZEw5a2lON2o0eHln?oc=5,6,strong,ohio,NO_MARKET_PRICES_INCLUDED
2026-07-06,2026-07-06T17:51:47Z,PARENT-ohio-governor-election-winner-0ab06b,parent,Ohio Governor Election Winner,Ohio Governor Election Winner,Parent market briefing,Ohio Governor Election Winner -Polymarket -Kalshi -Metaculus -Manifold -PredictIt,google_news_rss,Dr. Amy Acton for Governor,2026-06-30T19:44:29Z,Roundup: Dr. Amy Acton Leading in Bipartisan AARP Poll - Dr. Amy Acton for Governor,https://news.google.com/rss/articles/CBMiigFBVV95cUxOSTRaaW9sWWxFWndsOHZTN2sxVm5aWWlBek9fOExLc1hWY29XU3FIMVUxTE9WY1NvRFI2NklnSlZwazVxQmhObzRBaW9ETEY0SFlDSGlrbXFOOGYxZkRhZ19PMDlSYTIzWUQ0SFhzMVItcHF2NV9Wb1JuVjhZX3NHdjJuTkVvYW16VlE?oc=5,-2,weak,,NO_MARKET_PRICES_INCLUDED
2026-07-06,2026-07-06T17:51:47Z,PARENT-ohio-governor-election-winner-0ab06b,parent,Ohio Governor Election Winner,Ohio Governor Election Winner,Parent market briefing,Ohio Governor Election Winner -Polymarket -Kalshi -Metaculus -Manifold -PredictIt,google_news_rss,The Columbus Dispatch,2026-07-06T16:12:00Z,Will Ohio flip in 2026? Polls show tight governor race - The Columbus Dispatch,https://news.google.com/rss/articles/CBMiyAFBVV95cUxNWjlmZVBTMlJVWHMwWUdMWUF2Rk9ldVU4bkxxeS1zTHlhbXFWcEJ2cW42THNBWnlfZWhMT3dfMFhVdEY5NDF3ZHh6WWFIRjdEeVMwbkRFVUEyNVFCMG5Fd0NJeDd2ekpmdGsyUjc3TVBoRGdSZ0NMU1UtOWVtUEVLc052M0k5WWZacXlzSGVRTmlqaDhpYmRGZUxFbGY4andXWUtrVG4zODdma3hiaVZGR0F3Y0VUZ2RNbzZfWVZ4VzgtQnVIV3JSeA?oc=5,6,strong,ohio,NO_MARKET_PRICES_INCLUDED
2026-07-06,2026-07-06T17:51:47Z,PARENT-ohio-governor-election-winner-0ab06b,parent,Ohio Governor Election Winner,Ohio Governor Election Winner,Parent market briefing,Ohio Governor Election Winner -Polymarket -Kalshi -Metaculus -Manifold -PredictIt,google_news_rss,AOL.com,2026-07-06T06:31:30Z,Acton narrowly leads Ramaswamy in new Ohio governor poll. See details - AOL.com,https://news.google.com/rss/articles/CBMihgFBVV95cUxORWVYcU9PcVdNR0tvdGwtbWRxMHB1dDFBU0pFakhVazl2WkdHdHdQSE9XZUtvMXdCWE5TenVlQlhOSVZIZWh3aTE5N3FRbU41cERCazlSV1pjTnQwSDREVzdiOHpFbk1jbFJUeU5LcEFhLUhTa2hvWnRuQmN5TW5lMEd3RWphdw?oc=5,6,strong,ohio,NO_MARKET_PRICES_INCLUDED
2026-07-06,2026-07-06T17:51:47Z,PARENT-georgia-governor-election-winner-42d8cd,parent,Georgia Governor Election Winner,Georgia Governor Election Winner,Parent market briefing,Georgia Governor Election Winner -Polymarket -Kalshi -Metaculus -Manifold -PredictIt,google_news_rss,Savannah Morning News,2026-07-02T17:39:00Z,Fox News releases new Georgia governor poll. Who is winning the race? - Savannah Morning News,https://news.google.com/rss/articles/CBMi7AFBVV95cUxQT21UQk01WHdQUXEyS3ZHdE5RelZNdTY5WXhPLW1oNnhVQ2RoOE9jSDRqMUhKb0hCMXZuTnNPMnRVQlV2aS1lckh1dmh3WHM5a0FaOGtjdTdxV3NHanp2YnVuWGc2WGdxR2VVTUNJQkp1Z2wwTGtpeFFUaFV3ajhwNURnTGEtVHdpNXc5c1o5LWRxZFl5Zm5VcnpJVktyYXBuYkp5Z3UtWTNPbFVHOVZHSUVYM203MktuakVOc3NBYzFkNk5oRnh0U3M1NXRoYnF2Q2JkYTBwNFdIQi01amRNR3FNRld2UlNRdERHcw?oc=5,6,strong,georgia,NO_MARKET_PRICES_INCLUDED
2026-07-06,2026-07-06T17:51:47Z,PARENT-georgia-governor-election-winner-42d8cd,parent,Georgia Governor Election Winner,Georgia Governor Election Winner,Parent market briefing,Georgia Governor Election Winner -Polymarket -Kalshi -Metaculus -Manifold -PredictIt,google_news_rss,WJCL,2026-07-02T21:33:00Z,Fox News: Keisha Lance Bottoms edges Rick Jackson in Georgia governor poll - WJCL,https://news.google.com/rss/articles/CBMihwFBVV95cUxNbDVGdkJBSXV3TUlkVkJsbWRjT1VlMDJMaDNyMXYzUE1WajRFVDNZUmJoTmMtdGVfeExnTklZa3VlU1F5RkZEa2NRRVRTWFVtR0dtSXZLNUJvZ3psQ0xMcVJQY1hEOXBQczdwMmY1c0Frc3hWU2ZNYVE5TVoxb1d5X18wdjhvYm8?oc=5,6,strong,georgia,NO_MARKET_PRICES_INCLUDED
2026-07-06,2026-07-06T17:51:47Z,PARENT-georgia-governor-election-winner-42d8cd,parent,Georgia Governor Election Winner,Georgia Governor Election Winner,Parent market briefing,Georgia Governor Election Winner -Polymarket -Kalshi -Metaculus -Manifold -PredictIt,google_news_rss,Fox News,2026-07-01T22:00:02Z,Fox News Poll: An early look at the Georgia Senate race - Fox News,https://news.google.com/rss/articles/CBMigwFBVV95cUxQclBjU2xxOTVYOVlPSzJ1anhEeVdkaGpvZlA2NDdvR2QzS2RsSmZ2STZBSTMzZTBycnNkX2Vsa2swd1RlMHl4V3VGTV94NHZfN0s1NVFoa0dfMS1RbnYzV3c2NFJoeVdRa2VfZE8zdlNqdWFETVhJWUIyQkxJWldNamdqY9IBiAFBVV95cUxOcWxLUGR5SWVweTFsNHZHRGZfRGFUX05acDIxT2p1QmhZejl6RVdwZDVvUHItMTI1Q0taVklXZHNxMklxVDh5S0ZxdW1LSDdkUXFUV0poempuSmZUMXNJenRzbEJnYUxOMWJab1ZINVhoOTNJYjBCTS1sd0lUSm1DQkFiY005Ujh5?oc=5,6,strong,georgia,NO_MARKET_PRICES_INCLUDED
2026-07-06,2026-07-06T17:51:47Z,PARENT-georgia-governor-election-winner-42d8cd,parent,Georgia Governor Election Winner,Georgia Governor Election Winner,Parent market briefing,Georgia Governor Election Winner -Polymarket -Kalshi -Metaculus -Manifold -PredictIt,google_news_rss,The New York Times,2026-06-30T07:00:00Z,"Georgia Republicans Go With Trump’s Pick for Senate, but Not Governor - The New York Times",https://news.google.com/rss/articles/CBMigwFBVV95cUxPSjg3X05YVW95N2UzVVNkUW9ZRXJ4N2pFekx5eV9icmNjVG9VQUdKenRKVDhYdS1TVXhJN1FBX2pqdG1NOXRLUWJ1STlZeDZWWkZMYnBxLV9HWjlPU0M0YjFtdTJjRzNnVnF3MVNtcWNOUURucGVDWGM3ZGQyYVZlbzF1QQ?oc=5,5,broad,georgia,NO_MARKET_PRICES_INCLUDED
2026-07-06,2026-07-06T17:51:47Z,PARENT-georgia-governor-election-winner-42d8cd,parent,Georgia Governor Election Winner,Georgia Governor Election Winner,Parent market briefing,Georgia Governor Election Winner -Polymarket -Kalshi -Metaculus -Manifold -PredictIt,google_news_rss,FOX 5 Atlanta,2026-07-01T23:29:14Z,FOX News poll: Jon Ossoff holds double-digit lead over Mike Collins - FOX 5 Atlanta,https://news.google.com/rss/articles/CBMioAFBVV95cUxQbjgtcjRMLUVVYUJZX2NscEtYRHVfdm1kNF9scVlSRzJTcmhRMHVkNWVhV3BwRVVzYW9raFliX3p4aUxnaEhPUGV2NE52RG9KakVwU2lNMjhJdElMbGxldXJyT0Z0QUlGcXZYUXg5NWNGazc4ak5pa1h0ZjdUN0g4TWJFNkZrVnExSkZUX2d5UUwtTmRiWVgxeGVYZ1dMSUdl?oc=5,-2,weak,,NO_MARKET_PRICES_INCLUDED
2026-07-06,2026-07-06T17:51:47Z,PARENT-georgia-governor-election-winner-42d8cd,parent,Georgia Governor Election Winner,Georgia Governor Election Winner,Parent market briefing,Georgia Governor Election Winner -Polymarket -Kalshi -Metaculus -Manifold -PredictIt,google_news_rss,CAWP,2026-06-30T15:20:00Z,"Results from the May 16th Primary in Louisiana and May 19th Primaries in Alabama, Georgia, Idaho, Kentucky, Oregon, and Pennsylvania - CAWP",https://news.google.com/rss/articles/CBMiugFBVV95cUxNa1dXbXh6cGQ5N2REWERiYTRJaGhzOVIzb2tpamoyRUdUUF9hY1k4ZFd5YlBkRnl5MlB3emJydVk1MFRHdGVKME9tQi10V3FjUXBHb1l6ZFJWcVh5T050TFZLTHpxdnZKcjJTSkV1VEZPVFhqazZRLTFQbWlwZkpQWWcxdFJFSVdpcXZ3OFczMEswSTNkSEs2cHJ4VV9KT2FWS3IyOVhfekhEdVVfOG8xNWZpYUVtbmtUbVE?oc=5,5,broad,georgia,NO_MARKET_PRICES_INCLUDED
2026-07-06,2026-07-06T17:51:47Z,PARENT-nevada-governor-election-winner-ee7c6d,parent,Nevada Governor Election Winner,Nevada Governor Election Winner,Parent market briefing,Nevada Governor Election Winner -Polymarket -Kalshi -Metaculus -Manifold -PredictIt,google_news_rss,KCRA,2026-07-03T07:00:00Z,California 2026 primary election results for lieutenant governor - KCRA,https://news.google.com/rss/articles/CBMilAFBVV95cUxNZVkxb2gtM0FQRnRDdjJjMF9PNFpxUWF3d3dkSE1FdGRjWktTSGJ3UklmZDRNX3pkZFRyNGozNUxqM0hBY0FsOFFaOWxSbVNiSGV4OHVIWHZLT3BJOVlFTC1LdDkyMzNuclRTREM5Z2tHSlpCYzN0cTk0VGotUE83TTBMZnFSRFVJQzZ0dTE0b29KTV9v?oc=5,-3,weak,,NO_MARKET_PRICES_INCLUDED
2026-07-06,2026-07-06T17:51:47Z,PARENT-nevada-governor-election-winner-ee7c6d,parent,Nevada Governor Election Winner,Nevada Governor Election Winner,Parent market briefing,Nevada Governor Election Winner -Polymarket -Kalshi -Metaculus -Manifold -PredictIt,google_news_rss,The New York Times,2026-07-02T07:00:00Z,"Graham Platner Wins Primary in Maine, Setting Up a Key Senate Fight - The New York Times",https://news.google.com/rss/articles/CBMigwFBVV95cUxPYTJuUkdfNGJ6RlhKeVIwRGo5ZHlxMmlCQlk4RDRwWk5sM1JJdkp4RWp5ZDhacmp1b004YXJGWGwwQ2pXVFZ1ZmV4ZzlUYjRGWHZXclktNzltQTl1ci1qN0RyNmFqU2wtNVZMeHZKUjh5X3dsejNXTGpFYl82dkJxd2RvWQ?oc=5,-3,weak,,NO_MARKET_PRICES_INCLUDED
2026-07-06,2026-07-06T17:51:47Z,PARENT-nevada-governor-election-winner-ee7c6d,parent,Nevada Governor Election Winner,Nevada Governor Election Winner,Parent market briefing,Nevada Governor Election Winner -Polymarket -Kalshi -Metaculus -Manifold -PredictIt,google_news_rss,The Nevada Independent,2026-07-01T09:00:00Z,Affordable healthcare emerges as a voter priority in purple Nevada - The Nevada Independent,https://news.google.com/rss/articles/CBMiqwFBVV95cUxNZjBxRmxMNmo1cnFvcDVkbmFvS3J4eWxqVDFhU25pSU9CUFBLNDRNNDNwRUVJNGNHdkxKdWtOWTdGb1ViYXVlMHIzbkVYRXZOa2N5YmF0R2MtbXl2aHlTZWFrRlpISVJtQVJmWmxDN1pwbFB3bFN5ZFE3bElqNkQ5bzN4UXhKeEpKZGRGMlF1TmFMRVBlazVtODc2bDVQS3hMT1UxQ0pQeXJIRDA?oc=5,5,broad,nevada,NO_MARKET_PRICES_INCLUDED
2026-07-06,2026-07-06T17:51:47Z,PARENT-nevada-governor-election-winner-ee7c6d,parent,Nevada Governor Election Winner,Nevada Governor Election Winner,Parent market briefing,Nevada Governor Election Winner -Polymarket -Kalshi -Metaculus -Manifold -PredictIt,google_news_rss,KRXI2,2026-07-02T20:02:22Z,"SCOTUS mail ballot ruling, Nevada's election results mishap with SOS Cisco Aguilar - KRXI2",https://news.google.com/rss/articles/CBMisAJBVV95cUxOMld1MTJXa3E4ZTF3VDVGbDVUb0pPbjlzREdlTVNBTnRLbFN5TE9GcThrUE10QWN5ZVlleUo0bTM5MXB0WVE4b0dTMk51TjhzZFdmNU9VeHR1bGNDU3FiWTNMNk5lMnRHekZkYW9KMFp0ZjlwVUU3N2NxbG1Rd0JQOEdjZnJmel9kOEtoa21lSjRHX1Q4MEVYWnZ6Q3RSbnFycHdiMGJ6QzlRQWstd3FHSVFxVGFydzIteVl2Umxycjl5YnhqbFQtVnl5X3RJeWlRTjBYRWVYeUdqb21YYjBCYXNya1N1YTVReW50RnVkWndrM3BPSWMtMU1xTWFsa2ZQeHNvVENuZnVmRm13VHdIYzBzelA5YmJNVG1PZ3E0TDBrR2prYTF2OTU3cHlQcWdD?oc=5,5,broad,nevada,NO_MARKET_PRICES_INCLUDED
2026-07-06,2026-07-06T17:51:47Z,PARENT-nevada-governor-election-winner-ee7c6d,parent,Nevada Governor Election Winner,Nevada Governor Election Winner,Parent market briefing,Nevada Governor Election Winner -Polymarket -Kalshi -Metaculus -Manifold -PredictIt,google_news_rss,The Hill,2026-07-04T21:00:00Z,5 governor’s seats most likely to flip - The Hill,https://news.google.com/rss/articles/CBMiiAFBVV95cUxNa0tfQnVZZjdpZlpmUmRxMjZoLU0yakhBLXlSbmROWmRzT3NOZGdVQXdEUFl4TThOQkZXVFBVSGREejY5aHM1elBJOWVkLW1kUnBob0F5NW5YenVVcDFnRjVKSUJlNkliUlZ3eE5CMDlUdUdNSFNKZG45MWlmVHNxRGs4OFhKMWZQ0gGOAUFVX3lxTFB1SkhZd1h1d250cHo1ZzhQb0tmUTYxMjFmU2lBc01WN3FRZ2tMNDlPNUZrb0ZSN3lDLXpvODVTVThEc2xfXzBGRzR5MG1sUmxvMVN3OU90aEFqSWhLMWVuVDc4c2pMSVdValRhVHExTVhMZW1ZYmRGNzhadWI3Z2Q0U2Njd2ExMVF0ZWpoQlE?oc=5,-3,weak,,NO_MARKET_PRICES_INCLUDED
2026-07-06,2026-07-06T17:51:47Z,PARENT-nevada-governor-election-winner-ee7c6d,parent,Nevada Governor Election Winner,Nevada Governor Election Winner,Parent market briefing,Nevada Governor Election Winner -Polymarket -Kalshi -Metaculus -Manifold -PredictIt,google_news_rss,The New York Times,2026-07-03T13:07:38Z,California Governor Primary Live Election Results 2026: Becerra Advances - The New York Times,https://news.google.com/rss/articles/CBMimgFBVV95cUxPdEphcG1VM2FFRTNETURyaXVaRlFqWGc5enUxSGVrazhpdG5kSXlyY0ZyejJyVVhlMTNNeEFQWWJEWTFrRVBSME9JMjlrZXQ3QnFub2hIYWlmbllwa1d5NlBNekFiRU5pcEtwSXF0dkcxX25vT1V6RW44N1lyX1o1MWVaTGtoaElyaDJSYkd1ZW1UOW5fZ01Lc2J3?oc=5,-3,weak,,NO_MARKET_PRICES_INCLUDED
2026-07-06,2026-07-06T17:51:47Z,PARENT-ny-13-house-election-winner-darializa-avila-chev-5712c6,parent,NY-13 House Election Winner / Darializa Avila Chevalier proxy,NY-13 House Election Winner / Darializa Avila Chevalier proxy,Parent market briefing,NY-13 House Election Winner / Darializa Avila Chevalier proxy -Polymarket -Kalshi -Metaculus -Manifold -PredictIt,google_news_rss,FOX40,2026-06-30T03:01:00Z,Far left looks for latest win in Colorado: 5 things to watch in the primaries - FOX40,https://news.google.com/rss/articles/CBMitwFBVV95cUxNS0VnVzdRWU5QTW8zRHdtYnN4RGJua2pVejlCblpoekMtVmlIVnRuaWRpNThkRjR5akhqaGlUY3kxVXRLV0Q1RzdVWXBUaFhISXJOTGkySkU4M3BFRHNzSExpZkU3b0VkNTJNZHB4RjRXSzZuX2U1UGMyRUdSWGZhb09rclMwbk1VcjFtU1pleFd4VlR6Wjh1N2dNZ3pLZjJnLTBETVRnWC1qVnY1MDJoTDZteGVPUUnSAbcBQVVfeXFMTUtFZ1c3UVlOUE1vM0R3bWJzeERibmtqVXo5Qm5aaHpDLVZpSFZ0bmlkaTU4ZEY0eWpIamhpVGN5MVV0S1dENUc3VVlwVGhYSElyTkxpMkpFODNwRURzc0hMaWZFN29FZDUyTWRweEY0V0s2bl9lNVBjMkVHUlhmYW9Pa3JTMG5NVXIxbVNaZXhXeFZUelo4dTdnTWd6S2YyZy0wRE1UZ1gtalZ2NTAyaEw2bXhlT1FJ?oc=5,0,weak,,NO_MARKET_PRICES_INCLUDED
2026-07-06,2026-07-06T17:51:47Z,PARENT-ny-13-house-election-winner-darializa-avila-chev-5712c6,parent,NY-13 House Election Winner / Darializa Avila Chevalier proxy,NY-13 House Election Winner / Darializa Avila Chevalier proxy,Parent market briefing,NY-13 House Election Winner / Darializa Avila Chevalier proxy -Polymarket -Kalshi -Metaculus -Manifold -PredictIt,google_news_rss,The Independent,2026-06-29T20:39:00Z,Both Democratic Party leaders look weak — but one appears ready to fall - The Independent,https://news.google.com/rss/articles/CBMiwAFBVV95cUxNMmRZVDlNZnVzREJrRmJDamZ4c1RoNGwwN3JyOXhIX0RNZ09KN25uM0d1Y09jbUt5ZFk4YzRob2E1VXFrYzZabU5jVFhxVXBMTDBxYk9MVEtVN2VyM2RvajZ1bDJ4SzZXYzdEZHR5Sl9EUV9xdEVvOGtBaG1DbzBHZmNHclpRSVEwd0dHQ3pCbTBvdkJXVUZRdVI0ZVgzV3A5X0VZcWFEWlBjcWpwNHRMN2l3OFVpUTlhcU5IZDR0NEg?oc=5,0,weak,,NO_MARKET_PRICES_INCLUDED
2026-07-06,2026-07-06T17:51:47Z,PARENT-brazil-presidential-election-395bb9,parent,Brazil Presidential Election,Brazil Presidential Election,Parent market briefing,Brazil Presidential Election -Polymarket -Kalshi -Metaculus -Manifold -PredictIt,google_news_rss,Reuters,2026-07-01T10:23:44Z,"Lula leads Senator Bolsonaro in Brazil presidential run-off, poll shows - Reuters",https://news.google.com/rss/articles/CBMiugFBVV95cUxOcVdhMWJzTHV5bmtQY1o5ZTdBdEYzRXVzdzhweDJvbVhGbGNWT25MZEtEMl8zTS1HeEI3Z1IwaXRnUXNvT2NQMVZiQXR2WEdLR2g5WXA5V21HeUowOUhQV0JtQmQ0bjgxM0dJc1h1czhnNnFoWTlOT0xaYmp0cWhBTWZHaG9qejkwLWZ0TEZnUGdnZFFSY0RlMHlCUkhScEhuODB1MXZ4dDlnWmNuVDRQUTNDa2FQYTdBdXc?oc=5,6,strong,brazil,NO_MARKET_PRICES_INCLUDED
2026-07-06,2026-07-06T17:51:47Z,PARENT-brazil-presidential-election-395bb9,parent,Brazil Presidential Election,Brazil Presidential Election,Parent market briefing,Brazil Presidential Election -Polymarket -Kalshi -Metaculus -Manifold -PredictIt,google_news_rss,"ABC News - Breaking News, Latest News and Videos",2026-07-04T01:59:15Z,"Brazil's top presidential candidates Lula and Flávio Bolsonaro clash over US tariff proposal - ABC News - Breaking News, Latest News and Videos",https://news.google.com/rss/articles/CBMisAFBVV95cUxOMWttSTJLbncxNnAySHRxV21MRTFVTUNwb0JsOEtoSjRLZDhST3NqN3ppNHZpb05sSkxyOUFNRkdUOE9wYm5QRU9HMUpYN3FNX1BMMXJqRUNTZDJCMlFueEhmREpXbVM5TnlFVnp4Wkp6ZTJtOWhzZkpseU5IUk5lV2FkbWo3ZF9BcVJ3b09OVHp6a3FjekgwaF9peEh4M1VVWXVBaFlpdnliRFp6WUdVdNIBtgFBVV95cUxNQTNKQklWcGZuQWtFNFhiQmJTNUF5X1d3Tk1wdmgzYVFwTTZvMFhmV1JMVktkVm9ZUDVydUdfU2tKM1hHN01nX2NidDF0YWdXWjRvX2hhclptdmtHWnk5enlmcks1Q0x5MnpESkxDaHFsWWc1cHJKeHpHUWNGdzE2UWkwRkhXMHd4SUUxNkptNzBVRG9YWENaZXpMQlFSdEVxcVkyN19QM1NSQXdSaUx0QVpnbjRXZw?oc=5,5,broad,brazil,NO_MARKET_PRICES_INCLUDED
2026-07-06,2026-07-06T17:51:47Z,PARENT-brazil-presidential-election-395bb9,parent,Brazil Presidential Election,Brazil Presidential Election,Parent market briefing,Brazil Presidential Election -Polymarket -Kalshi -Metaculus -Manifold -PredictIt,google_news_rss,Latinoamérica 21,2026-07-03T12:00:00Z,"Women voters, candidates, but not elected in Brazil - Latinoamérica 21",https://news.google.com/rss/articles/CBMiiAFBVV95cUxPX2tNR0M1cHdQbWFJcDI2XzVRRFhTXzVFQzYzM1dQWG1NU2l2Z01qVTVfMk84WnhKb1Z5QW53bDdLcUs2Uko1UFV5eW5melJMeUlUZi1TNG1yaEtlVURYNEZJak5sc2hmb1J1V0o0NHlfSzR3WlY0SEQ2bER2VC1GTV95dGlsXzc4?oc=5,5,broad,brazil,NO_MARKET_PRICES_INCLUDED
2026-07-06,2026-07-06T17:51:47Z,PARENT-brazil-presidential-election-395bb9,parent,Brazil Presidential Election,Brazil Presidential Election,Parent market briefing,Brazil Presidential Election -Polymarket -Kalshi -Metaculus -Manifold -PredictIt,google_news_rss,The Washington Post,2026-07-03T15:52:37Z,Bolsanaro family feud imperils presidential bid of Trump ally’s son in Brazil - The Washington Post,https://news.google.com/rss/articles/CBMirgFBVV95cUxNbndWWWpta0M0RDRFNXFubGRPS05MdXptZnR6SDVka19QTFVDMkZVMTFpV01yZ20teEhydGN0R3pyVHVTWGxXVXJBQW11bGtGRFZEb1pVQkNkLTMwblpKNXBPVUNiYlMzM1NSVUp2Zm9zakhtVTlvSXpza3hqZUx2ZHlPRHc5N2hRQlRZNlZMbm1oU0pnSW9ndi0xenFnU01hTFpmOXg4TWU2b01xUnc?oc=5,5,broad,brazil,NO_MARKET_PRICES_INCLUDED
2026-07-06,2026-07-06T17:51:47Z,PARENT-brazil-presidential-election-395bb9,parent,Brazil Presidential Election,Brazil Presidential Election,Parent market briefing,Brazil Presidential Election -Polymarket -Kalshi -Metaculus -Manifold -PredictIt,google_news_rss,Encyclopedia Britannica,2026-07-02T05:00:00Z,"Brazil - Collor, corruption, and inflation - Encyclopedia Britannica",https://news.google.com/rss/articles/CBMie0FVX3lxTE12d3E0OTdZUGFHRTd2NmNUMjNBR3c3THlVQjdfOUlXUGpzZG5YdDhmN2ZEcWM1QnRNeGR0WlctXy1iMTFwZGk2d1VjYXc4MjUxc1d4cWFkVmsyVW1TU2xHTHlzVXBIREdvamRQYTg3TFo3S0xkTkc4ZXNfWQ?oc=5,5,broad,brazil,NO_MARKET_PRICES_INCLUDED
2026-07-06,2026-07-06T17:51:47Z,PARENT-brazil-presidential-election-395bb9,parent,Brazil Presidential Election,Brazil Presidential Election,Parent market briefing,Brazil Presidential Election -Polymarket -Kalshi -Metaculus -Manifold -PredictIt,google_news_rss,France 24,2026-07-03T20:15:11Z,"In Brazil, Bolsonaro family airs feud ahead of elections - France 24",https://news.google.com/rss/articles/CBMipAFBVV95cUxNRnFWQVV5Z3dkLTFLRGdRMzNiYU5seGJNYUc3ci1Cb0tXU2hYeXUxRXFWaXVPaEVDSDRhcmg1aWQ5V0dKQXlBRVo0UFltU05kNVdRWURHZTJlY1N2WGdmbDN0LXFWeWJXVUptWm50WVJXNTVHN2xlUlk3Yk9FNF9EV0w1Sm1fUmtLYVFhamNLa04ybHVlbVVDUlRYcVB3UmlIX3JySQ?oc=5,5,broad,brazil,NO_MARKET_PRICES_INCLUDED
2026-07-06,2026-07-06T17:51:47Z,PARENT-brazil-presidential-election-first-round-margin-89fcb1,parent,Brazil Presidential Election First Round: Margin of Victory,Brazil Presidential Election First Round: Margin of Victory,Parent market briefing,Brazil Presidential Election First Round: Margin of Victory -Polymarket -Kalshi -Metaculus -Manifold -PredictIt,google_news_rss,The Guardian,2026-06-30T00:18:00Z,"Peru’s Keiko Fujimori wins presidential election, in latest victory for Latin American right - The Guardian",https://news.google.com/rss/articles/CBMiqAFBVV95cUxOSFRra1l6ZzJZclBXd2V6UzhEazl6RTZxc0xCWUpoMm9WOEFEQTZTelRlQUNNejNQSXpBaEItS1JPZ0Rla0UxNEdyM212Y2tUWEZnckF6UDZZMV9LZjFVa2hkWlAwZ3E3UzJFV3FwRExqckU5SGphd01Ddnc5NHV1WXppSWFEMU5qbFFtN2p6QXpoR1MwYWlhallpTThCVU43VmhrSG1kNzM?oc=5,1,weak,victory,NO_MARKET_PRICES_INCLUDED
2026-07-06,2026-07-06T17:51:47Z,PARENT-brazil-presidential-election-first-round-margin-89fcb1,parent,Brazil Presidential Election First Round: Margin of Victory,Brazil Presidential Election First Round: Margin of Victory,Parent market briefing,Brazil Presidential Election First Round: Margin of Victory -Polymarket -Kalshi -Metaculus -Manifold -PredictIt,google_news_rss,Encyclopedia Britannica,2026-07-02T05:00:00Z,"Brazil - Kubitschek, Economy, Infrastructure - Encyclopedia Britannica",https://news.google.com/rss/articles/CBMidEFVX3lxTE1lX2UydDl4YnlvczV2MWFuNkZEQXI3dnJUUXF4ckhKZ29UNW9VdUpnd2Jxbjd2ZkZGQ2FLNENBa3FWVG1mdjNYemdfTlhDa2ZkdlE0eG9LdEdTbWFKd3l0TUJ1aFVLMk5feHl1NC1HVTJ2RTFJ?oc=5,5,broad,brazil,NO_MARKET_PRICES_INCLUDED
2026-07-06,2026-07-06T17:51:47Z,PARENT-brazil-presidential-election-first-round-margin-89fcb1,parent,Brazil Presidential Election First Round: Margin of Victory,Brazil Presidential Election First Round: Margin of Victory,Parent market briefing,Brazil Presidential Election First Round: Margin of Victory -Polymarket -Kalshi -Metaculus -Manifold -PredictIt,google_news_rss,U.S. News & World Report,2026-07-01T10:22:00Z,"Lula Leads Senator Bolsonaro in Brazil Presidential Run-Off, Poll Shows - U.S. News & World Report",https://news.google.com/rss/articles/CBMiwgFBVV95cUxOZTlGY1Vxd0ROblNyY2xuQU5MUW5PQ0tlVHZRZHRSODYwTW5TaWhHM0ItR3JGQ2RrdWRuWW8zaTFFamtXM1hGQ0RGbmMxTVYwb3M3bk1NMHVKdUVVUDlEZTZDLVRHR0FpOTRVRWlGdFRyLWtNWkNtQzdhQkFMNUQ1bnJJaDRIQ3p5TGZDdU92US1kbmcxZUlLcER2eTJfNEdwS3A1Nzlick1PRkd2MlBSaVlrbU5iVE1HZEtsaHZQcG5nQQ?oc=5,6,strong,brazil,NO_MARKET_PRICES_INCLUDED
2026-07-06,2026-07-06T17:51:47Z,PARENT-brazil-presidential-election-first-round-margin-89fcb1,parent,Brazil Presidential Election First Round: Margin of Victory,Brazil Presidential Election First Round: Margin of Victory,Parent market briefing,Brazil Presidential Election First Round: Margin of Victory -Polymarket -Kalshi -Metaculus -Manifold -PredictIt,google_news_rss,Left Voice,2026-07-02T12:55:24Z,Far-Right Keiko Fujimori Wins the Presidential Election in a Divided Peru - Left Voice,https://news.google.com/rss/articles/CBMiogFBVV95cUxPb0xmVWFnXzlQa2VTTUFzOTVnNVJZdlgyU1ZVeGRzV0RyOXpSX3V5OHBwU2laSmpEc3JKdHA5UmNHbEZoVkNkZTVXeUVWeWFXOGQxNVprdWlhejdMOGtWS1ZCNUpIZVJ6WDE4ZDhxRkdQS2tXeTFaUy14bjlGbEVVbzVmSVoxNGIxNGVubnhpd253WmlhbF9KeXVvTGdUM0RJTFE?oc=5,0,weak,,NO_MARKET_PRICES_INCLUDED
2026-07-06,2026-07-06T17:51:47Z,PARENT-brazil-presidential-election-first-round-margin-89fcb1,parent,Brazil Presidential Election First Round: Margin of Victory,Brazil Presidential Election First Round: Margin of Victory,Parent market briefing,Brazil Presidential Election First Round: Margin of Victory -Polymarket -Kalshi -Metaculus -Manifold -PredictIt,google_news_rss,Valor International,2026-07-06T14:02:55Z,Tarcísio leads Haddad by double digits in São Paulo governor race - Valor International,https://news.google.com/rss/articles/CBMizgFBVV95cUxONHVjQU9BNE8yS05HTmdyTzJKYkk2Q2V6VTNtYXFORjBDeld0amxMdllZMW1OWDdEZF84VFpWcUY3Wi1tV3V6YWhwb0RKMTJpVndXVC1VYUExbVJwU0k5bl80aExOWTVDMkxTVmhicl9Db3VvUXoyZjZCOXNjX2d5NGJ5UTJIR01lYkNFWDZIY2Nhc2hMLWItQkVvTVkydzUxdTRvZDZ1a2dKX2NlYWdtMkVURU5nYmV2VVBzejBtVm1SaUhWQTIwWEpINE9GZ9IB3AFBVV95cUxPeURodEVhejM5R2RMNnJJRVBUNjdaZ2gtMWtLeV8tVm9ScmhDZFgweHFWU29DX0JaaDRRNXhCcVNYZkdzT2xmbU82ak5iRHpQWTZwRVFjOHQwQktyMGViS2FteXRVa2lIdkhvdWRyQjhkQ2syQkR6Q1pHOWZXRmE0dUpLNE5wUG9YXzNqWDMtQTROYnowNHY0LTNHRlRaWnVTQWtfM3lWcDZvTE5VaVBBY1Fvel83cmZScU9YbHhTWFM3LS1CNVNSaEpOeTN0aG5hY0hMMHp0WU5UM3Qt?oc=5,0,weak,,NO_MARKET_PRICES_INCLUDED
2026-07-06,2026-07-06T17:51:47Z,PARENT-brazil-presidential-election-first-round-margin-89fcb1,parent,Brazil Presidential Election First Round: Margin of Victory,Brazil Presidential Election First Round: Margin of Victory,Parent market briefing,Brazil Presidential Election First Round: Margin of Victory -Polymarket -Kalshi -Metaculus -Manifold -PredictIt,google_news_rss,Ynetnews,2026-07-04T10:56:54Z,South America’s rightward lurch gathers speed as voters demand order - Ynetnews,https://news.google.com/rss/articles/CBMiVkFVX3lxTE95eVhFZmpMdHpCWHRFREdSNE04TUVNSHk0ZVlIb1pNOE5ZODRhNGRXekxtbVJtZzZYUUMtdk5vYXVkTU1XQ0s1Yi1UQUl2UVNsWUIxU2FB?oc=5,0,weak,,NO_MARKET_PRICES_INCLUDED
2026-07-06,2026-07-06T17:51:47Z,PARENT-brazil-presidential-election-first-round-2nd-pla-34479d,parent,Brazil Presidential Election First Round: 2nd Place,Brazil Presidential Election First Round: 2nd Place,Parent market briefing,Brazil Presidential Election First Round: 2nd Place -Polymarket -Kalshi -Metaculus -Manifold -PredictIt,google_news_rss,Bloomberg.com,2026-07-01T10:31:36Z,France to Hold First Round of Presidential Election April 18 - Bloomberg.com,https://news.google.com/rss/articles/CBMisAFBVV95cUxQbjlqTzBJUGpydllGM2N3QmRjcThWVklGV0VZS3BHeGphRWRueWxxVzNjaEloZVFWMVNLaUpaUGxJN3BFOTZoQ2ZtdUliM2RmczdwWFFpMzI5ZWlacXJCQk0ySFNPRlAtdUpRWjRGaTNDSGFOSXF6RTZyWnY3MXhSczFCVUtfakV2anJrWWFibnN3d3hZUHNTOGZxSXhJNVQwVFlVZTVFbWplbzZzSGRKMg?oc=5,2,weak,"first,round",NO_MARKET_PRICES_INCLUDED
2026-07-06,2026-07-06T17:51:47Z,PARENT-brazil-presidential-election-first-round-2nd-pla-34479d,parent,Brazil Presidential Election First Round: 2nd Place,Brazil Presidential Election First Round: 2nd Place,Parent market briefing,Brazil Presidential Election First Round: 2nd Place -Polymarket -Kalshi -Metaculus -Manifold -PredictIt,google_news_rss,Encyclopedia Britannica,2026-07-02T05:00:00Z,"Brazil - Collor, corruption, and inflation - Encyclopedia Britannica",https://news.google.com/rss/articles/CBMie0FVX3lxTE12d3E0OTdZUGFHRTd2NmNUMjNBR3c3THlVQjdfOUlXUGpzZG5YdDhmN2ZEcWM1QnRNeGR0WlctXy1iMTFwZGk2d1VjYXc4MjUxc1d4cWFkVmsyVW1TU2xHTHlzVXBIREdvamRQYTg3TFo3S0xkTkc4ZXNfWQ?oc=5,5,broad,brazil,NO_MARKET_PRICES_INCLUDED
2026-07-06,2026-07-06T17:51:47Z,PARENT-brazil-presidential-election-first-round-2nd-pla-34479d,parent,Brazil Presidential Election First Round: 2nd Place,Brazil Presidential Election First Round: 2nd Place,Parent market briefing,Brazil Presidential Election First Round: 2nd Place -Polymarket -Kalshi -Metaculus -Manifold -PredictIt,google_news_rss,U.S. News & World Report,2026-07-01T10:22:00Z,"Lula Leads Senator Bolsonaro in Brazil Presidential Run-Off, Poll Shows - U.S. News & World Report",https://news.google.com/rss/articles/CBMiwgFBVV95cUxOZTlGY1Vxd0ROblNyY2xuQU5MUW5PQ0tlVHZRZHRSODYwTW5TaWhHM0ItR3JGQ2RrdWRuWW8zaTFFamtXM1hGQ0RGbmMxTVYwb3M3bk1NMHVKdUVVUDlEZTZDLVRHR0FpOTRVRWlGdFRyLWtNWkNtQzdhQkFMNUQ1bnJJaDRIQ3p5TGZDdU92US1kbmcxZUlLcER2eTJfNEdwS3A1Nzlick1PRkd2MlBSaVlrbU5iVE1HZEtsaHZQcG5nQQ?oc=5,6,strong,brazil,NO_MARKET_PRICES_INCLUDED
2026-07-06,2026-07-06T17:51:47Z,PARENT-brazil-presidential-election-first-round-2nd-pla-34479d,parent,Brazil Presidential Election First Round: 2nd Place,Brazil Presidential Election First Round: 2nd Place,Parent market briefing,Brazil Presidential Election First Round: 2nd Place -Polymarket -Kalshi -Metaculus -Manifold -PredictIt,google_news_rss,France 24,2026-06-30T22:09:00Z,France sets presidential election date as Macron finishes final term - France 24,https://news.google.com/rss/articles/CBMisgFBVV95cUxQZmJuMUFXeEtsZVhONkRKN2h1a25jN2RNMEU1WHYtM094RUdnWENFRzRFbVhmYktLVWxTMUlnZDJJVmdBeEppMGZlTHgtQTZTb0Q4ZzQyYktycnBuZFY0Sng5UGxOeFNJMTI2dXVoU21rLXdyYnAwd2lGZE1fRFJHbktmTl9DeURmWEZ6eTRTdGREQTloeWxZTmlRQTNEbUZfX0lPdy1hdm1mR3Fxc2RjMk93?oc=5,0,weak,,NO_MARKET_PRICES_INCLUDED
2026-07-06,2026-07-06T17:51:47Z,PARENT-brazil-presidential-election-first-round-2nd-pla-34479d,parent,Brazil Presidential Election First Round: 2nd Place,Brazil Presidential Election First Round: 2nd Place,Parent market briefing,Brazil Presidential Election First Round: 2nd Place -Polymarket -Kalshi -Metaculus -Manifold -PredictIt,google_news_rss,Stamford Advocate,2026-07-03T19:58:00Z,Brazil's top presidential candidates Lula and Flávio Bolsonaro clash over US tariff proposal - Stamford Advocate,https://news.google.com/rss/articles/CBMirwFBVV95cUxONUV4Mkxxc0wzcWhRUkhIN0xyNzJCWmVyV2I0aXU1dFpGUDBCOGlRbnpjZU9xUFdocmFuckJDUm9nM29aSEV4M2Qza1ltTlJjRE9JeTVocEw5ZnJNX3dzekM1cnEzRXJVWHd3Q2tnSVhjck95dVJXdUNYUVYzb0RIQldFMlJ2R2t1YVVhVzlJSVZ6a21MN2lLbXlvbHpycW44RzBremJXYUR3aUwzYnQ0?oc=5,5,broad,brazil,NO_MARKET_PRICES_INCLUDED
2026-07-06,2026-07-06T17:51:47Z,PARENT-brazil-presidential-election-first-round-2nd-pla-34479d,parent,Brazil Presidential Election First Round: 2nd Place,Brazil Presidential Election First Round: 2nd Place,Parent market briefing,Brazil Presidential Election First Round: 2nd Place -Polymarket -Kalshi -Metaculus -Manifold -PredictIt,google_news_rss,Valor International,2026-07-01T14:24:52Z,Lula leads Flávio Bolsonaro in first- and second-round simulations - Valor International,https://news.google.com/rss/articles/CBMizgFBVV95cUxPcE5tXzl6c1h1WFZta05adU5ZbGtFZkNJQWlVckRiREFjRlo0LUNjMWY4S05zcnlOYTJmT2xHR09KWHJPX1lLNkpEMlh4OEE1RzNlVDlWTEhRcDRtOFdiSVZlS0VBaEoxRTMzcjN2dDROZ04yVm9uZjJORktvRG1fTVRvWXN0WkpIb1pVakpuYzdhX1Q5Sl94ejFPUlIyaHpZZXpoVVQyRzlQQ1h5azlfUHM2ZzdwUHFOT0dxMXotQjFmM2lwcVpGWTRnajZCZ9IB3AFBVV95cUxPdU1fQ0c4QkJqUVZTbVFMSTREaVNvYlp0VmI0YlhDNUNLTGNrTlZjZUdNT21fN0w2NjlubFpsTG9rWVZaYWFCNkFGRnUtTWRSYWpPWVNhZUJuTF9YNGM1NURYc0Fad2FrRENjZ21iNEFMdUhEVlFQcm42UFJtWGpDRG1sVVJCSlVIS0d6S2ZoS2VHeVB6MXJiYmJQX3NhVHhRS2hDR1lfT0RHU3V1bHRKa3EtZzc1MlZHWVRFY1hYZUwyR0RQMGRQQU4zLWNka0d5WlFFS3lTOEJDeXp2?oc=5,2,weak,"first,round",NO_MARKET_PRICES_INCLUDED
2026-07-06,2026-07-06T17:51:47Z,PARENT-brazil-presidential-election-first-round-3rd-pla-2d0f1e,parent,Brazil Presidential Election First Round: 3rd Place,Brazil Presidential Election First Round: 3rd Place,Parent market briefing,Brazil Presidential Election First Round: 3rd Place -Polymarket -Kalshi -Metaculus -Manifold -PredictIt,google_news_rss,Encyclopedia Britannica,2026-07-02T05:00:00Z,"Brazil - Collor, corruption, and inflation - Encyclopedia Britannica",https://news.google.com/rss/articles/CBMie0FVX3lxTE12d3E0OTdZUGFHRTd2NmNUMjNBR3c3THlVQjdfOUlXUGpzZG5YdDhmN2ZEcWM1QnRNeGR0WlctXy1iMTFwZGk2d1VjYXc4MjUxc1d4cWFkVmsyVW1TU2xHTHlzVXBIREdvamRQYTg3TFo3S0xkTkc4ZXNfWQ?oc=5,5,broad,brazil,NO_MARKET_PRICES_INCLUDED
2026-07-06,2026-07-06T17:51:47Z,PARENT-brazil-presidential-election-first-round-3rd-pla-2d0f1e,parent,Brazil Presidential Election First Round: 3rd Place,Brazil Presidential Election First Round: 3rd Place,Parent market briefing,Brazil Presidential Election First Round: 3rd Place -Polymarket -Kalshi -Metaculus -Manifold -PredictIt,google_news_rss,Encyclopedia Britannica,2026-07-02T05:00:00Z,"Brazil - Kubitschek, Economy, Infrastructure - Encyclopedia Britannica",https://news.google.com/rss/articles/CBMidEFVX3lxTE1lX2UydDl4YnlvczV2MWFuNkZEQXI3dnJUUXF4ckhKZ29UNW9VdUpnd2Jxbjd2ZkZGQ2FLNENBa3FWVG1mdjNYemdfTlhDa2ZkdlE0eG9LdEdTbWFKd3l0TUJ1aFVLMk5feHl1NC1HVTJ2RTFJ?oc=5,5,broad,brazil,NO_MARKET_PRICES_INCLUDED
2026-07-06,2026-07-06T17:51:47Z,PARENT-brazil-presidential-election-first-round-3rd-pla-2d0f1e,parent,Brazil Presidential Election First Round: 3rd Place,Brazil Presidential Election First Round: 3rd Place,Parent market briefing,Brazil Presidential Election First Round: 3rd Place -Polymarket -Kalshi -Metaculus -Manifold -PredictIt,google_news_rss,Silver Bulletin,2026-07-05T07:00:00Z,2026 World Cup Predictions - Silver Bulletin,https://news.google.com/rss/articles/CBMibEFVX3lxTE9PWGZfdFBZWWlBWkQ5OEVpc3dYV09iSGluZlJNQmNkUTBkc0lxZVRIcWpQOUlCMlRRaEM2S1N2TmxGMWVhcUNBcWhwMFRCRkxIMC1SNmpydFFhOV9OSjN5TGZ6bG45TmN3dDJadw?oc=5,0,weak,,NO_MARKET_PRICES_INCLUDED
2026-07-06,2026-07-06T17:51:47Z,PARENT-next-prime-minister-of-sweden-ca4b70,parent,Next Prime Minister of Sweden,Next Prime Minister of Sweden,Parent market briefing,Next Prime Minister of Sweden -Polymarket -Kalshi -Metaculus -Manifold -PredictIt,google_news_rss,Yahoo Finance,2026-06-30T14:25:00Z,Readout - Prime Minister Carney speaks with Prime Minister of Sweden Ulf Kristersson - Yahoo Finance,https://news.google.com/rss/articles/CBMiowFBVV95cUxNVF9OSnVqSmw3b1FHVnM4c1J6NG5nZE9ENDVmZUxmRnNOV2RmNl9pa1F4NEx0a0R3WU5aTm5iTFpFWHBGWEM4SGJScWRIS0FUUE5MMDdUaWtqckx2aGZHSzBhMDlFRF9ET1p4QTJGRFJMODdaM3ZFT181Sk9vQlZpMThnejZBdFdrNzg0M1lJVmJEQnVBcndIMjBBUkZGeUVLZDhZ?oc=5,0,weak,"sweden,guardrail:country_pm_without_contest_context",NO_MARKET_PRICES_INCLUDED
2026-07-06,2026-07-06T17:51:47Z,PARENT-next-prime-minister-of-sweden-ca4b70,parent,Next Prime Minister of Sweden,Next Prime Minister of Sweden,Parent market briefing,Next Prime Minister of Sweden -Polymarket -Kalshi -Metaculus -Manifold -PredictIt,google_news_rss,The New York Times,2026-07-06T04:01:15Z,‘Business-Friendly Socialism’: Can Burnham’s Manchester Model Transform Britain? - The New York Times,https://news.google.com/rss/articles/CBMiigFBVV95cUxQQW40NTUyNGYyd0NtcHJ2YTh2ZjMza2NQTVducWlaenJYR19PNWY0R1E2M0RXcDcwWFh1S3RYOER0N0NhZDRsUi1UWFppUXRQeDZtTjh4cnRJRXhIWi1rVE5TZVdWSjlmWU9TQm5QdGxpWjRWcDhmRmpVRWlHcXVmNVE5cFk4aklUNVE?oc=5,-3,weak,,NO_MARKET_PRICES_INCLUDED
2026-07-06,2026-07-06T17:51:47Z,PARENT-next-prime-minister-of-sweden-ca4b70,parent,Next Prime Minister of Sweden,Next Prime Minister of Sweden,Parent market briefing,Next Prime Minister of Sweden -Polymarket -Kalshi -Metaculus -Manifold -PredictIt,google_news_rss,Chatham House,2026-07-03T09:58:53Z,Will the UK’s next prime minister finally have a ‘national conversation’ on defence? - Chatham House,https://news.google.com/rss/articles/CBMirAFBVV95cUxOYW15azI2eTl4OExFNmJ4YTY3b3YtTlJlNmw4ZHRjNHpnLTg5YjhMdXlySnZ3RHJ5WVRCSHQwLUVRMFhoVUNHcExhVE9mUm1PT05tb1dyY0phb0x4ZUFHVjJuWEhYSVg2V2ZQX3dobnhhUTdHeHVTVzk5VDMwMmFpdmtZc2JCM05VX1NIb0lhMFI0ZXJSVW5aY0ZmdzZGd1FkekdFcG9TbWtfeEFM?oc=5,-3,weak,,NO_MARKET_PRICES_INCLUDED
2026-07-06,2026-07-06T17:51:47Z,PARENT-next-prime-minister-of-sweden-ca4b70,parent,Next Prime Minister of Sweden,Next Prime Minister of Sweden,Parent market briefing,Next Prime Minister of Sweden -Polymarket -Kalshi -Metaculus -Manifold -PredictIt,google_news_rss,South China Morning Post,2026-07-05T06:29:43Z,Chinese foreign minister Wang Yi calls on Sweden to help rebuild mutual trust - South China Morning Post,https://news.google.com/rss/articles/CBMizAFBVV95cUxQX0ptMHpHQzllV0Nkd3FYbXNpcWowQzFuUEQ1bVlqZXNoSE1DNldCRmJVSTNERjVXRVFNZkFrM0lnUXoybnozbVlEdHRoc293SXJnaUVVdWtnVkViaHI3YXRueFN4NlNDQTJtZ1FoLXdLMGxIRUNUM19QSjdveDl5WkFtQnFNWDNSUzBueGlSVDZyZ0RmNWE2SEJMTnppcHJ6RjUtNzRPOHpFc3ZpQkpRWFl4TnRVbGZZZUQzMkk5ZTkxZEFuODNfWDkzZUvSAcwBQVVfeXFMTklLZ2dxNUFvRWRyeXNCVlUyM3ByRzRtYWQzZDNITHpBSmNsbDJaR2wxZkRxdmZqRzhfSG5pOHU0TFlMb3kzMGgteEZyVlZrYllDQkE2anRDT2dNdEVTYldoMkNSZzhmUUZjeFRLNXNGV2JYWVNMQ1dRNkwxUDVDMnY4dTVfVF9ITk5OWlQxN2Z4SnR5Zy1QTzVxNEJuYUV3YmdjQkZmNjFpZ2xxeUxGanZib2pmcEhjVTFEQjRwVnR3RFBfeno5UDBVYVFk?oc=5,5,broad,sweden,NO_MARKET_PRICES_INCLUDED
2026-07-06,2026-07-06T17:51:47Z,PARENT-next-prime-minister-of-sweden-ca4b70,parent,Next Prime Minister of Sweden,Next Prime Minister of Sweden,Parent market briefing,Next Prime Minister of Sweden -Polymarket -Kalshi -Metaculus -Manifold -PredictIt,google_news_rss,Reuters,2026-07-04T20:14:24Z,"US VP Vance says Britain has been failed by leaders, hopes next PM delivers change - Reuters",https://news.google.com/rss/articles/CBMiuwFBVV95cUxQVHJ5YzZKd011OS1jRmxONjc0Zkx3eVZ1ZDBLZHZSNWNuOTVyRzRpV2xpcHQ1NDdzZlBzeTFxNldvcnZQekRJeTVjRk1HaGJESVc0YXRWNEJhQ1FMN0Y3NC04SllESEFuelVTbjR5ZFo0d0xhZGVrSkhSLWZOdVVUNkRyZ1lKenpaa2JpaFZPUm1UZTFQNTBDTDBiTjFmTlRsNWZTY3dWNjhWTC1MOHdmSkVtT1ppWFBPUUhv?oc=5,-3,weak,,NO_MARKET_PRICES_INCLUDED
2026-07-06,2026-07-06T17:51:47Z,PARENT-next-prime-minister-of-sweden-ca4b70,parent,Next Prime Minister of Sweden,Next Prime Minister of Sweden,Parent market briefing,Next Prime Minister of Sweden -Polymarket -Kalshi -Metaculus -Manifold -PredictIt,google_news_rss,MiGFlug,2026-07-03T09:21:35Z,NATO’s Next Radar Jet Is Swedish - MiGFlug,https://news.google.com/rss/articles/CBMif0FVX3lxTE9wTmlVeEZyeHNxTnN2dXBzQzFJc1lsb0NfQVlvcWtTUDcyYnA4cE94NzRxaWZLNURKVjJtekRjSHpxSU1ncThXNkU0UmRndGR4bTRteHp0eWNDWkFNN2FtTkpfMV9yRnFBSU1BY3JfZC12aDBhTDdEQXRfd1Bxa2s?oc=5,-3,weak,,NO_MARKET_PRICES_INCLUDED
2026-07-06,2026-07-06T17:51:47Z,PARENT-sweden-parliamentary-election-winner-4aa206,parent,Sweden Parliamentary Election Winner,Sweden Parliamentary Election Winner,Parent market briefing,Sweden Parliamentary Election Winner -Polymarket -Kalshi -Metaculus -Manifold -PredictIt,google_news_rss,politico.eu,2026-07-02T07:00:00Z,2024 European election results - politico.eu,https://news.google.com/rss/articles/CBMif0FVX3lxTE82clRJYmpMM2h3c1B0UU1yMnFhaHptLTdEblo0ZWZPZ2FGcVZnWExQTHIwMFBhWDhHdlNuak1YckZPMDJEMWVLdGxQQ2tXaFluUkRORFJxVlZZZ3hBek4tVXAydEhIWEVlSzhzaTdPSUhCR0N5OW5NVWF5M0pTQk0?oc=5,0,weak,,NO_MARKET_PRICES_INCLUDED
2026-07-06,2026-07-06T17:51:47Z,PARENT-sweden-parliamentary-election-winner-4aa206,parent,Sweden Parliamentary Election Winner,Sweden Parliamentary Election Winner,Parent market briefing,Sweden Parliamentary Election Winner -Polymarket -Kalshi -Metaculus -Manifold -PredictIt,google_news_rss,Encyclopedia Britannica,2026-07-03T07:31:00Z,"Alternative for Germany (AfD) | Beliefs, Platform, Election Results, & Scandals - Encyclopedia Britannica",https://news.google.com/rss/articles/CBMiZ0FVX3lxTE1STXlWYlREMUVNa0stMDhNSWdkT0FQSWpzR0pRWmpiWFpaNjFTaWlyYUpRVFUtRmgzWGFqUnNjTVRKOWk5QlNmcTRjUzNZRDdvV2Vwd1pyWjhzXzNvT1htZmhuY0xEMGc?oc=5,0,weak,,NO_MARKET_PRICES_INCLUDED
2026-07-06,2026-07-06T17:51:47Z,PARENT-sweden-parliamentary-election-winner-4aa206,parent,Sweden Parliamentary Election Winner,Sweden Parliamentary Election Winner,Parent market briefing,Sweden Parliamentary Election Winner -Polymarket -Kalshi -Metaculus -Manifold -PredictIt,google_news_rss,The Moscow Times,2026-07-06T11:13:00Z,"Armenian PM Makes First Trip to Russia Since Re-Election, Food Import Ban - The Moscow Times",https://news.google.com/rss/articles/CBMivgFBVV95cUxPaU9zTmVMMEd1UGdwdl9hb29WZFVHcHVfSHR6RU02dHRwZk92REtZVjBqME1FZ25oeFBsM191dGFqcjItdTd4dVlyemxybFJrZ0ZIUlloWS1IX0hVd1VyVUo0c1pjM01jT2Q0MDlPbElEelVrTmZBM3Q5emtCV2Q1TTdVYTYtUzBnV0FwbDVaY1Q5eTdiQkRsZTMzTUhjZm8xNi1GekdsQWI2SFA1SFpmUVZqLXpxaGlLRWFUdmxR?oc=5,0,weak,,NO_MARKET_PRICES_INCLUDED
2026-07-06,2026-07-06T17:51:47Z,PARENT-sweden-parliamentary-election-winner-4aa206,parent,Sweden Parliamentary Election Winner,Sweden Parliamentary Election Winner,Parent market briefing,Sweden Parliamentary Election Winner -Polymarket -Kalshi -Metaculus -Manifold -PredictIt,google_news_rss,조선일보,2026-07-06T07:39:16Z,Kim Min-seok Challenges Jung Chung-rae for Democratic Party Leadership - 조선일보,https://news.google.com/rss/articles/CBMiiAFBVV95cUxOY19heGNob2xJaFcyTGM2Ml9BaHBOMXhiN0xCOG53M3VaQ2lvdjlkeVcyQ3JzWFRmdjFuTmdYa3VzVi1iSHFaSkFUaHRtalZ0VjBGT1l4RkhGa29VSjlCWFZDSVBkQ3plZkE1UzBBTWoyeVlpNVBjUVhPQ2Y1M1J6dk10TUhzcmdn?oc=5,0,weak,,NO_MARKET_PRICES_INCLUDED
2026-07-06,2026-07-06T17:51:47Z,PARENT-sweden-parliamentary-election-winner-4aa206,parent,Sweden Parliamentary Election Winner,Sweden Parliamentary Election Winner,Parent market briefing,Sweden Parliamentary Election Winner -Polymarket -Kalshi -Metaculus -Manifold -PredictIt,google_news_rss,Yeni Safak English,2026-07-02T21:53:54Z,Algeria counts votes in second parliamentary polls since 2019 - Yeni Safak English,https://news.google.com/rss/articles/CBMiogFBVV95cUxNSjZCSjlMdHJTS2xIMXpIZ1FsZm1WajFoMWtESTByZXJRU1hDS2FMYjM0WWJHUjlOQXZaVVNTRWVYTklVbi1LUmY0QXV2eXRKOUlpR3U4cGRXaW5EWklNNWlLcGpoenM2amZIQmxEWHg0dDJ1YlVQZWMwclJ5Q2ZWXzZoMDdLY09lZU8xZU5vZFdLdlI2anI4LWlEZzI0d05CYWc?oc=5,2,weak,parliamentary,NO_MARKET_PRICES_INCLUDED
2026-07-06,2026-07-06T17:51:47Z,PARENT-sweden-parliamentary-election-winner-4aa206,parent,Sweden Parliamentary Election Winner,Sweden Parliamentary Election Winner,Parent market briefing,Sweden Parliamentary Election Winner -Polymarket -Kalshi -Metaculus -Manifold -PredictIt,google_news_rss,The Moscow Times,2026-07-02T15:09:00Z,Russia Is Gearing Up for Nationwide Elections. This Is What You Need to Know. - The Moscow Times,https://news.google.com/rss/articles/CBMiwgFBVV95cUxOdW1nVEloYjExVFlmbXM1ZlJRVnpUU0s0LXVKaEdhNEQzeDZMUEZZSkxVZnRhSGJCaUVJUDBjRjRhSFhsYzNGQ29mWUxXT3pUd0ttT1E0TF9WMDdnUnBua081M0pnWVBjSjJvUFRuWmFWTGVGb0lJOHlSQ3JhdWdvM3ZaU1ZacndWOWhEYjd2aXh0TzNRaWtqZTB6d3FzM24zVTV1ZUpzUUFtRXhXbTFTdzJQZk5LamVYNmNUbEJNZWFkZw?oc=5,0,weak,,NO_MARKET_PRICES_INCLUDED
2026-07-06,2026-07-06T17:51:47Z,PARENT-quebec-general-election-winner-40f7ef,parent,Quebec General Election Winner,Quebec General Election Winner,Parent market briefing,Quebec General Election Winner -Polymarket -Kalshi -Metaculus -Manifold -PredictIt,google_news_rss,CityNews Montreal,2026-07-01T16:14:58Z,Protesters against high rent have three demands for the government - CityNews Montreal,https://news.google.com/rss/articles/CBMiqwFBVV95cUxOYjRwM1I4czZJdi1lZlBfY1lfdnE3REJiQVExanFFUS1NSE9WSnpPVnNYbkg3UjdxYTNYMHpreWJpNTZBUERkTEU2RHVrc3B1dUd5RkdYSmNERTBTVjN0WGNBa0VkVFFOSkxsRzNFY1BYR0g1TjlnWDFvb1lFOHZOWXBoaDhOSkJSekd2ejJka1pXNHFjWkVMWTYwU3N6UzhuVjJJZ3ZJVmdUVGc?oc=5,0,weak,,NO_MARKET_PRICES_INCLUDED
2026-07-06,2026-07-06T17:51:47Z,PARENT-quebec-general-election-winner-40f7ef,parent,Quebec General Election Winner,Quebec General Election Winner,Parent market briefing,Quebec General Election Winner -Polymarket -Kalshi -Metaculus -Manifold -PredictIt,google_news_rss,Encyclopedia Britannica,2026-06-30T05:00:00Z,"Liberal Party of Canada | History, Leader, & Beliefs - Encyclopedia Britannica",https://news.google.com/rss/articles/CBMiZ0FVX3lxTE1uOFNnVS1US051WTdPRTNrS1RLdWNBMV9vMURNX0VUMktnUTczUElwYTJzOWV5LTVJNjhYc0tuOWluX1lyQVFYOThOREEwR1pwOTdPVlJrbXM2XzF3R19TY2o3R0dkYWM?oc=5,0,weak,,NO_MARKET_PRICES_INCLUDED
2026-07-06,2026-07-06T17:51:47Z,PARENT-quebec-general-election-winner-40f7ef,parent,Quebec General Election Winner,Quebec General Election Winner,Parent market briefing,Quebec General Election Winner -Polymarket -Kalshi -Metaculus -Manifold -PredictIt,google_news_rss,Montreal Gazette,2026-07-06T13:15:15Z,"Mulcair: As Quebec campaign heats up, here’s my long-range forecast - Montreal Gazette",https://news.google.com/rss/articles/CBMisgFBVV95cUxOR0hmUjBqQ3U1UGJBVzhpdG1LZkNQSXFvZ29QNnpsbGVwb0RTVVU3bTdBZVY2Uk14bGcwTDRsbWRYdkRjZHFsMWtfMFFDMXIzNnVfS2pqZlNrby1YZWZmZlg5QlFYNHhScE40UV9OMUFPeGxQajJLWEZzRnk3bFpjRGw0WkVUdlkyd3VmZExiNEQ5X3p6WFdBMnF2bFdhc3drbXctVk80M25lNFYtY3NYZ29B?oc=5,5,broad,quebec,NO_MARKET_PRICES_INCLUDED
2026-07-06,2026-07-06T17:51:47Z,PARENT-quebec-general-election-winner-40f7ef,parent,Quebec General Election Winner,Quebec General Election Winner,Parent market briefing,Quebec General Election Winner -Polymarket -Kalshi -Metaculus -Manifold -PredictIt,google_news_rss,The Globe and Mail,2026-06-30T20:44:00Z,Bonterra Resources Announces Election Results of Its 2026 Annual General Meeting - The Globe and Mail,https://news.google.com/rss/articles/CBMi-gFBVV95cUxONU5EUnNPeHpVMmdSd1Vkc2JWRkdPaEw3QnBJSXVXU0hMSEVqM1J6LWxpLWV5X1NtYkZhLWFZWGZKZUx4b01yd2NlT1FxdG5ibllKekxzVlE5UjlhdFR1SnQ3RFpRZlhrWHdNTTVHNC1ScVZOSkJSbXhIWHpSV1lXOGh1aEtBQVJXM1dMSDF5OUhKOTdLN2paWkpCODZIdXJfUXFocE5qVFBMZzFvelZxWm93b3ZHdVYxLXJUMGhtQ1lvOEFqRHNYWGpMVFlBVmV4aUp2Vm9LcU1CYzNReGl3NVBlbVNyT2VEOUQxempkNmFBakQ3NktEay1n?oc=5,0,weak,,NO_MARKET_PRICES_INCLUDED
2026-07-06,2026-07-06T17:51:47Z,PARENT-quebec-general-election-winner-40f7ef,parent,Quebec General Election Winner,Quebec General Election Winner,Parent market briefing,Quebec General Election Winner -Polymarket -Kalshi -Metaculus -Manifold -PredictIt,google_news_rss,battlefordsNOW,2026-07-02T19:29:00Z,Quebec Premier Fréchette says she will run in Trois-Rivières in October election - battlefordsNOW,https://news.google.com/rss/articles/CBMiuwFBVV95cUxOaC1oWERKUXFUem1PZ0ZWc1B1NVRxcVo1UWcyTV96d0J1Snh0LVBqY21GWUpKdXdSMUhvbGJMTzZBWU1oYU50RkJ0ZzBQM19fY1FFallVbVVmLWU2RURRSW5jQ3NwSHh0TENZRmREeUtWdzJ4VEJZblc5R3BFTG11SUpqR090T0xESFhjUXByV3AxT0lvYVpSZHQ3N0daRkRNR1RKeEIzYWdRb1V1Y2xkYkhOamtWQ3lyNW1Z?oc=5,5,broad,quebec,NO_MARKET_PRICES_INCLUDED
2026-07-06,2026-07-06T17:51:47Z,PARENT-quebec-general-election-winner-40f7ef,parent,Quebec General Election Winner,Quebec General Election Winner,Parent market briefing,Quebec General Election Winner -Polymarket -Kalshi -Metaculus -Manifold -PredictIt,google_news_rss,Mshale,2026-07-04T01:28:08Z,"Quebec Lottery Winner Takes Home $12.5 Million, Doesn’t Plan To Retire Fourth Wing (ZNffadKXrg) - Mshale",https://news.google.com/rss/articles/CBMiW0FVX3lxTFBYelRQRjFWa0Zqc09hMWNaZWJna2ZDMjZQSGhuTWlpZ3lHaWo4Z2YzTldUbHExenVQWGt5eXkyWXVEMmdIZE9nXzM4SDVkamlDZlBjUEgxREtNTDA?oc=5,5,broad,quebec,NO_MARKET_PRICES_INCLUDED
2026-07-06,2026-07-06T17:51:47Z,PARENT-vancouver-mayoral-election-winner-bcb08b,parent,Vancouver Mayoral Election Winner,Vancouver Mayoral Election Winner,Parent market briefing,Vancouver Mayoral Election Winner -Polymarket -Kalshi -Metaculus -Manifold -PredictIt,google_news_rss,The Tyee,2026-07-02T04:03:30Z,Stephanie Allen Wants to Be Vancouver’s Next Mayor - The Tyee,https://news.google.com/rss/articles/CBMiggFBVV95cUxQRXVJN1lPbFhGS29WNDFMUmk4Rzloel84YTVvLVJUVTE5dXdoNVdvNkRsYklOTkNFQzJJdVJQZDN4NVBIQmFWeTAydjlyZ1YydTNuc3BNRlAwQzlWZlluUE9JQ0hlUFF0TDdjcUdXNE5PR1FlSVk4eDlPWU50Y0RuZEFR?oc=5,5,broad,vancouver,NO_MARKET_PRICES_INCLUDED
2026-07-06,2026-07-06T17:51:47Z,PARENT-vancouver-mayoral-election-winner-bcb08b,parent,Vancouver Mayoral Election Winner,Vancouver Mayoral Election Winner,Parent market briefing,Vancouver Mayoral Election Winner -Polymarket -Kalshi -Metaculus -Manifold -PredictIt,google_news_rss,Global News,2026-07-02T22:15:18Z,Ontario mayor’s lawsuit against her own municipality ends with a win - Global News,https://news.google.com/rss/articles/CBMid0FVX3lxTE16X1B0dTNmSmxnSzQ1a2w5dzJQX2VhM2RYR1FkM2V0WnlBYnpvQlBBUUZ0bTZxaVJMX3NQRGxGa1NzTnl2Y2xQRGhoWlIzYjc0UGlMQmZjOVZWZHdsRUVZTGNCaGFwRWU3VUJQUVNRUl9ZekNNUi13?oc=5,-3,weak,,NO_MARKET_PRICES_INCLUDED
2026-07-06,2026-07-06T17:51:47Z,PARENT-vancouver-mayoral-election-winner-bcb08b,parent,Vancouver Mayoral Election Winner,Vancouver Mayoral Election Winner,Parent market briefing,Vancouver Mayoral Election Winner -Polymarket -Kalshi -Metaculus -Manifold -PredictIt,google_news_rss,Vancouver Sun,2026-07-02T21:48:24Z,Vancouver votes to keep Granville Street a pedestrian zone for rest of summer - Vancouver Sun,https://news.google.com/rss/articles/CBMikwFBVV95cUxPMU9ndUdoMXdjWnZuU3Z0VHhrUzljRnd2VnE0MGlrc3VPejYwVEdfbUs1R1oxYktGQmdwWG44T21oQklJeWZjU1gycHlXUVFrSUxLdWVEQkR2QkxldDFIZ0xONkMxNUxVMXZsMl8xQkFDNHhUbWxaYUJ6QWFIeVFFa2JsZHNiLVpCa0x5Z1FkNVBXTDQ?oc=5,5,broad,vancouver,NO_MARKET_PRICES_INCLUDED
2026-07-06,2026-07-06T17:51:47Z,PARENT-vancouver-mayoral-election-winner-bcb08b,parent,Vancouver Mayoral Election Winner,Vancouver Mayoral Election Winner,Parent market briefing,Vancouver Mayoral Election Winner -Polymarket -Kalshi -Metaculus -Manifold -PredictIt,google_news_rss,Mshale,2026-07-04T04:34:47Z,"BC Today, Dec. 11: Bank Of Canada Interest Rate Cut | Vancouver Mayor's 'bitcoin-friendly City' Plan Economy (RmOaWYmzIt) - Mshale",https://news.google.com/rss/articles/CBMiYEFVX3lxTE9KWGFtRzcyTGtxaFgza2J3cWdmRUtIenh4WHFtMGZHN0thQlgxR1FaWndSWlkwV2wxOEJMMTVLcEx1RW0za0REdjhmTWFrc1h4VExWTVlJWFVPRUhESXhkMA?oc=5,5,broad,vancouver,NO_MARKET_PRICES_INCLUDED
2026-07-06,2026-07-06T17:51:47Z,PARENT-vancouver-mayoral-election-winner-bcb08b,parent,Vancouver Mayoral Election Winner,Vancouver Mayoral Election Winner,Parent market briefing,Vancouver Mayoral Election Winner -Polymarket -Kalshi -Metaculus -Manifold -PredictIt,google_news_rss,Daily Hive,2026-06-30T04:46:00Z,Vancouver's role as a FIFA World Cup host city delivering big numbers - Daily Hive,https://news.google.com/rss/articles/CBMifkFVX3lxTE80OFo5TzBSaXVpM2dObm1HUy1YOGh3cjd0djhMRWQxUGxtcThsemJ2emdGM0N2eHJvUGNXcXBvOGpCOWxiTUFueC02cEwtY3AzbDJkQkVRR1RubExkV3phcnpmcFFqazgyZmVYTk8zbFlYTnFVS1JnWkhmTmZ1QQ?oc=5,5,broad,vancouver,NO_MARKET_PRICES_INCLUDED
2026-07-06,2026-07-06T17:51:47Z,PARENT-vancouver-mayoral-election-winner-bcb08b,parent,Vancouver Mayoral Election Winner,Vancouver Mayoral Election Winner,Parent market briefing,Vancouver Mayoral Election Winner -Polymarket -Kalshi -Metaculus -Manifold -PredictIt,google_news_rss,Global News,2026-07-04T00:56:13Z,Vancouver city council votes to extend Granville entertainment district car-free zone to end of summer - Global News,https://news.google.com/rss/articles/CBMi1wFBVV95cUxPSS1YTHpMX1BNRXhhM3NSYkxwV2xoYnZEakYyZ0JIUFM3TW9mWTZxZ2tDWC05b2dCZVlhM1JhV1FzQnppRExXR2dGUEhPb2ZlSW9rQ0xONVYyUU1tcVFKdndSQ28wRDNnSEwzNkt4Q3pXZVBiZDZjVGhQOS1GaFJiQk1YV19WT2hyb204NDBMSjhZb2Niemx4N2J1RzBKeHBJZ1gzeUpxXzRnZXFkZW96aVE2TUpqbGotd2VJRFlHM2FweHJ3MC12UU5tSmdHWUY0YURoRXNBdw?oc=5,5,broad,vancouver,NO_MARKET_PRICES_INCLUDED
2026-07-06,2026-07-06T17:51:47Z,PARENT-next-prime-minister-of-israel-after-next-electio-5e17d0,parent,Next Prime Minister of Israel after next election,Next Prime Minister of Israel after next election,Parent market briefing,Next Prime Minister of Israel after next election -Polymarket -Kalshi -Metaculus -Manifold -PredictIt,google_news_rss,The Economist,2026-07-06T11:08:56Z,Israel election poll tracker: will Binyamin Netanyahu hold on to power? - The Economist,https://news.google.com/rss/articles/CBMidEFVX3lxTE1ObDNEQkNJb0NDRHliRFh6ZGVlX2JvVkU3Q0FTSlFzVkNHM3FITER1SGFQdmlNNWZXQXpRNTYwM21CTDJmdFRQVWQtYXh4R2xLd0phaURJSC1RV210b1VCb2tnWlItM1dZMDc0NkRFQ1dudGd5?oc=5,9,strong,"israel,guardrail:country_with_contest_context",NO_MARKET_PRICES_INCLUDED
2026-07-06,2026-07-06T17:51:47Z,PARENT-next-prime-minister-of-israel-after-next-electio-5e17d0,parent,Next Prime Minister of Israel after next election,Next Prime Minister of Israel after next election,Parent market briefing,Next Prime Minister of Israel after next election -Polymarket -Kalshi -Metaculus -Manifold -PredictIt,google_news_rss,Anadolu Ajansı,2026-07-03T11:42:26Z,Poll points to Israeli political deadlock ahead of next elections - Anadolu Ajansı,https://news.google.com/rss/articles/CBMirwFBVV95cUxNSWR0a1M1YUNYRlc5UVBRV3lOTkJSSUJncThWcGhZcFlxOFZpT3NyMjkyaktjcTRuS01kcjhHWUxLMGV3d2hDMFRuRVBzVnVUYkM2eXUzNHVKNU1RdVZpM1F5d2NYS0RTMXh2YU5GOWI4UFBYVzBNYkcyNVRZS3ZpRk9Lc3ZEajBBZ2NlQlBaZlJMVjBzZVdLUmQxSlloN1hIZGJxQTlPOW9EQVBFV3hB?oc=5,9,strong,"israel,guardrail:country_with_contest_context",NO_MARKET_PRICES_INCLUDED
2026-07-06,2026-07-06T17:51:47Z,PARENT-next-prime-minister-of-israel-after-next-electio-5e17d0,parent,Next Prime Minister of Israel after next election,Next Prime Minister of Israel after next election,Parent market briefing,Next Prime Minister of Israel after next election -Polymarket -Kalshi -Metaculus -Manifold -PredictIt,google_news_rss,The Jerusalem Post,2026-07-03T05:38:57Z,"Netanyahu-led breakaway party would win 16 seats, survey finds - The Jerusalem Post",https://news.google.com/rss/articles/CBMie0FVX3lxTE0tLVAwS2MyT3ZKaWhtNFE0S3hXalhjb0JjczM4bUpXcWR0RkhlMjhOeHVoMUlMUFdUYnVKMDhqMS1jR2hrWW1TSUN5eDA2SG9Ud1pHVU50S1Z4bVhxVUdQZ19kWTN0UVhFTkhjcHNPZ00tcHF2OUFiMUtXTQ?oc=5,-3,weak,,NO_MARKET_PRICES_INCLUDED
2026-07-06,2026-07-06T17:51:47Z,PARENT-next-prime-minister-of-israel-after-next-electio-5e17d0,parent,Next Prime Minister of Israel after next election,Next Prime Minister of Israel after next election,Parent market briefing,Next Prime Minister of Israel after next election -Polymarket -Kalshi -Metaculus -Manifold -PredictIt,google_news_rss,JNS,2026-07-02T21:43:22Z,"Netanyahu best suited as next prime minister, likely to form new gov, poll suggests - JNS",https://news.google.com/rss/articles/CBMiyAFBVV95cUxQcmpXaDY5TVNuUzFBLUlSYjJ3SmpvM3FKOUJ4cjNOUXZvVnAzVkQ0YWpXWGVLYkhjNzRENlJPYWFnTVoxVTN5QmowRktzcjEwc1hiN0c5cG5lQnlFYkFFcU1sdGo5eVZjbUstOXZjNnluQ2RCbi10aWFlWktOQzF4bmtVV0hUSm5DYUVNUlY2Y3NWMVRhVndmOGpiMVBObUlTQjgxbkUwZGtrWmg4VnF3LXc5QktrVm44anhfWFk2ZU5FRVVpRFN3Qw?oc=5,-2,weak,,NO_MARKET_PRICES_INCLUDED
2026-07-06,2026-07-06T17:51:47Z,PARENT-next-prime-minister-of-israel-after-next-electio-5e17d0,parent,Next Prime Minister of Israel after next election,Next Prime Minister of Israel after next election,Parent market briefing,Next Prime Minister of Israel after next election -Polymarket -Kalshi -Metaculus -Manifold -PredictIt,google_news_rss,The Forward,2026-06-30T17:35:16Z,"In Israel’s astonishing new reality, voters expect Netanyahu to try to sabotage elections - The Forward",https://news.google.com/rss/articles/CBMib0FVX3lxTE1XX1FQX0xRRndFdDBjby0xbV9LTVN3b1BqTXFsWEdycTYyNGYwQllUc3BlSS0zb3k4V09NN0tDRkJWU042VXgxTW1LWEM2dWZnWEo3LXlkYllJSFJWVWQyTVZFekVaODR3b1RvYk5Jdw?oc=5,8,strong,"israel,guardrail:country_with_contest_context",NO_MARKET_PRICES_INCLUDED
2026-07-06,2026-07-06T17:51:47Z,PARENT-next-prime-minister-of-israel-after-next-electio-5e17d0,parent,Next Prime Minister of Israel after next election,Next Prime Minister of Israel after next election,Parent market briefing,Next Prime Minister of Israel after next election -Polymarket -Kalshi -Metaculus -Manifold -PredictIt,google_news_rss,The Times of Israel,2026-07-05T14:14:00Z,"Knesset expected to dissolve July 17, paving way for October 27 election - The Times of Israel",https://news.google.com/rss/articles/CBMipAFBVV95cUxQQnVUYmhIalpUU2p4VUktTTJsTVFqbVI0Y3R1b183TVR3U09NWnZVenFfc0E3Wmk0QnlyOWtZSWNPOEl3TmZhQmlTV2dPU1RmNmFsaHZWVmtJZHJJMjRENWZCSkdqZWw2aUJvcGs4R3AwbmFTMnBIYmhDYkF1cXlrZ2V0WmNlRHBJN0doQ3VLTmJZY0huZGVSUlJjcHdnSHYwcjkwdtIBqgFBVV95cUxNVHphRjRFdmplWjFCckhqaW5sTy1hTjBEQWxIOFBNQV9kUTVMNG81UjdKOV9ERjdKaUtnSU43cmMxR0t3aTJtd2cxYWVhNTUyd2dVM0tmb2M0SzlQSnlFeHdNcGZaUTg1RUc4RHgwNUJjUUZ0Rkg1aDY2Q1JpT3NXVW5ZSmtqdElQMXQtSnktYV9pYlRGTVpIbnU4UWgxaDVBdm1RenFzQ3BBUQ?oc=5,8,strong,"israel,guardrail:country_with_contest_context",NO_MARKET_PRICES_INCLUDED
2026-07-06,2026-07-06T17:51:47Z,PARENT-israeli-legislative-election-winner-919976,parent,Israeli Legislative Election Winner,Israeli Legislative Election Winner,Parent market briefing,Israeli Legislative Election Winner -Polymarket -Kalshi -Metaculus -Manifold -PredictIt,google_news_rss,The Economist,2026-07-06T11:08:56Z,Israel election poll tracker: will Binyamin Netanyahu hold on to power? - The Economist,https://news.google.com/rss/articles/CBMidEFVX3lxTE1ObDNEQkNJb0NDRHliRFh6ZGVlX2JvVkU3Q0FTSlFzVkNHM3FITER1SGFQdmlNNWZXQXpRNTYwM21CTDJmdFRQVWQtYXh4R2xLd0phaURJSC1RV210b1VCb2tnWlItM1dZMDc0NkRFQ1dudGd5?oc=5,1,weak,,NO_MARKET_PRICES_INCLUDED
2026-07-06,2026-07-06T17:51:47Z,PARENT-israeli-legislative-election-winner-919976,parent,Israeli Legislative Election Winner,Israeli Legislative Election Winner,Parent market briefing,Israeli Legislative Election Winner -Polymarket -Kalshi -Metaculus -Manifold -PredictIt,google_news_rss,Anadolu Ajansı,2026-07-03T11:42:26Z,Poll points to Israeli political deadlock ahead of next elections - Anadolu Ajansı,https://news.google.com/rss/articles/CBMirwFBVV95cUxNSWR0a1M1YUNYRlc5UVBRV3lOTkJSSUJncThWcGhZcFlxOFZpT3NyMjkyaktjcTRuS01kcjhHWUxLMGV3d2hDMFRuRVBzVnVUYkM2eXUzNHVKNU1RdVZpM1F5d2NYS0RTMXh2YU5GOWI4UFBYVzBNYkcyNVRZS3ZpRk9Lc3ZEajBBZ2NlQlBaZlJMVjBzZVdLUmQxSlloN1hIZGJxQTlPOW9EQVBFV3hB?oc=5,2,weak,israeli,NO_MARKET_PRICES_INCLUDED
2026-07-06,2026-07-06T17:51:47Z,PARENT-israeli-legislative-election-winner-919976,parent,Israeli Legislative Election Winner,Israeli Legislative Election Winner,Parent market briefing,Israeli Legislative Election Winner -Polymarket -Kalshi -Metaculus -Manifold -PredictIt,google_news_rss,AP News,2026-06-30T19:24:00Z,This grieving father and ex-general could test the grip of Israel's longest serving prime minister - AP News,https://news.google.com/rss/articles/CBMipgFBVV95cUxPUGF1empKWHBHNzhRVjR0d3l3bGFHTmxUdnNoZTBIdUJHemtYTUNsbDRLbHNSNkhzX24yenoyeFZKVXBqa2VhV3d4QXBQU3pqdWxZUDUwbjJzWWt0ZDF0T2lOMThOQVFNbkgxMlhNZVZVdUo1b2VlZXhTaGFhdDdua216d3JrckpKaXNlOGYwSGQtOExLX2trSFhab19aQnU3OW51SnlB?oc=5,0,weak,,NO_MARKET_PRICES_INCLUDED
2026-07-06,2026-07-06T17:51:47Z,PARENT-israeli-legislative-election-winner-919976,parent,Israeli Legislative Election Winner,Israeli Legislative Election Winner,Parent market briefing,Israeli Legislative Election Winner -Polymarket -Kalshi -Metaculus -Manifold -PredictIt,google_news_rss,The Times of Israel,2026-07-05T14:14:00Z,"Knesset expected to dissolve July 17, paving way for October 27 election - The Times of Israel",https://news.google.com/rss/articles/CBMipAFBVV95cUxQQnVUYmhIalpUU2p4VUktTTJsTVFqbVI0Y3R1b183TVR3U09NWnZVenFfc0E3Wmk0QnlyOWtZSWNPOEl3TmZhQmlTV2dPU1RmNmFsaHZWVmtJZHJJMjRENWZCSkdqZWw2aUJvcGs4R3AwbmFTMnBIYmhDYkF1cXlrZ2V0WmNlRHBJN0doQ3VLTmJZY0huZGVSUlJjcHdnSHYwcjkwdtIBqgFBVV95cUxNVHphRjRFdmplWjFCckhqaW5sTy1hTjBEQWxIOFBNQV9kUTVMNG81UjdKOV9ERjdKaUtnSU43cmMxR0t3aTJtd2cxYWVhNTUyd2dVM0tmb2M0SzlQSnlFeHdNcGZaUTg1RUc4RHgwNUJjUUZ0Rkg1aDY2Q1JpT3NXVW5ZSmtqdElQMXQtSnktYV9pYlRGTVpIbnU4UWgxaDVBdm1RenFzQ3BBUQ?oc=5,0,weak,,NO_MARKET_PRICES_INCLUDED
2026-07-06,2026-07-06T17:51:47Z,PARENT-israeli-legislative-election-winner-919976,parent,Israeli Legislative Election Winner,Israeli Legislative Election Winner,Parent market briefing,Israeli Legislative Election Winner -Polymarket -Kalshi -Metaculus -Manifold -PredictIt,google_news_rss,Haaretz,2026-07-05T16:14:00Z,Israel's election czar floats livestreaming vote count to quash conspiracies - Haaretz,https://news.google.com/rss/articles/CBMimAJBVV95cUxPZE1YVV9zQ3dxV2lWaU1BeFV5NW5oOXZQSHRkZ2c0MnBLQzBUWTZoalEyUmpQdXJtWkgzaTNBOWNQQnpiUlp4S2Y2WF9jb1ZlQVdQaDlINmJOZ1RtTV9SWFVnUkY4R2Q0ZlczdHBkY0ptU3I0RUVpb0l2X3ZNNDNzeUlUbDlmcjNTdDVlMTJ2ZHRrdjMweXg4M1dFYzNWR182MW9KZk9QZlpsU1lvc2tueEg4MlA3YmE2NVFLYW5TZXJPQjJ3Q3pDQm5JYU1TZ18zWEpVOUVTelVRN3pPVTIyT0t6NDYyZlZIS2FZSXZETUpMZ0stelh2dW5iNGNRYjk5Zm1wQVhFZGFQMzNVa2hzTzQzaTlGcTlC?oc=5,0,weak,,NO_MARKET_PRICES_INCLUDED
2026-07-06,2026-07-06T17:51:47Z,PARENT-israeli-legislative-election-winner-919976,parent,Israeli Legislative Election Winner,Israeli Legislative Election Winner,Parent market briefing,Israeli Legislative Election Winner -Polymarket -Kalshi -Metaculus -Manifold -PredictIt,google_news_rss,City & State New York,2026-07-01T22:05:52Z,"How Ritchie Torres, diehard Israel supporter, easily survived a brutal primary cycle - City & State New York",https://news.google.com/rss/articles/CBMi0gFBVV95cUxQTkVmbm9NVTJaQy1oemRLekRsc0FGMldMZjY4OUVKTDFIUi1EbjB4LVJOdVIycmc3YlVLeHRWU1EzZkdCM1ZwcDg2OTZQeENjNGMyYXVwN1hVTXRkbXh5c0tTVzlvbjE1M25nRTkzYlc0ZUVKS21xa2lqb3JRRVludkpVYlRzM1UwYkdDVVhFVVJERWZoQUtfdUN5c2FZMjBJRE5nUElYN3V3UHhhNnl0QWMtSWhUUDdVR2FmTDZsakhQYzI0bXgxeDVNclJ4LXQwdGc?oc=5,0,weak,,NO_MARKET_PRICES_INCLUDED
2026-07-06,2026-07-06T17:51:47Z,PARENT-next-prime-minister-of-new-zealand-f26fc5,parent,Next Prime Minister of New Zealand,Next Prime Minister of New Zealand,Parent market briefing,Next Prime Minister of New Zealand -Polymarket -Kalshi -Metaculus -Manifold -PredictIt,google_news_rss,Reuters,2026-07-03T17:03:52Z,"India's Modi to visit Indonesia, Australia and New Zealand next week - Reuters",https://news.google.com/rss/articles/CBMitwFBVV95cUxNQWxqc2xLVjVtanUxZ3Q5YWNGMHpuNko0Q0cxT1VQcmlkc0s2ZE1ZTEpLRHh2MTAyd1pHajllRVBJeEhuWGtQRVBuOWMtMXpBclpCUXNUc3dSYVRFam5tdXFPOWtGcTBhZEFnVjBwZk5JR3RrSHdkWDlmTm90eVZmVjR1dkVPUHc3V0JFemdkdnlxUFoyalZzTUpVUURoMHVZeUwyOFNOYkFjMVA4enRPX19BcVd3Xzg?oc=5,-2,weak,"new,zealand,guardrail:foreign_leader_visit_collision",NO_MARKET_PRICES_INCLUDED
2026-07-06,2026-07-06T17:51:47Z,PARENT-next-prime-minister-of-new-zealand-f26fc5,parent,Next Prime Minister of New Zealand,Next Prime Minister of New Zealand,Parent market briefing,Next Prime Minister of New Zealand -Polymarket -Kalshi -Metaculus -Manifold -PredictIt,google_news_rss,Classic Rock 103.5 WIMZ,2026-07-03T01:05:02Z,Indian PM Modi to make first official visit to New Zealand next week - Classic Rock 103.5 WIMZ,https://news.google.com/rss/articles/CBMinAFBVV95cUxQV1k3SVp5aVhHczUtUnVfZnd5RF9fTzhDY093TUx6UENxRGJqUkZhLW1xdVJkNW1yMncyczJYbUlzaU1pMlB3MS1BYXlJSm8xNVBScWxUekdQRXBjelc0SVBONzFkLXpjODE5d1Vhd1IxVlNRUzItTThpUUM5Zy1WU29vV1ZXakFLYjhMMjF6WmZpd1RxMlRJdzd6ZzA?oc=5,-2,weak,"new,zealand,guardrail:foreign_leader_visit_collision",NO_MARKET_PRICES_INCLUDED
2026-07-06,2026-07-06T17:51:47Z,PARENT-next-prime-minister-of-new-zealand-f26fc5,parent,Next Prime Minister of New Zealand,Next Prime Minister of New Zealand,Parent market briefing,Next Prime Minister of New Zealand -Polymarket -Kalshi -Metaculus -Manifold -PredictIt,google_news_rss,Capitalfm.co.ke,2026-07-04T12:12:36Z,Modi set for first official visit to New Zealand next week - Capitalfm.co.ke,https://news.google.com/rss/articles/CBMijAFBVV95cUxQSXg4R1FzNjQtZmpaZ3VYLU1UMU13UU5fU3RMbnNRWndjNkJnZTdhVXk2MFZ0Y3JxaVNaNjRxUm1XV2s5OWRwQVJaUTZmTDlEMkxFWnRSVXk2MHkyS25vQl9YU0xsZnpQcFQ0MGtXZUYwd1NpdEgzUVNzV0hCTDcycU1Lc2dnS3BsYkdHbw?oc=5,-2,weak,"new,zealand,guardrail:foreign_leader_visit_collision",NO_MARKET_PRICES_INCLUDED
2026-07-06,2026-07-06T17:51:47Z,PARENT-next-prime-minister-of-new-zealand-f26fc5,parent,Next Prime Minister of New Zealand,Next Prime Minister of New Zealand,Parent market briefing,Next Prime Minister of New Zealand -Polymarket -Kalshi -Metaculus -Manifold -PredictIt,google_news_rss,The Hindu,2026-07-03T00:58:53Z,PM Modi to make first official visit to New Zealand next week - The Hindu,https://news.google.com/rss/articles/CBMivAFBVV95cUxONWFWSXVjRWY4NFJMYktIRXZmS1ZlTzNzNVAxLVp3XzBtTC1nOEhhUXVfdHpwVDYtTXlVcWdBdjRpX3VqNjYxc3lRenZCeTBVSmNMOXNYbHkwN1gwZzc4ZDk4YnlvcGV5ck5TSXdvTnZDSUlLR1Zua0VvZE9BYXpndW9GMi1TNkR1WlNfTGx5ZzA4QjdSem1zM1VvMXpPTFFyZUYxcUNPRHZsTHBHU0lPSjJ5OEg2VXFVSXdMNdIBwwFBVV95cUxQRWFqSlhuM3JpQThZR1EzdXc4NEJlREVsb2wwUV9zQmdNWmc2Z1ZUb1JDQlJDamtfZ3o3N18wbmhkZkI5V090VllnMGh3eTZTQ0l4QjlPYVM5LUhzWGNJSHlfbXFEOFVCWGFMX05DYlhNVkFCblp6RmlseTRsZ2ZiOEpYZ2JxbThpZWc4b09VV2t6dGp3RUFJWWNBbGZKRkw3VXNweEpjZmY5bDlaV3l1M0JpWTBHMjJPY016VHI1TU9sMEU?oc=5,-2,weak,"new,zealand,guardrail:foreign_leader_visit_collision",NO_MARKET_PRICES_INCLUDED
2026-07-06,2026-07-06T17:51:47Z,PARENT-next-prime-minister-of-new-zealand-f26fc5,parent,Next Prime Minister of New Zealand,Next Prime Minister of New Zealand,Parent market briefing,Next Prime Minister of New Zealand -Polymarket -Kalshi -Metaculus -Manifold -PredictIt,google_news_rss,The Jakarta Post,2026-07-03T22:17:57Z,"India's Modi to visit Indonesia, Australia, New Zealand next week - The Jakarta Post",https://news.google.com/rss/articles/CBMirwFBVV95cUxORS1oSFEtR0lPUmNSODdrZWFOVHBlSVY5enNYM1l3aUdJUkhURmFrcHhOY3hHV0k1YnUzcXd6blhEMGZlUlY0eDJ1dE8xSEhKOUxEZ3NrZzBlYWdmRUpZY2g3NTFiOEFUNTBaMWRWQjR3NWh3eFEtdS15cU9kVmNTNzNKZHFqY0VxQjhuZDYwakExQ1VVazE5bHRJZ3FvQTJGbXJnQ1QxeklGeGJtdjlF?oc=5,-2,weak,"new,zealand,guardrail:foreign_leader_visit_collision",NO_MARKET_PRICES_INCLUDED
2026-07-06,2026-07-06T17:51:47Z,PARENT-next-prime-minister-of-new-zealand-f26fc5,parent,Next Prime Minister of New Zealand,Next Prime Minister of New Zealand,Parent market briefing,Next Prime Minister of New Zealand -Polymarket -Kalshi -Metaculus -Manifold -PredictIt,google_news_rss,National Party,2026-07-03T01:20:11Z,New Zealand to host Indian Prime Minister - National Party,https://news.google.com/rss/articles/CBMicEFVX3lxTE9VWnhxdko1eVdfNmM1dklvMGRVd1BGLXpXcldyd2VITTE2cWV4ZHdRX1B1NjFmdlJPRERnX19vR1ZYVk9OdG9wUzI1cHdEUWZjcnFGSGJBUEtXVVdWOE83bDJHUjNQVE5pUFhkYkNkR3g?oc=5,-2,weak,"new,zealand,guardrail:foreign_leader_visit_collision",NO_MARKET_PRICES_INCLUDED
2026-07-06,2026-07-06T17:51:47Z,PARENT-new-zealand-legislative-election-winner-e68400,parent,New Zealand legislative election winner,New Zealand legislative election winner,Parent market briefing,New Zealand legislative election winner -Polymarket -Kalshi -Metaculus -Manifold -PredictIt,google_news_rss,Roy Morgan Research,2026-06-30T01:42:27Z,Roy Morgan New Zealand Poll: National-led Government holds narrow majority (51%) of support in June - Roy Morgan Research,https://news.google.com/rss/articles/CBMihgFBVV95cUxNTHNDMTYxRVA2ak82ZG5Mend3VW1fWkNEZGcwQ3dFdlFwdG41MF9PcVM2SkdiNXlXbGhXd2V0MEk5czR1NU5aamtYUk9HbHRFSW8yeTdyNktRTUlaVk0tSnQ1R2t1QnRNTVVNNjd0NjRtdG5aNW9oU3NISHF1c0lVZ0ZPZjJGQQ?oc=5,7,strong,"new,zealand",NO_MARKET_PRICES_INCLUDED
2026-07-06,2026-07-06T17:51:47Z,PARENT-new-zealand-legislative-election-winner-e68400,parent,New Zealand legislative election winner,New Zealand legislative election winner,Parent market briefing,New Zealand legislative election winner -Polymarket -Kalshi -Metaculus -Manifold -PredictIt,google_news_rss,Yahoo,2026-07-01T09:22:59Z,"Progressive Democrats secure upset wins in Colorado, Melat Kiros among winners in latest primaries - Yahoo",https://news.google.com/rss/articles/CBMi7AFBVV95cUxQUTV5Ui1vc0kzTDRMcl9ONGF0OGxwVGl3RGhFTFpDbVNCNEhIanl6cW5sWkFTb08yckNUSU5HLUh3MlNYVG5Mb3JmSXlQZ2VtdkM2bHYyeW9PSV9UTDFpelRILU5lM2l5NTFBeTBCSEsxUWp4aTgyMlYwaTlSQ2I3dUYza1NVcEY0Zjd5bi12WDZ5WWpFN3RYTldBOXJEd1ZRODJLSEU4emZOVFVaVFZ0ajF4LUtyemRSWU9iNFNsd1VfNFZycDBmS2FodW1ZRVlFR0NneXlTSFQwV3BaTVRxZlluXzVrT29vanlPXw?oc=5,0,weak,,NO_MARKET_PRICES_INCLUDED
2026-07-06,2026-07-06T17:51:47Z,PARENT-new-zealand-legislative-election-winner-e68400,parent,New Zealand legislative election winner,New Zealand legislative election winner,Parent market briefing,New Zealand legislative election winner -Polymarket -Kalshi -Metaculus -Manifold -PredictIt,google_news_rss,Encyclopedia Britannica,2026-07-01T05:00:00Z,"Democracy - Factions, Parties, Politics - Encyclopedia Britannica",https://news.google.com/rss/articles/CBMicEFVX3lxTFBkcEIyLVRwWjhOR2xycHNiM1J4YnpIUTZvLXNQU3NZQkRxN19wdkdyQmpKTEV0UFJuOENUY1A3akVoM19HVW9MTzFYRjhhc0w0bjU0SkRiQU5YQVMtYUQzUVBIOTQwM0t4MUREVG90MzM?oc=5,0,weak,,NO_MARKET_PRICES_INCLUDED
2026-07-06,2026-07-06T17:51:47Z,PARENT-new-zealand-legislative-election-winner-e68400,parent,New Zealand legislative election winner,New Zealand legislative election winner,Parent market briefing,New Zealand legislative election winner -Polymarket -Kalshi -Metaculus -Manifold -PredictIt,google_news_rss,Anadolu Ajansı,2026-07-01T12:45:22Z,INTERVIEW – New Zealand's Free Palestine Party aims to turn solidarity movement into political force - Anadolu Ajansı,https://news.google.com/rss/articles/CBMi2wFBVV95cUxOTHVzdEdLMEp0Zm44XzRWbXFCV1BzQmItSmVOZ2dGOEpmLVlCTTVfZWFxWGFVYnMyZk1aSkVfM21vd2o4RTZZOTYtMDNDSmlFZUo2TzNScVh6V2VXZm9HYkhLbGc5cWNtMWxtVmpldlZxOWhST1Q5Uy0ySW5rWVJIUTNqRVdxNHJLTUg4cE5teWp3Nm51S0J2SDNNUGVNUjVHTG4yd3FwMHJEd0gtNGhNaWtBcEQtc214LXRITTdyNGdiaFFKZXgwYVA5VDNBbzI2cFJBOUdCRlF3ckU?oc=5,6,strong,"new,zealand",NO_MARKET_PRICES_INCLUDED
2026-07-06,2026-07-06T17:51:47Z,PARENT-new-zealand-legislative-election-winner-e68400,parent,New Zealand legislative election winner,New Zealand legislative election winner,Parent market briefing,New Zealand legislative election winner -Polymarket -Kalshi -Metaculus -Manifold -PredictIt,google_news_rss,Barchart.com,2026-06-30T20:44:33Z,Bonterra Resources Announces Election Results of Its 2026 Annual General Meeting - Barchart.com,https://news.google.com/rss/articles/CBMiwgFBVV95cUxOMmZUcWxkV3RDV2haYnFRam1CUUFaYURHLVFnUXV3dDBNRDZFU0Q5RG1PdDZRTVdZV3RTUkNlSlFvZDV1bjZQRm9oSU01X1hVRjc2dnQ0SUhMU2hKOGVZX1B4Q3p3NjRyNk1RQ0xwY3VHR0NEcFBobTFCVkxEbU0wQWlPTHk2a0kzSTF2STl2OEFoZDJwLXBWTVB0WUlvSnlONy0zd2ZSVnRYa0l1TE9GaXgtRm43NEdKdmdhbjFLdGQ1Zw?oc=5,0,weak,,NO_MARKET_PRICES_INCLUDED
2026-07-06,2026-07-06T17:51:47Z,PARENT-new-zealand-legislative-election-winner-e68400,parent,New Zealand legislative election winner,New Zealand legislative election winner,Parent market briefing,New Zealand legislative election winner -Polymarket -Kalshi -Metaculus -Manifold -PredictIt,google_news_rss,Firstpost,2026-06-30T09:52:21Z,New Zealand election candidate quits after undisclosed links to Chinese political group surface - Firstpost,https://news.google.com/rss/articles/CBMi2AFBVV95cUxQTi1QWjlSVDZraUtWVU9talJMZWJzQVZaSGxITXRXNHRTdFFBRHJSNGI0SnFGUk5VY2l5WUVMeHUwSmNEZTRZZlNibnlCVUpZS1dUOGZidFhPMVd4Mk8yQUdjM2dIT0E2a2xfYV9pcnI5YkNwWVRNLU00dE1fcWp6VFhuVjNvaE40MTlnUloxUDZtaVVqWXZpVXZFQkhaSmtrQ2JNMHk5T2NPT0ZKR1M1cC1WWVRSSllnRDFYbnkzN1ZqbFJFNTQyTnFQbVV1TWhLcHlQMmdQX1_SAd4BQVVfeXFMUFZSbF9Lejg3Y1hrQV95S2hkNVJoQ04xeDBwbFRnS2k5cUtKQTZmNnVFM2N2bE9YWjZTSDRaYzVscUJrSnI0YTVlRk41aGpCUW95VEY3TzZ0ODh3cGF0LVRDUmtROEpzN2paYXRVVlItdXY2ci1sOE9rRU9QVXhNUDA0aE43Z2hQNVNYOG1zWUFUV3lOaVEySHgtODZ0YjJNanpmLWJsS09sRDAzT1M4QlByX1ZzUEpqellpcVhYVHdFYjdpOElPbFJfMnVYam5aUVphU194Q3lMRFhGaS1B?oc=5,6,strong,"new,zealand",NO_MARKET_PRICES_INCLUDED
