run_id,timestamp_utc,briefing_id,tracking_id,parent_market_name,primary_outcome_to_track,query,source_family,source_name,title,url,published_at,snippet,rank,dedupe_key
20260706T153423Z,2026-07-06T15:34:23Z,PARENT-senate-control-2026,PARENT-senate-control-2026,"Senate control, 2026",Parent market briefing,"Senate control, 2026 -Polymarket -Kalshi -Metaculus -Manifold -PredictIt",google_news_rss,The New York Times,Michigan U.S. Senate Election 2026: Latest Polls - The New York Times,https://news.google.com/rss/articles/CBMijgFBVV95cUxNZXg4R2RiNm5LQjloa25FZEFhY2tCX2k3U0ExVEJnNzVWeW1Ba21fbkRxYlFFX3M2TDdLeGlQUnViWGNfbFZWdlBiVHhNNUFqZE5ISjhsdlB5dGRPZ3ZaRVlpd24ybWMyX0dXUFFIWUFhbnM0c05DX1JLVmVYT0NFT1pFcHBGYU9hLXAyOXRR?oc=5,"Thu, 02 Jul 2026 17:32:48 GMT",Michigan U.S. Senate Election 2026: Latest Polls The New York Times,1,5c466edba191c0f9
20260706T153423Z,2026-07-06T15:34:23Z,PARENT-senate-control-2026,PARENT-senate-control-2026,"Senate control, 2026",Parent market briefing,"Senate control, 2026 -Polymarket -Kalshi -Metaculus -Manifold -PredictIt",google_news_rss,The Hill,GOP holds edge in Senate swing-state races: New York Times polls - The Hill,https://news.google.com/rss/articles/CBMikgFBVV95cUxNSElRWnhiNXd5aHcxXzZaZ2UyQ1JfU1BMQmZyeHRyM1pYWkRseEVaVEpJR21OSkFfZmY4ci1fRnJxMzE0SzM3MEc4SHZtVFR3NS1yMFh2U0Y4dHJWOEc2TjVEV09aWWl2WWVxZldkbHBrWEI0ck1VOG5IS1hTWnJTZzRhQ2p1UWZLY1VucTk4RkhwZ9IBlwFBVV95cUxQd25YZXJzVkxZYjByTmJPaTdqdlQzWmJnSlBKeUhlVXJoWlY0NTBRdlFhelJSOGJLcENPelB4QlpRZG9LOHdWNC1oT3ZROFY0MTdPcFNuTHFWejdpVU00Sy1YMG9mNnp2SzJVcnh0VGJrM1NqUU02TzNXVE5SV1ZXUjJGSF9LUzZpaDJCN2Y1WDA0TGJhQXJF?oc=5,"Wed, 01 Jul 2026 17:43:00 GMT",GOP holds edge in Senate swing-state races: New York Times polls The Hill,2,849555b18a6b314f
20260706T153423Z,2026-07-06T15:34:23Z,PARENT-senate-control-2026,PARENT-senate-control-2026,"Senate control, 2026",Parent market briefing,"Senate control, 2026 -Polymarket -Kalshi -Metaculus -Manifold -PredictIt",google_news_rss,CNN,The 9 Senate seats most likely to flip in 2026 - CNN,https://news.google.com/rss/articles/CBMiekFVX3lxTE1IdDRVak1MclBFai1CNUFxc3g0WVJtVHk2dDI5MExFN2FnWm5tWmpQVWN6MTlULWMzdFhYTG1IcEppalZnU0VDanZxOTRVbnVoUExKYlUtVV9uckZ3RFlTVFZDekxaZjNhMk5MSm8tN0l0bDJhb2xEVnFB?oc=5,"Thu, 02 Jul 2026 10:00:28 GMT",The 9 Senate seats most likely to flip in 2026 CNN,3,dbce409e48c270db
20260706T153423Z,2026-07-06T15:34:23Z,PARENT-senate-control-2026,PARENT-senate-control-2026,"Senate control, 2026",Parent market briefing,"Senate control, 2026 -Polymarket -Kalshi -Metaculus -Manifold -PredictIt",google_news_rss,eciks.org,Latest polling suggests Republicans maintain advantage in competitive 2026 Senate races - eciks.org,https://news.google.com/rss/articles/CBMidkFVX3lxTE5HSzJuUkhyM0JfZlhvNHR4Uk5jOXQ2bXdWeEp5ODN1WFJSMnB6cC1lX1VCQmtzMmM5a2dHN0R1LWxFSEtNQWg1ZklJTGtxZ0dIVGVISGxOa2JkLXcyLVlDX283M0pJOUg5NVFJYnI0NnV4VWtQVUE?oc=5,"Wed, 01 Jul 2026 16:05:51 GMT",Latest polling suggests Republicans maintain advantage in competitive 2026 Senate races eciks.org,4,df30584944be405e
20260706T153423Z,2026-07-06T15:34:23Z,PARENT-senate-control-2026,PARENT-senate-control-2026,"Senate control, 2026",Parent market briefing,"Senate control, 2026 -Polymarket -Kalshi -Metaculus -Manifold -PredictIt",google_news_rss,The Guardian,AOC endorses progressive Democrat in closely watched Michigan race for US Senate seat | US midterm elections 2026 - The Guardian,https://news.google.com/rss/articles/CBMihAFBVV95cUxPTHhYNmRKMVdjTFVXQnFjZTBYMW1TWG5sVDNhcDdKR2J3dE81MGZieFdmaE1Fazk2U2xEb0tURTFlYzB1bEI0b1RBcUNZb1dwOGlqYmdobHlPb3hwUWtyQjJKaG9yZU1IZ2NqTVo0VGx2TE12VTQ0WllIa2ZsVzdydmdZVVY?oc=5,"Thu, 02 Jul 2026 15:26:00 GMT",AOC endorses progressive Democrat in closely watched Michigan race for US Senate seat | US midterm elections 2026 The Guardian,5,3dd80e1ad1e31348
20260706T153423Z,2026-07-06T15:34:23Z,PARENT-senate-control-2026,PARENT-senate-control-2026,"Senate control, 2026",Parent market briefing,"Senate control, 2026 -Polymarket -Kalshi -Metaculus -Manifold -PredictIt",google_news_rss,Silver Bulletin,Who’s ahead on the generic congressional ballot? - Silver Bulletin,https://news.google.com/rss/articles/CBMilwFBVV95cUxQT2JLaXpfb3Vrd3gzTWJtNmtmWnVrVUJBdmFER0JTdlBabkFwdXZ3NFktUGtfeHZuMlhYZC1mdHpvdGNUczR4SEpXWW9FRF92V0otQ2Q2NTBnVzFGa0tmT0V0N2cxa1Y2cUtOeHQ5STNMbWlhQVA0eUtQa0dvR3A4bzdtWkZFOHZvMDdIbklZQ2NoN1lyZ1JV?oc=5,"Fri, 03 Jul 2026 07:00:00 GMT",Who’s ahead on the generic congressional ballot? Silver Bulletin,6,4b2b91cbfc96cda7
20260706T153423Z,2026-07-06T15:34:23Z,PARENT-senate-control-2026,PARENT-senate-control-2026,"Senate control, 2026",Parent market briefing,"Senate control, 2026 -Polymarket -Kalshi -Metaculus -Manifold -PredictIt",gdelt_doc,ERROR,GDELT fetch failed: HTTP Error 429: Too Many Requests,https://api.gdeltproject.org/api/v2/doc/doc?query=Senate+control%2C+2026+-Polymarket+-Kalshi+-Metaculus+-Manifold+-PredictIt&mode=artlist&format=json&maxrecords=6&sort=hybridrel&timespan=7d,,,0,12de29d342b6f30c
20260706T153423Z,2026-07-06T15:34:23Z,PARENT-house-control-2026,PARENT-house-control-2026,"House control, 2026",Parent market briefing,"House control, 2026 -Polymarket -Kalshi -Metaculus -Manifold -PredictIt",google_news_rss,The Guardian,"Democrats will have ‘field day’ with Trump inquiries if they win House, legal experts say | US midterm elections 2026 - The Guardian",https://news.google.com/rss/articles/CBMikAFBVV95cUxOb0hUNVVqdXc0ZldteUExVFRabFRJY0pUYy1QUFJFZk9aMFBQelFGU0VXZmFNSm1NWFZQNXhXbnh1UnlpS3AzRDI0LV9BVEtzWDNLa1V4ZDZQTk5KQ3FqLXh1UWJBeEpHZVVWS0l1cnMtc0hTN0x0TkhvZURfNHRucHMxZGNFVDdxTVZEdE1jN2U?oc=5,"Fri, 03 Jul 2026 12:00:00 GMT","Democrats will have ‘field day’ with Trump inquiries if they win House, legal experts say | US midterm elections 2026 The Guardian",1,584b5e50652a0428
20260706T153423Z,2026-07-06T15:34:23Z,PARENT-house-control-2026,PARENT-house-control-2026,"House control, 2026",Parent market briefing,"House control, 2026 -Polymarket -Kalshi -Metaculus -Manifold -PredictIt",google_news_rss,Silver Bulletin,Who’s ahead on the generic congressional ballot? - Silver Bulletin,https://news.google.com/rss/articles/CBMilwFBVV95cUxQT2JLaXpfb3Vrd3gzTWJtNmtmWnVrVUJBdmFER0JTdlBabkFwdXZ3NFktUGtfeHZuMlhYZC1mdHpvdGNUczR4SEpXWW9FRF92V0otQ2Q2NTBnVzFGa0tmT0V0N2cxa1Y2cUtOeHQ5STNMbWlhQVA0eUtQa0dvR3A4bzdtWkZFOHZvMDdIbklZQ2NoN1lyZ1JV?oc=5,"Fri, 03 Jul 2026 07:00:00 GMT",Who’s ahead on the generic congressional ballot? Silver Bulletin,2,4b2b91cbfc96cda7
20260706T153423Z,2026-07-06T15:34:23Z,PARENT-house-control-2026,PARENT-house-control-2026,"House control, 2026",Parent market briefing,"House control, 2026 -Polymarket -Kalshi -Metaculus -Manifold -PredictIt",google_news_rss,The Economist,US House of Representatives 2026 forecast - The Economist,https://news.google.com/rss/articles/CBMigwFBVV95cUxQRUVXa291eEFCRVRTdllBZnRYb2tmN2lBeGphUmU5aHlZdkN6WUlwcDQ0SFlTa0lMMi1vZVhZUWVGWW83c18xSzdtMEQ2alYzZWFqem1XVHA3S1cxWW1MYzBqSzduazdIMUkwdjUxQ0lrTkdqQkRWYXltcms1U2ViSmt3aw?oc=5,"Fri, 03 Jul 2026 07:00:00 GMT",US House of Representatives 2026 forecast The Economist,3,4e8db5067d5df251
20260706T153423Z,2026-07-06T15:34:23Z,PARENT-house-control-2026,PARENT-house-control-2026,"House control, 2026",Parent market briefing,"House control, 2026 -Polymarket -Kalshi -Metaculus -Manifold -PredictIt",google_news_rss,CFJC Today Kamloops,Democratic socialist Melat Kiros defeats longtime US House incumbent in Colorado - CFJC Today Kamloops,https://news.google.com/rss/articles/CBMirAFBVV95cUxQVmx5WEJCSmZTSEhTTTJVRFlicjZ1a3BWT2VOaDVqWmRGRWJTQWpyRkRGQWRlSnVIOVRNMTlldHVQaVdpU2lLMXU5Q1BwZGZGbkx6ZTB3dkNIeU12UGpZa0ttZlZfYkZrTkZyeVFkb0RtcE5Ka0EwaWtVQUNmTWdoOEZqQzZJSGdnMEZNbUowNVl2cG9QY1F4bkMyQ1hCb1lrWjVEZElkSmtuSHo2?oc=5,"Wed, 01 Jul 2026 05:33:33 GMT",Democratic socialist Melat Kiros defeats longtime US House incumbent in Colorado CFJC Today Kamloops,4,9fd729a99b04395b
20260706T153423Z,2026-07-06T15:34:23Z,PARENT-house-control-2026,PARENT-house-control-2026,"House control, 2026",Parent market briefing,"House control, 2026 -Polymarket -Kalshi -Metaculus -Manifold -PredictIt",google_news_rss,The New York Times,Tracking Competitive Races in the House and Senate - The New York Times,https://news.google.com/rss/articles/CBMilAFBVV95cUxQZ0ZhWGZlU2pYdmYwbk9SNk9JMWd6aTN1SjNudktsVkFoWEt3T3FJR1RjTC1ZU3Q3YU9ReTV0WUJJQkdDOWpzTWJ1X0liWk91MlpFdmxvX2F2THY3VnBVRDlRQlZFY19fYjRrZDQ1UlN6TGRueERkdmNIQkVveEZHMjd3eFVlM0VFWVN6WDEzcFBDSzdt?oc=5,"Wed, 01 Jul 2026 07:00:00 GMT",Tracking Competitive Races in the House and Senate The New York Times,5,da2f3f006dabc8e8
20260706T153423Z,2026-07-06T15:34:23Z,PARENT-house-control-2026,PARENT-house-control-2026,"House control, 2026",Parent market briefing,"House control, 2026 -Polymarket -Kalshi -Metaculus -Manifold -PredictIt",google_news_rss,CNET,Best Smart Lights for 2026: Major Upgrades for Any Home - CNET,https://news.google.com/rss/articles/CBMidEFVX3lxTE50Wk1KbU9zLXZYd2JrQnNfaUtTanE2ZzRKNnlsMkZFSWhpa2p5Q216ck90UWxaX1dnYmxCRlIzaDJOUEdTVUtkaU03N1ZlN3JvT01BWTZvRkk5TFZMVGhLUkdDa3ByVTQxRERIemZpM0ozdjNp?oc=5,"Tue, 30 Jun 2026 13:00:00 GMT",Best Smart Lights for 2026: Major Upgrades for Any Home CNET,6,6610675334dae6d6
20260706T153423Z,2026-07-06T15:34:23Z,PARENT-house-control-2026,PARENT-house-control-2026,"House control, 2026",Parent market briefing,"House control, 2026 -Polymarket -Kalshi -Metaculus -Manifold -PredictIt",gdelt_doc,ERROR,GDELT fetch failed: HTTP Error 429: Too Many Requests,https://api.gdeltproject.org/api/v2/doc/doc?query=House+control%2C+2026+-Polymarket+-Kalshi+-Metaculus+-Manifold+-PredictIt&mode=artlist&format=json&maxrecords=6&sort=hybridrel&timespan=7d,,,0,12de29d342b6f30c
20260706T153423Z,2026-07-06T15:34:23Z,PARENT-republican-house-seats-after-2026-midter,PARENT-republican-house-seats-after-2026-midter,Republican House seats after 2026 midterms,Parent market briefing,Republican House seats after 2026 midterms -Polymarket -Kalshi -Metaculus -Manifold -PredictIt,google_news_rss,AS/COA,Poll Tracker: The U.S. Latino Vote in the 2026 Midterms - AS/COA,https://news.google.com/rss/articles/CBMifkFVX3lxTE02WTZsVlZYVDBVZXFFUVdndUVqNkJ1WWUwRTlHeXN3RENKb05rWnkyemp1bkxwanRoTmxtUlhBN1hKWHJlTURXNlMwc1hESHd2Q0JOc0hfTWdOWHEzeUJTRFIwT2YwcUlQbFdVNGNFSl9uMFhjaThuR1FFUkdhdw?oc=5,"Thu, 02 Jul 2026 12:00:00 GMT",Poll Tracker: The U.S. Latino Vote in the 2026 Midterms AS/COA,1,d5f46641cd7c32d7
20260706T153423Z,2026-07-06T15:34:23Z,PARENT-republican-house-seats-after-2026-midter,PARENT-republican-house-seats-after-2026-midter,Republican House seats after 2026 midterms,Parent market briefing,Republican House seats after 2026 midterms -Polymarket -Kalshi -Metaculus -Manifold -PredictIt,google_news_rss,The Hill,The past and possibly future blue wave - The Hill,https://news.google.com/rss/articles/CBMigAFBVV95cUxOYXljaTRvMFNwQ2JubktwU3duSXdfU2daNWZSS2w3QVBrMWttSnRqX3BNY0hJT2xrc3F2UTZMSzhseDlQcVYweG1LbERTWlpVVzZkR19URkNHbTljU2RBQll4OG4yU1JjeHFZMlhWN19oSkZGQ25XMEJLYV84aENUMdIBhgFBVV95cUxPRlk5S1RuUmRTcUZkZy16SDVnSTZSMl9CQUlUV0JGTHZia3RtU29wc2hiSW53aHFpMFJyRUNWNnJjN21OdUM3MnBZWldoRV9DeVJYWC1vcFJBMXA0YjBQQzQyMGlQemxsUXhQR0sxdXUwT2V1cURFS2RpUHFIZDRteEFzejJlUQ?oc=5,"Fri, 03 Jul 2026 07:55:56 GMT",The past and possibly future blue wave The Hill,2,04f34f96ad6aa5ed
20260706T153423Z,2026-07-06T15:34:23Z,PARENT-republican-house-seats-after-2026-midter,PARENT-republican-house-seats-after-2026-midter,Republican House seats after 2026 midterms,Parent market briefing,Republican House seats after 2026 midterms -Polymarket -Kalshi -Metaculus -Manifold -PredictIt,google_news_rss,The New York Times,Tracking Competitive Races in the House and Senate - The New York Times,https://news.google.com/rss/articles/CBMilAFBVV95cUxQZ0ZhWGZlU2pYdmYwbk9SNk9JMWd6aTN1SjNudktsVkFoWEt3T3FJR1RjTC1ZU3Q3YU9ReTV0WUJJQkdDOWpzTWJ1X0liWk91MlpFdmxvX2F2THY3VnBVRDlRQlZFY19fYjRrZDQ1UlN6TGRueERkdmNIQkVveEZHMjd3eFVlM0VFWVN6WDEzcFBDSzdt?oc=5,"Wed, 01 Jul 2026 07:00:00 GMT",Tracking Competitive Races in the House and Senate The New York Times,3,da2f3f006dabc8e8
20260706T153423Z,2026-07-06T15:34:23Z,PARENT-republican-house-seats-after-2026-midter,PARENT-republican-house-seats-after-2026-midter,Republican House seats after 2026 midterms,Parent market briefing,Republican House seats after 2026 midterms -Polymarket -Kalshi -Metaculus -Manifold -PredictIt,google_news_rss,Reuters,Progressive surge complicates Democrats’ midterms focus on prices - Reuters,https://news.google.com/rss/articles/CBMiqgFBVV95cUxQRmxabVVlUlVtcWpjSlpwVmtYUGFUSHpsM3FDT2pXemZuYUFYMTJnVHplc2oyNzktaDQyUW15b0h2dlA2YkFlQ2FjY3dYcmMyRmVJQi1vWUNBRXFlc1FaVzNlSGJYSnB4bXNWRmNnbzl5U1NhQVJfM2w2ei1sSjNVSXJnS3VGQ1UyT1Q3eW9Yc1BOTGhNRDNxbzg4MDBHel9YQnlLQ09GLUNWdw?oc=5,"Thu, 02 Jul 2026 10:02:00 GMT",Progressive surge complicates Democrats’ midterms focus on prices Reuters,4,7342fe27e198d2ca
20260706T153423Z,2026-07-06T15:34:23Z,PARENT-republican-house-seats-after-2026-midter,PARENT-republican-house-seats-after-2026-midter,Republican House seats after 2026 midterms,Parent market briefing,Republican House seats after 2026 midterms -Polymarket -Kalshi -Metaculus -Manifold -PredictIt,google_news_rss,The Guardian,‘Historic Event’: Trump announces Republican midterm convention - The Guardian,https://news.google.com/rss/articles/CBMilgFBVV95cUxNdnowMzRrUktpeEQyMWFFZE92ZWN4VUxZZy15TXN5N2hfR0tXdWhzaVN2TDg3eWxTUF9aSU5FTUl4LTFwMk8wZUJYa2tqR18zMFpEd0VUZi1iMTNlZ0s4cGNmdFp0MW9DdW5yNEVkcHJmTUtoUlE4TlJFbXBjQUpBNzZMQWFMUWdabWtFcmh4WFRic05MNlE?oc=5,"Tue, 30 Jun 2026 23:39:00 GMT",‘Historic Event’: Trump announces Republican midterm convention The Guardian,5,71696af2cc910434
20260706T153423Z,2026-07-06T15:34:23Z,PARENT-republican-house-seats-after-2026-midter,PARENT-republican-house-seats-after-2026-midter,Republican House seats after 2026 midterms,Parent market briefing,Republican House seats after 2026 midterms -Polymarket -Kalshi -Metaculus -Manifold -PredictIt,google_news_rss,Silver Bulletin,Who’s ahead on the generic congressional ballot? - Silver Bulletin,https://news.google.com/rss/articles/CBMilwFBVV95cUxQT2JLaXpfb3Vrd3gzTWJtNmtmWnVrVUJBdmFER0JTdlBabkFwdXZ3NFktUGtfeHZuMlhYZC1mdHpvdGNUczR4SEpXWW9FRF92V0otQ2Q2NTBnVzFGa0tmT0V0N2cxa1Y2cUtOeHQ5STNMbWlhQVA0eUtQa0dvR3A4bzdtWkZFOHZvMDdIbklZQ2NoN1lyZ1JV?oc=5,"Fri, 03 Jul 2026 07:00:00 GMT",Who’s ahead on the generic congressional ballot? Silver Bulletin,6,4b2b91cbfc96cda7
20260706T153423Z,2026-07-06T15:34:23Z,PARENT-republican-house-seats-after-2026-midter,PARENT-republican-house-seats-after-2026-midter,Republican House seats after 2026 midterms,Parent market briefing,Republican House seats after 2026 midterms -Polymarket -Kalshi -Metaculus -Manifold -PredictIt,gdelt_doc,ERROR,GDELT fetch failed: HTTP Error 429: Too Many Requests,https://api.gdeltproject.org/api/v2/doc/doc?query=Republican+House+seats+after+2026+midterms+-Polymarket+-Kalshi+-Metaculus+-Manifold+-PredictIt&mode=artlist&format=json&maxrecords=6&sort=hybridrel&timespan=7d,,,0,12de29d342b6f30c
20260706T153423Z,2026-07-06T15:34:23Z,PARENT-republican-senate-seats-after-2026-midte,PARENT-republican-senate-seats-after-2026-midte,Republican Senate seats after 2026 midterms,Parent market briefing,Republican Senate seats after 2026 midterms -Polymarket -Kalshi -Metaculus -Manifold -PredictIt,google_news_rss,Al Jazeera,‘A rally like none other’: Trump unveils 2026 Republican midterm convention - Al Jazeera,https://news.google.com/rss/articles/CBMipAFBVV95cUxNU0RZemlUVVliN3RRTm9tSDBZbWpZNTNVNDFwcjVPVEJNVl9sbms3akhFUy1QNDVVczNZNEJBQlFQVVhQa0VWMm5yQV9rQjNQUDVRdGwyZ0h6a3pjMFMwcC1iTEowM2RMTXVvNlVOUTRwSU10bW9hME1QTUFLV2JMODRyLWxsX1g5U20wTUhralhucS1FVXFpamNEU3hiSnlETUN2c9IBqgFBVV95cUxNX2V2elYxMmdCZC1GSWp4QkJGdkVpTi1SYk1qNklmV2VGdU5VZTBZanlscGlfbDRPLXpkZTVweTA0WF9DUW9qYVRfbGZlX1BrSEMtLWJJbUZlUUJqRDIyb3NjRU1raURsbFZFVGVpSkF4MUlaVWJwV0wxSGQtWld1dkE4NFZVVUVhQWhhNFduQU5qb2YyWGJpenI1UHREWHhKa3BZMnA2QnJkdw?oc=5,"Tue, 30 Jun 2026 23:22:22 GMT",‘A rally like none other’: Trump unveils 2026 Republican midterm convention Al Jazeera,1,cdb4a411d218b811
20260706T153423Z,2026-07-06T15:34:23Z,PARENT-republican-senate-seats-after-2026-midte,PARENT-republican-senate-seats-after-2026-midte,Republican Senate seats after 2026 midterms,Parent market briefing,Republican Senate seats after 2026 midterms -Polymarket -Kalshi -Metaculus -Manifold -PredictIt,google_news_rss,The Hill,GOP holds edge in Senate swing-state races: New York Times polls - The Hill,https://news.google.com/rss/articles/CBMikgFBVV95cUxNSElRWnhiNXd5aHcxXzZaZ2UyQ1JfU1BMQmZyeHRyM1pYWkRseEVaVEpJR21OSkFfZmY4ci1fRnJxMzE0SzM3MEc4SHZtVFR3NS1yMFh2U0Y4dHJWOEc2TjVEV09aWWl2WWVxZldkbHBrWEI0ck1VOG5IS1hTWnJTZzRhQ2p1UWZLY1VucTk4RkhwZ9IBlwFBVV95cUxQd25YZXJzVkxZYjByTmJPaTdqdlQzWmJnSlBKeUhlVXJoWlY0NTBRdlFhelJSOGJLcENPelB4QlpRZG9LOHdWNC1oT3ZROFY0MTdPcFNuTHFWejdpVU00Sy1YMG9mNnp2SzJVcnh0VGJrM1NqUU02TzNXVE5SV1ZXUjJGSF9LUzZpaDJCN2Y1WDA0TGJhQXJF?oc=5,"Wed, 01 Jul 2026 17:43:00 GMT",GOP holds edge in Senate swing-state races: New York Times polls The Hill,2,849555b18a6b314f
20260706T153423Z,2026-07-06T15:34:23Z,PARENT-republican-senate-seats-after-2026-midte,PARENT-republican-senate-seats-after-2026-midte,Republican Senate seats after 2026 midterms,Parent market briefing,Republican Senate seats after 2026 midterms -Polymarket -Kalshi -Metaculus -Manifold -PredictIt,google_news_rss,AS/COA,Poll Tracker: The U.S. Latino Vote in the 2026 Midterms - AS/COA,https://news.google.com/rss/articles/CBMifkFVX3lxTE02WTZsVlZYVDBVZXFFUVdndUVqNkJ1WWUwRTlHeXN3RENKb05rWnkyemp1bkxwanRoTmxtUlhBN1hKWHJlTURXNlMwc1hESHd2Q0JOc0hfTWdOWHEzeUJTRFIwT2YwcUlQbFdVNGNFSl9uMFhjaThuR1FFUkdhdw?oc=5,"Thu, 02 Jul 2026 12:00:00 GMT",Poll Tracker: The U.S. Latino Vote in the 2026 Midterms AS/COA,3,d5f46641cd7c32d7
20260706T153423Z,2026-07-06T15:34:23Z,PARENT-republican-senate-seats-after-2026-midte,PARENT-republican-senate-seats-after-2026-midte,Republican Senate seats after 2026 midterms,Parent market briefing,Republican Senate seats after 2026 midterms -Polymarket -Kalshi -Metaculus -Manifold -PredictIt,google_news_rss,The New York Times,Tracking Competitive Races in the House and Senate - The New York Times,https://news.google.com/rss/articles/CBMilAFBVV95cUxQZ0ZhWGZlU2pYdmYwbk9SNk9JMWd6aTN1SjNudktsVkFoWEt3T3FJR1RjTC1ZU3Q3YU9ReTV0WUJJQkdDOWpzTWJ1X0liWk91MlpFdmxvX2F2THY3VnBVRDlRQlZFY19fYjRrZDQ1UlN6TGRueERkdmNIQkVveEZHMjd3eFVlM0VFWVN6WDEzcFBDSzdt?oc=5,"Wed, 01 Jul 2026 07:00:00 GMT",Tracking Competitive Races in the House and Senate The New York Times,4,da2f3f006dabc8e8
20260706T153423Z,2026-07-06T15:34:23Z,PARENT-republican-senate-seats-after-2026-midte,PARENT-republican-senate-seats-after-2026-midte,Republican Senate seats after 2026 midterms,Parent market briefing,Republican Senate seats after 2026 midterms -Polymarket -Kalshi -Metaculus -Manifold -PredictIt,google_news_rss,CNN,The 9 Senate seats most likely to flip in 2026 - CNN,https://news.google.com/rss/articles/CBMiekFVX3lxTE1IdDRVak1MclBFai1CNUFxc3g0WVJtVHk2dDI5MExFN2FnWm5tWmpQVWN6MTlULWMzdFhYTG1IcEppalZnU0VDanZxOTRVbnVoUExKYlUtVV9uckZ3RFlTVFZDekxaZjNhMk5MSm8tN0l0bDJhb2xEVnFB?oc=5,"Thu, 02 Jul 2026 10:00:28 GMT",The 9 Senate seats most likely to flip in 2026 CNN,5,dbce409e48c270db
20260706T153423Z,2026-07-06T15:34:23Z,PARENT-republican-senate-seats-after-2026-midte,PARENT-republican-senate-seats-after-2026-midte,Republican Senate seats after 2026 midterms,Parent market briefing,Republican Senate seats after 2026 midterms -Polymarket -Kalshi -Metaculus -Manifold -PredictIt,google_news_rss,PBS,Live Results: Colorado midterm primaries - PBS,https://news.google.com/rss/articles/CBMigwFBVV95cUxOakh0SUNaMkpNRncydnRvd1FQUTRFdzRqN3M1M0pUSHd1ZGFtUzNNVEV2VXFidmM3cW1GVGI5dXJRRjdhQnRmdENDS3dnV2ZfS3JId2ItQ2k0cEJMSV9VLUI3OWYxdWYwQVRlUGZJbWg5b3Fhck1CUkhPcURsMVlsUDBmTdIBiAFBVV95cUxPUzFmbVdid0RTVm5Rd3N5MHo5RkZUZ1JycVpQb19CanU3SnVEUy05VHAyY0hNRGVKOXFiX1pYZnNjN3RDcGgzYWtvRFo0TXU0a3k3Mkp5NkF5TWxLN29iS3BQb0ItVVhlb0w1b2o1LUJDX1c2WlVFTE1aeng1RXdFaEZEUktMemFs?oc=5,"Mon, 29 Jun 2026 22:05:25 GMT",Live Results: Colorado midterm primaries PBS,6,8184858583f5991b
20260706T153423Z,2026-07-06T15:34:23Z,PARENT-republican-senate-seats-after-2026-midte,PARENT-republican-senate-seats-after-2026-midte,Republican Senate seats after 2026 midterms,Parent market briefing,Republican Senate seats after 2026 midterms -Polymarket -Kalshi -Metaculus -Manifold -PredictIt,gdelt_doc,ERROR,GDELT fetch failed: HTTP Error 429: Too Many Requests,https://api.gdeltproject.org/api/v2/doc/doc?query=Republican+Senate+seats+after+2026+midterms+-Polymarket+-Kalshi+-Metaculus+-Manifold+-PredictIt&mode=artlist&format=json&maxrecords=6&sort=hybridrel&timespan=7d,,,0,12de29d342b6f30c
20260706T153423Z,2026-07-06T15:34:23Z,PARENT-maine-senate-election-winner,PARENT-maine-senate-election-winner,Maine Senate Election Winner,Parent market briefing,Maine Senate Election Winner -Polymarket -Kalshi -Metaculus -Manifold -PredictIt,google_news_rss,The New York Times,"Graham Platner Wins Primary in Maine, Setting Up a Key Senate Fight - The New York Times",https://news.google.com/rss/articles/CBMigwFBVV95cUxPYTJuUkdfNGJ6RlhKeVIwRGo5ZHlxMmlCQlk4RDRwWk5sM1JJdkp4RWp5ZDhacmp1b004YXJGWGwwQ2pXVFZ1ZmV4ZzlUYjRGWHZXclktNzltQTl1ci1qN0RyNmFqU2wtNVZMeHZKUjh5X3dsejNXTGpFYl82dkJxd2RvWQ?oc=5,"Thu, 02 Jul 2026 07:00:00 GMT","Graham Platner Wins Primary in Maine, Setting Up a Key Senate Fight The New York Times",1,e6837df349fa70d7
20260706T153423Z,2026-07-06T15:34:23Z,PARENT-maine-senate-election-winner,PARENT-maine-senate-election-winner,Maine Senate Election Winner,Parent market briefing,Maine Senate Election Winner -Polymarket -Kalshi -Metaculus -Manifold -PredictIt,google_news_rss,Fox News,"Fox News Poll: Maine Senate race is tight, with concerns about both candidates - Fox News",https://news.google.com/rss/articles/CBMiowFBVV95cUxPTUdXM1ZjWkJGMHhzbjVCa0NWTDV0SkZPOUota1lTekM2ZHJhVjBCZGd3Mk5XZ0huelNyNjBKVXRTMjRUcGQ2eWwxSnRoOHJUbE5TdmwzdHIzNG1TS1NVa1p0dmtGZXppY3ZzdUZNWUhUd3c4eGc3dGRGRVZKdUJheS14bl9JdVktV0doVmE2S3p1NG1ieTNUTDFJN05DRlFEWjA40gGoAUFVX3lxTE9fZGV3OTZHT3poS0FvbEd2T0R6MnNObGNKaFpobjVYQ0U5ZVdiR2E0WlRfd3h5ZkhUcE1tVGprYUJLaXk4cmZCSEZoMUVrRzRRdnlIOXJnVlh4d0htemxiOFVYbW8yem1HRUFua0VDd0hydGxUMWdFbUNyN0ZreUVrVGxsNVd6Vnk4WlBmT2xWNEd1SkFoUm5SNWFObGtnVTMtT1BoeklhTg?oc=5,"Tue, 30 Jun 2026 22:00:01 GMT","Fox News Poll: Maine Senate race is tight, with concerns about both candidates Fox News",2,eb7b3d04ddb54294
20260706T153423Z,2026-07-06T15:34:23Z,PARENT-maine-senate-election-winner,PARENT-maine-senate-election-winner,Maine Senate Election Winner,Parent market briefing,Maine Senate Election Winner -Polymarket -Kalshi -Metaculus -Manifold -PredictIt,google_news_rss,Maine Morning Star,How SCOTUS striking limits on party spending could impact Maine’s Senate race - Maine Morning Star,https://news.google.com/rss/articles/CBMiuAFBVV95cUxNZkx6elVibHQxRzZpSEQwVFdlcGM5MGVSY2RISFVZRENSVGo1dFplUlJTZXZYbnFoTTFYcU9CbnZrN2NJRkZNQXRKZzQwMWYwaEw2bkttSzh3VlloeG1ZM1VjM19SZFl3RmtSVTAweFJsSFZlUUs1cGZjQmtZSTg5ZWNEQl92NVFXMHE3Wm5QcGJkaDEybVp5b3BwMy1RX21zT1Q0TnBVLU9YV01qMzJKc0dZWHdDUldj?oc=5,"Wed, 01 Jul 2026 08:06:44 GMT",How SCOTUS striking limits on party spending could impact Maine’s Senate race Maine Morning Star,3,5e25053015b1dee8
20260706T153423Z,2026-07-06T15:34:23Z,PARENT-maine-senate-election-winner,PARENT-maine-senate-election-winner,Maine Senate Election Winner,Parent market briefing,Maine Senate Election Winner -Polymarket -Kalshi -Metaculus -Manifold -PredictIt,google_news_rss,Politico,"Platner and Collins locked in tight race for Senate seat, new poll shows - Politico",https://news.google.com/rss/articles/CBMiiwFBVV95cUxOYVItSzRXSHdqMS04NEk2eEdqYzZRbGN1TDhvYkh6NnBrQzl5MGZEakFYU2VKR0sxbXlUd1BwQ2pYS1UzWlVjUjJ0V2NyZl9VWFE4WDd0TFBydjJXNGNqamRKZzRWSE5MVzN0NnMwdWtoTTEzM3lrdlpSWU1yR0xOb3R3RVMxS2FhZ29n?oc=5,"Mon, 29 Jun 2026 16:58:00 GMT","Platner and Collins locked in tight race for Senate seat, new poll shows Politico",4,0279b0bade46bf6d
20260706T153423Z,2026-07-06T15:34:23Z,PARENT-maine-senate-election-winner,PARENT-maine-senate-election-winner,Maine Senate Election Winner,Parent market briefing,Maine Senate Election Winner -Polymarket -Kalshi -Metaculus -Manifold -PredictIt,google_news_rss,Maine Public,"Graham Platner's campaign is confident, but worries about the GOP's spending spree - Maine Public",https://news.google.com/rss/articles/CBMixgFBVV95cUxOai14YjRGYnFVZnMxSHYzdWtTZFVtTXlhTDYwQzZHa0FwWWxNMlp2eXhjMFoxV0dGb3BjS0ZLWWhISThYSkNEb0UwbFBIS2kwRHE0UUpGMm5LaDgzZTJjbWhmNnByMVAtOHlkdTVMOERUazAxSEJ2RmwtcXM1bVlNSlVNZmhmTFpndlJIeWhIS3NPM2xYTXlQeHM3T3dkalBUY1dWY2tJc1hKQUVaSEZ0VDJiSEQ2UnJhbVY0NExCQWRSUm5vZWc?oc=5,"Wed, 01 Jul 2026 14:22:00 GMT","Graham Platner's campaign is confident, but worries about the GOP's spending spree Maine Public",5,05c0ba142e29b6cc
20260706T153423Z,2026-07-06T15:34:23Z,PARENT-maine-senate-election-winner,PARENT-maine-senate-election-winner,Maine Senate Election Winner,Parent market briefing,Maine Senate Election Winner -Polymarket -Kalshi -Metaculus -Manifold -PredictIt,google_news_rss,WMTW,Maine's Senate primary election results: Graham Platner declared winner in Democratic primary - WMTW,https://news.google.com/rss/articles/CBMipAFBVV95cUxQei1IZjRSeVFWZW03SXRfMXVvelBxRFc0d3dBN0dHZmt4UzNWN2dMemdRMWVrRUh0UTQ0SGNyT3ZLSXVDNkhUVmJSaHNHbEdXdm1LenBmSW50OXJDYmVEZE1aQzNUemp5aC0tbkxjTHcyRXJFT1pGeUQzTHR5R19WVE83TFBQQzFTeVN2Qkt4dDdqT1lma0ZtYWI1Wnl4N3dKMGozdg?oc=5,"Thu, 02 Jul 2026 07:00:00 GMT",Maine's Senate primary election results: Graham Platner declared winner in Democratic primary WMTW,6,99d0980ff5ae1934
20260706T153423Z,2026-07-06T15:34:23Z,PARENT-maine-senate-election-winner,PARENT-maine-senate-election-winner,Maine Senate Election Winner,Parent market briefing,Maine Senate Election Winner -Polymarket -Kalshi -Metaculus -Manifold -PredictIt,gdelt_doc,ERROR,GDELT fetch failed: HTTP Error 429: Too Many Requests,https://api.gdeltproject.org/api/v2/doc/doc?query=Maine+Senate+Election+Winner+-Polymarket+-Kalshi+-Metaculus+-Manifold+-PredictIt&mode=artlist&format=json&maxrecords=6&sort=hybridrel&timespan=7d,,,0,12de29d342b6f30c
20260706T153423Z,2026-07-06T15:34:23Z,PARENT-texas-senate-election-winner,PARENT-texas-senate-election-winner,Texas Senate Election Winner,Parent market briefing,Texas Senate Election Winner -Polymarket -Kalshi -Metaculus -Manifold -PredictIt,google_news_rss,The New York Times,Texas U.S. Senate Election 2026: Latest Polls - The New York Times,https://news.google.com/rss/articles/CBMiigFBVV95cUxNRnFTY28wbS10QjZaN2NoLURKTUNYNkRlVXJFenVsTWphQVBQS2lySHdTOVVKTGhSSVRsX2JSeVEwUE9hMWpVdWU5Z2JESHJSalV5ZFEtQm5sTzY3LWQ5NFR3WjhLeE9IaUQ4VDRoZkhUOHRxQkc1cnR1TG5YVThJLVlJeW10QkxBYVE?oc=5,"Thu, 02 Jul 2026 17:35:06 GMT",Texas U.S. Senate Election 2026: Latest Polls The New York Times,1,2731e4642de03b88
20260706T153423Z,2026-07-06T15:34:23Z,PARENT-texas-senate-election-winner,PARENT-texas-senate-election-winner,Texas Senate Election Winner,Parent market briefing,Texas Senate Election Winner -Polymarket -Kalshi -Metaculus -Manifold -PredictIt,google_news_rss,Mother Jones,Ken Paxton Is in the Fight of His Life - Mother Jones,https://news.google.com/rss/articles/CBMijAFBVV95cUxOb0ZEYmVzbXdsd1QzR3BKUGo4NzZOQWVZTjBEcTczazJXZFFKRnk0MzZCVEs5dDhEM2hpalBndFNFc1NVbzc0cTBZeklNOFdJRzNsa3VHMkhhZWUwa1NJQTFzVHRib0xtYTN4WURrb0owcVFZblBSQ241cXdfcnpZMUtKNEVzVkZOVEVkeA?oc=5,"Tue, 30 Jun 2026 15:56:38 GMT",Ken Paxton Is in the Fight of His Life Mother Jones,2,9205877c41a2624a
20260706T153423Z,2026-07-06T15:34:23Z,PARENT-texas-senate-election-winner,PARENT-texas-senate-election-winner,Texas Senate Election Winner,Parent market briefing,Texas Senate Election Winner -Polymarket -Kalshi -Metaculus -Manifold -PredictIt,google_news_rss,The Washington Post,"Texas Senate race is dead even, poll finds - The Washington Post",https://news.google.com/rss/articles/CBMimAFBVV95cUxObDlSNTFuRkpMYVdtcW9GZnVrUjUxVEo4eXo5bEticld2UWY4cnhWOVhxVzRWalllbUZGNGJsMUdaRUx5NFFIOXNqcGs3VF9ESTloWGNQTEhlejEtUDdZLTgzVV9kVmdhNzBtc3dGd3RYMXA3NkNRZ2pTS2hLWktFZUVIY2s1eU5uU05RTmNiRlotNzR0eVRMRw?oc=5,"Tue, 30 Jun 2026 23:06:30 GMT","Texas Senate race is dead even, poll finds The Washington Post",3,809979e113c30141
20260706T153423Z,2026-07-06T15:34:23Z,PARENT-texas-senate-election-winner,PARENT-texas-senate-election-winner,Texas Senate Election Winner,Parent market briefing,Texas Senate Election Winner -Polymarket -Kalshi -Metaculus -Manifold -PredictIt,google_news_rss,The Guardian,AOC endorses progressive Democrat in closely watched Michigan race for US Senate seat | US midterm elections 2026 - The Guardian,https://news.google.com/rss/articles/CBMihAFBVV95cUxPTHhYNmRKMVdjTFVXQnFjZTBYMW1TWG5sVDNhcDdKR2J3dE81MGZieFdmaE1Fazk2U2xEb0tURTFlYzB1bEI0b1RBcUNZb1dwOGlqYmdobHlPb3hwUWtyQjJKaG9yZU1IZ2NqTVo0VGx2TE12VTQ0WllIa2ZsVzdydmdZVVY?oc=5,"Thu, 02 Jul 2026 15:26:00 GMT",AOC endorses progressive Democrat in closely watched Michigan race for US Senate seat | US midterm elections 2026 The Guardian,4,3dd80e1ad1e31348
20260706T153423Z,2026-07-06T15:34:23Z,PARENT-texas-senate-election-winner,PARENT-texas-senate-election-winner,Texas Senate Election Winner,Parent market briefing,Texas Senate Election Winner -Polymarket -Kalshi -Metaculus -Manifold -PredictIt,google_news_rss,Fox News,"Shock poll: Talarico ties Paxton in Texas Senate race, threatening GOP stronghold - Fox News",https://news.google.com/rss/articles/CBMirgFBVV95cUxNNEdzWjdXTkpvbGJXWTFPZXhwNVpyQ1Bsd0Z6RmFsWjNSamI1YTBPQ2VxY0RLRkZiWWt0Qk5lWl9KendteDRWaVhuZmhqakxHVk5tblZqbXoxZkVZTW9OclNJWHV1SjdKdDRyOFVLREdPeDRXOWtqVEFaQXJQMHhCMFp2QlRJMmctVklHaWRYdWZTRE0zdk1wbFhrUzNtR0ZqTlVkRmVZU21mZ25lalHSAbMBQVVfeXFMTzRROW5RNTBWT2VidldyWm9LQnRyZ2NWd01QX2tvSEJ1d19tZjBMOFJpMDRXMTI2dmVvUXdYelVyRFc4RlhkdmkwRGhHaW5YbG56TnQwenZYdWVodkMxSmpFdWMzaURqMTNzU1hkd1p6UHhZclJJX01MN1g1NlFua0VWSTItWnJpM3FTRmJCUm1td2ZNT3RvNHBLa3Zob2E2Zk5ITUlNUFZjeEZSQjEtUEJ4dGs?oc=5,"Tue, 30 Jun 2026 15:49:46 GMT","Shock poll: Talarico ties Paxton in Texas Senate race, threatening GOP stronghold Fox News",5,60a232aefeccd134
20260706T153423Z,2026-07-06T15:34:23Z,PARENT-texas-senate-election-winner,PARENT-texas-senate-election-winner,Texas Senate Election Winner,Parent market briefing,Texas Senate Election Winner -Polymarket -Kalshi -Metaculus -Manifold -PredictIt,google_news_rss,The Seattle Times,"A Tied Senate Race Gives Democrats a Shot in Deep Red Texas, Poll Finds - The Seattle Times",https://news.google.com/rss/articles/CBMiswFBVV95cUxPRUdnUk9lMnFuamtPSXJDMWVGLWM5Tmg4dDY3S3JvdThaa0tzWEZyMTNYckwtUS1fS09YcFlJaEZJUGgxZGpPTnREdm9HSGxIbnZtR0lHT3N0QzlPdzltWTRmcEVwY0p1MGl5NVIxaklJUE56TU9zTUZ4RmdvWk55YzJrNThWRHVQNnA3Mm53MTc2aE5VOFU1LUdLWEtqcTcydmpsM1YtWm9xRzgxa0h6TFE2MA?oc=5,"Tue, 30 Jun 2026 17:48:26 GMT","A Tied Senate Race Gives Democrats a Shot in Deep Red Texas, Poll Finds The Seattle Times",6,c208fd482298fe9f
20260706T153423Z,2026-07-06T15:34:23Z,PARENT-texas-senate-election-winner,PARENT-texas-senate-election-winner,Texas Senate Election Winner,Parent market briefing,Texas Senate Election Winner -Polymarket -Kalshi -Metaculus -Manifold -PredictIt,gdelt_doc,ERROR,GDELT fetch failed: HTTP Error 429: Too Many Requests,https://api.gdeltproject.org/api/v2/doc/doc?query=Texas+Senate+Election+Winner+-Polymarket+-Kalshi+-Metaculus+-Manifold+-PredictIt&mode=artlist&format=json&maxrecords=6&sort=hybridrel&timespan=7d,,,0,12de29d342b6f30c
20260706T153423Z,2026-07-06T15:34:23Z,PARENT-alaska-senate-election-winner,PARENT-alaska-senate-election-winner,Alaska Senate Election Winner,Parent market briefing,Alaska Senate Election Winner -Polymarket -Kalshi -Metaculus -Manifold -PredictIt,google_news_rss,The New York Times,"Control of the Senate Is Up for Grabs, Times/Siena Polls Find - The New York Times",https://news.google.com/rss/articles/CBMifEFVX3lxTFB2S1FZYVRVT3VRbE1YVHFUcndfWmdmbnAtdWF5ekdYdEdETkhoMDJyb2xtU0N2TE9OUFphUjlvNW16YVlOTkQtQUYtNEtYNjE4Y1haQUpETXlHRDl3QkdkMy04OVNmQVprWXlELTJFNUdSSlY1UjdvSnNBZHA?oc=5,"Wed, 01 Jul 2026 09:03:24 GMT","Control of the Senate Is Up for Grabs, Times/Siena Polls Find The New York Times",1,493309f734bd6349
20260706T153423Z,2026-07-06T15:34:23Z,PARENT-alaska-senate-election-winner,PARENT-alaska-senate-election-winner,Alaska Senate Election Winner,Parent market briefing,Alaska Senate Election Winner -Polymarket -Kalshi -Metaculus -Manifold -PredictIt,google_news_rss,CBS News,"Man with same name as Alaska Sen. Dan Sullivan can appear on primary ballot, state's Supreme Court rules - CBS News",https://news.google.com/rss/articles/CBMid0FVX3lxTE1yVy1PNlNQdEd0WFZqRkVnaUFDNURvV1RtbU16RTZKNmxhQm9uQjEtTlRWaEh2ekVEYURDLUFzY1JocVpiWGw4MWR5alU3UHJWSWhPRTJOWjAwd0FMaS1RX0hGWFZmNWRMQU5hREZLQ1F2V09IQXBv?oc=5,"Tue, 30 Jun 2026 02:11:00 GMT","Man with same name as Alaska Sen. Dan Sullivan can appear on primary ballot, state's Supreme Court rules CBS News",2,c990710ae0775338
20260706T153423Z,2026-07-06T15:34:23Z,PARENT-alaska-senate-election-winner,PARENT-alaska-senate-election-winner,Alaska Senate Election Winner,Parent market briefing,Alaska Senate Election Winner -Polymarket -Kalshi -Metaculus -Manifold -PredictIt,google_news_rss,The Washington Post,Analysis | Democrats turn to unconventional organizing in an atypical ‘must-win’ Senate race - The Washington Post,https://news.google.com/rss/articles/CBMiwwFBVV95cUxNYkJwb2xTbTJiYkhnQmNHSkd6TWxvNFJ4aTlKR2htTzFiQWxfUzJaQ3VENk1TbjRDV2Y5MU5qcFVjQ0ZaZnNKTkFWUnphV3AyTWp4Wk5YOVBwWVBzWndsUVFUOV8tZDg0MHhWeWRjQmQzY3REOXRvamlRRU5idTBYVTBFakNkck9uQ3pEUjJSY0ZwTXFQd3pzVGZ6b194RVFqSVN2a2hlb252MGtVM0IwdktvYWh5bTRHZHZOWGZDR1lFUGs?oc=5,"Tue, 30 Jun 2026 16:46:24 GMT",Analysis | Democrats turn to unconventional organizing in an atypical ‘must-win’ Senate race The Washington Post,3,41b95d3f9c5be7e8
20260706T153423Z,2026-07-06T15:34:23Z,PARENT-alaska-senate-election-winner,PARENT-alaska-senate-election-winner,Alaska Senate Election Winner,Parent market briefing,Alaska Senate Election Winner -Polymarket -Kalshi -Metaculus -Manifold -PredictIt,google_news_rss,The New York Times,Republicans’ Home-Field Edge for Senate Seems Just Enough for Now - The New York Times,https://news.google.com/rss/articles/CBMihAFBVV95cUxOOWlTODJnSzZxdkxvWHB0SzJsWW9aTHlERG1hRE04YnRYcFNUWW1WWUh2QUVhekUxd2h0Zy1wOGZsNHlwUzktaXV1aTY2eURrakNUck9qMEpLWmViZWVCUEVaYVBjOFItWmg1blVBSzV1bGVYejc0aUlDYzN4aXJyTlFuMDE?oc=5,"Wed, 01 Jul 2026 09:04:05 GMT",Republicans’ Home-Field Edge for Senate Seems Just Enough for Now The New York Times,4,18a66812d77370b4
20260706T153423Z,2026-07-06T15:34:23Z,PARENT-alaska-senate-election-winner,PARENT-alaska-senate-election-winner,Alaska Senate Election Winner,Parent market briefing,Alaska Senate Election Winner -Polymarket -Kalshi -Metaculus -Manifold -PredictIt,google_news_rss,The New York Times,Michigan U.S. Senate Election 2026: Latest Polls - The New York Times,https://news.google.com/rss/articles/CBMijgFBVV95cUxNZXg4R2RiNm5LQjloa25FZEFhY2tCX2k3U0ExVEJnNzVWeW1Ba21fbkRxYlFFX3M2TDdLeGlQUnViWGNfbFZWdlBiVHhNNUFqZE5ISjhsdlB5dGRPZ3ZaRVlpd24ybWMyX0dXUFFIWUFhbnM0c05DX1JLVmVYT0NFT1pFcHBGYU9hLXAyOXRR?oc=5,"Thu, 02 Jul 2026 17:32:48 GMT",Michigan U.S. Senate Election 2026: Latest Polls The New York Times,5,5c466edba191c0f9
20260706T153423Z,2026-07-06T15:34:23Z,PARENT-alaska-senate-election-winner,PARENT-alaska-senate-election-winner,Alaska Senate Election Winner,Parent market briefing,Alaska Senate Election Winner -Polymarket -Kalshi -Metaculus -Manifold -PredictIt,google_news_rss,The New York Times,Texas U.S. Senate Election 2026: Latest Polls - The New York Times,https://news.google.com/rss/articles/CBMiigFBVV95cUxNRnFTY28wbS10QjZaN2NoLURKTUNYNkRlVXJFenVsTWphQVBQS2lySHdTOVVKTGhSSVRsX2JSeVEwUE9hMWpVdWU5Z2JESHJSalV5ZFEtQm5sTzY3LWQ5NFR3WjhLeE9IaUQ4VDRoZkhUOHRxQkc1cnR1TG5YVThJLVlJeW10QkxBYVE?oc=5,"Thu, 02 Jul 2026 17:35:06 GMT",Texas U.S. Senate Election 2026: Latest Polls The New York Times,6,2731e4642de03b88
20260706T153423Z,2026-07-06T15:34:23Z,PARENT-alaska-senate-election-winner,PARENT-alaska-senate-election-winner,Alaska Senate Election Winner,Parent market briefing,Alaska Senate Election Winner -Polymarket -Kalshi -Metaculus -Manifold -PredictIt,gdelt_doc,ERROR,GDELT fetch failed: HTTP Error 429: Too Many Requests,https://api.gdeltproject.org/api/v2/doc/doc?query=Alaska+Senate+Election+Winner+-Polymarket+-Kalshi+-Metaculus+-Manifold+-PredictIt&mode=artlist&format=json&maxrecords=6&sort=hybridrel&timespan=7d,,,0,12de29d342b6f30c
20260706T153423Z,2026-07-06T15:34:23Z,PARENT-nebraska-senate-election-winner,PARENT-nebraska-senate-election-winner,Nebraska Senate Election Winner,Parent market briefing,Nebraska Senate Election Winner -Polymarket -Kalshi -Metaculus -Manifold -PredictIt,google_news_rss,The New York Times,Michigan U.S. Senate Election 2026: Latest Polls - The New York Times,https://news.google.com/rss/articles/CBMijgFBVV95cUxNZXg4R2RiNm5LQjloa25FZEFhY2tCX2k3U0ExVEJnNzVWeW1Ba21fbkRxYlFFX3M2TDdLeGlQUnViWGNfbFZWdlBiVHhNNUFqZE5ISjhsdlB5dGRPZ3ZaRVlpd24ybWMyX0dXUFFIWUFhbnM0c05DX1JLVmVYT0NFT1pFcHBGYU9hLXAyOXRR?oc=5,"Thu, 02 Jul 2026 17:32:48 GMT",Michigan U.S. Senate Election 2026: Latest Polls The New York Times,1,5c466edba191c0f9
20260706T153423Z,2026-07-06T15:34:23Z,PARENT-nebraska-senate-election-winner,PARENT-nebraska-senate-election-winner,Nebraska Senate Election Winner,Parent market briefing,Nebraska Senate Election Winner -Polymarket -Kalshi -Metaculus -Manifold -PredictIt,google_news_rss,CNN,The 9 Senate seats most likely to flip in 2026 - CNN,https://news.google.com/rss/articles/CBMiekFVX3lxTE1IdDRVak1MclBFai1CNUFxc3g0WVJtVHk2dDI5MExFN2FnWm5tWmpQVWN6MTlULWMzdFhYTG1IcEppalZnU0VDanZxOTRVbnVoUExKYlUtVV9uckZ3RFlTVFZDekxaZjNhMk5MSm8tN0l0bDJhb2xEVnFB?oc=5,"Thu, 02 Jul 2026 10:00:28 GMT",The 9 Senate seats most likely to flip in 2026 CNN,2,dbce409e48c270db
20260706T153423Z,2026-07-06T15:34:23Z,PARENT-nebraska-senate-election-winner,PARENT-nebraska-senate-election-winner,Nebraska Senate Election Winner,Parent market briefing,Nebraska Senate Election Winner -Polymarket -Kalshi -Metaculus -Manifold -PredictIt,google_news_rss,The Guardian,Michigan Democrat Mallory McMorrow ends bid for US Senate - The Guardian,https://news.google.com/rss/articles/CBMimwFBVV95cUxNRXpjTnpvSWlKclJKbFd2ZkZ3UjgtTjgyeGNJa2gxREJMMWlWaFdrdEZYNWFJWEtWWjg0UXhNQkhNcGZZTWwtZjJubUlmM18yVktvZGRrYlFhS1RDSXNLOHlOQ2MtVlE2cllndHQzemRDYjBGcDRMSUxnSkhZOWhNTi1fWGctQV9XamhCb1BpXzY5UDctWlIwYVRzUQ?oc=5,"Sun, 05 Jul 2026 21:34:00 GMT",Michigan Democrat Mallory McMorrow ends bid for US Senate The Guardian,3,07d891a5d6352340
20260706T153423Z,2026-07-06T15:34:23Z,PARENT-nebraska-senate-election-winner,PARENT-nebraska-senate-election-winner,Nebraska Senate Election Winner,Parent market briefing,Nebraska Senate Election Winner -Polymarket -Kalshi -Metaculus -Manifold -PredictIt,google_news_rss,VoteHub,Republicans have a 56% chance of controlling the Senate - VoteHub,https://news.google.com/rss/articles/CBMiU0FVX3lxTE9DMHE1RVQ0UlpJc1lOUlFxVkRnT0k2WjNYSnVVM3JqckxXOEpHU2xTTXRubVNWdEg2Q2FiVDBHWVR0WkJMbUpPd1FISEZoUTFBb1o0?oc=5,"Sat, 04 Jul 2026 07:00:00 GMT",Republicans have a 56% chance of controlling the Senate VoteHub,4,bd61f4ba485b5624
20260706T153423Z,2026-07-06T15:34:23Z,PARENT-nebraska-senate-election-winner,PARENT-nebraska-senate-election-winner,Nebraska Senate Election Winner,Parent market briefing,Nebraska Senate Election Winner -Polymarket -Kalshi -Metaculus -Manifold -PredictIt,google_news_rss,The New York Times,Montana U.S. Senate Election 2026: Latest Polls - The New York Times,https://news.google.com/rss/articles/CBMijAFBVV95cUxOdkJha2xvY1JodndZRHhqZ2t4SGphOGVzZ1M4WGtFZFJPczNoRWx1X040UHRpVk5vVFVlZkRfZkIxaENBZFRwWGdTbjEtY2VhNVJhWVJ2Z0taNXZIeVpKTXRaTkxiRzg3RHJqanA0OGE1dEM1MkptUlZUM0dpWExhYmo3Q0NHNk9uRHVuaw?oc=5,"Thu, 02 Jul 2026 17:35:53 GMT",Montana U.S. Senate Election 2026: Latest Polls The New York Times,5,bda3424ea24e4b79
20260706T153423Z,2026-07-06T15:34:23Z,PARENT-nebraska-senate-election-winner,PARENT-nebraska-senate-election-winner,Nebraska Senate Election Winner,Parent market briefing,Nebraska Senate Election Winner -Polymarket -Kalshi -Metaculus -Manifold -PredictIt,google_news_rss,The New York Times,Texas U.S. Senate Election 2026: Latest Polls - The New York Times,https://news.google.com/rss/articles/CBMiigFBVV95cUxNRnFTY28wbS10QjZaN2NoLURKTUNYNkRlVXJFenVsTWphQVBQS2lySHdTOVVKTGhSSVRsX2JSeVEwUE9hMWpVdWU5Z2JESHJSalV5ZFEtQm5sTzY3LWQ5NFR3WjhLeE9IaUQ4VDRoZkhUOHRxQkc1cnR1TG5YVThJLVlJeW10QkxBYVE?oc=5,"Thu, 02 Jul 2026 17:35:06 GMT",Texas U.S. Senate Election 2026: Latest Polls The New York Times,6,2731e4642de03b88
20260706T153423Z,2026-07-06T15:34:23Z,PARENT-nebraska-senate-election-winner,PARENT-nebraska-senate-election-winner,Nebraska Senate Election Winner,Parent market briefing,Nebraska Senate Election Winner -Polymarket -Kalshi -Metaculus -Manifold -PredictIt,gdelt_doc,ERROR,GDELT fetch failed: HTTP Error 429: Too Many Requests,https://api.gdeltproject.org/api/v2/doc/doc?query=Nebraska+Senate+Election+Winner+-Polymarket+-Kalshi+-Metaculus+-Manifold+-PredictIt&mode=artlist&format=json&maxrecords=6&sort=hybridrel&timespan=7d,,,0,12de29d342b6f30c
20260706T153423Z,2026-07-06T15:34:23Z,PARENT-michigan-senate-election-winner,PARENT-michigan-senate-election-winner,Michigan Senate Election Winner,Parent market briefing,Michigan Senate Election Winner -Polymarket -Kalshi -Metaculus -Manifold -PredictIt,google_news_rss,The New York Times,Michigan U.S. Senate Election 2026: Latest Polls - The New York Times,https://news.google.com/rss/articles/CBMijgFBVV95cUxNZXg4R2RiNm5LQjloa25FZEFhY2tCX2k3U0ExVEJnNzVWeW1Ba21fbkRxYlFFX3M2TDdLeGlQUnViWGNfbFZWdlBiVHhNNUFqZE5ISjhsdlB5dGRPZ3ZaRVlpd24ybWMyX0dXUFFIWUFhbnM0c05DX1JLVmVYT0NFT1pFcHBGYU9hLXAyOXRR?oc=5,"Thu, 02 Jul 2026 17:32:48 GMT",Michigan U.S. Senate Election 2026: Latest Polls The New York Times,1,5c466edba191c0f9
20260706T153423Z,2026-07-06T15:34:23Z,PARENT-michigan-senate-election-winner,PARENT-michigan-senate-election-winner,Michigan Senate Election Winner,Parent market briefing,Michigan Senate Election Winner -Polymarket -Kalshi -Metaculus -Manifold -PredictIt,google_news_rss,PBS,Democrat Mallory McMorrow suspends her Michigan Senate campaign and scrambles the pivotal race - PBS,https://news.google.com/rss/articles/CBMizAFBVV95cUxONUZnbFBtTnE1Mm02SVJrWE5OaWJWbUhQekViUE1wSHhEYWpNUm1UOWx3QnpEQWdyaHJmcVRndklsNG9PT2NWUVVCcENoNnc4ekZOcjNmdHREUTMwR0xaYXZ3ZWFtM3drOWpQT3BteFRyTk40UmVNbWppOUFwS2FrNFN1eEFVX0huN05mdER2c3NldjRVVkZFTjR2ZktwRVhQdjRsNHFZMnVKbzBJSFEtWEs1Q2JZXzhvMzF2Rkc1WWwyczFSTUt1a1NQV0nSAdIBQVVfeXFMT25JVzhSb3oxR3RCS1dNNHNGVGlwenN3ekVSRmpZVVFVUTJNeTRKMkY4bkJneWxMYkpmNVR2NkFyVVRkN3c4T2ZEek9zYXAzOGtHYnJ1elFHOXhULVBLX0VmbnQwMG5Wa2lTbzNNTThBRTQ3VlI3ZW9WTTYwbmZHaHNydTBicURlLWVaVC1xRGxTTEptc0d6aDRnSnlVRWRCaVVIaDVBWXU3allEdWNZQm00OTQ2T0M2R0pOTGtkUTNaSFA3c1VmYjJxbnk4bXZpQUpn?oc=5,"Sun, 05 Jul 2026 19:20:06 GMT",Democrat Mallory McMorrow suspends her Michigan Senate campaign and scrambles the pivotal race PBS,2,b8b0f802196e8e9f
20260706T153423Z,2026-07-06T15:34:23Z,PARENT-michigan-senate-election-winner,PARENT-michigan-senate-election-winner,Michigan Senate Election Winner,Parent market briefing,Michigan Senate Election Winner -Polymarket -Kalshi -Metaculus -Manifold -PredictIt,google_news_rss,The Guardian,Michigan Democrat Mallory McMorrow ends bid for US Senate - The Guardian,https://news.google.com/rss/articles/CBMimwFBVV95cUxNRXpjTnpvSWlKclJKbFd2ZkZ3UjgtTjgyeGNJa2gxREJMMWlWaFdrdEZYNWFJWEtWWjg0UXhNQkhNcGZZTWwtZjJubUlmM18yVktvZGRrYlFhS1RDSXNLOHlOQ2MtVlE2cllndHQzemRDYjBGcDRMSUxnSkhZOWhNTi1fWGctQV9XamhCb1BpXzY5UDctWlIwYVRzUQ?oc=5,"Sun, 05 Jul 2026 21:34:00 GMT",Michigan Democrat Mallory McMorrow ends bid for US Senate The Guardian,3,07d891a5d6352340
20260706T153423Z,2026-07-06T15:34:23Z,PARENT-michigan-senate-election-winner,PARENT-michigan-senate-election-winner,Michigan Senate Election Winner,Parent market briefing,Michigan Senate Election Winner -Polymarket -Kalshi -Metaculus -Manifold -PredictIt,google_news_rss,NBC News,Rep. Alexandria Ocasio-Cortez endorses Abdul El-Sayed in Michigan Democratic primary - NBC News,https://news.google.com/rss/articles/CBMiwAFBVV95cUxNbjVWblk4R0JNNzVYOVZDakh1c1FRcW1FNmgyMjVhaFc3RV9WRnVYMERDd085clVOUU9xLVRrS3I1VlAwQThFMDV4cTlMdkxnMUh5N3p3bmZYTjlacG84dUQ2S1ZHTDFkaEdlTkVXQXNwQ0phQi1SczJlOHBUd3hLSGdOLUEtdjlEY2ZTZnFkU0NFbkFHX0ZtZ1hQcTdicWVRWk9OcmszcjctNm5ZbXdwZm5BWFhmcXJ2bHFDQUVlRFY?oc=5,"Thu, 02 Jul 2026 13:37:35 GMT",Rep. Alexandria Ocasio-Cortez endorses Abdul El-Sayed in Michigan Democratic primary NBC News,4,56f1c35db121df9c
20260706T153423Z,2026-07-06T15:34:23Z,PARENT-michigan-senate-election-winner,PARENT-michigan-senate-election-winner,Michigan Senate Election Winner,Parent market briefing,Michigan Senate Election Winner -Polymarket -Kalshi -Metaculus -Manifold -PredictIt,google_news_rss,WDET 101.9 FM,Poll: Democratic US senate candidates lead Rogers in general election - WDET 101.9 FM,https://news.google.com/rss/articles/CBMingFBVV95cUxPdDYwV3M5bjNqLWVzU09CNWpoNVhETDZ0T3FYYzUyLUF4UzNIUDBHVnRNMWZtYU4wSnVabnlRNWxGblhWWTJSWnA1UkxNTTVkdjNoMF9Wc1VGQ0g2cExuRk44MUEzcVhjSzZYUzZHUWxxVjl2NXFZUXh6dWF6OHJXUG5NZHJHbGhuZ0pNVnh2TVkwZzZHbDRtODFneUU4Zw?oc=5,"Tue, 30 Jun 2026 16:47:38 GMT",Poll: Democratic US senate candidates lead Rogers in general election WDET 101.9 FM,5,df4f868f8198ca64
20260706T153423Z,2026-07-06T15:34:23Z,PARENT-michigan-senate-election-winner,PARENT-michigan-senate-election-winner,Michigan Senate Election Winner,Parent market briefing,Michigan Senate Election Winner -Polymarket -Kalshi -Metaculus -Manifold -PredictIt,google_news_rss,The Hill,Ocasio-Cortez endorses El-Sayed in Michigan Senate race - The Hill,https://news.google.com/rss/articles/CBMipAFBVV95cUxPalViNzJkclVvU1Z0cTdjQ0t4enUxcGRFR2V4a3BrS0drQVhkUmYxdG5mOGREd2YtVjU5TjRqQkliV3VCU19UM3ctV1ZuckswMm1OQUJfU3hDNlNDWUVZMFZRUWVybTRvTmxGRlFpanVZb1FOM05HaW5wRU93SkRNWmJ5SXNpZ0RtWXBmVHJQNzdCOEhyUEZSRWRqUFVYTV82eDJQatIBqgFBVV95cUxNSk5sZi02akRrWk50TGJLeEVEMV94a2ZkMDZPTUdEekIxVDk0dkk2cjI1aFhNUV9YREMwQ1YxV2RvM0NMNlNBNjBzTWJFVXRBd2dEc1J0WC1XYjhTVThCbkdONDV2endrWkVOTGRSZm9JVzROSGpmaTZlb0RiYnIydzFTT1hsZVdTLWN0czk2NXpZMFhXZ29YZGJ1LUFCeWhLdXN0SXlMV3dZdw?oc=5,"Thu, 02 Jul 2026 13:02:00 GMT",Ocasio-Cortez endorses El-Sayed in Michigan Senate race The Hill,6,471b3728605fecf1
20260706T153423Z,2026-07-06T15:34:23Z,PARENT-michigan-senate-election-winner,PARENT-michigan-senate-election-winner,Michigan Senate Election Winner,Parent market briefing,Michigan Senate Election Winner -Polymarket -Kalshi -Metaculus -Manifold -PredictIt,gdelt_doc,ERROR,GDELT fetch failed: HTTP Error 429: Too Many Requests,https://api.gdeltproject.org/api/v2/doc/doc?query=Michigan+Senate+Election+Winner+-Polymarket+-Kalshi+-Metaculus+-Manifold+-PredictIt&mode=artlist&format=json&maxrecords=6&sort=hybridrel&timespan=7d,,,0,12de29d342b6f30c
20260706T153423Z,2026-07-06T15:34:23Z,PARENT-ohio-senate-election-winner,PARENT-ohio-senate-election-winner,Ohio Senate Election Winner,Parent market briefing,Ohio Senate Election Winner -Polymarket -Kalshi -Metaculus -Manifold -PredictIt,google_news_rss,The New York Times,"Control of the Senate Is Up for Grabs, Times/Siena Polls Find - The New York Times",https://news.google.com/rss/articles/CBMifEFVX3lxTFB2S1FZYVRVT3VRbE1YVHFUcndfWmdmbnAtdWF5ekdYdEdETkhoMDJyb2xtU0N2TE9OUFphUjlvNW16YVlOTkQtQUYtNEtYNjE4Y1haQUpETXlHRDl3QkdkMy04OVNmQVprWXlELTJFNUdSSlY1UjdvSnNBZHA?oc=5,"Wed, 01 Jul 2026 09:03:24 GMT","Control of the Senate Is Up for Grabs, Times/Siena Polls Find The New York Times",1,493309f734bd6349
20260706T153423Z,2026-07-06T15:34:23Z,PARENT-ohio-senate-election-winner,PARENT-ohio-senate-election-winner,Ohio Senate Election Winner,Parent market briefing,Ohio Senate Election Winner -Polymarket -Kalshi -Metaculus -Manifold -PredictIt,google_news_rss,MS NOW,Why MS NOW rates Ohio’s Senate race a Toss Up - MS NOW,https://news.google.com/rss/articles/CBMiXEFVX3lxTE9LVzJjZW5sLTdQeTRVdzF0Qlp2bHllejJ5dGtUT2RTdFNfRmVDNFVxV3pXVHZ1LXhSSVJhUkxRT0xWanpfeUZCNVBkWkVIUGJiaFFZMGdKWC1HMkdC?oc=5,"Thu, 02 Jul 2026 03:01:12 GMT",Why MS NOW rates Ohio’s Senate race a Toss Up MS NOW,2,b744c3c8849a4947
20260706T153423Z,2026-07-06T15:34:23Z,PARENT-ohio-senate-election-winner,PARENT-ohio-senate-election-winner,Ohio Senate Election Winner,Parent market briefing,Ohio Senate Election Winner -Polymarket -Kalshi -Metaculus -Manifold -PredictIt,google_news_rss,FOX 8 News,"New poll finds Husted narrowly leading Brown, Ohio governor’s race tied - FOX 8 News",https://news.google.com/rss/articles/CBMilwFBVV95cUxOV3UyTmZuS0hiNDZPUnNpam4xdE5KV20zMldoMThvWVZmY3J2cWpWMnp3VGVyNjQtNlJfVDZ2RFZzZ1ZRWEo3eEtBQjM5RU9Rd3lrSHlMclJwMXhKUXhYUUo5VXhwSjJPMlh0RDh0YUMzcVRKaTFUZHB3REdTQWE5UjZfTnF0SXFXUlpmd3NXcXYzdTFNQ3Fr0gGcAUFVX3lxTE9vZDQ3UXA2UlJHVk9kQVNhdUNWOTNXaDZIVU4xb0hsOWVsTFdSLW1Gb3BSS0xGYk1xR0hEOU9seXFGaGtrX1FYcXdLNU5IZmRrRnJQaGRzamQzODJEeUE3MUh5cG1WWWlIVFU0Szhod1NCQUhLNEpFSEhwQ19UY2lZWThUUTdjNERwVHI3WWFEcHZWTk41TjRnX29hUw?oc=5,"Wed, 01 Jul 2026 20:22:39 GMT","New poll finds Husted narrowly leading Brown, Ohio governor’s race tied FOX 8 News",3,19ea2f3decd666e2
20260706T153423Z,2026-07-06T15:34:23Z,PARENT-ohio-senate-election-winner,PARENT-ohio-senate-election-winner,Ohio Senate Election Winner,Parent market briefing,Ohio Senate Election Winner -Polymarket -Kalshi -Metaculus -Manifold -PredictIt,google_news_rss,The Hill,FOR INSIDERS: The 5 Senate seats most likely to flip in November - The Hill,https://news.google.com/rss/articles/CBMieEFVX3lxTE84Sjh0d2sza0t5RGtDVHBUNEt4THFSZGVUV2RZTWc5MXNVaEF3SUlUWHpSdkoxejYxenZTZGVCTTQxaFIwdXRVNnhwb0hlZ1N5TjZZeXFacHU2SzdBQ1FuUVFES0ItYXViaVFPaTJjVURCQnUyUUp5NdIBfkFVX3lxTE44VndWd2lxaHF3anZ0c20xa0pXelQ3NE15M3hvWDBxQW00RnEwT2w0WlhEdmdHMmVXVHI1by1wQ0tmajZyOTVCWlREOFhUY0xUYm53a0dxVzlXWHJwTzY1YjM1cFdyazBqT3pVWFNpaEpYczJKN2dDWklXTXNBQQ?oc=5,"Wed, 01 Jul 2026 10:00:00 GMT",FOR INSIDERS: The 5 Senate seats most likely to flip in November The Hill,4,7e24dc2f53baa816
20260706T153423Z,2026-07-06T15:34:23Z,PARENT-ohio-senate-election-winner,PARENT-ohio-senate-election-winner,Ohio Senate Election Winner,Parent market briefing,Ohio Senate Election Winner -Polymarket -Kalshi -Metaculus -Manifold -PredictIt,google_news_rss,The New York Times,Michigan U.S. Senate Election 2026: Latest Polls - The New York Times,https://news.google.com/rss/articles/CBMijgFBVV95cUxNZXg4R2RiNm5LQjloa25FZEFhY2tCX2k3U0ExVEJnNzVWeW1Ba21fbkRxYlFFX3M2TDdLeGlQUnViWGNfbFZWdlBiVHhNNUFqZE5ISjhsdlB5dGRPZ3ZaRVlpd24ybWMyX0dXUFFIWUFhbnM0c05DX1JLVmVYT0NFT1pFcHBGYU9hLXAyOXRR?oc=5,"Thu, 02 Jul 2026 17:32:48 GMT",Michigan U.S. Senate Election 2026: Latest Polls The New York Times,5,5c466edba191c0f9
20260706T153423Z,2026-07-06T15:34:23Z,PARENT-ohio-senate-election-winner,PARENT-ohio-senate-election-winner,Ohio Senate Election Winner,Parent market briefing,Ohio Senate Election Winner -Polymarket -Kalshi -Metaculus -Manifold -PredictIt,google_news_rss,The New York Times,Republicans’ Home-Field Edge for Senate Seems Just Enough for Now - The New York Times,https://news.google.com/rss/articles/CBMihAFBVV95cUxOOWlTODJnSzZxdkxvWHB0SzJsWW9aTHlERG1hRE04YnRYcFNUWW1WWUh2QUVhekUxd2h0Zy1wOGZsNHlwUzktaXV1aTY2eURrakNUck9qMEpLWmViZWVCUEVaYVBjOFItWmg1blVBSzV1bGVYejc0aUlDYzN4aXJyTlFuMDE?oc=5,"Wed, 01 Jul 2026 09:04:05 GMT",Republicans’ Home-Field Edge for Senate Seems Just Enough for Now The New York Times,6,18a66812d77370b4
20260706T153423Z,2026-07-06T15:34:23Z,PARENT-ohio-senate-election-winner,PARENT-ohio-senate-election-winner,Ohio Senate Election Winner,Parent market briefing,Ohio Senate Election Winner -Polymarket -Kalshi -Metaculus -Manifold -PredictIt,gdelt_doc,ERROR,GDELT fetch failed: HTTP Error 429: Too Many Requests,https://api.gdeltproject.org/api/v2/doc/doc?query=Ohio+Senate+Election+Winner+-Polymarket+-Kalshi+-Metaculus+-Manifold+-PredictIt&mode=artlist&format=json&maxrecords=6&sort=hybridrel&timespan=7d,,,0,12de29d342b6f30c
20260706T153423Z,2026-07-06T15:34:23Z,PARENT-north-carolina-senate-election-winner,PARENT-north-carolina-senate-election-winner,North Carolina Senate Election Winner,Parent market briefing,North Carolina Senate Election Winner -Polymarket -Kalshi -Metaculus -Manifold -PredictIt,google_news_rss,The New York Times,"Control of the Senate Is Up for Grabs, Times/Siena Polls Find - The New York Times",https://news.google.com/rss/articles/CBMifEFVX3lxTFB2S1FZYVRVT3VRbE1YVHFUcndfWmdmbnAtdWF5ekdYdEdETkhoMDJyb2xtU0N2TE9OUFphUjlvNW16YVlOTkQtQUYtNEtYNjE4Y1haQUpETXlHRDl3QkdkMy04OVNmQVprWXlELTJFNUdSSlY1UjdvSnNBZHA?oc=5,"Wed, 01 Jul 2026 09:03:24 GMT","Control of the Senate Is Up for Grabs, Times/Siena Polls Find The New York Times",1,493309f734bd6349
20260706T153423Z,2026-07-06T15:34:23Z,PARENT-north-carolina-senate-election-winner,PARENT-north-carolina-senate-election-winner,North Carolina Senate Election Winner,Parent market briefing,North Carolina Senate Election Winner -Polymarket -Kalshi -Metaculus -Manifold -PredictIt,google_news_rss,The New York Times,North Carolina U.S. Senate Election 2026: Latest Polls - The New York Times,https://news.google.com/rss/articles/CBMilgFBVV95cUxQcG0yWVJ4b1FCblhNSEdUeDZTb1BHUEh2TjItUTN6MjlsV09ZYlA0aHZ4R0V0b2ZjRTA0SHJkTGJxaDJPaXh0OEIxZFhIVWhsd0t2bFBRYTdrc3p1cHZCTmp4UC1UR183S0loRDU2QmE4cGVMZWt4LVA2T05wUHhJQTJ0Q1d3d1M2Q180dWpHTHVFblVaV3c?oc=5,"Thu, 02 Jul 2026 17:34:54 GMT",North Carolina U.S. Senate Election 2026: Latest Polls The New York Times,2,8313ba2bb74e7826
20260706T153423Z,2026-07-06T15:34:23Z,PARENT-north-carolina-senate-election-winner,PARENT-north-carolina-senate-election-winner,North Carolina Senate Election Winner,Parent market briefing,North Carolina Senate Election Winner -Polymarket -Kalshi -Metaculus -Manifold -PredictIt,google_news_rss,The New York Times,"Graham Platner Wins Primary in Maine, Setting Up a Key Senate Fight - The New York Times",https://news.google.com/rss/articles/CBMigwFBVV95cUxPYTJuUkdfNGJ6RlhKeVIwRGo5ZHlxMmlCQlk4RDRwWk5sM1JJdkp4RWp5ZDhacmp1b004YXJGWGwwQ2pXVFZ1ZmV4ZzlUYjRGWHZXclktNzltQTl1ci1qN0RyNmFqU2wtNVZMeHZKUjh5X3dsejNXTGpFYl82dkJxd2RvWQ?oc=5,"Thu, 02 Jul 2026 07:00:00 GMT","Graham Platner Wins Primary in Maine, Setting Up a Key Senate Fight The New York Times",3,e6837df349fa70d7
20260706T153423Z,2026-07-06T15:34:23Z,PARENT-north-carolina-senate-election-winner,PARENT-north-carolina-senate-election-winner,North Carolina Senate Election Winner,Parent market briefing,North Carolina Senate Election Winner -Polymarket -Kalshi -Metaculus -Manifold -PredictIt,google_news_rss,The New York Times,Michigan U.S. Senate Election 2026: Latest Polls - The New York Times,https://news.google.com/rss/articles/CBMijgFBVV95cUxNZXg4R2RiNm5LQjloa25FZEFhY2tCX2k3U0ExVEJnNzVWeW1Ba21fbkRxYlFFX3M2TDdLeGlQUnViWGNfbFZWdlBiVHhNNUFqZE5ISjhsdlB5dGRPZ3ZaRVlpd24ybWMyX0dXUFFIWUFhbnM0c05DX1JLVmVYT0NFT1pFcHBGYU9hLXAyOXRR?oc=5,"Thu, 02 Jul 2026 17:32:48 GMT",Michigan U.S. Senate Election 2026: Latest Polls The New York Times,4,5c466edba191c0f9
20260706T153423Z,2026-07-06T15:34:23Z,PARENT-north-carolina-senate-election-winner,PARENT-north-carolina-senate-election-winner,North Carolina Senate Election Winner,Parent market briefing,North Carolina Senate Election Winner -Polymarket -Kalshi -Metaculus -Manifold -PredictIt,google_news_rss,The New York Times,Texas U.S. Senate Election 2026: Latest Polls - The New York Times,https://news.google.com/rss/articles/CBMiigFBVV95cUxNRnFTY28wbS10QjZaN2NoLURKTUNYNkRlVXJFenVsTWphQVBQS2lySHdTOVVKTGhSSVRsX2JSeVEwUE9hMWpVdWU5Z2JESHJSalV5ZFEtQm5sTzY3LWQ5NFR3WjhLeE9IaUQ4VDRoZkhUOHRxQkc1cnR1TG5YVThJLVlJeW10QkxBYVE?oc=5,"Thu, 02 Jul 2026 17:35:06 GMT",Texas U.S. Senate Election 2026: Latest Polls The New York Times,5,2731e4642de03b88
20260706T153423Z,2026-07-06T15:34:23Z,PARENT-north-carolina-senate-election-winner,PARENT-north-carolina-senate-election-winner,North Carolina Senate Election Winner,Parent market briefing,North Carolina Senate Election Winner -Polymarket -Kalshi -Metaculus -Manifold -PredictIt,google_news_rss,NBC News,2026 Primary Election Calendar: What Races Are Today? - NBC News,https://news.google.com/rss/articles/CBMickFVX3lxTE8wZ0FEZ0NyOGRRU0hlSW1zbWo4bUFWTDRybHFSQWVMQUdFQ0FuVWNvenRFV2pVZkVueDNfckY2SjZraUo1d2xLX2VDVDN5eEpja1YyOWp1SDdYaFY0ajV1Z3VmZWV2blNaUk5FOXhDeU5wdw?oc=5,"Thu, 02 Jul 2026 16:26:03 GMT",2026 Primary Election Calendar: What Races Are Today? NBC News,6,5b7e5bf31ebc7858
20260706T153423Z,2026-07-06T15:34:23Z,PARENT-north-carolina-senate-election-winner,PARENT-north-carolina-senate-election-winner,North Carolina Senate Election Winner,Parent market briefing,North Carolina Senate Election Winner -Polymarket -Kalshi -Metaculus -Manifold -PredictIt,gdelt_doc,ERROR,GDELT fetch failed: HTTP Error 429: Too Many Requests,https://api.gdeltproject.org/api/v2/doc/doc?query=North+Carolina+Senate+Election+Winner+-Polymarket+-Kalshi+-Metaculus+-Manifold+-PredictIt&mode=artlist&format=json&maxrecords=6&sort=hybridrel&timespan=7d,,,0,12de29d342b6f30c
20260706T153423Z,2026-07-06T15:34:23Z,PARENT-georgia-senate-election-winner,PARENT-georgia-senate-election-winner,Georgia Senate Election Winner,Parent market briefing,Georgia Senate Election Winner -Polymarket -Kalshi -Metaculus -Manifold -PredictIt,google_news_rss,Fox News,Fox News Poll: An early look at the Georgia Senate race - Fox News,https://news.google.com/rss/articles/CBMigwFBVV95cUxQclBjU2xxOTVYOVlPSzJ1anhEeVdkaGpvZlA2NDdvR2QzS2RsSmZ2STZBSTMzZTBycnNkX2Vsa2swd1RlMHl4V3VGTV94NHZfN0s1NVFoa0dfMS1RbnYzV3c2NFJoeVdRa2VfZE8zdlNqdWFETVhJWUIyQkxJWldNamdqY9IBiAFBVV95cUxOcWxLUGR5SWVweTFsNHZHRGZfRGFUX05acDIxT2p1QmhZejl6RVdwZDVvUHItMTI1Q0taVklXZHNxMklxVDh5S0ZxdW1LSDdkUXFUV0poempuSmZUMXNJenRzbEJnYUxOMWJab1ZINVhoOTNJYjBCTS1sd0lUSm1DQkFiY005Ujh5?oc=5,"Wed, 01 Jul 2026 22:00:02 GMT",Fox News Poll: An early look at the Georgia Senate race Fox News,1,981b0499213e76de
20260706T153423Z,2026-07-06T15:34:23Z,PARENT-georgia-senate-election-winner,PARENT-georgia-senate-election-winner,Georgia Senate Election Winner,Parent market briefing,Georgia Senate Election Winner -Polymarket -Kalshi -Metaculus -Manifold -PredictIt,google_news_rss,The New York Times,Georgia U.S. Senate Election 2026: Latest Polls - The New York Times,https://news.google.com/rss/articles/CBMijAFBVV95cUxQVk4yd1hGX3hRVnhsTUctaE5Xc1hsS1R6eUczdTF4VlZiZFljX2Rmb1QwVXc5dGpIX2dCZU9ULWU3ZEt4b3ZHZEdGbXVvczlWVGZuM2hnY04yd0tIenR3U29ZZTJPSldjNWwyY2lYdDNzOHViODNGZURqc0paT1dPMUtiVGNNZDNabkVmWQ?oc=5,"Thu, 02 Jul 2026 23:00:23 GMT",Georgia U.S. Senate Election 2026: Latest Polls The New York Times,2,8d1782975350cad0
20260706T153423Z,2026-07-06T15:34:23Z,PARENT-georgia-senate-election-winner,PARENT-georgia-senate-election-winner,Georgia Senate Election Winner,Parent market briefing,Georgia Senate Election Winner -Polymarket -Kalshi -Metaculus -Manifold -PredictIt,google_news_rss,Savannah Morning News,Who is leading Georgia senate race? Fox News poll suggests a blowout - Savannah Morning News,https://news.google.com/rss/articles/CBMijwJBVV95cUxNYUdHdnpYb0lKQkxmMjVMd2JCV2ZidzBJcWpyd0p6SnRMNndJZUtrYU9ZRmk2TU93SjdUMzV3STBVTVdkblRjUi1tU2hNUnJPdzV1dkhqUlNlTmNQUkRWcGs4YzBfak5wNFlFVDlvSWlxYkItQzhrY1RsbzZBamhIdjhEX0ZsdXZQYnhHUUJQSldPVHVYNmY2OHRGNUpDaFdVTmpsQWlnY1JDc1gzdk9EWHdHdC1GSk5rdmhjTzk5cWtJMms0Wk5wN3c1YlhuQTFRRXdFdVFEVTZrcDdoZXNvYldVbmlXRE1qcWJfZ3U4ODJPMkx0RzZxby1nREhvVlltSUY0TXN5X3lIdFN1NURV?oc=5,"Thu, 02 Jul 2026 18:28:00 GMT",Who is leading Georgia senate race? Fox News poll suggests a blowout Savannah Morning News,3,876b58a326f9f274
20260706T153423Z,2026-07-06T15:34:23Z,PARENT-georgia-senate-election-winner,PARENT-georgia-senate-election-winner,Georgia Senate Election Winner,Parent market briefing,Georgia Senate Election Winner -Polymarket -Kalshi -Metaculus -Manifold -PredictIt,google_news_rss,Georgia Recorder,Supreme Court eases spending rules in win for GOP as U.S. Senate battles brew - Georgia Recorder,https://news.google.com/rss/articles/CBMitwFBVV95cUxPNTBxZzNWY0VzSzZYZURDbGRFSmxET3lqZ3FpckRGWnN1Mm9qR2laSG1XUnQtRmYzQnBMRi1kMlJGejdLc3llWE1LNUlGRFU0eDJleTg4ZnhEZ3M3X2xNcGFaY0Z6REtZUVlfbl83WFhSVWVLTXpvMnVuYkNUWVQ3MUpGX25pa0N2WmF3OUt1RUhmZWF0cjR2M3ZDdG9ndkEwa2I4QWxOa3ZoUWhtOWpsQW1VSjJDVXM?oc=5,"Tue, 30 Jun 2026 21:56:43 GMT",Supreme Court eases spending rules in win for GOP as U.S. Senate battles brew Georgia Recorder,4,117d9ac1a78d6b3b
20260706T153423Z,2026-07-06T15:34:23Z,PARENT-georgia-senate-election-winner,PARENT-georgia-senate-election-winner,Georgia Senate Election Winner,Parent market briefing,Georgia Senate Election Winner -Polymarket -Kalshi -Metaculus -Manifold -PredictIt,google_news_rss,CAWP,"Results from the May 16th Primary in Louisiana and May 19th Primaries in Alabama, Georgia, Idaho, Kentucky, Oregon, and Pennsylvania - CAWP",https://news.google.com/rss/articles/CBMiugFBVV95cUxNa1dXbXh6cGQ5N2REWERiYTRJaGhzOVIzb2tpamoyRUdUUF9hY1k4ZFd5YlBkRnl5MlB3emJydVk1MFRHdGVKME9tQi10V3FjUXBHb1l6ZFJWcVh5T050TFZLTHpxdnZKcjJTSkV1VEZPVFhqazZRLTFQbWlwZkpQWWcxdFJFSVdpcXZ3OFczMEswSTNkSEs2cHJ4VV9KT2FWS3IyOVhfekhEdVVfOG8xNWZpYUVtbmtUbVE?oc=5,"Tue, 30 Jun 2026 15:20:00 GMT","Results from the May 16th Primary in Louisiana and May 19th Primaries in Alabama, Georgia, Idaho, Kentucky, Oregon, and Pennsylvania CAWP",5,3cdc2ebceb346856
20260706T153423Z,2026-07-06T15:34:23Z,PARENT-georgia-senate-election-winner,PARENT-georgia-senate-election-winner,Georgia Senate Election Winner,Parent market briefing,Georgia Senate Election Winner -Polymarket -Kalshi -Metaculus -Manifold -PredictIt,google_news_rss,The New York Times,Michigan U.S. Senate Election 2026: Latest Polls - The New York Times,https://news.google.com/rss/articles/CBMijgFBVV95cUxNZXg4R2RiNm5LQjloa25FZEFhY2tCX2k3U0ExVEJnNzVWeW1Ba21fbkRxYlFFX3M2TDdLeGlQUnViWGNfbFZWdlBiVHhNNUFqZE5ISjhsdlB5dGRPZ3ZaRVlpd24ybWMyX0dXUFFIWUFhbnM0c05DX1JLVmVYT0NFT1pFcHBGYU9hLXAyOXRR?oc=5,"Thu, 02 Jul 2026 17:32:48 GMT",Michigan U.S. Senate Election 2026: Latest Polls The New York Times,6,5c466edba191c0f9
20260706T153423Z,2026-07-06T15:34:23Z,PARENT-georgia-senate-election-winner,PARENT-georgia-senate-election-winner,Georgia Senate Election Winner,Parent market briefing,Georgia Senate Election Winner -Polymarket -Kalshi -Metaculus -Manifold -PredictIt,gdelt_doc,ERROR,GDELT fetch failed: HTTP Error 429: Too Many Requests,https://api.gdeltproject.org/api/v2/doc/doc?query=Georgia+Senate+Election+Winner+-Polymarket+-Kalshi+-Metaculus+-Manifold+-PredictIt&mode=artlist&format=json&maxrecords=6&sort=hybridrel&timespan=7d,,,0,12de29d342b6f30c
20260706T153423Z,2026-07-06T15:34:23Z,PARENT-new-hampshire-senate-election-winner,PARENT-new-hampshire-senate-election-winner,New Hampshire Senate Election Winner,Parent market briefing,New Hampshire Senate Election Winner -Polymarket -Kalshi -Metaculus -Manifold -PredictIt,google_news_rss,New Hampshire Public Radio,UNH poll shows tight races for governor and U.S. Senate - New Hampshire Public Radio,https://news.google.com/rss/articles/CBMirgFBVV95cUxPLUJycTRUVFdJbGVFSVNrb2VOdEdLT3JRQkwtdDFYakJhZGV5QlZmdnFlcW9Uc2xSMmptbUtmSVdNSXBzNWdZaUxNUHNtQi1XWkZVTDV5eTRZUnhyY2VBQ0puazdJNGNpb2ZnSU92THBFc3VYQVFnQkpnU0drcko5UGdfdHp1LVFpVE1pMXZoQkFqTm96d3NlYlBpNzJfcDhQbEtjY1pYbzY4RnhKdnc?oc=5,"Wed, 01 Jul 2026 19:41:00 GMT",UNH poll shows tight races for governor and U.S. Senate New Hampshire Public Radio,1,a9f20bddd7accf09
20260706T153423Z,2026-07-06T15:34:23Z,PARENT-new-hampshire-senate-election-winner,PARENT-new-hampshire-senate-election-winner,New Hampshire Senate Election Winner,Parent market briefing,New Hampshire Senate Election Winner -Polymarket -Kalshi -Metaculus -Manifold -PredictIt,google_news_rss,The New York Times,Michigan U.S. Senate Election 2026: Latest Polls - The New York Times,https://news.google.com/rss/articles/CBMijgFBVV95cUxNZXg4R2RiNm5LQjloa25FZEFhY2tCX2k3U0ExVEJnNzVWeW1Ba21fbkRxYlFFX3M2TDdLeGlQUnViWGNfbFZWdlBiVHhNNUFqZE5ISjhsdlB5dGRPZ3ZaRVlpd24ybWMyX0dXUFFIWUFhbnM0c05DX1JLVmVYT0NFT1pFcHBGYU9hLXAyOXRR?oc=5,"Thu, 02 Jul 2026 17:32:48 GMT",Michigan U.S. Senate Election 2026: Latest Polls The New York Times,2,5c466edba191c0f9
20260706T153423Z,2026-07-06T15:34:23Z,PARENT-new-hampshire-senate-election-winner,PARENT-new-hampshire-senate-election-winner,New Hampshire Senate Election Winner,Parent market briefing,New Hampshire Senate Election Winner -Polymarket -Kalshi -Metaculus -Manifold -PredictIt,google_news_rss,CNN,The 9 Senate seats most likely to flip in 2026 - CNN,https://news.google.com/rss/articles/CBMiekFVX3lxTE1IdDRVak1MclBFai1CNUFxc3g0WVJtVHk2dDI5MExFN2FnWm5tWmpQVWN6MTlULWMzdFhYTG1IcEppalZnU0VDanZxOTRVbnVoUExKYlUtVV9uckZ3RFlTVFZDekxaZjNhMk5MSm8tN0l0bDJhb2xEVnFB?oc=5,"Thu, 02 Jul 2026 10:00:28 GMT",The 9 Senate seats most likely to flip in 2026 CNN,3,dbce409e48c270db
20260706T153423Z,2026-07-06T15:34:23Z,PARENT-new-hampshire-senate-election-winner,PARENT-new-hampshire-senate-election-winner,New Hampshire Senate Election Winner,Parent market briefing,New Hampshire Senate Election Winner -Polymarket -Kalshi -Metaculus -Manifold -PredictIt,google_news_rss,NH Journal,Even Dems Admit: Sununu Could Flip NH Senate Seat Red - NH Journal,https://news.google.com/rss/articles/CBMigAFBVV95cUxOS3FoX0tCZXl5Yi1xVFlzeVJUWnJQcDNudVFtd3Nxd3RwemwtakVaQTdacHpPb1lxZlJodmJRWEhvZGdaLTZSUGthRXJWN2pOc0s4OUJXZlM2SlpjZVN6aThuUkVCMGhGa3p5bXVhOW5Ra3VkN3d5Ry1lMUdwT2J3ZA?oc=5,"Tue, 30 Jun 2026 02:23:49 GMT",Even Dems Admit: Sununu Could Flip NH Senate Seat Red NH Journal,4,1b1fcd2a84fe5a8c
20260706T153423Z,2026-07-06T15:34:23Z,PARENT-new-hampshire-senate-election-winner,PARENT-new-hampshire-senate-election-winner,New Hampshire Senate Election Winner,Parent market briefing,New Hampshire Senate Election Winner -Polymarket -Kalshi -Metaculus -Manifold -PredictIt,google_news_rss,The New York Times,Texas U.S. Senate Election 2026: Latest Polls - The New York Times,https://news.google.com/rss/articles/CBMiigFBVV95cUxNRnFTY28wbS10QjZaN2NoLURKTUNYNkRlVXJFenVsTWphQVBQS2lySHdTOVVKTGhSSVRsX2JSeVEwUE9hMWpVdWU5Z2JESHJSalV5ZFEtQm5sTzY3LWQ5NFR3WjhLeE9IaUQ4VDRoZkhUOHRxQkc1cnR1TG5YVThJLVlJeW10QkxBYVE?oc=5,"Thu, 02 Jul 2026 17:35:06 GMT",Texas U.S. Senate Election 2026: Latest Polls The New York Times,5,2731e4642de03b88
20260706T153423Z,2026-07-06T15:34:23Z,PARENT-new-hampshire-senate-election-winner,PARENT-new-hampshire-senate-election-winner,New Hampshire Senate Election Winner,Parent market briefing,New Hampshire Senate Election Winner -Polymarket -Kalshi -Metaculus -Manifold -PredictIt,google_news_rss,The New York Times,"Graham Platner Wins Primary in Maine, Setting Up a Key Senate Fight - The New York Times",https://news.google.com/rss/articles/CBMigwFBVV95cUxPYTJuUkdfNGJ6RlhKeVIwRGo5ZHlxMmlCQlk4RDRwWk5sM1JJdkp4RWp5ZDhacmp1b004YXJGWGwwQ2pXVFZ1ZmV4ZzlUYjRGWHZXclktNzltQTl1ci1qN0RyNmFqU2wtNVZMeHZKUjh5X3dsejNXTGpFYl82dkJxd2RvWQ?oc=5,"Thu, 02 Jul 2026 07:00:00 GMT","Graham Platner Wins Primary in Maine, Setting Up a Key Senate Fight The New York Times",6,e6837df349fa70d7
20260706T153423Z,2026-07-06T15:34:23Z,PARENT-new-hampshire-senate-election-winner,PARENT-new-hampshire-senate-election-winner,New Hampshire Senate Election Winner,Parent market briefing,New Hampshire Senate Election Winner -Polymarket -Kalshi -Metaculus -Manifold -PredictIt,gdelt_doc,ERROR,GDELT fetch failed: HTTP Error 429: Too Many Requests,https://api.gdeltproject.org/api/v2/doc/doc?query=New+Hampshire+Senate+Election+Winner+-Polymarket+-Kalshi+-Metaculus+-Manifold+-PredictIt&mode=artlist&format=json&maxrecords=6&sort=hybridrel&timespan=7d,,,0,12de29d342b6f30c
20260706T153423Z,2026-07-06T15:34:23Z,PARENT-iowa-senate-election-winner,PARENT-iowa-senate-election-winner,Iowa Senate Election Winner,Parent market briefing,Iowa Senate Election Winner -Polymarket -Kalshi -Metaculus -Manifold -PredictIt,google_news_rss,The New York Times,"Control of the Senate Is Up for Grabs, Times/Siena Polls Find - The New York Times",https://news.google.com/rss/articles/CBMifEFVX3lxTFB2S1FZYVRVT3VRbE1YVHFUcndfWmdmbnAtdWF5ekdYdEdETkhoMDJyb2xtU0N2TE9OUFphUjlvNW16YVlOTkQtQUYtNEtYNjE4Y1haQUpETXlHRDl3QkdkMy04OVNmQVprWXlELTJFNUdSSlY1UjdvSnNBZHA?oc=5,"Wed, 01 Jul 2026 09:03:24 GMT","Control of the Senate Is Up for Grabs, Times/Siena Polls Find The New York Times",1,493309f734bd6349
20260706T153423Z,2026-07-06T15:34:23Z,PARENT-iowa-senate-election-winner,PARENT-iowa-senate-election-winner,Iowa Senate Election Winner,Parent market briefing,Iowa Senate Election Winner -Polymarket -Kalshi -Metaculus -Manifold -PredictIt,google_news_rss,The Hill,Democrat Josh Turek leading by 4 points in Iowa Senate race polling - The Hill,https://news.google.com/rss/articles/CBMipAFBVV95cUxNVml1NXhraVpLLXplNHJmYzAwUHA4ZkY4SEpjRjFBcU5rYVhFWEQ3WWpWUW9VN2VSU1NUM0dKTk9iTW1KR05GSDJKakdxMnJEMWZXUmVqQkdBUS1LaVpoN3hrTlppMmhmVkRlRVpGOFY1YmNyYlJHZjJKWW1qaFJRRmROUlUwWVctWnlvOUhFR1VkQktIeDFzWXRiTEJCVzhSVTRkQ9IBqgFBVV95cUxORlR3NnBVRWhGWHN3Ukttd25GVUFZNzJtZVA0czNfRGtKV0VBeGQtX1h3MS1udFNJenBfVEFITDg2eWhScGxCTGttb25STTNGRkxlUXFUeGZVQ0F6aHNkam9lcUh0N0RZeG5DcUxwYVB2aUxyMm1yR01tWjg2NGMxSlR6ZEl4UzhxLXhVdHpzZnFqUmhKYTFRSktmejctd1hjdUNLODR0VXZmUQ?oc=5,"Thu, 02 Jul 2026 14:57:00 GMT",Democrat Josh Turek leading by 4 points in Iowa Senate race polling The Hill,2,ba9998d556af186a
20260706T153423Z,2026-07-06T15:34:23Z,PARENT-iowa-senate-election-winner,PARENT-iowa-senate-election-winner,Iowa Senate Election Winner,Parent market briefing,Iowa Senate Election Winner -Polymarket -Kalshi -Metaculus -Manifold -PredictIt,google_news_rss,thegazette.com,"Polls: Iowa’s U.S. Senate campaign tight, Sand leads for governor - thegazette.com",https://news.google.com/rss/articles/CBMi9gFBVV95cUxNbmxwZnNPU1ZqX2JycDgtbHJHZ0FIRmpNeDV3Z3R5UGZIT2I4MUNBVlcwSUNNcjV6Y2lWSkRVcEMyWVMtalVQLUV0Y2JZSHZ6eEtta0VhVnpJYUlYLVNuRUJ2WnZhSUNIM2JaWjVxMnpkV2I1bzZlRl9TOVEzY2V1WU5nRnR4NjJDX2V3OF9LLWRodE9RN0dMZVJYV0t4bFM5WkVvNkY2RnJvb0pTS1NZMzR3bmg4WjdhV1R5UFcyQWZjX1dDV3ZVQ3ZYT09sWUJtRGpVTlVsNkhmNDJLU1NBVlMta2FBLXhTZFlaS1ZKZFRFNjZYNFE?oc=5,"Sat, 04 Jul 2026 12:21:49 GMT","Polls: Iowa’s U.S. Senate campaign tight, Sand leads for governor thegazette.com",3,302d53a33d4e5b7d
20260706T153423Z,2026-07-06T15:34:23Z,PARENT-iowa-senate-election-winner,PARENT-iowa-senate-election-winner,Iowa Senate Election Winner,Parent market briefing,Iowa Senate Election Winner -Polymarket -Kalshi -Metaculus -Manifold -PredictIt,google_news_rss,VoteHub,Republicans have a 56% chance of controlling the Senate - VoteHub,https://news.google.com/rss/articles/CBMiU0FVX3lxTE9DMHE1RVQ0UlpJc1lOUlFxVkRnT0k2WjNYSnVVM3JqckxXOEpHU2xTTXRubVNWdEg2Q2FiVDBHWVR0WkJMbUpPd1FISEZoUTFBb1o0?oc=5,"Sat, 04 Jul 2026 07:00:00 GMT",Republicans have a 56% chance of controlling the Senate VoteHub,4,bd61f4ba485b5624
20260706T153423Z,2026-07-06T15:34:23Z,PARENT-iowa-senate-election-winner,PARENT-iowa-senate-election-winner,Iowa Senate Election Winner,Parent market briefing,Iowa Senate Election Winner -Polymarket -Kalshi -Metaculus -Manifold -PredictIt,google_news_rss,CNN,The 9 Senate seats most likely to flip in 2026 - CNN,https://news.google.com/rss/articles/CBMiekFVX3lxTE1IdDRVak1MclBFai1CNUFxc3g0WVJtVHk2dDI5MExFN2FnWm5tWmpQVWN6MTlULWMzdFhYTG1IcEppalZnU0VDanZxOTRVbnVoUExKYlUtVV9uckZ3RFlTVFZDekxaZjNhMk5MSm8tN0l0bDJhb2xEVnFB?oc=5,"Thu, 02 Jul 2026 10:00:28 GMT",The 9 Senate seats most likely to flip in 2026 CNN,5,dbce409e48c270db
20260706T153423Z,2026-07-06T15:34:23Z,PARENT-iowa-senate-election-winner,PARENT-iowa-senate-election-winner,Iowa Senate Election Winner,Parent market briefing,Iowa Senate Election Winner -Polymarket -Kalshi -Metaculus -Manifold -PredictIt,google_news_rss,The New York Times,Michigan U.S. Senate Election 2026: Latest Polls - The New York Times,https://news.google.com/rss/articles/CBMijgFBVV95cUxNZXg4R2RiNm5LQjloa25FZEFhY2tCX2k3U0ExVEJnNzVWeW1Ba21fbkRxYlFFX3M2TDdLeGlQUnViWGNfbFZWdlBiVHhNNUFqZE5ISjhsdlB5dGRPZ3ZaRVlpd24ybWMyX0dXUFFIWUFhbnM0c05DX1JLVmVYT0NFT1pFcHBGYU9hLXAyOXRR?oc=5,"Thu, 02 Jul 2026 17:32:48 GMT",Michigan U.S. Senate Election 2026: Latest Polls The New York Times,6,5c466edba191c0f9
20260706T153423Z,2026-07-06T15:34:23Z,PARENT-iowa-senate-election-winner,PARENT-iowa-senate-election-winner,Iowa Senate Election Winner,Parent market briefing,Iowa Senate Election Winner -Polymarket -Kalshi -Metaculus -Manifold -PredictIt,gdelt_doc,ERROR,GDELT fetch failed: HTTP Error 429: Too Many Requests,https://api.gdeltproject.org/api/v2/doc/doc?query=Iowa+Senate+Election+Winner+-Polymarket+-Kalshi+-Metaculus+-Manifold+-PredictIt&mode=artlist&format=json&maxrecords=6&sort=hybridrel&timespan=7d,,,0,12de29d342b6f30c
20260706T153423Z,2026-07-06T15:34:23Z,PARENT-michigan-governor-election-winner,PARENT-michigan-governor-election-winner,Michigan Governor Election Winner,Parent market briefing,Michigan Governor Election Winner -Polymarket -Kalshi -Metaculus -Manifold -PredictIt,google_news_rss,The New York Times,Michigan U.S. Senate Election 2026: Latest Polls - The New York Times,https://news.google.com/rss/articles/CBMijgFBVV95cUxNZXg4R2RiNm5LQjloa25FZEFhY2tCX2k3U0ExVEJnNzVWeW1Ba21fbkRxYlFFX3M2TDdLeGlQUnViWGNfbFZWdlBiVHhNNUFqZE5ISjhsdlB5dGRPZ3ZaRVlpd24ybWMyX0dXUFFIWUFhbnM0c05DX1JLVmVYT0NFT1pFcHBGYU9hLXAyOXRR?oc=5,"Thu, 02 Jul 2026 17:32:48 GMT",Michigan U.S. Senate Election 2026: Latest Polls The New York Times,1,5c466edba191c0f9
20260706T153423Z,2026-07-06T15:34:23Z,PARENT-michigan-governor-election-winner,PARENT-michigan-governor-election-winner,Michigan Governor Election Winner,Parent market briefing,Michigan Governor Election Winner -Polymarket -Kalshi -Metaculus -Manifold -PredictIt,google_news_rss,instagram.com,Two Democrats and three Republicans are in the running to become Michigan's next governor. Here's more on each gubernatorial candidate. Check the link in our bio for more. 📷 by the Detroit Free Press staff #detroit #michigan #vote #election #michigangov - instagram.com,https://news.google.com/rss/articles/CBMiUkFVX3lxTE15TGw1N0dyOUVaYWZ5eU5oYW5PYkt3ZmNnRno2ZUZqNHVyWDlPWmY2NGpWWE5GRGx2TldoNW1tTGd4cDFEOHpXUTE0NUNNeUZnVWc?oc=5,"Wed, 01 Jul 2026 05:24:10 GMT",Two Democrats and three Republicans are in the running to become Michigan's next governor. Here's more on each gubernatorial candidate. Check the link in our bio for more. 📷 by the Detroit Free Press staff #detroit #michigan #vote #election #michigangov instagram.com,2,6ff428842fa2ac66
20260706T153423Z,2026-07-06T15:34:23Z,PARENT-michigan-governor-election-winner,PARENT-michigan-governor-election-winner,Michigan Governor Election Winner,Parent market briefing,Michigan Governor Election Winner -Polymarket -Kalshi -Metaculus -Manifold -PredictIt,google_news_rss,facebook.com,"Two Democrats — Jocelyn Benson and Chris Swanson — and three Republicans — Mike Cox, Congressman John James and Perry Johnson — are in the running to become Michigan's next governor. Here's more on each gubernatorial candidate. 📷 by the D - facebook.com",https://news.google.com/rss/articles/CBMi3wFBVV95cUxPZ0VnazYxSWEtVVFKaTljZEYtbk9jZ2xWTUVjckNXN1draDFsZFJaTng1V3RJVEtaVF9KZUt4T3RlZzAwWElqQm93Um90SFVFcWFhXzlfUUdhVkhQVTF4NGg3aE1tRFVWWDlpd0oyTE9heGMwTFQ5OUg2bWgtcnVkODJVYUJIY3NkYTdOSTF0OFFObF84MklHck5jR0FYQ0l3LU9razJUaWFvaHZkbjU3ek5zWGlPc2hYLVQxQVN6RDE5dVI0NW96a0lQQ211ejdMOHlUdGlncUUxV21EMnFZ?oc=5,"Tue, 30 Jun 2026 16:31:07 GMT","Two Democrats — Jocelyn Benson and Chris Swanson — and three Republicans — Mike Cox, Congressman John James and Perry Johnson — are in the running to become Michigan's next governor. Here's more on each gubernatorial candidate. 📷 by the D facebook.com",3,e0e206528e59940a
20260706T153423Z,2026-07-06T15:34:23Z,PARENT-michigan-governor-election-winner,PARENT-michigan-governor-election-winner,Michigan Governor Election Winner,Parent market briefing,Michigan Governor Election Winner -Polymarket -Kalshi -Metaculus -Manifold -PredictIt,google_news_rss,Pride Source,Jocelyn Benson’s Plan to Protect LGBTQ+ Rights in the Race for Michigan Governor - Pride Source,https://news.google.com/rss/articles/CBMihAFBVV95cUxOQjdoMlBpYnV5am94eEVSWERKUXhTaTBMbk5ZX21mNXd4WHRrMm9sUFdjUHA1cDF4RkJyc2RsdTBKZlBHeEpURURpSkpmTERwQWhXYTVKbzlCZmdHSXo2R2VzWXpCMFBzMmszSDJBU3ItNTVlWS1faS1XM1FoOXdwVXB5c1U?oc=5,"Mon, 29 Jun 2026 18:34:18 GMT",Jocelyn Benson’s Plan to Protect LGBTQ+ Rights in the Race for Michigan Governor Pride Source,4,15e1dadd5427ed79
20260706T153423Z,2026-07-06T15:34:23Z,PARENT-michigan-governor-election-winner,PARENT-michigan-governor-election-winner,Michigan Governor Election Winner,Parent market briefing,Michigan Governor Election Winner -Polymarket -Kalshi -Metaculus -Manifold -PredictIt,google_news_rss,Yahoo,"Progressive Democrats secure upset wins in Colorado, Melat Kiros among winners in latest primaries - Yahoo",https://news.google.com/rss/articles/CBMi7AFBVV95cUxQUTV5Ui1vc0kzTDRMcl9ONGF0OGxwVGl3RGhFTFpDbVNCNEhIanl6cW5sWkFTb08yckNUSU5HLUh3MlNYVG5Mb3JmSXlQZ2VtdkM2bHYyeW9PSV9UTDFpelRILU5lM2l5NTFBeTBCSEsxUWp4aTgyMlYwaTlSQ2I3dUYza1NVcEY0Zjd5bi12WDZ5WWpFN3RYTldBOXJEd1ZRODJLSEU4emZOVFVaVFZ0ajF4LUtyemRSWU9iNFNsd1VfNFZycDBmS2FodW1ZRVlFR0NneXlTSFQwV3BaTVRxZlluXzVrT29vanlPXw?oc=5,"Wed, 01 Jul 2026 09:22:59 GMT","Progressive Democrats secure upset wins in Colorado, Melat Kiros among winners in latest primaries Yahoo",5,7ae8fbef0d5b019a
20260706T153423Z,2026-07-06T15:34:23Z,PARENT-michigan-governor-election-winner,PARENT-michigan-governor-election-winner,Michigan Governor Election Winner,Parent market briefing,Michigan Governor Election Winner -Polymarket -Kalshi -Metaculus -Manifold -PredictIt,google_news_rss,The Detroit News,"'Debate week' set to test GOP, Democratic hopefuls in top Michigan races - The Detroit News",https://news.google.com/rss/articles/CBMi0gFBVV95cUxNbnVLc3ZId0hrRlpiazBkMS1RN2lzZ2FBSjZZQmViWXFlbWFWSDFRVTl3dkhKb2UxU0FHQThnT1JXQUQ1TzQwU0pfY2tmTkVCRnNQWTA5aUZ1Nm9sVW5VSzZiVTU2Um5FVnhMdGpRTlMwRHRpVFByYnFaSTZZX3M5MklwQXl5dWN1Y1Q5MFRFdWpNdTdsNnlONlNONnVTcWp2Y3UzdG5QQ1g2Q3lKcEpIOEcwREhFYy00blVIYkg1Rm1PS00tcUVXQzkxSDFsSFdvUWc?oc=5,"Sun, 05 Jul 2026 19:17:00 GMT","'Debate week' set to test GOP, Democratic hopefuls in top Michigan races The Detroit News",6,b2fa6f84c9680ce6
20260706T153423Z,2026-07-06T15:34:23Z,PARENT-michigan-governor-election-winner,PARENT-michigan-governor-election-winner,Michigan Governor Election Winner,Parent market briefing,Michigan Governor Election Winner -Polymarket -Kalshi -Metaculus -Manifold -PredictIt,gdelt_doc,ERROR,GDELT fetch failed: HTTP Error 429: Too Many Requests,https://api.gdeltproject.org/api/v2/doc/doc?query=Michigan+Governor+Election+Winner+-Polymarket+-Kalshi+-Metaculus+-Manifold+-PredictIt&mode=artlist&format=json&maxrecords=6&sort=hybridrel&timespan=7d,,,0,12de29d342b6f30c
20260706T153423Z,2026-07-06T15:34:23Z,PARENT-wa-04-house-election-winner,PARENT-wa-04-house-election-winner,WA-04 House Election Winner,Parent market briefing,WA-04 House Election Winner -Polymarket -Kalshi -Metaculus -Manifold -PredictIt,google_news_rss,The New York Times,California Fourth Congressional District Primary Election Results - The New York Times,https://news.google.com/rss/articles/CBMinAFBVV95cUxOTWZwbHRacTl6ekdBZTdtQVFXTFFsbGhDb3VzLUFrMGJmTTUtTWFhOGFlNmptOUpYb0lZLTB2b3FzTTctMzNiVUF4YXQ0NjdEb28ySWcyT1BKMHIyak1fY0FfU1VPVENReG1na2ZhY0RxUDc4dnpLakFlNl9OZTVDT0d5YXdSUlhtcDRqTGRGSWtTb0JESUFoMW9fRU8?oc=5,"Thu, 02 Jul 2026 12:53:00 GMT",California Fourth Congressional District Primary Election Results The New York Times,1,ad08f7fd38d63e34
20260706T153423Z,2026-07-06T15:34:23Z,PARENT-wa-04-house-election-winner,PARENT-wa-04-house-election-winner,WA-04 House Election Winner,Parent market briefing,WA-04 House Election Winner -Polymarket -Kalshi -Metaculus -Manifold -PredictIt,google_news_rss,PBS,Live Results: Colorado midterm primaries - PBS,https://news.google.com/rss/articles/CBMigwFBVV95cUxOakh0SUNaMkpNRncydnRvd1FQUTRFdzRqN3M1M0pUSHd1ZGFtUzNNVEV2VXFidmM3cW1GVGI5dXJRRjdhQnRmdENDS3dnV2ZfS3JId2ItQ2k0cEJMSV9VLUI3OWYxdWYwQVRlUGZJbWg5b3Fhck1CUkhPcURsMVlsUDBmTdIBiAFBVV95cUxPUzFmbVdid0RTVm5Rd3N5MHo5RkZUZ1JycVpQb19CanU3SnVEUy05VHAyY0hNRGVKOXFiX1pYZnNjN3RDcGgzYWtvRFo0TXU0a3k3Mkp5NkF5TWxLN29iS3BQb0ItVVhlb0w1b2o1LUJDX1c2WlVFTE1aeng1RXdFaEZEUktMemFs?oc=5,"Mon, 29 Jun 2026 22:05:25 GMT",Live Results: Colorado midterm primaries PBS,2,8184858583f5991b
20260706T153423Z,2026-07-06T15:34:23Z,PARENT-wa-04-house-election-winner,PARENT-wa-04-house-election-winner,WA-04 House Election Winner,Parent market briefing,WA-04 House Election Winner -Polymarket -Kalshi -Metaculus -Manifold -PredictIt,google_news_rss,WBAL-TV,2026 Primary Election Results: Maryland US Congress Races - WBAL-TV,https://news.google.com/rss/articles/CBMilAFBVV95cUxQQkppU01iU004QnRJLVp2M0N0OXdzWU42TGlvemdZNHJVWDNLWmU3VDZHZ1VWNXVQX1dPRk9KaXpfakJfbEYyb3M1SkdpN1NfS3QwaDNCYUZMcDVFLUhRdWthaXBfamczT25oVXVCSTh2RFpfVkJfRlctU3NxSG1pdktWS2FDUWF4dDhHRVNfUHpjbld5?oc=5,"Thu, 02 Jul 2026 07:00:00 GMT",2026 Primary Election Results: Maryland US Congress Races WBAL-TV,3,3a1786407b8c26fe
20260706T153423Z,2026-07-06T15:34:23Z,PARENT-wa-04-house-election-winner,PARENT-wa-04-house-election-winner,WA-04 House Election Winner,Parent market briefing,WA-04 House Election Winner -Polymarket -Kalshi -Metaculus -Manifold -PredictIt,google_news_rss,The New York Times,Washington Fifth Congressional District 2026: Latest Polls - The New York Times,https://news.google.com/rss/articles/CBMihgFBVV95cUxOVFNoX1Fwak1uSGYyM2ZuNUxCYXhrcTBadUpickpWbVh6Ujh0NV9jeDdqVWMxaERDdG1OREswVGVyWmMzblVNNEtIZkl5R0YxVXRCUVl2U0IzdExMUHJBZFdqYmF6UVVQb1FielZOaXpSeG9oWXoxX01MTUNaUTFWbTRGcmlZUQ?oc=5,"Thu, 02 Jul 2026 17:39:22 GMT",Washington Fifth Congressional District 2026: Latest Polls The New York Times,4,1123715f07e01296
20260706T153423Z,2026-07-06T15:34:23Z,PARENT-wa-04-house-election-winner,PARENT-wa-04-house-election-winner,WA-04 House Election Winner,Parent market briefing,WA-04 House Election Winner -Polymarket -Kalshi -Metaculus -Manifold -PredictIt,google_news_rss,The New York Times,Colorado Fourth Congressional District Primary 2026: Live Election Results - The New York Times,https://news.google.com/rss/articles/CBMimgFBVV95cUxPUGplcnphRW9BWFNVaEc2Z3VOejZZVXF6RXdDS05UNGpscktTWFpCVThKMFVraE9JYjNwREpFbWRCdTRyUFVnZHd0MFMtdUwzc2tMaS13WWZNUUVELUdkdUs2M1c4Nm5tVEc4YldaQlFKdkRLcEg3WVM5RV9aV3BSSTNRVXJzYk1zRmk5WmJKeFpIY1hJNTlOeGdn?oc=5,"Mon, 06 Jul 2026 00:00:00 GMT",Colorado Fourth Congressional District Primary 2026: Live Election Results The New York Times,5,4d7aaeb81257e4f9
20260706T153423Z,2026-07-06T15:34:23Z,PARENT-wa-04-house-election-winner,PARENT-wa-04-house-election-winner,WA-04 House Election Winner,Parent market briefing,WA-04 House Election Winner -Polymarket -Kalshi -Metaculus -Manifold -PredictIt,google_news_rss,NBC News,2026 Primary Election Calendar: What Races Are Today? - NBC News,https://news.google.com/rss/articles/CBMickFVX3lxTE8wZ0FEZ0NyOGRRU0hlSW1zbWo4bUFWTDRybHFSQWVMQUdFQ0FuVWNvenRFV2pVZkVueDNfckY2SjZraUo1d2xLX2VDVDN5eEpja1YyOWp1SDdYaFY0ajV1Z3VmZWV2blNaUk5FOXhDeU5wdw?oc=5,"Thu, 02 Jul 2026 16:26:03 GMT",2026 Primary Election Calendar: What Races Are Today? NBC News,6,5b7e5bf31ebc7858
20260706T153423Z,2026-07-06T15:34:23Z,PARENT-wa-04-house-election-winner,PARENT-wa-04-house-election-winner,WA-04 House Election Winner,Parent market briefing,WA-04 House Election Winner -Polymarket -Kalshi -Metaculus -Manifold -PredictIt,gdelt_doc,ERROR,GDELT fetch failed: HTTP Error 429: Too Many Requests,https://api.gdeltproject.org/api/v2/doc/doc?query=WA-04+House+Election+Winner+-Polymarket+-Kalshi+-Metaculus+-Manifold+-PredictIt&mode=artlist&format=json&maxrecords=6&sort=hybridrel&timespan=7d,,,0,12de29d342b6f30c
20260706T153423Z,2026-07-06T15:34:23Z,PARENT-ne-02-house-election-winner,PARENT-ne-02-house-election-winner,NE-02 House Election Winner,Parent market briefing,NE-02 House Election Winner -Polymarket -Kalshi -Metaculus -Manifold -PredictIt,google_news_rss,The New York Times,Maine Second Congressional District 2026: Latest Polls - The New York Times,https://news.google.com/rss/articles/CBMif0FVX3lxTFBfOFBRQzJ3REZKZmQyVFlCNmFsOU92WHdNSUFpcGpxMkpyLWVuckxvcW1YbWhmcDdSOTNsdUUyX2lQbkFpMmZGZ0dYMndZSFY3ZmJqOGZvSDZJR2pZaktLQnoxbkJfUnh5ZFl5T3NEdXRQbDFrQWw0NWpEMUhwNmc?oc=5,"Thu, 02 Jul 2026 17:37:39 GMT",Maine Second Congressional District 2026: Latest Polls The New York Times,1,0353e7cd5603daf6
20260706T153423Z,2026-07-06T15:34:23Z,PARENT-ne-02-house-election-winner,PARENT-ne-02-house-election-winner,NE-02 House Election Winner,Parent market briefing,NE-02 House Election Winner -Polymarket -Kalshi -Metaculus -Manifold -PredictIt,google_news_rss,The New York Times,Nebraska Second Congressional District 2026: Latest Polls - The New York Times,https://news.google.com/rss/articles/CBMigwFBVV95cUxOeWtCTl92RHlGbC03Z2RKNmUweTFnZnFUVUhRVlNfUF9zMHRrSTJmYlJVSEtsNGYyMldJSUNhNXFLVEZ2Q0FLZWtMVXRRam9TaXJpNk5tdHpFYnkxNk1CODlmNUg5ZzZ5QVk3WC13LURBb1BpTzlJY05VUFNLYzdlN0NDQQ?oc=5,"Thu, 02 Jul 2026 17:36:09 GMT",Nebraska Second Congressional District 2026: Latest Polls The New York Times,2,425042222ac399ac
20260706T153423Z,2026-07-06T15:34:23Z,PARENT-ne-02-house-election-winner,PARENT-ne-02-house-election-winner,NE-02 House Election Winner,Parent market briefing,NE-02 House Election Winner -Polymarket -Kalshi -Metaculus -Manifold -PredictIt,google_news_rss,The New York Times,Texas Second Congressional District 2026: Latest Polls - The New York Times,https://news.google.com/rss/articles/CBMif0FVX3lxTE9waHBXeHoxc0loUHBVREs2a2NzSTdld0haRmE3b2JEUHg2NzVHVU5mWkdoZG14MGlVMnFjbDVGU1ZCOTVUWHF1bHpxLVdUaEhvRnlhQzBmbENiVFRYZkZjdW42UjFGOWlxV2RmQ1ptcnBRcURnYXlFZ0xYbnNETUU?oc=5,"Thu, 02 Jul 2026 17:35:48 GMT",Texas Second Congressional District 2026: Latest Polls The New York Times,3,d589de5f4ab634c4
20260706T153423Z,2026-07-06T15:34:23Z,PARENT-ne-02-house-election-winner,PARENT-ne-02-house-election-winner,NE-02 House Election Winner,Parent market briefing,NE-02 House Election Winner -Polymarket -Kalshi -Metaculus -Manifold -PredictIt,google_news_rss,The New York Times,California Second Congressional District Primary 2026: Live Election Results - The New York Times,https://news.google.com/rss/articles/CBMinAFBVV95cUxQUTZ3ZVdCR2U3MHJMQnl3Rnh4M0FvUk1kd01sSDhsOS1KdElzUUM1d3h1Y0xGT21TLXlCQzc3bnpqaGJHMDR5dGU1NHJKa1ZNNmtXNTFYbElKdTRfMklRdldDREFZQk1KbmZ0VC1UWlBDbjFJcUFkS015Q09mYUlWUzZjTWVQbGZBd0J6ejRwWWRhN0hkejVoMFhZT2Q?oc=5,"Fri, 03 Jul 2026 13:06:51 GMT",California Second Congressional District Primary 2026: Live Election Results The New York Times,4,48e7da754770ba16
20260706T153423Z,2026-07-06T15:34:23Z,PARENT-ne-02-house-election-winner,PARENT-ne-02-house-election-winner,NE-02 House Election Winner,Parent market briefing,NE-02 House Election Winner -Polymarket -Kalshi -Metaculus -Manifold -PredictIt,google_news_rss,NBC News,2026 Primary Election Calendar: What Races Are Today? - NBC News,https://news.google.com/rss/articles/CBMickFVX3lxTE8wZ0FEZ0NyOGRRU0hlSW1zbWo4bUFWTDRybHFSQWVMQUdFQ0FuVWNvenRFV2pVZkVueDNfckY2SjZraUo1d2xLX2VDVDN5eEpja1YyOWp1SDdYaFY0ajV1Z3VmZWV2blNaUk5FOXhDeU5wdw?oc=5,"Thu, 02 Jul 2026 16:26:03 GMT",2026 Primary Election Calendar: What Races Are Today? NBC News,5,5b7e5bf31ebc7858
20260706T153423Z,2026-07-06T15:34:23Z,PARENT-ne-02-house-election-winner,PARENT-ne-02-house-election-winner,NE-02 House Election Winner,Parent market briefing,NE-02 House Election Winner -Polymarket -Kalshi -Metaculus -Manifold -PredictIt,google_news_rss,The New York Times,California 48th Congressional District 2026: Latest Polls - The New York Times,https://news.google.com/rss/articles/CBMihwFBVV95cUxOUkZla1QwbXF3VjZUbWFCYWxwV3l4Q3RVR2Jyd2sxcXNDUDk0THZKd2tiUWV3ajJPSU9QY00wajFORFA2eVBkeTNhTVZDVGVMLTh5RVdEY19ON04tMExrdmotRlZETlRUX2ZKWUI2YU1FRk9uLUVhT0lNbFFCWUg0Y1hJS05ZM1E?oc=5,"Thu, 02 Jul 2026 17:37:25 GMT",California 48th Congressional District 2026: Latest Polls The New York Times,6,00a46c340d54f839
20260706T153423Z,2026-07-06T15:34:23Z,PARENT-ne-02-house-election-winner,PARENT-ne-02-house-election-winner,NE-02 House Election Winner,Parent market briefing,NE-02 House Election Winner -Polymarket -Kalshi -Metaculus -Manifold -PredictIt,gdelt_doc,ERROR,GDELT fetch failed: Expecting value: line 1 column 1 (char 0),https://api.gdeltproject.org/api/v2/doc/doc?query=NE-02+House+Election+Winner+-Polymarket+-Kalshi+-Metaculus+-Manifold+-PredictIt&mode=artlist&format=json&maxrecords=6&sort=hybridrel&timespan=7d,,,0,12de29d342b6f30c
20260706T153423Z,2026-07-06T15:34:23Z,PARENT-pa-10-house-election-winner,PARENT-pa-10-house-election-winner,PA-10 House Election Winner,Parent market briefing,PA-10 House Election Winner -Polymarket -Kalshi -Metaculus -Manifold -PredictIt,google_news_rss,The New York Times,Pennsylvania Third Congressional District 2026: Latest Polls - The New York Times,https://news.google.com/rss/articles/CBMiiAFBVV95cUxNMkNUYklnYUhCcEFHOVp3N1lrNDIyTG1FN1RrVnZ0RW9ZZDRRbGc3dklEUUFkLVd5bVN5Yk00MWNCVjZLT2Z6MW0wclhZcUxhbkR0eVNNVExTd0pNdFpVVThBS0t1c3gyaTlNUjMzUGNKcXVYeUNfVDlYazBxRmZ6b3FBNVJINEhN?oc=5,"Thu, 02 Jul 2026 17:36:16 GMT",Pennsylvania Third Congressional District 2026: Latest Polls The New York Times,1,424929b1be1b4373
20260706T153423Z,2026-07-06T15:34:23Z,PARENT-pa-10-house-election-winner,PARENT-pa-10-house-election-winner,PA-10 House Election Winner,Parent market briefing,PA-10 House Election Winner -Polymarket -Kalshi -Metaculus -Manifold -PredictIt,google_news_rss,CAWP,"Results from the May 16th Primary in Louisiana and May 19th Primaries in Alabama, Georgia, Idaho, Kentucky, Oregon, and Pennsylvania - CAWP",https://news.google.com/rss/articles/CBMiugFBVV95cUxNa1dXbXh6cGQ5N2REWERiYTRJaGhzOVIzb2tpamoyRUdUUF9hY1k4ZFd5YlBkRnl5MlB3emJydVk1MFRHdGVKME9tQi10V3FjUXBHb1l6ZFJWcVh5T050TFZLTHpxdnZKcjJTSkV1VEZPVFhqazZRLTFQbWlwZkpQWWcxdFJFSVdpcXZ3OFczMEswSTNkSEs2cHJ4VV9KT2FWS3IyOVhfekhEdVVfOG8xNWZpYUVtbmtUbVE?oc=5,"Tue, 30 Jun 2026 15:20:00 GMT","Results from the May 16th Primary in Louisiana and May 19th Primaries in Alabama, Georgia, Idaho, Kentucky, Oregon, and Pennsylvania CAWP",2,3cdc2ebceb346856
20260706T153423Z,2026-07-06T15:34:23Z,PARENT-pa-10-house-election-winner,PARENT-pa-10-house-election-winner,PA-10 House Election Winner,Parent market briefing,PA-10 House Election Winner -Polymarket -Kalshi -Metaculus -Manifold -PredictIt,google_news_rss,The New York Times,Maine Second Congressional District 2026: Latest Polls - The New York Times,https://news.google.com/rss/articles/CBMif0FVX3lxTFBfOFBRQzJ3REZKZmQyVFlCNmFsOU92WHdNSUFpcGpxMkpyLWVuckxvcW1YbWhmcDdSOTNsdUUyX2lQbkFpMmZGZ0dYMndZSFY3ZmJqOGZvSDZJR2pZaktLQnoxbkJfUnh5ZFl5T3NEdXRQbDFrQWw0NWpEMUhwNmc?oc=5,"Thu, 02 Jul 2026 17:37:39 GMT",Maine Second Congressional District 2026: Latest Polls The New York Times,3,0353e7cd5603daf6
20260706T153423Z,2026-07-06T15:34:23Z,PARENT-pa-10-house-election-winner,PARENT-pa-10-house-election-winner,PA-10 House Election Winner,Parent market briefing,PA-10 House Election Winner -Polymarket -Kalshi -Metaculus -Manifold -PredictIt,google_news_rss,The New York Times,Texas Ninth Congressional District 2026: Latest Polls - The New York Times,https://news.google.com/rss/articles/CBMif0FVX3lxTE5oemhfN3BUMEhWYTlaOHJ0M1NQS1dyQmUzRkZsR3praXJ6SWJUd0JWeDd5d29tS0VhT29qcGJSaVY0cGdXc2RNdVNuaHdad3J6T1dDeWwyRjgzQ1FpM05hWVF5ZDZBUjF6WUZGcGhoaUhTcXIyNWhTRHloU0x0QVk?oc=5,"Thu, 02 Jul 2026 17:35:44 GMT",Texas Ninth Congressional District 2026: Latest Polls The New York Times,4,13a75b494eb4f8d4
20260706T153423Z,2026-07-06T15:34:23Z,PARENT-pa-10-house-election-winner,PARENT-pa-10-house-election-winner,PA-10 House Election Winner,Parent market briefing,PA-10 House Election Winner -Polymarket -Kalshi -Metaculus -Manifold -PredictIt,google_news_rss,The New York Times,California Fourth Congressional District Primary Election Results - The New York Times,https://news.google.com/rss/articles/CBMinAFBVV95cUxOTWZwbHRacTl6ekdBZTdtQVFXTFFsbGhDb3VzLUFrMGJmTTUtTWFhOGFlNmptOUpYb0lZLTB2b3FzTTctMzNiVUF4YXQ0NjdEb28ySWcyT1BKMHIyak1fY0FfU1VPVENReG1na2ZhY0RxUDc4dnpLakFlNl9OZTVDT0d5YXdSUlhtcDRqTGRGSWtTb0JESUFoMW9fRU8?oc=5,"Thu, 02 Jul 2026 12:53:00 GMT",California Fourth Congressional District Primary Election Results The New York Times,5,ad08f7fd38d63e34
20260706T153423Z,2026-07-06T15:34:23Z,PARENT-pa-10-house-election-winner,PARENT-pa-10-house-election-winner,PA-10 House Election Winner,Parent market briefing,PA-10 House Election Winner -Polymarket -Kalshi -Metaculus -Manifold -PredictIt,google_news_rss,The New York Times,North Carolina First Congressional District 2026: Latest Polls - The New York Times,https://news.google.com/rss/articles/CBMiiwFBVV95cUxPLWNJdjZRNGF4Z2pXRWJROUdlU0VwaC1KbXk2VjhUWW5WczB5N0dpeG01OVpEYkM2M0dTZ21GYmo1UXIyalVaX21WaWYxM2JMeTg0TEJWck5jYVNpOFZ5V1lQMXdNT2gzcENkOUFYUmRfX043dzI3Y01PaFlKS1R2clpZcUtsSWxzc09r?oc=5,"Thu, 02 Jul 2026 17:35:18 GMT",North Carolina First Congressional District 2026: Latest Polls The New York Times,6,1db0d64ecd4965e4
20260706T153423Z,2026-07-06T15:34:23Z,PARENT-pa-10-house-election-winner,PARENT-pa-10-house-election-winner,PA-10 House Election Winner,Parent market briefing,PA-10 House Election Winner -Polymarket -Kalshi -Metaculus -Manifold -PredictIt,gdelt_doc,ERROR,GDELT fetch failed: HTTP Error 429: Too Many Requests,https://api.gdeltproject.org/api/v2/doc/doc?query=PA-10+House+Election+Winner+-Polymarket+-Kalshi+-Metaculus+-Manifold+-PredictIt&mode=artlist&format=json&maxrecords=6&sort=hybridrel&timespan=7d,,,0,12de29d342b6f30c
20260706T153423Z,2026-07-06T15:34:23Z,PARENT-ohio-governor-election-winner,PARENT-ohio-governor-election-winner,Ohio Governor Election Winner,Parent market briefing,Ohio Governor Election Winner -Polymarket -Kalshi -Metaculus -Manifold -PredictIt,google_news_rss,FOX 8 News,"New poll finds Husted narrowly leading Brown, Ohio governor’s race tied - FOX 8 News",https://news.google.com/rss/articles/CBMilwFBVV95cUxOV3UyTmZuS0hiNDZPUnNpam4xdE5KV20zMldoMThvWVZmY3J2cWpWMnp3VGVyNjQtNlJfVDZ2RFZzZ1ZRWEo3eEtBQjM5RU9Rd3lrSHlMclJwMXhKUXhYUUo5VXhwSjJPMlh0RDh0YUMzcVRKaTFUZHB3REdTQWE5UjZfTnF0SXFXUlpmd3NXcXYzdTFNQ3Fr0gGcAUFVX3lxTE9vZDQ3UXA2UlJHVk9kQVNhdUNWOTNXaDZIVU4xb0hsOWVsTFdSLW1Gb3BSS0xGYk1xR0hEOU9seXFGaGtrX1FYcXdLNU5IZmRrRnJQaGRzamQzODJEeUE3MUh5cG1WWWlIVFU0Szhod1NCQUhLNEpFSEhwQ19UY2lZWThUUTdjNERwVHI3WWFEcHZWTk41TjRnX29hUw?oc=5,"Wed, 01 Jul 2026 20:22:39 GMT","New poll finds Husted narrowly leading Brown, Ohio governor’s race tied FOX 8 News",1,19ea2f3decd666e2
20260706T153423Z,2026-07-06T15:34:23Z,PARENT-ohio-governor-election-winner,PARENT-ohio-governor-election-winner,Ohio Governor Election Winner,Parent market briefing,Ohio Governor Election Winner -Polymarket -Kalshi -Metaculus -Manifold -PredictIt,google_news_rss,The New York Times,"Governor Races in 2 Republican-Led States Are Tight, Polls Show - The New York Times",https://news.google.com/rss/articles/CBMidEFVX3lxTFAtYUFLZ0tSbXhIMGg1QTlybGg2eWM3aVcyQ2Y3V2VKWFVmRGRPcXVWWUdWMFJRTEFvM19Xd0NNMWdZX25YaUFhV2VqNmluSGl2V3YtQ2YtZnhTLUtrV1RnczRIVnlGcGh6SURqZWRGSWNqNHRv?oc=5,"Wed, 01 Jul 2026 09:02:32 GMT","Governor Races in 2 Republican-Led States Are Tight, Polls Show The New York Times",2,f57bcfdd95b1509a
20260706T153423Z,2026-07-06T15:34:23Z,PARENT-ohio-governor-election-winner,PARENT-ohio-governor-election-winner,Ohio Governor Election Winner,Parent market briefing,Ohio Governor Election Winner -Polymarket -Kalshi -Metaculus -Manifold -PredictIt,google_news_rss,Dr. Amy Acton for Governor,Roundup: Dr. Amy Acton Leading in Bipartisan AARP Poll - Dr. Amy Acton for Governor,https://news.google.com/rss/articles/CBMiigFBVV95cUxOSTRaaW9sWWxFWndsOHZTN2sxVm5aWWlBek9fOExLc1hWY29XU3FIMVUxTE9WY1NvRFI2NklnSlZwazVxQmhObzRBaW9ETEY0SFlDSGlrbXFOOGYxZkRhZ19PMDlSYTIzWUQ0SFhzMVItcHF2NV9Wb1JuVjhZX3NHdjJuTkVvYW16VlE?oc=5,"Tue, 30 Jun 2026 19:44:29 GMT",Roundup: Dr. Amy Acton Leading in Bipartisan AARP Poll Dr. Amy Acton for Governor,3,6365edac6a19379d
20260706T153423Z,2026-07-06T15:34:23Z,PARENT-ohio-governor-election-winner,PARENT-ohio-governor-election-winner,Ohio Governor Election Winner,Parent market briefing,Ohio Governor Election Winner -Polymarket -Kalshi -Metaculus -Manifold -PredictIt,google_news_rss,Ohio Capital Journal,"Catching Our Eye News Roundup, June 30, 2026 - Ohio Capital Journal",https://news.google.com/rss/articles/CBMiiAFBVV95cUxQUzNfN2h4aDBpX1dLZGJiTXNDdW5BMkZhcnpuR3VJQzhpUlZ2MGZxcXFXS1NOSU92OGpubks1YmZnQzNVaHhuamxOUFNmblZyNjFBOGx6RlZUV3JmOU1JX2ZMT05MZFc2dnFuTzNXTENGU2dudXgwSFJZc3UweEFvdlFRTDFVcnpn?oc=5,"Tue, 30 Jun 2026 13:00:37 GMT","Catching Our Eye News Roundup, June 30, 2026 Ohio Capital Journal",4,576bb4733930dc73
20260706T153423Z,2026-07-06T15:34:23Z,PARENT-ohio-governor-election-winner,PARENT-ohio-governor-election-winner,Ohio Governor Election Winner,Parent market briefing,Ohio Governor Election Winner -Polymarket -Kalshi -Metaculus -Manifold -PredictIt,google_news_rss,AOL.com,Acton narrowly leads Ramaswamy in new Ohio governor poll. See details - AOL.com,https://news.google.com/rss/articles/CBMigAFBVV95cUxOMk8wSHBSanJhcUJndHhxZDg5Nm1MZVVSMGJoLXY3RDVUblVyQlh2U1RkWGxlZGVTeTM5ZUdwM1gwdDl5SVhLd2lnTFYzdXpIUnpsOVRfMmc1NlpwSXpSaFZ1QTNLWUFaTWNiRm5xLTh6Q0FSZ3EzYkNGaTlRXzhNeQ?oc=5,"Mon, 29 Jun 2026 17:41:36 GMT",Acton narrowly leads Ramaswamy in new Ohio governor poll. See details AOL.com,5,1fe3d138c17094c3
20260706T153423Z,2026-07-06T15:34:23Z,PARENT-ohio-governor-election-winner,PARENT-ohio-governor-election-winner,Ohio Governor Election Winner,Parent market briefing,Ohio Governor Election Winner -Polymarket -Kalshi -Metaculus -Manifold -PredictIt,google_news_rss,Washington Examiner,Acton’s fundraising matches Ramaswamy as Democrats see hope in Ohio polling - Washington Examiner,https://news.google.com/rss/articles/CBMiwAFBVV95cUxQZXpuVzJDeTNFam80YTlLSVR0SThnSDZVdHdlZ25paFRHMTUwV1pwT1hSQlkxejZjci1CR08weDlFa2dnRk1OVW0zUGtCUGFiMTgwNEI1UmVlU2dHQ2ZmOHc3Ukp0c2o2QjNDb1BwV0lOek1yWG5DbTZGM1d2a3h0azNGTld0VW1Obk5PR2w0NGpocHNSeUh4UWxIOVJxRHl5MDhTV3k0UkdWSE9seGI4VHFTdW1MbUZYNzFDSTE0bFk?oc=5,"Mon, 29 Jun 2026 15:50:00 GMT",Acton’s fundraising matches Ramaswamy as Democrats see hope in Ohio polling Washington Examiner,6,54b454f7ef289b35
20260706T153423Z,2026-07-06T15:34:23Z,PARENT-ohio-governor-election-winner,PARENT-ohio-governor-election-winner,Ohio Governor Election Winner,Parent market briefing,Ohio Governor Election Winner -Polymarket -Kalshi -Metaculus -Manifold -PredictIt,gdelt_doc,ERROR,GDELT fetch failed: HTTP Error 429: Too Many Requests,https://api.gdeltproject.org/api/v2/doc/doc?query=Ohio+Governor+Election+Winner+-Polymarket+-Kalshi+-Metaculus+-Manifold+-PredictIt&mode=artlist&format=json&maxrecords=6&sort=hybridrel&timespan=7d,,,0,12de29d342b6f30c
20260706T153423Z,2026-07-06T15:34:23Z,PARENT-georgia-governor-election-winner,PARENT-georgia-governor-election-winner,Georgia Governor Election Winner,Parent market briefing,Georgia Governor Election Winner -Polymarket -Kalshi -Metaculus -Manifold -PredictIt,google_news_rss,Fox News,Fox News Poll: An early look at the Georgia Senate race - Fox News,https://news.google.com/rss/articles/CBMigwFBVV95cUxQclBjU2xxOTVYOVlPSzJ1anhEeVdkaGpvZlA2NDdvR2QzS2RsSmZ2STZBSTMzZTBycnNkX2Vsa2swd1RlMHl4V3VGTV94NHZfN0s1NVFoa0dfMS1RbnYzV3c2NFJoeVdRa2VfZE8zdlNqdWFETVhJWUIyQkxJWldNamdqY9IBiAFBVV95cUxOcWxLUGR5SWVweTFsNHZHRGZfRGFUX05acDIxT2p1QmhZejl6RVdwZDVvUHItMTI1Q0taVklXZHNxMklxVDh5S0ZxdW1LSDdkUXFUV0poempuSmZUMXNJenRzbEJnYUxOMWJab1ZINVhoOTNJYjBCTS1sd0lUSm1DQkFiY005Ujh5?oc=5,"Wed, 01 Jul 2026 22:00:02 GMT",Fox News Poll: An early look at the Georgia Senate race Fox News,1,981b0499213e76de
20260706T153423Z,2026-07-06T15:34:23Z,PARENT-georgia-governor-election-winner,PARENT-georgia-governor-election-winner,Georgia Governor Election Winner,Parent market briefing,Georgia Governor Election Winner -Polymarket -Kalshi -Metaculus -Manifold -PredictIt,google_news_rss,Savannah Morning News,Fox News releases new Georgia governor poll. Who is winning the race? - Savannah Morning News,https://news.google.com/rss/articles/CBMi7AFBVV95cUxQT21UQk01WHdQUXEyS3ZHdE5RelZNdTY5WXhPLW1oNnhVQ2RoOE9jSDRqMUhKb0hCMXZuTnNPMnRVQlV2aS1lckh1dmh3WHM5a0FaOGtjdTdxV3NHanp2YnVuWGc2WGdxR2VVTUNJQkp1Z2wwTGtpeFFUaFV3ajhwNURnTGEtVHdpNXc5c1o5LWRxZFl5Zm5VcnpJVktyYXBuYkp5Z3UtWTNPbFVHOVZHSUVYM203MktuakVOc3NBYzFkNk5oRnh0U3M1NXRoYnF2Q2JkYTBwNFdIQi01amRNR3FNRld2UlNRdERHcw?oc=5,"Thu, 02 Jul 2026 17:39:00 GMT",Fox News releases new Georgia governor poll. Who is winning the race? Savannah Morning News,2,24f78b3ceb47bd5d
20260706T153423Z,2026-07-06T15:34:23Z,PARENT-georgia-governor-election-winner,PARENT-georgia-governor-election-winner,Georgia Governor Election Winner,Parent market briefing,Georgia Governor Election Winner -Polymarket -Kalshi -Metaculus -Manifold -PredictIt,google_news_rss,WJCL,Fox News: Keisha Lance Bottoms edges Rick Jackson in Georgia governor poll - WJCL,https://news.google.com/rss/articles/CBMihwFBVV95cUxNbDVGdkJBSXV3TUlkVkJsbWRjT1VlMDJMaDNyMXYzUE1WajRFVDNZUmJoTmMtdGVfeExnTklZa3VlU1F5RkZEa2NRRVRTWFVtR0dtSXZLNUJvZ3psQ0xMcVJQY1hEOXBQczdwMmY1c0Frc3hWU2ZNYVE5TVoxb1d5X18wdjhvYm8?oc=5,"Thu, 02 Jul 2026 21:33:00 GMT",Fox News: Keisha Lance Bottoms edges Rick Jackson in Georgia governor poll WJCL,3,a087a29504ac2bc4
20260706T153423Z,2026-07-06T15:34:23Z,PARENT-georgia-governor-election-winner,PARENT-georgia-governor-election-winner,Georgia Governor Election Winner,Parent market briefing,Georgia Governor Election Winner -Polymarket -Kalshi -Metaculus -Manifold -PredictIt,google_news_rss,The Hill,5 governor’s seats most likely to flip - The Hill,https://news.google.com/rss/articles/CBMiiAFBVV95cUxNa0tfQnVZZjdpZlpmUmRxMjZoLU0yakhBLXlSbmROWmRzT3NOZGdVQXdEUFl4TThOQkZXVFBVSGREejY5aHM1elBJOWVkLW1kUnBob0F5NW5YenVVcDFnRjVKSUJlNkliUlZ3eE5CMDlUdUdNSFNKZG45MWlmVHNxRGs4OFhKMWZQ0gGOAUFVX3lxTFB1SkhZd1h1d250cHo1ZzhQb0tmUTYxMjFmU2lBc01WN3FRZ2tMNDlPNUZrb0ZSN3lDLXpvODVTVThEc2xfXzBGRzR5MG1sUmxvMVN3OU90aEFqSWhLMWVuVDc4c2pMSVdValRhVHExTVhMZW1ZYmRGNzhadWI3Z2Q0U2Njd2ExMVF0ZWpoQlE?oc=5,"Sat, 04 Jul 2026 21:00:00 GMT",5 governor’s seats most likely to flip The Hill,4,c9b935d5c56abdfa
20260706T153423Z,2026-07-06T15:34:23Z,PARENT-georgia-governor-election-winner,PARENT-georgia-governor-election-winner,Georgia Governor Election Winner,Parent market briefing,Georgia Governor Election Winner -Polymarket -Kalshi -Metaculus -Manifold -PredictIt,google_news_rss,The New York Times,"Georgia Republicans Go With Trump’s Pick for Senate, but Not Governor - The New York Times",https://news.google.com/rss/articles/CBMigwFBVV95cUxPSjg3X05YVW95N2UzVVNkUW9ZRXJ4N2pFekx5eV9icmNjVG9VQUdKenRKVDhYdS1TVXhJN1FBX2pqdG1NOXRLUWJ1STlZeDZWWkZMYnBxLV9HWjlPU0M0YjFtdTJjRzNnVnF3MVNtcWNOUURucGVDWGM3ZGQyYVZlbzF1QQ?oc=5,"Tue, 30 Jun 2026 07:00:00 GMT","Georgia Republicans Go With Trump’s Pick for Senate, but Not Governor The New York Times",5,4580935fbc7847d8
20260706T153423Z,2026-07-06T15:34:23Z,PARENT-georgia-governor-election-winner,PARENT-georgia-governor-election-winner,Georgia Governor Election Winner,Parent market briefing,Georgia Governor Election Winner -Polymarket -Kalshi -Metaculus -Manifold -PredictIt,google_news_rss,The New York Times,Who Is Ahead in the Michigan Governor's Race? Latest 2026 Election Polls - The New York Times,https://news.google.com/rss/articles/CBMijAFBVV95cUxOZ0E2QlE3NEFmNmFFWmJkaEYwclhVUThLVExMbUoxRV8tTE5YQUZ5REZDNVZ2N3V3NU8ycldsTzZxbjA1R1BHRE5fSXdKTHdjd2VMc0VuT29NcGRGLXJUMHVCOWlTeHhiTkVYOTNZRWpsTTdCY0FaVWxiWHZ6b19TT2kzWHVwd0xuME1NXw?oc=5,"Thu, 02 Jul 2026 17:33:43 GMT",Who Is Ahead in the Michigan Governor's Race? Latest 2026 Election Polls The New York Times,6,f12a7a79fff40bbc
20260706T153423Z,2026-07-06T15:34:23Z,PARENT-georgia-governor-election-winner,PARENT-georgia-governor-election-winner,Georgia Governor Election Winner,Parent market briefing,Georgia Governor Election Winner -Polymarket -Kalshi -Metaculus -Manifold -PredictIt,gdelt_doc,ERROR,GDELT fetch failed: HTTP Error 429: Too Many Requests,https://api.gdeltproject.org/api/v2/doc/doc?query=Georgia+Governor+Election+Winner+-Polymarket+-Kalshi+-Metaculus+-Manifold+-PredictIt&mode=artlist&format=json&maxrecords=6&sort=hybridrel&timespan=7d,,,0,12de29d342b6f30c
20260706T153423Z,2026-07-06T15:34:23Z,PARENT-nevada-governor-election-winner,PARENT-nevada-governor-election-winner,Nevada Governor Election Winner,Parent market briefing,Nevada Governor Election Winner -Polymarket -Kalshi -Metaculus -Manifold -PredictIt,google_news_rss,The New York Times,"Graham Platner Wins Primary in Maine, Setting Up a Key Senate Fight - The New York Times",https://news.google.com/rss/articles/CBMigwFBVV95cUxPYTJuUkdfNGJ6RlhKeVIwRGo5ZHlxMmlCQlk4RDRwWk5sM1JJdkp4RWp5ZDhacmp1b004YXJGWGwwQ2pXVFZ1ZmV4ZzlUYjRGWHZXclktNzltQTl1ci1qN0RyNmFqU2wtNVZMeHZKUjh5X3dsejNXTGpFYl82dkJxd2RvWQ?oc=5,"Thu, 02 Jul 2026 07:00:00 GMT","Graham Platner Wins Primary in Maine, Setting Up a Key Senate Fight The New York Times",1,e6837df349fa70d7
20260706T153423Z,2026-07-06T15:34:23Z,PARENT-nevada-governor-election-winner,PARENT-nevada-governor-election-winner,Nevada Governor Election Winner,Parent market briefing,Nevada Governor Election Winner -Polymarket -Kalshi -Metaculus -Manifold -PredictIt,google_news_rss,The Hill,5 governor’s seats most likely to flip - The Hill,https://news.google.com/rss/articles/CBMiiAFBVV95cUxNa0tfQnVZZjdpZlpmUmRxMjZoLU0yakhBLXlSbmROWmRzT3NOZGdVQXdEUFl4TThOQkZXVFBVSGREejY5aHM1elBJOWVkLW1kUnBob0F5NW5YenVVcDFnRjVKSUJlNkliUlZ3eE5CMDlUdUdNSFNKZG45MWlmVHNxRGs4OFhKMWZQ0gGOAUFVX3lxTFB1SkhZd1h1d250cHo1ZzhQb0tmUTYxMjFmU2lBc01WN3FRZ2tMNDlPNUZrb0ZSN3lDLXpvODVTVThEc2xfXzBGRzR5MG1sUmxvMVN3OU90aEFqSWhLMWVuVDc4c2pMSVdValRhVHExTVhMZW1ZYmRGNzhadWI3Z2Q0U2Njd2ExMVF0ZWpoQlE?oc=5,"Sat, 04 Jul 2026 21:00:00 GMT",5 governor’s seats most likely to flip The Hill,2,c9b935d5c56abdfa
20260706T153423Z,2026-07-06T15:34:23Z,PARENT-nevada-governor-election-winner,PARENT-nevada-governor-election-winner,Nevada Governor Election Winner,Parent market briefing,Nevada Governor Election Winner -Polymarket -Kalshi -Metaculus -Manifold -PredictIt,google_news_rss,KCRA,California 2026 primary election results for lieutenant governor - KCRA,https://news.google.com/rss/articles/CBMilAFBVV95cUxNZVkxb2gtM0FQRnRDdjJjMF9PNFpxUWF3d3dkSE1FdGRjWktTSGJ3UklmZDRNX3pkZFRyNGozNUxqM0hBY0FsOFFaOWxSbVNiSGV4OHVIWHZLT3BJOVlFTC1LdDkyMzNuclRTREM5Z2tHSlpCYzN0cTk0VGotUE83TTBMZnFSRFVJQzZ0dTE0b29KTV9v?oc=5,"Fri, 03 Jul 2026 07:00:00 GMT",California 2026 primary election results for lieutenant governor KCRA,3,e7052fd07e8bf947
20260706T153423Z,2026-07-06T15:34:23Z,PARENT-nevada-governor-election-winner,PARENT-nevada-governor-election-winner,Nevada Governor Election Winner,Parent market briefing,Nevada Governor Election Winner -Polymarket -Kalshi -Metaculus -Manifold -PredictIt,google_news_rss,The Nevada Independent,Affordable healthcare emerges as a voter priority in purple Nevada - The Nevada Independent,https://news.google.com/rss/articles/CBMiqwFBVV95cUxNZjBxRmxMNmo1cnFvcDVkbmFvS3J4eWxqVDFhU25pSU9CUFBLNDRNNDNwRUVJNGNHdkxKdWtOWTdGb1ViYXVlMHIzbkVYRXZOa2N5YmF0R2MtbXl2aHlTZWFrRlpISVJtQVJmWmxDN1pwbFB3bFN5ZFE3bElqNkQ5bzN4UXhKeEpKZGRGMlF1TmFMRVBlazVtODc2bDVQS3hMT1UxQ0pQeXJIRDA?oc=5,"Wed, 01 Jul 2026 09:00:00 GMT",Affordable healthcare emerges as a voter priority in purple Nevada The Nevada Independent,4,78ee37d7a84403d8
20260706T153423Z,2026-07-06T15:34:23Z,PARENT-nevada-governor-election-winner,PARENT-nevada-governor-election-winner,Nevada Governor Election Winner,Parent market briefing,Nevada Governor Election Winner -Polymarket -Kalshi -Metaculus -Manifold -PredictIt,google_news_rss,KRXI2,"SCOTUS mail ballot ruling, Nevada's election results mishap with SOS Cisco Aguilar - KRXI2",https://news.google.com/rss/articles/CBMisAJBVV95cUxOMld1MTJXa3E4ZTF3VDVGbDVUb0pPbjlzREdlTVNBTnRLbFN5TE9GcThrUE10QWN5ZVlleUo0bTM5MXB0WVE4b0dTMk51TjhzZFdmNU9VeHR1bGNDU3FiWTNMNk5lMnRHekZkYW9KMFp0ZjlwVUU3N2NxbG1Rd0JQOEdjZnJmel9kOEtoa21lSjRHX1Q4MEVYWnZ6Q3RSbnFycHdiMGJ6QzlRQWstd3FHSVFxVGFydzIteVl2Umxycjl5YnhqbFQtVnl5X3RJeWlRTjBYRWVYeUdqb21YYjBCYXNya1N1YTVReW50RnVkWndrM3BPSWMtMU1xTWFsa2ZQeHNvVENuZnVmRm13VHdIYzBzelA5YmJNVG1PZ3E0TDBrR2prYTF2OTU3cHlQcWdD?oc=5,"Thu, 02 Jul 2026 20:02:22 GMT","SCOTUS mail ballot ruling, Nevada's election results mishap with SOS Cisco Aguilar KRXI2",5,ea8b20883ffb6e93
20260706T153423Z,2026-07-06T15:34:23Z,PARENT-nevada-governor-election-winner,PARENT-nevada-governor-election-winner,Nevada Governor Election Winner,Parent market briefing,Nevada Governor Election Winner -Polymarket -Kalshi -Metaculus -Manifold -PredictIt,google_news_rss,The New York Times,California Governor Primary Live Election Results 2026: Becerra Advances - The New York Times,https://news.google.com/rss/articles/CBMimgFBVV95cUxPdEphcG1VM2FFRTNETURyaXVaRlFqWGc5enUxSGVrazhpdG5kSXlyY0ZyejJyVVhlMTNNeEFQWWJEWTFrRVBSME9JMjlrZXQ3QnFub2hIYWlmbllwa1d5NlBNekFiRU5pcEtwSXF0dkcxX25vT1V6RW44N1lyX1o1MWVaTGtoaElyaDJSYkd1ZW1UOW5fZ01Lc2J3?oc=5,"Fri, 03 Jul 2026 13:07:38 GMT",California Governor Primary Live Election Results 2026: Becerra Advances The New York Times,6,9b5990c90833c9bd
20260706T153423Z,2026-07-06T15:34:23Z,PARENT-nevada-governor-election-winner,PARENT-nevada-governor-election-winner,Nevada Governor Election Winner,Parent market briefing,Nevada Governor Election Winner -Polymarket -Kalshi -Metaculus -Manifold -PredictIt,gdelt_doc,jezebel.com,The U . S . House Battlegrounds in 2026 : 55 Races to Watch in the Midterms,https://www.jezebel.com/the-u-s-house-battlegrounds-in-2026-races-to-watch-in-the-midterms,20260629T204500Z,,1,2c17fb80e736f708
20260706T153423Z,2026-07-06T15:34:23Z,PARENT-nevada-governor-election-winner,PARENT-nevada-governor-election-winner,Nevada Governor Election Winner,Parent market briefing,Nevada Governor Election Winner -Polymarket -Kalshi -Metaculus -Manifold -PredictIt,gdelt_doc,patriotpost.us,Mid - Day Digest,https://patriotpost.us/digests/128684-mid-day-digest-2026-06-29,20260629T183000Z,,2,133371256f3b6579
20260706T153423Z,2026-07-06T15:34:23Z,PARENT-nevada-governor-election-winner,PARENT-nevada-governor-election-winner,Nevada Governor Election Winner,Parent market briefing,Nevada Governor Election Winner -Polymarket -Kalshi -Metaculus -Manifold -PredictIt,gdelt_doc,orovillemr.com,50 books for America250 : Novels and nonfiction telling the nation stories – Oroville Mercury - Register,https://www.orovillemr.com/2026/07/04/50-books-for-america250-novels-and-nonfiction-telling-the-nations-stories/,20260705T074500Z,,3,ee70dcbdb99bd86e
20260706T153423Z,2026-07-06T15:34:23Z,PARENT-nevada-governor-election-winner,PARENT-nevada-governor-election-winner,Nevada Governor Election Winner,Parent market briefing,Nevada Governor Election Winner -Polymarket -Kalshi -Metaculus -Manifold -PredictIt,gdelt_doc,thereporteronline.com,50 books for America250 : Novels and nonfiction telling the nation stories – thereporteronline,https://www.thereporteronline.com/2026/07/04/50-books-for-america250-novels-and-nonfiction-telling-the-nations-stories/,20260705T063000Z,,4,85293ab974d6e4fc
20260706T153423Z,2026-07-06T15:34:23Z,PARENT-nevada-governor-election-winner,PARENT-nevada-governor-election-winner,Nevada Governor Election Winner,Parent market briefing,Nevada Governor Election Winner -Polymarket -Kalshi -Metaculus -Manifold -PredictIt,gdelt_doc,paradisepost.com,50 books for America250 : Novels and nonfiction telling the nation stories – Paradise Post,https://www.paradisepost.com/2026/07/04/50-books-for-america250-novels-and-nonfiction-telling-the-nations-stories/,20260705T094500Z,,5,eb1355e517498a1c
20260706T153423Z,2026-07-06T15:34:23Z,PARENT-nevada-governor-election-winner,PARENT-nevada-governor-election-winner,Nevada Governor Election Winner,Parent market briefing,Nevada Governor Election Winner -Polymarket -Kalshi -Metaculus -Manifold -PredictIt,gdelt_doc,ukiahdailyjournal.com,50 books for America250 : Novels and nonfiction telling the nation stories – The Ukiah Daily Journal,https://www.ukiahdailyjournal.com/2026/07/04/50-books-for-america250-novels-and-nonfiction-telling-the-nations-stories/,20260705T130000Z,,6,e26fba98b8d60eb5
20260706T153423Z,2026-07-06T15:34:23Z,PARENT-ny-13-house-election-winner-darializa-av,PARENT-ny-13-house-election-winner-darializa-av,NY-13 House Election Winner / Darializa Avila Chevalier proxy,Parent market briefing,NY-13 House Election Winner / Darializa Avila Chevalier proxy -Polymarket -Kalshi -Metaculus -Manifold -PredictIt,google_news_rss,FOX40,Far left looks for latest win in Colorado: 5 things to watch in the primaries - FOX40,https://news.google.com/rss/articles/CBMitwFBVV95cUxNS0VnVzdRWU5QTW8zRHdtYnN4RGJua2pVejlCblpoekMtVmlIVnRuaWRpNThkRjR5akhqaGlUY3kxVXRLV0Q1RzdVWXBUaFhISXJOTGkySkU4M3BFRHNzSExpZkU3b0VkNTJNZHB4RjRXSzZuX2U1UGMyRUdSWGZhb09rclMwbk1VcjFtU1pleFd4VlR6Wjh1N2dNZ3pLZjJnLTBETVRnWC1qVnY1MDJoTDZteGVPUUnSAbcBQVVfeXFMTUtFZ1c3UVlOUE1vM0R3bWJzeERibmtqVXo5Qm5aaHpDLVZpSFZ0bmlkaTU4ZEY0eWpIamhpVGN5MVV0S1dENUc3VVlwVGhYSElyTkxpMkpFODNwRURzc0hMaWZFN29FZDUyTWRweEY0V0s2bl9lNVBjMkVHUlhmYW9Pa3JTMG5NVXIxbVNaZXhXeFZUelo4dTdnTWd6S2YyZy0wRE1UZ1gtalZ2NTAyaEw2bXhlT1FJ?oc=5,"Tue, 30 Jun 2026 03:01:00 GMT",Far left looks for latest win in Colorado: 5 things to watch in the primaries FOX40,1,e7b3508e029f5372
20260706T153423Z,2026-07-06T15:34:23Z,PARENT-ny-13-house-election-winner-darializa-av,PARENT-ny-13-house-election-winner-darializa-av,NY-13 House Election Winner / Darializa Avila Chevalier proxy,Parent market briefing,NY-13 House Election Winner / Darializa Avila Chevalier proxy -Polymarket -Kalshi -Metaculus -Manifold -PredictIt,google_news_rss,The Independent,Both Democratic Party leaders look weak — but one appears ready to fall - The Independent,https://news.google.com/rss/articles/CBMiwAFBVV95cUxNMmRZVDlNZnVzREJrRmJDamZ4c1RoNGwwN3JyOXhIX0RNZ09KN25uM0d1Y09jbUt5ZFk4YzRob2E1VXFrYzZabU5jVFhxVXBMTDBxYk9MVEtVN2VyM2RvajZ1bDJ4SzZXYzdEZHR5Sl9EUV9xdEVvOGtBaG1DbzBHZmNHclpRSVEwd0dHQ3pCbTBvdkJXVUZRdVI0ZVgzV3A5X0VZcWFEWlBjcWpwNHRMN2l3OFVpUTlhcU5IZDR0NEg?oc=5,"Mon, 29 Jun 2026 20:39:00 GMT",Both Democratic Party leaders look weak — but one appears ready to fall The Independent,2,8601cce3779d8c30
20260706T153423Z,2026-07-06T15:34:23Z,PARENT-ny-13-house-election-winner-darializa-av,PARENT-ny-13-house-election-winner-darializa-av,NY-13 House Election Winner / Darializa Avila Chevalier proxy,Parent market briefing,NY-13 House Election Winner / Darializa Avila Chevalier proxy -Polymarket -Kalshi -Metaculus -Manifold -PredictIt,gdelt_doc,ERROR,GDELT fetch failed: HTTP Error 429: Too Many Requests,https://api.gdeltproject.org/api/v2/doc/doc?query=NY-13+House+Election+Winner+%2F+Darializa+Avila+Chevalier+proxy+-Polymarket+-Kalshi+-Metaculus+-Manifold+-PredictIt&mode=artlist&format=json&maxrecords=6&sort=hybridrel&timespan=7d,,,0,12de29d342b6f30c
20260706T153423Z,2026-07-06T15:34:23Z,PARENT-brazil-presidential-election,PARENT-brazil-presidential-election,Brazil Presidential Election,Parent market briefing,Brazil Presidential Election -Polymarket -Kalshi -Metaculus -Manifold -PredictIt,google_news_rss,Reuters,"Lula leads Senator Bolsonaro in Brazil presidential run-off, poll shows - Reuters",https://news.google.com/rss/articles/CBMiugFBVV95cUxOcVdhMWJzTHV5bmtQY1o5ZTdBdEYzRXVzdzhweDJvbVhGbGNWT25MZEtEMl8zTS1HeEI3Z1IwaXRnUXNvT2NQMVZiQXR2WEdLR2g5WXA5V21HeUowOUhQV0JtQmQ0bjgxM0dJc1h1czhnNnFoWTlOT0xaYmp0cWhBTWZHaG9qejkwLWZ0TEZnUGdnZFFSY0RlMHlCUkhScEhuODB1MXZ4dDlnWmNuVDRQUTNDa2FQYTdBdXc?oc=5,"Wed, 01 Jul 2026 10:23:44 GMT","Lula leads Senator Bolsonaro in Brazil presidential run-off, poll shows Reuters",1,3a91f8162e602743
20260706T153423Z,2026-07-06T15:34:23Z,PARENT-brazil-presidential-election,PARENT-brazil-presidential-election,Brazil Presidential Election,Parent market briefing,Brazil Presidential Election -Polymarket -Kalshi -Metaculus -Manifold -PredictIt,google_news_rss,"ABC News - Breaking News, Latest News and Videos","Brazil's top presidential candidates Lula and Flávio Bolsonaro clash over US tariff proposal - ABC News - Breaking News, Latest News and Videos",https://news.google.com/rss/articles/CBMisAFBVV95cUxOMWttSTJLbncxNnAySHRxV21MRTFVTUNwb0JsOEtoSjRLZDhST3NqN3ppNHZpb05sSkxyOUFNRkdUOE9wYm5QRU9HMUpYN3FNX1BMMXJqRUNTZDJCMlFueEhmREpXbVM5TnlFVnp4Wkp6ZTJtOWhzZkpseU5IUk5lV2FkbWo3ZF9BcVJ3b09OVHp6a3FjekgwaF9peEh4M1VVWXVBaFlpdnliRFp6WUdVdNIBtgFBVV95cUxNQTNKQklWcGZuQWtFNFhiQmJTNUF5X1d3Tk1wdmgzYVFwTTZvMFhmV1JMVktkVm9ZUDVydUdfU2tKM1hHN01nX2NidDF0YWdXWjRvX2hhclptdmtHWnk5enlmcks1Q0x5MnpESkxDaHFsWWc1cHJKeHpHUWNGdzE2UWkwRkhXMHd4SUUxNkptNzBVRG9YWENaZXpMQlFSdEVxcVkyN19QM1NSQXdSaUx0QVpnbjRXZw?oc=5,"Sat, 04 Jul 2026 01:59:15 GMT","Brazil's top presidential candidates Lula and Flávio Bolsonaro clash over US tariff proposal ABC News - Breaking News, Latest News and Videos",2,b7b4bdbc4ab312fe
20260706T153423Z,2026-07-06T15:34:23Z,PARENT-brazil-presidential-election,PARENT-brazil-presidential-election,Brazil Presidential Election,Parent market briefing,Brazil Presidential Election -Polymarket -Kalshi -Metaculus -Manifold -PredictIt,google_news_rss,France 24,"In Brazil, Bolsonaro family airs feud ahead of elections - France 24",https://news.google.com/rss/articles/CBMipAFBVV95cUxNRnFWQVV5Z3dkLTFLRGdRMzNiYU5seGJNYUc3ci1Cb0tXU2hYeXUxRXFWaXVPaEVDSDRhcmg1aWQ5V0dKQXlBRVo0UFltU05kNVdRWURHZTJlY1N2WGdmbDN0LXFWeWJXVUptWm50WVJXNTVHN2xlUlk3Yk9FNF9EV0w1Sm1fUmtLYVFhamNLa04ybHVlbVVDUlRYcVB3UmlIX3JySQ?oc=5,"Fri, 03 Jul 2026 20:15:11 GMT","In Brazil, Bolsonaro family airs feud ahead of elections France 24",3,7173f0768f94f00f
20260706T153423Z,2026-07-06T15:34:23Z,PARENT-brazil-presidential-election,PARENT-brazil-presidential-election,Brazil Presidential Election,Parent market briefing,Brazil Presidential Election -Polymarket -Kalshi -Metaculus -Manifold -PredictIt,google_news_rss,Encyclopedia Britannica,"Brazil - Collor, corruption, and inflation - Encyclopedia Britannica",https://news.google.com/rss/articles/CBMie0FVX3lxTE12d3E0OTdZUGFHRTd2NmNUMjNBR3c3THlVQjdfOUlXUGpzZG5YdDhmN2ZEcWM1QnRNeGR0WlctXy1iMTFwZGk2d1VjYXc4MjUxc1d4cWFkVmsyVW1TU2xHTHlzVXBIREdvamRQYTg3TFo3S0xkTkc4ZXNfWQ?oc=5,"Thu, 02 Jul 2026 05:00:00 GMT","Brazil - Collor, corruption, and inflation Encyclopedia Britannica",4,d58951c0a49c4c06
20260706T153423Z,2026-07-06T15:34:23Z,PARENT-brazil-presidential-election,PARENT-brazil-presidential-election,Brazil Presidential Election,Parent market briefing,Brazil Presidential Election -Polymarket -Kalshi -Metaculus -Manifold -PredictIt,google_news_rss,Latinoamérica 21,"Women voters, candidates, but not elected in Brazil - Latinoamérica 21",https://news.google.com/rss/articles/CBMiiAFBVV95cUxPX2tNR0M1cHdQbWFJcDI2XzVRRFhTXzVFQzYzM1dQWG1NU2l2Z01qVTVfMk84WnhKb1Z5QW53bDdLcUs2Uko1UFV5eW5melJMeUlUZi1TNG1yaEtlVURYNEZJak5sc2hmb1J1V0o0NHlfSzR3WlY0SEQ2bER2VC1GTV95dGlsXzc4?oc=5,"Fri, 03 Jul 2026 12:00:00 GMT","Women voters, candidates, but not elected in Brazil Latinoamérica 21",5,50274cbf70654249
20260706T153423Z,2026-07-06T15:34:23Z,PARENT-brazil-presidential-election,PARENT-brazil-presidential-election,Brazil Presidential Election,Parent market briefing,Brazil Presidential Election -Polymarket -Kalshi -Metaculus -Manifold -PredictIt,google_news_rss,The Washington Post,Bolsanaro family feud imperils presidential bid of Trump ally’s son in Brazil - The Washington Post,https://news.google.com/rss/articles/CBMirgFBVV95cUxNbndWWWpta0M0RDRFNXFubGRPS05MdXptZnR6SDVka19QTFVDMkZVMTFpV01yZ20teEhydGN0R3pyVHVTWGxXVXJBQW11bGtGRFZEb1pVQkNkLTMwblpKNXBPVUNiYlMzM1NSVUp2Zm9zakhtVTlvSXpza3hqZUx2ZHlPRHc5N2hRQlRZNlZMbm1oU0pnSW9ndi0xenFnU01hTFpmOXg4TWU2b01xUnc?oc=5,"Fri, 03 Jul 2026 15:52:37 GMT",Bolsanaro family feud imperils presidential bid of Trump ally’s son in Brazil The Washington Post,6,072cbd83d5888ec5
20260706T153423Z,2026-07-06T15:34:23Z,PARENT-brazil-presidential-election,PARENT-brazil-presidential-election,Brazil Presidential Election,Parent market briefing,Brazil Presidential Election -Polymarket -Kalshi -Metaculus -Manifold -PredictIt,gdelt_doc,ERROR,GDELT fetch failed: HTTP Error 429: Too Many Requests,https://api.gdeltproject.org/api/v2/doc/doc?query=Brazil+Presidential+Election+-Polymarket+-Kalshi+-Metaculus+-Manifold+-PredictIt&mode=artlist&format=json&maxrecords=6&sort=hybridrel&timespan=7d,,,0,12de29d342b6f30c
20260706T153423Z,2026-07-06T15:34:23Z,PARENT-brazil-presidential-election-first-round,PARENT-brazil-presidential-election-first-round,Brazil Presidential Election First Round: Margin of Victory,Parent market briefing,Brazil Presidential Election First Round: Margin of Victory -Polymarket -Kalshi -Metaculus -Manifold -PredictIt,google_news_rss,Reuters,"Lula leads Senator Bolsonaro in Brazil presidential run-off, poll shows - Reuters",https://news.google.com/rss/articles/CBMiugFBVV95cUxOcVdhMWJzTHV5bmtQY1o5ZTdBdEYzRXVzdzhweDJvbVhGbGNWT25MZEtEMl8zTS1HeEI3Z1IwaXRnUXNvT2NQMVZiQXR2WEdLR2g5WXA5V21HeUowOUhQV0JtQmQ0bjgxM0dJc1h1czhnNnFoWTlOT0xaYmp0cWhBTWZHaG9qejkwLWZ0TEZnUGdnZFFSY0RlMHlCUkhScEhuODB1MXZ4dDlnWmNuVDRQUTNDa2FQYTdBdXc?oc=5,"Wed, 01 Jul 2026 10:23:44 GMT","Lula leads Senator Bolsonaro in Brazil presidential run-off, poll shows Reuters",1,3a91f8162e602743
20260706T153423Z,2026-07-06T15:34:23Z,PARENT-brazil-presidential-election-first-round,PARENT-brazil-presidential-election-first-round,Brazil Presidential Election First Round: Margin of Victory,Parent market briefing,Brazil Presidential Election First Round: Margin of Victory -Polymarket -Kalshi -Metaculus -Manifold -PredictIt,google_news_rss,The Guardian,"Peru’s Keiko Fujimori wins presidential election, in latest victory for Latin American right - The Guardian",https://news.google.com/rss/articles/CBMiqAFBVV95cUxOSFRra1l6ZzJZclBXd2V6UzhEazl6RTZxc0xCWUpoMm9WOEFEQTZTelRlQUNNejNQSXpBaEItS1JPZ0Rla0UxNEdyM212Y2tUWEZnckF6UDZZMV9LZjFVa2hkWlAwZ3E3UzJFV3FwRExqckU5SGphd01Ddnc5NHV1WXppSWFEMU5qbFFtN2p6QXpoR1MwYWlhallpTThCVU43VmhrSG1kNzM?oc=5,"Tue, 30 Jun 2026 00:18:00 GMT","Peru’s Keiko Fujimori wins presidential election, in latest victory for Latin American right The Guardian",2,586f2af51bbfdfe5
20260706T153423Z,2026-07-06T15:34:23Z,PARENT-brazil-presidential-election-first-round,PARENT-brazil-presidential-election-first-round,Brazil Presidential Election First Round: Margin of Victory,Parent market briefing,Brazil Presidential Election First Round: Margin of Victory -Polymarket -Kalshi -Metaculus -Manifold -PredictIt,google_news_rss,Encyclopedia Britannica,"Brazil - Kubitschek, Economy, Infrastructure - Encyclopedia Britannica",https://news.google.com/rss/articles/CBMidEFVX3lxTE1lX2UydDl4YnlvczV2MWFuNkZEQXI3dnJUUXF4ckhKZ29UNW9VdUpnd2Jxbjd2ZkZGQ2FLNENBa3FWVG1mdjNYemdfTlhDa2ZkdlE0eG9LdEdTbWFKd3l0TUJ1aFVLMk5feHl1NC1HVTJ2RTFJ?oc=5,"Thu, 02 Jul 2026 05:00:00 GMT","Brazil - Kubitschek, Economy, Infrastructure Encyclopedia Britannica",3,f7636e530ac906b1
20260706T153423Z,2026-07-06T15:34:23Z,PARENT-brazil-presidential-election-first-round,PARENT-brazil-presidential-election-first-round,Brazil Presidential Election First Round: Margin of Victory,Parent market briefing,Brazil Presidential Election First Round: Margin of Victory -Polymarket -Kalshi -Metaculus -Manifold -PredictIt,google_news_rss,World Socialist Web Site,The political significance of the Colombian and Peruvian elections - World Socialist Web Site,https://news.google.com/rss/articles/CBMiaEFVX3lxTE5HdkNKclFuNEZETkc2SWQtaUFPMy1tRFZzdk0xcWstNGxuc0NaQlFvNEpTeU1JVTZXd1JoNHZvUXVRNXJFcU5zLUFZTXFweTZ5ZGVOM0NQSV8tT2s2VzNPaDNjdmVhbFRx?oc=5,"Sat, 04 Jul 2026 00:36:33 GMT",The political significance of the Colombian and Peruvian elections World Socialist Web Site,4,0d66a3bc0c2a4eed
20260706T153423Z,2026-07-06T15:34:23Z,PARENT-brazil-presidential-election-first-round,PARENT-brazil-presidential-election-first-round,Brazil Presidential Election First Round: Margin of Victory,Parent market briefing,Brazil Presidential Election First Round: Margin of Victory -Polymarket -Kalshi -Metaculus -Manifold -PredictIt,google_news_rss,Ynetnews,South America’s rightward lurch gathers speed as voters demand order - Ynetnews,https://news.google.com/rss/articles/CBMiVkFVX3lxTE95eVhFZmpMdHpCWHRFREdSNE04TUVNSHk0ZVlIb1pNOE5ZODRhNGRXekxtbVJtZzZYUUMtdk5vYXVkTU1XQ0s1Yi1UQUl2UVNsWUIxU2FB?oc=5,"Sat, 04 Jul 2026 10:56:54 GMT",South America’s rightward lurch gathers speed as voters demand order Ynetnews,5,acfe46fb2f8601fb
20260706T153423Z,2026-07-06T15:34:23Z,PARENT-brazil-presidential-election-first-round,PARENT-brazil-presidential-election-first-round,Brazil Presidential Election First Round: Margin of Victory,Parent market briefing,Brazil Presidential Election First Round: Margin of Victory -Polymarket -Kalshi -Metaculus -Manifold -PredictIt,google_news_rss,Havana Times,Latin America’s Electoral Pendulum Swings to the Right - Havana Times,https://news.google.com/rss/articles/CBMikwFBVV95cUxPRng5ZVZHeV9DcWNITmkxXzBMX0NDYllDbDRpaG9kcWc4ZFRWTnpyb1l2Tl9lLUZZRzF3TTItU1hSbFg1UVM0T18ySTlRZ01OZ1NicV9HeDl2X2poSV9tRkNoamlMSTdJYlE0VWNZZ3lndFlLN1c3Qy1fdm40SG0wbkpHaWU3ZnppX2o1YWtnUE90dUE?oc=5,"Tue, 30 Jun 2026 17:42:16 GMT",Latin America’s Electoral Pendulum Swings to the Right Havana Times,6,b12cf1d5176a1e0d
20260706T153423Z,2026-07-06T15:34:23Z,PARENT-brazil-presidential-election-first-round,PARENT-brazil-presidential-election-first-round,Brazil Presidential Election First Round: Margin of Victory,Parent market briefing,Brazil Presidential Election First Round: Margin of Victory -Polymarket -Kalshi -Metaculus -Manifold -PredictIt,gdelt_doc,ERROR,GDELT fetch failed: HTTP Error 429: Too Many Requests,https://api.gdeltproject.org/api/v2/doc/doc?query=Brazil+Presidential+Election+First+Round%3A+Margin+of+Victory+-Polymarket+-Kalshi+-Metaculus+-Manifold+-PredictIt&mode=artlist&format=json&maxrecords=6&sort=hybridrel&timespan=7d,,,0,12de29d342b6f30c
20260706T153423Z,2026-07-06T15:34:23Z,PARENT-brazil-presidential-election-first-round,PARENT-brazil-presidential-election-first-round,Brazil Presidential Election First Round: 2nd Place,Parent market briefing,Brazil Presidential Election First Round: 2nd Place -Polymarket -Kalshi -Metaculus -Manifold -PredictIt,google_news_rss,Encyclopedia Britannica,"Brazil - Collor, corruption, and inflation - Encyclopedia Britannica",https://news.google.com/rss/articles/CBMie0FVX3lxTE12d3E0OTdZUGFHRTd2NmNUMjNBR3c3THlVQjdfOUlXUGpzZG5YdDhmN2ZEcWM1QnRNeGR0WlctXy1iMTFwZGk2d1VjYXc4MjUxc1d4cWFkVmsyVW1TU2xHTHlzVXBIREdvamRQYTg3TFo3S0xkTkc4ZXNfWQ?oc=5,"Thu, 02 Jul 2026 05:00:00 GMT","Brazil - Collor, corruption, and inflation Encyclopedia Britannica",1,d58951c0a49c4c06
20260706T153423Z,2026-07-06T15:34:23Z,PARENT-brazil-presidential-election-first-round,PARENT-brazil-presidential-election-first-round,Brazil Presidential Election First Round: 2nd Place,Parent market briefing,Brazil Presidential Election First Round: 2nd Place -Polymarket -Kalshi -Metaculus -Manifold -PredictIt,google_news_rss,U.S. News & World Report,"Lula Leads Senator Bolsonaro in Brazil Presidential Run-Off, Poll Shows - U.S. News & World Report",https://news.google.com/rss/articles/CBMiwgFBVV95cUxOZTlGY1Vxd0ROblNyY2xuQU5MUW5PQ0tlVHZRZHRSODYwTW5TaWhHM0ItR3JGQ2RrdWRuWW8zaTFFamtXM1hGQ0RGbmMxTVYwb3M3bk1NMHVKdUVVUDlEZTZDLVRHR0FpOTRVRWlGdFRyLWtNWkNtQzdhQkFMNUQ1bnJJaDRIQ3p5TGZDdU92US1kbmcxZUlLcER2eTJfNEdwS3A1Nzlick1PRkd2MlBSaVlrbU5iVE1HZEtsaHZQcG5nQQ?oc=5,"Wed, 01 Jul 2026 10:22:00 GMT","Lula Leads Senator Bolsonaro in Brazil Presidential Run-Off, Poll Shows U.S. News & World Report",2,abee02a6784fcadc
20260706T153423Z,2026-07-06T15:34:23Z,PARENT-brazil-presidential-election-first-round,PARENT-brazil-presidential-election-first-round,Brazil Presidential Election First Round: 2nd Place,Parent market briefing,Brazil Presidential Election First Round: 2nd Place -Polymarket -Kalshi -Metaculus -Manifold -PredictIt,google_news_rss,France 24,In pictures: Marine Le Pen’s political rise and frustrated presidential ambitions - France 24,https://news.google.com/rss/articles/CBMiwgFBVV95cUxPWUxkVDJHWVV3cDB5Q0lXOU9SVDcwcTZBUkI3dElUUE1nN1hNNlFvcmU2NWZ0S1ROUUpEMWdlS2l4N08yTUpsYTNWSjdwTlRnY0pJR3Zrd19iMF9fazl6WlZPZHIyRWh0Z3c4bXF6U0hzRUFIem92VVV4V3ZpYUlpR29iTVBIMHhfb0lfN1BEbzU0bmh4S2lvLUU3WExUOHdReEd1cERkSEJNN0VzQWNlTmhpSU1zVS1LRVF3NHU2Y1p3Zw?oc=5,"Mon, 06 Jul 2026 12:58:05 GMT",In pictures: Marine Le Pen’s political rise and frustrated presidential ambitions France 24,3,93cf799d9c05636d
20260706T153423Z,2026-07-06T15:34:23Z,PARENT-brazil-presidential-election-first-round,PARENT-brazil-presidential-election-first-round,Brazil Presidential Election First Round: 2nd Place,Parent market briefing,Brazil Presidential Election First Round: 2nd Place -Polymarket -Kalshi -Metaculus -Manifold -PredictIt,google_news_rss,Crypto Briefing,Lula leads Bolsonaro by 7 points in 2026 Brazil presidential poll - Crypto Briefing,https://news.google.com/rss/articles/CBMimAFBVV95cUxQejFnU0g2enNrMXJOZGlxS1dIekNNRlF0NHk4aU9ZR2VSeUh3X2JzVTJFWFhJQUlNcFFmZERzZEFCcmNxMFZsWC1wRWNCMFgyN3ZkTVJqLVNVN3pFQnQ3SnNJcU5GX01jTnNfWWxXbzRSN0hoRjl2eTV5T2JSX3BaYVFrVXN6LUhseXEyZkY4Y0Nrb1FQTnRKNQ?oc=5,"Wed, 01 Jul 2026 09:32:50 GMT",Lula leads Bolsonaro by 7 points in 2026 Brazil presidential poll Crypto Briefing,4,c8b117ced2b596d4
20260706T153423Z,2026-07-06T15:34:23Z,PARENT-brazil-presidential-election-first-round,PARENT-brazil-presidential-election-first-round,Brazil Presidential Election First Round: 2nd Place,Parent market briefing,Brazil Presidential Election First Round: 2nd Place -Polymarket -Kalshi -Metaculus -Manifold -PredictIt,google_news_rss,Encyclopedia Britannica,"Brazil - Kubitschek, Economy, Infrastructure - Encyclopedia Britannica",https://news.google.com/rss/articles/CBMidEFVX3lxTE1lX2UydDl4YnlvczV2MWFuNkZEQXI3dnJUUXF4ckhKZ29UNW9VdUpnd2Jxbjd2ZkZGQ2FLNENBa3FWVG1mdjNYemdfTlhDa2ZkdlE0eG9LdEdTbWFKd3l0TUJ1aFVLMk5feHl1NC1HVTJ2RTFJ?oc=5,"Thu, 02 Jul 2026 05:00:00 GMT","Brazil - Kubitschek, Economy, Infrastructure Encyclopedia Britannica",5,f7636e530ac906b1
20260706T153423Z,2026-07-06T15:34:23Z,PARENT-brazil-presidential-election-first-round,PARENT-brazil-presidential-election-first-round,Brazil Presidential Election First Round: 2nd Place,Parent market briefing,Brazil Presidential Election First Round: 2nd Place -Polymarket -Kalshi -Metaculus -Manifold -PredictIt,google_news_rss,Valor International,Lula leads Flávio Bolsonaro in first- and second-round simulations - Valor International,https://news.google.com/rss/articles/CBMizgFBVV95cUxPcE5tXzl6c1h1WFZta05adU5ZbGtFZkNJQWlVckRiREFjRlo0LUNjMWY4S05zcnlOYTJmT2xHR09KWHJPX1lLNkpEMlh4OEE1RzNlVDlWTEhRcDRtOFdiSVZlS0VBaEoxRTMzcjN2dDROZ04yVm9uZjJORktvRG1fTVRvWXN0WkpIb1pVakpuYzdhX1Q5Sl94ejFPUlIyaHpZZXpoVVQyRzlQQ1h5azlfUHM2ZzdwUHFOT0dxMXotQjFmM2lwcVpGWTRnajZCZ9IB3AFBVV95cUxPdU1fQ0c4QkJqUVZTbVFMSTREaVNvYlp0VmI0YlhDNUNLTGNrTlZjZUdNT21fN0w2NjlubFpsTG9rWVZaYWFCNkFGRnUtTWRSYWpPWVNhZUJuTF9YNGM1NURYc0Fad2FrRENjZ21iNEFMdUhEVlFQcm42UFJtWGpDRG1sVVJCSlVIS0d6S2ZoS2VHeVB6MXJiYmJQX3NhVHhRS2hDR1lfT0RHU3V1bHRKa3EtZzc1MlZHWVRFY1hYZUwyR0RQMGRQQU4zLWNka0d5WlFFS3lTOEJDeXp2?oc=5,"Wed, 01 Jul 2026 14:24:52 GMT",Lula leads Flávio Bolsonaro in first- and second-round simulations Valor International,6,95741edf9b896753
20260706T153423Z,2026-07-06T15:34:23Z,PARENT-brazil-presidential-election-first-round,PARENT-brazil-presidential-election-first-round,Brazil Presidential Election First Round: 2nd Place,Parent market briefing,Brazil Presidential Election First Round: 2nd Place -Polymarket -Kalshi -Metaculus -Manifold -PredictIt,gdelt_doc,ERROR,GDELT fetch failed: HTTP Error 429: Too Many Requests,https://api.gdeltproject.org/api/v2/doc/doc?query=Brazil+Presidential+Election+First+Round%3A+2nd+Place+-Polymarket+-Kalshi+-Metaculus+-Manifold+-PredictIt&mode=artlist&format=json&maxrecords=6&sort=hybridrel&timespan=7d,,,0,12de29d342b6f30c
20260706T153423Z,2026-07-06T15:34:23Z,PARENT-brazil-presidential-election-first-round,PARENT-brazil-presidential-election-first-round,Brazil Presidential Election First Round: 3rd Place,Parent market briefing,Brazil Presidential Election First Round: 3rd Place -Polymarket -Kalshi -Metaculus -Manifold -PredictIt,google_news_rss,Encyclopedia Britannica,"Brazil - Collor, corruption, and inflation - Encyclopedia Britannica",https://news.google.com/rss/articles/CBMie0FVX3lxTE12d3E0OTdZUGFHRTd2NmNUMjNBR3c3THlVQjdfOUlXUGpzZG5YdDhmN2ZEcWM1QnRNeGR0WlctXy1iMTFwZGk2d1VjYXc4MjUxc1d4cWFkVmsyVW1TU2xHTHlzVXBIREdvamRQYTg3TFo3S0xkTkc4ZXNfWQ?oc=5,"Thu, 02 Jul 2026 05:00:00 GMT","Brazil - Collor, corruption, and inflation Encyclopedia Britannica",1,d58951c0a49c4c06
20260706T153423Z,2026-07-06T15:34:23Z,PARENT-brazil-presidential-election-first-round,PARENT-brazil-presidential-election-first-round,Brazil Presidential Election First Round: 3rd Place,Parent market briefing,Brazil Presidential Election First Round: 3rd Place -Polymarket -Kalshi -Metaculus -Manifold -PredictIt,google_news_rss,France 24,In pictures: Marine Le Pen’s political rise and frustrated presidential ambitions - France 24,https://news.google.com/rss/articles/CBMiwgFBVV95cUxPWUxkVDJHWVV3cDB5Q0lXOU9SVDcwcTZBUkI3dElUUE1nN1hNNlFvcmU2NWZ0S1ROUUpEMWdlS2l4N08yTUpsYTNWSjdwTlRnY0pJR3Zrd19iMF9fazl6WlZPZHIyRWh0Z3c4bXF6U0hzRUFIem92VVV4V3ZpYUlpR29iTVBIMHhfb0lfN1BEbzU0bmh4S2lvLUU3WExUOHdReEd1cERkSEJNN0VzQWNlTmhpSU1zVS1LRVF3NHU2Y1p3Zw?oc=5,"Mon, 06 Jul 2026 12:58:05 GMT",In pictures: Marine Le Pen’s political rise and frustrated presidential ambitions France 24,2,93cf799d9c05636d
20260706T153423Z,2026-07-06T15:34:23Z,PARENT-brazil-presidential-election-first-round,PARENT-brazil-presidential-election-first-round,Brazil Presidential Election First Round: 3rd Place,Parent market briefing,Brazil Presidential Election First Round: 3rd Place -Polymarket -Kalshi -Metaculus -Manifold -PredictIt,google_news_rss,Encyclopedia Britannica,"Brazil - Kubitschek, Economy, Infrastructure - Encyclopedia Britannica",https://news.google.com/rss/articles/CBMidEFVX3lxTE1lX2UydDl4YnlvczV2MWFuNkZEQXI3dnJUUXF4ckhKZ29UNW9VdUpnd2Jxbjd2ZkZGQ2FLNENBa3FWVG1mdjNYemdfTlhDa2ZkdlE0eG9LdEdTbWFKd3l0TUJ1aFVLMk5feHl1NC1HVTJ2RTFJ?oc=5,"Thu, 02 Jul 2026 05:00:00 GMT","Brazil - Kubitschek, Economy, Infrastructure Encyclopedia Britannica",3,f7636e530ac906b1
20260706T153423Z,2026-07-06T15:34:23Z,PARENT-brazil-presidential-election-first-round,PARENT-brazil-presidential-election-first-round,Brazil Presidential Election First Round: 3rd Place,Parent market briefing,Brazil Presidential Election First Round: 3rd Place -Polymarket -Kalshi -Metaculus -Manifold -PredictIt,google_news_rss,France 24,France sets presidential election date as Macron finishes final term - France 24,https://news.google.com/rss/articles/CBMisgFBVV95cUxQZmJuMUFXeEtsZVhONkRKN2h1a25jN2RNMEU1WHYtM094RUdnWENFRzRFbVhmYktLVWxTMUlnZDJJVmdBeEppMGZlTHgtQTZTb0Q4ZzQyYktycnBuZFY0Sng5UGxOeFNJMTI2dXVoU21rLXdyYnAwd2lGZE1fRFJHbktmTl9DeURmWEZ6eTRTdGREQTloeWxZTmlRQTNEbUZfX0lPdy1hdm1mR3Fxc2RjMk93?oc=5,"Tue, 30 Jun 2026 22:09:00 GMT",France sets presidential election date as Macron finishes final term France 24,4,9f38bb3f22e3a0d0
20260706T153423Z,2026-07-06T15:34:23Z,PARENT-brazil-presidential-election-first-round,PARENT-brazil-presidential-election-first-round,Brazil Presidential Election First Round: 3rd Place,Parent market briefing,Brazil Presidential Election First Round: 3rd Place -Polymarket -Kalshi -Metaculus -Manifold -PredictIt,google_news_rss,Silver Bulletin,2026 World Cup Predictions - Silver Bulletin,https://news.google.com/rss/articles/CBMibEFVX3lxTE9PWGZfdFBZWWlBWkQ5OEVpc3dYV09iSGluZlJNQmNkUTBkc0lxZVRIcWpQOUlCMlRRaEM2S1N2TmxGMWVhcUNBcWhwMFRCRkxIMC1SNmpydFFhOV9OSjN5TGZ6bG45TmN3dDJadw?oc=5,"Sun, 05 Jul 2026 07:00:00 GMT",2026 World Cup Predictions Silver Bulletin,5,7b38b5a2f8a9f82d
20260706T153423Z,2026-07-06T15:34:23Z,PARENT-brazil-presidential-election-first-round,PARENT-brazil-presidential-election-first-round,Brazil Presidential Election First Round: 3rd Place,Parent market briefing,Brazil Presidential Election First Round: 3rd Place -Polymarket -Kalshi -Metaculus -Manifold -PredictIt,google_news_rss,WHEC.com,World Cup what to know: US looks to win first knockout match in 24 years against Bosnia-Herzegovina - WHEC.com,https://news.google.com/rss/articles/CBMizAFBVV95cUxNV3ViemFkeUl3X2FHR2hsa1VvMTI5T3lQVWlxMUx3NVBiQWlFa3dQS3hxSnBFRURtMlBUV1F5NWJhU29kelRqZDNBTDFTNmRTdm5tdlpPUGcwaXdkdVdjdHNkN1ZUamFoSWZGTTNTdnIzbGpxNk4zZUZ0Q2pLWTRYandzbmVBcW5JX1drZWRPWXh2Vl8tOUlHTUVRaFA3Nm5VU1JFRHRKYm1GM0hZS3JtV0lPYlB5dmJVc3pXLWY2SU1CZVczRklzVEpxQlc?oc=5,"Wed, 01 Jul 2026 15:19:39 GMT",World Cup what to know: US looks to win first knockout match in 24 years against Bosnia-Herzegovina WHEC.com,6,07e59a682f97f215
20260706T153423Z,2026-07-06T15:34:23Z,PARENT-brazil-presidential-election-first-round,PARENT-brazil-presidential-election-first-round,Brazil Presidential Election First Round: 3rd Place,Parent market briefing,Brazil Presidential Election First Round: 3rd Place -Polymarket -Kalshi -Metaculus -Manifold -PredictIt,gdelt_doc,ERROR,GDELT fetch failed: HTTP Error 429: Too Many Requests,https://api.gdeltproject.org/api/v2/doc/doc?query=Brazil+Presidential+Election+First+Round%3A+3rd+Place+-Polymarket+-Kalshi+-Metaculus+-Manifold+-PredictIt&mode=artlist&format=json&maxrecords=6&sort=hybridrel&timespan=7d,,,0,12de29d342b6f30c
20260706T153423Z,2026-07-06T15:34:23Z,PARENT-next-prime-minister-of-sweden,PARENT-next-prime-minister-of-sweden,Next Prime Minister of Sweden,Parent market briefing,Next Prime Minister of Sweden -Polymarket -Kalshi -Metaculus -Manifold -PredictIt,google_news_rss,Yahoo Finance,Readout - Prime Minister Carney speaks with Prime Minister of Sweden Ulf Kristersson - Yahoo Finance,https://news.google.com/rss/articles/CBMiowFBVV95cUxNVF9OSnVqSmw3b1FHVnM4c1J6NG5nZE9ENDVmZUxmRnNOV2RmNl9pa1F4NEx0a0R3WU5aTm5iTFpFWHBGWEM4SGJScWRIS0FUUE5MMDdUaWtqckx2aGZHSzBhMDlFRF9ET1p4QTJGRFJMODdaM3ZFT181Sk9vQlZpMThnejZBdFdrNzg0M1lJVmJEQnVBcndIMjBBUkZGeUVLZDhZ?oc=5,"Tue, 30 Jun 2026 14:25:00 GMT",Readout - Prime Minister Carney speaks with Prime Minister of Sweden Ulf Kristersson Yahoo Finance,1,eb6d34a3330bfe17
20260706T153423Z,2026-07-06T15:34:23Z,PARENT-next-prime-minister-of-sweden,PARENT-next-prime-minister-of-sweden,Next Prime Minister of Sweden,Parent market briefing,Next Prime Minister of Sweden -Polymarket -Kalshi -Metaculus -Manifold -PredictIt,google_news_rss,Chatham House,Will the UK’s next prime minister finally have a ‘national conversation’ on defence? - Chatham House,https://news.google.com/rss/articles/CBMirAFBVV95cUxOYW15azI2eTl4OExFNmJ4YTY3b3YtTlJlNmw4ZHRjNHpnLTg5YjhMdXlySnZ3RHJ5WVRCSHQwLUVRMFhoVUNHcExhVE9mUm1PT05tb1dyY0phb0x4ZUFHVjJuWEhYSVg2V2ZQX3dobnhhUTdHeHVTVzk5VDMwMmFpdmtZc2JCM05VX1NIb0lhMFI0ZXJSVW5aY0ZmdzZGd1FkekdFcG9TbWtfeEFM?oc=5,"Fri, 03 Jul 2026 09:58:53 GMT",Will the UK’s next prime minister finally have a ‘national conversation’ on defence? Chatham House,2,385e6b9a2123618d
20260706T153423Z,2026-07-06T15:34:23Z,PARENT-next-prime-minister-of-sweden,PARENT-next-prime-minister-of-sweden,Next Prime Minister of Sweden,Parent market briefing,Next Prime Minister of Sweden -Polymarket -Kalshi -Metaculus -Manifold -PredictIt,google_news_rss,UNITED24 Media,Sweden Replaces Russian-Derived Ukrainian Place Names With Official Ukrainian Spellings - UNITED24 Media,https://news.google.com/rss/articles/CBMizwFBVV95cUxQaGVLXzYySkFuQ1JXUkw5c091VzlLMlFMMEtVM3o1TlVzcFJkdGFjMTFVQk1FSEJhV0E5SzFvSFJWOV9wQUxtZ1lZSXZPZUZxT2NTMERSSTJnZ21vQ2FPUU5KRExGQlhpV3FsUjRtLWtoUkdmVlN0c19DbGNpbTRQWU5ZVmZXWXU1eUpoVXNHTk9Vc190Qnh5SldKdkdmTzVMaG9mU3Jwc0tvQXQ0ei04NnNaRGdYLXd5bmx1YUxqeVJnUWdwUmVMRXEzMW10MlU?oc=5,"Fri, 03 Jul 2026 11:13:26 GMT",Sweden Replaces Russian-Derived Ukrainian Place Names With Official Ukrainian Spellings UNITED24 Media,3,0661dcbb2b2f3ea0
20260706T153423Z,2026-07-06T15:34:23Z,PARENT-next-prime-minister-of-sweden,PARENT-next-prime-minister-of-sweden,Next Prime Minister of Sweden,Parent market briefing,Next Prime Minister of Sweden -Polymarket -Kalshi -Metaculus -Manifold -PredictIt,google_news_rss,Yahoo! Finance Canada,"Carney to travel to Turkey for NATO summit next week, then Saudi Arabia - Yahoo! Finance Canada",https://news.google.com/rss/articles/CBMiiAFBVV95cUxPZHprTFVoTUp3Rl9EeVN3Si1xZWIxWGR3a1F1RXpYWlZCZHc2NUJFOHNLeGJCTlJ3ZHRjRHlLTW44Y3RkVVBfLTFGNXF5N1pXUXJkRXNoRVRrVUNZTkJpOGE4cmZqMDhVNTFqUWdwZm4yMkxObHlkUGlTV1RIdFFiSHpUS0MxN0dN?oc=5,"Tue, 30 Jun 2026 19:07:05 GMT","Carney to travel to Turkey for NATO summit next week, then Saudi Arabia Yahoo! Finance Canada",4,ab9dacfdb60f02ae
20260706T153423Z,2026-07-06T15:34:23Z,PARENT-next-prime-minister-of-sweden,PARENT-next-prime-minister-of-sweden,Next Prime Minister of Sweden,Parent market briefing,Next Prime Minister of Sweden -Polymarket -Kalshi -Metaculus -Manifold -PredictIt,google_news_rss,A News,Former South Korean prime minister announces leadership bid for ruling party - A News,https://news.google.com/rss/articles/CBMivgFBVV95cUxQNXVfZHM1ZElneTVvTFZpYlhMZmw0STZqa2NpZnVWYWgwZlVVekpHQjlCb2pHNmtBZWZQRnZkemV5RVBLYzJrLXZXQmw2UHlZc2ladlk2N3E0bnpqbjEyVTBwZ1dTYm1oTkVQanlGcXpQZWJsNnUyZ3FvWHdxejNXbVNfY2VVb2pnSEJwdmY1QTd4Skh4OUFyck10V1IzdnpoOUpxdlR6Tlo4MGZfcVNnelQzcnlvcGg3RzZPLW9B0gG-AUFVX3lxTFA1dV9kczVkSWd5NW9MVmliWExmbDRJNmprY2lmdVZhaDBmVVV6SkdCOUJvakc2a0FlZlBGdmR6ZXlFUEtjMmstdldCbDZQeVlzaVp2WTY3cTRuempuMTJVMHBnV1NibWhORVBqeUZxelBlYmw2dTJncW9Yd3F6M1dtU19jZVVvamdIQnB2ZjVBN3hKSHg5QXJyTXRXUjN2emg5SnF2VHpOWjgwZl9xU2d6VDNyeW9waDdHNk8tb0E?oc=5,"Mon, 06 Jul 2026 06:44:00 GMT",Former South Korean prime minister announces leadership bid for ruling party A News,5,d32a66304e49ba07
20260706T153423Z,2026-07-06T15:34:23Z,PARENT-next-prime-minister-of-sweden,PARENT-next-prime-minister-of-sweden,Next Prime Minister of Sweden,Parent market briefing,Next Prime Minister of Sweden -Polymarket -Kalshi -Metaculus -Manifold -PredictIt,google_news_rss,DW.com,Poland orders Swedish submarines to bulk up navy - DW.com,https://news.google.com/rss/articles/CBMiiAFBVV95cUxOaWhtcmNvUGhjV0NpNVY0SzRnRnl2WUkzMjNBbzIyRTJRTzNlam8tMnNiR1VpQ19CZEl2Rk9QN2V0eVU3Z1FaZmVvMV8tby1VRnB3akprWlJKR0hpU09ocy1UYUNiSTJBdGVRM3ZJLUF4VGs4V2NTTDZPbHBZbWRPZFVSNUhKTzZK0gGIAUFVX3lxTE5RcWpaTUtrUnNsY3dMOVJpZHZTTEpTblh1ZjR0RXVpQ05aMGlGWWtQaVYyY3hLbmswVFQyYlRINGUwczM1Y2w2bVRKbFZ2YWF3MEJPeURLaUYwYnNMal9uZnlrVDVVN3FvSkxpeWowQ0gycXpUajNLV1pHWGpMc2FnUnhneE03S0o?oc=5,"Mon, 29 Jun 2026 16:35:48 GMT",Poland orders Swedish submarines to bulk up navy DW.com,6,d7b2020899b55359
20260706T153423Z,2026-07-06T15:34:23Z,PARENT-next-prime-minister-of-sweden,PARENT-next-prime-minister-of-sweden,Next Prime Minister of Sweden,Parent market briefing,Next Prime Minister of Sweden -Polymarket -Kalshi -Metaculus -Manifold -PredictIt,gdelt_doc,ERROR,GDELT fetch failed: HTTP Error 429: Too Many Requests,https://api.gdeltproject.org/api/v2/doc/doc?query=Next+Prime+Minister+of+Sweden+-Polymarket+-Kalshi+-Metaculus+-Manifold+-PredictIt&mode=artlist&format=json&maxrecords=6&sort=hybridrel&timespan=7d,,,0,12de29d342b6f30c
20260706T153423Z,2026-07-06T15:34:23Z,PARENT-sweden-parliamentary-election-winner,PARENT-sweden-parliamentary-election-winner,Sweden Parliamentary Election Winner,Parent market briefing,Sweden Parliamentary Election Winner -Polymarket -Kalshi -Metaculus -Manifold -PredictIt,google_news_rss,politico.eu,2024 European election results - politico.eu,https://news.google.com/rss/articles/CBMif0FVX3lxTE82clRJYmpMM2h3c1B0UU1yMnFhaHptLTdEblo0ZWZPZ2FGcVZnWExQTHIwMFBhWDhHdlNuak1YckZPMDJEMWVLdGxQQ2tXaFluUkRORFJxVlZZZ3hBek4tVXAydEhIWEVlSzhzaTdPSUhCR0N5OW5NVWF5M0pTQk0?oc=5,"Thu, 02 Jul 2026 07:00:00 GMT",2024 European election results politico.eu,1,9448fdf19887f03d
20260706T153423Z,2026-07-06T15:34:23Z,PARENT-sweden-parliamentary-election-winner,PARENT-sweden-parliamentary-election-winner,Sweden Parliamentary Election Winner,Parent market briefing,Sweden Parliamentary Election Winner -Polymarket -Kalshi -Metaculus -Manifold -PredictIt,google_news_rss,Ukrinform - Ukrainian National News Agency,"Pashinyan’s party leading in Armenian parliamentary election, Reuters reports - Ukrinform - Ukrainian National News Agency",https://news.google.com/rss/articles/CBMixwFBVV95cUxOa0hUYy1ZZUthak42RFdoMjRrOEFoMGRzRUV2UHN5QmdPQXB3VDh4b1BSREg4NjM5cDJuM2ItREFvblZ4VnhxOEstdDRnYkYtQlR5aGw5WmxOLWhFT2U5bnpqanpubmQzRWp5Y3dWb1c4MWQ1Q1ZfVkpJU2J3VVZJX2gtQXhFS3JGUnJVZEp5RExmTHUtdW9Da2VHTTRVMElhclFUdElTNE9IaTdkZWJPYWpqbFZFQjJKa3oyREFLUHR6VjF1Mi1Z?oc=5,"Sun, 05 Jul 2026 16:46:53 GMT","Pashinyan’s party leading in Armenian parliamentary election, Reuters reports Ukrinform - Ukrainian National News Agency",2,ca7f49608cc5f2b8
20260706T153423Z,2026-07-06T15:34:23Z,PARENT-sweden-parliamentary-election-winner,PARENT-sweden-parliamentary-election-winner,Sweden Parliamentary Election Winner,Parent market briefing,Sweden Parliamentary Election Winner -Polymarket -Kalshi -Metaculus -Manifold -PredictIt,google_news_rss,Encyclopedia Britannica,"Alternative for Germany (AfD) | Beliefs, Platform, Election Results, & Scandals - Encyclopedia Britannica",https://news.google.com/rss/articles/CBMiZ0FVX3lxTE1STXlWYlREMUVNa0stMDhNSWdkT0FQSWpzR0pRWmpiWFpaNjFTaWlyYUpRVFUtRmgzWGFqUnNjTVRKOWk5QlNmcTRjUzNZRDdvV2Vwd1pyWjhzXzNvT1htZmhuY0xEMGc?oc=5,"Fri, 03 Jul 2026 07:31:00 GMT","Alternative for Germany (AfD) | Beliefs, Platform, Election Results, & Scandals Encyclopedia Britannica",3,3f3c07f4c1731a40
20260706T153423Z,2026-07-06T15:34:23Z,PARENT-sweden-parliamentary-election-winner,PARENT-sweden-parliamentary-election-winner,Sweden Parliamentary Election Winner,Parent market briefing,Sweden Parliamentary Election Winner -Polymarket -Kalshi -Metaculus -Manifold -PredictIt,google_news_rss,조선일보,Kim Min-seok Challenges Jung Chung-rae for Democratic Party Leadership - 조선일보,https://news.google.com/rss/articles/CBMiiAFBVV95cUxOY19heGNob2xJaFcyTGM2Ml9BaHBOMXhiN0xCOG53M3VaQ2lvdjlkeVcyQ3JzWFRmdjFuTmdYa3VzVi1iSHFaSkFUaHRtalZ0VjBGT1l4RkhGa29VSjlCWFZDSVBkQ3plZkE1UzBBTWoyeVlpNVBjUVhPQ2Y1M1J6dk10TUhzcmdn?oc=5,"Mon, 06 Jul 2026 07:39:16 GMT",Kim Min-seok Challenges Jung Chung-rae for Democratic Party Leadership 조선일보,4,2ccee769a7c6f64b
20260706T153423Z,2026-07-06T15:34:23Z,PARENT-sweden-parliamentary-election-winner,PARENT-sweden-parliamentary-election-winner,Sweden Parliamentary Election Winner,Parent market briefing,Sweden Parliamentary Election Winner -Polymarket -Kalshi -Metaculus -Manifold -PredictIt,google_news_rss,The Moscow Times,"Armenian PM Makes First Trip to Russia Since Re-Election, Food Import Ban - The Moscow Times",https://news.google.com/rss/articles/CBMivgFBVV95cUxPaU9zTmVMMEd1UGdwdl9hb29WZFVHcHVfSHR6RU02dHRwZk92REtZVjBqME1FZ25oeFBsM191dGFqcjItdTd4dVlyemxybFJrZ0ZIUlloWS1IX0hVd1VyVUo0c1pjM01jT2Q0MDlPbElEelVrTmZBM3Q5emtCV2Q1TTdVYTYtUzBnV0FwbDVaY1Q5eTdiQkRsZTMzTUhjZm8xNi1GekdsQWI2SFA1SFpmUVZqLXpxaGlLRWFUdmxR?oc=5,"Mon, 06 Jul 2026 11:13:30 GMT","Armenian PM Makes First Trip to Russia Since Re-Election, Food Import Ban The Moscow Times",5,8a189afe2b783e22
20260706T153423Z,2026-07-06T15:34:23Z,PARENT-sweden-parliamentary-election-winner,PARENT-sweden-parliamentary-election-winner,Sweden Parliamentary Election Winner,Parent market briefing,Sweden Parliamentary Election Winner -Polymarket -Kalshi -Metaculus -Manifold -PredictIt,google_news_rss,Yeni Safak English,Algeria counts votes in second parliamentary polls since 2019 - Yeni Safak English,https://news.google.com/rss/articles/CBMiogFBVV95cUxNSjZCSjlMdHJTS2xIMXpIZ1FsZm1WajFoMWtESTByZXJRU1hDS2FMYjM0WWJHUjlOQXZaVVNTRWVYTklVbi1LUmY0QXV2eXRKOUlpR3U4cGRXaW5EWklNNWlLcGpoenM2amZIQmxEWHg0dDJ1YlVQZWMwclJ5Q2ZWXzZoMDdLY09lZU8xZU5vZFdLdlI2anI4LWlEZzI0d05CYWc?oc=5,"Thu, 02 Jul 2026 21:53:54 GMT",Algeria counts votes in second parliamentary polls since 2019 Yeni Safak English,6,45380925dc479dff
20260706T153423Z,2026-07-06T15:34:23Z,PARENT-quebec-general-election-winner,PARENT-quebec-general-election-winner,Quebec General Election Winner,Parent market briefing,Quebec General Election Winner -Polymarket -Kalshi -Metaculus -Manifold -PredictIt,google_news_rss,battlefordsNOW,Quebec Premier Fréchette says she will run in Trois-Rivières in October election - battlefordsNOW,https://news.google.com/rss/articles/CBMiuwFBVV95cUxOaC1oWERKUXFUem1PZ0ZWc1B1NVRxcVo1UWcyTV96d0J1Snh0LVBqY21GWUpKdXdSMUhvbGJMTzZBWU1oYU50RkJ0ZzBQM19fY1FFallVbVVmLWU2RURRSW5jQ3NwSHh0TENZRmREeUtWdzJ4VEJZblc5R3BFTG11SUpqR090T0xESFhjUXByV3AxT0lvYVpSZHQ3N0daRkRNR1RKeEIzYWdRb1V1Y2xkYkhOamtWQ3lyNW1Z?oc=5,"Thu, 02 Jul 2026 19:29:00 GMT",Quebec Premier Fréchette says she will run in Trois-Rivières in October election battlefordsNOW,1,fc7e5a9ad49ec353
20260706T153423Z,2026-07-06T15:34:23Z,PARENT-quebec-general-election-winner,PARENT-quebec-general-election-winner,Quebec General Election Winner,Parent market briefing,Quebec General Election Winner -Polymarket -Kalshi -Metaculus -Manifold -PredictIt,google_news_rss,CityNews Montreal,Protesters against high rent have three demands for the government - CityNews Montreal,https://news.google.com/rss/articles/CBMiqwFBVV95cUxOYjRwM1I4czZJdi1lZlBfY1lfdnE3REJiQVExanFFUS1NSE9WSnpPVnNYbkg3UjdxYTNYMHpreWJpNTZBUERkTEU2RHVrc3B1dUd5RkdYSmNERTBTVjN0WGNBa0VkVFFOSkxsRzNFY1BYR0g1TjlnWDFvb1lFOHZOWXBoaDhOSkJSekd2ejJka1pXNHFjWkVMWTYwU3N6UzhuVjJJZ3ZJVmdUVGc?oc=5,"Wed, 01 Jul 2026 16:14:58 GMT",Protesters against high rent have three demands for the government CityNews Montreal,2,9a97df01d02cd83c
20260706T153423Z,2026-07-06T15:34:23Z,PARENT-quebec-general-election-winner,PARENT-quebec-general-election-winner,Quebec General Election Winner,Parent market briefing,Quebec General Election Winner -Polymarket -Kalshi -Metaculus -Manifold -PredictIt,google_news_rss,CTV News,Protesters against high rents have three demands for Quebec government - CTV News,https://news.google.com/rss/articles/CBMisAFBVV95cUxOUW1rVjdTQko4Y2RSY1A2LVlaSUZRX3RLYXdrdkdwcFpGdU1KamV6bGtzR0I2VDJqai05MFMwQno2eVNlVUFyT1FGREFOQ1BCSTU2UVlrQ3ZVaWYxc1pkM3pRVlNUekUydVZuN292QmdNVzM4ay1lTy1FUzRyS1pHcHowUUNwM04yTC02cF9FQzJjbXJyR1ZFLUk0alc3MkF0UVhfblFLbW9ITlJtR0xXbA?oc=5,"Wed, 01 Jul 2026 20:28:51 GMT",Protesters against high rents have three demands for Quebec government CTV News,3,6142ba1627fff200
20260706T153423Z,2026-07-06T15:34:23Z,PARENT-quebec-general-election-winner,PARENT-quebec-general-election-winner,Quebec General Election Winner,Parent market briefing,Quebec General Election Winner -Polymarket -Kalshi -Metaculus -Manifold -PredictIt,google_news_rss,Montreal Gazette,"Mulcair: As Quebec campaign heats up, here’s my long-range forecast - Montreal Gazette",https://news.google.com/rss/articles/CBMisgFBVV95cUxOR0hmUjBqQ3U1UGJBVzhpdG1LZkNQSXFvZ29QNnpsbGVwb0RTVVU3bTdBZVY2Uk14bGcwTDRsbWRYdkRjZHFsMWtfMFFDMXIzNnVfS2pqZlNrby1YZWZmZlg5QlFYNHhScE40UV9OMUFPeGxQajJLWEZzRnk3bFpjRGw0WkVUdlkyd3VmZExiNEQ5X3p6WFdBMnF2bFdhc3drbXctVk80M25lNFYtY3NYZ29B?oc=5,"Mon, 06 Jul 2026 13:15:15 GMT","Mulcair: As Quebec campaign heats up, here’s my long-range forecast Montreal Gazette",4,98e61d9d2fc60cc1
20260706T153423Z,2026-07-06T15:34:23Z,PARENT-quebec-general-election-winner,PARENT-quebec-general-election-winner,Quebec General Election Winner,Parent market briefing,Quebec General Election Winner -Polymarket -Kalshi -Metaculus -Manifold -PredictIt,google_news_rss,Junior Mining Network,Bonterra Resources Announces Election Results of Its 2026 Annual General Meeting - Junior Mining Network,https://news.google.com/rss/articles/CBMijgJBVV95cUxONmYwOFJ0OElhWUV2TzNxaVM2OFVmamVJUjVycXVQdzEzWWFrWkxRdTdtdjZ1T0R0TXlqUXhfTzJnZE15ZXBFTXlsRmtGU1BXMVh4V0Y2anVkTVVYM1diMmpQTkFtOFNWTlg3VVZwUFYza09UY25QT3NNTXl5Rk9VSERTTlNmaFc3RV9pQ09LVGFfMWdFcWZtVHNGNWJnVHV3TzlBS3NreGNNcmpkOVh2SkhGSUZ6VUpETXQyNXhLY0stQWlYcGdUQVhGLUJpcGZOT3IzNmd1QzZxaWhCd2JKQnh6bE9zTDNBYnlzeWl1OXJkSG50TmZNbk52LVVSTWZ2X3JBUV92dHRTTnBhZGc?oc=5,"Tue, 30 Jun 2026 20:33:13 GMT",Bonterra Resources Announces Election Results of Its 2026 Annual General Meeting Junior Mining Network,5,bf70e4d23e649821
20260706T153423Z,2026-07-06T15:34:23Z,PARENT-quebec-general-election-winner,PARENT-quebec-general-election-winner,Quebec General Election Winner,Parent market briefing,Quebec General Election Winner -Polymarket -Kalshi -Metaculus -Manifold -PredictIt,google_news_rss,The Writ,The Writ's Canadian Vote and Seat Projections - The Writ,https://news.google.com/rss/articles/CBMid0FVX3lxTFBzRHVQVVk0VnhBRzV5QkdYNi1fRUM4dUFUQXJNTTlPZ1FNV2tVMEtOSzU4OEdsaXNzRC1wMnRxRkdDNVN0S3o0UjRURFhxdzNwN3RSUk96ZGlWc1Vqb3RYemIzLXpLM1BzcnFoMWIzWHYtbndtb25J?oc=5,"Tue, 30 Jun 2026 07:00:00 GMT",The Writ's Canadian Vote and Seat Projections The Writ,6,839caa7f48564219
20260706T153423Z,2026-07-06T15:34:23Z,PARENT-quebec-general-election-winner,PARENT-quebec-general-election-winner,Quebec General Election Winner,Parent market briefing,Quebec General Election Winner -Polymarket -Kalshi -Metaculus -Manifold -PredictIt,gdelt_doc,ERROR,GDELT fetch failed: HTTP Error 429: Too Many Requests,https://api.gdeltproject.org/api/v2/doc/doc?query=Quebec+General+Election+Winner+-Polymarket+-Kalshi+-Metaculus+-Manifold+-PredictIt&mode=artlist&format=json&maxrecords=6&sort=hybridrel&timespan=7d,,,0,12de29d342b6f30c
20260706T153423Z,2026-07-06T15:34:23Z,PARENT-vancouver-mayoral-election-winner,PARENT-vancouver-mayoral-election-winner,Vancouver Mayoral Election Winner,Parent market briefing,Vancouver Mayoral Election Winner -Polymarket -Kalshi -Metaculus -Manifold -PredictIt,google_news_rss,The Tyee,Stephanie Allen Wants to Be Vancouver’s Next Mayor - The Tyee,https://news.google.com/rss/articles/CBMiggFBVV95cUxQRXVJN1lPbFhGS29WNDFMUmk4Rzloel84YTVvLVJUVTE5dXdoNVdvNkRsYklOTkNFQzJJdVJQZDN4NVBIQmFWeTAydjlyZ1YydTNuc3BNRlAwQzlWZlluUE9JQ0hlUFF0TDdjcUdXNE5PR1FlSVk4eDlPWU50Y0RuZEFR?oc=5,"Thu, 02 Jul 2026 04:03:30 GMT",Stephanie Allen Wants to Be Vancouver’s Next Mayor The Tyee,1,b1638156c3f67ce7
20260706T153423Z,2026-07-06T15:34:23Z,PARENT-vancouver-mayoral-election-winner,PARENT-vancouver-mayoral-election-winner,Vancouver Mayoral Election Winner,Parent market briefing,Vancouver Mayoral Election Winner -Polymarket -Kalshi -Metaculus -Manifold -PredictIt,google_news_rss,Vancouver Sun,Vancouver park board jacks up dispute against City Hall with letter to mayor - Vancouver Sun,https://news.google.com/rss/articles/CBMiuAFBVV95cUxQZXdtSWhmaVVYYVY3OWI4cktCcTlVSWtNRGdjQ1lNYWZGQzN3dnA2aXNVT1J6alVkU1RscEZjWVdjWEVYajBmdThBT09PR1hycVlrTk1MVTJCN1N2V2EtcFdYM19Ra0d4VW40MDVGRXRCckFIVUFoR1hydHFKY256SDkzQUdOakl4Nk1PX1pEM2VqVllkQmZUeVA4SG11aGN2ZVJwM2p6dnVia1ctVXo1clRaWWQ2Yjhw?oc=5,"Wed, 01 Jul 2026 23:49:16 GMT",Vancouver park board jacks up dispute against City Hall with letter to mayor Vancouver Sun,2,36608537a85fac7b
20260706T153423Z,2026-07-06T15:34:23Z,PARENT-vancouver-mayoral-election-winner,PARENT-vancouver-mayoral-election-winner,Vancouver Mayoral Election Winner,Parent market briefing,Vancouver Mayoral Election Winner -Polymarket -Kalshi -Metaculus -Manifold -PredictIt,google_news_rss,Global News,Vancouver city council votes to extend Granville entertainment district car-free zone to end of summer - Global News,https://news.google.com/rss/articles/CBMi1gFBVV95cUxOVFgyVU44Vm9KVWVTN0pMNklEbnVlRGtFZW8yNDI1THphTkpURkwzY3pHNEJITmxXdDlDZ3JTMDlfdEk3VHFXWXlmTFZGRlhubEZfRmRpTzBxSEVHNDdlTDQ0dXN6RmdiQjlMb3BYaG9tSW8xRWhoSlVlSlhqdWRGVzIyVlM5TExQZUJ2c2htclZKS09KM0I5cTNrV3FHNXVqLU5pWFZDODJCVk1sUU5KMWRPZlZOZF9mV3FVeGVfVENWQkN3azlzVFBhbWNkcDR4OU15amJn?oc=5,"Sat, 04 Jul 2026 00:56:13 GMT",Vancouver city council votes to extend Granville entertainment district car-free zone to end of summer Global News,3,9c7caed16c31a271
20260706T153423Z,2026-07-06T15:34:23Z,PARENT-vancouver-mayoral-election-winner,PARENT-vancouver-mayoral-election-winner,Vancouver Mayoral Election Winner,Parent market briefing,Vancouver Mayoral Election Winner -Polymarket -Kalshi -Metaculus -Manifold -PredictIt,google_news_rss,Vancouver Is Awesome,'They want this': Granville Street to stay car-free for the rest of summer - Vancouver Is Awesome,https://news.google.com/rss/articles/CBMingFBVV95cUxPbFB0WkM3enR0WlFlckdPdTFnU01FcjVSd0lZV0FxSmNrS09neFl1eWNNWFNTc3NaWnRRcnZQWHpfaUw4aHkzSWlRR2hhRzJSM2JtazRBVzdPeFdDRjhTM1RFWlJESDRFVWZpQTA5T1UyTzNIWXhBMDFwNnoxU1FtZTk1RVk0UG5UOU5mR2JGWTdwc1NOSXVuZ2lWRklFZw?oc=5,"Fri, 03 Jul 2026 00:18:16 GMT",'They want this': Granville Street to stay car-free for the rest of summer Vancouver Is Awesome,4,a7569f495b5924fb
20260706T153423Z,2026-07-06T15:34:23Z,PARENT-vancouver-mayoral-election-winner,PARENT-vancouver-mayoral-election-winner,Vancouver Mayoral Election Winner,Parent market briefing,Vancouver Mayoral Election Winner -Polymarket -Kalshi -Metaculus -Manifold -PredictIt,google_news_rss,Vancouver Sun,Vancouver votes to keep Granville Street a pedestrian zone for rest of summer - Vancouver Sun,https://news.google.com/rss/articles/CBMikwFBVV95cUxPMU9ndUdoMXdjWnZuU3Z0VHhrUzljRnd2VnE0MGlrc3VPejYwVEdfbUs1R1oxYktGQmdwWG44T21oQklJeWZjU1gycHlXUVFrSUxLdWVEQkR2QkxldDFIZ0xONkMxNUxVMXZsMl8xQkFDNHhUbWxaYUJ6QWFIeVFFa2JsZHNiLVpCa0x5Z1FkNVBXTDQ?oc=5,"Thu, 02 Jul 2026 21:48:24 GMT",Vancouver votes to keep Granville Street a pedestrian zone for rest of summer Vancouver Sun,5,65df3ee53af43823
20260706T153423Z,2026-07-06T15:34:23Z,PARENT-vancouver-mayoral-election-winner,PARENT-vancouver-mayoral-election-winner,Vancouver Mayoral Election Winner,Parent market briefing,Vancouver Mayoral Election Winner -Polymarket -Kalshi -Metaculus -Manifold -PredictIt,google_news_rss,Daily Hive,Vancouver's role as a FIFA World Cup host city delivering big numbers - Daily Hive,https://news.google.com/rss/articles/CBMifkFVX3lxTE80OFo5TzBSaXVpM2dObm1HUy1YOGh3cjd0djhMRWQxUGxtcThsemJ2emdGM0N2eHJvUGNXcXBvOGpCOWxiTUFueC02cEwtY3AzbDJkQkVRR1RubExkV3phcnpmcFFqazgyZmVYTk8zbFlYTnFVS1JnWkhmTmZ1QQ?oc=5,"Tue, 30 Jun 2026 04:46:00 GMT",Vancouver's role as a FIFA World Cup host city delivering big numbers Daily Hive,6,6ec09d9dd4f021df
20260706T153423Z,2026-07-06T15:34:23Z,PARENT-vancouver-mayoral-election-winner,PARENT-vancouver-mayoral-election-winner,Vancouver Mayoral Election Winner,Parent market briefing,Vancouver Mayoral Election Winner -Polymarket -Kalshi -Metaculus -Manifold -PredictIt,gdelt_doc,ERROR,GDELT fetch failed: HTTP Error 429: Too Many Requests,https://api.gdeltproject.org/api/v2/doc/doc?query=Vancouver+Mayoral+Election+Winner+-Polymarket+-Kalshi+-Metaculus+-Manifold+-PredictIt&mode=artlist&format=json&maxrecords=6&sort=hybridrel&timespan=7d,,,0,12de29d342b6f30c
20260706T153423Z,2026-07-06T15:34:23Z,PARENT-next-prime-minister-of-israel-after-next,PARENT-next-prime-minister-of-israel-after-next,Next Prime Minister of Israel after next election,Parent market briefing,Next Prime Minister of Israel after next election -Polymarket -Kalshi -Metaculus -Manifold -PredictIt,google_news_rss,Anadolu Ajansı,Poll points to Israeli political deadlock ahead of next elections - Anadolu Ajansı,https://news.google.com/rss/articles/CBMirwFBVV95cUxNSWR0a1M1YUNYRlc5UVBRV3lOTkJSSUJncThWcGhZcFlxOFZpT3NyMjkyaktjcTRuS01kcjhHWUxLMGV3d2hDMFRuRVBzVnVUYkM2eXUzNHVKNU1RdVZpM1F5d2NYS0RTMXh2YU5GOWI4UFBYVzBNYkcyNVRZS3ZpRk9Lc3ZEajBBZ2NlQlBaZlJMVjBzZVdLUmQxSlloN1hIZGJxQTlPOW9EQVBFV3hB?oc=5,"Fri, 03 Jul 2026 11:42:26 GMT",Poll points to Israeli political deadlock ahead of next elections Anadolu Ajansı,1,b6e7e22743997e75
20260706T153423Z,2026-07-06T15:34:23Z,PARENT-next-prime-minister-of-israel-after-next,PARENT-next-prime-minister-of-israel-after-next,Next Prime Minister of Israel after next election,Parent market briefing,Next Prime Minister of Israel after next election -Polymarket -Kalshi -Metaculus -Manifold -PredictIt,google_news_rss,The Economist,Israel election poll tracker: will Binyamin Netanyahu hold on to power? - The Economist,https://news.google.com/rss/articles/CBMidEFVX3lxTE1ObDNEQkNJb0NDRHliRFh6ZGVlX2JvVkU3Q0FTSlFzVkNHM3FITER1SGFQdmlNNWZXQXpRNTYwM21CTDJmdFRQVWQtYXh4R2xLd0phaURJSC1RV210b1VCb2tnWlItM1dZMDc0NkRFQ1dudGd5?oc=5,"Mon, 06 Jul 2026 11:08:56 GMT",Israel election poll tracker: will Binyamin Netanyahu hold on to power? The Economist,2,038ce1c36a3c9fea
20260706T153423Z,2026-07-06T15:34:23Z,PARENT-next-prime-minister-of-israel-after-next,PARENT-next-prime-minister-of-israel-after-next,Next Prime Minister of Israel after next election,Parent market briefing,Next Prime Minister of Israel after next election -Polymarket -Kalshi -Metaculus -Manifold -PredictIt,google_news_rss,Al Jazeera,"Israeli opposition signal foreign policy change in style, but not substance - Al Jazeera",https://news.google.com/rss/articles/CBMitAFBVV95cUxOVzR0Y01OY2RxMnhMVVl0b2hwbWNSdU5zR28wMmY5bW9xNU9KZTd6ZmNEeURhQjk4LWVFcEpjLThTdnQxSmVoVGJFMWVIU2tnY0hKTkZmclZhSnVkZW5qN3FSekI3VTlNeGNxX1RqLUhOaUs2UWZRc1RNZGpWOXlUbno4M1lLZXo2SjFsd2NocElyTHZoTzI0UGpySkRKZnFILVJqSkJIRld1Z0w3Z0ZWbUVIdGbSAboBQVVfeXFMTlBIbU5RY2xad1ZjeHFUbFRzSm5jbXlEcmdOMGVqRGdnZ19iaHlCRjFoVmdncjhIdC16NXhjZ3k3WUdNdzZISzdMaUdPV1JpYnpKeU9BSGNtTGZjU256cVpPX0lOODZaNEJ3cWI0c2p6clM4OVoxSHBQeVVjX3MtZTdBWGc0U2N1S2VQcFlGeXZXcm9LVDJZbXRPV1lYS0FSWWFpNFJ6UF9KQ3hJREZrUWktM0JxSDhidzBR?oc=5,"Wed, 01 Jul 2026 20:21:16 GMT","Israeli opposition signal foreign policy change in style, but not substance Al Jazeera",3,82c3f3c9494779a7
20260706T153423Z,2026-07-06T15:34:23Z,PARENT-next-prime-minister-of-israel-after-next,PARENT-next-prime-minister-of-israel-after-next,Next Prime Minister of Israel after next election,Parent market briefing,Next Prime Minister of Israel after next election -Polymarket -Kalshi -Metaculus -Manifold -PredictIt,google_news_rss,The Jerusalem Post,"Netanyahu-led breakaway party would win 16 seats, survey finds - The Jerusalem Post",https://news.google.com/rss/articles/CBMie0FVX3lxTE0tLVAwS2MyT3ZKaWhtNFE0S3hXalhjb0JjczM4bUpXcWR0RkhlMjhOeHVoMUlMUFdUYnVKMDhqMS1jR2hrWW1TSUN5eDA2SG9Ud1pHVU50S1Z4bVhxVUdQZ19kWTN0UVhFTkhjcHNPZ00tcHF2OUFiMUtXTQ?oc=5,"Fri, 03 Jul 2026 05:38:57 GMT","Netanyahu-led breakaway party would win 16 seats, survey finds The Jerusalem Post",4,9ee4a152d91cca20
20260706T153423Z,2026-07-06T15:34:23Z,PARENT-next-prime-minister-of-israel-after-next,PARENT-next-prime-minister-of-israel-after-next,Next Prime Minister of Israel after next election,Parent market briefing,Next Prime Minister of Israel after next election -Polymarket -Kalshi -Metaculus -Manifold -PredictIt,google_news_rss,The Times of Israel,"Knesset expected to dissolve July 17, paving way for October 27 election - The Times of Israel",https://news.google.com/rss/articles/CBMipAFBVV95cUxQQnVUYmhIalpUU2p4VUktTTJsTVFqbVI0Y3R1b183TVR3U09NWnZVenFfc0E3Wmk0QnlyOWtZSWNPOEl3TmZhQmlTV2dPU1RmNmFsaHZWVmtJZHJJMjRENWZCSkdqZWw2aUJvcGs4R3AwbmFTMnBIYmhDYkF1cXlrZ2V0WmNlRHBJN0doQ3VLTmJZY0huZGVSUlJjcHdnSHYwcjkwdtIBqgFBVV95cUxNVHphRjRFdmplWjFCckhqaW5sTy1hTjBEQWxIOFBNQV9kUTVMNG81UjdKOV9ERjdKaUtnSU43cmMxR0t3aTJtd2cxYWVhNTUyd2dVM0tmb2M0SzlQSnlFeHdNcGZaUTg1RUc4RHgwNUJjUUZ0Rkg1aDY2Q1JpT3NXVW5ZSmtqdElQMXQtSnktYV9pYlRGTVpIbnU4UWgxaDVBdm1RenFzQ3BBUQ?oc=5,"Sun, 05 Jul 2026 14:14:00 GMT","Knesset expected to dissolve July 17, paving way for October 27 election The Times of Israel",5,f88bb3c7b949c905
20260706T153423Z,2026-07-06T15:34:23Z,PARENT-next-prime-minister-of-israel-after-next,PARENT-next-prime-minister-of-israel-after-next,Next Prime Minister of Israel after next election,Parent market briefing,Next Prime Minister of Israel after next election -Polymarket -Kalshi -Metaculus -Manifold -PredictIt,google_news_rss,JNS,"Netanyahu best suited as next prime minister, likely to form new gov, poll suggests - JNS",https://news.google.com/rss/articles/CBMiyAFBVV95cUxQcmpXaDY5TVNuUzFBLUlSYjJ3SmpvM3FKOUJ4cjNOUXZvVnAzVkQ0YWpXWGVLYkhjNzRENlJPYWFnTVoxVTN5QmowRktzcjEwc1hiN0c5cG5lQnlFYkFFcU1sdGo5eVZjbUstOXZjNnluQ2RCbi10aWFlWktOQzF4bmtVV0hUSm5DYUVNUlY2Y3NWMVRhVndmOGpiMVBObUlTQjgxbkUwZGtrWmg4VnF3LXc5QktrVm44anhfWFk2ZU5FRVVpRFN3Qw?oc=5,"Thu, 02 Jul 2026 21:43:22 GMT","Netanyahu best suited as next prime minister, likely to form new gov, poll suggests JNS",6,16594d9027b32725
20260706T153423Z,2026-07-06T15:34:23Z,PARENT-next-prime-minister-of-israel-after-next,PARENT-next-prime-minister-of-israel-after-next,Next Prime Minister of Israel after next election,Parent market briefing,Next Prime Minister of Israel after next election -Polymarket -Kalshi -Metaculus -Manifold -PredictIt,gdelt_doc,ERROR,GDELT fetch failed: HTTP Error 429: Too Many Requests,https://api.gdeltproject.org/api/v2/doc/doc?query=Next+Prime+Minister+of+Israel+after+next+election+-Polymarket+-Kalshi+-Metaculus+-Manifold+-PredictIt&mode=artlist&format=json&maxrecords=6&sort=hybridrel&timespan=7d,,,0,12de29d342b6f30c
20260706T153423Z,2026-07-06T15:34:23Z,PARENT-israeli-legislative-election-winner,PARENT-israeli-legislative-election-winner,Israeli Legislative Election Winner,Parent market briefing,Israeli Legislative Election Winner -Polymarket -Kalshi -Metaculus -Manifold -PredictIt,google_news_rss,Anadolu Ajansı,Poll points to Israeli political deadlock ahead of next elections - Anadolu Ajansı,https://news.google.com/rss/articles/CBMirwFBVV95cUxNSWR0a1M1YUNYRlc5UVBRV3lOTkJSSUJncThWcGhZcFlxOFZpT3NyMjkyaktjcTRuS01kcjhHWUxLMGV3d2hDMFRuRVBzVnVUYkM2eXUzNHVKNU1RdVZpM1F5d2NYS0RTMXh2YU5GOWI4UFBYVzBNYkcyNVRZS3ZpRk9Lc3ZEajBBZ2NlQlBaZlJMVjBzZVdLUmQxSlloN1hIZGJxQTlPOW9EQVBFV3hB?oc=5,"Fri, 03 Jul 2026 11:42:26 GMT",Poll points to Israeli political deadlock ahead of next elections Anadolu Ajansı,1,b6e7e22743997e75
20260706T153423Z,2026-07-06T15:34:23Z,PARENT-israeli-legislative-election-winner,PARENT-israeli-legislative-election-winner,Israeli Legislative Election Winner,Parent market briefing,Israeli Legislative Election Winner -Polymarket -Kalshi -Metaculus -Manifold -PredictIt,google_news_rss,The Economist,Israel election poll tracker: will Binyamin Netanyahu hold on to power? - The Economist,https://news.google.com/rss/articles/CBMidEFVX3lxTE1ObDNEQkNJb0NDRHliRFh6ZGVlX2JvVkU3Q0FTSlFzVkNHM3FITER1SGFQdmlNNWZXQXpRNTYwM21CTDJmdFRQVWQtYXh4R2xLd0phaURJSC1RV210b1VCb2tnWlItM1dZMDc0NkRFQ1dudGd5?oc=5,"Mon, 06 Jul 2026 11:08:56 GMT",Israel election poll tracker: will Binyamin Netanyahu hold on to power? The Economist,2,038ce1c36a3c9fea
20260706T153423Z,2026-07-06T15:34:23Z,PARENT-israeli-legislative-election-winner,PARENT-israeli-legislative-election-winner,Israeli Legislative Election Winner,Parent market briefing,Israeli Legislative Election Winner -Polymarket -Kalshi -Metaculus -Manifold -PredictIt,google_news_rss,ISPI,"Locked Politics, Predictable Outcomes: Algeria’s Legislative Elections - ISPI",https://news.google.com/rss/articles/CBMitgFBVV95cUxNSlN5aFVZU2c4UF9fVkFkT1VKbnd1U3JacE9VMFFSeUpGT2UwTzMtTlF6Q0R4WTJSMEplSWxqeVN5SFZkSVpmNEJLd2dZSGtpbU9tX0FRdzJyc0ZVbzBaYWoxVXYxb1oyUUlXaGt5UFdfb0wyeHVQQU9ueDJPenlvNVRfRGRIU2l0WXQxNWdOZ1BBQXNiVXgxaUNvNV9uUWtIczJXSnUzX3FKZ3VGcHdyQll6Z3o5QQ?oc=5,"Mon, 06 Jul 2026 13:29:47 GMT","Locked Politics, Predictable Outcomes: Algeria’s Legislative Elections ISPI",3,a30bf2d4d9c19cec
20260706T153423Z,2026-07-06T15:34:23Z,PARENT-israeli-legislative-election-winner,PARENT-israeli-legislative-election-winner,Israeli Legislative Election Winner,Parent market briefing,Israeli Legislative Election Winner -Polymarket -Kalshi -Metaculus -Manifold -PredictIt,google_news_rss,Haaretz,Israel's election czar floats livestreaming vote count to quash conspiracies - Haaretz,https://news.google.com/rss/articles/CBMimAJBVV95cUxPZE1YVV9zQ3dxV2lWaU1BeFV5NW5oOXZQSHRkZ2c0MnBLQzBUWTZoalEyUmpQdXJtWkgzaTNBOWNQQnpiUlp4S2Y2WF9jb1ZlQVdQaDlINmJOZ1RtTV9SWFVnUkY4R2Q0ZlczdHBkY0ptU3I0RUVpb0l2X3ZNNDNzeUlUbDlmcjNTdDVlMTJ2ZHRrdjMweXg4M1dFYzNWR182MW9KZk9QZlpsU1lvc2tueEg4MlA3YmE2NVFLYW5TZXJPQjJ3Q3pDQm5JYU1TZ18zWEpVOUVTelVRN3pPVTIyT0t6NDYyZlZIS2FZSXZETUpMZ0stelh2dW5iNGNRYjk5Zm1wQVhFZGFQMzNVa2hzTzQzaTlGcTlC?oc=5,"Sun, 05 Jul 2026 16:14:00 GMT",Israel's election czar floats livestreaming vote count to quash conspiracies Haaretz,4,720c912d01e7d0fb
20260706T153423Z,2026-07-06T15:34:23Z,PARENT-israeli-legislative-election-winner,PARENT-israeli-legislative-election-winner,Israeli Legislative Election Winner,Parent market briefing,Israeli Legislative Election Winner -Polymarket -Kalshi -Metaculus -Manifold -PredictIt,google_news_rss,Crypto Briefing,"Netanyahu vows to ""do everything to win"" amid tight Israeli election race - Crypto Briefing",https://news.google.com/rss/articles/CBMioAFBVV95cUxNblRlNDBUZHc5cjQ0ZzA4cEowdFNyNy1wLUhncHBhSzBNVk1QTmVSczBNTmcwYWFpQTFpWkVhQnY2U0cweUo3NExDVmRUVVBUMDR1bWR4RnoxU2FSNF9VQnJKdnZLakMxclVMSnZKUHhoUTFYQWhVY184cTVFZzUzbzZaa25BdkJNMHdVWVR3MHJpRHRxZEpZenIzb1VaT3F2?oc=5,"Tue, 30 Jun 2026 20:43:00 GMT","Netanyahu vows to ""do everything to win"" amid tight Israeli election race Crypto Briefing",5,54fdaa2b13a2a0cd
20260706T153423Z,2026-07-06T15:34:23Z,PARENT-israeli-legislative-election-winner,PARENT-israeli-legislative-election-winner,Israeli Legislative Election Winner,Parent market briefing,Israeli Legislative Election Winner -Polymarket -Kalshi -Metaculus -Manifold -PredictIt,google_news_rss,Ynetnews,"Algeria's July 2 vote: why the regime fears a number, not a result - Ynetnews",https://news.google.com/rss/articles/CBMib0FVX3lxTE9mMGFseEsySWMxTi16YzY5S1pZTmVZWU1XYWx2TFFBaUw0VFZ4enF4cWJtX05LT3k5aWYtOVhRSTZCaXRqTzhQdWFPTGF1TXR2a0xheDd5dHJ3MnBPMDg1TnVDY2t5RDBZZGlQUWk3RQ?oc=5,"Tue, 30 Jun 2026 08:13:51 GMT","Algeria's July 2 vote: why the regime fears a number, not a result Ynetnews",6,8337eea74b283d8a
20260706T153423Z,2026-07-06T15:34:23Z,PARENT-israeli-legislative-election-winner,PARENT-israeli-legislative-election-winner,Israeli Legislative Election Winner,Parent market briefing,Israeli Legislative Election Winner -Polymarket -Kalshi -Metaculus -Manifold -PredictIt,gdelt_doc,ERROR,GDELT fetch failed: HTTP Error 429: Too Many Requests,https://api.gdeltproject.org/api/v2/doc/doc?query=Israeli+Legislative+Election+Winner+-Polymarket+-Kalshi+-Metaculus+-Manifold+-PredictIt&mode=artlist&format=json&maxrecords=6&sort=hybridrel&timespan=7d,,,0,12de29d342b6f30c
20260706T153423Z,2026-07-06T15:34:23Z,PARENT-next-prime-minister-of-new-zealand,PARENT-next-prime-minister-of-new-zealand,Next Prime Minister of New Zealand,Parent market briefing,Next Prime Minister of New Zealand -Polymarket -Kalshi -Metaculus -Manifold -PredictIt,google_news_rss,Reuters,"India's Modi to visit Indonesia, Australia and New Zealand next week - Reuters",https://news.google.com/rss/articles/CBMitwFBVV95cUxNQWxqc2xLVjVtanUxZ3Q5YWNGMHpuNko0Q0cxT1VQcmlkc0s2ZE1ZTEpLRHh2MTAyd1pHajllRVBJeEhuWGtQRVBuOWMtMXpBclpCUXNUc3dSYVRFam5tdXFPOWtGcTBhZEFnVjBwZk5JR3RrSHdkWDlmTm90eVZmVjR1dkVPUHc3V0JFemdkdnlxUFoyalZzTUpVUURoMHVZeUwyOFNOYkFjMVA4enRPX19BcVd3Xzg?oc=5,"Fri, 03 Jul 2026 17:03:52 GMT","India's Modi to visit Indonesia, Australia and New Zealand next week Reuters",1,c060bf4a31cc3a64
20260706T153423Z,2026-07-06T15:34:23Z,PARENT-next-prime-minister-of-new-zealand,PARENT-next-prime-minister-of-new-zealand,Next Prime Minister of New Zealand,Parent market briefing,Next Prime Minister of New Zealand -Polymarket -Kalshi -Metaculus -Manifold -PredictIt,google_news_rss,The Jakarta Post,"India's Modi to visit Indonesia, Australia, New Zealand next week - The Jakarta Post",https://news.google.com/rss/articles/CBMirwFBVV95cUxORS1oSFEtR0lPUmNSODdrZWFOVHBlSVY5enNYM1l3aUdJUkhURmFrcHhOY3hHV0k1YnUzcXd6blhEMGZlUlY0eDJ1dE8xSEhKOUxEZ3NrZzBlYWdmRUpZY2g3NTFiOEFUNTBaMWRWQjR3NWh3eFEtdS15cU9kVmNTNzNKZHFqY0VxQjhuZDYwakExQ1VVazE5bHRJZ3FvQTJGbXJnQ1QxeklGeGJtdjlF?oc=5,"Fri, 03 Jul 2026 22:17:57 GMT","India's Modi to visit Indonesia, Australia, New Zealand next week The Jakarta Post",2,9ce7d58958a776c5
20260706T153423Z,2026-07-06T15:34:23Z,PARENT-next-prime-minister-of-new-zealand,PARENT-next-prime-minister-of-new-zealand,Next Prime Minister of New Zealand,Parent market briefing,Next Prime Minister of New Zealand -Polymarket -Kalshi -Metaculus -Manifold -PredictIt,google_news_rss,National Party,New Zealand to host Indian Prime Minister - National Party,https://news.google.com/rss/articles/CBMicEFVX3lxTE9VWnhxdko1eVdfNmM1dklvMGRVd1BGLXpXcldyd2VITTE2cWV4ZHdRX1B1NjFmdlJPRERnX19vR1ZYVk9OdG9wUzI1cHdEUWZjcnFGSGJBUEtXVVdWOE83bDJHUjNQVE5pUFhkYkNkR3g?oc=5,"Fri, 03 Jul 2026 01:20:11 GMT",New Zealand to host Indian Prime Minister National Party,3,f67a625359d114d8
20260706T153423Z,2026-07-06T15:34:23Z,PARENT-next-prime-minister-of-new-zealand,PARENT-next-prime-minister-of-new-zealand,Next Prime Minister of New Zealand,Parent market briefing,Next Prime Minister of New Zealand -Polymarket -Kalshi -Metaculus -Manifold -PredictIt,google_news_rss,Capitalfm.co.ke,Modi set for first official visit to New Zealand next week - Capitalfm.co.ke,https://news.google.com/rss/articles/CBMijAFBVV95cUxQSXg4R1FzNjQtZmpaZ3VYLU1UMU13UU5fU3RMbnNRWndjNkJnZTdhVXk2MFZ0Y3JxaVNaNjRxUm1XV2s5OWRwQVJaUTZmTDlEMkxFWnRSVXk2MHkyS25vQl9YU0xsZnpQcFQ0MGtXZUYwd1NpdEgzUVNzV0hCTDcycU1Lc2dnS3BsYkdHbw?oc=5,"Sat, 04 Jul 2026 12:12:36 GMT",Modi set for first official visit to New Zealand next week Capitalfm.co.ke,4,5ec2a1d48a6a09fa
20260706T153423Z,2026-07-06T15:34:23Z,PARENT-next-prime-minister-of-new-zealand,PARENT-next-prime-minister-of-new-zealand,Next Prime Minister of New Zealand,Parent market briefing,Next Prime Minister of New Zealand -Polymarket -Kalshi -Metaculus -Manifold -PredictIt,google_news_rss,Yahoo News Singapore,Indian PM Modi to make first official visit to New Zealand next week - Yahoo News Singapore,https://news.google.com/rss/articles/CBMieEFVX3lxTE5zakZJTTFGWkFqZWo3ZmpIYXp4Q3VvNDFRRmhpMkNkXzdMd2hEN21fUWZwaDdhYXl1MVM2MmZsdElMWFBHMHB5V0ZsLUNYVktVdlg2TE5LVWlEUjlfQTF0Z2xzbzQxdEp2ZUwyUlpUOUowRGg2U1ZSVQ?oc=5,"Fri, 03 Jul 2026 00:45:00 GMT",Indian PM Modi to make first official visit to New Zealand next week Yahoo News Singapore,5,36b045faa6f4d298
20260706T153423Z,2026-07-06T15:34:23Z,PARENT-next-prime-minister-of-new-zealand,PARENT-next-prime-minister-of-new-zealand,Next Prime Minister of New Zealand,Parent market briefing,Next Prime Minister of New Zealand -Polymarket -Kalshi -Metaculus -Manifold -PredictIt,google_news_rss,RNZ,India's Modi to visit New Zealand this month - RNZ,https://news.google.com/rss/articles/CBMikAFBVV95cUxQU2M4cFVnWmg4R3lmblB3VldFWmpHczY1bTZlXzFZekJUdmI4YWtfaEdYQ3JyRmw1Y1p0TkQ1MFhzQkg3TzJ6Q1pWZGFrSlY0cE5aVWdLQTQwMlVMakw5UXpiNWE1aGtTMnhGMnQwZWVlRTk4Yi1BMHNYN2lEQXVlRnF5TjZGNEpkZ0hvbVRGRUY?oc=5,"Fri, 03 Jul 2026 00:49:36 GMT",India's Modi to visit New Zealand this month RNZ,6,b89887638514aab7
20260706T153423Z,2026-07-06T15:34:23Z,PARENT-next-prime-minister-of-new-zealand,PARENT-next-prime-minister-of-new-zealand,Next Prime Minister of New Zealand,Parent market briefing,Next Prime Minister of New Zealand -Polymarket -Kalshi -Metaculus -Manifold -PredictIt,gdelt_doc,ERROR,GDELT fetch failed: Expecting value: line 1 column 1 (char 0),https://api.gdeltproject.org/api/v2/doc/doc?query=Next+Prime+Minister+of+New+Zealand+-Polymarket+-Kalshi+-Metaculus+-Manifold+-PredictIt&mode=artlist&format=json&maxrecords=6&sort=hybridrel&timespan=7d,,,0,12de29d342b6f30c
20260706T153423Z,2026-07-06T15:34:23Z,PARENT-new-zealand-legislative-election-winner,PARENT-new-zealand-legislative-election-winner,New Zealand legislative election winner,Parent market briefing,New Zealand legislative election winner -Polymarket -Kalshi -Metaculus -Manifold -PredictIt,google_news_rss,Roy Morgan Research,Roy Morgan New Zealand Poll: National-led Government holds narrow majority (51%) of support in June - Roy Morgan Research,https://news.google.com/rss/articles/CBMihgFBVV95cUxNTHNDMTYxRVA2ak82ZG5Mend3VW1fWkNEZGcwQ3dFdlFwdG41MF9PcVM2SkdiNXlXbGhXd2V0MEk5czR1NU5aamtYUk9HbHRFSW8yeTdyNktRTUlaVk0tSnQ1R2t1QnRNTVVNNjd0NjRtdG5aNW9oU3NISHF1c0lVZ0ZPZjJGQQ?oc=5,"Tue, 30 Jun 2026 01:42:27 GMT",Roy Morgan New Zealand Poll: National-led Government holds narrow majority (51%) of support in June Roy Morgan Research,1,fda627b5b9b7bf87
20260706T153423Z,2026-07-06T15:34:23Z,PARENT-new-zealand-legislative-election-winner,PARENT-new-zealand-legislative-election-winner,New Zealand legislative election winner,Parent market briefing,New Zealand legislative election winner -Polymarket -Kalshi -Metaculus -Manifold -PredictIt,google_news_rss,Anadolu Ajansı,INTERVIEW – New Zealand's Free Palestine Party aims to turn solidarity movement into political force - Anadolu Ajansı,https://news.google.com/rss/articles/CBMi2wFBVV95cUxOTHVzdEdLMEp0Zm44XzRWbXFCV1BzQmItSmVOZ2dGOEpmLVlCTTVfZWFxWGFVYnMyZk1aSkVfM21vd2o4RTZZOTYtMDNDSmlFZUo2TzNScVh6V2VXZm9HYkhLbGc5cWNtMWxtVmpldlZxOWhST1Q5Uy0ySW5rWVJIUTNqRVdxNHJLTUg4cE5teWp3Nm51S0J2SDNNUGVNUjVHTG4yd3FwMHJEd0gtNGhNaWtBcEQtc214LXRITTdyNGdiaFFKZXgwYVA5VDNBbzI2cFJBOUdCRlF3ckU?oc=5,"Wed, 01 Jul 2026 12:45:22 GMT",INTERVIEW – New Zealand's Free Palestine Party aims to turn solidarity movement into political force Anadolu Ajansı,2,7a381941fb4831f8
20260706T153423Z,2026-07-06T15:34:23Z,PARENT-new-zealand-legislative-election-winner,PARENT-new-zealand-legislative-election-winner,New Zealand legislative election winner,Parent market briefing,New Zealand legislative election winner -Polymarket -Kalshi -Metaculus -Manifold -PredictIt,google_news_rss,Barchart.com,Bonterra Resources Announces Election Results of Its 2026 Annual General Meeting - Barchart.com,https://news.google.com/rss/articles/CBMiwgFBVV95cUxOMmZUcWxkV3RDV2haYnFRam1CUUFaYURHLVFnUXV3dDBNRDZFU0Q5RG1PdDZRTVdZV3RTUkNlSlFvZDV1bjZQRm9oSU01X1hVRjc2dnQ0SUhMU2hKOGVZX1B4Q3p3NjRyNk1RQ0xwY3VHR0NEcFBobTFCVkxEbU0wQWlPTHk2a0kzSTF2STl2OEFoZDJwLXBWTVB0WUlvSnlONy0zd2ZSVnRYa0l1TE9GaXgtRm43NEdKdmdhbjFLdGQ1Zw?oc=5,"Tue, 30 Jun 2026 20:44:33 GMT",Bonterra Resources Announces Election Results of Its 2026 Annual General Meeting Barchart.com,3,c8f33336c92420c9
20260706T153423Z,2026-07-06T15:34:23Z,PARENT-new-zealand-legislative-election-winner,PARENT-new-zealand-legislative-election-winner,New Zealand legislative election winner,Parent market briefing,New Zealand legislative election winner -Polymarket -Kalshi -Metaculus -Manifold -PredictIt,google_news_rss,Firstpost,New Zealand election candidate quits after undisclosed links to Chinese political group surface - Firstpost,https://news.google.com/rss/articles/CBMi2AFBVV95cUxQTi1QWjlSVDZraUtWVU9talJMZWJzQVZaSGxITXRXNHRTdFFBRHJSNGI0SnFGUk5VY2l5WUVMeHUwSmNEZTRZZlNibnlCVUpZS1dUOGZidFhPMVd4Mk8yQUdjM2dIT0E2a2xfYV9pcnI5YkNwWVRNLU00dE1fcWp6VFhuVjNvaE40MTlnUloxUDZtaVVqWXZpVXZFQkhaSmtrQ2JNMHk5T2NPT0ZKR1M1cC1WWVRSSllnRDFYbnkzN1ZqbFJFNTQyTnFQbVV1TWhLcHlQMmdQX1_SAd4BQVVfeXFMUFZSbF9Lejg3Y1hrQV95S2hkNVJoQ04xeDBwbFRnS2k5cUtKQTZmNnVFM2N2bE9YWjZTSDRaYzVscUJrSnI0YTVlRk41aGpCUW95VEY3TzZ0ODh3cGF0LVRDUmtROEpzN2paYXRVVlItdXY2ci1sOE9rRU9QVXhNUDA0aE43Z2hQNVNYOG1zWUFUV3lOaVEySHgtODZ0YjJNanpmLWJsS09sRDAzT1M4QlByX1ZzUEpqellpcVhYVHdFYjdpOElPbFJfMnVYam5aUVphU194Q3lMRFhGaS1B?oc=5,"Tue, 30 Jun 2026 09:52:21 GMT",New Zealand election candidate quits after undisclosed links to Chinese political group surface Firstpost,4,b6a7ed5e07116ff8
20260706T153423Z,2026-07-06T15:34:23Z,PARENT-new-zealand-legislative-election-winner,PARENT-new-zealand-legislative-election-winner,New Zealand legislative election winner,Parent market briefing,New Zealand legislative election winner -Polymarket -Kalshi -Metaculus -Manifold -PredictIt,google_news_rss,Encyclopedia Britannica,"Democracy - Factions, Parties, Politics - Encyclopedia Britannica",https://news.google.com/rss/articles/CBMicEFVX3lxTFBkcEIyLVRwWjhOR2xycHNiM1J4YnpIUTZvLXNQU3NZQkRxN19wdkdyQmpKTEV0UFJuOENUY1A3akVoM19HVW9MTzFYRjhhc0w0bjU0SkRiQU5YQVMtYUQzUVBIOTQwM0t4MUREVG90MzM?oc=5,"Wed, 01 Jul 2026 05:00:00 GMT","Democracy - Factions, Parties, Politics Encyclopedia Britannica",5,7709f4bd64690b13
20260706T153423Z,2026-07-06T15:34:23Z,PARENT-new-zealand-legislative-election-winner,PARENT-new-zealand-legislative-election-winner,New Zealand legislative election winner,Parent market briefing,New Zealand legislative election winner -Polymarket -Kalshi -Metaculus -Manifold -PredictIt,google_news_rss,Mirage News,New Zealand First To Campaign On 'Citizens Only Voting' - Mirage News,https://news.google.com/rss/articles/CBMiigFBVV95cUxNSDVEZ2ZmNkEtc2dXaTRDVzhIdDdFM2JvVmhJQm1MSDVXaUNmUHRvX1QwVEE0dHBJTjF3MGJsbU9mRVUyMWtVUmgtMExkZlRqa2pwT1NRaXMyYW95YUpIMFVFdGgtWmg4cDBYaENISkFjb0lGX2VaaG1kNmZmQjkzcktfNWxpWmZSMUE?oc=5,"Sun, 05 Jul 2026 02:10:00 GMT",New Zealand First To Campaign On 'Citizens Only Voting' Mirage News,6,6573513ade902cae
20260706T153423Z,2026-07-06T15:34:23Z,PARENT-new-zealand-legislative-election-winner,PARENT-new-zealand-legislative-election-winner,New Zealand legislative election winner,Parent market briefing,New Zealand legislative election winner -Polymarket -Kalshi -Metaculus -Manifold -PredictIt,gdelt_doc,ERROR,GDELT fetch failed: HTTP Error 429: Too Many Requests,https://api.gdeltproject.org/api/v2/doc/doc?query=New+Zealand+legislative+election+winner+-Polymarket+-Kalshi+-Metaculus+-Manifold+-PredictIt&mode=artlist&format=json&maxrecords=6&sort=hybridrel&timespan=7d,,,0,12de29d342b6f30c
