estimate_id,run_id,timestamp_utc,prompt_version,model_backend,model_name,tracking_id,parent_market_name,market_name,primary_outcome_to_track,region,bucket,system_type,underlying_event_group,gamma_market_id,condition_id,exact_polymarket_slug,market_url,token_id,outcome_contract_question,fair_value,confidence,should_abstain,rationale_short,key_uncertainties_json,base_rate_notes,evidence_packet_paths_json,prompt_hash,raw_response,parse_status,error,comparison_price,price_type,liquidity_flags,signal_ready
20260626T160140Z:RSO-0001,20260626T160140Z,2026-06-26T16:01:40Z,fair_value_v0.1,ollama,qwen3:8b,RSO-0001,"Senate control, 2026","Senate control, 2026 — Republican Party",Republican Party,US,us_national,us_federal,us_senate_control_2026,562794,0x86bfb53af7250a40928975c551d12c185b762fa4ce0b40c6a64a50c946d72587,will-the-republican-party-control-the-senate-after-the-2026-midterm-elections,https://polymarket.com/event/will-the-republican-party-control-the-senate-after-the-2026-midterm-elections,51939490109676186832507970701169130490548061087912630009168726706475001411420,Will the Republican Party control the Senate after the 2026 Midterm elections?,0.65,0.75,false,"Republicans start with a 53-47 majority. Democrats need a net gain of four seats, which requires a strong national environment and multiple state-level conversions. Current generic ballot favors Democrats by ~5.8, but Senate maps are state-specific and uneven.","[""National environment's impact on Senate seats"", ""Conversion of GOP-held battlegrounds"", ""Polling accuracy and candidate quality effects"", ""Special elections outcomes"", ""District-specific local issues""]",Senate control is structurally favored for Republicans but not guaranteed. Democrats need a strong environment and multiple state-level gains.,"[""evidence/shared/us_midterms_context.md"", ""evidence/parents/us-senate-control-2026.md"", ""evidence/parents/senate-control-2026.md"", ""evidence/markets/RSO-0001.md""]",041a078138c9f026,"{""fair_value"":0.65,""confidence"":0.75,""should_abstain"":false,""rationale_short"":""Republicans start with a 53-47 majority. Democrats need a net gain of four seats, which requires a strong national environment and multiple state-level conversions. Current generic ballot favors Democrats by ~5.8, but Senate maps are state-specific and uneven."",""key_uncertainties"":[""National environment's impact on Senate seats"",""Conversion of GOP-held battlegrounds"",""Polling accuracy and candidate quality effects"",""Special elections outcomes"",""District-specific local issues""],""base_rate_notes"":""Senate control is structurally favored for Republicans but not guaranteed. Democrats need a strong environment and multiple state-level gains.""}",OK,,0.0115,mid,,true
20260626T160140Z:RSO-0002,20260626T160140Z,2026-06-26T16:01:40Z,fair_value_v0.1,ollama,qwen3:8b,RSO-0002,"Senate control, 2026","Senate control, 2026 — Democratic Party",Democratic Party,US,us_national,us_federal,us_senate_control_2026,562793,0x307a1ed89d60b61002dd5bbf00e1408c5ed2ab3fcdb056191ca7ef9bc34d38f3,will-the-democratic-party-control-the-senate-after-the-2026-midterm-elections,https://polymarket.com/event/will-the-democratic-party-control-the-senate-after-the-2026-midterm-elections,113287701564209339913693347405685749986285999146352375265161592243948562084773,Will the Democratic Party control the Senate after the 2026 Midterm elections?,0.35,0.65,false,"Democratic control requires strong national environment and multiple state-level conversions, which are plausible but not certain.","[""National environment strength"", ""Conversion of multiple GOP-held states"", ""Polling accuracy"", ""Candidate quality effects"", ""District-specific dynamics""]",Republicans start with 53-47 majority; Democrats need net gain of 4 seats for control.,"[""evidence/shared/us_midterms_context.md"", ""evidence/parents/us-senate-control-2026.md"", ""evidence/parents/senate-control-2026.md"", ""evidence/markets/RSO-0002.md""]",db325699fd24b566,"{""fair_value"":0.35,""confidence"":0.65,""should_abstain"":false,""rationale_short"":""Democratic control requires strong national environment and multiple state-level conversions, which are plausible but not certain."",""key_uncertainties"":[""National environment strength"",""Conversion of multiple GOP-held states"",""Polling accuracy"",""Candidate quality effects"",""District-specific dynamics""],""base_rate_notes"":""Republicans start with 53-47 majority; Democrats need net gain of 4 seats for control.""}",OK,,0.0805,mid,,true
20260626T160140Z:RSO-0003,20260626T160140Z,2026-06-26T16:01:40Z,fair_value_v0.1,ollama,qwen3:8b,RSO-0003,"House control, 2026","House control, 2026 — Republican Party",Republican Party,US,us_national,us_federal,us_house_control_2026,562803,0x4e4f77e7dbf4cab666e9a1943674d7ae66348e862df03ea6f44b11eb95731928,will-the-republican-party-control-the-house-after-the-2026-midterm-elections,https://polymarket.com/event/will-the-republican-party-control-the-house-after-the-2026-midterm-elections,65139230827417363158752884968303867495725894165574887635816574090175320800482,Will the Republican Party control the House after the 2026 Midterm elections?,0.45,0.65,false,"Democratic advantage in generic ballot suggests plausible Democratic control, but Republican resilience due to districting and incumbency keeps it competitive.","[""National mood shifts"", ""Districting changes"", ""Incumbent performance"", ""Candidate quality"", ""Turnout dynamics""]","Base rate favors Democrats with D+5 generic ballot, but House control is sensitive to structural factors like districting and incumbency.","[""evidence/shared/us_midterms_context.md"", ""evidence/parents/us-house-control-2026.md"", ""evidence/parents/house-control-2026.md"", ""evidence/markets/RSO-0003.md""]",b0f1af4ecbe14a94,"{""fair_value"":0.45,""confidence"":0.65,""should_abstain"":false,""rationale_short"":""Democratic advantage in generic ballot suggests plausible Democratic control, but Republican resilience due to districting and incumbency keeps it competitive."",""key_uncertainties"":[""National mood shifts"",""Districting changes"",""Incumbent performance"",""Candidate quality"",""Turnout dynamics""],""base_rate_notes"":""Base rate favors Democrats with D+5 generic ballot, but House control is sensitive to structural factors like districting and incumbency.""}",OK,,0.505,mid,,true
20260626T160140Z:RSO-0004,20260626T160140Z,2026-06-26T16:01:40Z,fair_value_v0.1,ollama,qwen3:8b,RSO-0004,"House control, 2026","House control, 2026 — Democratic Party",Democratic Party,US,us_national,us_federal,us_house_control_2026,562802,0xd5d9fc47718bd553592d126b1fa5e87183d27f3936975b0c04cc0f2dec1f1bb4,will-the-democratic-party-control-the-house-after-the-2026-midterm-elections,https://polymarket.com/event/will-the-democratic-party-control-the-house-after-the-2026-midterm-elections,83247781037352156539108067944461291821683755894607244160607042790356561625563,Will the Democratic Party control the House after the 2026 Midterm elections?,0.55,0.7,false,"Democratic control is plausible with a mid-single-digit generic ballot lead, but Republican control remains viable due to districting and incumbency factors.","[""National generic ballot stability"", ""Districting effects"", ""Incumbent performance"", ""Candidate quality variations"", ""Turnout dynamics""]","Base rate reflects mid-single-digit Democratic advantage in generic ballot, with House control more sensitive to national environment than Senate.","[""evidence/shared/us_midterms_context.md"", ""evidence/parents/us-house-control-2026.md"", ""evidence/parents/house-control-2026.md"", ""evidence/markets/RSO-0004.md""]",3ea513745f0cb0c7,"{""fair_value"":0.55,""confidence"":0.7,""should_abstain"":false,""rationale_short"":""Democratic control is plausible with a mid-single-digit generic ballot lead, but Republican control remains viable due to districting and incumbency factors."",""key_uncertainties"":[""National generic ballot stability"",""Districting effects"",""Incumbent performance"",""Candidate quality variations"",""Turnout dynamics""],""base_rate_notes"":""Base rate reflects mid-single-digit Democratic advantage in generic ballot, with House control more sensitive to national environment than Senate.""}",OK,,0.135,mid,,true
20260626T160140Z:RSO-0005,20260626T160140Z,2026-06-26T16:01:40Z,fair_value_v0.1,ollama,qwen3:8b,RSO-0005,Republican House seats after 2026 midterms,Republican House seats after 2026 midterms — Below 190,Below 190,US,us_national,us_federal,us_house_seat_range_2026,919489,0xa2e43598547f2e90e3eee195812c8814202b9b66f6c540d7e15a265cbe93f68f,will-the-republican-party-hold-below-190-house-seats-after-the-2026-midterm-elections,https://polymarket.com/event/will-the-republican-party-hold-below-190-house-seats-after-the-2026-midterm-elections,106321904011141120286469207995805275978977204556483905903452161304048552011252,Will the Republican Party hold below 190 House seats after the 2026 midterm elections?,0.15,0.6,false,"Democratic advantage and wave potential suggest GOP below 190 is a tail outcome, but uncertainty remains.","[""National generic ballot strength"", ""Wave size"", ""District-specific dynamics"", ""Candidate quality"", ""Turnout patterns""]",Base rate suggests GOP below 190 is a tail outcome unless there is a large Democratic wave.,"[""evidence/shared/us_midterms_context.md"", ""evidence/parents/us-house-seat-range-2026.md"", ""evidence/parents/republican-house-seats-after-2026-midterms.md"", ""evidence/markets/RSO-0005.md""]",6ffcdcf7c9fea823,"{""fair_value"":0.15,""confidence"":0.6,""should_abstain"":false,""rationale_short"":""Democratic advantage and wave potential suggest GOP below 190 is a tail outcome, but uncertainty remains."",""key_uncertainties"":[""National generic ballot strength"",""Wave size"",""District-specific dynamics"",""Candidate quality"",""Turnout patterns""],""base_rate_notes"":""Base rate suggests GOP below 190 is a tail outcome unless there is a large Democratic wave.""}",OK,,0.035,mid,,true
20260626T160140Z:RSO-0006,20260626T160140Z,2026-06-26T16:01:40Z,fair_value_v0.1,ollama,qwen3:8b,RSO-0006,Republican House seats after 2026 midterms,Republican House seats after 2026 midterms — 190-194,190-194,US,us_national,us_federal,us_house_seat_range_2026,919490,0x18cc1dd29f0b816135d5337cebae4d1f8b42a2c8b951e893936f35fd235ecc94,will-the-republican-party-hold-between-190-and-194-house-seats-after-the-2026-midterm-elections,https://polymarket.com/event/will-the-republican-party-hold-between-190-and-194-house-seats-after-the-2026-midterm-elections,28563039514548428320768176747354466148898869862983186828076262234559578730437,Will the Republican Party hold between 190 and 194 House seats after the 2026 midterm elections?,0.35,0.65,false,Mid-single-digit Democratic generic ballot advantage suggests GOP seat counts below 190 are plausible but not certain. Range tails are sensitive to wave size.,"[""National environment shifts"", ""Wave magnitude"", ""Candidate quality effects"", ""District-specific dynamics"", ""Polling accuracy""]","Base rate considers mid-single-digit D advantage, GOP starting majority, and historical midterm trends.","[""evidence/shared/us_midterms_context.md"", ""evidence/parents/us-house-seat-range-2026.md"", ""evidence/parents/republican-house-seats-after-2026-midterms.md"", ""evidence/markets/RSO-0006.md""]",426a3eaf9966e7cc,"{""fair_value"":0.35,""confidence"":0.65,""should_abstain"":false,""rationale_short"":""Mid-single-digit Democratic generic ballot advantage suggests GOP seat counts below 190 are plausible but not certain. Range tails are sensitive to wave size."",""key_uncertainties"":[""National environment shifts"",""Wave magnitude"",""Candidate quality effects"",""District-specific dynamics"",""Polling accuracy""],""base_rate_notes"":""Base rate considers mid-single-digit D advantage, GOP starting majority, and historical midterm trends.""}",OK,,0.5,mid,,true
20260626T160140Z:RSO-0007,20260626T160140Z,2026-06-26T16:01:40Z,fair_value_v0.1,ollama,qwen3:8b,RSO-0007,Republican House seats after 2026 midterms,Republican House seats after 2026 midterms — 195-199,195-199,US,us_national,us_federal,us_house_seat_range_2026,919491,0xa6af312109c285d70f39a4f8d8e3d4a2e7e12bcabe5ab03527396a3a1377925d,will-the-republican-party-hold-between-195-and-199-house-seats-after-the-2026-midterm-elections,https://polymarket.com/event/will-the-republican-party-hold-between-195-and-199-house-seats-after-the-2026-midterm-elections,115193834526916935745756977772378619467834046854963255708898687971795314424675,Will the Republican Party hold between 195 and 199 House seats after the 2026 midterm elections?,0.45,0.65,false,"Mid-single-digit Democratic generic ballot advantage suggests GOP seat counts below 218 are plausible, but range-specific uncertainty and potential for wave size variation keep probability below 50%.","[""National environment shifts"", ""Wave size variability"", ""District-specific dynamics"", ""Candidate quality impacts"", ""Polling accuracy""]","Base rate considers mid-single-digit Democratic advantage and historical midterm trends, but range-specific contracts require nuanced adjustment.","[""evidence/shared/us_midterms_context.md"", ""evidence/parents/us-house-seat-range-2026.md"", ""evidence/parents/republican-house-seats-after-2026-midterms.md"", ""evidence/markets/RSO-0007.md""]",471d791aa1df6e06,"{""fair_value"":0.45,""confidence"":0.65,""should_abstain"":false,""rationale_short"":""Mid-single-digit Democratic generic ballot advantage suggests GOP seat counts below 218 are plausible, but range-specific uncertainty and potential for wave size variation keep probability below 50%."",""key_uncertainties"":[""National environment shifts"",""Wave size variability"",""District-specific dynamics"",""Candidate quality impacts"",""Polling accuracy""],""base_rate_notes"":""Base rate considers mid-single-digit Democratic advantage and historical midterm trends, but range-specific contracts require nuanced adjustment.""}",OK,,0.0025,mid,,true
20260626T160140Z:RSO-0008,20260626T160140Z,2026-06-26T16:01:40Z,fair_value_v0.1,ollama,qwen3:8b,RSO-0008,Republican House seats after 2026 midterms,Republican House seats after 2026 midterms — 200-204,200-204,US,us_national,us_federal,us_house_seat_range_2026,919492,0x7ff4e4b2f389acdd96ef18bb34684b9219a972b7ef0cde5856d28f5d5325f3d4,will-the-republican-party-hold-between-200-and-204-house-seats-after-the-2026-midterm-elections,https://polymarket.com/event/will-the-republican-party-hold-between-200-and-204-house-seats-after-the-2026-midterm-elections,72002069499527925398637560287453277989370912181886433715927009264225913591577,Will the Republican Party hold between 200 and 204 House seats after the 2026 midterm elections?,0.45,0.65,false,"Mid-single-digit Democratic generic ballot advantage suggests GOP seat counts below 218 are plausible, but 200-204 is a moderate range with significant uncertainty.","[""National environment shifts"", ""Incumbent performance"", ""Candidate quality variations"", ""District-specific factors"", ""Wave size variability""]",Based on current generic ballot trends and historical midterm patterns.,"[""evidence/shared/us_midterms_context.md"", ""evidence/parents/us-house-seat-range-2026.md"", ""evidence/parents/republican-house-seats-after-2026-midterms.md"", ""evidence/markets/RSO-0008.md""]",8a526abd6a6bb91b,"{""fair_value"":0.45,""confidence"":0.65,""should_abstain"":false,""rationale_short"":""Mid-single-digit Democratic generic ballot advantage suggests GOP seat counts below 218 are plausible, but 200-204 is a moderate range with significant uncertainty."",""key_uncertainties"":[""National environment shifts"",""Incumbent performance"",""Candidate quality variations"",""District-specific factors"",""Wave size variability""],""base_rate_notes"":""Based on current generic ballot trends and historical midterm patterns.""}",OK,,0.305,mid,,true
20260626T160140Z:RSO-0009,20260626T160140Z,2026-06-26T16:01:40Z,fair_value_v0.1,ollama,qwen3:8b,RSO-0009,Republican House seats after 2026 midterms,Republican House seats after 2026 midterms — 205-209,205-209,US,us_national,us_federal,us_house_seat_range_2026,919493,0x55f8333c05a9693135c74efeb660c473d9b7a46c02be73ce828914313dda5faf,will-the-republican-party-hold-between-205-and-209-house-seats-after-the-2026-midterm-elections,https://polymarket.com/event/will-the-republican-party-hold-between-205-and-209-house-seats-after-the-2026-midterm-elections,29313994937981195788931635785989333043799554756927714294439868926183474951020,Will the Republican Party hold between 205 and 209 House seats after the 2026 midterm elections?,0.45,0.65,false,"Mid-single-digit Democratic generic ballot advantage suggests GOP seat counts below majority are plausible, but range tails are sensitive to wave size. 205-209 is a moderate range reflecting moderate GOP losses.","[""National environment shift magnitude"", ""Wave size impact on seat distribution"", ""District-specific dynamics"", ""Candidate quality effects"", ""Turnout patterns""]","Base rate considers current GOP majority, mid-single-digit D advantage, and historical midterm trends.","[""evidence/shared/us_midterms_context.md"", ""evidence/parents/us-house-seat-range-2026.md"", ""evidence/parents/republican-house-seats-after-2026-midterms.md"", ""evidence/markets/RSO-0009.md""]",4fe9ce9372cddf49,"{""fair_value"":0.45,""confidence"":0.65,""should_abstain"":false,""rationale_short"":""Mid-single-digit Democratic generic ballot advantage suggests GOP seat counts below majority are plausible, but range tails are sensitive to wave size. 205-209 is a moderate range reflecting moderate GOP losses."",""key_uncertainties"":[""National environment shift magnitude"",""Wave size impact on seat distribution"",""District-specific dynamics"",""Candidate quality effects"",""Turnout patterns""],""base_rate_notes"":""Base rate considers current GOP majority, mid-single-digit D advantage, and historical midterm trends.""}",OK,,0.255,mid,,true
20260626T160140Z:RSO-0010,20260626T160140Z,2026-06-26T16:01:40Z,fair_value_v0.1,ollama,qwen3:8b,RSO-0010,Republican House seats after 2026 midterms,Republican House seats after 2026 midterms — 210-214,210-214,US,us_national,us_federal,us_house_seat_range_2026,919494,0xf301c0842eeb33bd0a7718e4775bfb98b326a28bf837e18d65057e3516a5f6cb,will-the-republican-party-hold-between-210-and-214-house-seats-after-the-2026-midterm-elections,https://polymarket.com/event/will-the-republican-party-hold-between-210-and-214-house-seats-after-the-2026-midterm-elections,54380927206833851183661949055792883595494421437547231435217946779970572480742,Will the Republican Party hold between 210 and 214 House seats after the 2026 midterm elections?,0.35,0.65,false,"Mid-single-digit Democratic generic ballot advantage suggests GOP seat counts below 218 are plausible, but range-specific probabilities require balancing wave size and structural factors.","[""National environment shift magnitude"", ""Districting changes"", ""Candidate quality impacts"", ""Turnout dynamics"", ""Wave size variability""]","Base rate considers mid-single-digit D advantage, GOP starting majority, and historical midterm trends.","[""evidence/shared/us_midterms_context.md"", ""evidence/parents/us-house-seat-range-2026.md"", ""evidence/parents/republican-house-seats-after-2026-midterms.md"", ""evidence/markets/RSO-0010.md""]",3edbd386d5bde4e0,"{""fair_value"":0.35,""confidence"":0.65,""should_abstain"":false,""rationale_short"":""Mid-single-digit Democratic generic ballot advantage suggests GOP seat counts below 218 are plausible, but range-specific probabilities require balancing wave size and structural factors."",""key_uncertainties"":[""National environment shift magnitude"",""Districting changes"",""Candidate quality impacts"",""Turnout dynamics"",""Wave size variability""],""base_rate_notes"":""Base rate considers mid-single-digit D advantage, GOP starting majority, and historical midterm trends.""}",OK,,0.615,mid,,true
20260626T160140Z:RSO-0011,20260626T160140Z,2026-06-26T16:01:40Z,fair_value_v0.1,ollama,qwen3:8b,RSO-0011,Republican House seats after 2026 midterms,Republican House seats after 2026 midterms — 215-219,215-219,US,us_national,us_federal,us_house_seat_range_2026,919495,0x0d8711f5f475002d8236dcf4c848882aee7a2f34a515dda6ff0623906bf862a3,will-the-republican-party-hold-between-215-and-219-house-seats-after-the-2026-midterm-elections,https://polymarket.com/event/will-the-republican-party-hold-between-215-and-219-house-seats-after-the-2026-midterm-elections,60694193343700070785132990153245047299390401777230625432234093346484633438371,Will the Republican Party hold between 215 and 219 House seats after the 2026 midterm elections?,0.45,0.65,false,"Mid-single-digit Democratic generic ballot suggests GOP seat counts below 218 are plausible, but range-specific uncertainty and potential for wave size variation keep probability below 50%","[""National environment shift magnitude"", ""Wave size variability"", ""District-specific dynamics"", ""Candidate quality impacts"", ""Polling accuracy near election day""]","Based on current generic ballot and historical midterm patterns, GOP seat counts in 215-219 range align with mid-range wave scenarios.","[""evidence/shared/us_midterms_context.md"", ""evidence/parents/us-house-seat-range-2026.md"", ""evidence/parents/republican-house-seats-after-2026-midterms.md"", ""evidence/markets/RSO-0011.md""]",2e87eb8e3596c302,"{""fair_value"":0.45,""confidence"":0.65,""should_abstain"":false,""rationale_short"":""Mid-single-digit Democratic generic ballot suggests GOP seat counts below 218 are plausible, but range-specific uncertainty and potential for wave size variation keep probability below 50%"",""key_uncertainties"":[""National environment shift magnitude"",""Wave size variability"",""District-specific dynamics"",""Candidate quality impacts"",""Polling accuracy near election day""],""base_rate_notes"":""Based on current generic ballot and historical midterm patterns, GOP seat counts in 215-219 range align with mid-range wave scenarios.""}",OK,,0.009,mid,,true
20260626T160140Z:RSO-0012,20260626T160140Z,2026-06-26T16:01:40Z,fair_value_v0.1,ollama,qwen3:8b,RSO-0012,Republican House seats after 2026 midterms,Republican House seats after 2026 midterms — 220-224,220-224,US,us_national,us_federal,us_house_seat_range_2026,919496,0xba093f5c98e6c7d389a18ad4849ce5e82c2238f6daaf40755c1399d093e9a8f4,will-the-republican-party-hold-between-220-and-224-house-seats-after-the-2026-midterm-elections,https://polymarket.com/event/will-the-republican-party-hold-between-220-and-224-house-seats-after-the-2026-midterm-elections,11440416578482803281113271939006595670566573058595214243294246034853366786529,Will the Republican Party hold between 220 and 224 House seats after the 2026 midterm elections?,0.35,0.65,false,"Mid-single-digit Democratic generic ballot advantage suggests GOP seat counts below 218 are plausible, but 220-224 is a moderate range requiring balance between wave size and structural factors.","[""National environment shift magnitude"", ""Districting changes"", ""Candidate quality impacts"", ""Turnout patterns"", ""Wave size variability""]","Base rate considers mid-single-digit D advantage, GOP starting majority, and historical midterm trends.","[""evidence/shared/us_midterms_context.md"", ""evidence/parents/us-house-seat-range-2026.md"", ""evidence/parents/republican-house-seats-after-2026-midterms.md"", ""evidence/markets/RSO-0012.md""]",d8ddb4d9e5266377,"{""fair_value"":0.35,""confidence"":0.65,""should_abstain"":false,""rationale_short"":""Mid-single-digit Democratic generic ballot advantage suggests GOP seat counts below 218 are plausible, but 220-224 is a moderate range requiring balance between wave size and structural factors."",""key_uncertainties"":[""National environment shift magnitude"",""Districting changes"",""Candidate quality impacts"",""Turnout patterns"",""Wave size variability""],""base_rate_notes"":""Base rate considers mid-single-digit D advantage, GOP starting majority, and historical midterm trends.""}",OK,,0.001,ask_only,no_bids,true
20260626T160140Z:RSO-0013,20260626T160140Z,2026-06-26T16:01:40Z,fair_value_v0.1,ollama,qwen3:8b,RSO-0013,Republican House seats after 2026 midterms,Republican House seats after 2026 midterms — 225-229,225-229,US,us_national,us_federal,us_house_seat_range_2026,919497,0x2a576fa3ba72588ab56857b87e870f31f2c2e3e0a3e88943ebd207a8952af3f1,will-the-republican-party-hold-between-225-and-229-house-seats-after-the-2026-midterm-elections,https://polymarket.com/event/will-the-republican-party-hold-between-225-and-229-house-seats-after-the-2026-midterm-elections,44021367593004066376259961625159230858755451295969387051970594277311771462296,Will the Republican Party hold between 225 and 229 House seats after the 2026 midterm elections?,0.45,0.65,false,"Mid-single-digit Democratic generic ballot suggests GOP seat counts below majority plausible, but range-specific uncertainty and potential for wave size variation keep probability moderate.","[""National environment shift magnitude"", ""Wave size variability"", ""District-specific dynamics"", ""Candidate quality impacts"", ""Polling accuracy near election day""]","Base rate considers mid-single-digit Democratic advantage and House sensitivity to national environment, with adjustments for range-specific tail risks.","[""evidence/shared/us_midterms_context.md"", ""evidence/parents/us-house-seat-range-2026.md"", ""evidence/parents/republican-house-seats-after-2026-midterms.md"", ""evidence/markets/RSO-0013.md""]",dddf4332a3a34c1f,"{""fair_value"":0.45,""confidence"":0.65,""should_abstain"":false,""rationale_short"":""Mid-single-digit Democratic generic ballot suggests GOP seat counts below majority plausible, but range-specific uncertainty and potential for wave size variation keep probability moderate."",""key_uncertainties"":[""National environment shift magnitude"",""Wave size variability"",""District-specific dynamics"",""Candidate quality impacts"",""Polling accuracy near election day""],""base_rate_notes"":""Base rate considers mid-single-digit Democratic advantage and House sensitivity to national environment, with adjustments for range-specific tail risks.""}",OK,,0.43,mid,,true
20260626T160140Z:RSO-0014,20260626T160140Z,2026-06-26T16:01:40Z,fair_value_v0.1,ollama,qwen3:8b,RSO-0014,Republican House seats after 2026 midterms,Republican House seats after 2026 midterms — 230+,230+,US,us_national,us_federal,us_house_seat_range_2026,919498,0x217a8a10e4ec9f7d12d5b94024d4853f326c9b0de14b119b62d8b779f67d8111,will-the-republican-party-hold-230-or-more-house-seats-after-the-2026-midterm-elections,https://polymarket.com/event/will-the-republican-party-hold-230-or-more-house-seats-after-the-2026-midterm-elections,93609386279271538145284495213602532023820232074612322223448573915979176212698,Will the Republican Party hold 230 or more House seats after the 2026 midterm elections?,0.45,0.65,false,"Democratic generic ballot lead suggests GOP below majority, but seat-range depends on wave size and district dynamics. 230+ is a strong GOP hold, but mid-single-digit D advantage may not translate to such a high count.","[""Wave size uncertainty"", ""District-specific dynamics"", ""Candidate quality impacts"", ""Turnout patterns"", ""National mood shifts""]","Base rate suggests GOP below majority with D+5-6 generic ballot, but 230+ requires strong GOP performance or underperformance by Democrats.","[""evidence/shared/us_midterms_context.md"", ""evidence/parents/us-house-seat-range-2026.md"", ""evidence/parents/republican-house-seats-after-2026-midterms.md"", ""evidence/markets/RSO-0014.md""]",ac166d57ee5e4cb5,"{""fair_value"":0.45,""confidence"":0.65,""should_abstain"":false,""rationale_short"":""Democratic generic ballot lead suggests GOP below majority, but seat-range depends on wave size and district dynamics. 230+ is a strong GOP hold, but mid-single-digit D advantage may not translate to such a high count."",""key_uncertainties"":[""Wave size uncertainty"",""District-specific dynamics"",""Candidate quality impacts"",""Turnout patterns"",""National mood shifts""],""base_rate_notes"":""Base rate suggests GOP below majority with D+5-6 generic ballot, but 230+ requires strong GOP performance or underperformance by Democrats.""}",OK,,0.023,mid,,true
20260626T160140Z:RSO-0015,20260626T160140Z,2026-06-26T16:01:40Z,fair_value_v0.1,ollama,qwen3:8b,RSO-0015,Republican Senate seats after 2026 midterms,Republican Senate seats after 2026 midterms — ≤47,≤47,US,us_national,us_federal,us_senate_seat_range_2026,943819,0x46c862237fc39f6357ce2efa748274e4539c1ffe60cd6a89e3fe689373fa27a8,will-the-republican-party-hold-47-or-fewer-senate-seats-after-the-2026-midterm-elections,https://polymarket.com/event/will-the-republican-party-hold-47-or-fewer-senate-seats-after-the-2026-midterm-elections,89624669145341997724697326849445716755183665898947701894080018635919612252707,Will the Republican Party hold 47 or fewer Senate seats after the 2026 midterm elections?,0.15,0.6,false,"Democratic advantage and GOP headwinds suggest a strong cycle, but achieving ≤47 requires significant GOP losses. Current evidence indicates a plausible but non-certain outcome.","[""Polling accuracy"", ""Candidate quality"", ""District-specific dynamics"", ""National mood shifts"", ""Special elections impact""]","Republicans start at 53 seats; a Democratic advantage of +5-6 suggests potential for losses, but Senate maps are state-specific and uneven.","[""evidence/shared/us_midterms_context.md"", ""evidence/parents/us-senate-seat-range-2026.md"", ""evidence/parents/republican-senate-seats-after-2026-midterms.md"", ""evidence/markets/RSO-0015.md""]",1d64ad951de9928d,"{""fair_value"":0.15,""confidence"":0.6,""should_abstain"":false,""rationale_short"":""Democratic advantage and GOP headwinds suggest a strong cycle, but achieving ≤47 requires significant GOP losses. Current evidence indicates a plausible but non-certain outcome."",""key_uncertainties"":[""Polling accuracy"",""Candidate quality"",""District-specific dynamics"",""National mood shifts"",""Special elections impact""],""base_rate_notes"":""Republicans start at 53 seats; a Democratic advantage of +5-6 suggests potential for losses, but Senate maps are state-specific and uneven.""}",OK,,0.026,mid,,true
20260626T160140Z:RSO-0021,20260626T160140Z,2026-06-26T16:01:40Z,fair_value_v0.1,ollama,qwen3:8b,RSO-0021,Republican Senate seats after 2026 midterms,Republican Senate seats after 2026 midterms — 53,53,US,us_national,us_federal,us_senate_seat_range_2026,943825,0x812d9ea644c58f1e889643bbd9184e9c5fdacbba55d1f9fef2eb2d55ce5dc1c2,will-the-republican-party-hold-exactly-53-senate-seats-after-the-2026-midterm-elections,https://polymarket.com/event/will-the-republican-party-hold-exactly-53-senate-seats-after-the-2026-midterm-elections,15394416147421266264002744586901575755411758481406494583013250092373628427765,Will the Republican Party hold exactly 53 Senate seats after the 2026 midterm elections?,0.55,0.7,false,Base rate suggests Republicans likely retain 53 seats with moderate national Democratic advantage and Senate's state-specific nature.,"[""National generic ballot strength"", ""Senate battleground outcomes"", ""Special elections impact"", ""Candidate quality effects"", ""District-specific polling errors""]",Republicans start with 53 seats; Senate control depends on state-specific factors and national environment.,"[""evidence/shared/us_midterms_context.md"", ""evidence/parents/us-senate-seat-range-2026.md"", ""evidence/parents/republican-senate-seats-after-2026-midterms.md"", ""evidence/markets/RSO-0021.md""]",ac233b3dfaf0de0d,"{""fair_value"":0.55,""confidence"":0.7,""should_abstain"":false,""rationale_short"":""Base rate suggests Republicans likely retain 53 seats with moderate national Democratic advantage and Senate's state-specific nature."",""key_uncertainties"":[""National generic ballot strength"",""Senate battleground outcomes"",""Special elections impact"",""Candidate quality effects"",""District-specific polling errors""],""base_rate_notes"":""Republicans start with 53 seats; Senate control depends on state-specific factors and national environment.""}",OK,,0.0055,mid,,true
20260626T160140Z:RSO-0022,20260626T160140Z,2026-06-26T16:01:40Z,fair_value_v0.1,ollama,qwen3:8b,RSO-0022,Republican Senate seats after 2026 midterms,Republican Senate seats after 2026 midterms — 54,54,US,us_national,us_federal,us_senate_seat_range_2026,943826,0x38fa3007c7be18a217849262667e39266341cb2fd7b5f8da75472b0a9e420480,will-the-republican-party-hold-exactly-54-senate-seats-after-the-2026-midterm-elections,https://polymarket.com/event/will-the-republican-party-hold-exactly-54-senate-seats-after-the-2026-midterm-elections,13278443981418985302116823794751942747516190107446009911143426402863687470127,Will the Republican Party hold exactly 54 Senate seats after the 2026 midterm elections?,0.45,0.65,false,"Base rate suggests Republicans likely retain 53 seats, but 54 requires net gains or defensive wins. National Democratic advantage and Senate dynamics add uncertainty.","[""Democratic generic ballot strength"", ""GOP defensive wins in battlegrounds"", ""Special elections impact"", ""Candidate quality effects"", ""Polling accuracy""]","Republicans start with 53 seats; 54+ requires net gains or successful defense. Senate maps are state-specific, so national trends don't directly translate.","[""evidence/shared/us_midterms_context.md"", ""evidence/parents/us-senate-seat-range-2026.md"", ""evidence/parents/republican-senate-seats-after-2026-midterms.md"", ""evidence/markets/RSO-0022.md""]",3c56864b0286c834,"{""fair_value"":0.45,""confidence"":0.65,""should_abstain"":false,""rationale_short"":""Base rate suggests Republicans likely retain 53 seats, but 54 requires net gains or defensive wins. National Democratic advantage and Senate dynamics add uncertainty."",""key_uncertainties"":[""Democratic generic ballot strength"",""GOP defensive wins in battlegrounds"",""Special elections impact"",""Candidate quality effects"",""Polling accuracy""],""base_rate_notes"":""Republicans start with 53 seats; 54+ requires net gains or successful defense. Senate maps are state-specific, so national trends don't directly translate.""}",OK,,0.365,mid,,true
20260626T160140Z:RSO-0023,20260626T160140Z,2026-06-26T16:01:40Z,fair_value_v0.1,ollama,qwen3:8b,RSO-0023,Republican Senate seats after 2026 midterms,Republican Senate seats after 2026 midterms — 55,55,US,us_national,us_federal,us_senate_seat_range_2026,943827,0x77051d8ddec1e312de90cdf2ce026ce1c4df4c1c264cfa1525e55995b542fb0c,will-the-republican-party-hold-exactly-55-senate-seats-after-the-2026-midterm-elections,https://polymarket.com/event/will-the-republican-party-hold-exactly-55-senate-seats-after-the-2026-midterm-elections,10750997471908598562514411969554157596465059745769943341362824315243580377116,Will the Republican Party hold exactly 55 Senate seats after the 2026 midterm elections?,0.35,0.65,false,Republicans start at 53 seats; 55 requires net gains. National Democratic advantage and Senate dynamics suggest moderate chance.,"[""Polling accuracy"", ""Candidate quality"", ""Special elections impact"", ""District-specific factors"", ""National mood shifts""]",Base rate reflects starting 53 seats and moderate Democratic advantage with Senate's state-specific nature.,"[""evidence/shared/us_midterms_context.md"", ""evidence/parents/us-senate-seat-range-2026.md"", ""evidence/parents/republican-senate-seats-after-2026-midterms.md"", ""evidence/markets/RSO-0023.md""]",62d92e1b055327e9,"{""fair_value"":0.35,""confidence"":0.65,""should_abstain"":false,""rationale_short"":""Republicans start at 53 seats; 55 requires net gains. National Democratic advantage and Senate dynamics suggest moderate chance."",""key_uncertainties"":[""Polling accuracy"",""Candidate quality"",""Special elections impact"",""District-specific factors"",""National mood shifts""],""base_rate_notes"":""Base rate reflects starting 53 seats and moderate Democratic advantage with Senate's state-specific nature.""}",OK,,0.5,mid,,true
20260626T160140Z:RSO-0024,20260626T160140Z,2026-06-26T16:01:40Z,fair_value_v0.1,ollama,qwen3:8b,RSO-0024,Republican Senate seats after 2026 midterms,Republican Senate seats after 2026 midterms — 56,56,US,us_national,us_federal,us_senate_seat_range_2026,943828,0xe831d837e17278de50029fcf609d1c72338ed4e1352ce8a4fb7406ddef3c63ad,will-the-republican-party-hold-exactly-56-senate-seats-after-the-2026-midterm-elections,https://polymarket.com/event/will-the-republican-party-hold-exactly-56-senate-seats-after-the-2026-midterm-elections,9273056014077248525737106426866852410841224250259842453481519298611852217348,Will the Republican Party hold exactly 56 Senate seats after the 2026 midterm elections?,0.35,0.65,false,Republicans start at 53 seats; 56 requires net gains. National Democratic advantage and Senate dynamics suggest moderate chance.,"[""Polling accuracy"", ""Candidate quality"", ""District-specific outcomes"", ""Turnout patterns"", ""Special elections""]",Base rate reflects starting 53 seats and moderate national Democratic advantage.,"[""evidence/shared/us_midterms_context.md"", ""evidence/parents/us-senate-seat-range-2026.md"", ""evidence/parents/republican-senate-seats-after-2026-midterms.md"", ""evidence/markets/RSO-0024.md""]",c51749042e3dd55f,"{""fair_value"":0.35,""confidence"":0.65,""should_abstain"":false,""rationale_short"":""Republicans start at 53 seats; 56 requires net gains. National Democratic advantage and Senate dynamics suggest moderate chance."",""key_uncertainties"":[""Polling accuracy"",""Candidate quality"",""District-specific outcomes"",""Turnout patterns"",""Special elections""],""base_rate_notes"":""Base rate reflects starting 53 seats and moderate national Democratic advantage.""}",OK,,0.006,mid,,true
20260626T160140Z:RSO-0025,20260626T160140Z,2026-06-26T16:01:40Z,fair_value_v0.1,ollama,qwen3:8b,RSO-0025,Republican Senate seats after 2026 midterms,Republican Senate seats after 2026 midterms — 57+,57+,US,us_national,us_federal,us_senate_seat_range_2026,943829,0x5d763463cd2a9bd939d49bbb5b4bbaf5fc2cd9ecee5966e6fcce0b6de57179fc,will-the-republican-party-hold-57-or-more-senate-seats-after-the-2026-midterm-elections,https://polymarket.com/event/will-the-republican-party-hold-57-or-more-senate-seats-after-the-2026-midterm-elections,106446804142822856909456712516050968287728263341329924913008459244064245181608,Will the Republican Party hold 57 or more Senate seats after the 2026 midterm elections?,0.55,0.7,false,"Republicans start with 53 seats; a mid-single-digit Democratic generic ballot advantage suggests potential for slight Democratic gains, but Senate dynamics and state-specific factors make a 57+ outcome plausible yet uncertain.","[""National generic ballot translating to seat gains"", ""State-specific race outcomes"", ""Candidate quality effects"", ""Polling accuracy"", ""Midterm headwinds for GOP""]","Senate seat changes are less sensitive to national trends than House races, with 33 seats up.","[""evidence/shared/us_midterms_context.md"", ""evidence/parents/us-senate-seat-range-2026.md"", ""evidence/parents/republican-senate-seats-after-2026-midterms.md"", ""evidence/markets/RSO-0025.md""]",e7a7bd78ede53d25,"{""fair_value"":0.55,""confidence"":0.7,""should_abstain"":false,""rationale_short"":""Republicans start with 53 seats; a mid-single-digit Democratic generic ballot advantage suggests potential for slight Democratic gains, but Senate dynamics and state-specific factors make a 57+ outcome plausible yet uncertain."",""key_uncertainties"":[""National generic ballot translating to seat gains"",""State-specific race outcomes"",""Candidate quality effects"",""Polling accuracy"",""Midterm headwinds for GOP""],""base_rate_notes"":""Senate seat changes are less sensitive to national trends than House races, with 33 seats up.""}",OK,,0.63,mid,,true
20260626T160140Z:RSO-0026,20260626T160140Z,2026-06-26T16:01:40Z,fair_value_v0.1,ollama,qwen3:8b,RSO-0026,Maine Senate Election Winner,Maine Senate Election Winner — Democrat,Democrat,US,us_senate,us_statewide,maine_senate_2026,630772,0x66bbf6d55e0296278858b3147689f3df9259374f158f9f028b608baa322a639c,will-the-democrats-win-the-maine-senate-race-in-2026,https://polymarket.com/event/will-the-democrats-win-the-maine-senate-race-in-2026,7589880081658059374445882095611024032084645048848237404312287942463647821549,Will the Democrats win the Maine Senate race in 2026?,0.45,0.65,false,"Maine is a competitive state with a recent lean toward Republicans, but national Democratic momentum and specific race dynamics could tip the balance.","[""State-specific polling accuracy"", ""Candidate quality impact"", ""National political environment shifts"", ""Incumbent status"", ""Special election dynamics""]","Maine's recent federal voting patterns suggest a slight Republican lean, but national Democratic advantages and Senate race specifics influence the outcome.","[""evidence/shared/us_midterms_context.md"", ""evidence/parents/maine-senate-2026.md"", ""evidence/parents/maine-senate-election-winner.md"", ""evidence/markets/RSO-0026.md""]",3cb4064532f82be5,"{""fair_value"":0.45,""confidence"":0.65,""should_abstain"":false,""rationale_short"":""Maine is a competitive state with a recent lean toward Republicans, but national Democratic momentum and specific race dynamics could tip the balance."",""key_uncertainties"":[""State-specific polling accuracy"",""Candidate quality impact"",""National political environment shifts"",""Incumbent status"",""Special election dynamics""],""base_rate_notes"":""Maine's recent federal voting patterns suggest a slight Republican lean, but national Democratic advantages and Senate race specifics influence the outcome.""}",OK,,0.0185,mid,,true
20260626T160140Z:RSO-0027,20260626T160140Z,2026-06-26T16:01:40Z,fair_value_v0.1,ollama,qwen3:8b,RSO-0027,Maine Senate Election Winner,Maine Senate Election Winner — Republican,Republican,US,us_senate,us_statewide,maine_senate_2026,630773,0x2c00cb09722a0f0501c5e49131b898ed57bb5c075db4dc2bcbc14908f45b8c48,will-the-republicans-win-the-maine-senate-race-in-2026,https://polymarket.com/event/will-the-republicans-win-the-maine-senate-race-in-2026,2142948285506077695096498341598672159464223074468931276310105532825810210121,Will the Republicans win the Maine Senate race in 2026?,0.45,0.65,false,"Maine is a competitive state with a recent lean toward Democrats, but national trends favor Democrats by mid-single digits. Senate races are less directly correlated to national polls.","[""State-specific polling accuracy"", ""Candidate quality impact"", ""National wave effect magnitude"", ""Incumbent status"", ""Special election dynamics""]",Starts from Maine's recent federal voting pattern with adjustments for national environment and candidate quality.,"[""evidence/shared/us_midterms_context.md"", ""evidence/parents/maine-senate-2026.md"", ""evidence/parents/maine-senate-election-winner.md"", ""evidence/markets/RSO-0027.md""]",22448db07dbdaa38,"{""fair_value"":0.45,""confidence"":0.65,""should_abstain"":false,""rationale_short"":""Maine is a competitive state with a recent lean toward Democrats, but national trends favor Democrats by mid-single digits. Senate races are less directly correlated to national polls."",""key_uncertainties"":[""State-specific polling accuracy"",""Candidate quality impact"",""National wave effect magnitude"",""Incumbent status"",""Special election dynamics""],""base_rate_notes"":""Starts from Maine's recent federal voting pattern with adjustments for national environment and candidate quality.""}",OK,,0.0305,mid,,true
20260626T160140Z:RSO-0028,20260626T160140Z,2026-06-26T16:01:40Z,fair_value_v0.1,ollama,qwen3:8b,RSO-0028,Texas Senate Election Winner,Texas Senate Election Winner — Ken Paxton (R),Ken Paxton (R),US,us_senate,us_statewide,texas_senate_2026,630964,0x94521176f57d2ce81dde01e0b7699ca4279423042d37ed53908f0c8bfefe7e14,will-the-republicans-win-the-texas-senate-race-in-2026,https://polymarket.com/event/will-the-republicans-win-the-texas-senate-race-in-2026,21265207456609426291246075480390336499088453711419597084147957999650569091884,Will the Republicans win the Texas Senate race in 2026?,0.65,0.75,false,"Texas is a reliably Republican state with a strong GOP majority. Ken Paxton is a prominent Republican figure, while James Talarico is a less-known Democrat. National trends favor Democrats, but Texas's partisanship and candidate quality suggest a Republican win.","[""National Democratic momentum"", ""Candidate quality impact"", ""State-specific polling accuracy"", ""Incumbent status"", ""Special elections influence""]","Texas has a clear Republican lean in federal elections, with recent Senate races favoring GOP candidates.","[""evidence/shared/us_midterms_context.md"", ""evidence/parents/texas-senate-2026.md"", ""evidence/parents/texas-senate-election-winner.md"", ""evidence/markets/RSO-0028.md""]",2e38175deb9a9f02,"{""fair_value"":0.65,""confidence"":0.75,""should_abstain"":false,""rationale_short"":""Texas is a reliably Republican state with a strong GOP majority. Ken Paxton is a prominent Republican figure, while James Talarico is a less-known Democrat. National trends favor Democrats, but Texas's partisanship and candidate quality suggest a Republican win."",""key_uncertainties"":[""National Democratic momentum"",""Candidate quality impact"",""State-specific polling accuracy"",""Incumbent status"",""Special elections influence""],""base_rate_notes"":""Texas has a clear Republican lean in federal elections, with recent Senate races favoring GOP candidates.""}",OK,,0.0125,mid,,true
20260626T160140Z:RSO-0029,20260626T160140Z,2026-06-26T16:01:40Z,fair_value_v0.1,ollama,qwen3:8b,RSO-0029,Texas Senate Election Winner,Texas Senate Election Winner — James Talarico (D),James Talarico (D),US,us_senate,us_statewide,texas_senate_2026,630963,0x34918035a590555ba1fb1d6a019d766ab6e557d63e7f3140b63b4550eee7f417,will-the-democrats-win-the-texas-senate-race-in-2026,https://polymarket.com/event/will-the-democrats-win-the-texas-senate-race-in-2026,15290572385458522370285732869432740297199321382471116558439914335588167718663,Will the Democrats win the Texas Senate race in 2026?,0.45,0.65,false,"Texas is a Republican-leaning state with a recent Senate seat held by Republicans. National Democratic advantage may help, but state partisanship and candidate quality are key factors. No strong polling data available.","[""State partisanship trends"", ""Candidate quality impact"", ""National wave effect strength"", ""Polling data availability"", ""Special election dynamics""]","Start from Texas's recent federal voting pattern, which favors Republicans. Adjust for candidate quality and national environment, but no clear high-quality polls or race-rater consensus available.","[""evidence/shared/us_midterms_context.md"", ""evidence/parents/texas-senate-2026.md"", ""evidence/parents/texas-senate-election-winner.md"", ""evidence/markets/RSO-0029.md""]",02c26476cde3f00d,"{""fair_value"":0.45,""confidence"":0.65,""should_abstain"":false,""rationale_short"":""Texas is a Republican-leaning state with a recent Senate seat held by Republicans. National Democratic advantage may help, but state partisanship and candidate quality are key factors. No strong polling data available."",""key_uncertainties"":[""State partisanship trends"",""Candidate quality impact"",""National wave effect strength"",""Polling data availability"",""Special election dynamics""],""base_rate_notes"":""Start from Texas's recent federal voting pattern, which favors Republicans. Adjust for candidate quality and national environment, but no clear high-quality polls or race-rater consensus available.""}",OK,,0.0075,mid,,true
20260626T160140Z:RSO-0030,20260626T160140Z,2026-06-26T16:01:40Z,fair_value_v0.1,ollama,qwen3:8b,RSO-0030,Alaska Senate Election Winner,Alaska Senate Election Winner — Mary Peltola,Mary Peltola,US,us_senate,us_statewide,alaska_senate_2026,634976,0x19d2ff72e389d190c183e6b114817301d29eba651d67d75a38ee201a05188fd9,will-mary-peltola-win-the-alaska-senate-race-in-2026,https://polymarket.com/event/will-mary-peltola-win-the-alaska-senate-race-in-2026,72139607190315861034411702195742538105117960260100800877125381826122747504258,Will Mary Peltola win the Alaska Senate race in 2026?,0.45,0.65,false,"Alaska's Senate race is competitive with a recent Democratic advantage, but uncertainty remains due to candidate quality and state-specific factors.","[""National wave impact"", ""State-specific polling accuracy"", ""Candidate quality dynamics"", ""Incumbent status"", ""Local issues salience""]",Starts from Alaska's recent federal voting patterns with moderate adjustment for candidate quality and national environment.,"[""evidence/shared/us_midterms_context.md"", ""evidence/parents/alaska-senate-2026.md"", ""evidence/parents/alaska-senate-election-winner.md"", ""evidence/markets/RSO-0030.md""]",74ec9498a71d8fd9,"{""fair_value"":0.45,""confidence"":0.65,""should_abstain"":false,""rationale_short"":""Alaska's Senate race is competitive with a recent Democratic advantage, but uncertainty remains due to candidate quality and state-specific factors."",""key_uncertainties"":[""National wave impact"",""State-specific polling accuracy"",""Candidate quality dynamics"",""Incumbent status"",""Local issues salience""],""base_rate_notes"":""Starts from Alaska's recent federal voting patterns with moderate adjustment for candidate quality and national environment.""}",OK,,0.003,mid,,true
20260626T160140Z:RSO-0031,20260626T160140Z,2026-06-26T16:01:40Z,fair_value_v0.1,ollama,qwen3:8b,RSO-0031,Alaska Senate Election Winner,Alaska Senate Election Winner — Dan Sullivan,Dan Sullivan,US,us_senate,us_statewide,alaska_senate_2026,634974,0x741bb46008b72234857c5118c8365ab3c2f69dbf28b30b59de04f173b8a778de,will-dan-sullivan-win-the-alaska-senate-race-in-2026,https://polymarket.com/event/will-dan-sullivan-win-the-alaska-senate-race-in-2026,2618138322856109565904469085316346602627882727483900432328802655317079880335,Will Dan Sullivan win the Alaska Senate race in 2026?,0.55,0.65,false,"Alaska's Senate race is competitive with a recent lean towards Republicans, but national Democratic momentum and candidate quality factors introduce uncertainty.","[""National generic ballot trends"", ""Candidate quality impact"", ""State-specific polling accuracy"", ""Incumbent advantage"", ""Special election dynamics""]",Starts from Alaska's recent federal voting pattern with moderate adjustments for candidate quality and national environment.,"[""evidence/shared/us_midterms_context.md"", ""evidence/parents/alaska-senate-2026.md"", ""evidence/parents/alaska-senate-election-winner.md"", ""evidence/markets/RSO-0031.md""]",e5f0dd50e9ee06de,"{""fair_value"":0.55,""confidence"":0.65,""should_abstain"":false,""rationale_short"":""Alaska's Senate race is competitive with a recent lean towards Republicans, but national Democratic momentum and candidate quality factors introduce uncertainty."",""key_uncertainties"":[""National generic ballot trends"",""Candidate quality impact"",""State-specific polling accuracy"",""Incumbent advantage"",""Special election dynamics""],""base_rate_notes"":""Starts from Alaska's recent federal voting pattern with moderate adjustments for candidate quality and national environment.""}",OK,,0.145,mid,,true
20260626T160140Z:RSO-0032,20260626T160140Z,2026-06-26T16:01:40Z,fair_value_v0.1,ollama,qwen3:8b,RSO-0032,Alaska Senate Election Winner,Alaska Senate Election Winner — Dustin Darden,Dustin Darden,US,us_senate,us_statewide,alaska_senate_2026,634977,0xec751bd3e1cf4d22a1dee41ee85c7304bdb7b6ed6dccc807e88ef2603b4a6449,will-dustin-darden-win-the-alaska-senate-race-in-2026,https://polymarket.com/event/will-dustin-darden-win-the-alaska-senate-race-in-2026,29311755935786363205680204536643787054260832125056777867606384726291200747800,Will Dustin Darden win the Alaska Senate race in 2026?,0.15,0.3,false,Dustin Darden is a long-shot candidate in a Republican-leaning state with a competitive race. National Democratic advantage and state-specific factors may influence outcome.,"[""State partisanship shift"", ""Candidate quality impact"", ""National wave effect"", ""Polling accuracy"", ""Incumbent dynamics""]","Alaska's recent federal voting patterns favor Republicans, but Darden's nomination and viability are uncertain.","[""evidence/shared/us_midterms_context.md"", ""evidence/parents/alaska-senate-2026.md"", ""evidence/parents/alaska-senate-election-winner.md"", ""evidence/markets/RSO-0032.md""]",b89fcc2086bbe161,"{""fair_value"":0.15,""confidence"":0.3,""should_abstain"":false,""rationale_short"":""Dustin Darden is a long-shot candidate in a Republican-leaning state with a competitive race. National Democratic advantage and state-specific factors may influence outcome."",""key_uncertainties"":[""State partisanship shift"",""Candidate quality impact"",""National wave effect"",""Polling accuracy"",""Incumbent dynamics""],""base_rate_notes"":""Alaska's recent federal voting patterns favor Republicans, but Darden's nomination and viability are uncertain.""}",OK,,0.0025,mid,,true
20260626T160140Z:RSO-0033,20260626T160140Z,2026-06-26T16:01:40Z,fair_value_v0.1,ollama,qwen3:8b,RSO-0033,Alaska Senate Election Winner,Alaska Senate Election Winner — Ann Diener,Ann Diener,US,us_senate,us_statewide,alaska_senate_2026,634975,0xa26ab383a1f115fa8d2b0fcbac29bcd6a9843ec8c1d160b0a122917230c3c96a,will-ann-diener-win-the-alaska-senate-race-in-2026,https://polymarket.com/event/will-ann-diener-win-the-alaska-senate-race-in-2026,20310786951537091150920478212676759242565921145568245906943451694162568762258,Will Ann Diener win the Alaska Senate race in 2026?,0.25,0.4,false,Alaska's Senate race is competitive with a Democratic-leaning state but Ann Diener is a long-shot candidate. National context favors Democrats but state-specific factors and candidate quality are uncertain.,"[""State partisanship shift"", ""Candidate quality impact"", ""National wave effect"", ""Polling accuracy"", ""Incumbent influence""]","Start from Alaska's recent federal voting pattern, which is Democratic-leaning but with competitive races.","[""evidence/shared/us_midterms_context.md"", ""evidence/parents/alaska-senate-2026.md"", ""evidence/parents/alaska-senate-election-winner.md"", ""evidence/markets/RSO-0033.md""]",ffe0d8b4039d68ca,"{""fair_value"":0.25,""confidence"":0.4,""should_abstain"":false,""rationale_short"":""Alaska's Senate race is competitive with a Democratic-leaning state but Ann Diener is a long-shot candidate. National context favors Democrats but state-specific factors and candidate quality are uncertain."",""key_uncertainties"":[""State partisanship shift"",""Candidate quality impact"",""National wave effect"",""Polling accuracy"",""Incumbent influence""],""base_rate_notes"":""Start from Alaska's recent federal voting pattern, which is Democratic-leaning but with competitive races.""}",OK,,0.001,ask_only,no_bids,true
20260626T160140Z:RSO-0034,20260626T160140Z,2026-06-26T16:01:40Z,fair_value_v0.1,ollama,qwen3:8b,RSO-0034,Alaska Senate Election Winner,Alaska Senate Election Winner — Richard Grayson,Richard Grayson,US,us_senate,us_statewide,alaska_senate_2026,634978,0x998ee2bd25cea8e07eaf1b1f1be82ba6c3ecfd74c28a87497786103d84fd06d8,will-richard-grayson-win-the-alaska-senate-race-in-2026,https://polymarket.com/event/will-richard-grayson-win-the-alaska-senate-race-in-2026,59588004575158257289531312065982350985369269880352045258164216668046489178917,Will Richard Grayson win the Alaska Senate race in 2026?,0.25,0.4,false,Alaska's Senate race is competitive with a Democratic-leaning state but Republican advantage in Senate. Richard Grayson is a long-shot candidate with limited evidence of nomination or strong polling.,"[""State partisanship shift"", ""Candidate nomination status"", ""National midterm trends"", ""Polling accuracy"", ""Incumbent impact""]","Start from Alaska's recent federal voting pattern, which leans Democratic but with Senate race specifics needing adjustment for candidate quality and national environment.","[""evidence/shared/us_midterms_context.md"", ""evidence/parents/alaska-senate-2026.md"", ""evidence/parents/alaska-senate-election-winner.md"", ""evidence/markets/RSO-0034.md""]",82f02a6ee62ef310,"{""fair_value"":0.25,""confidence"":0.4,""should_abstain"":false,""rationale_short"":""Alaska's Senate race is competitive with a Democratic-leaning state but Republican advantage in Senate. Richard Grayson is a long-shot candidate with limited evidence of nomination or strong polling."",""key_uncertainties"":[""State partisanship shift"",""Candidate nomination status"",""National midterm trends"",""Polling accuracy"",""Incumbent impact""],""base_rate_notes"":""Start from Alaska's recent federal voting pattern, which leans Democratic but with Senate race specifics needing adjustment for candidate quality and national environment.""}",OK,,0.0015,mid,,true
20260626T160140Z:RSO-0035,20260626T160140Z,2026-06-26T16:01:40Z,fair_value_v0.1,ollama,qwen3:8b,RSO-0035,Nebraska Senate Election Winner,Nebraska Senate Election Winner — Republican,Republican,US,us_senate,us_statewide,nebraska_senate_2026,634892,0x71e9f5312aac62bdc9b87fa8d171fa929eca6243d815298c4c7d61303f7d53dd,will-the-republicans-win-the-nebraska-senate-race-in-2026,https://polymarket.com/event/will-the-republicans-win-the-nebraska-senate-race-in-2026,92576281548134350814800877416860562553699794074017301653635964206220838638047,Will the Republicans win the Nebraska Senate race in 2026?,0.55,0.65,false,"Nebraska's Senate race is competitive with a recent lean toward Republicans, but national context and state-specific factors keep it uncertain.","[""National generic ballot impact"", ""State-specific polling accuracy"", ""Candidate quality dynamics"", ""Incumbent status"", ""Potential for late-breaking events""]","Starts from Nebraska's recent federal voting pattern with a slight Republican lean, adjusted for national midterms context.","[""evidence/shared/us_midterms_context.md"", ""evidence/parents/nebraska-senate-2026.md"", ""evidence/parents/nebraska-senate-election-winner.md"", ""evidence/markets/RSO-0035.md""]",a41f8b6166ac4055,"{""fair_value"":0.55,""confidence"":0.65,""should_abstain"":false,""rationale_short"":""Nebraska's Senate race is competitive with a recent lean toward Republicans, but national context and state-specific factors keep it uncertain."",""key_uncertainties"":[""National generic ballot impact"",""State-specific polling accuracy"",""Candidate quality dynamics"",""Incumbent status"",""Potential for late-breaking events""],""base_rate_notes"":""Starts from Nebraska's recent federal voting pattern with a slight Republican lean, adjusted for national midterms context.""}",OK,,0.295,mid,,true
20260626T160140Z:RSO-0036,20260626T160140Z,2026-06-26T16:01:40Z,fair_value_v0.1,ollama,qwen3:8b,RSO-0036,Nebraska Senate Election Winner,Nebraska Senate Election Winner — Independent,Independent,US,us_senate,us_statewide,nebraska_senate_2026,634893,0x5554740293afa7aafd5fed10fd2de43a898e2884c1f98bd65185e703f371b9db,will-an-independent-win-the-nebraska-senate-race-in-2026,https://polymarket.com/event/will-an-independent-win-the-nebraska-senate-race-in-2026,47975366268282823322598946778919483335780002591367838795894307024076579116518,Will an independent win the Nebraska Senate race in 2026?,0.05,0.3,false,"Nebraska's Senate race is a Republican-leaning state, with a Democratic generic ballot advantage but no specific evidence for an Independent win. Base rate favors Republican or Democrat.","[""State partisanship trends"", ""Candidate quality and polling"", ""National political environment impact"", ""Independent candidate viability"", ""Special election dynamics""]","Nebraska is a reliably Republican state in presidential elections, though recent trends show some Democratic gains.","[""evidence/shared/us_midterms_context.md"", ""evidence/parents/nebraska-senate-2026.md"", ""evidence/parents/nebraska-senate-election-winner.md"", ""evidence/markets/RSO-0036.md""]",4f42afecaf3363ba,"{""fair_value"":0.05,""confidence"":0.3,""should_abstain"":false,""rationale_short"":""Nebraska's Senate race is a Republican-leaning state, with a Democratic generic ballot advantage but no specific evidence for an Independent win. Base rate favors Republican or Democrat."",""key_uncertainties"":[""State partisanship trends"",""Candidate quality and polling"",""National political environment impact"",""Independent candidate viability"",""Special election dynamics""],""base_rate_notes"":""Nebraska is a reliably Republican state in presidential elections, though recent trends show some Democratic gains.""}",OK,,0.001,ask_only,no_bids,true
20260626T160140Z:RSO-0037,20260626T160140Z,2026-06-26T16:01:40Z,fair_value_v0.1,ollama,qwen3:8b,RSO-0037,Nebraska Senate Election Winner,Nebraska Senate Election Winner — Democrat,Democrat,US,us_senate,us_statewide,nebraska_senate_2026,634891,0x12ac475399b12fd74917ccf0e29ce338eb4fc76c066cc8b56d01d2f9a2b17597,will-the-democrats-win-the-nebraska-senate-race-in-2026,https://polymarket.com/event/will-the-democrats-win-the-nebraska-senate-race-in-2026,55269299240433422758148290868724152324629587438760275683104577693660207425448,Will the Democrats win the Nebraska Senate race in 2026?,0.45,0.65,false,"Nebraska's Senate race is competitive with a split legislature, national Democratic advantage, but state-level dynamics and candidate quality are uncertain.","[""State partisanship nuances"", ""Candidate quality impact"", ""National wave effect"", ""Polling accuracy"", ""Special election dynamics""]","Start from Nebraska's recent federal voting pattern, adjusted for national context and state-specific factors.","[""evidence/shared/us_midterms_context.md"", ""evidence/parents/nebraska-senate-2026.md"", ""evidence/parents/nebraska-senate-election-winner.md"", ""evidence/markets/RSO-0037.md""]",37f4f2f4ea8892e9,"{""fair_value"":0.45,""confidence"":0.65,""should_abstain"":false,""rationale_short"":""Nebraska's Senate race is competitive with a split legislature, national Democratic advantage, but state-level dynamics and candidate quality are uncertain."",""key_uncertainties"":[""State partisanship nuances"",""Candidate quality impact"",""National wave effect"",""Polling accuracy"",""Special election dynamics""],""base_rate_notes"":""Start from Nebraska's recent federal voting pattern, adjusted for national context and state-specific factors.""}",OK,,0.71,mid,,true
20260626T160140Z:RSO-0038,20260626T160140Z,2026-06-26T16:01:40Z,fair_value_v0.1,ollama,qwen3:8b,RSO-0038,Michigan Senate Election Winner,Michigan Senate Election Winner — Democrat,Democrat,US,us_senate,us_statewide,michigan_senate_2026,630805,0xbfeb6d4cf3eab6071e204219b0647c8224d63a12778df467311b5f2a4b3a5bd4,will-the-democrats-win-the-michigan-senate-race-in-2026,https://polymarket.com/event/will-the-democrats-win-the-michigan-senate-race-in-2026,71772627544132140586824126381855151743830987860593343955509593715269534710061,Will the Democrats win the Michigan Senate race in 2026?,0.45,0.65,false,Michigan's Senate race is competitive with a Democratic-leaning state but Republican advantage in some districts. National context favors Democrats but Senate races are state-specific.,"[""State-specific polling accuracy"", ""Candidate quality impact"", ""National wave effect magnitude"", ""Incumbent status"", ""Special election dynamics""]","Start from Michigan's recent federal voting pattern, which is Democratic-leaning but with competitive districts.","[""evidence/shared/us_midterms_context.md"", ""evidence/parents/michigan-senate-2026.md"", ""evidence/parents/michigan-senate-election-winner.md"", ""evidence/markets/RSO-0038.md""]",bf03ecddefa253bb,"{""fair_value"":0.45,""confidence"":0.65,""should_abstain"":false,""rationale_short"":""Michigan's Senate race is competitive with a Democratic-leaning state but Republican advantage in some districts. National context favors Democrats but Senate races are state-specific."",""key_uncertainties"":[""State-specific polling accuracy"",""Candidate quality impact"",""National wave effect magnitude"",""Incumbent status"",""Special election dynamics""],""base_rate_notes"":""Start from Michigan's recent federal voting pattern, which is Democratic-leaning but with competitive districts.""}",OK,,0.9415,mid,,true
20260626T160140Z:RSO-0039,20260626T160140Z,2026-06-26T16:01:40Z,fair_value_v0.1,ollama,qwen3:8b,RSO-0039,Michigan Senate Election Winner,Michigan Senate Election Winner — Republican,Republican,US,us_senate,us_statewide,michigan_senate_2026,630806,0x3fd189cac9280dfc49a07115581e8d4c9e0b7e1c1e8580a44e9ff3d74e39cf2d,will-the-republicans-win-the-michigan-senate-race-in-2026,https://polymarket.com/event/will-the-republicans-win-the-michigan-senate-race-in-2026,1046980875306043125128331871114794349002409233139736033870402475326170083426,Will the Republicans win the Michigan Senate race in 2026?,0.45,0.65,false,"Michigan's Senate race is competitive with a recent lean toward Democrats, but national context and candidate quality could shift outcomes.","[""National generic ballot impact"", ""Candidate quality dynamics"", ""State-specific polling accuracy"", ""Incumbent status"", ""Special election dynamics""]",Starts from Michigan's recent federal voting pattern with a slight Democratic lean.,"[""evidence/shared/us_midterms_context.md"", ""evidence/parents/michigan-senate-2026.md"", ""evidence/parents/michigan-senate-election-winner.md"", ""evidence/markets/RSO-0039.md""]",07e2750597962c6e,"{""fair_value"":0.45,""confidence"":0.65,""should_abstain"":false,""rationale_short"":""Michigan's Senate race is competitive with a recent lean toward Democrats, but national context and candidate quality could shift outcomes."",""key_uncertainties"":[""National generic ballot impact"",""Candidate quality dynamics"",""State-specific polling accuracy"",""Incumbent status"",""Special election dynamics""],""base_rate_notes"":""Starts from Michigan's recent federal voting pattern with a slight Democratic lean.""}",OK,,0.1145,mid,,true
20260626T160140Z:RSO-0040,20260626T160140Z,2026-06-26T16:01:40Z,fair_value_v0.1,ollama,qwen3:8b,RSO-0040,Ohio Senate Election Winner,Ohio Senate Election Winner — Sherrod Brown (D),Sherrod Brown (D),US,us_senate,us_statewide,ohio_senate_2026,631057,0x968a1a79e001d49fa3ee1429e3b95eb01797587740f86d4e6becf3ab1b275bfb,will-the-democrats-win-the-ohio-senate-race-in-2026,https://polymarket.com/event/will-the-democrats-win-the-ohio-senate-race-in-2026,83018072688154066292491996133599479395547801317505487833443670253228061205312,Will the Democrats win the Ohio Senate race in 2026?,0.55,0.65,false,Ohio's Senate race is competitive with a Democratic-leaning national environment but uncertain state-specific factors.,"[""National generic ballot impact"", ""State-specific polling accuracy"", ""Candidate quality dynamics"", ""Incumbent advantage"", ""Local issues influence""]",Starts from Ohio's recent federal voting pattern with moderate adjustment for candidate quality and national environment.,"[""evidence/shared/us_midterms_context.md"", ""evidence/parents/ohio-senate-2026.md"", ""evidence/parents/ohio-senate-election-winner.md"", ""evidence/markets/RSO-0040.md""]",b80232eb7d9f9945,"{""fair_value"":0.55,""confidence"":0.65,""should_abstain"":false,""rationale_short"":""Ohio's Senate race is competitive with a Democratic-leaning national environment but uncertain state-specific factors."",""key_uncertainties"":[""National generic ballot impact"",""State-specific polling accuracy"",""Candidate quality dynamics"",""Incumbent advantage"",""Local issues influence""],""base_rate_notes"":""Starts from Ohio's recent federal voting pattern with moderate adjustment for candidate quality and national environment.""}",OK,,0.016,mid,,true
20260626T160140Z:RSO-0041,20260626T160140Z,2026-06-26T16:01:40Z,fair_value_v0.1,ollama,qwen3:8b,RSO-0041,Ohio Senate Election Winner,Ohio Senate Election Winner — Jon Husted (R),Jon Husted (R),US,us_senate,us_statewide,ohio_senate_2026,631058,0x771873c365f87bffd990644e4b688aebc1be7f18396d2eab64b996ff66e88669,will-the-republicans-win-the-ohio-senate-race-in-2026,https://polymarket.com/event/will-the-republicans-win-the-ohio-senate-race-in-2026,69908185249078099348466099388148864764525845923415294308139153388799352317616,Will the Republicans win the Ohio Senate race in 2026?,0.45,0.65,false,Ohio's Senate race is competitive with a Democratic-leaning state but Republican advantage in some districts. National context favors Democrats but Senate races are state-specific.,"[""State-specific polling accuracy"", ""Candidate quality impact"", ""National wave effect"", ""Incumbent status"", ""Special elections influence""]","Start from Ohio's recent federal voting pattern, adjust for candidate nomination status and national environment.","[""evidence/shared/us_midterms_context.md"", ""evidence/parents/ohio-senate-2026.md"", ""evidence/parents/ohio-senate-election-winner.md"", ""evidence/markets/RSO-0041.md""]",1eec30f5c1e0a105,"{""fair_value"":0.45,""confidence"":0.65,""should_abstain"":false,""rationale_short"":""Ohio's Senate race is competitive with a Democratic-leaning state but Republican advantage in some districts. National context favors Democrats but Senate races are state-specific."",""key_uncertainties"":[""State-specific polling accuracy"",""Candidate quality impact"",""National wave effect"",""Incumbent status"",""Special elections influence""],""base_rate_notes"":""Start from Ohio's recent federal voting pattern, adjust for candidate nomination status and national environment.""}",OK,,0.57,mid,,true
20260626T160140Z:RSO-0042,20260626T160140Z,2026-06-26T16:01:40Z,fair_value_v0.1,ollama,qwen3:8b,RSO-0042,North Carolina Senate Election Winner,North Carolina Senate Election Winner — Roy Cooper (D),Roy Cooper (D),US,us_senate,us_statewide,north_carolina_senate_2026,630883,0x129dbcb7d39ff8df5f0d7685a2db6400b5db37d3963914486fbb7fd2bc96a923,will-the-democrats-win-the-north-carolina-senate-race-in-2026,https://polymarket.com/event/will-the-democrats-win-the-north-carolina-senate-race-in-2026,107151098936186723859677628536733880558851060002514795735761427447010628440047,Will the Democrats win the North Carolina Senate race in 2026?,0.55,0.65,false,"North Carolina is a competitive state with a recent Democratic governor and a Republican Senate seat. National trends favor Democrats, but Senate races are less predictable. No strong polling or candidate quality data provided.","[""State partisanship shift"", ""Candidate quality impact"", ""National wave effect"", ""Polling accuracy"", ""Special elections influence""]","Start from North Carolina's recent federal voting pattern, which leans Republican but has Democratic governors. Adjust for candidate quality and national environment.","[""evidence/shared/us_midterms_context.md"", ""evidence/parents/north-carolina-senate-2026.md"", ""evidence/parents/north-carolina-senate-election-winner.md"", ""evidence/markets/RSO-0042.md""]",8ea1d8dce528ec9d,"{""fair_value"":0.55,""confidence"":0.65,""should_abstain"":false,""rationale_short"":""North Carolina is a competitive state with a recent Democratic governor and a Republican Senate seat. National trends favor Democrats, but Senate races are less predictable. No strong polling or candidate quality data provided."",""key_uncertainties"":[""State partisanship shift"",""Candidate quality impact"",""National wave effect"",""Polling accuracy"",""Special elections influence""],""base_rate_notes"":""Start from North Carolina's recent federal voting pattern, which leans Republican but has Democratic governors. Adjust for candidate quality and national environment.""}",OK,,0.001,ask_only,no_bids,true
20260626T160140Z:RSO-0043,20260626T160140Z,2026-06-26T16:01:40Z,fair_value_v0.1,ollama,qwen3:8b,RSO-0043,North Carolina Senate Election Winner,North Carolina Senate Election Winner — Michael Whatley (R),Michael Whatley (R),US,us_senate,us_statewide,north_carolina_senate_2026,630884,0xd59f25520a8c0ea44a9c9741a97c8c3d769e21f1479b9a14e1a9d475e91f522a,will-the-republicans-win-the-north-carolina-senate-race-in-2026,https://polymarket.com/event/will-the-republicans-win-the-north-carolina-senate-race-in-2026,62831517509825405761763142539845746280269675872170259538293560849475982647892,Will the Republicans win the North Carolina Senate race in 2026?,0.45,0.65,false,"North Carolina is a competitive state with a recent lean toward Democrats, but national trends favor Democrats. However, the specific race lacks detailed polling, and candidate quality is a key factor.","[""State-specific polling data"", ""Candidate quality impact"", ""National political environment shifts"", ""Incumbent status"", ""Special elections influence""]",Starts from North Carolina's recent federal voting pattern with moderate adjustments for candidate quality and national environment.,"[""evidence/shared/us_midterms_context.md"", ""evidence/parents/north-carolina-senate-2026.md"", ""evidence/parents/north-carolina-senate-election-winner.md"", ""evidence/markets/RSO-0043.md""]",970759663145ade3,"{""fair_value"":0.45,""confidence"":0.65,""should_abstain"":false,""rationale_short"":""North Carolina is a competitive state with a recent lean toward Democrats, but national trends favor Democrats. However, the specific race lacks detailed polling, and candidate quality is a key factor."",""key_uncertainties"":[""State-specific polling data"",""Candidate quality impact"",""National political environment shifts"",""Incumbent status"",""Special elections influence""],""base_rate_notes"":""Starts from North Carolina's recent federal voting pattern with moderate adjustments for candidate quality and national environment.""}",OK,,0.825,mid,,true
20260626T160140Z:RSO-0044,20260626T160140Z,2026-06-26T16:01:40Z,fair_value_v0.1,ollama,qwen3:8b,RSO-0044,Georgia Senate Election Winner,Georgia Senate Election Winner — Democrat,Democrat,US,us_senate,us_statewide,georgia_senate_2026,630692,0x3c5b93b91196c8db64e63c424979da8cfbf44a4501afd70d2480ee28fbf306a2,will-the-democrats-win-the-georgia-senate-race-in-2026,https://polymarket.com/event/will-the-democrats-win-the-georgia-senate-race-in-2026,21024219148268989748704207701411444044468128261642675917026452687231462203167,Will the Democrats win the Georgia Senate race in 2026?,0.45,0.65,false,"Georgia's Senate race is competitive with a recent lean towards Republicans, but national Democratic momentum and state-specific factors could influence the outcome.","[""National generic ballot trends"", ""State-specific polling accuracy"", ""Candidate quality impact"", ""Incumbent status"", ""Redistricting effects""]","Georgia's recent federal voting patterns show a slight Republican lean, but national Democratic momentum and state-specific factors could shift the balance.","[""evidence/shared/us_midterms_context.md"", ""evidence/parents/georgia-senate-2026.md"", ""evidence/parents/georgia-senate-election-winner.md"", ""evidence/markets/RSO-0044.md""]",9057fcd90aed6972,"{""fair_value"":0.45,""confidence"":0.65,""should_abstain"":false,""rationale_short"":""Georgia's Senate race is competitive with a recent lean towards Republicans, but national Democratic momentum and state-specific factors could influence the outcome."",""key_uncertainties"":[""National generic ballot trends"",""State-specific polling accuracy"",""Candidate quality impact"",""Incumbent status"",""Redistricting effects""],""base_rate_notes"":""Georgia's recent federal voting patterns show a slight Republican lean, but national Democratic momentum and state-specific factors could shift the balance.""}",OK,,0.0105,mid,,true
20260626T160140Z:RSO-0045,20260626T160140Z,2026-06-26T16:01:40Z,fair_value_v0.1,ollama,qwen3:8b,RSO-0045,Georgia Senate Election Winner,Georgia Senate Election Winner — Republican,Republican,US,us_senate,us_statewide,georgia_senate_2026,630693,0x54e4e816cc5868e2f933c6bbc597e3313bdad382be3ecf7eaa4d8fa5c3f1a1bd,will-the-republicans-win-the-georgia-senate-race-in-2026,https://polymarket.com/event/will-the-republicans-win-the-georgia-senate-race-in-2026,43777191461245536274027792855557351629362906569064322165760098912770293918104,Will the Republicans win the Georgia Senate race in 2026?,0.45,0.65,false,"Georgia's recent federal voting patterns lean Republican, but national Democratic advantage and Senate race dynamics suggest moderate Republican favoritism. National generic ballot trends and Senate control dynamics influence the outcome.","[""National generic ballot impact on state race"", ""Candidate quality and scandals"", ""State-specific polling accuracy"", ""Senate map competitiveness"", ""Incumbent status and open-seat status""]","Start from Georgia's recent federal voting pattern, adjust for national environment and Senate race dynamics.","[""evidence/shared/us_midterms_context.md"", ""evidence/parents/georgia-senate-2026.md"", ""evidence/parents/georgia-senate-election-winner.md"", ""evidence/markets/RSO-0045.md""]",afe5b650bfbaa83b,"{""fair_value"":0.45,""confidence"":0.65,""should_abstain"":false,""rationale_short"":""Georgia's recent federal voting patterns lean Republican, but national Democratic advantage and Senate race dynamics suggest moderate Republican favoritism. National generic ballot trends and Senate control dynamics influence the outcome."",""key_uncertainties"":[""National generic ballot impact on state race"",""Candidate quality and scandals"",""State-specific polling accuracy"",""Senate map competitiveness"",""Incumbent status and open-seat status""],""base_rate_notes"":""Start from Georgia's recent federal voting pattern, adjust for national environment and Senate race dynamics.""}",OK,,0.86,mid,,true
20260626T160140Z:RSO-0046,20260626T160140Z,2026-06-26T16:01:40Z,fair_value_v0.1,ollama,qwen3:8b,RSO-0046,New Hampshire Senate Election Winner,New Hampshire Senate Election Winner — Democrat,Democrat,US,us_senate,us_statewide,new_hampshire_senate_2026,630844,0xfc5c740e4617eb9908ceada7c91bfbe1cd41f172d703ef811d544e60a7a70bb5,will-the-democrats-win-the-new-hampshire-senate-race-in-2026,https://polymarket.com/event/will-the-democrats-win-the-new-hampshire-senate-race-in-2026,82410058691149830741200014405570918770267839390767234397030380747995715352939,Will the Democrats win the New Hampshire Senate race in 2026?,0.45,0.65,false,"New Hampshire is a competitive state with a recent lean toward Republicans. National Democratic advantage may help, but Senate races are state-specific and require local polling or candidate quality shifts.","[""State-specific polling trends"", ""Candidate quality impact"", ""National wave effect magnitude"", ""Incumbent status"", ""Special election dynamics""]","Start from New Hampshire's recent federal voting pattern, which is slightly Republican-leaning.","[""evidence/shared/us_midterms_context.md"", ""evidence/parents/new-hampshire-senate-2026.md"", ""evidence/parents/new-hampshire-senate-election-winner.md"", ""evidence/markets/RSO-0046.md""]",751290f8095b337d,"{""fair_value"":0.45,""confidence"":0.65,""should_abstain"":false,""rationale_short"":""New Hampshire is a competitive state with a recent lean toward Republicans. National Democratic advantage may help, but Senate races are state-specific and require local polling or candidate quality shifts."",""key_uncertainties"":[""State-specific polling trends"",""Candidate quality impact"",""National wave effect magnitude"",""Incumbent status"",""Special election dynamics""],""base_rate_notes"":""Start from New Hampshire's recent federal voting pattern, which is slightly Republican-leaning.""}",OK,,0.1565,mid,,true
20260626T160140Z:RSO-0047,20260626T160140Z,2026-06-26T16:01:40Z,fair_value_v0.1,ollama,qwen3:8b,RSO-0047,New Hampshire Senate Election Winner,New Hampshire Senate Election Winner — Republican,Republican,US,us_senate,us_statewide,new_hampshire_senate_2026,630845,0x57599a84bf50c94b958adb020aa2a25bf02e26453e500d3b739d86e6b783774c,will-the-republicans-win-the-new-hampshire-senate-race-in-2026,https://polymarket.com/event/will-the-republicans-win-the-new-hampshire-senate-race-in-2026,62227089537100115269143206481757249285124282589590263790284791475153705872216,Will the Republicans win the New Hampshire Senate race in 2026?,0.45,0.65,false,"New Hampshire is a competitive state with a recent lean toward Republicans, but national Democratic advantages and Senate race dynamics suggest moderate Republican favoritism.","[""National generic ballot impact"", ""State-specific polling accuracy"", ""Candidate quality effects"", ""Incumbent status"", ""Special election dynamics""]","Start from New Hampshire's recent federal voting pattern, which slightly favors Republicans, but adjust for national context and Senate race dynamics.","[""evidence/shared/us_midterms_context.md"", ""evidence/parents/new-hampshire-senate-2026.md"", ""evidence/parents/new-hampshire-senate-election-winner.md"", ""evidence/markets/RSO-0047.md""]",b03c4a2d57e91a62,"{""fair_value"":0.45,""confidence"":0.65,""should_abstain"":false,""rationale_short"":""New Hampshire is a competitive state with a recent lean toward Republicans, but national Democratic advantages and Senate race dynamics suggest moderate Republican favoritism."",""key_uncertainties"":[""National generic ballot impact"",""State-specific polling accuracy"",""Candidate quality effects"",""Incumbent status"",""Special election dynamics""],""base_rate_notes"":""Start from New Hampshire's recent federal voting pattern, which slightly favors Republicans, but adjust for national context and Senate race dynamics.""}",OK,,0.0825,mid,,true
20260626T160140Z:RSO-0048,20260626T160140Z,2026-06-26T16:01:40Z,fair_value_v0.1,ollama,qwen3:8b,RSO-0048,Iowa Senate Election Winner,Iowa Senate Election Winner — Republican,Republican,US,us_senate,us_statewide,iowa_senate_2026,630734,0x38a1025bfc56539ed1ff8fdd468283d55cf9002412decd61aa8d6c578c7d01a2,will-the-republicans-win-the-iowa-senate-race-in-2026,https://polymarket.com/event/will-the-republicans-win-the-iowa-senate-race-in-2026,107844449523890311740907586041395758413047559802389895859202256336422357556837,Will the Republicans win the Iowa Senate race in 2026?,0.45,0.65,false,"Iowa's recent federal voting patterns lean Republican, but national Democratic advantage and competitive Senate races could influence outcomes.","[""National generic ballot impact"", ""State-specific polling accuracy"", ""Candidate quality effects"", ""Incumbent status"", ""Special election dynamics""]",Starting from Iowa's recent federal voting pattern with moderate adjustment for national environment and candidate factors.,"[""evidence/shared/us_midterms_context.md"", ""evidence/parents/iowa-senate-2026.md"", ""evidence/parents/iowa-senate-election-winner.md"", ""evidence/markets/RSO-0048.md""]",f4a0a79da9df29ac,"{""fair_value"":0.45,""confidence"":0.65,""should_abstain"":false,""rationale_short"":""Iowa's recent federal voting patterns lean Republican, but national Democratic advantage and competitive Senate races could influence outcomes."",""key_uncertainties"":[""National generic ballot impact"",""State-specific polling accuracy"",""Candidate quality effects"",""Incumbent status"",""Special election dynamics""],""base_rate_notes"":""Starting from Iowa's recent federal voting pattern with moderate adjustment for national environment and candidate factors.""}",OK,,0.565,mid,,true
20260626T160140Z:RSO-0049,20260626T160140Z,2026-06-26T16:01:40Z,fair_value_v0.1,ollama,qwen3:8b,RSO-0049,Iowa Senate Election Winner,Iowa Senate Election Winner — Democrat,Democrat,US,us_senate,us_statewide,iowa_senate_2026,630733,0xd50c016598c499fceea10a1a714e48d9b4953487fe215daeaf916068fae722f1,will-the-democrats-win-the-iowa-senate-race-in-2026,https://polymarket.com/event/will-the-democrats-win-the-iowa-senate-race-in-2026,90689690530039118737607894922148077480097700217322320781526913496162509181445,Will the Democrats win the Iowa Senate race in 2026?,0.45,0.65,false,"Iowa's Senate race is competitive with a split state and national Democratic advantage, but Senate races are less predictable. National trends may influence, but state-specific factors like candidate quality and local issues remain key.","[""State-specific polling accuracy"", ""Candidate quality impact"", ""National wave effect magnitude"", ""Incumbent status"", ""Local issue salience""]","Iowa's recent federal voting patterns are split, with a slight lean toward Republicans. National Democratic advantage may help, but Senate races depend on state-level dynamics.","[""evidence/shared/us_midterms_context.md"", ""evidence/parents/iowa-senate-2026.md"", ""evidence/parents/iowa-senate-election-winner.md"", ""evidence/markets/RSO-0049.md""]",e84a31f241dcd6be,"{""fair_value"":0.45,""confidence"":0.65,""should_abstain"":false,""rationale_short"":""Iowa's Senate race is competitive with a split state and national Democratic advantage, but Senate races are less predictable. National trends may influence, but state-specific factors like candidate quality and local issues remain key."",""key_uncertainties"":[""State-specific polling accuracy"",""Candidate quality impact"",""National wave effect magnitude"",""Incumbent status"",""Local issue salience""],""base_rate_notes"":""Iowa's recent federal voting patterns are split, with a slight lean toward Republicans. National Democratic advantage may help, but Senate races depend on state-level dynamics.""}",OK,,0.0035,mid,,true
20260626T160140Z:RSO-0052,20260626T160140Z,2026-06-26T16:01:40Z,fair_value_v0.1,ollama,qwen3:8b,RSO-0052,Michigan Governor Election Winner,Michigan Governor Election Winner — Democrat,Democrat,US,us_governor,us_statewide,michigan_governor_2026,629464,0x76cface9f6df604ff32447bce58656b7a72b6659324d089c73a13a99f06c8aae,will-the-democrats-win-the-michigan-governor-race-in-2026,https://polymarket.com/event/will-the-democrats-win-the-michigan-governor-race-in-2026,63517706574758177502492185078056756527324898714284142778693046697324148388357,Will the Democrats win the Michigan governor race in 2026?,0.45,0.65,false,"National Democratic advantage and state-specific factors balance, but Michigan's political landscape and candidate quality introduce uncertainty.","[""State-specific candidate quality"", ""Local economic conditions"", ""Incumbent status"", ""Polling accuracy"", ""National political trends""]",Governor races are state-specific; national generic ballot does not directly translate to state outcomes.,"[""evidence/shared/us_midterms_context.md"", ""evidence/parents/michigan-governor-2026.md"", ""evidence/parents/michigan-governor-election-winner.md"", ""evidence/markets/RSO-0052.md""]",8f6ecc5e14855c72,"{""fair_value"":0.45,""confidence"":0.65,""should_abstain"":false,""rationale_short"":""National Democratic advantage and state-specific factors balance, but Michigan's political landscape and candidate quality introduce uncertainty."",""key_uncertainties"":[""State-specific candidate quality"",""Local economic conditions"",""Incumbent status"",""Polling accuracy"",""National political trends""],""base_rate_notes"":""Governor races are state-specific; national generic ballot does not directly translate to state outcomes.""}",OK,,0.0305,mid,,true
20260626T160140Z:RSO-0053,20260626T160140Z,2026-06-26T16:01:40Z,fair_value_v0.1,ollama,qwen3:8b,RSO-0053,Michigan Governor Election Winner,Michigan Governor Election Winner — Republican,Republican,US,us_governor,us_statewide,michigan_governor_2026,629465,0xeee75e18b53425c67035084fb8be5414331614ab4e5ec59574bc73e11817be93,will-the-republicans-win-the-michigan-governor-race-in-2026,https://polymarket.com/event/will-the-republicans-win-the-michigan-governor-race-in-2026,3091929947863726371877226324959784580013579280794631063604653957812689085396,Will the Republicans win the Michigan governor race in 2026?,0.45,0.65,false,Michigan governor race is state-specific with balanced national context and no clear candidate advantage.,"[""State-specific factors not captured nationally"", ""Candidate quality and local issues"", ""Incumbent status and open-seat dynamics"", ""Local economic conditions"", ""Primary outcomes""]","Avoid mechanical national generic ballot application; focus on state-specific variables like incumbency, local economy, and candidate quality.","[""evidence/shared/us_midterms_context.md"", ""evidence/parents/michigan-governor-2026.md"", ""evidence/parents/michigan-governor-election-winner.md"", ""evidence/markets/RSO-0053.md""]",5d86f9153e5f603d,"{""fair_value"":0.45,""confidence"":0.65,""should_abstain"":false,""rationale_short"":""Michigan governor race is state-specific with balanced national context and no clear candidate advantage."",""key_uncertainties"":[""State-specific factors not captured nationally"",""Candidate quality and local issues"",""Incumbent status and open-seat dynamics"",""Local economic conditions"",""Primary outcomes""],""base_rate_notes"":""Avoid mechanical national generic ballot application; focus on state-specific variables like incumbency, local economy, and candidate quality.""}",OK,,0.025,mid,,true
20260626T160140Z:RSO-0054,20260626T160140Z,2026-06-26T16:01:40Z,fair_value_v0.1,ollama,qwen3:8b,RSO-0054,Michigan Governor Election Winner,Michigan Governor Election Winner — Independent,Independent,US,us_governor,us_statewide,michigan_governor_2026,629466,0xdfb79786d650608e4bdf010d254a9757ace465d405c858750c52bca0b985fce4,will-an-independent-win-the-michigan-governor-race-in-2026,https://polymarket.com/event/will-an-independent-win-the-michigan-governor-race-in-2026,34943144357771122375283559286014961426824813487508159555960762936802327664238,Will an independent win the Michigan governor race in 2026?,0.12,0.45,false,"Independent candidate faces significant hurdles in a state where major parties dominate, with no clear evidence of strong third-party support or viability.","[""State-specific candidate quality"", ""Local economic conditions"", ""Incumbent status"", ""Primary outcomes"", ""National political climate impact""]","Governor races are state-specific; national generic ballot does not directly apply. Open seats have higher variance, but Michigan's current context lacks evidence for independent viability.","[""evidence/shared/us_midterms_context.md"", ""evidence/parents/michigan-governor-2026.md"", ""evidence/parents/michigan-governor-election-winner.md"", ""evidence/markets/RSO-0054.md""]",e3138cccdc6953c2,"{""fair_value"":0.12,""confidence"":0.45,""should_abstain"":false,""rationale_short"":""Independent candidate faces significant hurdles in a state where major parties dominate, with no clear evidence of strong third-party support or viability."",""key_uncertainties"":[""State-specific candidate quality"",""Local economic conditions"",""Incumbent status"",""Primary outcomes"",""National political climate impact""],""base_rate_notes"":""Governor races are state-specific; national generic ballot does not directly apply. Open seats have higher variance, but Michigan's current context lacks evidence for independent viability.""}",OK,,0.625,mid,,true
20260626T160140Z:RSO-0055,20260626T160140Z,2026-06-26T16:01:40Z,fair_value_v0.1,ollama,qwen3:8b,RSO-0055,WA-04 House Election Winner,WA-04 House Election Winner — Republican Party,Republican Party,US,us_house,us_district,wa_04_house_2026,1285143,0x14ed8c209487ff644ca1f3693b4c428f0781e1b0ee8910ff33307ec525a0cecc,will-the-republican-party-win-the-wa-04-house-seat,https://polymarket.com/event/will-the-republican-party-win-the-wa-04-house-seat,47439174463482721229034772614568373644882067237418093196025863212785197691496,Will the Republican Party win the WA-04 House seat?,0.45,0.65,false,"National Democratic lean supports Democrats, but WA-04's district partisanship and local factors create uncertainty.","[""District-specific local issues"", ""Candidate quality differences"", ""Redistricting impact"", ""National mood shifts"", ""Polling accuracy""]","National generic ballot favors Democrats, but district baseline and local factors influence outcome.","[""evidence/shared/us_midterms_context.md"", ""evidence/parents/wa-04-house-2026.md"", ""evidence/parents/wa-04-house-election-winner.md"", ""evidence/markets/RSO-0055.md""]",25323ebce06f2f2a,"{""fair_value"":0.45,""confidence"":0.65,""should_abstain"":false,""rationale_short"":""National Democratic lean supports Democrats, but WA-04's district partisanship and local factors create uncertainty."",""key_uncertainties"":[""District-specific local issues"",""Candidate quality differences"",""Redistricting impact"",""National mood shifts"",""Polling accuracy""],""base_rate_notes"":""National generic ballot favors Democrats, but district baseline and local factors influence outcome.""}",OK,,0.84,mid,,true
20260626T160140Z:RSO-0056,20260626T160140Z,2026-06-26T16:01:40Z,fair_value_v0.1,ollama,qwen3:8b,RSO-0056,WA-04 House Election Winner,WA-04 House Election Winner — Democratic Party,Democratic Party,US,us_house,us_district,wa_04_house_2026,1285144,0xdcb6cb68a62c550a66018c3e0146588c727fbc7d12254fac95bb8eeb96237f5c,will-the-democratic-party-win-the-wa-04-house-seat,https://polymarket.com/event/will-the-democratic-party-win-the-wa-04-house-seat,30593975999350825877587438529917201650410921221852686898350933855891343459981,Will the Democratic Party win the WA-04 House seat?,0.55,0.7,false,"National Democratic lean supports Democrats, but WA-04's specific dynamics and local factors introduce uncertainty.","[""Local candidate quality"", ""District partisanship baseline"", ""National midterm trends"", ""Redistricting impact"", ""Polling accuracy""]","National generic ballot favors Democrats, but district-specific factors and local issues can significantly affect outcomes.","[""evidence/shared/us_midterms_context.md"", ""evidence/parents/wa-04-house-2026.md"", ""evidence/parents/wa-04-house-election-winner.md"", ""evidence/markets/RSO-0056.md""]",6e225863aebaaa90,"{""fair_value"":0.55,""confidence"":0.7,""should_abstain"":false,""rationale_short"":""National Democratic lean supports Democrats, but WA-04's specific dynamics and local factors introduce uncertainty."",""key_uncertainties"":[""Local candidate quality"",""District partisanship baseline"",""National midterm trends"",""Redistricting impact"",""Polling accuracy""],""base_rate_notes"":""National generic ballot favors Democrats, but district-specific factors and local issues can significantly affect outcomes.""}",OK,,0.44,mid,,true
20260626T160140Z:RSO-0057,20260626T160140Z,2026-06-26T16:01:40Z,fair_value_v0.1,ollama,qwen3:8b,RSO-0057,NE-02 House Election Winner,NE-02 House Election Winner — Democratic Party,Democratic Party,US,us_house,us_district,ne_02_house_2026,942878,0x13ab5c37a83d0a2ed874bd931c1c8a10984dcabc37cb67f4e36c807492cbfd3b,will-the-democratic-party-win-the-ne-02-house-seat,https://polymarket.com/event/will-the-democratic-party-win-the-ne-02-house-seat,83966667308824872880342632752673759552233526664290166226784097408878282862076,Will the Democratic Party win the NE-02 House seat?,0.55,0.7,false,"National Democratic lean supports NE-02, but district specifics and local factors remain uncertain.","[""Local candidate quality"", ""District partisanship baseline"", ""National generic ballot volatility"", ""Incumbent status"", ""Redistricting impact""]",National Democratic generic ballot advantage informs but does not override district-specific baseline partisanship.,"[""evidence/shared/us_midterms_context.md"", ""evidence/parents/ne-02-house-2026.md"", ""evidence/parents/ne-02-house-election-winner.md"", ""evidence/markets/RSO-0057.md""]",651c81488a8a4a4f,"{""fair_value"":0.55,""confidence"":0.7,""should_abstain"":false,""rationale_short"":""National Democratic lean supports NE-02, but district specifics and local factors remain uncertain."",""key_uncertainties"":[""Local candidate quality"",""District partisanship baseline"",""National generic ballot volatility"",""Incumbent status"",""Redistricting impact""],""base_rate_notes"":""National Democratic generic ballot advantage informs but does not override district-specific baseline partisanship.""}",OK,,0.385,mid,,true
20260626T160140Z:RSO-0058,20260626T160140Z,2026-06-26T16:01:40Z,fair_value_v0.1,ollama,qwen3:8b,RSO-0058,NE-02 House Election Winner,NE-02 House Election Winner — Republican Party,Republican Party,US,us_house,us_district,ne_02_house_2026,942877,0xc733d85766ea9df81eb33ec52f7ba64610688401ebc823ae818f51d3cc7274de,will-the-republican-party-win-the-ne-02-house-seat,https://polymarket.com/event/will-the-republican-party-win-the-ne-02-house-seat,9261962954796206285247745021195981577055668829876152281558354142057545087402,Will the Republican Party win the NE-02 House seat?,0.45,0.65,false,"National Democratic lean supports Democrats, but NE-02 is a marginal district with uncertain local factors.","[""Local candidate quality"", ""National generic ballot stability"", ""Redistricting impact"", ""Incumbent status"", ""Local issues""]",National Democratic generic ballot advantage helps Democrats in marginal districts but does not override district-specific baseline partisanship.,"[""evidence/shared/us_midterms_context.md"", ""evidence/parents/ne-02-house-2026.md"", ""evidence/parents/ne-02-house-election-winner.md"", ""evidence/markets/RSO-0058.md""]",d9fa63e1a5e1e41c,"{""fair_value"":0.45,""confidence"":0.65,""should_abstain"":false,""rationale_short"":""National Democratic lean supports Democrats, but NE-02 is a marginal district with uncertain local factors."",""key_uncertainties"":[""Local candidate quality"",""National generic ballot stability"",""Redistricting impact"",""Incumbent status"",""Local issues""],""base_rate_notes"":""National Democratic generic ballot advantage helps Democrats in marginal districts but does not override district-specific baseline partisanship.""}",OK,,0.185,mid,,true
20260626T160140Z:RSO-0059,20260626T160140Z,2026-06-26T16:01:40Z,fair_value_v0.1,ollama,qwen3:8b,RSO-0059,PA-10 House Election Winner,PA-10 House Election Winner — Democratic Party,Democratic Party,US,us_house,us_district,pa_10_house_2026,943955,0x1ba8c5b414501846fafc1639481a839d57bc3bbb62471400e86224e93c2281f5,will-the-democratic-party-win-the-pa-10-house-seat,https://polymarket.com/event/will-the-democratic-party-win-the-pa-10-house-seat,87725551185270618291722253233951821932371187994043126950008311468794742299797,Will the Democratic Party win the PA-10 House seat?,0.55,0.7,false,"National Democratic lean supports PA-10, but district specifics and local factors remain uncertain.","[""Local candidate quality"", ""District partisanship baseline"", ""National generic ballot volatility"", ""Incumbent status"", ""Redistricting impact""]",National Democratic generic ballot advantage translates to marginal district support but does not override district-specific baseline partisanship.,"[""evidence/shared/us_midterms_context.md"", ""evidence/parents/pa-10-house-2026.md"", ""evidence/parents/pa-10-house-election-winner.md"", ""evidence/markets/RSO-0059.md""]",56a9326ff15bf0f7,"{""fair_value"":0.55,""confidence"":0.7,""should_abstain"":false,""rationale_short"":""National Democratic lean supports PA-10, but district specifics and local factors remain uncertain."",""key_uncertainties"":[""Local candidate quality"",""District partisanship baseline"",""National generic ballot volatility"",""Incumbent status"",""Redistricting impact""],""base_rate_notes"":""National Democratic generic ballot advantage translates to marginal district support but does not override district-specific baseline partisanship.""}",OK,,0.0425,mid,,true
20260626T160140Z:RSO-0060,20260626T160140Z,2026-06-26T16:01:40Z,fair_value_v0.1,ollama,qwen3:8b,RSO-0060,PA-10 House Election Winner,PA-10 House Election Winner — Republican Party,Republican Party,US,us_house,us_district,pa_10_house_2026,943954,0xa33cf18dc8a3f0f8550fcb3f68a7b4272f40709419029ac6e589d82f30bb3273,will-the-republican-party-win-the-pa-10-house-seat,https://polymarket.com/event/will-the-republican-party-win-the-pa-10-house-seat,103572160941197360900419917573086716527751112441366358755475598989264153655130,Will the Republican Party win the PA-10 House seat?,0.45,0.65,false,"National Democratic lean supports PA-10, but district partisanship and local factors remain key variables.","[""District baseline partisanship"", ""Candidate quality"", ""Local issues"", ""National environment shift"", ""Redistricting impact""]","National generic ballot favors Democrats, but district-specific factors and local dynamics significantly influence outcomes.","[""evidence/shared/us_midterms_context.md"", ""evidence/parents/pa-10-house-2026.md"", ""evidence/parents/pa-10-house-election-winner.md"", ""evidence/markets/RSO-0060.md""]",0ca7069abb1efc35,"{""fair_value"":0.45,""confidence"":0.65,""should_abstain"":false,""rationale_short"":""National Democratic lean supports PA-10, but district partisanship and local factors remain key variables."",""key_uncertainties"":[""District baseline partisanship"",""Candidate quality"",""Local issues"",""National environment shift"",""Redistricting impact""],""base_rate_notes"":""National generic ballot favors Democrats, but district-specific factors and local dynamics significantly influence outcomes.""}",OK,,0.001,ask_only,no_bids,true
20260626T160140Z:RSO-0061,20260626T160140Z,2026-06-26T16:01:40Z,fair_value_v0.1,ollama,qwen3:8b,RSO-0061,Ohio Governor Election Winner,Ohio Governor Election Winner — Republican,Republican,US,us_governor,us_statewide,ohio_governor_2026,629558,0x650e3ebc043ddbcfa1d1ffda0c5830f19da7389827889fb5db3474bde5b007fb,will-the-republicans-win-the-ohio-governor-race-in-2026,https://polymarket.com/event/will-the-republicans-win-the-ohio-governor-race-in-2026,3104629708171062356498135654472461762731791851667035051301931240755518332250,Will the Republicans win the Ohio governor race in 2026?,0.45,0.65,false,Ohio governor race is state-specific with balanced national context and no clear candidate advantage.,"[""State-specific factors not captured nationally"", ""Candidate quality and local issues"", ""Incumbent status and open-seat dynamics"", ""Economic conditions in Ohio"", ""Polling accuracy and timing""]","Avoid mechanical application of national generic ballot; focus on state-specific variables like incumbency, economy, and local approval.","[""evidence/shared/us_midterms_context.md"", ""evidence/parents/ohio-governor-2026.md"", ""evidence/parents/ohio-governor-election-winner.md"", ""evidence/markets/RSO-0061.md""]",472cec6165b092f2,"{""fair_value"":0.45,""confidence"":0.65,""should_abstain"":false,""rationale_short"":""Ohio governor race is state-specific with balanced national context and no clear candidate advantage."",""key_uncertainties"":[""State-specific factors not captured nationally"",""Candidate quality and local issues"",""Incumbent status and open-seat dynamics"",""Economic conditions in Ohio"",""Polling accuracy and timing""],""base_rate_notes"":""Avoid mechanical application of national generic ballot; focus on state-specific variables like incumbency, economy, and local approval.""}",OK,,0.855,mid,,true
20260626T160140Z:RSO-0062,20260626T160140Z,2026-06-26T16:01:40Z,fair_value_v0.1,ollama,qwen3:8b,RSO-0062,Ohio Governor Election Winner,Ohio Governor Election Winner — Democrat,Democrat,US,us_governor,us_statewide,ohio_governor_2026,629557,0x3babe91f8d2fac44027f9ba7f0f1a59e61b72419828e6e517f96bbcf4e132498,will-the-democrats-win-the-ohio-governor-race-in-2026,https://polymarket.com/event/will-the-democrats-win-the-ohio-governor-race-in-2026,63255709540320761353971859526848930870803944190764324681913735372035438815215,Will the Democrats win the Ohio governor race in 2026?,0.45,0.65,false,"National Democratic advantage and state-specific factors balance, but Ohio's political landscape remains competitive.","[""Local economy impact"", ""Candidate quality"", ""Incumbent status"", ""Polling accuracy"", ""State-specific issues""]",Avoid direct national generic ballot application; state-specific factors and candidate dynamics are critical.,"[""evidence/shared/us_midterms_context.md"", ""evidence/parents/ohio-governor-2026.md"", ""evidence/parents/ohio-governor-election-winner.md"", ""evidence/markets/RSO-0062.md""]",e2b2f866d4e0b5fb,"{""fair_value"":0.45,""confidence"":0.65,""should_abstain"":false,""rationale_short"":""National Democratic advantage and state-specific factors balance, but Ohio's political landscape remains competitive."",""key_uncertainties"":[""Local economy impact"",""Candidate quality"",""Incumbent status"",""Polling accuracy"",""State-specific issues""],""base_rate_notes"":""Avoid direct national generic ballot application; state-specific factors and candidate dynamics are critical.""}",OK,,0.605,mid,,true
20260626T160140Z:RSO-0063,20260626T160140Z,2026-06-26T16:01:40Z,fair_value_v0.1,ollama,qwen3:8b,RSO-0063,Georgia Governor Election Winner,Georgia Governor Election Winner — Democrat,Democrat,US,us_governor,us_statewide,georgia_governor_2026,629337,0x73a9911393e7bd2262904c4413d9614f68bb6290ddf7d88ed607f1562d08fb05,will-the-democrats-win-the-georgia-governor-race-in-2026,https://polymarket.com/event/will-the-democrats-win-the-georgia-governor-race-in-2026,59980150909931986777748227027020522224275707387562276219060223816867188565245,Will the Democrats win the Georgia governor race in 2026?,0.45,0.65,false,Georgia governor race is state-specific with no clear national trends. Base rate suggests moderate chance for either party.,"[""Incumbent status"", ""Candidate quality"", ""Local economic conditions"", ""State-specific polling"", ""Primary outcomes""]",Governor races are less nationalized; base rate reflects state-specific factors without direct national generic ballot application.,"[""evidence/shared/us_midterms_context.md"", ""evidence/parents/georgia-governor-2026.md"", ""evidence/parents/georgia-governor-election-winner.md"", ""evidence/markets/RSO-0063.md""]",1fa412ea45d05435,"{""fair_value"":0.45,""confidence"":0.65,""should_abstain"":false,""rationale_short"":""Georgia governor race is state-specific with no clear national trends. Base rate suggests moderate chance for either party."",""key_uncertainties"":[""Incumbent status"",""Candidate quality"",""Local economic conditions"",""State-specific polling"",""Primary outcomes""],""base_rate_notes"":""Governor races are less nationalized; base rate reflects state-specific factors without direct national generic ballot application.""}",OK,,0.0015,mid,,true
20260626T160140Z:RSO-0064,20260626T160140Z,2026-06-26T16:01:40Z,fair_value_v0.1,ollama,qwen3:8b,RSO-0064,Georgia Governor Election Winner,Georgia Governor Election Winner — Republican,Republican,US,us_governor,us_statewide,georgia_governor_2026,629338,0x71c05b735300b6087ff5588bcc7e83fecf009293d794f613c63c92ea8a16fb2b,will-the-republicans-win-the-georgia-governor-race-in-2026,https://polymarket.com/event/will-the-republicans-win-the-georgia-governor-race-in-2026,17555504943162344098534978138053308162738914357892515623100381936995379845407,Will the Republicans win the Georgia governor race in 2026?,0.45,0.65,false,"Georgia governor race is state-specific with balanced national context and moderate generic ballot advantage for Democrats, but no clear state-level trends.","[""State-specific candidate quality"", ""Local economic conditions"", ""Incumbent status"", ""Primary outcomes"", ""National political environment impact""]","Avoid mechanical national generic ballot application; focus on state-specific factors like incumbency, local economy, and candidate quality.","[""evidence/shared/us_midterms_context.md"", ""evidence/parents/georgia-governor-2026.md"", ""evidence/parents/georgia-governor-election-winner.md"", ""evidence/markets/RSO-0064.md""]",d3630084087aa3f4,"{""fair_value"":0.45,""confidence"":0.65,""should_abstain"":false,""rationale_short"":""Georgia governor race is state-specific with balanced national context and moderate generic ballot advantage for Democrats, but no clear state-level trends."",""key_uncertainties"":[""State-specific candidate quality"",""Local economic conditions"",""Incumbent status"",""Primary outcomes"",""National political environment impact""],""base_rate_notes"":""Avoid mechanical national generic ballot application; focus on state-specific factors like incumbency, local economy, and candidate quality.""}",OK,,0.665,mid,,true
20260626T160140Z:RSO-0065,20260626T160140Z,2026-06-26T16:01:40Z,fair_value_v0.1,ollama,qwen3:8b,RSO-0065,Nevada Governor Election Winner,Nevada Governor Election Winner — Democrat,Democrat,US,us_governor,us_statewide,nevada_governor_2026,629505,0x707eb5c6df23e32e0b770dd0ccd1245abb7fac0dcfd24d8b68dd99e5ca737180,will-the-democrats-win-the-nevada-governor-race-in-2026,https://polymarket.com/event/will-the-democrats-win-the-nevada-governor-race-in-2026,1246864710804983890692377994891598401616546411512113588399830364959833951829,Will the Democrats win the Nevada governor race in 2026?,0.45,0.65,false,Nevada governor race is state-specific with balanced parties. National Democratic advantage may influence but state-specific factors like economy and candidates dominate.,"[""Local economic conditions"", ""Candidate quality"", ""Incumbent status"", ""State-specific polling"", ""National political climate impact""]",Governor races are less nationalized; base rate favors balanced competition without strong national trends.,"[""evidence/shared/us_midterms_context.md"", ""evidence/parents/nevada-governor-2026.md"", ""evidence/parents/nevada-governor-election-winner.md"", ""evidence/markets/RSO-0065.md""]",c09721794b82e249,"{""fair_value"":0.45,""confidence"":0.65,""should_abstain"":false,""rationale_short"":""Nevada governor race is state-specific with balanced parties. National Democratic advantage may influence but state-specific factors like economy and candidates dominate."",""key_uncertainties"":[""Local economic conditions"",""Candidate quality"",""Incumbent status"",""State-specific polling"",""National political climate impact""],""base_rate_notes"":""Governor races are less nationalized; base rate favors balanced competition without strong national trends.""}",OK,,0.86,mid,,true
20260626T160140Z:RSO-0066,20260626T160140Z,2026-06-26T16:01:40Z,fair_value_v0.1,ollama,qwen3:8b,RSO-0066,Nevada Governor Election Winner,Nevada Governor Election Winner — Republican,Republican,US,us_governor,us_statewide,nevada_governor_2026,629506,0xb63fbd776203cada01a13bb21b3c52c500bcf904bdfc71627022db1f891f95c5,will-the-republicans-win-the-nevada-governor-race-in-2026,https://polymarket.com/event/will-the-republicans-win-the-nevada-governor-race-in-2026,26514162544090965098284473937422427465088569867873952479707540387314217381282,Will the Republicans win the Nevada governor race in 2026?,0.45,0.65,false,"Nevada governor race is state-specific with balanced national context, but no clear evidence favors one party. National generic ballot favors Democrats, but state-specific factors like economy and local issues could shift outcomes.","[""National generic ballot influence on state race"", ""Local economic conditions"", ""Candidate quality and fundraising"", ""Incumbent status"", ""Primary outcomes""]",Governor races are state-specific; national generic ballot should not be mechanically applied.,"[""evidence/shared/us_midterms_context.md"", ""evidence/parents/nevada-governor-2026.md"", ""evidence/parents/nevada-governor-election-winner.md"", ""evidence/markets/RSO-0066.md""]",91eb101f6068ec2d,"{""fair_value"":0.45,""confidence"":0.65,""should_abstain"":false,""rationale_short"":""Nevada governor race is state-specific with balanced national context, but no clear evidence favors one party. National generic ballot favors Democrats, but state-specific factors like economy and local issues could shift outcomes."",""key_uncertainties"":[""National generic ballot influence on state race"",""Local economic conditions"",""Candidate quality and fundraising"",""Incumbent status"",""Primary outcomes""],""base_rate_notes"":""Governor races are state-specific; national generic ballot should not be mechanically applied.""}",OK,,0.495,mid,,true
20260626T160140Z:RSO-0067,20260626T160140Z,2026-06-26T16:01:40Z,fair_value_v0.1,ollama,qwen3:8b,RSO-0067,NY-13 House Election Winner / Darializa Avila Chevalier proxy,NY-13 House Election Winner / Darializa Avila Chevalier proxy — Democratic Party,Democratic Party,US,narrative_candidate,us_district,ny_13_house_darializa_proxy_2026,1284299,0xdf533114d83b2408875558a9cf8ef34fdf172d704b97261a0aa383f3197762f1,will-the-democratic-party-win-the-ny-13-house-seat,https://polymarket.com/event/will-the-democratic-party-win-the-ny-13-house-seat,58170582826434624369183137827470621458750832571934268895241793899476487858088,Will the Democratic Party win the NY-13 House seat?,0.85,0.75,false,"NY-13 is structurally Democratic with a strong base-rate favoring Democratic Party. National generic ballot suggests Democratic advantage, though local dynamics and candidate quality could influence outcome.","[""Local candidate quality and fundraising"", ""Primary dynamics affecting general election momentum"", ""District-specific local issues"", ""National political environment shifts"", ""Turnout patterns in key demographics""]",NY-13 is a high-blue district where Democratic Party has structural advantage. Republican victory would require extraordinary circumstances.,"[""evidence/shared/us_midterms_context.md"", ""evidence/parents/ny-13-house-darializa-proxy-2026.md"", ""evidence/parents/ny-13-house-election-winner-darializa-avila-chevalier-proxy.md"", ""evidence/markets/RSO-0067.md""]",815f63312bf54a4e,"{""fair_value"":0.85,""confidence"":0.75,""should_abstain"":false,""rationale_short"":""NY-13 is structurally Democratic with a strong base-rate favoring Democratic Party. National generic ballot suggests Democratic advantage, though local dynamics and candidate quality could influence outcome."",""key_uncertainties"":[""Local candidate quality and fundraising"",""Primary dynamics affecting general election momentum"",""District-specific local issues"",""National political environment shifts"",""Turnout patterns in key demographics""],""base_rate_notes"":""NY-13 is a high-blue district where Democratic Party has structural advantage. Republican victory would require extraordinary circumstances.""}",OK,,0.052,mid,,true
20260626T160140Z:RSO-0068,20260626T160140Z,2026-06-26T16:01:40Z,fair_value_v0.1,ollama,qwen3:8b,RSO-0068,NY-13 House Election Winner / Darializa Avila Chevalier proxy,NY-13 House Election Winner / Darializa Avila Chevalier proxy — Republican Party,Republican Party,US,narrative_candidate,us_district,ny_13_house_darializa_proxy_2026,1284298,0xe0dc694c459bbf45b586d15930c82a36eb9ff63de86e81290d934b3fc3918d1e,will-the-republican-party-win-the-ny-13-house-seat,https://polymarket.com/event/will-the-republican-party-win-the-ny-13-house-seat,81557957224614719909606514321678071196063005584137638675672000952860345431216,Will the Republican Party win the NY-13 House seat?,0.05,0.3,false,NY-13 is structurally Democratic with a strong incumbent. Republican victory requires extraordinary circumstances not evident in current evidence.,"[""Incumbent strength"", ""National midterm trends"", ""Candidate quality"", ""District-specific factors"", ""Polling accuracy""]",Base rate favors Democratic control in NY-13 due to district partisanship and incumbent presence.,"[""evidence/shared/us_midterms_context.md"", ""evidence/parents/ny-13-house-darializa-proxy-2026.md"", ""evidence/parents/ny-13-house-election-winner-darializa-avila-chevalier-proxy.md"", ""evidence/markets/RSO-0068.md""]",901022a334bbe382,"{""fair_value"":0.05,""confidence"":0.3,""should_abstain"":false,""rationale_short"":""NY-13 is structurally Democratic with a strong incumbent. Republican victory requires extraordinary circumstances not evident in current evidence."",""key_uncertainties"":[""Incumbent strength"",""National midterm trends"",""Candidate quality"",""District-specific factors"",""Polling accuracy""],""base_rate_notes"":""Base rate favors Democratic control in NY-13 due to district partisanship and incumbent presence.""}",OK,,0.0235,mid,,true
20260626T160140Z:RSO-0076,20260626T160140Z,2026-06-26T16:01:40Z,fair_value_v0.1,ollama,qwen3:8b,RSO-0076,Brazil Presidential Election,Brazil Presidential Election — Luiz Inácio Lula da Silva,Luiz Inácio Lula da Silva,Brazil,brazil_presidential,presidential_two_round,brazil_president_winner_2026,601819,0xdf8e2dc5860027decbe6164555c3c1c9645c3bd33e16b9dc57ca87125047d4a8,will-luiz-incio-lula-da-silva-win-the-2026-brazilian-presidential-election,https://polymarket.com/event/will-luiz-incio-lula-da-silva-win-the-2026-brazilian-presidential-election,30630994248667897740988010928640156931882346081873066002335460180076741328029,Will Luiz Inácio Lula da Silva win the 2026 Brazilian presidential election?,0.55,0.7,false,Lula leads in polls but faces economic risks and opposition fragmentation. Runoff dynamics and candidate viability are key uncertainties.,"[""Economic dissatisfaction"", ""Opposition fragmentation"", ""Runoff composition"", ""Lula's approval"", ""Flávio's scandal risk""]",Lula is favorite but not lock; Flávio is main opposition threat.,"[""evidence/shared/brazil_context.md"", ""evidence/parents/brazil-president-winner-2026.md"", ""evidence/parents/brazil-presidential-election.md"", ""evidence/markets/RSO-0076.md""]",0ddaeb300fb8d5c4,"{""fair_value"":0.55,""confidence"":0.7,""should_abstain"":false,""rationale_short"":""Lula leads in polls but faces economic risks and opposition fragmentation. Runoff dynamics and candidate viability are key uncertainties."",""key_uncertainties"":[""Economic dissatisfaction"",""Opposition fragmentation"",""Runoff composition"",""Lula's approval"",""Flávio's scandal risk""],""base_rate_notes"":""Lula is favorite but not lock; Flávio is main opposition threat.""}",OK,,0.835,mid,,true
20260626T160140Z:RSO-0077,20260626T160140Z,2026-06-26T16:01:40Z,fair_value_v0.1,ollama,qwen3:8b,RSO-0077,Brazil Presidential Election,Brazil Presidential Election — Flávio Bolsonaro,Flávio Bolsonaro,Brazil,brazil_presidential,presidential_two_round,brazil_president_winner_2026,601826,0x1a01bf78f56a507fcb666d564d8c8b91b0750679163ed6e96746102c9b7d285d,will-flvio-bolsonaro-win-the-2026-brazilian-presidential-election,https://polymarket.com/event/will-flvio-bolsonaro-win-the-2026-brazilian-presidential-election,109876868437950584369987384406356259939519193117253465815665152916226511121427,Will Flávio Bolsonaro win the 2026 Brazilian presidential election?,0.15,0.6,false,Flávio Bolsonaro has a plausible right-wing consolidation path but faces significant risks including family conflicts and scandals. Lula's lead in polling suggests a strong incumbent advantage.,"[""Lula's economic dissatisfaction risks"", ""Flávio's family conflict impact"", ""Right-wing fragmentation"", ""Scandal impact on Flávio's support"", ""Runoff composition""]",Lula is the favorite but not a lock. Flávio has a clear opposition route if the right consolidates.,"[""evidence/shared/brazil_context.md"", ""evidence/parents/brazil-president-winner-2026.md"", ""evidence/parents/brazil-presidential-election.md"", ""evidence/markets/RSO-0077.md""]",5208853c0077c1b8,"{""fair_value"":0.15,""confidence"":0.6,""should_abstain"":false,""rationale_short"":""Flávio Bolsonaro has a plausible right-wing consolidation path but faces significant risks including family conflicts and scandals. Lula's lead in polling suggests a strong incumbent advantage."",""key_uncertainties"":[""Lula's economic dissatisfaction risks"",""Flávio's family conflict impact"",""Right-wing fragmentation"",""Scandal impact on Flávio's support"",""Runoff composition""],""base_rate_notes"":""Lula is the favorite but not a lock. Flávio has a clear opposition route if the right consolidates.""}",OK,,0.435,mid,,true
20260626T160140Z:RSO-0078,20260626T160140Z,2026-06-26T16:01:40Z,fair_value_v0.1,ollama,qwen3:8b,RSO-0078,Brazil Presidential Election,Brazil Presidential Election — Renan Santos,Renan Santos,Brazil,brazil_presidential,presidential_two_round,brazil_president_winner_2026,601825,0x05297f854d3b757d5e51a1a29c7f225a80b14b2a161d6b7f9a61677da7a80ced,will-renan-santos-win-the-2026-brazilian-presidential-election,https://polymarket.com/event/will-renan-santos-win-the-2026-brazilian-presidential-election,93998891488819623915454849994768171534113749478841216025646247933473925258016,Will Renan Santos win the 2026 Brazilian presidential election?,0.05,0.3,false,"Renan Santos has lower national polling support compared to Lula and Flávio, with youth appeal but not enough to secure a win without significant fragmentation or scandals.","[""Lula's economic approval"", ""Flávio's family conflicts"", ""Right-wing fragmentation"", ""Polling accuracy"", ""Runoff dynamics""]","Lula is the favorite, Flávio is the main opposition threat, and Santos is a narrative candidate with lower base rates.","[""evidence/shared/brazil_context.md"", ""evidence/parents/brazil-president-winner-2026.md"", ""evidence/parents/brazil-presidential-election.md"", ""evidence/markets/RSO-0078.md""]",12aa00614a32eaf8,"{""fair_value"":0.05,""confidence"":0.3,""should_abstain"":false,""rationale_short"":""Renan Santos has lower national polling support compared to Lula and Flávio, with youth appeal but not enough to secure a win without significant fragmentation or scandals."",""key_uncertainties"":[""Lula's economic approval"",""Flávio's family conflicts"",""Right-wing fragmentation"",""Polling accuracy"",""Runoff dynamics""],""base_rate_notes"":""Lula is the favorite, Flávio is the main opposition threat, and Santos is a narrative candidate with lower base rates.""}",OK,,0.14,mid,,true
20260626T160140Z:RSO-0079,20260626T160140Z,2026-06-26T16:01:40Z,fair_value_v0.1,ollama,qwen3:8b,RSO-0079,Brazil Presidential Election,Brazil Presidential Election — Michelle Bolsonaro,Michelle Bolsonaro,Brazil,brazil_presidential,presidential_two_round,brazil_president_winner_2026,601822,0x37ec4c6b57a18b16eed1241f6155ee7ff45bc1697d7848f15ac33d406e38ed00,will-michelle-bolsonaro-win-the-2026-brazilian-presidential-election,https://polymarket.com/event/will-michelle-bolsonaro-win-the-2026-brazilian-presidential-election,91154058715822908897619103072380844452822017332608583147987152526225529443892,Will Michelle Bolsonaro win the 2026 Brazilian presidential election?,0.05,0.3,false,"Michelle Bolsonaro faces significant hurdles including family conflicts, scandal risks, and lack of name recognition. Lula's lead and Flávio's position make her winning unlikely but not impossible.","[""Right-wing consolidation risk"", ""Family conflict resolution"", ""Scandal impact"", ""Lula's economic performance"", ""Flávio's viability""]","Lula is the favorite, Flávio is the main right-wing challenger. Michelle's path requires right-wing fragmentation or major scandals.","[""evidence/shared/brazil_context.md"", ""evidence/parents/brazil-president-winner-2026.md"", ""evidence/parents/brazil-presidential-election.md"", ""evidence/markets/RSO-0079.md""]",0ce10b4638f48795,"{""fair_value"":0.05,""confidence"":0.3,""should_abstain"":false,""rationale_short"":""Michelle Bolsonaro faces significant hurdles including family conflicts, scandal risks, and lack of name recognition. Lula's lead and Flávio's position make her winning unlikely but not impossible."",""key_uncertainties"":[""Right-wing consolidation risk"",""Family conflict resolution"",""Scandal impact"",""Lula's economic performance"",""Flávio's viability""],""base_rate_notes"":""Lula is the favorite, Flávio is the main right-wing challenger. Michelle's path requires right-wing fragmentation or major scandals.""}",OK,,0.1205,mid,,true
20260626T160140Z:RSO-0080,20260626T160140Z,2026-06-26T16:01:40Z,fair_value_v0.1,ollama,qwen3:8b,RSO-0080,Brazil Presidential Election,Brazil Presidential Election — Ronaldo Caiado,Ronaldo Caiado,Brazil,brazil_presidential,presidential_two_round,brazil_president_winner_2026,601827,0xbca3d70ec52a5a441ccc365a3b1b48b9cd0f08dfff4bc5871e2cd92d0d92caa1,will-ronaldo-caiado-win-the-2026-brazilian-presidential-election,https://polymarket.com/event/will-ronaldo-caiado-win-the-2026-brazilian-presidential-election,36262307788727352725358528951052957737657822670589615830114396216160368496388,Will Ronaldo Caiado win the 2026 Brazilian presidential election?,0.01,0.2,false,"Ronaldo Caiado is a long-tail candidate with no significant polling or narrative traction. His chances depend on major legal shocks or substitutions, which are unlikely.","[""Ronaldo Caiado's viability as a major candidate"", ""Potential legal or political shocks"", ""Polling shifts"", ""Fragmentation of right-wing field"", ""Incumbent Lula's performance""]","Lula is the favorite, Flávio Bolsonaro is the main opposition threat. Other candidates require major substitutions or consolidation.","[""evidence/shared/brazil_context.md"", ""evidence/parents/brazil-president-winner-2026.md"", ""evidence/parents/brazil-presidential-election.md"", ""evidence/markets/RSO-0080.md""]",512760b37cb7ce17,"{""fair_value"":0.01,""confidence"":0.2,""should_abstain"":false,""rationale_short"":""Ronaldo Caiado is a long-tail candidate with no significant polling or narrative traction. His chances depend on major legal shocks or substitutions, which are unlikely."",""key_uncertainties"":[""Ronaldo Caiado's viability as a major candidate"",""Potential legal or political shocks"",""Polling shifts"",""Fragmentation of right-wing field"",""Incumbent Lula's performance""],""base_rate_notes"":""Lula is the favorite, Flávio Bolsonaro is the main opposition threat. Other candidates require major substitutions or consolidation.""}",OK,,0.1455,mid,,true
20260626T160140Z:RSO-0081,20260626T160140Z,2026-06-26T16:01:40Z,fair_value_v0.1,ollama,qwen3:8b,RSO-0081,Brazil Presidential Election,Brazil Presidential Election — Fernando Haddad,Fernando Haddad,Brazil,brazil_presidential,presidential_two_round,brazil_president_winner_2026,601821,0xdd3d104667774208eae2239f576122ecdd1c04ba81cc14d26d22a36b33887977,will-fernando-haddad-win-the-2026-brazilian-presidential-election,https://polymarket.com/event/will-fernando-haddad-win-the-2026-brazilian-presidential-election,34763699632057764824138626876692302096202604335992573366008355204521657293675,Will Fernando Haddad win the 2026 Brazilian presidential election?,0.02,0.3,false,Fernando Haddad is a long-tail candidate with no recent polling traction. Lula's lead over Flávio suggests he is not a top contender.,"[""Lula's economic approval"", ""Flávio's family conflicts"", ""Renan Santos' youth appeal"", ""Opposition fragmentation"", ""Polling accuracy""]","Lula is the favorite, Flávio is the main opposition threat. Haddad is a long-tail candidate unless there's a major substitution or legal shock.","[""evidence/shared/brazil_context.md"", ""evidence/parents/brazil-president-winner-2026.md"", ""evidence/parents/brazil-presidential-election.md"", ""evidence/markets/RSO-0081.md""]",9dd52fb84450580b,"{""fair_value"":0.02,""confidence"":0.3,""should_abstain"":false,""rationale_short"":""Fernando Haddad is a long-tail candidate with no recent polling traction. Lula's lead over Flávio suggests he is not a top contender."",""key_uncertainties"":[""Lula's economic approval"",""Flávio's family conflicts"",""Renan Santos' youth appeal"",""Opposition fragmentation"",""Polling accuracy""],""base_rate_notes"":""Lula is the favorite, Flávio is the main opposition threat. Haddad is a long-tail candidate unless there's a major substitution or legal shock.""}",OK,,0.0655,mid,,true
20260626T160140Z:RSO-0082,20260626T160140Z,2026-06-26T16:01:40Z,fair_value_v0.1,ollama,qwen3:8b,RSO-0082,Brazil Presidential Election,Brazil Presidential Election — Camilo Santana,Camilo Santana,Brazil,brazil_presidential,presidential_two_round,brazil_president_winner_2026,601829,0x101d084cd035070abde58d8a3113b78e11ba68028b0d9e7e38ea7d780797aecc,will-camilo-santana-win-the-2026-brazilian-presidential-election,https://polymarket.com/event/will-camilo-santana-win-the-2026-brazilian-presidential-election,40200361970099951836914907993971598083846841136374094155950298822866778978473,Will Camilo Santana win the 2026 Brazilian presidential election?,0.01,0.1,false,"Camilo Santana is a long-tail candidate with no significant polling or narrative traction. His chances depend on major disruptions or substitutions in the race, which are unlikely.","[""Lula's economic approval"", ""Flávio Bolsonaro's family conflicts"", ""Renan Santos' impact"", ""Right-wing fragmentation"", ""Polling accuracy""]","Lula is the favorite, Flávio is the main opposition threat. Other candidates require major shifts or consolidation.","[""evidence/shared/brazil_context.md"", ""evidence/parents/brazil-president-winner-2026.md"", ""evidence/parents/brazil-presidential-election.md"", ""evidence/markets/RSO-0082.md""]",e7c262a0b0cb0125,"{""fair_value"":0.01,""confidence"":0.1,""should_abstain"":false,""rationale_short"":""Camilo Santana is a long-tail candidate with no significant polling or narrative traction. His chances depend on major disruptions or substitutions in the race, which are unlikely."",""key_uncertainties"":[""Lula's economic approval"",""Flávio Bolsonaro's family conflicts"",""Renan Santos' impact"",""Right-wing fragmentation"",""Polling accuracy""],""base_rate_notes"":""Lula is the favorite, Flávio is the main opposition threat. Other candidates require major shifts or consolidation.""}",OK,,0.0125,mid,,true
20260626T160140Z:RSO-0083,20260626T160140Z,2026-06-26T16:01:40Z,fair_value_v0.1,ollama,qwen3:8b,RSO-0083,Brazil Presidential Election,Brazil Presidential Election — Romeu Zema,Romeu Zema,Brazil,brazil_presidential,presidential_two_round,brazil_president_winner_2026,601828,0x054725b2a7971376f7924a7021221b12acc50fe78d97817824fe411704d5b5a2,will-romeu-zema-win-the-2026-brazilian-presidential-election,https://polymarket.com/event/will-romeu-zema-win-the-2026-brazilian-presidential-election,44340846524235712899508083510503343345123518718867913608211694999290628967401,Will Romeu Zema win the 2026 Brazilian presidential election?,0.02,0.3,false,"Romeu Zema is a long-tail candidate with no significant polling or narrative traction. His chances depend on major disruptions in the race, which are unlikely.","[""Zema's viability as a candidate"", ""Right-wing consolidation"", ""Lula's approval trends"", ""Polling accuracy"", ""Legal shocks""]","Lula is the favorite, Flávio Bolsonaro is the main opposition threat. Zema is a long-tail candidate requiring major substitution or consolidation to be viable.","[""evidence/shared/brazil_context.md"", ""evidence/parents/brazil-president-winner-2026.md"", ""evidence/parents/brazil-presidential-election.md"", ""evidence/markets/RSO-0083.md""]",d0c5ccc70bb49225,"{""fair_value"":0.02,""confidence"":0.3,""should_abstain"":false,""rationale_short"":""Romeu Zema is a long-tail candidate with no significant polling or narrative traction. His chances depend on major disruptions in the race, which are unlikely."",""key_uncertainties"":[""Zema's viability as a candidate"",""Right-wing consolidation"",""Lula's approval trends"",""Polling accuracy"",""Legal shocks""],""base_rate_notes"":""Lula is the favorite, Flávio Bolsonaro is the main opposition threat. Zema is a long-tail candidate requiring major substitution or consolidation to be viable.""}",OK,,0.305,mid,,true
20260626T160140Z:RSO-0084,20260626T160140Z,2026-06-26T16:01:40Z,fair_value_v0.1,ollama,qwen3:8b,RSO-0084,Brazil Presidential Election,Brazil Presidential Election — Jair Bolsonaro,Jair Bolsonaro,Brazil,brazil_presidential,presidential_two_round,brazil_president_winner_2026,601820,0x63d8f3a34c90bd5342dda8acf62b6a898dfa52f86475efaf180b66493ef6af80,will-jair-bolsonaro-win-the-2026-brazilian-presidential-election,https://polymarket.com/event/will-jair-bolsonaro-win-the-2026-brazilian-presidential-election,66991175107696133528353695394151645462081911990365106169948013117379189357520,Will Jair Bolsonaro win the 2026 Brazilian presidential election?,0.15,0.6,false,"Bolsonaro is ineligible until 2030, with Flávio as main successor. Lula leads in polls but faces risks. Right-wing fragmentation reduces Bolsonaro's chances.","[""Bolsonaro ineligibility timeline"", ""Flávio's viability"", ""Right-wing fragmentation"", ""Lula's approval"", ""Economic conditions""]",Lula is favorite but not lock; Flávio has clearest opposition route if right consolidates.,"[""evidence/shared/brazil_context.md"", ""evidence/parents/brazil-president-winner-2026.md"", ""evidence/parents/brazil-presidential-election.md"", ""evidence/markets/RSO-0084.md""]",8e31110a3dfae03d,"{""fair_value"":0.15,""confidence"":0.6,""should_abstain"":false,""rationale_short"":""Bolsonaro is ineligible until 2030, with Flávio as main successor. Lula leads in polls but faces risks. Right-wing fragmentation reduces Bolsonaro's chances."",""key_uncertainties"":[""Bolsonaro ineligibility timeline"",""Flávio's viability"",""Right-wing fragmentation"",""Lula's approval"",""Economic conditions""],""base_rate_notes"":""Lula is favorite but not lock; Flávio has clearest opposition route if right consolidates.""}",OK,,0.375,mid,,true
20260626T160140Z:RSO-0085,20260626T160140Z,2026-06-26T16:01:40Z,fair_value_v0.1,ollama,qwen3:8b,RSO-0085,Brazil Presidential Election,Brazil Presidential Election — Geraldo Alckmin,Geraldo Alckmin,Brazil,brazil_presidential,presidential_two_round,brazil_president_winner_2026,601830,0xd0536d9612e041312235baceac52bde48821e8aad4607533513b3782904b7d49,will-geraldo-alckmin-win-the-2026-brazilian-presidential-election,https://polymarket.com/event/will-geraldo-alckmin-win-the-2026-brazilian-presidential-election,70059117674007036240163073645113489994895807359788046023215512784288966325609,Will Geraldo Alckmin win the 2026 Brazilian presidential election?,0.05,0.3,false,"Geraldo Alckmin is a long-tail candidate with no clear path to victory. Lula leads in polls, and Alckmin's relevance is limited unless there's a major shift in the race.","[""Lula's approval ratings"", ""Right-wing fragmentation"", ""Alckmin's viability as a candidate"", ""Polling accuracy"", ""Legal challenges""]","Lula is the favorite, but Alckmin is a long-tail candidate with low base rate unless there's a major substitution or legal shock.","[""evidence/shared/brazil_context.md"", ""evidence/parents/brazil-president-winner-2026.md"", ""evidence/parents/brazil-presidential-election.md"", ""evidence/markets/RSO-0085.md""]",81622aa3f102553c,"{""fair_value"":0.05,""confidence"":0.3,""should_abstain"":false,""rationale_short"":""Geraldo Alckmin is a long-tail candidate with no clear path to victory. Lula leads in polls, and Alckmin's relevance is limited unless there's a major shift in the race."",""key_uncertainties"":[""Lula's approval ratings"",""Right-wing fragmentation"",""Alckmin's viability as a candidate"",""Polling accuracy"",""Legal challenges""],""base_rate_notes"":""Lula is the favorite, but Alckmin is a long-tail candidate with low base rate unless there's a major substitution or legal shock.""}",OK,,0.0185,mid,,true
20260626T160140Z:RSO-0086,20260626T160140Z,2026-06-26T16:01:40Z,fair_value_v0.1,ollama,qwen3:8b,RSO-0086,Brazil Presidential Election,Brazil Presidential Election — Tereza Cristina,Tereza Cristina,Brazil,brazil_presidential,presidential_two_round,brazil_president_winner_2026,601833,0xae7dd99bf126b033b77af2553a98b97e1190fd7bdddd5a792ca2791ae23e4d13,will-tereza-cristina-win-the-2026-brazilian-presidential-election,https://polymarket.com/event/will-tereza-cristina-win-the-2026-brazilian-presidential-election,111901744542692526827481385722975834672043376661227579870355575009066606657994,Will Tereza Cristina win the 2026 Brazilian presidential election?,0.01,0.1,false,"Tereza Cristina is a long-tail candidate with no significant polling or narrative traction. Her chances depend on major substitutions or legal shocks, which are unlikely.","[""Candidate entry/exit dynamics"", ""Polling shifts"", ""Legal challenges"", ""Fragmentation of right-wing field"", ""Opposition consolidation""]","Lula is the favorite, Flávio Bolsonaro is the main opposition threat. Other candidates require major events to succeed.","[""evidence/shared/brazil_context.md"", ""evidence/parents/brazil-president-winner-2026.md"", ""evidence/parents/brazil-presidential-election.md"", ""evidence/markets/RSO-0086.md""]",f9d4fff0ede8b35a,"{""fair_value"":0.01,""confidence"":0.1,""should_abstain"":false,""rationale_short"":""Tereza Cristina is a long-tail candidate with no significant polling or narrative traction. Her chances depend on major substitutions or legal shocks, which are unlikely."",""key_uncertainties"":[""Candidate entry/exit dynamics"",""Polling shifts"",""Legal challenges"",""Fragmentation of right-wing field"",""Opposition consolidation""],""base_rate_notes"":""Lula is the favorite, Flávio Bolsonaro is the main opposition threat. Other candidates require major events to succeed.""}",OK,,0.4,mid,,true
20260626T160140Z:RSO-0087,20260626T160140Z,2026-06-26T16:01:40Z,fair_value_v0.1,ollama,qwen3:8b,RSO-0087,Brazil Presidential Election,Brazil Presidential Election — Tarcisio de Freitas,Tarcisio de Freitas,Brazil,brazil_presidential,presidential_two_round,brazil_president_winner_2026,601818,0x81a537b379a35e4e17c286d3b37394e94bd74c1779bbe9a13670eb991b201a3a,will-tarcisio-de-frietas-win-the-2026-brazilian-presidential-election,https://polymarket.com/event/will-tarcisio-de-frietas-win-the-2026-brazilian-presidential-election,52634616068523389389514492087655237014427439869589807217055529923225131895030,Will Tarcisio de Freitas win the 2026 Brazilian presidential election?,0.01,0.2,false,Tarcisio de Freitas is a long-tail candidate with no significant polling or narrative traction. His chances depend on major unforeseen events.,"[""No recent polling data"", ""No major scandals or legal shocks"", ""No consolidation of support"", ""No significant narrative relevance"", ""No major candidate exit/entry""]","Long-tail candidates require major substitution, legal shock, or rapid consolidation to be plausible.","[""evidence/shared/brazil_context.md"", ""evidence/parents/brazil-president-winner-2026.md"", ""evidence/parents/brazil-presidential-election.md"", ""evidence/markets/RSO-0087.md""]",4bd668bd5ac3144f,"{""fair_value"":0.01,""confidence"":0.2,""should_abstain"":false,""rationale_short"":""Tarcisio de Freitas is a long-tail candidate with no significant polling or narrative traction. His chances depend on major unforeseen events."",""key_uncertainties"":[""No recent polling data"",""No major scandals or legal shocks"",""No consolidation of support"",""No significant narrative relevance"",""No major candidate exit/entry""],""base_rate_notes"":""Long-tail candidates require major substitution, legal shock, or rapid consolidation to be plausible.""}",OK,,0.2335,mid,,true
20260626T160140Z:RSO-0088,20260626T160140Z,2026-06-26T16:01:40Z,fair_value_v0.1,ollama,qwen3:8b,RSO-0088,Brazil Presidential Election,Brazil Presidential Election — Eduardo Bolsonaro,Eduardo Bolsonaro,Brazil,brazil_presidential,presidential_two_round,brazil_president_winner_2026,601823,0xe1d5733322fd2215f136412f419d9ff805d097f78c68de3261515ff736895f2b,will-eduardo-bolsonaro-win-the-2026-brazilian-presidential-election,https://polymarket.com/event/will-eduardo-bolsonaro-win-the-2026-brazilian-presidential-election,68827474128979817444758177181483142354604256745613325980470518365059439724226,Will Eduardo Bolsonaro win the 2026 Brazilian presidential election?,0.02,0.3,false,Eduardo Bolsonaro lacks name recognition and faces family scandal risks. Lula leads in polls with a clear right-wing challenger (Flávio). Runoff depends on fragmentation.,"[""Right-wing fragmentation"", ""Flávio scandal impact"", ""Lula's economic appeal"", ""Polling accuracy"", ""Runoff dynamics""]","Lula is favorite, Flávio main right challenge. Eduardo is long-tail unless replacing major candidate.","[""evidence/shared/brazil_context.md"", ""evidence/parents/brazil-president-winner-2026.md"", ""evidence/parents/brazil-presidential-election.md"", ""evidence/markets/RSO-0088.md""]",8e1c78bc2fb2f527,"{""fair_value"":0.02,""confidence"":0.3,""should_abstain"":false,""rationale_short"":""Eduardo Bolsonaro lacks name recognition and faces family scandal risks. Lula leads in polls with a clear right-wing challenger (Flávio). Runoff depends on fragmentation."",""key_uncertainties"":[""Right-wing fragmentation"",""Flávio scandal impact"",""Lula's economic appeal"",""Polling accuracy"",""Runoff dynamics""],""base_rate_notes"":""Lula is favorite, Flávio main right challenge. Eduardo is long-tail unless replacing major candidate.""}",OK,,0.0045,mid,,true
20260626T160140Z:RSO-0089,20260626T160140Z,2026-06-26T16:01:40Z,fair_value_v0.1,ollama,qwen3:8b,RSO-0089,Brazil Presidential Election,Brazil Presidential Election — Aldo Rebelo,Aldo Rebelo,Brazil,brazil_presidential,presidential_two_round,brazil_president_winner_2026,601832,0xafd3f96b7b6084509e625270538ff0699003fafc042263c1216e7f084cef753a,will-aldo-rebelo-win-the-2026-brazilian-presidential-election,https://polymarket.com/event/will-aldo-rebelo-win-the-2026-brazilian-presidential-election,18874063891853426715155938679650704186206312307574669405399400920527965569290,Will Aldo Rebelo win the 2026 Brazilian presidential election?,0.01,0.1,false,"Aldo Rebelo is a long-tail candidate with no significant polling or narrative traction. His chances depend on major disruptions or substitutions in the race, which are unlikely.","[""Lula's economic approval"", ""Flávio Bolsonaro's family conflicts"", ""Renan Santos' first-round position"", ""Opposition fragmentation"", ""Polling accuracy""]","Lula is the favorite, Flávio is the main opposition threat. Other candidates require major shifts or consolidation.","[""evidence/shared/brazil_context.md"", ""evidence/parents/brazil-president-winner-2026.md"", ""evidence/parents/brazil-presidential-election.md"", ""evidence/markets/RSO-0089.md""]",12401e35fd363000,"{""fair_value"":0.01,""confidence"":0.1,""should_abstain"":false,""rationale_short"":""Aldo Rebelo is a long-tail candidate with no significant polling or narrative traction. His chances depend on major disruptions or substitutions in the race, which are unlikely."",""key_uncertainties"":[""Lula's economic approval"",""Flávio Bolsonaro's family conflicts"",""Renan Santos' first-round position"",""Opposition fragmentation"",""Polling accuracy""],""base_rate_notes"":""Lula is the favorite, Flávio is the main opposition threat. Other candidates require major shifts or consolidation.""}",OK,,0.575,mid,,true
20260626T160140Z:RSO-0090,20260626T160140Z,2026-06-26T16:01:40Z,fair_value_v0.1,ollama,qwen3:8b,RSO-0090,Brazil Presidential Election,Brazil Presidential Election — Helder Barbalho,Helder Barbalho,Brazil,brazil_presidential,presidential_two_round,brazil_president_winner_2026,601834,0x919c9bc428d2d19400437852066582b11bb7b00ad78529a0069cde76766b9faf,will-helder-barbalho-win-the-2026-brazilian-presidential-election,https://polymarket.com/event/will-helder-barbalho-win-the-2026-brazilian-presidential-election,49821018408733695378907631766783388197384982451576409356148180829521508621967,Will Helder Barbalho win the 2026 Brazilian presidential election?,0.01,0.1,false,"Helder Barbalho is a long-tail candidate with no significant polling or narrative traction. His chances depend on major legal shocks or substitutions, which are unlikely.","[""Lula's economic approval"", ""Flávio's family conflicts"", ""Renan Santos' youth appeal"", ""Right-wing fragmentation"", ""Polling stalemate""]","Lula is the favorite, Flávio is the main opposition threat. Other candidates require major substitutions or legal shocks.","[""evidence/shared/brazil_context.md"", ""evidence/parents/brazil-president-winner-2026.md"", ""evidence/parents/brazil-presidential-election.md"", ""evidence/markets/RSO-0090.md""]",7f37dc10a5d374fc,"{""fair_value"":0.01,""confidence"":0.1,""should_abstain"":false,""rationale_short"":""Helder Barbalho is a long-tail candidate with no significant polling or narrative traction. His chances depend on major legal shocks or substitutions, which are unlikely."",""key_uncertainties"":[""Lula's economic approval"",""Flávio's family conflicts"",""Renan Santos' youth appeal"",""Right-wing fragmentation"",""Polling stalemate""],""base_rate_notes"":""Lula is the favorite, Flávio is the main opposition threat. Other candidates require major substitutions or legal shocks.""}",OK,,0.57,mid,,true
20260626T160140Z:RSO-0091,20260626T160140Z,2026-06-26T16:01:40Z,fair_value_v0.1,ollama,qwen3:8b,RSO-0091,Brazil Presidential Election,Brazil Presidential Election — Ratinho Júnior,Ratinho Júnior,Brazil,brazil_presidential,presidential_two_round,brazil_president_winner_2026,601824,0xa59bb6bb91e5c1e4d533864520fbd3bb75d6d0ebb813b4cd8a8b88479bfa8966,will-carlos-roberto-massa-jnior-win-the-2026-brazilian-presidential-election,https://polymarket.com/event/will-carlos-roberto-massa-jnior-win-the-2026-brazilian-presidential-election,7424753944577407627798342086224300332261118341771286172561357635231967087849,Will Carlos Roberto Massa Júnior win the 2026 Brazilian presidential election?,0.01,0.2,false,"Ratinho Júnior is a long-tail candidate with no significant polling or narrative traction. His chances depend on major disruptions or substitutions in the race, which are unlikely.","[""Lula's approval shifts"", ""Right-wing consolidation risks"", ""Polling stalemate"", ""Legal shocks"", ""Candidate exit/entry dynamics""]","Lula is the favorite, Flávio is the main opposition threat. Other candidates require major events to succeed.","[""evidence/shared/brazil_context.md"", ""evidence/parents/brazil-president-winner-2026.md"", ""evidence/parents/brazil-presidential-election.md"", ""evidence/markets/RSO-0091.md""]",2ef9e8093182f687,"{""fair_value"":0.01,""confidence"":0.2,""should_abstain"":false,""rationale_short"":""Ratinho Júnior is a long-tail candidate with no significant polling or narrative traction. His chances depend on major disruptions or substitutions in the race, which are unlikely."",""key_uncertainties"":[""Lula's approval shifts"",""Right-wing consolidation risks"",""Polling stalemate"",""Legal shocks"",""Candidate exit/entry dynamics""],""base_rate_notes"":""Lula is the favorite, Flávio is the main opposition threat. Other candidates require major events to succeed.""}",OK,,0.0485,mid,,true
20260626T160140Z:RSO-0092,20260626T160140Z,2026-06-26T16:01:40Z,fair_value_v0.1,ollama,qwen3:8b,RSO-0092,Brazil Presidential Election,Brazil Presidential Election — Eduardo Leite,Eduardo Leite,Brazil,brazil_presidential,presidential_two_round,brazil_president_winner_2026,601831,0x70f1a7d2cd490b640676d5e31470bcbe16fef40087de1af8b6f6e44e299b5784,will-eduardo-leite-win-the-2026-brazilian-presidential-election,https://polymarket.com/event/will-eduardo-leite-win-the-2026-brazilian-presidential-election,114877796464914647568230859616993131921615428032065380781940199946418906101564,Will Eduardo Leite win the 2026 Brazilian presidential election?,0.02,0.3,false,"Eduardo Leite is a long-tail candidate with no significant polling or narrative traction. His chances depend on major disruptions or substitutions in the race, which are unlikely.","[""Lula's economic approval"", ""Flávio Bolsonaro's family conflicts"", ""Renan Santos' national polling"", ""Right-wing fragmentation"", ""Polling stalemate""]","Lula is the favorite, Flávio is the main opposition threat. Other candidates require major shifts or consolidation.","[""evidence/shared/brazil_context.md"", ""evidence/parents/brazil-president-winner-2026.md"", ""evidence/parents/brazil-presidential-election.md"", ""evidence/markets/RSO-0092.md""]",66ba9d0d3fcb11ad,"{""fair_value"":0.02,""confidence"":0.3,""should_abstain"":false,""rationale_short"":""Eduardo Leite is a long-tail candidate with no significant polling or narrative traction. His chances depend on major disruptions or substitutions in the race, which are unlikely."",""key_uncertainties"":[""Lula's economic approval"",""Flávio Bolsonaro's family conflicts"",""Renan Santos' national polling"",""Right-wing fragmentation"",""Polling stalemate""],""base_rate_notes"":""Lula is the favorite, Flávio is the main opposition threat. Other candidates require major shifts or consolidation.""}",OK,,0.0015,mid,,true
20260626T160140Z:RSO-0094,20260626T160140Z,2026-06-26T16:01:40Z,fair_value_v0.1,ollama,qwen3:8b,RSO-0094,Brazil Presidential Election First Round: Margin of Victory,Brazil Presidential Election First Round: Margin of Victory — Lula da Silva 10-15%,Lula da Silva 10-15%,Brazil,brazil_presidential,presidential_two_round,brazil_first_round_margin_2026,1366009,0xd99603add7350a5ff33c8dc609ab0eaae2d5d18162bb00eeb63c38c81ae038f8,will-luiz-incio-lula-da-silva-win-the-first-round-of-the-2026-brazilian-presidential-election-by-1015-995,https://polymarket.com/event/will-luiz-incio-lula-da-silva-win-the-first-round-of-the-2026-brazilian-presidential-election-by-1015-995,111501008889215248446738380766334499893429002495174888541812674365305743816241,Will Luiz Inácio Lula da Silva win the first round of the 2026 Brazilian presidential election by 10–15%?,0.35,0.65,false,"Datafolha shows Lula at 41%, Flávio at 31% in first round, suggesting a 10-point margin. However, uncertainty remains due to potential fragmentation and economic factors.","[""Polling may shift before election"", ""Opposition fragmentation impact"", ""Economic conditions changes"", ""Lula's approval rating fluctuations"", ""Right-wing consolidation risks""]","Based on current polling data and election system dynamics, Lula's margin is plausible but not certain.","[""evidence/shared/brazil_context.md"", ""evidence/parents/brazil-first-round-margin-2026.md"", ""evidence/parents/brazil-presidential-election-first-round-margin-of-victory.md"", ""evidence/markets/RSO-0094.md""]",7469b2df14ce9cbf,"{""fair_value"":0.35,""confidence"":0.65,""should_abstain"":false,""rationale_short"":""Datafolha shows Lula at 41%, Flávio at 31% in first round, suggesting a 10-point margin. However, uncertainty remains due to potential fragmentation and economic factors."",""key_uncertainties"":[""Polling may shift before election"",""Opposition fragmentation impact"",""Economic conditions changes"",""Lula's approval rating fluctuations"",""Right-wing consolidation risks""],""base_rate_notes"":""Based on current polling data and election system dynamics, Lula's margin is plausible but not certain.""}",OK,,0.205,mid,,true
20260626T160140Z:RSO-0095,20260626T160140Z,2026-06-26T16:01:40Z,fair_value_v0.1,ollama,qwen3:8b,RSO-0095,Brazil Presidential Election First Round: Margin of Victory,Brazil Presidential Election First Round: Margin of Victory — Lula da Silva 5-10%,Lula da Silva 5-10%,Brazil,brazil_presidential,presidential_two_round,brazil_first_round_margin_2026,1366008,0x5377b12dd060efd8e3597620f120648f1bf99452a95eb70374b128d9ca133227,will-luiz-incio-lula-da-silva-win-the-first-round-of-the-2026-brazilian-presidential-election-by-510-971,https://polymarket.com/event/will-luiz-incio-lula-da-silva-win-the-first-round-of-the-2026-brazilian-presidential-election-by-510-971,48407765042087399444287625227087734986428382872828112503518998286869389847258,Will Luiz Inácio Lula da Silva win the first round of the 2026 Brazilian presidential election by 5–10%?,0.35,0.65,false,"Current polling shows Lula leading Flávio by 10 points, but margin is tight with potential for runoff. Uncertainties include Lula's economic risks, Flávio's consolidation, and other right-wing candidates' impact.","[""Lula's economic dissatisfaction risk"", ""Flávio's right-wing consolidation"", ""Other candidates' fragmentation impact"", ""Polling accuracy and stability"", ""Runoff composition uncertainty""]",Based on Datafolha's June 2026 snapshot showing Lula at 41% and Flávio at 31% in first-round scenario.,"[""evidence/shared/brazil_context.md"", ""evidence/parents/brazil-first-round-margin-2026.md"", ""evidence/parents/brazil-presidential-election-first-round-margin-of-victory.md"", ""evidence/markets/RSO-0095.md""]",3e4fe2f7f7f0bdf8,"{""fair_value"":0.35,""confidence"":0.65,""should_abstain"":false,""rationale_short"":""Current polling shows Lula leading Flávio by 10 points, but margin is tight with potential for runoff. Uncertainties include Lula's economic risks, Flávio's consolidation, and other right-wing candidates' impact."",""key_uncertainties"":[""Lula's economic dissatisfaction risk"",""Flávio's right-wing consolidation"",""Other candidates' fragmentation impact"",""Polling accuracy and stability"",""Runoff composition uncertainty""],""base_rate_notes"":""Based on Datafolha's June 2026 snapshot showing Lula at 41% and Flávio at 31% in first-round scenario.""}",OK,,0.0155,mid,,true
20260626T160140Z:RSO-0096,20260626T160140Z,2026-06-26T16:01:40Z,fair_value_v0.1,ollama,qwen3:8b,RSO-0096,Brazil Presidential Election First Round: Margin of Victory,Brazil Presidential Election First Round: Margin of Victory — Lula da Silva <5%,Lula da Silva <5%,Brazil,brazil_presidential,presidential_two_round,brazil_first_round_margin_2026,1366007,0x5d5b8feb963ddcc0f4688f7ac0c0d375f99945b7a07155d60cd1a306c6b3054b,will-luiz-incio-lula-da-silva-win-the-first-round-of-the-2026-brazilian-presidential-election-by-less-than-5-639,https://polymarket.com/event/will-luiz-incio-lula-da-silva-win-the-first-round-of-the-2026-brazilian-presidential-election-by-less-than-5-639,111141743875022425014082366328706246366536998743881258465740846069926282242834,Will Luiz Inácio Lula da Silva win the first round of the 2026 Brazilian presidential election by less than 5%?,0.15,0.6,false,"Current polling shows Lula leading Flávio by 10 points, but margin could narrow with fragmentation. Lula's 41% vs Flávio's 31% implies a 10-point margin, but other candidates could split votes. However, Lula's lead is still substantial, making <5% margin unlikely.","[""Opposition fragmentation"", ""Lula's approval"", ""Economic conditions"", ""Polling accuracy"", ""Right-wing consolidation""]",Based on Datafolha's June 2026 snapshot showing Lula at 41% and Flávio at 31% in first-round scenario.,"[""evidence/shared/brazil_context.md"", ""evidence/parents/brazil-first-round-margin-2026.md"", ""evidence/parents/brazil-presidential-election-first-round-margin-of-victory.md"", ""evidence/markets/RSO-0096.md""]",70b48e0cd104fe52,"{""fair_value"":0.15,""confidence"":0.6,""should_abstain"":false,""rationale_short"":""Current polling shows Lula leading Flávio by 10 points, but margin could narrow with fragmentation. Lula's 41% vs Flávio's 31% implies a 10-point margin, but other candidates could split votes. However, Lula's lead is still substantial, making <5% margin unlikely."",""key_uncertainties"":[""Opposition fragmentation"",""Lula's approval"",""Economic conditions"",""Polling accuracy"",""Right-wing consolidation""],""base_rate_notes"":""Based on Datafolha's June 2026 snapshot showing Lula at 41% and Flávio at 31% in first-round scenario.""}",OK,,0.27,mid,,true
20260626T160140Z:RSO-0098,20260626T160140Z,2026-06-26T16:01:40Z,fair_value_v0.1,ollama,qwen3:8b,RSO-0098,Brazil Presidential Election First Round: Margin of Victory,Brazil Presidential Election First Round: Margin of Victory — Flávio Bolsonaro 5-10%,Flávio Bolsonaro 5-10%,Brazil,brazil_presidential,presidential_two_round,brazil_first_round_margin_2026,1366012,0x3a539f4052dc3340948b9f56119fbee92919f7bf9bb3cc73fd7feeb310d030d4,will-flvio-bolsonaro-win-the-first-round-of-the-2026-brazilian-presidential-election-by-510,https://polymarket.com/event/will-flvio-bolsonaro-win-the-first-round-of-the-2026-brazilian-presidential-election-by-510,104163730910213129535412784044547089656279554877287473050849076919118163831116,Will Flávio Bolsonaro win the first round of the 2026 Brazilian presidential election by 5–10%?,0.15,0.6,false,"Datafolha shows Lula at 41%, Flávio at 31% in first round, implying a 10-point margin. However, Flávio winning by 5-10% would require Lula's support to drop significantly or right-wing consolidation, which is uncertain.","[""Lula's support erosion"", ""Right-wing fragmentation"", ""Polling accuracy"", ""Runoff dynamics"", ""Candidate exits""]","Based on current polling and election system dynamics, Flávio's 5-10% margin is plausible but not certain.","[""evidence/shared/brazil_context.md"", ""evidence/parents/brazil-first-round-margin-2026.md"", ""evidence/parents/brazil-presidential-election-first-round-margin-of-victory.md"", ""evidence/markets/RSO-0098.md""]",70229b07e7fe8eff,"{""fair_value"":0.15,""confidence"":0.6,""should_abstain"":false,""rationale_short"":""Datafolha shows Lula at 41%, Flávio at 31% in first round, implying a 10-point margin. However, Flávio winning by 5-10% would require Lula's support to drop significantly or right-wing consolidation, which is uncertain."",""key_uncertainties"":[""Lula's support erosion"",""Right-wing fragmentation"",""Polling accuracy"",""Runoff dynamics"",""Candidate exits""],""base_rate_notes"":""Based on current polling and election system dynamics, Flávio's 5-10% margin is plausible but not certain.""}",OK,,0.0865,mid,,true
20260626T160140Z:RSO-0099,20260626T160140Z,2026-06-26T16:01:40Z,fair_value_v0.1,ollama,qwen3:8b,RSO-0099,Brazil Presidential Election First Round: Margin of Victory,Brazil Presidential Election First Round: Margin of Victory — Flávio Bolsonaro <5%,Flávio Bolsonaro <5%,Brazil,brazil_presidential,presidential_two_round,brazil_first_round_margin_2026,1366011,0x25966b196ffc1682fc77df0298784831a60aea8abe03b9aa4fc219d1422feb9f,will-flvio-bolsonaro-win-the-first-round-of-the-2026-brazilian-presidential-election-by-less-than-5-183,https://polymarket.com/event/will-flvio-bolsonaro-win-the-first-round-of-the-2026-brazilian-presidential-election-by-less-than-5-183,94495166556994695319220591877877326867271103412306477867919432683718476975192,Will Flávio Bolsonaro win the first round of the 2026 Brazilian presidential election by less than 5%?,0.15,0.6,false,"Datafolha shows Lula at 41%, Flávio at 31% in first round. 10-point margin between top two. Flávio <5% would require Lula to drop significantly or right-wing fragmentation. Current evidence suggests this is unlikely but not impossible.","[""Lula's performance in first round"", ""Right-wing fragmentation"", ""Polling accuracy"", ""Bolsonaro family dynamics"", ""Economic conditions""]",Based on Datafolha's June 2026 polling snapshot showing Lula at 41% and Flávio at 31% in first round scenario.,"[""evidence/shared/brazil_context.md"", ""evidence/parents/brazil-first-round-margin-2026.md"", ""evidence/parents/brazil-presidential-election-first-round-margin-of-victory.md"", ""evidence/markets/RSO-0099.md""]",6b15c51914bb10cc,"{""fair_value"":0.15,""confidence"":0.6,""should_abstain"":false,""rationale_short"":""Datafolha shows Lula at 41%, Flávio at 31% in first round. 10-point margin between top two. Flávio <5% would require Lula to drop significantly or right-wing fragmentation. Current evidence suggests this is unlikely but not impossible."",""key_uncertainties"":[""Lula's performance in first round"",""Right-wing fragmentation"",""Polling accuracy"",""Bolsonaro family dynamics"",""Economic conditions""],""base_rate_notes"":""Based on Datafolha's June 2026 polling snapshot showing Lula at 41% and Flávio at 31% in first round scenario.""}",OK,,0.17,mid,,true
20260626T160140Z:RSO-0100,20260626T160140Z,2026-06-26T16:01:40Z,fair_value_v0.1,ollama,qwen3:8b,RSO-0100,Brazil Presidential Election First Round: Margin of Victory,Brazil Presidential Election First Round: Margin of Victory — Renan Santos Victory,Renan Santos Victory,Brazil,brazil_presidential,presidential_two_round,brazil_first_round_margin_2026,1366014,0x819cc40b88572690508717385d9397af991f8bc929f764fa73c99e5e10c1e55b,will-renan-santos-win-the-first-round-of-the-2026-brazilian-presidential-election,https://polymarket.com/event/will-renan-santos-win-the-first-round-of-the-2026-brazilian-presidential-election,10454882518429916448752742772766159951084470578369066727370400009390341769549,Will Renan Santos win the first round of the 2026 Brazilian presidential election?,0.05,0.3,false,"Renan Santos has lower national polling than Lula and Flávio, but may influence first-round rank markets. Current evidence suggests a 10-point margin between top two candidates, making outright victory unlikely.","[""Polling may shift due to economic factors"", ""Opposition fragmentation impact"", ""Renan's national support level"", ""Right-wing consolidation risks"", ""Datafolha margin of error""]","Based on Datafolha's June 2026 snapshot showing Lula at 41%, Flávio at 31%, and Renan's lower national polling.","[""evidence/shared/brazil_context.md"", ""evidence/parents/brazil-first-round-margin-2026.md"", ""evidence/parents/brazil-presidential-election-first-round-margin-of-victory.md"", ""evidence/markets/RSO-0100.md""]",70a13124125cd983,"{""fair_value"":0.05,""confidence"":0.3,""should_abstain"":false,""rationale_short"":""Renan Santos has lower national polling than Lula and Flávio, but may influence first-round rank markets. Current evidence suggests a 10-point margin between top two candidates, making outright victory unlikely."",""key_uncertainties"":[""Polling may shift due to economic factors"",""Opposition fragmentation impact"",""Renan's national support level"",""Right-wing consolidation risks"",""Datafolha margin of error""],""base_rate_notes"":""Based on Datafolha's June 2026 snapshot showing Lula at 41%, Flávio at 31%, and Renan's lower national polling.""}",OK,,0.0015,mid,,true
20260626T160140Z:RSO-0101,20260626T160140Z,2026-06-26T16:01:40Z,fair_value_v0.1,ollama,qwen3:8b,RSO-0101,Brazil Presidential Election First Round: Margin of Victory,Brazil Presidential Election First Round: Margin of Victory — Tarcisio de Freitas Victory,Tarcisio de Freitas Victory,Brazil,brazil_presidential,presidential_two_round,brazil_first_round_margin_2026,1366015,0x6f98bf552b696e6698beb205cf3849a80696c9c03ef500435d01e9c57e4315e3,will-tarcisio-de-freitas-win-the-first-round-of-the-2026-brazilian-presidential-election,https://polymarket.com/event/will-tarcisio-de-freitas-win-the-first-round-of-the-2026-brazilian-presidential-election,83269757217555629943134578848786647915368681844160716033008008468705095911501,Will Tarcisio de Freitas win the first round of the 2026 Brazilian presidential election?,0.01,0.1,false,"Tarcisio de Freitas is a long-shot candidate with low polling support. Current evidence suggests Lula and Flavio Bolsonaro are leading, with Tarcisio trailing significantly. His victory would require significant polling shifts or candidate exits.","[""Polling accuracy and volatility"", ""Candidate exit/entry dynamics"", ""Opposition fragmentation"", ""Economic conditions impact"", ""Scandal impact on Tarcisio""]","Based on current polling data and election structure, Tarcisio de Freitas has a very low base rate of winning the first round.","[""evidence/shared/brazil_context.md"", ""evidence/parents/brazil-first-round-margin-2026.md"", ""evidence/parents/brazil-presidential-election-first-round-margin-of-victory.md"", ""evidence/markets/RSO-0101.md""]",5b34d3e049062a82,"{""fair_value"":0.01,""confidence"":0.1,""should_abstain"":false,""rationale_short"":""Tarcisio de Freitas is a long-shot candidate with low polling support. Current evidence suggests Lula and Flavio Bolsonaro are leading, with Tarcisio trailing significantly. His victory would require significant polling shifts or candidate exits."",""key_uncertainties"":[""Polling accuracy and volatility"",""Candidate exit/entry dynamics"",""Opposition fragmentation"",""Economic conditions impact"",""Scandal impact on Tarcisio""],""base_rate_notes"":""Based on current polling data and election structure, Tarcisio de Freitas has a very low base rate of winning the first round.""}",OK,,0.425,mid,,true
20260626T160140Z:RSO-0102,20260626T160140Z,2026-06-26T16:01:40Z,fair_value_v0.1,ollama,qwen3:8b,RSO-0102,Brazil Presidential Election First Round: Margin of Victory,Brazil Presidential Election First Round: Margin of Victory — Ratinho Júnior Victory,Ratinho Júnior Victory,Brazil,brazil_presidential,presidential_two_round,brazil_first_round_margin_2026,1366016,0x1ebb9c918900fedc11089b62d09353ef7e9986ad9ff94fbce786e2541c1e3980,will-carlos-roberto-massa-jnior-win-the-first-round-of-the-2026-brazilian-presidential-election,https://polymarket.com/event/will-carlos-roberto-massa-jnior-win-the-first-round-of-the-2026-brazilian-presidential-election,48237610808655602451252745673035721002146805186546999349082405380140320056791,Will Carlos Roberto Massa Júnior win the first round of the 2026 Brazilian presidential election?,0.05,0.3,false,"Ratinho Júnior is a long-shot candidate with low polling support. Current evidence suggests Lula leads Flávio by 10 points, making a first-round victory for Ratinho unlikely.","[""Polling accuracy"", ""Opposition fragmentation"", ""Candidate viability"", ""Economic conditions"", ""Scandal impact""]",Based on Datafolha polling showing Lula at 41% and Flávio at 31% with a 10-point margin.,"[""evidence/shared/brazil_context.md"", ""evidence/parents/brazil-first-round-margin-2026.md"", ""evidence/parents/brazil-presidential-election-first-round-margin-of-victory.md"", ""evidence/markets/RSO-0102.md""]",67fd19274c279540,"{""fair_value"":0.05,""confidence"":0.3,""should_abstain"":false,""rationale_short"":""Ratinho Júnior is a long-shot candidate with low polling support. Current evidence suggests Lula leads Flávio by 10 points, making a first-round victory for Ratinho unlikely."",""key_uncertainties"":[""Polling accuracy"",""Opposition fragmentation"",""Candidate viability"",""Economic conditions"",""Scandal impact""],""base_rate_notes"":""Based on Datafolha polling showing Lula at 41% and Flávio at 31% with a 10-point margin.""}",OK,,0.0135,mid,,true
20260626T160140Z:RSO-0103,20260626T160140Z,2026-06-26T16:01:40Z,fair_value_v0.1,ollama,qwen3:8b,RSO-0103,Brazil Presidential Election First Round: Margin of Victory,Brazil Presidential Election First Round: Margin of Victory — Other,Other,Brazil,brazil_presidential,presidential_two_round,brazil_first_round_margin_2026,1366017,0xf0918b480dabee05030dd06079dcc206f9abdb14f89821deacc025fce5cef2aa,will-another-person-win-the-first-round-of-the-2026-brazilian-presidential-election,https://polymarket.com/event/will-another-person-win-the-first-round-of-the-2026-brazilian-presidential-election,74306749719457212671387730053142004427663532632544536840572498618977716344069,Will another person win the first round of the 2026 Brazilian presidential election?,0.15,0.6,false,"Current polling suggests Lula leads Flávio by 10 points, but 'Other' requires significant fragmentation or polling shocks. Low but non-zero probability due to potential for right-wing consolidation or candidate exits.","[""Right-wing consolidation"", ""Candidate exits"", ""Polling shocks"", ""Lula's approval"", ""Economic conditions""]",Based on Datafolha's June 2026 snapshot showing Lula at 41% and Flávio at 31% in first-round scenario.,"[""evidence/shared/brazil_context.md"", ""evidence/parents/brazil-first-round-margin-2026.md"", ""evidence/parents/brazil-presidential-election-first-round-margin-of-victory.md"", ""evidence/markets/RSO-0103.md""]",7b4be524b5fce4de,"{""fair_value"":0.15,""confidence"":0.6,""should_abstain"":false,""rationale_short"":""Current polling suggests Lula leads Flávio by 10 points, but 'Other' requires significant fragmentation or polling shocks. Low but non-zero probability due to potential for right-wing consolidation or candidate exits."",""key_uncertainties"":[""Right-wing consolidation"",""Candidate exits"",""Polling shocks"",""Lula's approval"",""Economic conditions""],""base_rate_notes"":""Based on Datafolha's June 2026 snapshot showing Lula at 41% and Flávio at 31% in first-round scenario.""}",OK,,0.014,mid,,true
20260626T160140Z:RSO-0121,20260626T160140Z,2026-06-26T16:01:40Z,fair_value_v0.1,ollama,qwen3:8b,RSO-0121,Brazil Presidential Election First Round: 2nd Place,Brazil Presidential Election First Round: 2nd Place — Flávio Bolsonaro,Flávio Bolsonaro,Brazil,brazil_presidential,presidential_two_round,brazil_first_round_second_place_2026,1365861,0x6114306f724135bd1db2f5f3169386decf18f618653c196ef0a6c1afd27f4c73,will-flvio-bolsonaro-finish-in-second-place-in-the-first-round-of-the-2026-brazilian-presidential-election,https://polymarket.com/event/will-flvio-bolsonaro-finish-in-second-place-in-the-first-round-of-the-2026-brazilian-presidential-election,49821065181473419798146957267480015506102711160660718636601116902870701340131,Will Flávio Bolsonaro finish in second place in the first round of the 2026 Brazilian presidential election?,0.45,0.75,false,"Flávio Bolsonaro is the leading non-Lula candidate, but Lula's lead is not insurmountable. Runoff dynamics and fragmentation are key uncertainties.","[""Lula's lead sustainability"", ""Right-wing fragmentation"", ""Flávio's scandal risks"", ""Polling accuracy"", ""Runoff composition""]","Flávio is the natural second-place favorite if Lula wins first, but Lula's second-place scenario requires significant opposition consolidation.","[""evidence/shared/brazil_context.md"", ""evidence/parents/brazil-first-round-second-place-2026.md"", ""evidence/parents/brazil-presidential-election-first-round-2nd-place.md"", ""evidence/markets/RSO-0121.md""]",1c6148207b48ecd7,"{""fair_value"":0.45,""confidence"":0.75,""should_abstain"":false,""rationale_short"":""Flávio Bolsonaro is the leading non-Lula candidate, but Lula's lead is not insurmountable. Runoff dynamics and fragmentation are key uncertainties."",""key_uncertainties"":[""Lula's lead sustainability"",""Right-wing fragmentation"",""Flávio's scandal risks"",""Polling accuracy"",""Runoff composition""],""base_rate_notes"":""Flávio is the natural second-place favorite if Lula wins first, but Lula's second-place scenario requires significant opposition consolidation.""}",OK,,0.28,mid,,true
20260626T160140Z:RSO-0122,20260626T160140Z,2026-06-26T16:01:40Z,fair_value_v0.1,ollama,qwen3:8b,RSO-0122,Brazil Presidential Election First Round: 2nd Place,Brazil Presidential Election First Round: 2nd Place — Renan Santos,Renan Santos,Brazil,brazil_presidential,presidential_two_round,brazil_first_round_second_place_2026,1365860,0x83030b249525db4c0bcd83a915776442f4ea32d2fba10825fca4abeb51512d8f,will-renan-santos-finish-in-second-place-in-the-first-round-of-the-2026-brazilian-presidential-election,https://polymarket.com/event/will-renan-santos-finish-in-second-place-in-the-first-round-of-the-2026-brazilian-presidential-election,17281846673721797872676200679500341356941280903768395106563553424335510148596,Will Renan Santos finish in second place in the first round of the 2026 Brazilian presidential election?,0.15,0.6,false,"Renan Santos has lower national polling than Flávio Bolsonaro, but could finish second if Bolsonaro lane fragments. Datafolha shows him at lower support than Flávio.","[""Bolsonaro family conflicts"", ""Flávio's strength"", ""Polling shifts"", ""Opposition fragmentation"", ""Lula's performance""]",Flávio is natural second if Lula wins first. Renan needs Bolsonaro lane fragmentation or Flávio weakening.,"[""evidence/shared/brazil_context.md"", ""evidence/parents/brazil-first-round-second-place-2026.md"", ""evidence/parents/brazil-presidential-election-first-round-2nd-place.md"", ""evidence/markets/RSO-0122.md""]",900759f630e383f9,"{""fair_value"":0.15,""confidence"":0.6,""should_abstain"":false,""rationale_short"":""Renan Santos has lower national polling than Flávio Bolsonaro, but could finish second if Bolsonaro lane fragments. Datafolha shows him at lower support than Flávio."",""key_uncertainties"":[""Bolsonaro family conflicts"",""Flávio's strength"",""Polling shifts"",""Opposition fragmentation"",""Lula's performance""],""base_rate_notes"":""Flávio is natural second if Lula wins first. Renan needs Bolsonaro lane fragmentation or Flávio weakening.""}",OK,,0.0015,mid,,true
20260626T160140Z:RSO-0123,20260626T160140Z,2026-06-26T16:01:40Z,fair_value_v0.1,ollama,qwen3:8b,RSO-0123,Brazil Presidential Election First Round: 2nd Place,Brazil Presidential Election First Round: 2nd Place — Luiz Inácio Lula da Silva,Luiz Inácio Lula da Silva,Brazil,brazil_presidential,presidential_two_round,brazil_first_round_second_place_2026,1365854,0x8ee27c276a1bee094293751285d8a6697674b023196cb21fdd14bf3ca12f6ec0,will-luiz-incio-lula-da-silva-finish-in-second-place-in-the-first-round-of-the-2026-brazilian-presidential-election,https://polymarket.com/event/will-luiz-incio-lula-da-silva-finish-in-second-place-in-the-first-round-of-the-2026-brazilian-presidential-election,109856098174983029722649567789098297237073018943808237804563416414463140161494,Will Luiz Inácio Lula da Silva finish in second place in the first round of the 2026 Brazilian presidential election?,0.15,0.6,false,"Lula is leading in polls but second-place requires another candidate overtaking him, which is uncertain.","[""Lula's lead may erode"", ""Opposition fragmentation"", ""Runoff dynamics"", ""Polling accuracy"", ""Candidate exits/changes""]","Flávio Bolsonaro is the natural second-place favorite if Lula wins first, but Lula finishing second would require significant shifts in support.","[""evidence/shared/brazil_context.md"", ""evidence/parents/brazil-first-round-second-place-2026.md"", ""evidence/parents/brazil-presidential-election-first-round-2nd-place.md"", ""evidence/markets/RSO-0123.md""]",0939146a9566910a,"{""fair_value"":0.15,""confidence"":0.6,""should_abstain"":false,""rationale_short"":""Lula is leading in polls but second-place requires another candidate overtaking him, which is uncertain."",""key_uncertainties"":[""Lula's lead may erode"",""Opposition fragmentation"",""Runoff dynamics"",""Polling accuracy"",""Candidate exits/changes""],""base_rate_notes"":""Flávio Bolsonaro is the natural second-place favorite if Lula wins first, but Lula finishing second would require significant shifts in support.""}",OK,,0.785,mid,,true
20260626T160140Z:RSO-0124,20260626T160140Z,2026-06-26T16:01:40Z,fair_value_v0.1,ollama,qwen3:8b,RSO-0124,Brazil Presidential Election First Round: 2nd Place,Brazil Presidential Election First Round: 2nd Place — Romeu Zema,Romeu Zema,Brazil,brazil_presidential,presidential_two_round,brazil_first_round_second_place_2026,1365863,0xa68adbb0fedef76cef5c6e1ab2c2027704233fc5b6389037eb4d3565952892da,will-romeu-zema-finish-in-second-place-in-the-first-round-of-the-2026-brazilian-presidential-election,https://polymarket.com/event/will-romeu-zema-finish-in-second-place-in-the-first-round-of-the-2026-brazilian-presidential-election,33120079315672925103019754502941180281339745524857289202950301940888637884529,Will Romeu Zema finish in second place in the first round of the 2026 Brazilian presidential election?,0.05,0.3,false,"Romeu Zema is a centrist candidate with limited polling traction. His second-place probability depends on Lula winning and fragmentation in the right-wing field, but current evidence suggests he is a long-shot.","[""Lula's first-round performance"", ""Right-wing fragmentation"", ""Zema's polling support"", ""Runoff dynamics"", ""Market completeness""]",Flávio Bolsonaro is the natural favorite for second place if Lula wins. Zema's chances are low unless there is significant fragmentation or a major candidate exit.,"[""evidence/shared/brazil_context.md"", ""evidence/parents/brazil-first-round-second-place-2026.md"", ""evidence/parents/brazil-presidential-election-first-round-2nd-place.md"", ""evidence/markets/RSO-0124.md""]",68be9be46354050a,"{""fair_value"":0.05,""confidence"":0.3,""should_abstain"":false,""rationale_short"":""Romeu Zema is a centrist candidate with limited polling traction. His second-place probability depends on Lula winning and fragmentation in the right-wing field, but current evidence suggests he is a long-shot."",""key_uncertainties"":[""Lula's first-round performance"",""Right-wing fragmentation"",""Zema's polling support"",""Runoff dynamics"",""Market completeness""],""base_rate_notes"":""Flávio Bolsonaro is the natural favorite for second place if Lula wins. Zema's chances are low unless there is significant fragmentation or a major candidate exit.""}",OK,,0.805,mid,,true
20260626T160140Z:RSO-0125,20260626T160140Z,2026-06-26T16:01:40Z,fair_value_v0.1,ollama,qwen3:8b,RSO-0125,Brazil Presidential Election First Round: 2nd Place,Brazil Presidential Election First Round: 2nd Place — Michelle Bolsonaro,Michelle Bolsonaro,Brazil,brazil_presidential,presidential_two_round,brazil_first_round_second_place_2026,1365857,0x000e7d579cf57fd0b8428656d385c57f3c6e7f8e5ffe9b7a9955fa2ffd2cd260,will-michelle-bolsonaro-finish-in-second-place-in-the-first-round-of-the-2026-brazilian-presidential-election,https://polymarket.com/event/will-michelle-bolsonaro-finish-in-second-place-in-the-first-round-of-the-2026-brazilian-presidential-election,46016593873997340258679724205324373176224812313655314178053388989396764209886,Will Michelle Bolsonaro finish in second place in the first round of the 2026 Brazilian presidential election?,0.05,0.3,false,"Michelle Bolsonaro is a long-shot in the right-wing field, with limited polling data and potential internal family conflicts. Her chances depend on Flávio Bolsonaro's performance and fragmentation.","[""Flávio Bolsonaro's viability"", ""Family conflict impact"", ""Renan Santos' role"", ""Polling accuracy"", ""Runoff composition""]",Flávio is the natural second-place favorite if Lula wins first. Michelle's path requires Flávio's weakness or fragmentation.,"[""evidence/shared/brazil_context.md"", ""evidence/parents/brazil-first-round-second-place-2026.md"", ""evidence/parents/brazil-presidential-election-first-round-2nd-place.md"", ""evidence/markets/RSO-0125.md""]",d1b4a957feef7dae,"{""fair_value"":0.05,""confidence"":0.3,""should_abstain"":false,""rationale_short"":""Michelle Bolsonaro is a long-shot in the right-wing field, with limited polling data and potential internal family conflicts. Her chances depend on Flávio Bolsonaro's performance and fragmentation."",""key_uncertainties"":[""Flávio Bolsonaro's viability"",""Family conflict impact"",""Renan Santos' role"",""Polling accuracy"",""Runoff composition""],""base_rate_notes"":""Flávio is the natural second-place favorite if Lula wins first. Michelle's path requires Flávio's weakness or fragmentation.""}",OK,,0.0015,mid,,true
20260626T160140Z:RSO-0126,20260626T160140Z,2026-06-26T16:01:40Z,fair_value_v0.1,ollama,qwen3:8b,RSO-0126,Brazil Presidential Election First Round: 2nd Place,Brazil Presidential Election First Round: 2nd Place — Fernando Haddad,Fernando Haddad,Brazil,brazil_presidential,presidential_two_round,brazil_first_round_second_place_2026,1365856,0x0f8a16fa8809127bc86712e24cea9314cf1eb000c69150ff01b9f10f166903f5,will-fernando-haddad-finish-in-second-place-in-the-first-round-of-the-2026-brazilian-presidential-election,https://polymarket.com/event/will-fernando-haddad-finish-in-second-place-in-the-first-round-of-the-2026-brazilian-presidential-election,43401707698084567428952104543307143736192808401383569468543634607641861802704,Will Fernando Haddad finish in second place in the first round of the 2026 Brazilian presidential election?,0.05,0.3,false,"Fernando Haddad is a centrist candidate with limited recent polling traction. His second-place probability depends on Lula's strength and fragmentation in the opposition field, which is uncertain.","[""Lula's first-round performance"", ""Opposition fragmentation"", ""Haddad's polling momentum"", ""Runoff composition"", ""Market completeness""]",Flávio Bolsonaro is the natural second-place favorite if Lula wins first round. Haddad's path to second place requires significant fragmentation or Lula's weakening.,"[""evidence/shared/brazil_context.md"", ""evidence/parents/brazil-first-round-second-place-2026.md"", ""evidence/parents/brazil-presidential-election-first-round-2nd-place.md"", ""evidence/markets/RSO-0126.md""]",d15a3cca36812e50,"{""fair_value"":0.05,""confidence"":0.3,""should_abstain"":false,""rationale_short"":""Fernando Haddad is a centrist candidate with limited recent polling traction. His second-place probability depends on Lula's strength and fragmentation in the opposition field, which is uncertain."",""key_uncertainties"":[""Lula's first-round performance"",""Opposition fragmentation"",""Haddad's polling momentum"",""Runoff composition"",""Market completeness""],""base_rate_notes"":""Flávio Bolsonaro is the natural second-place favorite if Lula wins first round. Haddad's path to second place requires significant fragmentation or Lula's weakening.""}",OK,,0.135,mid,,true
20260626T160140Z:RSO-0127,20260626T160140Z,2026-06-26T16:01:40Z,fair_value_v0.1,ollama,qwen3:8b,RSO-0127,Brazil Presidential Election First Round: 2nd Place,Brazil Presidential Election First Round: 2nd Place — Camilo Santana,Camilo Santana,Brazil,brazil_presidential,presidential_two_round,brazil_first_round_second_place_2026,1365864,0x8576ba0a2bbe51db4f61c513059475a09e0cb0bd754b955fce0ddc7793ffa08f,will-camilo-santana-finish-in-second-place-in-the-first-round-of-the-2026-brazilian-presidential-election,https://polymarket.com/event/will-camilo-santana-finish-in-second-place-in-the-first-round-of-the-2026-brazilian-presidential-election,2501107153963268281942035041037528214870417801204824857715972358420826737525,Will Camilo Santana finish in second place in the first round of the 2026 Brazilian presidential election?,0.05,0.3,false,Camilo Santana is a centrist candidate with limited polling data. His second-place probability depends on Lula's strength and fragmentation in the right-wing field. Current evidence suggests he is a long-shot.,"[""Lula's first-round performance"", ""Right-wing fragmentation"", ""Santana's polling visibility"", ""Polling stalemate risk"", ""Candidate entry/exit dynamics""]",Flávio Bolsonaro is the natural second-place favorite if Lula wins first. Renan Santos could also challenge if fragmentation occurs. Santana's chances are low unless there is significant underestimation of his support or unexpected candidate dynamics.,"[""evidence/shared/brazil_context.md"", ""evidence/parents/brazil-first-round-second-place-2026.md"", ""evidence/parents/brazil-presidential-election-first-round-2nd-place.md"", ""evidence/markets/RSO-0127.md""]",be854c8cb778b1d2,"{""fair_value"":0.05,""confidence"":0.3,""should_abstain"":false,""rationale_short"":""Camilo Santana is a centrist candidate with limited polling data. His second-place probability depends on Lula's strength and fragmentation in the right-wing field. Current evidence suggests he is a long-shot."",""key_uncertainties"":[""Lula's first-round performance"",""Right-wing fragmentation"",""Santana's polling visibility"",""Polling stalemate risk"",""Candidate entry/exit dynamics""],""base_rate_notes"":""Flávio Bolsonaro is the natural second-place favorite if Lula wins first. Renan Santos could also challenge if fragmentation occurs. Santana's chances are low unless there is significant underestimation of his support or unexpected candidate dynamics.""}",OK,,0.0025,mid,,true
20260626T160140Z:RSO-0128,20260626T160140Z,2026-06-26T16:01:40Z,fair_value_v0.1,ollama,qwen3:8b,RSO-0128,Brazil Presidential Election First Round: 2nd Place,Brazil Presidential Election First Round: 2nd Place — Ronaldo Caiado,Ronaldo Caiado,Brazil,brazil_presidential,presidential_two_round,brazil_first_round_second_place_2026,1365862,0x1991f63d7497ae667a9b78932ec8834ee411bdce4272b5fd42a1cf9f05cca1fb,will-ronaldo-caiado-finish-in-second-place-in-the-first-round-of-the-2026-brazilian-presidential-election,https://polymarket.com/event/will-ronaldo-caiado-finish-in-second-place-in-the-first-round-of-the-2026-brazilian-presidential-election,96410334963636722955423607584767406044469608220941769303770962314672696289162,Will Ronaldo Caiado finish in second place in the first round of the 2026 Brazilian presidential election?,0.05,0.3,false,"Ronaldo Caiado is a long-shot in the second-place market given current polling and candidate dynamics. His support is not prominently featured in recent polls, and he faces strong competition from Flávio Bolsonaro and Renan Santos.","[""Polling may shift due to economic factors"", ""Candidate entry/exit dynamics"", ""Fragmentation of right-wing field"", ""Lula's strength relative to other candidates"", ""Potential for under-the-radar support""]",Flávio Bolsonaro is the natural favorite for second place if Lula wins first. Renan Santos and other right/center-right figures could also contend if the Bolsonaro lane fragments.,"[""evidence/shared/brazil_context.md"", ""evidence/parents/brazil-first-round-second-place-2026.md"", ""evidence/parents/brazil-presidential-election-first-round-2nd-place.md"", ""evidence/markets/RSO-0128.md""]",0d373af0f353522c,"{""fair_value"":0.05,""confidence"":0.3,""should_abstain"":false,""rationale_short"":""Ronaldo Caiado is a long-shot in the second-place market given current polling and candidate dynamics. His support is not prominently featured in recent polls, and he faces strong competition from Flávio Bolsonaro and Renan Santos."",""key_uncertainties"":[""Polling may shift due to economic factors"",""Candidate entry/exit dynamics"",""Fragmentation of right-wing field"",""Lula's strength relative to other candidates"",""Potential for under-the-radar support""],""base_rate_notes"":""Flávio Bolsonaro is the natural favorite for second place if Lula wins first. Renan Santos and other right/center-right figures could also contend if the Bolsonaro lane fragments.""}",OK,,0.0395,mid,,true
20260626T160140Z:RSO-0129,20260626T160140Z,2026-06-26T16:01:40Z,fair_value_v0.1,ollama,qwen3:8b,RSO-0129,Brazil Presidential Election First Round: 2nd Place,Brazil Presidential Election First Round: 2nd Place — Geraldo Alckmin,Geraldo Alckmin,Brazil,brazil_presidential,presidential_two_round,brazil_first_round_second_place_2026,1365865,0xce4c63006ae8c2690d9da01aff225c4ff9258a9722a86ffad4bb7964d20d0bc3,will-geraldo-alckmin-finish-in-second-place-in-the-first-round-of-the-2026-brazilian-presidential-election,https://polymarket.com/event/will-geraldo-alckmin-finish-in-second-place-in-the-first-round-of-the-2026-brazilian-presidential-election,100647140845022421372197923820844978928757465820355118741468398091991301752614,Will Geraldo Alckmin finish in second place in the first round of the 2026 Brazilian presidential election?,0.05,0.3,false,"Geraldo Alckmin is a centrist candidate with limited recent polling traction. His chances depend on Lula's strength and fragmentation in the right-wing field, but current evidence suggests he is a long-shot for second place.","[""Lula's first-round performance"", ""Right-wing fragmentation"", ""Alckmin's polling momentum"", ""Polling accuracy"", ""Runoff composition""]",Flávio Bolsonaro is the natural favorite for second place if Lula wins first round. Alckmin's path to second place requires significant shifts in the right-wing field or Lula's weakening.,"[""evidence/shared/brazil_context.md"", ""evidence/parents/brazil-first-round-second-place-2026.md"", ""evidence/parents/brazil-presidential-election-first-round-2nd-place.md"", ""evidence/markets/RSO-0129.md""]",43740e2643049940,"{""fair_value"":0.05,""confidence"":0.3,""should_abstain"":false,""rationale_short"":""Geraldo Alckmin is a centrist candidate with limited recent polling traction. His chances depend on Lula's strength and fragmentation in the right-wing field, but current evidence suggests he is a long-shot for second place."",""key_uncertainties"":[""Lula's first-round performance"",""Right-wing fragmentation"",""Alckmin's polling momentum"",""Polling accuracy"",""Runoff composition""],""base_rate_notes"":""Flávio Bolsonaro is the natural favorite for second place if Lula wins first round. Alckmin's path to second place requires significant shifts in the right-wing field or Lula's weakening.""}",OK,,0.565,mid,,true
20260626T160140Z:RSO-0130,20260626T160140Z,2026-06-26T16:01:40Z,fair_value_v0.1,ollama,qwen3:8b,RSO-0130,Brazil Presidential Election First Round: 2nd Place,Brazil Presidential Election First Round: 2nd Place — Tereza Cristina,Tereza Cristina,Brazil,brazil_presidential,presidential_two_round,brazil_first_round_second_place_2026,1365868,0x178b80b71955607500875f59a6bfe67bfac7428f4650cb3d219f1f81bd5d7d5f,will-tereza-cristina-finish-in-second-place-in-the-first-round-of-the-2026-brazilian-presidential-election,https://polymarket.com/event/will-tereza-cristina-finish-in-second-place-in-the-first-round-of-the-2026-brazilian-presidential-election,34627033339089799648488362851420954182098601277414632412441293328075890478329,Will Tereza Cristina finish in second place in the first round of the 2026 Brazilian presidential election?,0.05,0.3,false,Tereza Cristina is a long-shot in the second-place market given her low polling and niche appeal. Flávio Bolsonaro is the base-rate favorite.,"[""Polling may shift if she gains support"", ""Fragmentation of right-wing field"", ""Lula's performance in first round"", ""Other candidates' viability"", ""Runoff composition""]",Flávio Bolsonaro is the natural favorite for second place if Lula wins first round. Tereza Cristina's chances are low unless there's significant fragmentation or support shift.,"[""evidence/shared/brazil_context.md"", ""evidence/parents/brazil-first-round-second-place-2026.md"", ""evidence/parents/brazil-presidential-election-first-round-2nd-place.md"", ""evidence/markets/RSO-0130.md""]",a2973a8c40dd2de7,"{""fair_value"":0.05,""confidence"":0.3,""should_abstain"":false,""rationale_short"":""Tereza Cristina is a long-shot in the second-place market given her low polling and niche appeal. Flávio Bolsonaro is the base-rate favorite."",""key_uncertainties"":[""Polling may shift if she gains support"",""Fragmentation of right-wing field"",""Lula's performance in first round"",""Other candidates' viability"",""Runoff composition""],""base_rate_notes"":""Flávio Bolsonaro is the natural favorite for second place if Lula wins first round. Tereza Cristina's chances are low unless there's significant fragmentation or support shift.""}",OK,,0.035,mid,,true
20260626T160140Z:RSO-0131,20260626T160140Z,2026-06-26T16:01:40Z,fair_value_v0.1,ollama,qwen3:8b,RSO-0131,Brazil Presidential Election First Round: 2nd Place,Brazil Presidential Election First Round: 2nd Place — Jair Bolsonaro,Jair Bolsonaro,Brazil,brazil_presidential,presidential_two_round,brazil_first_round_second_place_2026,1365855,0x61fc517c2b0d6f945868070a3ac722bfa35f07154d34bec2f9bfe41436098bce,will-jair-bolsonaro-finish-in-second-place-in-the-first-round-of-the-2026-brazilian-presidential-election,https://polymarket.com/event/will-jair-bolsonaro-finish-in-second-place-in-the-first-round-of-the-2026-brazilian-presidential-election,83876793336180326706196874280359054202939399660278096295476103143222298663644,Will Jair Bolsonaro finish in second place in the first round of the 2026 Brazilian presidential election?,0.01,0.1,false,"Jair Bolsonaro is barred from office until 2030, making his first-round finish implausible. However, market completeness and candidate entry/exit risks remain.","[""Bolsonaro's legal status changes"", ""Candidate field completeness"", ""Polling shifts"", ""Runoff composition"", ""Market thinness""]",Flávio Bolsonaro is the natural second-place favorite if Lula wins first. Jair's exclusion due to legal restrictions makes his second-place finish highly unlikely.,"[""evidence/shared/brazil_context.md"", ""evidence/parents/brazil-first-round-second-place-2026.md"", ""evidence/parents/brazil-presidential-election-first-round-2nd-place.md"", ""evidence/markets/RSO-0131.md""]",c1e09c189de0666f,"{""fair_value"":0.01,""confidence"":0.1,""should_abstain"":false,""rationale_short"":""Jair Bolsonaro is barred from office until 2030, making his first-round finish implausible. However, market completeness and candidate entry/exit risks remain."",""key_uncertainties"":[""Bolsonaro's legal status changes"",""Candidate field completeness"",""Polling shifts"",""Runoff composition"",""Market thinness""],""base_rate_notes"":""Flávio Bolsonaro is the natural second-place favorite if Lula wins first. Jair's exclusion due to legal restrictions makes his second-place finish highly unlikely.""}",OK,,0.145,mid,,true
20260626T160140Z:RSO-0132,20260626T160140Z,2026-06-26T16:01:40Z,fair_value_v0.1,ollama,qwen3:8b,RSO-0132,Brazil Presidential Election First Round: 2nd Place,Brazil Presidential Election First Round: 2nd Place — Ratinho Júnior,Ratinho Júnior,Brazil,brazil_presidential,presidential_two_round,brazil_first_round_second_place_2026,1365859,0xbc08327dd1ef7486e5f8bb3e662b5d484518ae891a39b6893cbb02f3119ad018,will-carlos-roberto-massa-jnior-finish-in-second-place-in-the-first-round-of-the-2026-brazilian-presidential-election,https://polymarket.com/event/will-carlos-roberto-massa-jnior-finish-in-second-place-in-the-first-round-of-the-2026-brazilian-presidential-election,6499888178060809648681651117884070785761343371629912968631048884446465281536,Will Carlos Roberto Massa Júnior finish in second place in the first round of the 2026 Brazilian presidential election?,0.05,0.3,false,"Ratinho Júnior is a long-shot candidate with limited polling data. His chances depend on fragmentation in the right-wing field, which is uncertain.","[""Fragmentation of right-wing candidates"", ""Ratinho's polling support"", ""Lula's strength relative to Flávio"", ""Runoff dynamics"", ""Other candidates' performance""]",Flávio Bolsonaro is the base-rate favorite for second place. Ratinho Júnior is a tail outcome with low base rate.,"[""evidence/shared/brazil_context.md"", ""evidence/parents/brazil-first-round-second-place-2026.md"", ""evidence/parents/brazil-presidential-election-first-round-2nd-place.md"", ""evidence/markets/RSO-0132.md""]",b8786662bdea1788,"{""fair_value"":0.05,""confidence"":0.3,""should_abstain"":false,""rationale_short"":""Ratinho Júnior is a long-shot candidate with limited polling data. His chances depend on fragmentation in the right-wing field, which is uncertain."",""key_uncertainties"":[""Fragmentation of right-wing candidates"",""Ratinho's polling support"",""Lula's strength relative to Flávio"",""Runoff dynamics"",""Other candidates' performance""],""base_rate_notes"":""Flávio Bolsonaro is the base-rate favorite for second place. Ratinho Júnior is a tail outcome with low base rate.""}",OK,,0.0025,mid,,true
20260626T160140Z:RSO-0133,20260626T160140Z,2026-06-26T16:01:40Z,fair_value_v0.1,ollama,qwen3:8b,RSO-0133,Brazil Presidential Election First Round: 2nd Place,Brazil Presidential Election First Round: 2nd Place — Eduardo Bolsonaro,Eduardo Bolsonaro,Brazil,brazil_presidential,presidential_two_round,brazil_first_round_second_place_2026,1365858,0xca31cf97c3beadd7e4002b6c9b9d787164c26675f915b65fb1ce9fb858b8e20c,will-eduardo-bolsonaro-finish-in-second-place-in-the-first-round-of-the-2026-brazilian-presidential-election,https://polymarket.com/event/will-eduardo-bolsonaro-finish-in-second-place-in-the-first-round-of-the-2026-brazilian-presidential-election,78774274724875388178403046699851136533744251110544224042871134690136814270663,Will Eduardo Bolsonaro finish in second place in the first round of the 2026 Brazilian presidential election?,0.05,0.3,false,"Eduardo Bolsonaro is a long-shot in the right-wing field with limited polling support. His chances depend on fragmentation, which is uncertain.","[""Bolsonaro family dynamics"", ""Eduardo's polling traction"", ""Right-wing fragmentation"", ""Lula's strength"", ""Runoff composition""]",Flávio Bolsonaro is the natural second-place favorite. Eduardo's path requires significant fragmentation or Flávio's weakness.,"[""evidence/shared/brazil_context.md"", ""evidence/parents/brazil-first-round-second-place-2026.md"", ""evidence/parents/brazil-presidential-election-first-round-2nd-place.md"", ""evidence/markets/RSO-0133.md""]",d2787b19b7087218,"{""fair_value"":0.05,""confidence"":0.3,""should_abstain"":false,""rationale_short"":""Eduardo Bolsonaro is a long-shot in the right-wing field with limited polling support. His chances depend on fragmentation, which is uncertain."",""key_uncertainties"":[""Bolsonaro family dynamics"",""Eduardo's polling traction"",""Right-wing fragmentation"",""Lula's strength"",""Runoff composition""],""base_rate_notes"":""Flávio Bolsonaro is the natural second-place favorite. Eduardo's path requires significant fragmentation or Flávio's weakness.""}",OK,,0.0145,mid,,true
20260626T160140Z:RSO-0134,20260626T160140Z,2026-06-26T16:01:40Z,fair_value_v0.1,ollama,qwen3:8b,RSO-0134,Brazil Presidential Election First Round: 2nd Place,Brazil Presidential Election First Round: 2nd Place — Aldo Rebelo,Aldo Rebelo,Brazil,brazil_presidential,presidential_two_round,brazil_first_round_second_place_2026,1365866,0xb7703a974306001b283bc071234f1f04c832e793820ba284788e688d305201bf,will-aldo-rebelo-finish-in-second-place-in-the-first-round-of-the-2026-brazilian-presidential-election,https://polymarket.com/event/will-aldo-rebelo-finish-in-second-place-in-the-first-round-of-the-2026-brazilian-presidential-election,73782660467554965374169421398916491950927878048754269104726859394021414994290,Will Aldo Rebelo finish in second place in the first round of the 2026 Brazilian presidential election?,0.05,0.3,false,Aldo Rebelo is a long-shot in the second-place market given current polling and candidate dynamics. His chances depend on fragmentation in the right-wing field or unexpected events.,"[""Lula's lead sustainability"", ""Flávio Bolsonaro's strength"", ""Renan Santos' impact"", ""Polling accuracy"", ""Candidate exits/fragmentation""]",Flávio is the natural second-place favorite if Lula wins first. Renan Santos could challenge if fragmentation occurs. Aldo Rebelo's chances are low unless the right-wing field splinters significantly.,"[""evidence/shared/brazil_context.md"", ""evidence/parents/brazil-first-round-second-place-2026.md"", ""evidence/parents/brazil-presidential-election-first-round-2nd-place.md"", ""evidence/markets/RSO-0134.md""]",7b8444f9b7247a4e,"{""fair_value"":0.05,""confidence"":0.3,""should_abstain"":false,""rationale_short"":""Aldo Rebelo is a long-shot in the second-place market given current polling and candidate dynamics. His chances depend on fragmentation in the right-wing field or unexpected events."",""key_uncertainties"":[""Lula's lead sustainability"",""Flávio Bolsonaro's strength"",""Renan Santos' impact"",""Polling accuracy"",""Candidate exits/fragmentation""],""base_rate_notes"":""Flávio is the natural second-place favorite if Lula wins first. Renan Santos could challenge if fragmentation occurs. Aldo Rebelo's chances are low unless the right-wing field splinters significantly.""}",OK,,0.0015,mid,,true
20260626T160140Z:RSO-0135,20260626T160140Z,2026-06-26T16:01:40Z,fair_value_v0.1,ollama,qwen3:8b,RSO-0135,Brazil Presidential Election First Round: 2nd Place,Brazil Presidential Election First Round: 2nd Place — Tarcisio de Freitas,Tarcisio de Freitas,Brazil,brazil_presidential,presidential_two_round,brazil_first_round_second_place_2026,1365853,0xfe963a6028277fed1de25b6ca8f640bc7c028e4ef0d0e4f4ff4f5daf5f9ae824,will-tarcisio-de-freitas-finish-in-second-place-in-the-first-round-of-the-2026-brazilian-presidential-election,https://polymarket.com/event/will-tarcisio-de-freitas-finish-in-second-place-in-the-first-round-of-the-2026-brazilian-presidential-election,6074730652236363232062392177852837468646646517333194016258587234210162040868,Will Tarcisio de Freitas finish in second place in the first round of the 2026 Brazilian presidential election?,0.05,0.3,false,"Tarcisio de Freitas is a long-shot in the second-place market due to low polling and limited name recognition. Base rates suggest Flavio Bolsonaro is the favorite, with Renan Santos as a secondary contender.","[""Polling data may shift rapidly"", ""Fragmentation of right-wing field"", ""Lula's performance in first round"", ""Scandals affecting candidates"", ""Unforeseen candidate exits or entries""]",Flavio Bolsonaro is the natural favorite for second place if Lula remains first. Renan Santos and others could challenge if the right-wing field fragments.,"[""evidence/shared/brazil_context.md"", ""evidence/parents/brazil-first-round-second-place-2026.md"", ""evidence/parents/brazil-presidential-election-first-round-2nd-place.md"", ""evidence/markets/RSO-0135.md""]",b354f115362bf68a,"{""fair_value"":0.05,""confidence"":0.3,""should_abstain"":false,""rationale_short"":""Tarcisio de Freitas is a long-shot in the second-place market due to low polling and limited name recognition. Base rates suggest Flavio Bolsonaro is the favorite, with Renan Santos as a secondary contender."",""key_uncertainties"":[""Polling data may shift rapidly"",""Fragmentation of right-wing field"",""Lula's performance in first round"",""Scandals affecting candidates"",""Unforeseen candidate exits or entries""],""base_rate_notes"":""Flavio Bolsonaro is the natural favorite for second place if Lula remains first. Renan Santos and others could challenge if the right-wing field fragments.""}",OK,,0.0025,mid,,true
20260626T160140Z:RSO-0136,20260626T160140Z,2026-06-26T16:01:40Z,fair_value_v0.1,ollama,qwen3:8b,RSO-0136,Brazil Presidential Election First Round: 2nd Place,Brazil Presidential Election First Round: 2nd Place — Eduardo Leite,Eduardo Leite,Brazil,brazil_presidential,presidential_two_round,brazil_first_round_second_place_2026,1365867,0x45933d8382439be6ffbd714ffc412d549e9ff5e58cc0c4165b68cfc41a897c64,will-eduardo-leite-finish-in-second-place-in-the-first-round-of-the-2026-brazilian-presidential-election,https://polymarket.com/event/will-eduardo-leite-finish-in-second-place-in-the-first-round-of-the-2026-brazilian-presidential-election,3857433689191750929372526494085053375351187588061258674174285931676269992527,Will Eduardo Leite finish in second place in the first round of the 2026 Brazilian presidential election?,0.05,0.3,false,"Eduardo Leite is a long-shot in the second-place market given his low polling and niche appeal. Base rates suggest Flávio Bolsonaro is the favorite, with Renan Santos as a secondary contender. Leite's chances depend on fragmentation or unexpected support shifts.","[""Lula's lead sustainability"", ""Flávio's strength relative to Renan"", ""Polling accuracy"", ""Candidate exits/fragmentation"", ""Leite's potential appeal surge""]",Flávio Bolsonaro is the natural second-place favorite if Lula wins first. Renan Santos could challenge if Flávio weakens. Leite's path to second place requires significant fragmentation or a major shift in support.,"[""evidence/shared/brazil_context.md"", ""evidence/parents/brazil-first-round-second-place-2026.md"", ""evidence/parents/brazil-presidential-election-first-round-2nd-place.md"", ""evidence/markets/RSO-0136.md""]",37f55fce7c1db45d,"{""fair_value"":0.05,""confidence"":0.3,""should_abstain"":false,""rationale_short"":""Eduardo Leite is a long-shot in the second-place market given his low polling and niche appeal. Base rates suggest Flávio Bolsonaro is the favorite, with Renan Santos as a secondary contender. Leite's chances depend on fragmentation or unexpected support shifts."",""key_uncertainties"":[""Lula's lead sustainability"",""Flávio's strength relative to Renan"",""Polling accuracy"",""Candidate exits/fragmentation"",""Leite's potential appeal surge""],""base_rate_notes"":""Flávio Bolsonaro is the natural second-place favorite if Lula wins first. Renan Santos could challenge if Flávio weakens. Leite's path to second place requires significant fragmentation or a major shift in support.""}",OK,,0.0495,mid,,true
20260626T160140Z:RSO-0137,20260626T160140Z,2026-06-26T16:01:40Z,fair_value_v0.1,ollama,qwen3:8b,RSO-0137,Brazil Presidential Election First Round: 2nd Place,Brazil Presidential Election First Round: 2nd Place — Helder Barbalho,Helder Barbalho,Brazil,brazil_presidential,presidential_two_round,brazil_first_round_second_place_2026,1365869,0x2366a6b980302d1a20c47d3bf5a2ce1d86a488197b83730554aab7d9c96e72cf,will-helder-barbalho-finish-in-second-place-in-the-first-round-of-the-2026-brazilian-presidential-election,https://polymarket.com/event/will-helder-barbalho-finish-in-second-place-in-the-first-round-of-the-2026-brazilian-presidential-election,106668975761330270515771342419617310966435345191219965467949358265004206634577,Will Helder Barbalho finish in second place in the first round of the 2026 Brazilian presidential election?,0.05,0.3,false,"Helder Barbalho is a niche candidate with limited polling data. His path to second place requires significant fragmentation or strength in his base, which is uncertain.","[""Polling data for Barbalho is sparse"", ""Fragmentation of right-wing field"", ""Barbalho's base loyalty"", ""Impact of Bolsonaro family dynamics"", ""Potential for other candidates to overtake""]","Flávio Bolsonaro is the base-rate favorite for second place if Lula wins first. Barbalho's chances depend on right-wing fragmentation or his own base mobilization, which are uncertain.","[""evidence/shared/brazil_context.md"", ""evidence/parents/brazil-first-round-second-place-2026.md"", ""evidence/parents/brazil-presidential-election-first-round-2nd-place.md"", ""evidence/markets/RSO-0137.md""]",d7e57416e9a4382d,"{""fair_value"":0.05,""confidence"":0.3,""should_abstain"":false,""rationale_short"":""Helder Barbalho is a niche candidate with limited polling data. His path to second place requires significant fragmentation or strength in his base, which is uncertain."",""key_uncertainties"":[""Polling data for Barbalho is sparse"",""Fragmentation of right-wing field"",""Barbalho's base loyalty"",""Impact of Bolsonaro family dynamics"",""Potential for other candidates to overtake""],""base_rate_notes"":""Flávio Bolsonaro is the base-rate favorite for second place if Lula wins first. Barbalho's chances depend on right-wing fragmentation or his own base mobilization, which are uncertain.""}",OK,,0.0055,mid,,true
20260626T160140Z:RSO-0138,20260626T160140Z,2026-06-26T16:01:40Z,fair_value_v0.1,ollama,qwen3:8b,RSO-0138,Brazil Presidential Election First Round: 3rd Place,Brazil Presidential Election First Round: 3rd Place — Renan Santos,Renan Santos,Brazil,brazil_presidential,presidential_two_round,brazil_first_round_third_place_2026,1365894,0xcba20965509d04b5f3ae2c51a221747317aff9387c197ca6d5919e85e5a20ee9,will-renan-santos-finish-in-third-place-in-the-first-round-of-the-2026-brazilian-presidential-election,https://polymarket.com/event/will-renan-santos-finish-in-third-place-in-the-first-round-of-the-2026-brazilian-presidential-election,72535696429445050612666657960056103058476328640415986990291437131287448661718,Will Renan Santos finish in third place in the first round of the 2026 Brazilian presidential election?,0.15,0.6,false,"Renan Santos has lower national polling than Lula and Flávio, but could secure third if right-wing fragmentation occurs. Polling suggests third place is plausible but not certain.","[""Right-wing consolidation risk"", ""Polling accuracy"", ""Runoff dynamics"", ""Candidate entry/exit"", ""Long-tail support""]",Third place depends on field composition; Renan's youth appeal may help but national polling remains lower than top contenders.,"[""evidence/shared/brazil_context.md"", ""evidence/parents/brazil-first-round-third-place-2026.md"", ""evidence/parents/brazil-presidential-election-first-round-3rd-place.md"", ""evidence/markets/RSO-0138.md""]",7efc10447b2f5eb3,"{""fair_value"":0.15,""confidence"":0.6,""should_abstain"":false,""rationale_short"":""Renan Santos has lower national polling than Lula and Flávio, but could secure third if right-wing fragmentation occurs. Polling suggests third place is plausible but not certain."",""key_uncertainties"":[""Right-wing consolidation risk"",""Polling accuracy"",""Runoff dynamics"",""Candidate entry/exit"",""Long-tail support""],""base_rate_notes"":""Third place depends on field composition; Renan's youth appeal may help but national polling remains lower than top contenders.""}",OK,,0.0025,mid,,true
20260626T160140Z:RSO-0139,20260626T160140Z,2026-06-26T16:01:40Z,fair_value_v0.1,ollama,qwen3:8b,RSO-0139,Brazil Presidential Election First Round: 3rd Place,Brazil Presidential Election First Round: 3rd Place — Ronaldo Caiado,Ronaldo Caiado,Brazil,brazil_presidential,presidential_two_round,brazil_first_round_third_place_2026,1365896,0x3dbbbe0f8e69b1aee0092e1eca397b24c954c00ecc54995035a8683201ad26aa,will-ronaldo-caiado-finish-in-third-place-in-the-first-round-of-the-2026-brazilian-presidential-election,https://polymarket.com/event/will-ronaldo-caiado-finish-in-third-place-in-the-first-round-of-the-2026-brazilian-presidential-election,88578465272411624227946968556355768244846251347974013830272507870143623656581,Will Ronaldo Caiado finish in third place in the first round of the 2026 Brazilian presidential election?,0.15,0.6,false,"Ronaldo Caiado is a potential third-place candidate, but lacks strong polling support. His chances depend on field fragmentation and competition with other right-wing candidates.","[""Polling accuracy"", ""Field consolidation"", ""Lula's performance"", ""Right-wing fragmentation"", ""Candidate entry/exit""]",Third-place in Brazil's two-round system depends on fragmentation. Caiado's viability is uncertain without explicit polling support.,"[""evidence/shared/brazil_context.md"", ""evidence/parents/brazil-first-round-third-place-2026.md"", ""evidence/parents/brazil-presidential-election-first-round-3rd-place.md"", ""evidence/markets/RSO-0139.md""]",23fe08bdaa3f4c93,"{""fair_value"":0.15,""confidence"":0.6,""should_abstain"":false,""rationale_short"":""Ronaldo Caiado is a potential third-place candidate, but lacks strong polling support. His chances depend on field fragmentation and competition with other right-wing candidates."",""key_uncertainties"":[""Polling accuracy"",""Field consolidation"",""Lula's performance"",""Right-wing fragmentation"",""Candidate entry/exit""],""base_rate_notes"":""Third-place in Brazil's two-round system depends on fragmentation. Caiado's viability is uncertain without explicit polling support.""}",OK,,0.0025,mid,,true
20260626T160140Z:RSO-0140,20260626T160140Z,2026-06-26T16:01:40Z,fair_value_v0.1,ollama,qwen3:8b,RSO-0140,Brazil Presidential Election First Round: 3rd Place,Brazil Presidential Election First Round: 3rd Place — Romeu Zema,Romeu Zema,Brazil,brazil_presidential,presidential_two_round,brazil_first_round_third_place_2026,1365897,0x7452216a57a3bef85439820c7bb421fa38e5a5ecff8c43658de515c1df70151e,will-romeu-zema-finish-in-third-place-in-the-first-round-of-the-2026-brazilian-presidential-election,https://polymarket.com/event/will-romeu-zema-finish-in-third-place-in-the-first-round-of-the-2026-brazilian-presidential-election,90180475101756729089570182362261460642819230033481570755127033507477996050412,Will Romeu Zema finish in third place in the first round of the 2026 Brazilian presidential election?,0.15,0.6,false,"Romeu Zema is a potential third-place candidate in a fragmented field, but lacks strong polling support and faces competition from other right/center figures.","[""Lula's lead may narrow"", ""Right-wing fragmentation"", ""Zema's polling support"", ""Competitive candidates like Renan Santos"", ""Field composition changes""]",Third-place in Brazil's first round depends on field fragmentation; Zema is one of several potential candidates but lacks explicit polling data for first-round scenarios.,"[""evidence/shared/brazil_context.md"", ""evidence/parents/brazil-first-round-third-place-2026.md"", ""evidence/parents/brazil-presidential-election-first-round-3rd-place.md"", ""evidence/markets/RSO-0140.md""]",4c905cf1da7990a9,"{""fair_value"":0.15,""confidence"":0.6,""should_abstain"":false,""rationale_short"":""Romeu Zema is a potential third-place candidate in a fragmented field, but lacks strong polling support and faces competition from other right/center figures."",""key_uncertainties"":[""Lula's lead may narrow"",""Right-wing fragmentation"",""Zema's polling support"",""Competitive candidates like Renan Santos"",""Field composition changes""],""base_rate_notes"":""Third-place in Brazil's first round depends on field fragmentation; Zema is one of several potential candidates but lacks explicit polling data for first-round scenarios.""}",OK,,0.0015,mid,,true
20260626T160140Z:RSO-0141,20260626T160140Z,2026-06-26T16:01:40Z,fair_value_v0.1,ollama,qwen3:8b,RSO-0141,Brazil Presidential Election First Round: 3rd Place,Brazil Presidential Election First Round: 3rd Place — Flávio Bolsonaro,Flávio Bolsonaro,Brazil,brazil_presidential,presidential_two_round,brazil_first_round_third_place_2026,1365895,0x6be36f266340255dd19e09482da15b256ec51bd478309d667495645fde253a22,will-flvio-bolsonaro-finish-in-third-place-in-the-first-round-of-the-2026-brazilian-presidential-election,https://polymarket.com/event/will-flvio-bolsonaro-finish-in-third-place-in-the-first-round-of-the-2026-brazilian-presidential-election,72105519990658117217601472036918871987045329443196791013027800715032836032517,Will Flávio Bolsonaro finish in third place in the first round of the 2026 Brazilian presidential election?,0.25,0.6,false,"Flávio Bolsonaro has moderate support but faces risks. Third place depends on fragmentation, which is uncertain.","[""Right-wing consolidation uncertainty"", ""Scandal impact"", ""Polling volatility"", ""Competitor performance"", ""Field completeness""]",Third place is sensitive to field composition and unresolved candidacy dynamics.,"[""evidence/shared/brazil_context.md"", ""evidence/parents/brazil-first-round-third-place-2026.md"", ""evidence/parents/brazil-presidential-election-first-round-3rd-place.md"", ""evidence/markets/RSO-0141.md""]",f3eb6209c577b66c,"{""fair_value"":0.25,""confidence"":0.6,""should_abstain"":false,""rationale_short"":""Flávio Bolsonaro has moderate support but faces risks. Third place depends on fragmentation, which is uncertain."",""key_uncertainties"":[""Right-wing consolidation uncertainty"",""Scandal impact"",""Polling volatility"",""Competitor performance"",""Field completeness""],""base_rate_notes"":""Third place is sensitive to field composition and unresolved candidacy dynamics.""}",OK,,0.0215,mid,,true
20260626T160140Z:RSO-0142,20260626T160140Z,2026-06-26T16:01:40Z,fair_value_v0.1,ollama,qwen3:8b,RSO-0142,Brazil Presidential Election First Round: 3rd Place,Brazil Presidential Election First Round: 3rd Place — Fernando Haddad,Fernando Haddad,Brazil,brazil_presidential,presidential_two_round,brazil_first_round_third_place_2026,1365890,0xacc4e526a8c6f718b80ac7f559157b5197f040fb4505a7188a6315ab208f9e36,will-fernando-haddad-finish-in-third-place-in-the-first-round-of-the-2026-brazilian-presidential-election,https://polymarket.com/event/will-fernando-haddad-finish-in-third-place-in-the-first-round-of-the-2026-brazilian-presidential-election,68900789111688395688502786616903396723989073762161917546372882449576813191849,Will Fernando Haddad finish in third place in the first round of the 2026 Brazilian presidential election?,0.15,0.6,false,"Fernando Haddad's polling is not explicitly measured for first-round scenarios. Third-place depends on fragmentation, which is uncertain.","[""Lula's lead may not translate to third-place"", ""Right-wing fragmentation uncertainty"", ""Haddad's viability in first-round"", ""Polling focus on Lula vs. Flávio"", ""Long-tail candidate impact""]",Third-place is sensitive to field composition; Haddad's explicit polling in first-round scenarios is lacking.,"[""evidence/shared/brazil_context.md"", ""evidence/parents/brazil-first-round-third-place-2026.md"", ""evidence/parents/brazil-presidential-election-first-round-3rd-place.md"", ""evidence/markets/RSO-0142.md""]",c46a3bfc006a3bc7,"{""fair_value"":0.15,""confidence"":0.6,""should_abstain"":false,""rationale_short"":""Fernando Haddad's polling is not explicitly measured for first-round scenarios. Third-place depends on fragmentation, which is uncertain."",""key_uncertainties"":[""Lula's lead may not translate to third-place"",""Right-wing fragmentation uncertainty"",""Haddad's viability in first-round"",""Polling focus on Lula vs. Flávio"",""Long-tail candidate impact""],""base_rate_notes"":""Third-place is sensitive to field composition; Haddad's explicit polling in first-round scenarios is lacking.""}",OK,,0.023,mid,,true
20260626T160140Z:RSO-0143,20260626T160140Z,2026-06-26T16:01:40Z,fair_value_v0.1,ollama,qwen3:8b,RSO-0143,Brazil Presidential Election First Round: 3rd Place,Brazil Presidential Election First Round: 3rd Place — Michelle Bolsonaro,Michelle Bolsonaro,Brazil,brazil_presidential,presidential_two_round,brazil_first_round_third_place_2026,1365891,0x100bfbd547cdb8782f816235d4f7d4301ec473250f4df606e6809605cdb3b5e9,will-michelle-bolsonaro-finish-in-third-place-in-the-first-round-of-the-2026-brazilian-presidential-election,https://polymarket.com/event/will-michelle-bolsonaro-finish-in-third-place-in-the-first-round-of-the-2026-brazilian-presidential-election,49351020302549947445240161216979954485123748869512687492350910080193586920226,Will Michelle Bolsonaro finish in third place in the first round of the 2026 Brazilian presidential election?,0.15,0.4,false,"Michelle Bolsonaro's third-place probability hinges on right-wing fragmentation, but her polling is low and she faces family conflicts and scandals.","[""Flávio Bolsonaro's consolidation"", ""Renan Santos' impact"", ""Michelle's scandal risk"", ""Polling accuracy"", ""Right-wing field composition""]",Third place depends on field composition; Michelle's low polling and risks make her a long-shot but not impossible.,"[""evidence/shared/brazil_context.md"", ""evidence/parents/brazil-first-round-third-place-2026.md"", ""evidence/parents/brazil-presidential-election-first-round-3rd-place.md"", ""evidence/markets/RSO-0143.md""]",f256d0e1e0686712,"{""fair_value"":0.15,""confidence"":0.4,""should_abstain"":false,""rationale_short"":""Michelle Bolsonaro's third-place probability hinges on right-wing fragmentation, but her polling is low and she faces family conflicts and scandals."",""key_uncertainties"":[""Flávio Bolsonaro's consolidation"",""Renan Santos' impact"",""Michelle's scandal risk"",""Polling accuracy"",""Right-wing field composition""],""base_rate_notes"":""Third place depends on field composition; Michelle's low polling and risks make her a long-shot but not impossible.""}",OK,,0.0045,mid,,true
20260626T160140Z:RSO-0144,20260626T160140Z,2026-06-26T16:01:40Z,fair_value_v0.1,ollama,qwen3:8b,RSO-0144,Brazil Presidential Election First Round: 3rd Place,Brazil Presidential Election First Round: 3rd Place — Luiz Inácio Lula da Silva,Luiz Inácio Lula da Silva,Brazil,brazil_presidential,presidential_two_round,brazil_first_round_third_place_2026,1365888,0xd24e8798122cba5bb43a77e9a78f2e26bd65c47f281f4b66582718fa215b9f6e,will-luiz-incio-lula-da-silva-finish-in-third-place-in-the-first-round-of-the-2026-brazilian-presidential-election,https://polymarket.com/event/will-luiz-incio-lula-da-silva-finish-in-third-place-in-the-first-round-of-the-2026-brazilian-presidential-election,83523389355379455617216619302245463257831942159580180419891340819821613515660,Will Luiz Inácio Lula da Silva finish in third place in the first round of the 2026 Brazilian presidential election?,0.15,0.6,false,"Lula's lead is narrow, but third place is unlikely due to his potential for first or second. Fragmentation among right-wing candidates could push others into third, but Lula's strong base reduces his third-place probability.","[""Lula's runoff viability"", ""Right-wing fragmentation"", ""Polling accuracy"", ""Economic conditions"", ""Candidate exits""]",Third place is sensitive to field composition; Lula's strong base makes third place less likely compared to other candidates.,"[""evidence/shared/brazil_context.md"", ""evidence/parents/brazil-first-round-third-place-2026.md"", ""evidence/parents/brazil-presidential-election-first-round-3rd-place.md"", ""evidence/markets/RSO-0144.md""]",15fa97ac25bdadb3,"{""fair_value"":0.15,""confidence"":0.6,""should_abstain"":false,""rationale_short"":""Lula's lead is narrow, but third place is unlikely due to his potential for first or second. Fragmentation among right-wing candidates could push others into third, but Lula's strong base reduces his third-place probability."",""key_uncertainties"":[""Lula's runoff viability"",""Right-wing fragmentation"",""Polling accuracy"",""Economic conditions"",""Candidate exits""],""base_rate_notes"":""Third place is sensitive to field composition; Lula's strong base makes third place less likely compared to other candidates.""}",OK,,0.0025,mid,,true
20260626T160140Z:RSO-0145,20260626T160140Z,2026-06-26T16:01:40Z,fair_value_v0.1,ollama,qwen3:8b,RSO-0145,Brazil Presidential Election First Round: 3rd Place,Brazil Presidential Election First Round: 3rd Place — Camilo Santana,Camilo Santana,Brazil,brazil_presidential,presidential_two_round,brazil_first_round_third_place_2026,1365898,0xe0bdf2bdc79bac3880e6dc76513f0f02df91ed5c2650954a66ea9c7f09b7e6e5,will-camilo-santana-finish-in-third-place-in-the-first-round-of-the-2026-brazilian-presidential-election,https://polymarket.com/event/will-camilo-santana-finish-in-third-place-in-the-first-round-of-the-2026-brazilian-presidential-election,14625196078870030930212146457810187393803805444846576279727526171169322797888,Will Camilo Santana finish in third place in the first round of the 2026 Brazilian presidential election?,0.05,0.3,false,"Camilo Santana is a centrist candidate with limited recent polling data. Third place depends on fragmentation, but his chances are low without clear support.","[""Lula's lead may consolidate"", ""Right-wing fragmentation"", ""Santana's polling visibility"", ""Competitive third-place candidates"", ""Polling stalemate""]","Third place is sensitive to field composition. Renan Santos, Flávio Bolsonaro, and others are more likely to secure third place based on current polling and narrative.","[""evidence/shared/brazil_context.md"", ""evidence/parents/brazil-first-round-third-place-2026.md"", ""evidence/parents/brazil-presidential-election-first-round-3rd-place.md"", ""evidence/markets/RSO-0145.md""]",1a7093fb28bfa037,"{""fair_value"":0.05,""confidence"":0.3,""should_abstain"":false,""rationale_short"":""Camilo Santana is a centrist candidate with limited recent polling data. Third place depends on fragmentation, but his chances are low without clear support."",""key_uncertainties"":[""Lula's lead may consolidate"",""Right-wing fragmentation"",""Santana's polling visibility"",""Competitive third-place candidates"",""Polling stalemate""],""base_rate_notes"":""Third place is sensitive to field composition. Renan Santos, Flávio Bolsonaro, and others are more likely to secure third place based on current polling and narrative.""}",OK,,0.0095,mid,,true
20260626T160140Z:RSO-0146,20260626T160140Z,2026-06-26T16:01:40Z,fair_value_v0.1,ollama,qwen3:8b,RSO-0146,Brazil Presidential Election First Round: 3rd Place,Brazil Presidential Election First Round: 3rd Place — Eduardo Bolsonaro,Eduardo Bolsonaro,Brazil,brazil_presidential,presidential_two_round,brazil_first_round_third_place_2026,1365892,0x43984893f308ca7980b90d7634faa9b7c5e29b71733ed1eff7be3b0e8e0248fd,will-eduardo-bolsonaro-finish-in-third-place-in-the-first-round-of-the-2026-brazilian-presidential-election,https://polymarket.com/event/will-eduardo-bolsonaro-finish-in-third-place-in-the-first-round-of-the-2026-brazilian-presidential-election,77695179199504241233318281547041031759227451576427270759028171066693823111590,Will Eduardo Bolsonaro finish in third place in the first round of the 2026 Brazilian presidential election?,0.15,0.4,false,"Eduardo Bolsonaro faces significant hurdles including family conflicts, scandals, and lower polling compared to main right-wing candidates. Third place depends on field fragmentation which is uncertain.","[""Bolsonaro family conflicts resolve"", ""Scandals impact support"", ""Right-wing consolidation"", ""Polling shifts"", ""Field composition changes""]","Third place is sensitive to field dynamics; Eduardo Bolsonaro's polling is lower than Flávio Bolsonaro and Renan Santos, who are more likely to secure higher positions.","[""evidence/shared/brazil_context.md"", ""evidence/parents/brazil-first-round-third-place-2026.md"", ""evidence/parents/brazil-presidential-election-first-round-3rd-place.md"", ""evidence/markets/RSO-0146.md""]",c519bb005b9b2ce1,"{""fair_value"":0.15,""confidence"":0.4,""should_abstain"":false,""rationale_short"":""Eduardo Bolsonaro faces significant hurdles including family conflicts, scandals, and lower polling compared to main right-wing candidates. Third place depends on field fragmentation which is uncertain."",""key_uncertainties"":[""Bolsonaro family conflicts resolve"",""Scandals impact support"",""Right-wing consolidation"",""Polling shifts"",""Field composition changes""],""base_rate_notes"":""Third place is sensitive to field dynamics; Eduardo Bolsonaro's polling is lower than Flávio Bolsonaro and Renan Santos, who are more likely to secure higher positions.""}",OK,,0.0325,mid,,true
20260626T160140Z:RSO-0147,20260626T160140Z,2026-06-26T16:01:40Z,fair_value_v0.1,ollama,qwen3:8b,RSO-0147,Brazil Presidential Election First Round: 3rd Place,Brazil Presidential Election First Round: 3rd Place — Aldo Rebelo,Aldo Rebelo,Brazil,brazil_presidential,presidential_two_round,brazil_first_round_third_place_2026,1365900,0x6b4d9574d789228b2f14edc10b452dc8948e38be04dba6bf90d0104e3e4e1f43,will-aldo-rebelo-finish-in-third-place-in-the-first-round-of-the-2026-brazilian-presidential-election,https://polymarket.com/event/will-aldo-rebelo-finish-in-third-place-in-the-first-round-of-the-2026-brazilian-presidential-election,111311151154014585812304238818591195075829743734952417845440348572279563265684,Will Aldo Rebelo finish in third place in the first round of the 2026 Brazilian presidential election?,0.05,0.3,false,"Aldo Rebelo is a long-shot candidate with limited polling data and unclear field positioning. Third-place depends on fragmentation, which is uncertain.","[""Polling data for Rebelo is sparse"", ""Field consolidation uncertainty"", ""Runoff dynamics impact rankings"", ""Competitive candidates like Santos/Zema"", ""Candidate entry/exit risks""]",Third-place in Brazil's two-round system is sensitive to field composition. Rebelo's viability depends on right-wing fragmentation and his own appeal.,"[""evidence/shared/brazil_context.md"", ""evidence/parents/brazil-first-round-third-place-2026.md"", ""evidence/parents/brazil-presidential-election-first-round-3rd-place.md"", ""evidence/markets/RSO-0147.md""]",68867b970cf16eae,"{""fair_value"":0.05,""confidence"":0.3,""should_abstain"":false,""rationale_short"":""Aldo Rebelo is a long-shot candidate with limited polling data and unclear field positioning. Third-place depends on fragmentation, which is uncertain."",""key_uncertainties"":[""Polling data for Rebelo is sparse"",""Field consolidation uncertainty"",""Runoff dynamics impact rankings"",""Competitive candidates like Santos/Zema"",""Candidate entry/exit risks""],""base_rate_notes"":""Third-place in Brazil's two-round system is sensitive to field composition. Rebelo's viability depends on right-wing fragmentation and his own appeal.""}",OK,,0.945,mid,,true
20260626T160140Z:RSO-0148,20260626T160140Z,2026-06-26T16:01:40Z,fair_value_v0.1,ollama,qwen3:8b,RSO-0148,Brazil Presidential Election First Round: 3rd Place,Brazil Presidential Election First Round: 3rd Place — Tarcisio de Freitas,Tarcisio de Freitas,Brazil,brazil_presidential,presidential_two_round,brazil_first_round_third_place_2026,1365887,0xc69eb6554a719e2fbcb1718e11ae0bd0d8cdb433e8c199329c148efc710c26e5,will-tarcisio-de-freitas-finish-in-third-place-in-the-first-round-of-the-2026-brazilian-presidential-election,https://polymarket.com/event/will-tarcisio-de-freitas-finish-in-third-place-in-the-first-round-of-the-2026-brazilian-presidential-election,76166924205019019068857043962896099082882521942521931098813226982265263647630,Will Tarcisio de Freitas finish in third place in the first round of the 2026 Brazilian presidential election?,0.05,0.3,false,"Tarcisio de Freitas is a long-tail candidate with no recent polling data. Third-place depends on field fragmentation, which is uncertain.","[""Polling data for Tarcisio absent"", ""Field consolidation uncertainty"", ""Runoff dynamics"", ""Candidate entry/exit risks"", ""Long-tail support levels""]","Third-place in Brazil's two-round system is sensitive to fragmentation. Renan Santos, Flávio Bolsonaro, and others are more likely to secure third place based on current evidence.","[""evidence/shared/brazil_context.md"", ""evidence/parents/brazil-first-round-third-place-2026.md"", ""evidence/parents/brazil-presidential-election-first-round-3rd-place.md"", ""evidence/markets/RSO-0148.md""]",6825064ff79e219c,"{""fair_value"":0.05,""confidence"":0.3,""should_abstain"":false,""rationale_short"":""Tarcisio de Freitas is a long-tail candidate with no recent polling data. Third-place depends on field fragmentation, which is uncertain."",""key_uncertainties"":[""Polling data for Tarcisio absent"",""Field consolidation uncertainty"",""Runoff dynamics"",""Candidate entry/exit risks"",""Long-tail support levels""],""base_rate_notes"":""Third-place in Brazil's two-round system is sensitive to fragmentation. Renan Santos, Flávio Bolsonaro, and others are more likely to secure third place based on current evidence.""}",OK,,0.0045,mid,,true
20260626T160140Z:RSO-0149,20260626T160140Z,2026-06-26T16:01:40Z,fair_value_v0.1,ollama,qwen3:8b,RSO-0149,Brazil Presidential Election First Round: 3rd Place,Brazil Presidential Election First Round: 3rd Place — Jair Bolsonaro,Jair Bolsonaro,Brazil,brazil_presidential,presidential_two_round,brazil_first_round_third_place_2026,1365889,0xa3e04eadbc6afac2e94d9eebb09d1705e254d313d06a51943cb18fc0612f4835,will-jair-bolsonaro-finish-in-third-place-in-the-first-round-of-the-2026-brazilian-presidential-election,https://polymarket.com/event/will-jair-bolsonaro-finish-in-third-place-in-the-first-round-of-the-2026-brazilian-presidential-election,57129492998705445481010574377025062654637053860257756183157606940764680444792,Will Jair Bolsonaro finish in third place in the first round of the 2026 Brazilian presidential election?,0.05,0.3,false,"Bolsonaro is ineligible, so third place depends on right-wing fragmentation. Flávio Bolsonaro's name recognition and Renan Santos' youth appeal may push him below third.","[""Bolsonaro's lane consolidation"", ""Flávio's viability"", ""Renan Santos' polling impact"", ""Polling stalemate"", ""Right-wing field composition""]",Third place is sensitive to field composition and unresolved candidacy dynamics.,"[""evidence/shared/brazil_context.md"", ""evidence/parents/brazil-first-round-third-place-2026.md"", ""evidence/parents/brazil-presidential-election-first-round-3rd-place.md"", ""evidence/markets/RSO-0149.md""]",8585c40eb10aa5df,"{""fair_value"":0.05,""confidence"":0.3,""should_abstain"":false,""rationale_short"":""Bolsonaro is ineligible, so third place depends on right-wing fragmentation. Flávio Bolsonaro's name recognition and Renan Santos' youth appeal may push him below third."",""key_uncertainties"":[""Bolsonaro's lane consolidation"",""Flávio's viability"",""Renan Santos' polling impact"",""Polling stalemate"",""Right-wing field composition""],""base_rate_notes"":""Third place is sensitive to field composition and unresolved candidacy dynamics.""}",OK,,0.0025,mid,,true
20260626T160140Z:RSO-0150,20260626T160140Z,2026-06-26T16:01:40Z,fair_value_v0.1,ollama,qwen3:8b,RSO-0150,Brazil Presidential Election First Round: 3rd Place,Brazil Presidential Election First Round: 3rd Place — Ratinho Júnior,Ratinho Júnior,Brazil,brazil_presidential,presidential_two_round,brazil_first_round_third_place_2026,1365893,0x31f31222f37f2583de6c44c4297cafdccfd21d443e785042af0180192897f8ed,will-carlos-roberto-massa-jnior-finish-in-third-place-in-the-first-round-of-the-2026-brazilian-presidential-election,https://polymarket.com/event/will-carlos-roberto-massa-jnior-finish-in-third-place-in-the-first-round-of-the-2026-brazilian-presidential-election,98279737312722721984464036473219944696451907001028596656918791113590571774639,Will Carlos Roberto Massa Júnior finish in third place in the first round of the 2026 Brazilian presidential election?,0.05,0.3,false,"Ratinho Júnior is a long-tail candidate with no significant polling or public support mentioned in the evidence. Third-place outcomes depend on field composition, but his chances are low without clear consolidation or polling data.","[""Candidate entry/exit dynamics"", ""Polling accuracy"", ""Field composition shifts"", ""Scandal impact"", ""Long-tail support viability""]","Third-place markets are sensitive to fragmentation, but Ratinho Júnior is not a major contender. Base rates suggest low probability without explicit polling support.","[""evidence/shared/brazil_context.md"", ""evidence/parents/brazil-first-round-third-place-2026.md"", ""evidence/parents/brazil-presidential-election-first-round-3rd-place.md"", ""evidence/markets/RSO-0150.md""]",7ed174788539aeb2,"{""fair_value"":0.05,""confidence"":0.3,""should_abstain"":false,""rationale_short"":""Ratinho Júnior is a long-tail candidate with no significant polling or public support mentioned in the evidence. Third-place outcomes depend on field composition, but his chances are low without clear consolidation or polling data."",""key_uncertainties"":[""Candidate entry/exit dynamics"",""Polling accuracy"",""Field composition shifts"",""Scandal impact"",""Long-tail support viability""],""base_rate_notes"":""Third-place markets are sensitive to fragmentation, but Ratinho Júnior is not a major contender. Base rates suggest low probability without explicit polling support.""}",OK,,0.215,mid,,true
20260626T160140Z:RSO-0151,20260626T160140Z,2026-06-26T16:01:40Z,fair_value_v0.1,ollama,qwen3:8b,RSO-0151,Brazil Presidential Election First Round: 3rd Place,Brazil Presidential Election First Round: 3rd Place — Geraldo Alckmin,Geraldo Alckmin,Brazil,brazil_presidential,presidential_two_round,brazil_first_round_third_place_2026,1365899,0x5623b547fd959cd4d4b0e1f810d225ec6f0f8215b7a7e882b89692337a8a2956,will-geraldo-alckmin-finish-in-third-place-in-the-first-round-of-the-2026-brazilian-presidential-election,https://polymarket.com/event/will-geraldo-alckmin-finish-in-third-place-in-the-first-round-of-the-2026-brazilian-presidential-election,84251456841717243220130557907268921144049968775253585100134320614694975152986,Will Geraldo Alckmin finish in third place in the first round of the 2026 Brazilian presidential election?,0.15,0.6,false,"Geraldo Alckmin is a centrist candidate with moderate polling. Third place depends on fragmentation, but his viability is lower than top right-wing contenders like Flávio Bolsonaro or Renan Santos.","[""Lula's lead may narrow"", ""Right-wing consolidation risks"", ""Polling accuracy"", ""Field composition changes"", ""Alckmin's actual viability""]",Third place is sensitive to field dynamics. Alckmin's viability is lower than top right-wing candidates but higher than many long-tail figures.,"[""evidence/shared/brazil_context.md"", ""evidence/parents/brazil-first-round-third-place-2026.md"", ""evidence/parents/brazil-presidential-election-first-round-3rd-place.md"", ""evidence/markets/RSO-0151.md""]",66780100d965a9d6,"{""fair_value"":0.15,""confidence"":0.6,""should_abstain"":false,""rationale_short"":""Geraldo Alckmin is a centrist candidate with moderate polling. Third place depends on fragmentation, but his viability is lower than top right-wing contenders like Flávio Bolsonaro or Renan Santos."",""key_uncertainties"":[""Lula's lead may narrow"",""Right-wing consolidation risks"",""Polling accuracy"",""Field composition changes"",""Alckmin's actual viability""],""base_rate_notes"":""Third place is sensitive to field dynamics. Alckmin's viability is lower than top right-wing candidates but higher than many long-tail figures.""}",OK,,0.505,mid,,true
20260626T160140Z:RSO-0152,20260626T160140Z,2026-06-26T16:01:40Z,fair_value_v0.1,ollama,qwen3:8b,RSO-0152,Brazil Presidential Election First Round: 3rd Place,Brazil Presidential Election First Round: 3rd Place — Tereza Cristina,Tereza Cristina,Brazil,brazil_presidential,presidential_two_round,brazil_first_round_third_place_2026,1365902,0x64b05c5935a2de4a4a36e7de1089564d08d0ce7e06f5deaae916c3bdc9ca3b3b,will-tereza-cristina-finish-in-third-place-in-the-first-round-of-the-2026-brazilian-presidential-election,https://polymarket.com/event/will-tereza-cristina-finish-in-third-place-in-the-first-round-of-the-2026-brazilian-presidential-election,96795671760346135574613029949576811711368142411333240580887520155225528465847,Will Tereza Cristina finish in third place in the first round of the 2026 Brazilian presidential election?,0.05,0.3,false,"Tereza Cristina is a long-tail candidate with no recent polling data. Third-place depends on field fragmentation, which is uncertain.","[""Polling data for Tereza Cristina is missing"", ""Field composition uncertainty"", ""Runoff dynamics"", ""Candidate entry/exit risks"", ""Long-tail support variability""]","Third-place in Brazil's two-round system is sensitive to fragmentation. Renan Santos, Flávio Bolsonaro, and others are more likely to secure third place based on current evidence.","[""evidence/shared/brazil_context.md"", ""evidence/parents/brazil-first-round-third-place-2026.md"", ""evidence/parents/brazil-presidential-election-first-round-3rd-place.md"", ""evidence/markets/RSO-0152.md""]",11c5c70edf010f74,"{""fair_value"":0.05,""confidence"":0.3,""should_abstain"":false,""rationale_short"":""Tereza Cristina is a long-tail candidate with no recent polling data. Third-place depends on field fragmentation, which is uncertain."",""key_uncertainties"":[""Polling data for Tereza Cristina is missing"",""Field composition uncertainty"",""Runoff dynamics"",""Candidate entry/exit risks"",""Long-tail support variability""],""base_rate_notes"":""Third-place in Brazil's two-round system is sensitive to fragmentation. Renan Santos, Flávio Bolsonaro, and others are more likely to secure third place based on current evidence.""}",OK,,0.185,mid,,true
20260626T160140Z:RSO-0153,20260626T160140Z,2026-06-26T16:01:40Z,fair_value_v0.1,ollama,qwen3:8b,RSO-0153,Brazil Presidential Election First Round: 3rd Place,Brazil Presidential Election First Round: 3rd Place — Eduardo Leite,Eduardo Leite,Brazil,brazil_presidential,presidential_two_round,brazil_first_round_third_place_2026,1365901,0xf520f38b0d0ba1a1ffb9dd77af6cfb66052ebc7cf2daa4df8c6b50d593278428,will-eduardo-leite-finish-in-third-place-in-the-first-round-of-the-2026-brazilian-presidential-election,https://polymarket.com/event/will-eduardo-leite-finish-in-third-place-in-the-first-round-of-the-2026-brazilian-presidential-election,111543830332110820988165937452887760595067644846274162990773262945236746453247,Will Eduardo Leite finish in third place in the first round of the 2026 Brazilian presidential election?,0.12,0.6,false,"Eduardo Leite is a right-wing candidate with moderate polling support. Third place depends on fragmentation, but his chances are low without clear consolidation.","[""Lula's lead sustainability"", ""Right-wing fragmentation"", ""Leite's polling trajectory"", ""Runoff dynamics"", ""Candidate entry/exit risks""]","Third place is sensitive to field composition. Leite's viability depends on right-wing consolidation, which is uncertain.","[""evidence/shared/brazil_context.md"", ""evidence/parents/brazil-first-round-third-place-2026.md"", ""evidence/parents/brazil-presidential-election-first-round-3rd-place.md"", ""evidence/markets/RSO-0153.md""]",cd6161b847b578d1,"{""fair_value"":0.12,""confidence"":0.6,""should_abstain"":false,""rationale_short"":""Eduardo Leite is a right-wing candidate with moderate polling support. Third place depends on fragmentation, but his chances are low without clear consolidation."",""key_uncertainties"":[""Lula's lead sustainability"",""Right-wing fragmentation"",""Leite's polling trajectory"",""Runoff dynamics"",""Candidate entry/exit risks""],""base_rate_notes"":""Third place is sensitive to field composition. Leite's viability depends on right-wing consolidation, which is uncertain.""}",OK,,0.0025,mid,,true
20260626T160140Z:RSO-0154,20260626T160140Z,2026-06-26T16:01:40Z,fair_value_v0.1,ollama,qwen3:8b,RSO-0154,Brazil Presidential Election First Round: 3rd Place,Brazil Presidential Election First Round: 3rd Place — Helder Barbalho,Helder Barbalho,Brazil,brazil_presidential,presidential_two_round,brazil_first_round_third_place_2026,1365903,0x16cf9dd91e179eb378fee73ddb2d1ee9e395b65757f3f583b1bc925075cda4ac,will-helder-barbalho-finish-in-third-place-in-the-first-round-of-the-2026-brazilian-presidential-election,https://polymarket.com/event/will-helder-barbalho-finish-in-third-place-in-the-first-round-of-the-2026-brazilian-presidential-election,71697065098193440609393877290510705365065522497692176456171369889253319010735,Will Helder Barbalho finish in third place in the first round of the 2026 Brazilian presidential election?,0.05,0.3,false,Helder Barbalho is a long-shot in a fragmented field with limited recent polling. Third-place depends on field composition and unresolved candidacy dynamics.,"[""Lula's lead sustainability"", ""Right-wing consolidation"", ""Barbalho's polling relevance"", ""Field composition changes"", ""Long-tail support""]",Third-place is sensitive to field dynamics; Barbalho's viability depends on opposition fragmentation and his own polling performance.,"[""evidence/shared/brazil_context.md"", ""evidence/parents/brazil-first-round-third-place-2026.md"", ""evidence/parents/brazil-presidential-election-first-round-3rd-place.md"", ""evidence/markets/RSO-0154.md""]",6a05378f2695ec3d,"{""fair_value"":0.05,""confidence"":0.3,""should_abstain"":false,""rationale_short"":""Helder Barbalho is a long-shot in a fragmented field with limited recent polling. Third-place depends on field composition and unresolved candidacy dynamics."",""key_uncertainties"":[""Lula's lead sustainability"",""Right-wing consolidation"",""Barbalho's polling relevance"",""Field composition changes"",""Long-tail support""],""base_rate_notes"":""Third-place is sensitive to field dynamics; Barbalho's viability depends on opposition fragmentation and his own polling performance.""}",OK,,0.01,mid,,true
20260626T160140Z:RSO-0160,20260626T160140Z,2026-06-26T16:01:40Z,fair_value_v0.1,ollama,qwen3:8b,RSO-0160,Next Prime Minister of Sweden,Next Prime Minister of Sweden — Magdalena Andersson,Magdalena Andersson,Sweden,global_satellite,parliamentary_coalition,sweden_pm_2026,1193094,0x58d5cc2bf06a3289b127049239aee051f3b941f219efebbca02d3f50f0eb2a64,will-magdalena-andersson-be-the-next-prime-minister-of-sweden,https://polymarket.com/event/will-magdalena-andersson-be-the-next-prime-minister-of-sweden,6761884778816083542753350539779617201084594664234729655783875952381923983097,Will Magdalena Andersson be the next Prime Minister of Sweden?,0.45,0.75,false,"Current polling suggests centre-left bloc leads, but PM depends on coalition dynamics and party leadership. Magdalena Andersson is a likely leader if centre-left holds majority.","[""Coalition feasibility"", ""Incumbent bloc recovery"", ""Party vote share stability"", ""Leadership continuity"", ""Small party influence""]","Based on June 2026 Statistics Sweden poll showing centre-left at 55.2% vs right at 42.6%, with Social Democrats at 33.9%.","[""evidence/shared/global_satellite_context.md"", ""evidence/parents/sweden-pm-2026.md"", ""evidence/parents/next-prime-minister-of-sweden.md"", ""evidence/markets/RSO-0160.md""]",6fdbd6c7cdc3f6c7,"{""fair_value"":0.45,""confidence"":0.75,""should_abstain"":false,""rationale_short"":""Current polling suggests centre-left bloc leads, but PM depends on coalition dynamics and party leadership. Magdalena Andersson is a likely leader if centre-left holds majority."",""key_uncertainties"":[""Coalition feasibility"",""Incumbent bloc recovery"",""Party vote share stability"",""Leadership continuity"",""Small party influence""],""base_rate_notes"":""Based on June 2026 Statistics Sweden poll showing centre-left at 55.2% vs right at 42.6%, with Social Democrats at 33.9%.""}",OK,,0.0035,mid,,true
20260626T160140Z:RSO-0161,20260626T160140Z,2026-06-26T16:01:40Z,fair_value_v0.1,ollama,qwen3:8b,RSO-0161,Next Prime Minister of Sweden,Next Prime Minister of Sweden — Ulf Kristersson,Ulf Kristersson,Sweden,global_satellite,parliamentary_coalition,sweden_pm_2026,1193093,0x8a42bb4cb9b9f157b539611f6a8c122388f652570cfc3c07d538e7df2bb78894,will-ulf-kristersson-be-the-next-prime-minister-of-sweden,https://polymarket.com/event/will-ulf-kristersson-be-the-next-prime-minister-of-sweden,19884202204363090591845974364927513432419394537229594683046302661092511466716,Will Ulf Kristersson be the next Prime Minister of Sweden?,0.15,0.6,false,"Ulf Kristersson's path requires right-wing bloc recovery and coalition viability, which are uncertain given current polling favoring centre-left.","[""Right-wing bloc recovery"", ""Coalition partner thresholds"", ""Centre-left majority stability"", ""Incumbent government performance"", ""Coalition acceptability""]",Base rate considers parliamentary coalition dynamics and current polling trends favoring centre-left over right-wing.,"[""evidence/shared/global_satellite_context.md"", ""evidence/parents/sweden-pm-2026.md"", ""evidence/parents/next-prime-minister-of-sweden.md"", ""evidence/markets/RSO-0161.md""]",990809f9d09f0355,"{""fair_value"":0.15,""confidence"":0.6,""should_abstain"":false,""rationale_short"":""Ulf Kristersson's path requires right-wing bloc recovery and coalition viability, which are uncertain given current polling favoring centre-left."",""key_uncertainties"":[""Right-wing bloc recovery"",""Coalition partner thresholds"",""Centre-left majority stability"",""Incumbent government performance"",""Coalition acceptability""],""base_rate_notes"":""Base rate considers parliamentary coalition dynamics and current polling trends favoring centre-left over right-wing.""}",OK,,0.0025,mid,,true
20260626T160140Z:RSO-0162,20260626T160140Z,2026-06-26T16:01:40Z,fair_value_v0.1,ollama,qwen3:8b,RSO-0162,Next Prime Minister of Sweden,Next Prime Minister of Sweden — Jimmie Åkesson,Jimmie Åkesson,Sweden,global_satellite,parliamentary_coalition,sweden_pm_2026,1193095,0x86fa2351e7a9469fd8bcd9a28ad5e300a59c3764747ad1eb7d6248546efbabfd,will-jimmie-kesson-be-the-next-prime-minister-of-sweden,https://polymarket.com/event/will-jimmie-kesson-be-the-next-prime-minister-of-sweden,82283291912489202302595502692326101345632588904573705648995568317366762287152,Will Jimmie Åkesson be the next Prime Minister of Sweden?,0.15,0.6,false,"Current polling favors center-left bloc. Jimmie Åkesson's party may not secure majority, and coalition feasibility is uncertain.","[""Center-left bloc's cohesion"", ""Coalition compatibility"", ""Right-wing bloc recovery"", ""Vote share volatility"", ""Incumbent government survival""]",Based on June 2026 Statistics Sweden poll showing center-left at 55.2% vs right-wing at 42.6%.,"[""evidence/shared/global_satellite_context.md"", ""evidence/parents/sweden-pm-2026.md"", ""evidence/parents/next-prime-minister-of-sweden.md"", ""evidence/markets/RSO-0162.md""]",b7cf7bae4484fc47,"{""fair_value"":0.15,""confidence"":0.6,""should_abstain"":false,""rationale_short"":""Current polling favors center-left bloc. Jimmie Åkesson's party may not secure majority, and coalition feasibility is uncertain."",""key_uncertainties"":[""Center-left bloc's cohesion"",""Coalition compatibility"",""Right-wing bloc recovery"",""Vote share volatility"",""Incumbent government survival""],""base_rate_notes"":""Based on June 2026 Statistics Sweden poll showing center-left at 55.2% vs right-wing at 42.6%.""}",OK,,0.002,mid,,true
20260626T160140Z:RSO-0163,20260626T160140Z,2026-06-26T16:01:40Z,fair_value_v0.1,ollama,qwen3:8b,RSO-0163,Next Prime Minister of Sweden,Next Prime Minister of Sweden — Ebba Busch,Ebba Busch,Sweden,global_satellite,parliamentary_coalition,sweden_pm_2026,1193096,0xa5b2b9d0e333d50db759139a364c01af812a3db60e5c653b9f959b6ef5d7139e,will-ebba-busch-be-the-next-prime-minister-of-sweden,https://polymarket.com/event/will-ebba-busch-be-the-next-prime-minister-of-sweden,46694911209504709842407102211694105151918150655785824361504208059495748983717,Will Ebba Busch be the next Prime Minister of Sweden?,0.05,0.6,false,"Ebba Busch is a junior minister in the Social Democrats, which is part of the centre-left bloc. The centre-left bloc is leading in polls, but PM requires coalition leadership. Her individual chances are low unless she becomes leader, which is not indicated.","[""Social Democrats' internal leadership dynamics"", ""Coalition feasibility for Busch"", ""Potential shifts in polling"", ""Other centre-left candidates' viability"", ""Incumbent bloc's performance""]","Base rate reflects parliamentary system where PM is determined by bloc arithmetic and coalition leadership, not just party vote share.","[""evidence/shared/global_satellite_context.md"", ""evidence/parents/sweden-pm-2026.md"", ""evidence/parents/next-prime-minister-of-sweden.md"", ""evidence/markets/RSO-0163.md""]",d02fefd0ed363aeb,"{""fair_value"":0.05,""confidence"":0.6,""should_abstain"":false,""rationale_short"":""Ebba Busch is a junior minister in the Social Democrats, which is part of the centre-left bloc. The centre-left bloc is leading in polls, but PM requires coalition leadership. Her individual chances are low unless she becomes leader, which is not indicated."",""key_uncertainties"":[""Social Democrats' internal leadership dynamics"",""Coalition feasibility for Busch"",""Potential shifts in polling"",""Other centre-left candidates' viability"",""Incumbent bloc's performance""],""base_rate_notes"":""Base rate reflects parliamentary system where PM is determined by bloc arithmetic and coalition leadership, not just party vote share.""}",OK,,0.0025,mid,,true
20260626T160140Z:RSO-0164,20260626T160140Z,2026-06-26T16:01:40Z,fair_value_v0.1,ollama,qwen3:8b,RSO-0164,Next Prime Minister of Sweden,Next Prime Minister of Sweden — Anna-Karin Hatt,Anna-Karin Hatt,Sweden,global_satellite,parliamentary_coalition,sweden_pm_2026,1193097,0x97c143ba31319b4d271aeebc832cdd8171dea3b52826c4c92096de1aefefa761,will-anna-karin-hatt-be-the-next-prime-minister-of-sweden,https://polymarket.com/event/will-anna-karin-hatt-be-the-next-prime-minister-of-sweden,81454443807141471628818264376989427346037494847713032539010359279666138415075,Will Anna-Karin Hatt be the next Prime Minister of Sweden?,0.02,0.3,false,Anna-Karin Hatt is a long-shot candidate in a race where center-left bloc dominance appears likely. Current polling suggests Magdalena Andersson has strong prospects if the bloc holds.,"[""Center-left bloc cohesion"", ""Coalition feasibility for Hatt"", ""Hatt's party leadership status"", ""Election outcome volatility"", ""Post-election negotiations""]","Base rate reflects parliamentary system dynamics where PM selection depends on bloc arithmetic and coalition, not just party vote share.","[""evidence/shared/global_satellite_context.md"", ""evidence/parents/sweden-pm-2026.md"", ""evidence/parents/next-prime-minister-of-sweden.md"", ""evidence/markets/RSO-0164.md""]",ce2f8491af053a85,"{""fair_value"":0.02,""confidence"":0.3,""should_abstain"":false,""rationale_short"":""Anna-Karin Hatt is a long-shot candidate in a race where center-left bloc dominance appears likely. Current polling suggests Magdalena Andersson has strong prospects if the bloc holds."",""key_uncertainties"":[""Center-left bloc cohesion"",""Coalition feasibility for Hatt"",""Hatt's party leadership status"",""Election outcome volatility"",""Post-election negotiations""],""base_rate_notes"":""Base rate reflects parliamentary system dynamics where PM selection depends on bloc arithmetic and coalition, not just party vote share.""}",OK,,0.445,mid,,true
20260626T160140Z:RSO-0165,20260626T160140Z,2026-06-26T16:01:40Z,fair_value_v0.1,ollama,qwen3:8b,RSO-0165,Next Prime Minister of Sweden,Next Prime Minister of Sweden — Nooshi Dadgostar,Nooshi Dadgostar,Sweden,global_satellite,parliamentary_coalition,sweden_pm_2026,1193098,0xe7a2275b0c6b965a7b44d005203789d7dbe2edd352a565793f9460de7a99fd27,will-nooshi-dadgostar-be-the-next-prime-minister-of-sweden,https://polymarket.com/event/will-nooshi-dadgostar-be-the-next-prime-minister-of-sweden,90456984939082759426569197949731058493185701412523949062524005061677992609434,Will Nooshi Dadgostar be the next Prime Minister of Sweden?,0.01,0.3,false,Nooshi Dadgostar is a long-tail candidate with no significant party or coalition support indicated in available evidence.,"[""Centre-left bloc's cohesion"", ""Coalition feasibility for Dadgostar"", ""Recent polling relevance"", ""Candidate's public visibility"", ""Threshold rule changes""]","Base rate reflects parliamentary systems where PM outcomes depend on bloc arithmetic and coalition, not just party vote share.","[""evidence/shared/global_satellite_context.md"", ""evidence/parents/sweden-pm-2026.md"", ""evidence/parents/next-prime-minister-of-sweden.md"", ""evidence/markets/RSO-0165.md""]",42cb3f0bf5015793,"{""fair_value"":0.01,""confidence"":0.3,""should_abstain"":false,""rationale_short"":""Nooshi Dadgostar is a long-tail candidate with no significant party or coalition support indicated in available evidence."",""key_uncertainties"":[""Centre-left bloc's cohesion"",""Coalition feasibility for Dadgostar"",""Recent polling relevance"",""Candidate's public visibility"",""Threshold rule changes""],""base_rate_notes"":""Base rate reflects parliamentary systems where PM outcomes depend on bloc arithmetic and coalition, not just party vote share.""}",OK,,0.0105,mid,,true
20260626T160140Z:RSO-0166,20260626T160140Z,2026-06-26T16:01:40Z,fair_value_v0.1,ollama,qwen3:8b,RSO-0166,Next Prime Minister of Sweden,Next Prime Minister of Sweden — Amanda Lind,Amanda Lind,Sweden,global_satellite,parliamentary_coalition,sweden_pm_2026,1193100,0xaae2b16405680de265ba459475128bdb130d280abfb4c92f125010406a5d3a67,will-amanda-lind-be-the-next-prime-minister-of-sweden,https://polymarket.com/event/will-amanda-lind-be-the-next-prime-minister-of-sweden,16223024047489006372491283864322078736180973077611484772976980168989752557591,Will Amanda Lind be the next Prime Minister of Sweden?,0.05,0.6,false,"Amanda Lind is a centrist within the centre-left bloc. Current polls favor the centre-left bloc overall, but her specific chances depend on internal dynamics and coalition formation. She is not the leading figure in her party (Social Democrats) compared to Magdalena Andersson.","[""Social Democratic internal leadership dynamics"", ""Coalition partner viability"", ""Potential shifts in voter support"", ""Unresolved candidate entry/exit decisions"", ""Threshold effects in parliamentary arithmetic""]","Base rate reflects centre-left bloc strength and Lind's position within it, but her specific path to PM requires additional coalition and leadership factors.","[""evidence/shared/global_satellite_context.md"", ""evidence/parents/sweden-pm-2026.md"", ""evidence/parents/next-prime-minister-of-sweden.md"", ""evidence/markets/RSO-0166.md""]",d9e7cc5df87dc2d1,"{""fair_value"":0.05,""confidence"":0.6,""should_abstain"":false,""rationale_short"":""Amanda Lind is a centrist within the centre-left bloc. Current polls favor the centre-left bloc overall, but her specific chances depend on internal dynamics and coalition formation. She is not the leading figure in her party (Social Democrats) compared to Magdalena Andersson."",""key_uncertainties"":[""Social Democratic internal leadership dynamics"",""Coalition partner viability"",""Potential shifts in voter support"",""Unresolved candidate entry/exit decisions"",""Threshold effects in parliamentary arithmetic""],""base_rate_notes"":""Base rate reflects centre-left bloc strength and Lind's position within it, but her specific path to PM requires additional coalition and leadership factors.""}",OK,,0.0045,mid,,true
20260626T160140Z:RSO-0167,20260626T160140Z,2026-06-26T16:01:40Z,fair_value_v0.1,ollama,qwen3:8b,RSO-0167,Next Prime Minister of Sweden,Next Prime Minister of Sweden — Simona Mohamsson,Simona Mohamsson,Sweden,global_satellite,parliamentary_coalition,sweden_pm_2026,1193099,0x1fd46f48b97d480c51838d9444b355bad8b3a614e36258d6047fdee078144c60,will-simona-mohamsson-be-the-next-prime-minister-of-sweden,https://polymarket.com/event/will-simona-mohamsson-be-the-next-prime-minister-of-sweden,73303082510342190766222719296890807075370391273752895784553712328433386187648,Will Simona Mohamsson be the next Prime Minister of Sweden?,0.01,0.3,false,Simona Mohamsson is a long-tail candidate with no major party backing. Current polling favors centre-left bloc led by Magdalena Andersson. Coalition dynamics and threshold rules make her PM path highly improbable.,"[""Centre-left bloc cohesion"", ""Coalition feasibility for Mohamsson"", ""Threshold rule changes"", ""Competitive candidate emergence"", ""Incumbent government resilience""]","In parliamentary systems, PM probability depends on bloc arithmetic and coalition leadership, not just party vote share.","[""evidence/shared/global_satellite_context.md"", ""evidence/parents/sweden-pm-2026.md"", ""evidence/parents/next-prime-minister-of-sweden.md"", ""evidence/markets/RSO-0167.md""]",7d92d42ac2ab20e6,"{""fair_value"":0.01,""confidence"":0.3,""should_abstain"":false,""rationale_short"":""Simona Mohamsson is a long-tail candidate with no major party backing. Current polling favors centre-left bloc led by Magdalena Andersson. Coalition dynamics and threshold rules make her PM path highly improbable."",""key_uncertainties"":[""Centre-left bloc cohesion"",""Coalition feasibility for Mohamsson"",""Threshold rule changes"",""Competitive candidate emergence"",""Incumbent government resilience""],""base_rate_notes"":""In parliamentary systems, PM probability depends on bloc arithmetic and coalition leadership, not just party vote share.""}",OK,,0.0045,mid,,true
20260626T160140Z:RSO-0168,20260626T160140Z,2026-06-26T16:01:40Z,fair_value_v0.1,ollama,qwen3:8b,RSO-0168,Next Prime Minister of Sweden,Next Prime Minister of Sweden — Daniel Helldén,Daniel Helldén,Sweden,global_satellite,parliamentary_coalition,sweden_pm_2026,1193101,0x7767ed7d0af1aa72122981cc4347d9ed35b46385d39512ea5d6021da42a33825,will-daniel-helldn-be-the-next-prime-minister-of-sweden,https://polymarket.com/event/will-daniel-helldn-be-the-next-prime-minister-of-sweden,28176517830787199081924401072020189535005171048570636269331907057010467544445,Will Daniel Helldén be the next Prime Minister of Sweden?,0.02,0.3,false,Daniel Helldén is a long-tail candidate with no major party backing. Current polling favors centre-left bloc led by Magdalena Andersson. Coalition dynamics and threshold rules make his path unlikely.,"[""Centre-left bloc cohesion"", ""Coalition feasibility for Helldén"", ""Threshold rule changes"", ""Incumbent government resilience"", ""Polling accuracy""]","Base rate reflects parliamentary system where PM depends on bloc arithmetic and coalition, not just party vote share.","[""evidence/shared/global_satellite_context.md"", ""evidence/parents/sweden-pm-2026.md"", ""evidence/parents/next-prime-minister-of-sweden.md"", ""evidence/markets/RSO-0168.md""]",dcb0e1239402d1cc,"{""fair_value"":0.02,""confidence"":0.3,""should_abstain"":false,""rationale_short"":""Daniel Helldén is a long-tail candidate with no major party backing. Current polling favors centre-left bloc led by Magdalena Andersson. Coalition dynamics and threshold rules make his path unlikely."",""key_uncertainties"":[""Centre-left bloc cohesion"",""Coalition feasibility for Helldén"",""Threshold rule changes"",""Incumbent government resilience"",""Polling accuracy""],""base_rate_notes"":""Base rate reflects parliamentary system where PM depends on bloc arithmetic and coalition, not just party vote share.""}",OK,,0.0025,mid,,true
20260626T160140Z:RSO-0169,20260626T160140Z,2026-06-26T16:01:40Z,fair_value_v0.1,ollama,qwen3:8b,RSO-0169,Next Prime Minister of Sweden,Next Prime Minister of Sweden — Elisabeth Thand Ringqvist,Elisabeth Thand Ringqvist,Sweden,global_satellite,parliamentary_coalition,sweden_pm_2026,1193103,0x39272d42f01e6cdb493a857022fb8ddf708d91709eb928649868cda8a9ccf5c9,will-elisabeth-thand-ringqvist-be-the-next-prime-minister-of-sweden,https://polymarket.com/event/will-elisabeth-thand-ringqvist-be-the-next-prime-minister-of-sweden,98060061097780651807171860879548727196866666811981420650799429376583531532134,Will Elisabeth Thand Ringqvist be the next Prime Minister of Sweden?,0.01,0.2,false,Elisabeth Thand Ringqvist is a long-tail candidate with no major party backing. Current polling favors center-left bloc led by Magdalena Andersson. Coalition feasibility and party leadership are critical factors.,"[""Center-left bloc cohesion"", ""Coalition partner viability"", ""Candidate's party support"", ""Election outcome volatility"", ""Post-election negotiations""]","In parliamentary systems, PM probability depends on bloc arithmetic and coalition dynamics beyond individual candidate popularity.","[""evidence/shared/global_satellite_context.md"", ""evidence/parents/sweden-pm-2026.md"", ""evidence/parents/next-prime-minister-of-sweden.md"", ""evidence/markets/RSO-0169.md""]",32ba00ddc7c3bce9,"{""fair_value"":0.01,""confidence"":0.2,""should_abstain"":false,""rationale_short"":""Elisabeth Thand Ringqvist is a long-tail candidate with no major party backing. Current polling favors center-left bloc led by Magdalena Andersson. Coalition feasibility and party leadership are critical factors."",""key_uncertainties"":[""Center-left bloc cohesion"",""Coalition partner viability"",""Candidate's party support"",""Election outcome volatility"",""Post-election negotiations""],""base_rate_notes"":""In parliamentary systems, PM probability depends on bloc arithmetic and coalition dynamics beyond individual candidate popularity.""}",OK,,0.0045,mid,,true
20260626T160140Z:RSO-0170,20260626T160140Z,2026-06-26T16:01:40Z,fair_value_v0.1,ollama,qwen3:8b,RSO-0170,Sweden Parliamentary Election Winner,Sweden Parliamentary Election Winner — Swedish Social Democratic Party (S),Swedish Social Democratic Party (S),Sweden,global_satellite,parliamentary_coalition,sweden_most_seats_2026,811719,0xe5acfef8707df2e25a99a6e4d9568d033fa063b006022f68375ab3bbcf376818,will-the-swedish-social-democratic-party-s-win-the-most-seats-in-the-2026-swedish-parliamentary-election,https://polymarket.com/event/will-the-swedish-social-democratic-party-s-win-the-most-seats-in-the-2026-swedish-parliamentary-election,103916805803783582379666899779911786632579535459334681066604944183134504393219,Will the Swedish Social Democratic Party (S) win the most seats in the 2026 Swedish parliamentary election?,0.45,0.75,false,Social Democrats are favored but face challenges from Sweden Democrats and coalition dynamics.,"[""Polling may stale"", ""Coalition feasibility"", ""Incumbent approval"", ""Right-bloc competition"", ""Threshold effects""]",Social Democrats are natural favorites for most seats.,"[""evidence/shared/global_satellite_context.md"", ""evidence/parents/sweden-most-seats-2026.md"", ""evidence/parents/sweden-parliamentary-election-winner.md"", ""evidence/markets/RSO-0170.md""]",93da4dd641d43d57,"{""fair_value"":0.45,""confidence"":0.75,""should_abstain"":false,""rationale_short"":""Social Democrats are favored but face challenges from Sweden Democrats and coalition dynamics."",""key_uncertainties"":[""Polling may stale"",""Coalition feasibility"",""Incumbent approval"",""Right-bloc competition"",""Threshold effects""],""base_rate_notes"":""Social Democrats are natural favorites for most seats.""}",OK,,0.545,mid,,true
20260626T160140Z:RSO-0171,20260626T160140Z,2026-06-26T16:01:40Z,fair_value_v0.1,ollama,qwen3:8b,RSO-0171,Sweden Parliamentary Election Winner,Sweden Parliamentary Election Winner — Sweden Democrats (SD),Sweden Democrats (SD),Sweden,global_satellite,parliamentary_coalition,sweden_most_seats_2026,811720,0xa39535caf2ce2c47dfbdc64c3cef9a00b7599a24c34b4091caed34df27094639,will-the-sweden-democrats-sd-win-the-most-seats-in-the-2026-swedish-parliamentary-election,https://polymarket.com/event/will-the-sweden-democrats-sd-win-the-most-seats-in-the-2026-swedish-parliamentary-election,22771288348793685264608720201112684853152039276564546124382947250830821477697,Will the Sweden Democrats (SD) win the most seats in the 2026 Swedish parliamentary election?,0.15,0.6,false,"SD must overcome polling gap and party dynamics, but remains a major party.","[""Recent polling may stale"", ""Coalition feasibility"", ""Threshold effects"", ""Incumbent performance"", ""Candidate dynamics""]",Social Democrats are natural favorite; SD is major party but faces challenges.,"[""evidence/shared/global_satellite_context.md"", ""evidence/parents/sweden-most-seats-2026.md"", ""evidence/parents/sweden-parliamentary-election-winner.md"", ""evidence/markets/RSO-0171.md""]",b9591bf5291297af,"{""fair_value"":0.15,""confidence"":0.6,""should_abstain"":false,""rationale_short"":""SD must overcome polling gap and party dynamics, but remains a major party."",""key_uncertainties"":[""Recent polling may stale"",""Coalition feasibility"",""Threshold effects"",""Incumbent performance"",""Candidate dynamics""],""base_rate_notes"":""Social Democrats are natural favorite; SD is major party but faces challenges.""}",OK,,0.675,mid,,true
20260626T160140Z:RSO-0172,20260626T160140Z,2026-06-26T16:01:40Z,fair_value_v0.1,ollama,qwen3:8b,RSO-0172,Sweden Parliamentary Election Winner,Sweden Parliamentary Election Winner — Green Party (MP),Green Party (MP),Sweden,global_satellite,parliamentary_coalition,sweden_most_seats_2026,811725,0x59df45d0523260ee1cc889e54c32b59ec6d1ec49c32cabec71baf470e869d49a,will-the-green-party-mp-win-the-most-seats-in-the-2026-swedish-parliamentary-election,https://polymarket.com/event/will-the-green-party-mp-win-the-most-seats-in-the-2026-swedish-parliamentary-election,95637379689976243013286900277703754341046503122130133129985305609496701873761,Will the Green Party (MP) win the most seats in the 2026 Swedish parliamentary election?,0.05,0.6,false,"Green Party is a smaller party with lower base-rate probability, though not impossible. Current evidence suggests they are unlikely to win most seats.","[""Recent polling may have changed since June 2026"", ""Coalition dynamics and threshold effects"", ""Competitive right-bloc dynamics"", ""Incumbency and approval rates"", ""Small party influence on government formation""]",Social Democrats are natural favorites. Sweden Democrats are more likely than Greens to win most seats.,"[""evidence/shared/global_satellite_context.md"", ""evidence/parents/sweden-most-seats-2026.md"", ""evidence/parents/sweden-parliamentary-election-winner.md"", ""evidence/markets/RSO-0172.md""]",5e3f2ded58260ae9,"{""fair_value"":0.05,""confidence"":0.6,""should_abstain"":false,""rationale_short"":""Green Party is a smaller party with lower base-rate probability, though not impossible. Current evidence suggests they are unlikely to win most seats."",""key_uncertainties"":[""Recent polling may have changed since June 2026"",""Coalition dynamics and threshold effects"",""Competitive right-bloc dynamics"",""Incumbency and approval rates"",""Small party influence on government formation""],""base_rate_notes"":""Social Democrats are natural favorites. Sweden Democrats are more likely than Greens to win most seats.""}",OK,,0.015,mid,,true
20260626T160140Z:RSO-0173,20260626T160140Z,2026-06-26T16:01:40Z,fair_value_v0.1,ollama,qwen3:8b,RSO-0173,Sweden Parliamentary Election Winner,Sweden Parliamentary Election Winner — Christian Democrats (KD),Christian Democrats (KD),Sweden,global_satellite,parliamentary_coalition,sweden_most_seats_2026,811724,0xa50fafd0a12d15170128d489b2c26347ed635a84d1a88ab9f77414a358a15491,will-the-christian-democrats-kd-win-the-most-seats-in-the-2026-swedish-parliamentary-election,https://polymarket.com/event/will-the-christian-democrats-kd-win-the-most-seats-in-the-2026-swedish-parliamentary-election,54843548550094470593696883578302472730893983252822277325463098779080627026611,Will the Christian Democrats (KD) win the most seats in the 2026 Swedish parliamentary election?,0.05,0.6,false,KD is a smaller party with lower polling compared to SD and Moderates. Coalition dynamics and threshold effects reduce their chances.,"[""Recent polling trends for KD"", ""Coalition feasibility"", ""Threshold rules impact"", ""Incumbent performance"", ""Small party influence""]",Social Democrats are natural favorites; KD is lower probability unless specific conditions change.,"[""evidence/shared/global_satellite_context.md"", ""evidence/parents/sweden-most-seats-2026.md"", ""evidence/parents/sweden-parliamentary-election-winner.md"", ""evidence/markets/RSO-0173.md""]",094aff3b0b210c64,"{""fair_value"":0.05,""confidence"":0.6,""should_abstain"":false,""rationale_short"":""KD is a smaller party with lower polling compared to SD and Moderates. Coalition dynamics and threshold effects reduce their chances."",""key_uncertainties"":[""Recent polling trends for KD"",""Coalition feasibility"",""Threshold rules impact"",""Incumbent performance"",""Small party influence""],""base_rate_notes"":""Social Democrats are natural favorites; KD is lower probability unless specific conditions change.""}",OK,,0.505,mid,,true
20260626T160140Z:RSO-0181,20260626T160140Z,2026-06-26T16:01:40Z,fair_value_v0.1,ollama,qwen3:8b,RSO-0181,Quebec General Election Winner,Quebec General Election Winner — PQ,PQ,Canada,global_satellite,provincial_parliamentary,quebec_general_election_winner_2026,789407,0x30d4a64f70d80faee66508a797b347ef65e63913e4200bca954718fc824ea10e,will-parti-qubcois-win-the-most-seats-in-the-2026-quebec-general-election,https://polymarket.com/event/will-parti-qubcois-win-the-most-seats-in-the-2026-quebec-general-election,65322106850459544646271115791218393848695885094753222820688299472048959196589,Will Parti Québécois win the most seats in the 2026 Quebec general election?,0.35,0.6,false,PQ is leading in polls but faces competition from PLQ. Regional dynamics and coalition feasibility add uncertainty.,"[""PLQ's potential surge"", ""regional vote concentration"", ""coalition dynamics"", ""turnout volatility"", ""candidate momentum""]","PQ and PLQ are main contenders, with CAQ as a lower-probability incumbent party.","[""evidence/shared/global_satellite_context.md"", ""evidence/parents/quebec-general-election-winner-2026.md"", ""evidence/parents/quebec-general-election-winner.md"", ""evidence/markets/RSO-0181.md""]",178d048e5a483474,"{""fair_value"":0.35,""confidence"":0.6,""should_abstain"":false,""rationale_short"":""PQ is leading in polls but faces competition from PLQ. Regional dynamics and coalition feasibility add uncertainty."",""key_uncertainties"":[""PLQ's potential surge"",""regional vote concentration"",""coalition dynamics"",""turnout volatility"",""candidate momentum""],""base_rate_notes"":""PQ and PLQ are main contenders, with CAQ as a lower-probability incumbent party.""}",OK,,0.0355,mid,,true
20260626T160140Z:RSO-0182,20260626T160140Z,2026-06-26T16:01:40Z,fair_value_v0.1,ollama,qwen3:8b,RSO-0182,Quebec General Election Winner,Quebec General Election Winner — PLQ,PLQ,Canada,global_satellite,provincial_parliamentary,quebec_general_election_winner_2026,789408,0x9b609d94cd0e303bf36f68a422a93f7dad9f58a2f8e4212eef51eed93480f323,will-parti-libral-du-qubec-win-the-most-seats-in-the-2026-quebec-general-election,https://polymarket.com/event/will-parti-libral-du-qubec-win-the-most-seats-in-the-2026-quebec-general-election,59168522853670249846168311423052197084797740619724007956370238354938278077304,Will Parti libéral du Québec win the most seats in the 2026 Quebec general election?,0.35,0.6,false,"PLQ is a major contender but faces PQ competition. Recent polls show PLQ at 32% vs PQ at 29%, with uncertainty due to undecided voters and regional vote share disparities.","[""Undecided voters could shift support"", ""Regional vote concentration effects"", ""PQ's potential resurgence"", ""CAQ's role as an incumbent party"", ""Polling data staleness""]",PQ and PLQ are main contenders; CAQ has infrastructure but weak polling.,"[""evidence/shared/global_satellite_context.md"", ""evidence/parents/quebec-general-election-winner-2026.md"", ""evidence/parents/quebec-general-election-winner.md"", ""evidence/markets/RSO-0182.md""]",7a321a485dc83524,"{""fair_value"":0.35,""confidence"":0.6,""should_abstain"":false,""rationale_short"":""PLQ is a major contender but faces PQ competition. Recent polls show PLQ at 32% vs PQ at 29%, with uncertainty due to undecided voters and regional vote share disparities."",""key_uncertainties"":[""Undecided voters could shift support"",""Regional vote concentration effects"",""PQ's potential resurgence"",""CAQ's role as an incumbent party"",""Polling data staleness""],""base_rate_notes"":""PQ and PLQ are main contenders; CAQ has infrastructure but weak polling.""}",OK,,0.0035,mid,,true
20260626T160140Z:RSO-0183,20260626T160140Z,2026-06-26T16:01:40Z,fair_value_v0.1,ollama,qwen3:8b,RSO-0183,Quebec General Election Winner,Quebec General Election Winner — CAQ,CAQ,Canada,global_satellite,provincial_parliamentary,quebec_general_election_winner_2026,789406,0xc7bc5d759ecbd05cfbf3b41ec98f1cd7ab306234bf76fd6c1768d3be1d6b9e76,will-coalition-avenir-qubec-win-the-most-seats-in-the-2026-quebec-general-election,https://polymarket.com/event/will-coalition-avenir-qubec-win-the-most-seats-in-the-2026-quebec-general-election,62672831099052856773092936123032454032816810006460666476569228483231264400027,Will Coalition Avenir Québec win the most seats in the 2026 Quebec general election?,0.15,0.6,false,CAQ is an incumbent party with weak polling but remains relevant due to infrastructure. PQ and PLQ are main contenders. Seat outcomes can diverge from vote share.,"[""Recent polling may be stale"", ""Regional vote concentration effects"", ""Coalition feasibility"", ""Incumbent party performance"", ""Unresolved candidate dynamics""]",PQ and PLQ are main contenders; CAQ has weak polling but infrastructure. Seat outcomes may diverge from vote share.,"[""evidence/shared/global_satellite_context.md"", ""evidence/parents/quebec-general-election-winner-2026.md"", ""evidence/parents/quebec-general-election-winner.md"", ""evidence/markets/RSO-0183.md""]",61f0726657744b68,"{""fair_value"":0.15,""confidence"":0.6,""should_abstain"":false,""rationale_short"":""CAQ is an incumbent party with weak polling but remains relevant due to infrastructure. PQ and PLQ are main contenders. Seat outcomes can diverge from vote share."",""key_uncertainties"":[""Recent polling may be stale"",""Regional vote concentration effects"",""Coalition feasibility"",""Incumbent party performance"",""Unresolved candidate dynamics""],""base_rate_notes"":""PQ and PLQ are main contenders; CAQ has weak polling but infrastructure. Seat outcomes may diverge from vote share.""}",OK,,0.125,mid,,true
20260626T160140Z:RSO-0184,20260626T160140Z,2026-06-26T16:01:40Z,fair_value_v0.1,ollama,qwen3:8b,RSO-0184,Quebec General Election Winner,Quebec General Election Winner — PCQ,PCQ,Canada,global_satellite,provincial_parliamentary,quebec_general_election_winner_2026,789410,0xb79b3e4a9eca37f56dbd00bb495be37079050b1bea9759e0281fe8fe475dc5aa,will-parti-conservateur-du-qubec-win-the-most-seats-in-the-2026-quebec-general-election,https://polymarket.com/event/will-parti-conservateur-du-qubec-win-the-most-seats-in-the-2026-quebec-general-election,1792453187763546489058024733820523797667736093517388854235326974724797239676,Will Parti conservateur du Québec win the most seats in the 2026 Quebec general election?,0.05,0.3,false,PCQ is a lower-tier party with weak polling and no clear path to most seats. Base rates suggest PQ and PLQ are main contenders. Regional dynamics and coalition feasibility add uncertainty.,"[""Recent polling may be stale"", ""Regional vote concentration effects"", ""Coalition formation dynamics"", ""Candidate entry/exit risks"", ""Incumbent party infrastructure advantages""]",PQ and PLQ are main contenders; CAQ has infrastructure but weak polling. PCQ/QS/PVQ are lower unless new polling shows breakthrough.,"[""evidence/shared/global_satellite_context.md"", ""evidence/parents/quebec-general-election-winner-2026.md"", ""evidence/parents/quebec-general-election-winner.md"", ""evidence/markets/RSO-0184.md""]",fe2ada9a93278ca8,"{""fair_value"":0.05,""confidence"":0.3,""should_abstain"":false,""rationale_short"":""PCQ is a lower-tier party with weak polling and no clear path to most seats. Base rates suggest PQ and PLQ are main contenders. Regional dynamics and coalition feasibility add uncertainty."",""key_uncertainties"":[""Recent polling may be stale"",""Regional vote concentration effects"",""Coalition formation dynamics"",""Candidate entry/exit risks"",""Incumbent party infrastructure advantages""],""base_rate_notes"":""PQ and PLQ are main contenders; CAQ has infrastructure but weak polling. PCQ/QS/PVQ are lower unless new polling shows breakthrough.""}",OK,,0.0035,mid,,true
20260626T160140Z:RSO-0185,20260626T160140Z,2026-06-26T16:01:40Z,fair_value_v0.1,ollama,qwen3:8b,RSO-0185,Quebec General Election Winner,Quebec General Election Winner — QS,QS,Canada,global_satellite,provincial_parliamentary,quebec_general_election_winner_2026,789409,0x4c7d3102ab3408414937b8ed71a34914c117650bfa484069534761babec02560,will-qubec-solidaire-win-the-most-seats-in-the-2026-quebec-general-election,https://polymarket.com/event/will-qubec-solidaire-win-the-most-seats-in-the-2026-quebec-general-election,98007823535472870848820037177811238475335001116010639125672344130824656744561,Will Québec solidaire win the most seats in the 2026 Quebec general election?,0.05,0.3,false,"QS has low base rate with 11% in recent polls, but could benefit from regional concentration. However, PQ and PLQ are main contenders, and QS is a long-tail candidate.","[""Polling may stale before election"", ""Regional concentration effects"", ""Coalition feasibility"", ""Incumbent party dynamics"", ""Candidate entry/exit decisions""]","PQ and PLQ are main contenders, CAQ remains relevant, PCQ/QS/PVQ are lower unless new polling shows breakthrough.","[""evidence/shared/global_satellite_context.md"", ""evidence/parents/quebec-general-election-winner-2026.md"", ""evidence/parents/quebec-general-election-winner.md"", ""evidence/markets/RSO-0185.md""]",004476254489b51d,"{""fair_value"":0.05,""confidence"":0.3,""should_abstain"":false,""rationale_short"":""QS has low base rate with 11% in recent polls, but could benefit from regional concentration. However, PQ and PLQ are main contenders, and QS is a long-tail candidate."",""key_uncertainties"":[""Polling may stale before election"",""Regional concentration effects"",""Coalition feasibility"",""Incumbent party dynamics"",""Candidate entry/exit decisions""],""base_rate_notes"":""PQ and PLQ are main contenders, CAQ remains relevant, PCQ/QS/PVQ are lower unless new polling shows breakthrough.""}",OK,,0.0015,mid,,true
20260626T160140Z:RSO-0186,20260626T160140Z,2026-06-26T16:01:40Z,fair_value_v0.1,ollama,qwen3:8b,RSO-0186,Quebec General Election Winner,Quebec General Election Winner — PVQ,PVQ,Canada,global_satellite,provincial_parliamentary,quebec_general_election_winner_2026,789411,0x72a433f7e229db037d504dbbed5c93bfcaccf9c641521be7290db4b357eb3352,will-parti-vert-du-qubec-win-the-most-seats-in-the-2026-quebec-general-election,https://polymarket.com/event/will-parti-vert-du-qubec-win-the-most-seats-in-the-2026-quebec-general-election,61975433175904911460960290808764942711914816391035148169459925684356495405891,Will Parti vert du Québec win the most seats in the 2026 Quebec general election?,0.05,0.3,false,"PVQ is a lower-tier party with no recent polling breakthroughs. Base rates suggest PQ and PLQ are main contenders. Vote share and seat outcomes can diverge, but PVQ's path to most seats is unlikely.","[""Recent polling may have changed since April 2026"", ""Regional concentration effects"", ""Coalition feasibility"", ""Incumbent-party infrastructure impact"", ""Candidate entry/exit decisions""]",PQ and PLQ are main contenders; CAQ remains relevant but polling weakness lowers probability. PCQ/QS/PVQ are lower unless new polling shows breakthrough.,"[""evidence/shared/global_satellite_context.md"", ""evidence/parents/quebec-general-election-winner-2026.md"", ""evidence/parents/quebec-general-election-winner.md"", ""evidence/markets/RSO-0186.md""]",671f2d1024696c95,"{""fair_value"":0.05,""confidence"":0.3,""should_abstain"":false,""rationale_short"":""PVQ is a lower-tier party with no recent polling breakthroughs. Base rates suggest PQ and PLQ are main contenders. Vote share and seat outcomes can diverge, but PVQ's path to most seats is unlikely."",""key_uncertainties"":[""Recent polling may have changed since April 2026"",""Regional concentration effects"",""Coalition feasibility"",""Incumbent-party infrastructure impact"",""Candidate entry/exit decisions""],""base_rate_notes"":""PQ and PLQ are main contenders; CAQ remains relevant but polling weakness lowers probability. PCQ/QS/PVQ are lower unless new polling shows breakthrough.""}",OK,,0.275,mid,,true
20260626T160140Z:RSO-0195,20260626T160140Z,2026-06-26T16:01:40Z,fair_value_v0.1,ollama,qwen3:8b,RSO-0195,Vancouver Mayoral Election Winner,Vancouver Mayoral Election Winner — Kareem Allam,Kareem Allam,Canada,global_satellite,municipal,vancouver_mayor_2026,1822538,0x574baadddd5ff73355480351a6b067f762d4ad18ffdd619aa99253820b691845,will-kareem-allam-win-the-2026-vancouver-mayoral-election,https://polymarket.com/event/will-kareem-allam-win-the-2026-vancouver-mayoral-election,26257276801096346957332519016128429811617766878511321705942973043558702764580,Will Kareem Allam win the 2026 Vancouver mayoral election?,0.12,0.4,false,"Kareem Allam has a new political vehicle and prior proximity to Sim, but fragmented field and sparse polling suggest low probability.","[""Sparse and volatile municipal polling"", ""Fragmented candidate field"", ""Uncertain coalition dynamics"", ""Local issues dominance over national ideology"", ""Unresolved candidate entry/exit decisions""]","Incumbent Ken Sim has a base, but fragmentation and party-brand shifts create volatility. Allam matters due to prior proximity and new vehicle.","[""evidence/shared/global_satellite_context.md"", ""evidence/shared/municipal.md"", ""evidence/parents/vancouver-mayor-2026.md"", ""evidence/parents/vancouver-mayoral-election-winner.md"", ""evidence/markets/RSO-0195.md""]",881c88793a03c199,"{""fair_value"":0.12,""confidence"":0.4,""should_abstain"":false,""rationale_short"":""Kareem Allam has a new political vehicle and prior proximity to Sim, but fragmented field and sparse polling suggest low probability."",""key_uncertainties"":[""Sparse and volatile municipal polling"",""Fragmented candidate field"",""Uncertain coalition dynamics"",""Local issues dominance over national ideology"",""Unresolved candidate entry/exit decisions""],""base_rate_notes"":""Incumbent Ken Sim has a base, but fragmentation and party-brand shifts create volatility. Allam matters due to prior proximity and new vehicle.""}",OK,,0.0045,mid,,true
20260626T160140Z:RSO-0196,20260626T160140Z,2026-06-26T16:01:40Z,fair_value_v0.1,ollama,qwen3:8b,RSO-0196,Vancouver Mayoral Election Winner,Vancouver Mayoral Election Winner — Ken Sim,Ken Sim,Canada,global_satellite,municipal,vancouver_mayor_2026,1822537,0x010f3f24ab463669b4d3dee775864db64b2441f8fa7a34725765ff0d7c667ec8,will-ken-sim-win-the-2026-vancouver-mayoral-election,https://polymarket.com/event/will-ken-sim-win-the-2026-vancouver-mayoral-election,55421587332814534239358077591902196885687853452852663013735389584714403285544,Will Ken Sim win the 2026 Vancouver mayoral election?,0.35,0.6,false,Ken Sim has incumbency advantage but faces fragmentation and competition from Allam and Greens/TEAM. Polling is sparse and volatile.,"[""Polling volatility"", ""Candidate entry/exit dynamics"", ""Party-brand shifts"", ""Local coalition feasibility"", ""Incumbent base erosion""]",Incumbency provides base but fragmentation and party shifts create volatility.,"[""evidence/shared/global_satellite_context.md"", ""evidence/shared/municipal.md"", ""evidence/parents/vancouver-mayor-2026.md"", ""evidence/parents/vancouver-mayoral-election-winner.md"", ""evidence/markets/RSO-0196.md""]",a5cc9d45442123f8,"{""fair_value"":0.35,""confidence"":0.6,""should_abstain"":false,""rationale_short"":""Ken Sim has incumbency advantage but faces fragmentation and competition from Allam and Greens/TEAM. Polling is sparse and volatile."",""key_uncertainties"":[""Polling volatility"",""Candidate entry/exit dynamics"",""Party-brand shifts"",""Local coalition feasibility"",""Incumbent base erosion""],""base_rate_notes"":""Incumbency provides base but fragmentation and party shifts create volatility.""}",OK,,0.31,mid,,true
20260626T160140Z:RSO-0197,20260626T160140Z,2026-06-26T16:01:40Z,fair_value_v0.1,ollama,qwen3:8b,RSO-0197,Vancouver Mayoral Election Winner,Vancouver Mayoral Election Winner — Pete Fry,Pete Fry,Canada,global_satellite,municipal,vancouver_mayor_2026,1822542,0x1d4d4b7b17f1649e5a902a91992476263b1be640df547540cf2954bd00df4df8,will-pete-fry-win-the-2026-vancouver-mayoral-election,https://polymarket.com/event/will-pete-fry-win-the-2026-vancouver-mayoral-election,90282073970311127511205771444554273792281500981661699146096274090779625493121,Will Pete Fry win the 2026 Vancouver mayoral election?,0.05,0.3,false,"Pete Fry is a Green-aligned candidate with a recognizable local lane, but municipal polling is sparse and unstable. Base rates suggest low probability due to incumbent Ken Sim's base and fragmented field.","[""Sparse and volatile polling"", ""Fragmented candidate field"", ""Incumbent's base vs. fragmentation"", ""Local coalition dynamics"", ""Unresolved candidate entry/exit decisions""]","Incumbency gives Ken Sim a real base, but fragmentation and party-brand shifts create volatility. Pete Fry/Greens have a local lane, but municipal polling is sparse and unstable.","[""evidence/shared/global_satellite_context.md"", ""evidence/shared/municipal.md"", ""evidence/parents/vancouver-mayor-2026.md"", ""evidence/parents/vancouver-mayoral-election-winner.md"", ""evidence/markets/RSO-0197.md""]",6557617df0ae0bc7,"{""fair_value"":0.05,""confidence"":0.3,""should_abstain"":false,""rationale_short"":""Pete Fry is a Green-aligned candidate with a recognizable local lane, but municipal polling is sparse and unstable. Base rates suggest low probability due to incumbent Ken Sim's base and fragmented field."",""key_uncertainties"":[""Sparse and volatile polling"",""Fragmented candidate field"",""Incumbent's base vs. fragmentation"",""Local coalition dynamics"",""Unresolved candidate entry/exit decisions""],""base_rate_notes"":""Incumbency gives Ken Sim a real base, but fragmentation and party-brand shifts create volatility. Pete Fry/Greens have a local lane, but municipal polling is sparse and unstable.""}",OK,,0.017,mid,,true
20260626T160140Z:RSO-0198,20260626T160140Z,2026-06-26T16:01:40Z,fair_value_v0.1,ollama,qwen3:8b,RSO-0198,Vancouver Mayoral Election Winner,Vancouver Mayoral Election Winner — William Azaroff,William Azaroff,Canada,global_satellite,municipal,vancouver_mayor_2026,1822543,0xe3a2415eb9cd17f05d6b26a4a4ee6e2b17c6dbf60b99c0ad2ca79a6a1e9c4a03,will-william-azaroff-win-the-2026-vancouver-mayoral-election,https://polymarket.com/event/will-william-azaroff-win-the-2026-vancouver-mayoral-election,59726996494827119492375424935770676929797925414434705899404676444699590377932,Will William Azaroff win the 2026 Vancouver mayoral election?,0.05,0.3,false,William Azaroff is a long-shot candidate in a fragmented field with no strong polling support.,"[""Sparse and volatile municipal polling"", ""Fragmented candidate field"", ""No recent polling data"", ""Local issues and name recognition matter"", ""Unresolved candidate entry/exit decisions""]","Incumbent Ken Sim has a base, but fragmentation and party-brand shifts create volatility. William Azaroff is an unsupported long-shot candidate.","[""evidence/shared/global_satellite_context.md"", ""evidence/shared/municipal.md"", ""evidence/parents/vancouver-mayor-2026.md"", ""evidence/parents/vancouver-mayoral-election-winner.md"", ""evidence/markets/RSO-0198.md""]",0ea27f2e397afb5c,"{""fair_value"":0.05,""confidence"":0.3,""should_abstain"":false,""rationale_short"":""William Azaroff is a long-shot candidate in a fragmented field with no strong polling support."",""key_uncertainties"":[""Sparse and volatile municipal polling"",""Fragmented candidate field"",""No recent polling data"",""Local issues and name recognition matter"",""Unresolved candidate entry/exit decisions""],""base_rate_notes"":""Incumbent Ken Sim has a base, but fragmentation and party-brand shifts create volatility. William Azaroff is an unsupported long-shot candidate.""}",OK,,0.016,mid,,true
20260626T160140Z:RSO-0199,20260626T160140Z,2026-06-26T16:01:40Z,fair_value_v0.1,ollama,qwen3:8b,RSO-0199,Vancouver Mayoral Election Winner,Vancouver Mayoral Election Winner — Colleen Hardwick,Colleen Hardwick,Canada,global_satellite,municipal,vancouver_mayor_2026,1822545,0x668ccbcc382ed1e8771012e84ab96cd313a7fc9d1896839257bfee5478dacc22,will-colleen-hardwick-win-the-2026-vancouver-mayoral-election,https://polymarket.com/event/will-colleen-hardwick-win-the-2026-vancouver-mayoral-election,89769310711474760533294537071154855786894917447221789743554779027918597781074,Will Colleen Hardwick win the 2026 Vancouver mayoral election?,0.12,0.4,false,Colleen Hardwick is a long-shot candidate with limited polling data and fragmented support. Her TEAM party has local relevance but lacks broad appeal.,"[""Sparse and volatile municipal polling"", ""Fragmented candidate field"", ""Uncertain coalition dynamics"", ""Local issues dominance over national trends"", ""Unresolved candidate entry/exit risks""]","Incumbent Ken Sim has a base, but fragmentation and party shifts create volatility. Hardwick's TEAM has local lanes but lacks broad appeal.","[""evidence/shared/global_satellite_context.md"", ""evidence/shared/municipal.md"", ""evidence/parents/vancouver-mayor-2026.md"", ""evidence/parents/vancouver-mayoral-election-winner.md"", ""evidence/markets/RSO-0199.md""]",2cc14f70cc3d357a,"{""fair_value"":0.12,""confidence"":0.4,""should_abstain"":false,""rationale_short"":""Colleen Hardwick is a long-shot candidate with limited polling data and fragmented support. Her TEAM party has local relevance but lacks broad appeal."",""key_uncertainties"":[""Sparse and volatile municipal polling"",""Fragmented candidate field"",""Uncertain coalition dynamics"",""Local issues dominance over national trends"",""Unresolved candidate entry/exit risks""],""base_rate_notes"":""Incumbent Ken Sim has a base, but fragmentation and party shifts create volatility. Hardwick's TEAM has local lanes but lacks broad appeal.""}",OK,,0.625,mid,,true
20260626T160140Z:RSO-0200,20260626T160140Z,2026-06-26T16:01:40Z,fair_value_v0.1,ollama,qwen3:8b,RSO-0200,Vancouver Mayoral Election Winner,Vancouver Mayoral Election Winner — John Coupar,John Coupar,Canada,global_satellite,municipal,vancouver_mayor_2026,1822539,0x495d7107985ea26bd6b84c32701b3d071f2fe56235a51b8c707cfeef3112ace6,will-john-coupar-win-the-2026-vancouver-mayoral-election,https://polymarket.com/event/will-john-coupar-win-the-2026-vancouver-mayoral-election,91011732195192715119336195106293107937750786695864847014700597796293873409000,Will John Coupar win the 2026 Vancouver mayoral election?,0.02,0.3,false,"John Coupar is an obscure candidate with no notable political track record or party support in Vancouver. The field includes established figures like Ken Sim and Kareem Allam, with fragmented polling and no clear path for Coupar.","[""No recent polling on Coupar"", ""No party affiliation or support"", ""Fragmented candidate field"", ""Local issues dominance"", ""Unresolved candidate entry/exit risks""]","Incumbent Ken Sim has a base, but fragmentation and party shifts create volatility. Coupar is a long-tail candidate with no established local presence.","[""evidence/shared/global_satellite_context.md"", ""evidence/shared/municipal.md"", ""evidence/parents/vancouver-mayor-2026.md"", ""evidence/parents/vancouver-mayoral-election-winner.md"", ""evidence/markets/RSO-0200.md""]",b8fcef2a29ec8fe4,"{""fair_value"":0.02,""confidence"":0.3,""should_abstain"":false,""rationale_short"":""John Coupar is an obscure candidate with no notable political track record or party support in Vancouver. The field includes established figures like Ken Sim and Kareem Allam, with fragmented polling and no clear path for Coupar."",""key_uncertainties"":[""No recent polling on Coupar"",""No party affiliation or support"",""Fragmented candidate field"",""Local issues dominance"",""Unresolved candidate entry/exit risks""],""base_rate_notes"":""Incumbent Ken Sim has a base, but fragmentation and party shifts create volatility. Coupar is a long-tail candidate with no established local presence.""}",OK,,0.125,mid,,true
20260626T160140Z:RSO-0201,20260626T160140Z,2026-06-26T16:01:40Z,fair_value_v0.1,ollama,qwen3:8b,RSO-0201,Vancouver Mayoral Election Winner,Vancouver Mayoral Election Winner — Rebecca Bligh,Rebecca Bligh,Canada,global_satellite,municipal,vancouver_mayor_2026,1822541,0xcb3a9ca91633c58ea4886b82edb537de4c7626197878e9768272a8bdeafd73bd,will-rebecca-bligh-win-the-2026-vancouver-mayoral-election,https://polymarket.com/event/will-rebecca-bligh-win-the-2026-vancouver-mayoral-election,14579945643291992769462285990958948598366227043675702054810459943164919524702,Will Rebecca Bligh win the 2026 Vancouver mayoral election?,0.05,0.3,false,Rebecca Bligh is a long-shot candidate in a fragmented field with no strong polling support.,"[""Sparse and volatile municipal polling"", ""Competitive field with multiple viable candidates"", ""Lack of recent polling data on Bligh"", ""Potential for unexpected coalition shifts"", ""Incumbent's base vs. fragmentation dynamics""]","Incumbent Ken Sim has a base, but fragmentation and party-brand shifts create volatility. Bligh is a less prominent candidate with no clear local lane.","[""evidence/shared/global_satellite_context.md"", ""evidence/shared/municipal.md"", ""evidence/parents/vancouver-mayor-2026.md"", ""evidence/parents/vancouver-mayoral-election-winner.md"", ""evidence/markets/RSO-0201.md""]",535a97e4d7e59a1e,"{""fair_value"":0.05,""confidence"":0.3,""should_abstain"":false,""rationale_short"":""Rebecca Bligh is a long-shot candidate in a fragmented field with no strong polling support."",""key_uncertainties"":[""Sparse and volatile municipal polling"",""Competitive field with multiple viable candidates"",""Lack of recent polling data on Bligh"",""Potential for unexpected coalition shifts"",""Incumbent's base vs. fragmentation dynamics""],""base_rate_notes"":""Incumbent Ken Sim has a base, but fragmentation and party-brand shifts create volatility. Bligh is a less prominent candidate with no clear local lane.""}",OK,,0.004,mid,,true
20260626T160140Z:RSO-0202,20260626T160140Z,2026-06-26T16:01:40Z,fair_value_v0.1,ollama,qwen3:8b,RSO-0202,Vancouver Mayoral Election Winner,Vancouver Mayoral Election Winner — Sean Orr,Sean Orr,Canada,global_satellite,municipal,vancouver_mayor_2026,1822544,0x2dd43d4fa975429df4e05c74fbf4138bbe7698f5de150534904f149704b74bef,will-sean-orr-win-the-2026-vancouver-mayoral-election,https://polymarket.com/event/will-sean-orr-win-the-2026-vancouver-mayoral-election,55250911016773637907503451689730410882595282732598649757892146244267780207014,Will Sean Orr win the 2026 Vancouver mayoral election?,0.02,0.3,false,Sean Orr is an obscure candidate with no notable political track record or party support in Vancouver's competitive mayoral race.,"[""Limited polling data"", ""No major endorsements"", ""Unproven local recognition"", ""Fragmented field dynamics"", ""Potential candidate exit/entry changes""]","Incumbent Ken Sim has a base, but fragmentation and party shifts create volatility. Sean Orr is a long-tail candidate with no established local presence.","[""evidence/shared/global_satellite_context.md"", ""evidence/shared/municipal.md"", ""evidence/parents/vancouver-mayor-2026.md"", ""evidence/parents/vancouver-mayoral-election-winner.md"", ""evidence/markets/RSO-0202.md""]",dce046fd37725942,"{""fair_value"":0.02,""confidence"":0.3,""should_abstain"":false,""rationale_short"":""Sean Orr is an obscure candidate with no notable political track record or party support in Vancouver's competitive mayoral race."",""key_uncertainties"":[""Limited polling data"",""No major endorsements"",""Unproven local recognition"",""Fragmented field dynamics"",""Potential candidate exit/entry changes""],""base_rate_notes"":""Incumbent Ken Sim has a base, but fragmentation and party shifts create volatility. Sean Orr is a long-tail candidate with no established local presence.""}",OK,,0.0015,mid,,true
20260626T160140Z:RSO-0203,20260626T160140Z,2026-06-26T16:01:40Z,fair_value_v0.1,ollama,qwen3:8b,RSO-0203,Vancouver Mayoral Election Winner,Vancouver Mayoral Election Winner — Amanda Burrows,Amanda Burrows,Canada,global_satellite,municipal,vancouver_mayor_2026,1822547,0x2cdf238bcbdf2a11f0ea507ec464f4683e242e8eea089ff7e5f712dc25275113,will-amanda-burrows-win-the-2026-vancouver-mayoral-election,https://polymarket.com/event/will-amanda-burrows-win-the-2026-vancouver-mayoral-election,34427843948073824399247957635699582356193274913723486055708035745739439032182,Will Amanda Burrows win the 2026 Vancouver mayoral election?,0.02,0.3,false,Amanda Burrows is a long-shot candidate in a fragmented field with no major endorsements or polling support.,"[""Sparse polling data"", ""No major party backing"", ""Competitive field dynamics"", ""Local issue focus"", ""Candidate recognition levels""]","Incumbent Ken Sim has a base, but fragmentation and party shifts create volatility. Burrows is an obscure candidate with no clear local lane.","[""evidence/shared/global_satellite_context.md"", ""evidence/shared/municipal.md"", ""evidence/parents/vancouver-mayor-2026.md"", ""evidence/parents/vancouver-mayoral-election-winner.md"", ""evidence/markets/RSO-0203.md""]",c04f157a261bccf5,"{""fair_value"":0.02,""confidence"":0.3,""should_abstain"":false,""rationale_short"":""Amanda Burrows is a long-shot candidate in a fragmented field with no major endorsements or polling support."",""key_uncertainties"":[""Sparse polling data"",""No major party backing"",""Competitive field dynamics"",""Local issue focus"",""Candidate recognition levels""],""base_rate_notes"":""Incumbent Ken Sim has a base, but fragmentation and party shifts create volatility. Burrows is an obscure candidate with no clear local lane.""}",OK,,0.0015,mid,,true
20260626T160140Z:RSO-0204,20260626T160140Z,2026-06-26T16:01:40Z,fair_value_v0.1,ollama,qwen3:8b,RSO-0204,Vancouver Mayoral Election Winner,Vancouver Mayoral Election Winner — Tim Louis,Tim Louis,Canada,global_satellite,municipal,vancouver_mayor_2026,1822546,0xccead3d44a9e1ce50807511acd1e1901e83a1169914c5e4627c002984e62f0fb,will-tim-louis-win-the-2026-vancouver-mayoral-election,https://polymarket.com/event/will-tim-louis-win-the-2026-vancouver-mayoral-election,3747902034763719249673945486466805023089364001928628204808740895456003637583,Will Tim Louis win the 2026 Vancouver mayoral election?,0.02,0.3,false,Tim Louis is an obscure candidate with no notable political track record or party support in Vancouver's competitive mayoral race.,"[""Sparse polling data"", ""Unproven candidate appeal"", ""Party alignment ambiguity"", ""Incumbent momentum"", ""Fragmented field dynamics""]","Incumbent Ken Sim has a base, but fragmentation and party-brand shifts create volatility. Tim Louis lacks recognized local lanes or major endorsements.","[""evidence/shared/global_satellite_context.md"", ""evidence/shared/municipal.md"", ""evidence/parents/vancouver-mayor-2026.md"", ""evidence/parents/vancouver-mayoral-election-winner.md"", ""evidence/markets/RSO-0204.md""]",e4523cde527107c6,"{""fair_value"":0.02,""confidence"":0.3,""should_abstain"":false,""rationale_short"":""Tim Louis is an obscure candidate with no notable political track record or party support in Vancouver's competitive mayoral race."",""key_uncertainties"":[""Sparse polling data"",""Unproven candidate appeal"",""Party alignment ambiguity"",""Incumbent momentum"",""Fragmented field dynamics""],""base_rate_notes"":""Incumbent Ken Sim has a base, but fragmentation and party-brand shifts create volatility. Tim Louis lacks recognized local lanes or major endorsements.""}",OK,,0.0045,mid,,true
20260626T160140Z:RSO-0205,20260626T160140Z,2026-06-26T16:01:40Z,fair_value_v0.1,ollama,qwen3:8b,RSO-0205,Vancouver Mayoral Election Winner,Vancouver Mayoral Election Winner — Fred Harding,Fred Harding,Canada,global_satellite,municipal,vancouver_mayor_2026,1822548,0xca2016ab394faf01886965daa30156aa7df052b32adbfc9f00a46a06d8ed8caf,will-fred-harding-win-the-2026-vancouver-mayoral-election,https://polymarket.com/event/will-fred-harding-win-the-2026-vancouver-mayoral-election,42950286760308725122858983675245601299740225552122691924119275382764901291368,Will Fred Harding win the 2026 Vancouver mayoral election?,0.02,0.3,false,"Fred Harding is an obscure candidate with no notable political track record or party support. The field includes established figures like Ken Sim and Kareem Allam, with fragmented polling and no clear path for Harding.","[""Candidate visibility"", ""Party support"", ""Polling accuracy"", ""Competitive landscape"", ""Election system specifics""]","Incumbency and established candidates provide a base, but fragmentation and sparse polling suggest lower probability for less-known candidates.","[""evidence/shared/global_satellite_context.md"", ""evidence/shared/municipal.md"", ""evidence/parents/vancouver-mayor-2026.md"", ""evidence/parents/vancouver-mayoral-election-winner.md"", ""evidence/markets/RSO-0205.md""]",2cb6e7a5ee464884,"{""fair_value"":0.02,""confidence"":0.3,""should_abstain"":false,""rationale_short"":""Fred Harding is an obscure candidate with no notable political track record or party support. The field includes established figures like Ken Sim and Kareem Allam, with fragmented polling and no clear path for Harding."",""key_uncertainties"":[""Candidate visibility"",""Party support"",""Polling accuracy"",""Competitive landscape"",""Election system specifics""],""base_rate_notes"":""Incumbency and established candidates provide a base, but fragmentation and sparse polling suggest lower probability for less-known candidates.""}",OK,,0.0015,mid,,true
20260626T160140Z:RSO-0206,20260626T160140Z,2026-06-26T16:01:40Z,fair_value_v0.1,ollama,qwen3:8b,RSO-0206,Vancouver Mayoral Election Winner,Vancouver Mayoral Election Winner — Kirk LaPointe,Kirk LaPointe,Canada,global_satellite,municipal,vancouver_mayor_2026,1822540,0xf42fdaf0069af7f49b1b2dcd8160ad73034c8704ef988c44dfe964f2f719facc,will-kirk-lapointe-win-the-2026-vancouver-mayoral-election,https://polymarket.com/event/will-kirk-lapointe-win-the-2026-vancouver-mayoral-election,98828070679515257701157390784579387385530822324881009700391159202814891015617,Will Kirk LaPointe win the 2026 Vancouver mayoral election?,0.02,0.3,false,Kirk LaPointe is a long-shot candidate with no significant polling or party support mentioned in evidence.,"[""Sparse polling data"", ""No recent endorsements"", ""Unresolved candidate entry/exit dynamics"", ""Local name recognition"", ""Fragmented field""]","Incumbent Ken Sim has a base, but fragmentation and party shifts create volatility. Long-shot candidates like LaPointe are low probability unless parent evidence indicates a path.","[""evidence/shared/global_satellite_context.md"", ""evidence/shared/municipal.md"", ""evidence/parents/vancouver-mayor-2026.md"", ""evidence/parents/vancouver-mayoral-election-winner.md"", ""evidence/markets/RSO-0206.md""]",997babcd1e5ec5c7,"{""fair_value"":0.02,""confidence"":0.3,""should_abstain"":false,""rationale_short"":""Kirk LaPointe is a long-shot candidate with no significant polling or party support mentioned in evidence."",""key_uncertainties"":[""Sparse polling data"",""No recent endorsements"",""Unresolved candidate entry/exit dynamics"",""Local name recognition"",""Fragmented field""],""base_rate_notes"":""Incumbent Ken Sim has a base, but fragmentation and party shifts create volatility. Long-shot candidates like LaPointe are low probability unless parent evidence indicates a path.""}",OK,,0.0025,mid,,true
20260626T160140Z:RSO-0207,20260626T160140Z,2026-06-26T16:01:40Z,fair_value_v0.1,ollama,qwen3:8b,RSO-0207,Next Prime Minister of Israel after next election,Next Prime Minister of Israel after next election — Gadi Eizenkot,Gadi Eizenkot,Israel,global_satellite,parliamentary_coalition,israel_next_pm_2026,682708,0xdbe93b5a701f36076a560fa4b9ba59e365a6e8e2ea6a83764640010657277ca4,will-gadi-eizenkot-be-the-next-prime-minister-of-israel,https://polymarket.com/event/will-gadi-eizenkot-be-the-next-prime-minister-of-israel,52487256270918227930942830546248720603566203568229607048093730748840489555808,Will Gadi Eizenkot be the next Prime Minister of Israel?,0.15,0.6,false,"Eisenkot's Yashar party has 20-22 seats, but coalition formation is complex. Netanyahu remains a key force. His hawkish profile may help, but uncertainty around coalition dynamics and potential shifts reduce probability.","[""Coalition feasibility"", ""Netanyahu's resilience"", ""Yashar's coalition potential"", ""Other leaders' influence"", ""Polling accuracy""]","In parliamentary systems, most seats don't guarantee PM status. Base rate for non-incumbent PMs in Israel is around 0.2-0.3.","[""evidence/shared/global_satellite_context.md"", ""evidence/parents/israel-next-pm-2026.md"", ""evidence/parents/next-prime-minister-of-israel-after-next-election.md"", ""evidence/markets/RSO-0207.md""]",caac345a754479fa,"{""fair_value"":0.15,""confidence"":0.6,""should_abstain"":false,""rationale_short"":""Eisenkot's Yashar party has 20-22 seats, but coalition formation is complex. Netanyahu remains a key force. His hawkish profile may help, but uncertainty around coalition dynamics and potential shifts reduce probability."",""key_uncertainties"":[""Coalition feasibility"",""Netanyahu's resilience"",""Yashar's coalition potential"",""Other leaders' influence"",""Polling accuracy""],""base_rate_notes"":""In parliamentary systems, most seats don't guarantee PM status. Base rate for non-incumbent PMs in Israel is around 0.2-0.3.""}",OK,,0.005,mid,,true
20260626T160140Z:RSO-0208,20260626T160140Z,2026-06-26T16:01:40Z,fair_value_v0.1,ollama,qwen3:8b,RSO-0208,Next Prime Minister of Israel after next election,Next Prime Minister of Israel after next election — Benjamin Netanyahu,Benjamin Netanyahu,Israel,global_satellite,parliamentary_coalition,israel_next_pm_2026,682705,0x7586a96520578acaaaa4ea84a2582f197f84255da1f3392a7aa300386c187b37,will-benjamin-netanyahu-be-the-next-prime-minister-of-israel,https://polymarket.com/event/will-benjamin-netanyahu-be-the-next-prime-minister-of-israel,20006732765674855733524007935991362439352594042415161039767275461950712817548,Will Benjamin Netanyahu be the next Prime Minister of Israel?,0.45,0.65,false,"Netanyahu remains a key force with coalition potential, but Gadi Eisenkot's rising Yashar party poses significant competition. Outcome depends on complex coalition dynamics.","[""Coalition formation complexity"", ""Eisenkot's seat count accuracy"", ""Netanyahu's coalition viability"", ""Opposition party strategies"", ""Election date changes""]","Base rate considers Netanyahu's historical dominance and current coalition feasibility, adjusted for Eisenkot's emerging challenge.","[""evidence/shared/global_satellite_context.md"", ""evidence/parents/israel-next-pm-2026.md"", ""evidence/parents/next-prime-minister-of-israel-after-next-election.md"", ""evidence/markets/RSO-0208.md""]",56f5bea83afd2750,"{""fair_value"":0.45,""confidence"":0.65,""should_abstain"":false,""rationale_short"":""Netanyahu remains a key force with coalition potential, but Gadi Eisenkot's rising Yashar party poses significant competition. Outcome depends on complex coalition dynamics."",""key_uncertainties"":[""Coalition formation complexity"",""Eisenkot's seat count accuracy"",""Netanyahu's coalition viability"",""Opposition party strategies"",""Election date changes""],""base_rate_notes"":""Base rate considers Netanyahu's historical dominance and current coalition feasibility, adjusted for Eisenkot's emerging challenge.""}",OK,,0.0035,mid,,true
20260626T160140Z:RSO-0209,20260626T160140Z,2026-06-26T16:01:40Z,fair_value_v0.1,ollama,qwen3:8b,RSO-0209,Next Prime Minister of Israel after next election,Next Prime Minister of Israel after next election — Naftali Bennett,Naftali Bennett,Israel,global_satellite,parliamentary_coalition,israel_next_pm_2026,682706,0x9ed0ecc8b8589e67967d44c4420944a41b6a6806419019a1581d514174eee9b1,will-naftali-bennett-be-the-next-prime-minister-of-israel,https://polymarket.com/event/will-naftali-bennett-be-the-next-prime-minister-of-israel,58945936829392654397399777214757608864525173988558750256164021442231118224154,Will Naftali Bennett be the next Prime Minister of Israel?,0.15,0.6,false,Bennett faces competition from Eisenkot and Netanyahu. Coalition dynamics and his current poll numbers suggest moderate chances.,"[""Coalition formation complexity"", ""Netanyahu's resilience"", ""Eisenkot's rise"", ""Bennett's current poll numbers"", ""Small party influence""]","Base rate considers parliamentary systems where coalition formation is key, and Bennett's historical role as an opposition leader.","[""evidence/shared/global_satellite_context.md"", ""evidence/parents/israel-next-pm-2026.md"", ""evidence/parents/next-prime-minister-of-israel-after-next-election.md"", ""evidence/markets/RSO-0209.md""]",e6afaeac7305202b,"{""fair_value"":0.15,""confidence"":0.6,""should_abstain"":false,""rationale_short"":""Bennett faces competition from Eisenkot and Netanyahu. Coalition dynamics and his current poll numbers suggest moderate chances."",""key_uncertainties"":[""Coalition formation complexity"",""Netanyahu's resilience"",""Eisenkot's rise"",""Bennett's current poll numbers"",""Small party influence""],""base_rate_notes"":""Base rate considers parliamentary systems where coalition formation is key, and Bennett's historical role as an opposition leader.""}",OK,,0.007,mid,,true
20260626T160140Z:RSO-0210,20260626T160140Z,2026-06-26T16:01:40Z,fair_value_v0.1,ollama,qwen3:8b,RSO-0210,Next Prime Minister of Israel after next election,Next Prime Minister of Israel after next election — Avigdor Lieberman,Avigdor Lieberman,Israel,global_satellite,parliamentary_coalition,israel_next_pm_2026,682710,0xadffc96f54f350b3655f72fe2853c81bfd705e9703f62469e6a14782ad5d4ec0,will-avigdor-lieberman-be-the-next-prime-minister-of-israel,https://polymarket.com/event/will-avigdor-lieberman-be-the-next-prime-minister-of-israel,105057524965982907913786325697426001538810836564004836999292309706852745390829,Will Avigdor Lieberman be the next Prime Minister of Israel?,0.05,0.4,false,"Lieberman's party (Shas) is unlikely to secure enough seats for coalition leadership, with current polling showing limited support. His viability depends on complex coalition dynamics which are uncertain.","[""Shas seat count"", ""Coalition feasibility"", ""Netanyahu's resilience"", ""Eisenkot's coalition potential"", ""Timing of election""]","In parliamentary systems, PM probability depends on coalition formation, not just party seats. Lieberman's party has limited recent polling support.","[""evidence/shared/global_satellite_context.md"", ""evidence/parents/israel-next-pm-2026.md"", ""evidence/parents/next-prime-minister-of-israel-after-next-election.md"", ""evidence/markets/RSO-0210.md""]",1b3bb439e7652e4c,"{""fair_value"":0.05,""confidence"":0.4,""should_abstain"":false,""rationale_short"":""Lieberman's party (Shas) is unlikely to secure enough seats for coalition leadership, with current polling showing limited support. His viability depends on complex coalition dynamics which are uncertain."",""key_uncertainties"":[""Shas seat count"",""Coalition feasibility"",""Netanyahu's resilience"",""Eisenkot's coalition potential"",""Timing of election""],""base_rate_notes"":""In parliamentary systems, PM probability depends on coalition formation, not just party seats. Lieberman's party has limited recent polling support.""}",OK,,0.103,mid,,true
20260626T160140Z:RSO-0211,20260626T160140Z,2026-06-26T16:01:40Z,fair_value_v0.1,ollama,qwen3:8b,RSO-0211,Next Prime Minister of Israel after next election,Next Prime Minister of Israel after next election — Itamar Ben Gvir,Itamar Ben Gvir,Israel,global_satellite,parliamentary_coalition,israel_next_pm_2026,682713,0x4bf44e9885ee8f43148458d5c9537d96c940cf48414557528358d65870131517,will-itamar-ben-gvir-be-the-next-prime-minister-of-israel,https://polymarket.com/event/will-itamar-ben-gvir-be-the-next-prime-minister-of-israel,97037271592384590668192904767730391938961253014413658633971882704234126806284,Will Itamar Ben Gvir be the next Prime Minister of Israel?,0.05,0.3,false,"Ben Gvir's party (Ra'am) is not a major force in current polling, and coalition dynamics favor other candidates like Eisenkot or Netanyahu. His path to PM requires unlikely coalition shifts.","[""Ra'am's seat count"", ""Coalition feasibility"", ""Netanyahu's resilience"", ""Eisenkot's coalition potential"", ""Polling accuracy""]","In parliamentary systems, PM probability depends on coalition formation, not just party strength. Current evidence suggests Ben Gvir is a long-shot.","[""evidence/shared/global_satellite_context.md"", ""evidence/parents/israel-next-pm-2026.md"", ""evidence/parents/next-prime-minister-of-israel-after-next-election.md"", ""evidence/markets/RSO-0211.md""]",61b8e1a70d6d37d3,"{""fair_value"":0.05,""confidence"":0.3,""should_abstain"":false,""rationale_short"":""Ben Gvir's party (Ra'am) is not a major force in current polling, and coalition dynamics favor other candidates like Eisenkot or Netanyahu. His path to PM requires unlikely coalition shifts."",""key_uncertainties"":[""Ra'am's seat count"", ""Coalition feasibility"", ""Netanyahu's resilience"", ""Eisenkot's coalition potential"", ""Polling accuracy""],""base_rate_notes"":""In parliamentary systems, PM probability depends on coalition formation, not just party strength. Current evidence suggests Ben Gvir is a long-shot.""}",OK,,0.0065,mid,,true
20260626T160140Z:RSO-0212,20260626T160140Z,2026-06-26T16:01:40Z,fair_value_v0.1,ollama,qwen3:8b,RSO-0212,Next Prime Minister of Israel after next election,Next Prime Minister of Israel after next election — Benny Gantz,Benny Gantz,Israel,global_satellite,parliamentary_coalition,israel_next_pm_2026,682709,0xf773a12cc13214fc493ec398f96c4ea5ec87ea4ff3b29795041d5498e314ad1e,will-benny-gantz-be-the-next-prime-minister-of-israel,https://polymarket.com/event/will-benny-gantz-be-the-next-prime-minister-of-israel,105121209501718913679835702557350272753628810249278953188501220308690716470697,Will Benny Gantz be the next Prime Minister of Israel?,0.15,0.6,false,"Benny Gantz's coalition prospects are uncertain given current polling and political dynamics, but he remains a plausible alternative.","[""Coalition formation complexity"", ""Netanyahu's resilience"", ""Eisenkot's rising influence"", ""Small parties' role"", ""Unresolved candidate dynamics""]",Base rate considers historical Israeli PM transitions and current polling data indicating Gantz's potential but limited seat count.,"[""evidence/shared/global_satellite_context.md"", ""evidence/parents/israel-next-pm-2026.md"", ""evidence/parents/next-prime-minister-of-israel-after-next-election.md"", ""evidence/markets/RSO-0212.md""]",5fc98baf5ac8a571,"{""fair_value"":0.15,""confidence"":0.6,""should_abstain"":false,""rationale_short"":""Benny Gantz's coalition prospects are uncertain given current polling and political dynamics, but he remains a plausible alternative."",""key_uncertainties"":[""Coalition formation complexity"",""Netanyahu's resilience"",""Eisenkot's rising influence"",""Small parties' role"",""Unresolved candidate dynamics""],""base_rate_notes"":""Base rate considers historical Israeli PM transitions and current polling data indicating Gantz's potential but limited seat count.""}",OK,,0.185,mid,,true
20260626T160140Z:RSO-0213,20260626T160140Z,2026-06-26T16:01:40Z,fair_value_v0.1,ollama,qwen3:8b,RSO-0213,Next Prime Minister of Israel after next election,Next Prime Minister of Israel after next election — Gilad Erdan,Gilad Erdan,Israel,global_satellite,parliamentary_coalition,israel_next_pm_2026,682722,0xea653dbacdb5b0ba21c9b745f5fb463fe654b988129093ce471d3b3652650cba,will-gilad-erdan-be-the-next-prime-minister-of-israel,https://polymarket.com/event/will-gilad-erdan-be-the-next-prime-minister-of-israel,73391412196952346536768049629984781694862224381955045702486880678656173160147,Will Gilad Erdan be the next Prime Minister of Israel?,0.05,0.3,false,"Gilad Erdan's party (Yisrael Beiteinu) is not a major force in current polling, and coalition dynamics favor other candidates like Eisenkot or Netanyahu.","[""Yisrael Beiteinu's seat count"", ""Coalition feasibility for Erdan"", ""Eisenkot's coalition momentum"", ""Netanyahu's resilience"", ""Polling accuracy""]","In parliamentary systems, PM probability depends on coalition formation, not just party strength. Erdan is a long-tail candidate unless parent evidence indicates a realistic path.","[""evidence/shared/global_satellite_context.md"", ""evidence/parents/israel-next-pm-2026.md"", ""evidence/parents/next-prime-minister-of-israel-after-next-election.md"", ""evidence/markets/RSO-0213.md""]",cc66be710b6e3b4f,"{""fair_value"":0.05,""confidence"":0.3,""should_abstain"":false,""rationale_short"":""Gilad Erdan's party (Yisrael Beiteinu) is not a major force in current polling, and coalition dynamics favor other candidates like Eisenkot or Netanyahu."",""key_uncertainties"":[""Yisrael Beiteinu's seat count"",""Coalition feasibility for Erdan"",""Eisenkot's coalition momentum"",""Netanyahu's resilience"",""Polling accuracy""],""base_rate_notes"":""In parliamentary systems, PM probability depends on coalition formation, not just party strength. Erdan is a long-tail candidate unless parent evidence indicates a realistic path.""}",OK,,0.0035,mid,,true
20260626T160140Z:RSO-0214,20260626T160140Z,2026-06-26T16:01:40Z,fair_value_v0.1,ollama,qwen3:8b,RSO-0214,Next Prime Minister of Israel after next election,Next Prime Minister of Israel after next election — Yariv Levin,Yariv Levin,Israel,global_satellite,parliamentary_coalition,israel_next_pm_2026,682715,0x93d07ffcf5c243b98e655380eb876d4a3393351b7325059064cb5a4b1ff6ceb2,will-yariv-levin-be-the-next-prime-minister-of-israel,https://polymarket.com/event/will-yariv-levin-be-the-next-prime-minister-of-israel,28155793585619215559447305702051573036104753242134264350727089371549716604590,Will Yariv Levin be the next Prime Minister of Israel?,0.05,0.4,false,"Yariv Levin's party (Shas) is not a major force in current polling, and coalition dynamics favor other candidates like Netanyahu or Eisenkot.","[""Shas' seat count may increase"", ""Coalition feasibility for Levin"", ""Netanyahu's resilience"", ""Eisenkot's coalition potential"", ""Polling accuracy""]","In parliamentary systems, PM probability depends on coalition formation, not just party strength.","[""evidence/shared/global_satellite_context.md"", ""evidence/parents/israel-next-pm-2026.md"", ""evidence/parents/next-prime-minister-of-israel-after-next-election.md"", ""evidence/markets/RSO-0214.md""]",b81fda110a9864aa,"{""fair_value"":0.05,""confidence"":0.4,""should_abstain"":false,""rationale_short"":""Yariv Levin's party (Shas) is not a major force in current polling, and coalition dynamics favor other candidates like Netanyahu or Eisenkot."",""key_uncertainties"":[""Shas' seat count may increase"",""Coalition feasibility for Levin"",""Netanyahu's resilience"",""Eisenkot's coalition potential"",""Polling accuracy""],""base_rate_notes"":""In parliamentary systems, PM probability depends on coalition formation, not just party strength.""}",OK,,0.0015,mid,,true
20260626T160140Z:RSO-0215,20260626T160140Z,2026-06-26T16:01:40Z,fair_value_v0.1,ollama,qwen3:8b,RSO-0215,Next Prime Minister of Israel after next election,Next Prime Minister of Israel after next election — Israel Katz,Israel Katz,Israel,global_satellite,parliamentary_coalition,israel_next_pm_2026,682719,0xb25a93dc8c0f28dc404f7ee41cf6788a9de054418bd068740849b4a2995486e9,will-israel-katz-be-the-next-prime-minister-of-israel,https://polymarket.com/event/will-israel-katz-be-the-next-prime-minister-of-israel,49071939739791449726827416712265617396930502300780957239086018273026268436098,Will Israel Katz be the next Prime Minister of Israel?,0.05,0.3,false,"Israel Katz's chances are low given current evidence, but not impossible. Key uncertainties include coalition dynamics, potential new entrants, and shifting voter preferences.","[""Coalition formation complexity"", ""Potential new candidates"", ""Voter preference shifts"", ""Eisenkot's coalition momentum"", ""Netanyahu's resilience""]",Base rate considers historical Israeli PM elections and current polling indicating Katz is not a leading contender.,"[""evidence/shared/global_satellite_context.md"", ""evidence/parents/israel-next-pm-2026.md"", ""evidence/parents/next-prime-minister-of-israel-after-next-election.md"", ""evidence/markets/RSO-0215.md""]",5dd25780b464c840,"{""fair_value"":0.05,""confidence"":0.3,""should_abstain"":false,""rationale_short"":""Israel Katz's chances are low given current evidence, but not impossible. Key uncertainties include coalition dynamics, potential new entrants, and shifting voter preferences."",""key_uncertainties"":[""Coalition formation complexity"",""Potential new candidates"",""Voter preference shifts"",""Eisenkot's coalition momentum"",""Netanyahu's resilience""],""base_rate_notes"":""Base rate considers historical Israeli PM elections and current polling indicating Katz is not a leading contender.""}",OK,,0.335,mid,,true
20260626T160140Z:RSO-0216,20260626T160140Z,2026-06-26T16:01:40Z,fair_value_v0.1,ollama,qwen3:8b,RSO-0216,Next Prime Minister of Israel after next election,Next Prime Minister of Israel after next election — Amir Ohana,Amir Ohana,Israel,global_satellite,parliamentary_coalition,israel_next_pm_2026,682721,0x8cbdd0c4c6061c9e5c5a94d4a474c1880d0f2ab5ee4704a64af1e77c6d0e18d0,will-amir-ohana-be-the-next-prime-minister-of-israel,https://polymarket.com/event/will-amir-ohana-be-the-next-prime-minister-of-israel,37479008447091488432468168948590430208783407360102685992956858050228448972626,Will Amir Ohana be the next Prime Minister of Israel?,0.05,0.4,false,"Amir Ohana's party (Yesh Atid) is not a leading force in current polling, and coalition dynamics favor other candidates like Netanyahu or Eisenkot.","[""Yesh Atid's seat count could change"", ""Coalition feasibility for Ohana"", ""Netanyahu's resilience"", ""Eisenkot's coalition potential"", ""Polling accuracy""]","In parliamentary systems, PM probability depends on coalition formation, not just party strength.","[""evidence/shared/global_satellite_context.md"", ""evidence/parents/israel-next-pm-2026.md"", ""evidence/parents/next-prime-minister-of-israel-after-next-election.md"", ""evidence/markets/RSO-0216.md""]",d3f35dd395bf23e8,"{""fair_value"":0.05,""confidence"":0.4,""should_abstain"":false,""rationale_short"":""Amir Ohana's party (Yesh Atid) is not a leading force in current polling, and coalition dynamics favor other candidates like Netanyahu or Eisenkot."",""key_uncertainties"":[""Yesh Atid's seat count could change"",""Coalition feasibility for Ohana"",""Netanyahu's resilience"",""Eisenkot's coalition potential"",""Polling accuracy""],""base_rate_notes"":""In parliamentary systems, PM probability depends on coalition formation, not just party strength.""}",OK,,0.002,mid,,true
20260626T160140Z:RSO-0217,20260626T160140Z,2026-06-26T16:01:40Z,fair_value_v0.1,ollama,qwen3:8b,RSO-0217,Next Prime Minister of Israel after next election,Next Prime Minister of Israel after next election — Gideon Sa’ar,Gideon Sa’ar,Israel,global_satellite,parliamentary_coalition,israel_next_pm_2026,682714,0xfb2cb634e693b1758fc78b38b02754472edd728bd22eb4a7023c6f49419c73d6,will-gideon-saar-be-the-next-prime-minister-of-israel,https://polymarket.com/event/will-gideon-saar-be-the-next-prime-minister-of-israel,113523109301381527088718768250912137532200947193534063249121987336101159734964,Will Gideon Sa’ar be the next Prime Minister of Israel?,0.05,0.4,false,"Gideon Sa'ar is a long-shot candidate with no clear coalition pathway. Current evidence highlights Gadi Eisenkot's rising momentum and Netanyahu's resilience. Sa'ar's party (Yisrael Beiteinu) is not mentioned in recent polling, suggesting limited seat potential.","[""Yisrael Beiteinu's seat count"", ""Coalition feasibility for Sa'ar"", ""Sa'ar's personal popularity"", ""Eisenkot's coalition prospects"", ""Netanyahu's potential comeback""]","In parliamentary systems, most seats do not guarantee PM status. Sa'ar's party is not highlighted in recent polling, indicating low seat potential and thus low PM probability.","[""evidence/shared/global_satellite_context.md"", ""evidence/parents/israel-next-pm-2026.md"", ""evidence/parents/next-prime-minister-of-israel-after-next-election.md"", ""evidence/markets/RSO-0217.md""]",1296d2fa782f76ed,"{""fair_value"":0.05,""confidence"":0.4,""should_abstain"":false,""rationale_short"":""Gideon Sa'ar is a long-shot candidate with no clear coalition pathway. Current evidence highlights Gadi Eisenkot's rising momentum and Netanyahu's resilience. Sa'ar's party (Yisrael Beiteinu) is not mentioned in recent polling, suggesting limited seat potential."",""key_uncertainties"":[""Yisrael Beiteinu's seat count"",""Coalition feasibility for Sa'ar"",""Sa'ar's personal popularity"",""Eisenkot's coalition prospects"",""Netanyahu's potential comeback""],""base_rate_notes"":""In parliamentary systems, most seats do not guarantee PM status. Sa'ar's party is not highlighted in recent polling, indicating low seat potential and thus low PM probability.""}",OK,,0.0025,mid,,true
20260626T160140Z:RSO-0218,20260626T160140Z,2026-06-26T16:01:40Z,fair_value_v0.1,ollama,qwen3:8b,RSO-0218,Next Prime Minister of Israel after next election,Next Prime Minister of Israel after next election — Yoaz Hendel,Yoaz Hendel,Israel,global_satellite,parliamentary_coalition,israel_next_pm_2026,682718,0x641ee08666fd2c37f890d59b4fd32ad8a23e8500e1ad070e112a90219a4d4bfa,will-yoaz-hendel-be-the-next-prime-minister-of-israel,https://polymarket.com/event/will-yoaz-hendel-be-the-next-prime-minister-of-israel,12118827801400239712815717295403167152230979784826228363180815353568423454582,Will Yoaz Hendel be the next Prime Minister of Israel?,0.05,0.3,false,"Yoaz Hendel's party (Yesh Atid) is not a leading force in current polling, and coalition dynamics favor other candidates like Gadi Eisenkot and Benjamin Netanyahu.","[""Yesh Atid's seat count"", ""Coalition feasibility"", ""Netanyahu's resilience"", ""Eisenkot's coalition potential"", ""Polling accuracy""]","In parliamentary systems, PM probability depends on coalition formation, not just party seats.","[""evidence/shared/global_satellite_context.md"", ""evidence/parents/israel-next-pm-2026.md"", ""evidence/parents/next-prime-minister-of-israel-after-next-election.md"", ""evidence/markets/RSO-0218.md""]",6030bd088a913127,"{""fair_value"":0.05,""confidence"":0.3,""should_abstain"":false,""rationale_short"":""Yoaz Hendel's party (Yesh Atid) is not a leading force in current polling, and coalition dynamics favor other candidates like Gadi Eisenkot and Benjamin Netanyahu."",""key_uncertainties"":[""Yesh Atid's seat count"",""Coalition feasibility"",""Netanyahu's resilience"",""Eisenkot's coalition potential"",""Polling accuracy""],""base_rate_notes"":""In parliamentary systems, PM probability depends on coalition formation, not just party seats.""}",OK,,0.0015,mid,,true
20260626T160140Z:RSO-0219,20260626T160140Z,2026-06-26T16:01:40Z,fair_value_v0.1,ollama,qwen3:8b,RSO-0219,Next Prime Minister of Israel after next election,Next Prime Minister of Israel after next election — Yair Lapid,Yair Lapid,Israel,global_satellite,parliamentary_coalition,israel_next_pm_2026,682707,0x45a79193a66e5078a29c625e78e0d4b9a059edef8e206097c48bbfe7eaf9590e,will-yair-lapid-be-the-next-prime-minister-of-israel,https://polymarket.com/event/will-yair-lapid-be-the-next-prime-minister-of-israel,30912854850866302644106316438153629460678506137655559406260043509960678109607,Will Yair Lapid be the next Prime Minister of Israel?,0.15,0.6,false,"Yair Lapid's party (Yesh Atid) is not leading in recent polls, and coalition dynamics favor Gadi Eisenkot or Netanyahu. His path to PM requires complex alliances.","[""Yesh Atid's poll numbers"", ""Coalition feasibility"", ""Netanyahu's resilience"", ""Eisenkot's coalition potential"", ""Unresolved candidate dynamics""]","In parliamentary systems, PM probability depends on coalition formation, not just party seats.","[""evidence/shared/global_satellite_context.md"", ""evidence/parents/israel-next-pm-2026.md"", ""evidence/parents/next-prime-minister-of-israel-after-next-election.md"", ""evidence/markets/RSO-0219.md""]",9d1ad79175821bfb,"{""fair_value"":0.15,""confidence"":0.6,""should_abstain"":false,""rationale_short"":""Yair Lapid's party (Yesh Atid) is not leading in recent polls, and coalition dynamics favor Gadi Eisenkot or Netanyahu. His path to PM requires complex alliances."",""key_uncertainties"":[""Yesh Atid's poll numbers"",""Coalition feasibility"",""Netanyahu's resilience"",""Eisenkot's coalition potential"",""Unresolved candidate dynamics""],""base_rate_notes"":""In parliamentary systems, PM probability depends on coalition formation, not just party seats.""}",OK,,0.0025,mid,,true
20260626T160140Z:RSO-0220,20260626T160140Z,2026-06-26T16:01:40Z,fair_value_v0.1,ollama,qwen3:8b,RSO-0220,Next Prime Minister of Israel after next election,Next Prime Minister of Israel after next election — Yossi Cohen,Yossi Cohen,Israel,global_satellite,parliamentary_coalition,israel_next_pm_2026,682711,0xa653be0f150dbe055a532ea02977338bb31f49d1f723b2a48c1f67847a73cb7d,will-yossi-cohen-be-the-next-prime-minister-of-israel,https://polymarket.com/event/will-yossi-cohen-be-the-next-prime-minister-of-israel,80908635602471552886049573110321791161186841957249509900771759394573505359926,Will Yossi Cohen be the next Prime Minister of Israel?,0.02,0.3,false,"Yossi Cohen's party (Yesh Atid) is not a major force in current polling, and coalition dynamics favor other candidates like Netanyahu or Eisenkot.","[""Yesh Atid's seat count"", ""Coalition feasibility"", ""Cohen's personal appeal"", ""Election system changes"", ""Unforeseen events""]","In parliamentary systems, PM probability depends on coalition formation, not just party seats.","[""evidence/shared/global_satellite_context.md"", ""evidence/parents/israel-next-pm-2026.md"", ""evidence/parents/next-prime-minister-of-israel-after-next-election.md"", ""evidence/markets/RSO-0220.md""]",b4183df000b8e572,"{""fair_value"":0.02,""confidence"":0.3,""should_abstain"":false,""rationale_short"":""Yossi Cohen's party (Yesh Atid) is not a major force in current polling, and coalition dynamics favor other candidates like Netanyahu or Eisenkot."",""key_uncertainties"":[""Yesh Atid's seat count"",""Coalition feasibility"",""Cohen's personal appeal"",""Election system changes"",""Unforeseen events""],""base_rate_notes"":""In parliamentary systems, PM probability depends on coalition formation, not just party seats.""}",OK,,0.079,mid,,true
20260626T160140Z:RSO-0221,20260626T160140Z,2026-06-26T16:01:40Z,fair_value_v0.1,ollama,qwen3:8b,RSO-0221,Next Prime Minister of Israel after next election,Next Prime Minister of Israel after next election — Yair Golan,Yair Golan,Israel,global_satellite,parliamentary_coalition,israel_next_pm_2026,682712,0xfcd53c97fef81c4ecad8a97c8c47fdf1ce0a54a0daeff7bae53eaa3a9af343f2,will-yair-golan-be-the-next-prime-minister-of-israel,https://polymarket.com/event/will-yair-golan-be-the-next-prime-minister-of-israel,38003127295883228185689665963602138176190384641897237734105806870773590495970,Will Yair Golan be the next Prime Minister of Israel?,0.05,0.3,false,Yair Golan's party (Yisrael Beiteinu) is not a major force in current polling. Coalition dynamics and Netanyahu's resilience suggest low probability.,"[""Yisrael Beiteinu's seat count"", ""Coalition feasibility"", ""Netanyahu's political resilience"", ""Eisenkot's coalition potential"", ""Polling accuracy""]","In parliamentary systems, PM probability depends on coalition formation, not just party strength.","[""evidence/shared/global_satellite_context.md"", ""evidence/parents/israel-next-pm-2026.md"", ""evidence/parents/next-prime-minister-of-israel-after-next-election.md"", ""evidence/markets/RSO-0221.md""]",2f56122d0cc4bc76,"{""fair_value"":0.05,""confidence"":0.3,""should_abstain"":false,""rationale_short"":""Yair Golan's party (Yisrael Beiteinu) is not a major force in current polling. Coalition dynamics and Netanyahu's resilience suggest low probability."",""key_uncertainties"":[""Yisrael Beiteinu's seat count"",""Coalition feasibility"",""Netanyahu's political resilience"",""Eisenkot's coalition potential"",""Polling accuracy""],""base_rate_notes"":""In parliamentary systems, PM probability depends on coalition formation, not just party strength.""}",OK,,0.012,mid,,true
20260626T160140Z:RSO-0222,20260626T160140Z,2026-06-26T16:01:40Z,fair_value_v0.1,ollama,qwen3:8b,RSO-0222,Next Prime Minister of Israel after next election,Next Prime Minister of Israel after next election — Nir Barkat,Nir Barkat,Israel,global_satellite,parliamentary_coalition,israel_next_pm_2026,682720,0xd8625515585b5bf81d9c1262a1d2b0212a6f2a7a5c5f6ef6c993f7cc269f92dd,will-nir-barkat-be-the-next-prime-minister-of-israel,https://polymarket.com/event/will-nir-barkat-be-the-next-prime-minister-of-israel,62339970278220985797814574706934957062291648936534682461243840366141506822305,Will Nir Barkat be the next Prime Minister of Israel?,0.02,0.3,false,Nir Barkat is a minor candidate with no major party support. Current evidence highlights Gadi Eisenkot and Netanyahu as leading contenders. Coalition dynamics and seat distribution favor larger parties.,"[""Barkat's party viability"", ""Coalition formation outcomes"", ""Election result volatility"", ""Candidate entry/exit changes"", ""Polling accuracy""]","In parliamentary systems, PM probability correlates with coalition potential, not just vote share. Barkat's low seat projection suggests limited influence.","[""evidence/shared/global_satellite_context.md"", ""evidence/parents/israel-next-pm-2026.md"", ""evidence/parents/next-prime-minister-of-israel-after-next-election.md"", ""evidence/markets/RSO-0222.md""]",977636f9c519e579,"{""fair_value"":0.02,""confidence"":0.3,""should_abstain"":false,""rationale_short"":""Nir Barkat is a minor candidate with no major party support. Current evidence highlights Gadi Eisenkot and Netanyahu as leading contenders. Coalition dynamics and seat distribution favor larger parties."",""key_uncertainties"":[""Barkat's party viability"",""Coalition formation outcomes"",""Election result volatility"",""Candidate entry/exit changes"",""Polling accuracy""],""base_rate_notes"":""In parliamentary systems, PM probability correlates with coalition potential, not just vote share. Barkat's low seat projection suggests limited influence.""}",OK,,0.0055,mid,,true
20260626T160140Z:RSO-0223,20260626T160140Z,2026-06-26T16:01:40Z,fair_value_v0.1,ollama,qwen3:8b,RSO-0223,Next Prime Minister of Israel after next election,Next Prime Minister of Israel after next election — Ayelet Shaked,Ayelet Shaked,Israel,global_satellite,parliamentary_coalition,israel_next_pm_2026,682717,0x80a849ac73eefe56d4d613e44b45e32b9f91f0bfc77173b732cffac7daab3b3b,will-ayelet-shaked-be-the-next-prime-minister-of-israel,https://polymarket.com/event/will-ayelet-shaked-be-the-next-prime-minister-of-israel,20847822223909889861535421917104908467512615252569123202591433051136381225081,Will Ayelet Shaked be the next Prime Minister of Israel?,0.05,0.4,false,"Ayelet Shaked's party (Yisrael Beiteinu) is not a major force in current polling, and coalition dynamics favor other candidates like Netanyahu or Eisenkot.","[""Yisrael Beiteinu's seat count"", ""Coalition feasibility for Shaked"", ""Election outcome volatility"", ""Competitive candidates' trajectories"", ""Party leadership changes""]","In parliamentary systems, PM probability depends on coalition formation, not just party strength. Shaked's party is not a leading force in current polling.","[""evidence/shared/global_satellite_context.md"", ""evidence/parents/israel-next-pm-2026.md"", ""evidence/parents/next-prime-minister-of-israel-after-next-election.md"", ""evidence/markets/RSO-0223.md""]",9294e04390101650,"{""fair_value"":0.05,""confidence"":0.4,""should_abstain"":false,""rationale_short"":""Ayelet Shaked's party (Yisrael Beiteinu) is not a major force in current polling, and coalition dynamics favor other candidates like Netanyahu or Eisenkot."",""key_uncertainties"":[""Yisrael Beiteinu's seat count"",""Coalition feasibility for Shaked"",""Election outcome volatility"",""Competitive candidates' trajectories"",""Party leadership changes""],""base_rate_notes"":""In parliamentary systems, PM probability depends on coalition formation, not just party strength. Shaked's party is not a leading force in current polling.""}",OK,,0.0035,mid,,true
20260626T160140Z:RSO-0224,20260626T160140Z,2026-06-26T16:01:40Z,fair_value_v0.1,ollama,qwen3:8b,RSO-0224,Next Prime Minister of Israel after next election,Next Prime Minister of Israel after next election — Moshe Feiglin,Moshe Feiglin,Israel,global_satellite,parliamentary_coalition,israel_next_pm_2026,682716,0x673db99d92473e9ee854b8a0ec0cff15d156e5c33a13e1e12db7266d33fde4d3,will-moshe-feiglin-be-the-next-prime-minister-of-israel,https://polymarket.com/event/will-moshe-feiglin-be-the-next-prime-minister-of-israel,53508697093100828360254088937709702626357043454735600798387762815121144942132,Will Moshe Feiglin be the next Prime Minister of Israel?,0.01,0.3,false,"Moshe Feiglin's party (Ra'am) is not mentioned in recent polling, and coalition feasibility is unclear. Netanyahu remains a strong contender.","[""Ra'am's seat count"", ""Coalition compatibility"", ""Feiglin's personal appeal"", ""Recent polling accuracy"", ""Election system thresholds""]",Base rate considers historical Israeli PM elections where new parties rarely win without significant support.,"[""evidence/shared/global_satellite_context.md"", ""evidence/parents/israel-next-pm-2026.md"", ""evidence/parents/next-prime-minister-of-israel-after-next-election.md"", ""evidence/markets/RSO-0224.md""]",662c1ec6239b5cb1,"{""fair_value"":0.01,""confidence"":0.3,""should_abstain"":false,""rationale_short"":""Moshe Feiglin's party (Ra'am) is not mentioned in recent polling, and coalition feasibility is unclear. Netanyahu remains a strong contender."",""key_uncertainties"":[""Ra'am's seat count"",""Coalition compatibility"",""Feiglin's personal appeal"",""Recent polling accuracy"",""Election system thresholds""],""base_rate_notes"":""Base rate considers historical Israeli PM elections where new parties rarely win without significant support.""}",OK,,0.0075,mid,,true
20260626T160140Z:RSO-0225,20260626T160140Z,2026-06-26T16:01:40Z,fair_value_v0.1,ollama,qwen3:8b,RSO-0225,Israeli Legislative Election Winner,Israeli Legislative Election Winner — Likud,Likud,Israel,global_satellite,parliamentary_coalition,israel_most_seats_2026,2100981,0xf77fa3e63014f1f76ea4433dac66b3860493ed7f1a9fee3dfbef9104d7f1eee3,will-likud-win-the-most-seats-in-the-2026-israeli-legislative-election,https://polymarket.com/event/will-likud-win-the-most-seats-in-the-2026-israeli-legislative-election,40530616708770133196461535468385029946615148250396571867031554779644977064648,Will Likud win the most seats in the 2026 Israeli legislative election?,0.35,0.65,false,"Likud has historical strength and base, but Yashar/Eisenkot shows recent momentum. Smaller parties could influence outcomes, and coalition dynamics add uncertainty.","[""Recent polling shifts"", ""Coalition feasibility"", ""Smaller party influence"", ""Leadership changes"", ""Election system thresholds""]",Likud has durable organization and Netanyahu's base. Yashar/Eisenkot has momentum in recent polling.,"[""evidence/shared/global_satellite_context.md"", ""evidence/parents/israel-most-seats-2026.md"", ""evidence/parents/israeli-legislative-election-winner.md"", ""evidence/markets/RSO-0225.md""]",9bb2bc70714e4b8b,"{""fair_value"":0.35,""confidence"":0.65,""should_abstain"":false,""rationale_short"":""Likud has historical strength and base, but Yashar/Eisenkot shows recent momentum. Smaller parties could influence outcomes, and coalition dynamics add uncertainty."",""key_uncertainties"":[""Recent polling shifts"",""Coalition feasibility"",""Smaller party influence"",""Leadership changes"",""Election system thresholds""],""base_rate_notes"":""Likud has durable organization and Netanyahu's base. Yashar/Eisenkot has momentum in recent polling.""}",OK,,0.003,mid,,true
20260626T160140Z:RSO-0226,20260626T160140Z,2026-06-26T16:01:40Z,fair_value_v0.1,ollama,qwen3:8b,RSO-0226,Israeli Legislative Election Winner,Israeli Legislative Election Winner — Yashar,Yashar,Israel,global_satellite,parliamentary_coalition,israel_most_seats_2026,2100984,0xd05da9807740aa0f5bc9e9232daabe87a21e5012c19e283abf414f1c1651118b,will-yashar-win-the-most-seats-in-the-2026-israeli-legislative-election,https://polymarket.com/event/will-yashar-win-the-most-seats-in-the-2026-israeli-legislative-election,9025448570994866714151390167666974197623007132973626623412960268955048642964,Will Yashar win the most seats in the 2026 Israeli legislative election?,0.25,0.6,false,Yashar has recent polling momentum but faces competition from Likud's durable base and coalition dynamics. Smaller parties could influence outcomes.,"[""Likud's base loyalty"", ""Coalition feasibility"", ""Small party bloc shifts"", ""Polling accuracy"", ""Election system thresholds""]",Likud has strong organization; Yashar/Eisenkot shows recent momentum in polls.,"[""evidence/shared/global_satellite_context.md"", ""evidence/parents/israel-most-seats-2026.md"", ""evidence/parents/israeli-legislative-election-winner.md"", ""evidence/markets/RSO-0226.md""]",479aba95db459acc,"{""fair_value"":0.25,""confidence"":0.6,""should_abstain"":false,""rationale_short"":""Yashar has recent polling momentum but faces competition from Likud's durable base and coalition dynamics. Smaller parties could influence outcomes."",""key_uncertainties"":[""Likud's base loyalty"",""Coalition feasibility"",""Small party bloc shifts"",""Polling accuracy"",""Election system thresholds""],""base_rate_notes"":""Likud has strong organization; Yashar/Eisenkot shows recent momentum in polls.""}",OK,,0.365,mid,,true
20260626T160140Z:RSO-0227,20260626T160140Z,2026-06-26T16:01:40Z,fair_value_v0.1,ollama,qwen3:8b,RSO-0227,Israeli Legislative Election Winner,Israeli Legislative Election Winner — Together,Together,Israel,global_satellite,parliamentary_coalition,israel_most_seats_2026,2100982,0x4e9cff8a3aeac036225fedcc98af9b0d55284b3f430b599e7f61b059c1e177af,will-together-win-the-most-seats-in-the-2026-israeli-legislative-election,https://polymarket.com/event/will-together-win-the-most-seats-in-the-2026-israeli-legislative-election,4486291330995931849416559581383425061287287542982906092720569789339786774392,Will Together win the most seats in the 2026 Israeli legislative election?,0.15,0.6,false,Together has moderate polling momentum but faces strong competition from Likud and Yashar. Coalition dynamics and threshold rules add uncertainty.,"[""Likud's organizational strength"", ""Yashar's polling momentum"", ""Coalition compatibility"", ""Threshold vote requirements"", ""Election system volatility""]",Likud has durable organization and Netanyahu's base. Yashar/Eisenkot has recent polling momentum. Smaller parties can be pivotal but are less likely to finish first.,"[""evidence/shared/global_satellite_context.md"", ""evidence/parents/israel-most-seats-2026.md"", ""evidence/parents/israeli-legislative-election-winner.md"", ""evidence/markets/RSO-0227.md""]",43fb9cde59795dca,"{""fair_value"":0.15,""confidence"":0.6,""should_abstain"":false,""rationale_short"":""Together has moderate polling momentum but faces strong competition from Likud and Yashar. Coalition dynamics and threshold rules add uncertainty."",""key_uncertainties"":[""Likud's organizational strength"",""Yashar's polling momentum"",""Coalition compatibility"",""Threshold vote requirements"",""Election system volatility""],""base_rate_notes"":""Likud has durable organization and Netanyahu's base. Yashar/Eisenkot has recent polling momentum. Smaller parties can be pivotal but are less likely to finish first.""}",OK,,0.003,mid,,true
20260626T160140Z:RSO-0228,20260626T160140Z,2026-06-26T16:01:40Z,fair_value_v0.1,ollama,qwen3:8b,RSO-0228,Israeli Legislative Election Winner,Israeli Legislative Election Winner — Shas,Shas,Israel,global_satellite,parliamentary_coalition,israel_most_seats_2026,2100983,0xc3c4b06b71e5a9dec867169d4319a4bf7364d7b0a6c5d6cd048689a207aafc40,will-shas-win-the-most-seats-in-the-2026-israeli-legislative-election,https://polymarket.com/event/will-shas-win-the-most-seats-in-the-2026-israeli-legislative-election,43025613818662551227164158603793018117245522237166942374881915274782654094251,Will Shas win the most seats in the 2026 Israeli legislative election?,0.05,0.3,false,"Shas is a smaller religious party with limited national appeal. While they may gain seats, winning the most is unlikely given current polling and coalition dynamics.","[""Recent polling trends for Shas"", ""Coalition formation possibilities"", ""Incumbent party momentum"", ""Threshold vote requirements"", ""Unresolved candidate dynamics""]",Likud and Yashar/Eisenkot have stronger base rates and recent polling momentum.,"[""evidence/shared/global_satellite_context.md"", ""evidence/parents/israel-most-seats-2026.md"", ""evidence/parents/israeli-legislative-election-winner.md"", ""evidence/markets/RSO-0228.md""]",d82bd0a81b5148c0,"{""fair_value"":0.05,""confidence"":0.3,""should_abstain"":false,""rationale_short"":""Shas is a smaller religious party with limited national appeal. While they may gain seats, winning the most is unlikely given current polling and coalition dynamics."",""key_uncertainties"":[""Recent polling trends for Shas"",""Coalition formation possibilities"",""Incumbent party momentum"",""Threshold vote requirements"",""Unresolved candidate dynamics""],""base_rate_notes"":""Likud and Yashar/Eisenkot have stronger base rates and recent polling momentum.""}",OK,,0.33,mid,,true
20260626T160140Z:RSO-0229,20260626T160140Z,2026-06-26T16:01:40Z,fair_value_v0.1,ollama,qwen3:8b,RSO-0229,Israeli Legislative Election Winner,Israeli Legislative Election Winner — The Democrats,The Democrats,Israel,global_satellite,parliamentary_coalition,israel_most_seats_2026,2100985,0x4a48f706471324eb289b2a77a368f7cfc3cdbf899ea320395e9afaa9191570e9,will-the-democrats-win-the-most-seats-in-the-2026-israeli-legislative-election,https://polymarket.com/event/will-the-democrats-win-the-most-seats-in-the-2026-israeli-legislative-election,13946614065225357961512448593443036356822710705632040528640964889522868467395,Will The Democrats win the most seats in the 2026 Israeli legislative election?,0.05,0.4,false,"The Democrats are a smaller party with limited polling data and no clear path to most seats. Base rates suggest they are unlikely to win, but coalition dynamics could create uncertainty.","[""Recent polling trends for The Democrats"", ""Coalition formation possibilities"", ""Incumbent party momentum"", ""Small party influence on bloc math"", ""Potential alliance shifts""]",Likud and Yashar/Eisenkot have stronger base rates and recent polling momentum.,"[""evidence/shared/global_satellite_context.md"", ""evidence/parents/israel-most-seats-2026.md"", ""evidence/parents/israeli-legislative-election-winner.md"", ""evidence/markets/RSO-0229.md""]",f72f8753a68fc277,"{""fair_value"":0.05,""confidence"":0.4,""should_abstain"":false,""rationale_short"":""The Democrats are a smaller party with limited polling data and no clear path to most seats. Base rates suggest they are unlikely to win, but coalition dynamics could create uncertainty."",""key_uncertainties"":[""Recent polling trends for The Democrats"",""Coalition formation possibilities"",""Incumbent party momentum"",""Small party influence on bloc math"",""Potential alliance shifts""],""base_rate_notes"":""Likud and Yashar/Eisenkot have stronger base rates and recent polling momentum.""}",OK,,0.0025,mid,,true
20260626T160140Z:RSO-0230,20260626T160140Z,2026-06-26T16:01:40Z,fair_value_v0.1,ollama,qwen3:8b,RSO-0230,Israeli Legislative Election Winner,Israeli Legislative Election Winner — Otzma Yehudit,Otzma Yehudit,Israel,global_satellite,parliamentary_coalition,israel_most_seats_2026,2100986,0x49b2c8eac865bbac235153824b3490185ff0fdb7305cb053b2ab5b1466bf4f36,will-otzma-yehudit-win-the-most-seats-in-the-2026-israeli-legislative-election,https://polymarket.com/event/will-otzma-yehudit-win-the-most-seats-in-the-2026-israeli-legislative-election,72928611581150091479894843605103749117561320868375067552073452709256467488450,Will Otzma Yehudit win the most seats in the 2026 Israeli legislative election?,0.05,0.3,false,Otzma Yehudit is a smaller party with limited polling data and coalition potential. Likud and Yashar/Eisenkot have stronger base rates and recent momentum.,"[""Polling volatility"", ""Coalition feasibility"", ""Incumbent dynamics"", ""Small party influence"", ""Alliance shifts""]",Likud has durable organization; Yashar/Eisenkot show recent momentum. Smaller parties can be pivotal but less likely to finish first.,"[""evidence/shared/global_satellite_context.md"", ""evidence/parents/israel-most-seats-2026.md"", ""evidence/parents/israeli-legislative-election-winner.md"", ""evidence/markets/RSO-0230.md""]",44ffde0a75c1efff,"{""fair_value"":0.05,""confidence"":0.3,""should_abstain"":false,""rationale_short"":""Otzma Yehudit is a smaller party with limited polling data and coalition potential. Likud and Yashar/Eisenkot have stronger base rates and recent momentum."",""key_uncertainties"":[""Polling volatility"",""Coalition feasibility"",""Incumbent dynamics"",""Small party influence"",""Alliance shifts""],""base_rate_notes"":""Likud has durable organization; Yashar/Eisenkot show recent momentum. Smaller parties can be pivotal but less likely to finish first.""}",OK,,0.28,mid,,true
20260626T160140Z:RSO-0231,20260626T160140Z,2026-06-26T16:01:40Z,fair_value_v0.1,ollama,qwen3:8b,RSO-0231,Next Prime Minister of New Zealand,Next Prime Minister of New Zealand — Chris Hipkins,Chris Hipkins,New Zealand,global_satellite,parliamentary_mmp,new_zealand_next_pm_2026,2116541,0xecffb867dc6b5421ec726ff8a44de5a538ccbad7dc1ea5c8b175b00293227cb5,will-chris-hipkins-be-the-next-prime-minister-of-new-zealand-after-the-2026-elections-662,https://polymarket.com/event/will-chris-hipkins-be-the-next-prime-minister-of-new-zealand-after-the-2026-elections-662,3695219925197907796815418584626632598111929883522292242191442837649708153579,Will Chris Hipkins be the next Prime Minister of New Zealand after the 2026 elections?,0.15,0.6,false,"Chris Hipkins' viability depends on Labour-Green-Te Pāti Māori bloc recovering enough to form government, which is less likely given current poll numbers.","[""Labour bloc recovery"", ""Coalition feasibility"", ""Incumbent stability"", ""Small party influence"", ""Campaign dynamics""]","Based on current polling showing National leading Labour, Hipkins' path requires significant Labour rebound.","[""evidence/shared/global_satellite_context.md"", ""evidence/parents/new-zealand-next-pm-2026.md"", ""evidence/parents/next-prime-minister-of-new-zealand.md"", ""evidence/markets/RSO-0231.md""]",46b05e5527ca85cf,"{""fair_value"":0.15,""confidence"":0.6,""should_abstain"":false,""rationale_short"":""Chris Hipkins' viability depends on Labour-Green-Te Pāti Māori bloc recovering enough to form government, which is less likely given current poll numbers."",""key_uncertainties"":[""Labour bloc recovery"", ""Coalition feasibility"", ""Incumbent stability"", ""Small party influence"", ""Campaign dynamics""],""base_rate_notes"":""Based on current polling showing National leading Labour, Hipkins' path requires significant Labour rebound.""}",OK,,0.0015,mid,,true
20260626T160140Z:RSO-0232,20260626T160140Z,2026-06-26T16:01:40Z,fair_value_v0.1,ollama,qwen3:8b,RSO-0232,Next Prime Minister of New Zealand,Next Prime Minister of New Zealand — Christopher Luxon,Christopher Luxon,New Zealand,global_satellite,parliamentary_mmp,new_zealand_next_pm_2026,2116540,0xe47bf7ef4d5476dba1e9c920b82cfeb54157399f951fdc83ac7868d4896d1b51,will-christopher-luxon-be-the-next-prime-minister-of-new-zealand-after-the-2026-elections-718,https://polymarket.com/event/will-christopher-luxon-be-the-next-prime-minister-of-new-zealand-after-the-2026-elections-718,19436667452351897669739565884931351453429893965166224489399167885678976570550,Will Christopher Luxon be the next Prime Minister of New Zealand after the 2026 elections?,0.65,0.8,false,"National-led bloc leads in polls, but coalition dynamics and seat distribution under MMP affect PM outcome. Luxon's re-election depends on maintaining majority.","[""Coalition seat distribution"", ""MMP threshold effects"", ""Labour-Greens-Te Pāti Māori recovery"", ""Incumbent popularity"", ""Small party influence""]","Based on Roy Morgan poll showing National at 30.5%, NZ First 11%, ACT 10%, vs Labour-Greens-Te Pāti Māori at 41.5%.","[""evidence/shared/global_satellite_context.md"", ""evidence/parents/new-zealand-next-pm-2026.md"", ""evidence/parents/next-prime-minister-of-new-zealand.md"", ""evidence/markets/RSO-0232.md""]",d76d42a2c5587431,"{""fair_value"":0.65,""confidence"":0.8,""should_abstain"":false,""rationale_short"":""National-led bloc leads in polls, but coalition dynamics and seat distribution under MMP affect PM outcome. Luxon's re-election depends on maintaining majority."",""key_uncertainties"":[""Coalition seat distribution"",""MMP threshold effects"",""Labour-Greens-Te Pāti Māori recovery"",""Incumbent popularity"",""Small party influence""],""base_rate_notes"":""Based on Roy Morgan poll showing National at 30.5%, NZ First 11%, ACT 10%, vs Labour-Greens-Te Pāti Māori at 41.5%.""}",OK,,0.001,ask_only,no_bids,true
20260626T160140Z:RSO-0233,20260626T160140Z,2026-06-26T16:01:40Z,fair_value_v0.1,ollama,qwen3:8b,RSO-0233,Next Prime Minister of New Zealand,Next Prime Minister of New Zealand — Nicola Willis,Nicola Willis,New Zealand,global_satellite,parliamentary_mmp,new_zealand_next_pm_2026,2116543,0x49ca5b6402d30912f79497b12211fd12571d1beef9cdc3e014491d202b1c863c,will-nicola-willis-be-the-next-prime-minister-of-new-zealand-after-the-2026-elections-636,https://polymarket.com/event/will-nicola-willis-be-the-next-prime-minister-of-new-zealand-after-the-2026-elections-636,101779929345953030764780328225834722292970803429486638560281721195397549925596,Will Nicola Willis be the next Prime Minister of New Zealand after the 2026 elections?,0.05,0.4,false,"Nicola Willis is a potential PM candidate but faces significant hurdles. Current polls show National leading, and her party (ACT) is smaller. PM depends on coalition dynamics and seat totals under MMP.","[""National's majority sustainability"", ""Coalition formation complexity"", ""ACT's influence on government"", ""Labour-Greens-Te Pāti Māori bloc recovery"", ""Leadership changes""]","Based on MMP system, party vote shares, and current polling data.","[""evidence/shared/global_satellite_context.md"", ""evidence/parents/new-zealand-next-pm-2026.md"", ""evidence/parents/next-prime-minister-of-new-zealand.md"", ""evidence/markets/RSO-0233.md""]",46139bc81222c823,"{""fair_value"":0.05,""confidence"":0.4,""should_abstain"":false,""rationale_short"":""Nicola Willis is a potential PM candidate but faces significant hurdles. Current polls show National leading, and her party (ACT) is smaller. PM depends on coalition dynamics and seat totals under MMP."",""key_uncertainties"":[""National's majority sustainability"",""Coalition formation complexity"",""ACT's influence on government"",""Labour-Greens-Te Pāti Māori bloc recovery"",""Leadership changes""],""base_rate_notes"":""Based on MMP system, party vote shares, and current polling data.""}",OK,,0.414,mid,,true
20260626T160140Z:RSO-0234,20260626T160140Z,2026-06-26T16:01:40Z,fair_value_v0.1,ollama,qwen3:8b,RSO-0234,Next Prime Minister of New Zealand,Next Prime Minister of New Zealand — Winston Peters,Winston Peters,New Zealand,global_satellite,parliamentary_mmp,new_zealand_next_pm_2026,2116542,0xb2a0400f22578a6fd694aa89613d3e38918b15c222ddc844cabcee24aab0e7db,will-winston-peters-be-the-next-prime-minister-of-new-zealand-after-the-2026-elections-871,https://polymarket.com/event/will-winston-peters-be-the-next-prime-minister-of-new-zealand-after-the-2026-elections-871,27854146347052378018620085340753762973697391204994394619103479868476430133384,Will Winston Peters be the next Prime Minister of New Zealand after the 2026 elections?,0.05,0.6,false,"Winston Peters' path to PM requires National-led coalition collapse, Labour-Greens-Te Pāti Māori bloc recovery, and coalition feasibility. Current polls show National leading, making his PM chances conditional on unlikely events.","[""National maintaining majority"", ""Labour bloc recovery"", ""Coalition viability"", ""Peters' leadership status"", ""Election date changes""]","In MMP systems, PM outcomes depend on coalition seat totals. Peters' viability is conditional on significant shifts from current polling.","[""evidence/shared/global_satellite_context.md"", ""evidence/parents/new-zealand-next-pm-2026.md"", ""evidence/parents/next-prime-minister-of-new-zealand.md"", ""evidence/markets/RSO-0234.md""]",8f24a0f562878340,"{""fair_value"":0.05,""confidence"":0.6,""should_abstain"":false,""rationale_short"":""Winston Peters' path to PM requires National-led coalition collapse, Labour-Greens-Te Pāti Māori bloc recovery, and coalition feasibility. Current polls show National leading, making his PM chances conditional on unlikely events."",""key_uncertainties"":[""National maintaining majority"",""Labour bloc recovery"",""Coalition viability"",""Peters' leadership status"",""Election date changes""],""base_rate_notes"":""In MMP systems, PM outcomes depend on coalition seat totals. Peters' viability is conditional on significant shifts from current polling.""}",OK,,0.0045,mid,,true
20260626T160140Z:RSO-0235,20260626T160140Z,2026-06-26T16:01:40Z,fair_value_v0.1,ollama,qwen3:8b,RSO-0235,Next Prime Minister of New Zealand,Next Prime Minister of New Zealand — Carmel Sepuloni,Carmel Sepuloni,New Zealand,global_satellite,parliamentary_mmp,new_zealand_next_pm_2026,2116546,0xec0f0488794acf9c9c1c065ded931fae0958c936a92d6c381e54c07666f0e1d5,will-carmel-sepuloni-be-the-next-prime-minister-of-new-zealand-after-the-2026-elections-556,https://polymarket.com/event/will-carmel-sepuloni-be-the-next-prime-minister-of-new-zealand-after-the-2026-elections-556,95828846972962727948537717906449211001561086768404868556972607015903217834173,Will Carmel Sepuloni be the next Prime Minister of New Zealand after the 2026 elections?,0.05,0.4,false,"Carmel Sepuloni is a Labour MP but not a prominent leader. National leads in polls, and Labour's coalition viability is uncertain. PM depends on coalition arithmetic, not just vote share.","[""Labour's coalition viability"", ""National's majority sustainability"", ""Coalition compatibility"", ""Small parties' influence"", ""Leadership changes""]",Base rate reflects Labour's current position and the likelihood of coalition dynamics in MMP system.,"[""evidence/shared/global_satellite_context.md"", ""evidence/parents/new-zealand-next-pm-2026.md"", ""evidence/parents/next-prime-minister-of-new-zealand.md"", ""evidence/markets/RSO-0235.md""]",8440ed5425b1ff61,"{""fair_value"":0.05,""confidence"":0.4,""should_abstain"":false,""rationale_short"":""Carmel Sepuloni is a Labour MP but not a prominent leader. National leads in polls, and Labour's coalition viability is uncertain. PM depends on coalition arithmetic, not just vote share."",""key_uncertainties"":[""Labour's coalition viability"",""National's majority sustainability"",""Coalition compatibility"",""Small parties' influence"",""Leadership changes""],""base_rate_notes"":""Base rate reflects Labour's current position and the likelihood of coalition dynamics in MMP system.""}",OK,,0.0025,mid,,true
20260626T160140Z:RSO-0236,20260626T160140Z,2026-06-26T16:01:40Z,fair_value_v0.1,ollama,qwen3:8b,RSO-0236,Next Prime Minister of New Zealand,Next Prime Minister of New Zealand — Chlöe Swarbrick,Chlöe Swarbrick,New Zealand,global_satellite,parliamentary_mmp,new_zealand_next_pm_2026,2116544,0x019fa8566706b244422275cef69ed636cc5fb4c7a361b8726723e669c7c28d49,will-chle-swarbrick-be-the-next-prime-minister-of-new-zealand-after-the-2026-elections-297,https://polymarket.com/event/will-chle-swarbrick-be-the-next-prime-minister-of-new-zealand-after-the-2026-elections-297,75665593440657693326391238791206938532050925706126172140531515483868869929806,Will Chlöe Swarbrick be the next Prime Minister of New Zealand after the 2026 elections?,0.02,0.3,false,"Chlöe Swarbrick is a minor party candidate with low poll numbers. Her path to PM requires significant coalition shifts or breakthroughs, which are unlikely given current evidence.","[""Labour-Greens-Te Pāti Māori bloc performance"", ""National-led bloc stability"", ""Coalition feasibility"", ""Candidate viability"", ""Election outcome volatility""]","Based on MMP system dynamics and current polling, Chlöe Swarbrick's chances are low unless there are major unforeseen changes.","[""evidence/shared/global_satellite_context.md"", ""evidence/parents/new-zealand-next-pm-2026.md"", ""evidence/parents/next-prime-minister-of-new-zealand.md"", ""evidence/markets/RSO-0236.md""]",cc6fa0d4b01dc447,"{""fair_value"":0.02,""confidence"":0.3,""should_abstain"":false,""rationale_short"":""Chlöe Swarbrick is a minor party candidate with low poll numbers. Her path to PM requires significant coalition shifts or breakthroughs, which are unlikely given current evidence."",""key_uncertainties"":[""Labour-Greens-Te Pāti Māori bloc performance"",""National-led bloc stability"",""Coalition feasibility"",""Candidate viability"",""Election outcome volatility""],""base_rate_notes"":""Based on MMP system dynamics and current polling, Chlöe Swarbrick's chances are low unless there are major unforeseen changes.""}",OK,,0.0015,mid,,true
20260626T160140Z:RSO-0237,20260626T160140Z,2026-06-26T16:01:40Z,fair_value_v0.1,ollama,qwen3:8b,RSO-0237,Next Prime Minister of New Zealand,Next Prime Minister of New Zealand — David Seymour,David Seymour,New Zealand,global_satellite,parliamentary_mmp,new_zealand_next_pm_2026,2116545,0xc373506f31377031294354429d846470a7dd62c51ba6712e76a401168888ac82,will-david-seymour-be-the-next-prime-minister-of-new-zealand-after-the-2026-elections-159,https://polymarket.com/event/will-david-seymour-be-the-next-prime-minister-of-new-zealand-after-the-2026-elections-159,110204323487167340963911918577405332532704384089593183256228464588428208899872,Will David Seymour be the next Prime Minister of New Zealand after the 2026 elections?,0.05,0.3,false,"David Seymour's path to PM requires National-led coalition collapse, Labour-Green bloc surge, and coalition feasibility. Current polls favor National, making his PM chances low.","[""National's seat retention"", ""Labour-Green coalition viability"", ""Coalition formation dynamics"", ""Seymour's party leadership status"", ""Election outcome volatility""]","Base rate reflects parliamentary MMP system where PM depends on coalition seat totals, not just vote share.","[""evidence/shared/global_satellite_context.md"", ""evidence/parents/new-zealand-next-pm-2026.md"", ""evidence/parents/next-prime-minister-of-new-zealand.md"", ""evidence/markets/RSO-0237.md""]",403b8379b763c742,"{""fair_value"":0.05,""confidence"":0.3,""should_abstain"":false,""rationale_short"":""David Seymour's path to PM requires National-led coalition collapse, Labour-Green bloc surge, and coalition feasibility. Current polls favor National, making his PM chances low."",""key_uncertainties"":[""National's seat retention"",""Labour-Green coalition viability"",""Coalition formation dynamics"",""Seymour's party leadership status"",""Election outcome volatility""],""base_rate_notes"":""Base rate reflects parliamentary MMP system where PM depends on coalition seat totals, not just vote share.""}",OK,,0.745,mid,,true
20260626T160140Z:RSO-0238,20260626T160140Z,2026-06-26T16:01:40Z,fair_value_v0.1,ollama,qwen3:8b,RSO-0238,New Zealand legislative election winner,New Zealand legislative election winner — Labour Party,Labour Party,New Zealand,global_satellite,parliamentary_mmp,new_zealand_most_seats_2026,2116494,0x741d99d33224258ad4536be7adbfdea7cacdaec616ce88e13755bfafde9c6d19,will-labour-party-win-the-most-seats-in-the-new-zealand-house-of-representatives-in-the-2026-new-zealand-legislative-election,https://polymarket.com/event/will-labour-party-win-the-most-seats-in-the-new-zealand-house-of-representatives-in-the-2026-new-zealand-legislative-election,41173471361536594020935639788423838947538990635956059031105519795147287673278,Will Labour Party win the most seats in the New Zealand House of Representatives in the 2026 New Zealand legislative election?,0.25,0.6,false,"Labour is trailing National in polls, but MMP system allows for coalition dynamics. Current evidence suggests National has higher support.","[""Polling volatility"", ""Coalition feasibility"", ""Incumbent performance"", ""MMP seat allocation nuances"", ""Unforeseen events""]",National and Labour dominate most-seats probability in New Zealand MMP system.,"[""evidence/shared/global_satellite_context.md"", ""evidence/parents/new-zealand-most-seats-2026.md"", ""evidence/parents/new-zealand-legislative-election-winner.md"", ""evidence/markets/RSO-0238.md""]",f8ee3faaa76e5a9c,"{""fair_value"":0.25,""confidence"":0.6,""should_abstain"":false,""rationale_short"":""Labour is trailing National in polls, but MMP system allows for coalition dynamics. Current evidence suggests National has higher support."",""key_uncertainties"":[""Polling volatility"",""Coalition feasibility"",""Incumbent performance"",""MMP seat allocation nuances"",""Unforeseen events""],""base_rate_notes"":""National and Labour dominate most-seats probability in New Zealand MMP system.""}",OK,,0.0045,mid,,true
20260626T160140Z:RSO-0239,20260626T160140Z,2026-06-26T16:01:40Z,fair_value_v0.1,ollama,qwen3:8b,RSO-0239,New Zealand legislative election winner,New Zealand legislative election winner — National Party,National Party,New Zealand,global_satellite,parliamentary_mmp,new_zealand_most_seats_2026,2116493,0xba155b6be6cabf93bf31dfcc56fe2f4e3e88d16b0d490319c635930f2d9fbd04,will-national-party-win-the-most-seats-in-the-new-zealand-house-of-representatives-in-the-2026-new-zealand-legislative-election,https://polymarket.com/event/will-national-party-win-the-most-seats-in-the-new-zealand-house-of-representatives-in-the-2026-new-zealand-legislative-election,26180671930795783086167354944853320138724504174864059426988212642169432238219,Will National Party win the most seats in the New Zealand House of Representatives in the 2026 New Zealand legislative election?,0.45,0.65,false,"National is a leading contender but faces Labour competition. Polls show National at 30.5% in May 2026, with Labour trailing within opposition bloc. MMP system means seat distribution differs from simple plurality.","[""Labour's potential surge"", ""Coalition dynamics"", ""MMP seat allocation nuances"", ""Incumbent performance"", ""Polling volatility""]","National and Labour dominate most-seats probability. Greens, ACT, NZ First, and Te Pāti Māori can be coalition-relevant but have lower most-seats probability.","[""evidence/shared/global_satellite_context.md"", ""evidence/parents/new-zealand-most-seats-2026.md"", ""evidence/parents/new-zealand-legislative-election-winner.md"", ""evidence/markets/RSO-0239.md""]",1ddbc0ec09682120,"{""fair_value"":0.45,""confidence"":0.65,""should_abstain"":false,""rationale_short"":""National is a leading contender but faces Labour competition. Polls show National at 30.5% in May 2026, with Labour trailing within opposition bloc. MMP system means seat distribution differs from simple plurality."",""key_uncertainties"":[""Labour's potential surge"",""Coalition dynamics"",""MMP seat allocation nuances"",""Incumbent performance"",""Polling volatility""],""base_rate_notes"":""National and Labour dominate most-seats probability. Greens, ACT, NZ First, and Te Pāti Māori can be coalition-relevant but have lower most-seats probability.""}",OK,,0.22,mid,thin_bid,true
20260626T160140Z:RSO-0240,20260626T160140Z,2026-06-26T16:01:40Z,fair_value_v0.1,ollama,qwen3:8b,RSO-0240,New Zealand legislative election winner,New Zealand legislative election winner — New Zealand First Party,New Zealand First Party,New Zealand,global_satellite,parliamentary_mmp,new_zealand_most_seats_2026,2116497,0xcf3de2bd2304559b075b1d83969d67368986ea21d610db929001cecaf0ba433b,will-new-zealand-first-party-win-the-most-seats-in-the-new-zealand-house-of-representatives-in-the-2026-new-zealand-legislative-election,https://polymarket.com/event/will-new-zealand-first-party-win-the-most-seats-in-the-new-zealand-house-of-representatives-in-the-2026-new-zealand-legislative-election,54250030688640506340696163549320679317947609966294018523515464121362285768393,Will New Zealand First Party win the most seats in the New Zealand House of Representatives in the 2026 New Zealand legislative election?,0.05,0.3,false,"New Zealand First is a smaller party with low base-rate probability. National and Labour dominate most-seats outcomes. Recent polls show National leading Labour, with NZ First trailing.","[""Polling may stale quickly"", ""Coalition dynamics"", ""Incumbent performance"", ""MMP threshold effects"", ""Candidate viability""]","National and Labour dominate most-seats probability. Greens, ACT, NZ First, and Te Pāti Māori can be coalition-relevant but have low most-seats probability.","[""evidence/shared/global_satellite_context.md"", ""evidence/parents/new-zealand-most-seats-2026.md"", ""evidence/parents/new-zealand-legislative-election-winner.md"", ""evidence/markets/RSO-0240.md""]",9ff64ef70f88f798,"{""fair_value"":0.05,""confidence"":0.3,""should_abstain"":false,""rationale_short"":""New Zealand First is a smaller party with low base-rate probability. National and Labour dominate most-seats outcomes. Recent polls show National leading Labour, with NZ First trailing."",""key_uncertainties"":[""Polling may stale quickly"",""Coalition dynamics"",""Incumbent performance"",""MMP threshold effects"",""Candidate viability""],""base_rate_notes"":""National and Labour dominate most-seats probability. Greens, ACT, NZ First, and Te Pāti Māori can be coalition-relevant but have low most-seats probability.""}",OK,,0.0015,mid,,true
20260626T160140Z:RSO-0241,20260626T160140Z,2026-06-26T16:01:40Z,fair_value_v0.1,ollama,qwen3:8b,RSO-0241,New Zealand legislative election winner,New Zealand legislative election winner — Green Party,Green Party,New Zealand,global_satellite,parliamentary_mmp,new_zealand_most_seats_2026,2116495,0x88188d5f5c9b4c9d6b9b25b69cdc6fc635f629635cacd9f6c1b0190d3382198a,will-green-party-win-the-most-seats-in-the-new-zealand-house-of-representatives-in-the-2026-new-zealand-legislative-election,https://polymarket.com/event/will-green-party-win-the-most-seats-in-the-new-zealand-house-of-representatives-in-the-2026-new-zealand-legislative-election,857700738563620094995568365548281646273066061752493305349670125904783426957,Will Green Party win the most seats in the New Zealand House of Representatives in the 2026 New Zealand legislative election?,0.05,0.3,false,Green Party is a minor party in MMP system; National and Labour dominate most-seats probability. Polls show National leading with 30.5% in May 2026.,"[""Polls may stale quickly"", ""Coalition dynamics"", ""Incumbent performance"", ""MMP threshold effects"", ""Unresolved candidate changes""]",National and Labour dominate most-seats probability. Greens can be coalition-relevant but low for most seats.,"[""evidence/shared/global_satellite_context.md"", ""evidence/parents/new-zealand-most-seats-2026.md"", ""evidence/parents/new-zealand-legislative-election-winner.md"", ""evidence/markets/RSO-0241.md""]",83d0a5cc008ec7bd,"{""fair_value"":0.05,""confidence"":0.3,""should_abstain"":false,""rationale_short"":""Green Party is a minor party in MMP system; National and Labour dominate most-seats probability. Polls show National leading with 30.5% in May 2026."",""key_uncertainties"":[""Polls may stale quickly"",""Coalition dynamics"",""Incumbent performance"",""MMP threshold effects"",""Unresolved candidate changes""],""base_rate_notes"":""National and Labour dominate most-seats probability. Greens can be coalition-relevant but low for most seats.""}",OK,,0.0035,mid,,true
