market_num,tracking_id,parent_market_num,parent_market_name,market_name,question,search_query,region,bucket,system_type,underlying_event_group,group,tier,outcome_market_kind,outcome_order,primary_outcome_to_track,exact_polymarket_slug,slug_search_hint,parent_slug_search_hint,selected_reason,status,liquidity_ok,rules_ok,notes,gamma_market_id,event_id,condition_id,description_text,rules_text,resolution_source,end_date,active,closed,resolved,archived,enable_order_book,outcomes_json,clob_token_ids_json,outcome_token_map_json,yes_token_id,no_token_id,volume,liquidity,market_url,verification_status,verified_at,candidate_matches_json,resolver_notes,topic_filter_all,outcome_filter_any,cut_reason,fix_action
1,RSO-0001,1,"Senate control, 2026","Senate control, 2026 — Republican Party",Will the Republican Party control the Senate after the 2026 Midterm elections?,Will the Republican Party control the Senate after the 2026 Midterm elections?,US,us_national,us_federal,us_senate_control_2026,tracked,core_us,binary_complement_contract,1,Republican Party,will-the-republican-party-control-the-senate-after-the-2026-midterm-elections,will-the-republican-party-control-the-senate-after-the-2026-midterm-elections,which-party-will-win-the-senate-in-2026,Macro Senate control anchor; high-volume central US midterm thesis market.,needs_slug_clob_verification,appears_strong_from_paste,appears_clear_from_paste,Complement outcomes; analyze under same event group.,562794,32224,0x86bfb53af7250a40928975c551d12c185b762fa4ce0b40c6a64a50c946d72587,"This market will resolve according to the party that controls the Senate following the 2026 U.S. Senate elections scheduled for November 3, 2026.

Senate control is defined as having more than half of the voting Senate members, or half of the voting Senate members and the Vice Presidency.

If the outcome of this election is ambiguous given the above rules, this market will remain open until the Majority Leader of the US Senate is selected following the 2026 US general election, at which point it will resolve to the party the majority leader is affiliated with at the time of their election to that position. If the elected majority leader does not caucus with any listed party this market will resolve “Other”.

Determination of which party controls the Senate after the 2026 US Senate elections will be based on a consensus of credible reporting, or if there is ambiguity, final federal and/or state election authority certification or other final official determination of the 2026 election results.",,,2026-11-03T00:00:00Z,true,false,,false,true,"[""Yes"",""No""]","[""51939490109676186832507970701169130490548061087912630009168726706475001411420"",""108587038225191871355030577171066853142535232042155117887981453750193713427381""]","{""Yes"":""51939490109676186832507970701169130490548061087912630009168726706475001411420"",""No"":""108587038225191871355030577171066853142535232042155117887981453750193713427381""}",51939490109676186832507970701169130490548061087912630009168726706475001411420,108587038225191871355030577171066853142535232042155117887981453750193713427381,1308930.158923012,164824.368,https://polymarket.com/event/will-the-republican-party-control-the-senate-after-the-2026-midterm-elections,VERIFIED_READY,2026-06-25T19:31:23+00:00,"[{""score"":1.04,""id"":""562794"",""slug"":""will-the-republican-party-control-the-senate-after-the-2026-midterm-elections"",""question"":""Will the Republican Party control the Senate after the 2026 Midterm elections?"",""event_title"":""Which party will win the Senate in 2026?"",""endDate"":""2026-11-03T00:00:00Z"",""volume"":""1308930.158923012"",""source"":""/events?search"",""active"":true,""closed"":false},{""score"":0.9837,""id"":""562803"",""slug"":""will-the-republican-party-control-the-house-after-the-2026-midterm-elections"",""question"":""Will the Republican Party control the House after the 2026 Midterm elections?"",""event_title"":""Which party will win the House in 2026?"",""endDate"":""2026-11-03T00:00:00Z"",""volume"":""3456201.5151959434"",""source"":""/events?search"",""active"":true,""closed"":false},{""score"":0.9609,""id"":""562793"",""slug"":""will-the-democratic-party-control-the-senate-after-the-2026-midterm-elections"",""question"":""Will the Democratic Party control the Senate after the 2026 Midterm elections?"",""event_title"":""Which party will win the Senate in 2026?"",""endDate"":""2026-11-03T00:00:00Z"",""volume"":""1476430.5579370107"",""source"":""/events?search"",""active"":true,""closed"":false},{""score"":0.9043,""id"":""562802"",""slug"":""will-the-democratic-party-control-the-house-after-the-2026-midterm-elections"",""question"":""Will the Democratic Party control the House after the 2026 Midterm elections?"",""event_title"":""Which party will win the House in 2026?"",""endDate"":""2026-11-03T00:00:00Z"",""volume"":""4185811.6013039355"",""source"":""/events?search"",""active"":true,""closed"":false},{""score"":0.8877,""id"":""562801"",""slug"":""will-another-party-control-the-senate-after-the-2026-midterm-elections-615"",""question"":""Will another party control the Senate after the 2026 Midterm elections?"",""event_title"":""Which party will win the Senate in 2026?"",""endDate"":""2026-11-03T00:00:00Z"",""volume"":""0"",""source"":""/events?search"",""active"":false,""closed"":false}]",Accepted candidate rank 1 with fuzzy_score=1.0400.,,republican|republicans|gop,,KEPT
2,RSO-0002,1,"Senate control, 2026","Senate control, 2026 — Democratic Party",Will the Democratic Party control the Senate after the 2026 Midterm elections?,Will the Democratic Party control the Senate after the 2026 Midterm elections?,US,us_national,us_federal,us_senate_control_2026,tracked,core_us,binary_complement_contract,2,Democratic Party,will-the-democratic-party-control-the-senate-after-the-2026-midterm-elections,will-the-democratic-party-control-the-senate-after-the-2026-midterm-elections,which-party-will-win-the-senate-in-2026,Macro Senate control anchor; high-volume central US midterm thesis market.,needs_slug_clob_verification,appears_strong_from_paste,appears_clear_from_paste,Complement outcomes; analyze under same event group.,562793,32224,0x307a1ed89d60b61002dd5bbf00e1408c5ed2ab3fcdb056191ca7ef9bc34d38f3,"This market will resolve according to the party that controls the Senate following the 2026 U.S. Senate elections scheduled for November 3, 2026.

Senate control is defined as having more than half of the voting Senate members, or half of the voting Senate members and the Vice Presidency.

If the outcome of this election is ambiguous given the above rules, this market will remain open until the Majority Leader of the US Senate is selected following the 2026 US general election, at which point it will resolve to the party the majority leader is affiliated with at the time of their election to that position. If the elected majority leader does not caucus with any listed party this market will resolve “Other”.

Determination of which party controls the Senate after the 2026 US Senate elections will be based on a consensus of credible reporting, or if there is ambiguity, final federal and/or state election authority certification or other final official determination of the 2026 election results.",,,2026-11-03T00:00:00Z,true,false,,false,true,"[""Yes"",""No""]","[""113287701564209339913693347405685749986285999146352375265161592243948562084773"",""107118433685650702332040991454078902188473746599223732907923581436160160612542""]","{""Yes"":""113287701564209339913693347405685749986285999146352375265161592243948562084773"",""No"":""107118433685650702332040991454078902188473746599223732907923581436160160612542""}",113287701564209339913693347405685749986285999146352375265161592243948562084773,107118433685650702332040991454078902188473746599223732907923581436160160612542,1476430.5579370107,194430.3111,https://polymarket.com/event/will-the-democratic-party-control-the-senate-after-the-2026-midterm-elections,VERIFIED_READY,2026-06-25T19:31:35+00:00,"[{""score"":1.04,""id"":""562793"",""slug"":""will-the-democratic-party-control-the-senate-after-the-2026-midterm-elections"",""question"":""Will the Democratic Party control the Senate after the 2026 Midterm elections?"",""event_title"":""Which party will win the Senate in 2026?"",""endDate"":""2026-11-03T00:00:00Z"",""volume"":""1476430.5579370107"",""source"":""/events?search"",""active"":true,""closed"":false},{""score"":0.9837,""id"":""562802"",""slug"":""will-the-democratic-party-control-the-house-after-the-2026-midterm-elections"",""question"":""Will the Democratic Party control the House after the 2026 Midterm elections?"",""event_title"":""Which party will win the House in 2026?"",""endDate"":""2026-11-03T00:00:00Z"",""volume"":""4185811.6013039355"",""source"":""/events?search"",""active"":true,""closed"":false},{""score"":0.9609,""id"":""562794"",""slug"":""will-the-republican-party-control-the-senate-after-the-2026-midterm-elections"",""question"":""Will the Republican Party control the Senate after the 2026 Midterm elections?"",""event_title"":""Which party will win the Senate in 2026?"",""endDate"":""2026-11-03T00:00:00Z"",""volume"":""1308930.158923012"",""source"":""/events?search"",""active"":true,""closed"":false},{""score"":0.9043,""id"":""562803"",""slug"":""will-the-republican-party-control-the-house-after-the-2026-midterm-elections"",""question"":""Will the Republican Party control the House after the 2026 Midterm elections?"",""event_title"":""Which party will win the House in 2026?"",""endDate"":""2026-11-03T00:00:00Z"",""volume"":""3456201.5151959434"",""source"":""/events?search"",""active"":true,""closed"":false},{""score"":0.8877,""id"":""562801"",""slug"":""will-another-party-control-the-senate-after-the-2026-midterm-elections-615"",""question"":""Will another party control the Senate after the 2026 Midterm elections?"",""event_title"":""Which party will win the Senate in 2026?"",""endDate"":""2026-11-03T00:00:00Z"",""volume"":""0"",""source"":""/events?search"",""active"":false,""closed"":false}]",Accepted candidate rank 1 with fuzzy_score=1.0400.,,democrat|democrats|democratic,,KEPT
3,RSO-0003,2,"House control, 2026","House control, 2026 — Republican Party",Will the Republican Party control the House after the 2026 Midterm elections?,Will the Republican Party control the House after the 2026 Midterm elections?,US,us_national,us_federal,us_house_control_2026,tracked,core_us,binary_complement_contract,1,Republican Party,will-the-republican-party-control-the-house-after-the-2026-midterm-elections,will-the-republican-party-control-the-house-after-the-2026-midterm-elections,which-party-will-win-the-house-in-2026,Macro House control anchor; high-volume central US midterm thesis market.,needs_slug_clob_verification,appears_strong_from_paste,appears_clear_from_paste,Complement outcomes; analyze under same event group.,562803,32225,0x4e4f77e7dbf4cab666e9a1943674d7ae66348e862df03ea6f44b11eb95731928,"This market will resolve according to the party that controls the House of Representatives following the 2026 U.S. House elections scheduled for November 3, 2026.

House control is defined as having more than half of the voting members of the U.S. House of Representatives.

If the outcome of this election is ambiguous given the above rules, this market will remain open until the Speaker of the House is selected following the 2026 U.S. general election, at which point it will resolve to the party the Speaker is affiliated with at the time of their election to that position. If the elected Speaker does not caucus with any listed party this market will resolve “Other”.

Determination of which party controls the House after the 2026 U.S. House elections will be based on a consensus of credible reporting, or if there is ambiguity, final federal and/or state election authority certification or other final official determination of the 2026 election results.",,,2026-11-03T00:00:00Z,true,false,,false,true,"[""Yes"",""No""]","[""65139230827417363158752884968303867495725894165574887635816574090175320800482"",""17371217118862125782438074585166210555214661810823929795910191856905580975576""]","{""Yes"":""65139230827417363158752884968303867495725894165574887635816574090175320800482"",""No"":""17371217118862125782438074585166210555214661810823929795910191856905580975576""}",65139230827417363158752884968303867495725894165574887635816574090175320800482,17371217118862125782438074585166210555214661810823929795910191856905580975576,3456201.5151959434,389706.002,https://polymarket.com/event/will-the-republican-party-control-the-house-after-the-2026-midterm-elections,VERIFIED_READY,2026-06-25T19:35:20+00:00,"[{""score"":1.0391,""id"":""562803"",""slug"":""will-the-republican-party-control-the-house-after-the-2026-midterm-elections"",""question"":""Will the Republican Party control the House after the 2026 Midterm elections?"",""event_title"":""Which party will win the House in 2026?"",""endDate"":""2026-11-03T00:00:00Z"",""volume"":""3456201.5151959434"",""source"":""/events?search"",""active"":true,""closed"":false},{""score"":0.989,""id"":""562794"",""slug"":""will-the-republican-party-control-the-senate-after-the-2026-midterm-elections"",""question"":""Will the Republican Party control the Senate after the 2026 Midterm elections?"",""event_title"":""Which party will win the Senate in 2026?"",""endDate"":""2026-11-03T00:00:00Z"",""volume"":""1308930.158923012"",""source"":""/events?search"",""active"":true,""closed"":false},{""score"":0.9593,""id"":""562802"",""slug"":""will-the-democratic-party-control-the-house-after-the-2026-midterm-elections"",""question"":""Will the Democratic Party control the House after the 2026 Midterm elections?"",""event_title"":""Which party will win the House in 2026?"",""endDate"":""2026-11-03T00:00:00Z"",""volume"":""4185811.6013039355"",""source"":""/events?search"",""active"":true,""closed"":false},{""score"":0.9095,""id"":""562793"",""slug"":""will-the-democratic-party-control-the-senate-after-the-2026-midterm-elections"",""question"":""Will the Democratic Party control the Senate after the 2026 Midterm elections?"",""event_title"":""Which party will win the Senate in 2026?"",""endDate"":""2026-11-03T00:00:00Z"",""volume"":""1476430.5579370107"",""source"":""/events?search"",""active"":true,""closed"":false},{""score"":0.886,""id"":""562810"",""slug"":""will-another-party-control-the-house-after-the-2026-midterm-elections-693"",""question"":""Will another party control the House after the 2026 Midterm elections?"",""event_title"":""Which party will win the House in 2026?"",""endDate"":""2025-07-11T00:00:00Z"",""volume"":""0"",""source"":""/events?search"",""active"":false,""closed"":false}]",Accepted candidate rank 1 with fuzzy_score=1.0391.,,republican|republicans|gop,,KEPT
4,RSO-0004,2,"House control, 2026","House control, 2026 — Democratic Party",Will the Democratic Party control the House after the 2026 Midterm elections?,Will the Democratic Party control the House after the 2026 Midterm elections?,US,us_national,us_federal,us_house_control_2026,tracked,core_us,binary_complement_contract,2,Democratic Party,will-the-democratic-party-control-the-house-after-the-2026-midterm-elections,will-the-democratic-party-control-the-house-after-the-2026-midterm-elections,which-party-will-win-the-house-in-2026,Macro House control anchor; high-volume central US midterm thesis market.,needs_slug_clob_verification,appears_strong_from_paste,appears_clear_from_paste,Complement outcomes; analyze under same event group.,562802,32225,0xd5d9fc47718bd553592d126b1fa5e87183d27f3936975b0c04cc0f2dec1f1bb4,"This market will resolve according to the party that controls the House of Representatives following the 2026 U.S. House elections scheduled for November 3, 2026.

House control is defined as having more than half of the voting members of the U.S. House of Representatives.

If the outcome of this election is ambiguous given the above rules, this market will remain open until the Speaker of the House is selected following the 2026 U.S. general election, at which point it will resolve to the party the Speaker is affiliated with at the time of their election to that position. If the elected Speaker does not caucus with any listed party this market will resolve “Other”.

Determination of which party controls the House after the 2026 U.S. House elections will be based on a consensus of credible reporting, or if there is ambiguity, final federal and/or state election authority certification or other final official determination of the 2026 election results.",,,2026-11-03T00:00:00Z,true,false,,false,true,"[""Yes"",""No""]","[""83247781037352156539108067944461291821683755894607244160607042790356561625563"",""33156410999665902694791064431724433042010245771106314074312009703157423879038""]","{""Yes"":""83247781037352156539108067944461291821683755894607244160607042790356561625563"",""No"":""33156410999665902694791064431724433042010245771106314074312009703157423879038""}",83247781037352156539108067944461291821683755894607244160607042790356561625563,33156410999665902694791064431724433042010245771106314074312009703157423879038,4185811.6013039355,376086.6071,https://polymarket.com/event/will-the-democratic-party-control-the-house-after-the-2026-midterm-elections,VERIFIED_READY,2026-06-25T19:35:32+00:00,"[{""score"":1.0391,""id"":""562802"",""slug"":""will-the-democratic-party-control-the-house-after-the-2026-midterm-elections"",""question"":""Will the Democratic Party control the House after the 2026 Midterm elections?"",""event_title"":""Which party will win the House in 2026?"",""endDate"":""2026-11-03T00:00:00Z"",""volume"":""4185811.6013039355"",""source"":""/events?search"",""active"":true,""closed"":false},{""score"":0.989,""id"":""562793"",""slug"":""will-the-democratic-party-control-the-senate-after-the-2026-midterm-elections"",""question"":""Will the Democratic Party control the Senate after the 2026 Midterm elections?"",""event_title"":""Which party will win the Senate in 2026?"",""endDate"":""2026-11-03T00:00:00Z"",""volume"":""1476430.5579370107"",""source"":""/events?search"",""active"":true,""closed"":false},{""score"":0.9593,""id"":""562803"",""slug"":""will-the-republican-party-control-the-house-after-the-2026-midterm-elections"",""question"":""Will the Republican Party control the House after the 2026 Midterm elections?"",""event_title"":""Which party will win the House in 2026?"",""endDate"":""2026-11-03T00:00:00Z"",""volume"":""3456201.5151959434"",""source"":""/events?search"",""active"":true,""closed"":false},{""score"":0.9095,""id"":""562794"",""slug"":""will-the-republican-party-control-the-senate-after-the-2026-midterm-elections"",""question"":""Will the Republican Party control the Senate after the 2026 Midterm elections?"",""event_title"":""Which party will win the Senate in 2026?"",""endDate"":""2026-11-03T00:00:00Z"",""volume"":""1308930.158923012"",""source"":""/events?search"",""active"":true,""closed"":false},{""score"":0.886,""id"":""562810"",""slug"":""will-another-party-control-the-house-after-the-2026-midterm-elections-693"",""question"":""Will another party control the House after the 2026 Midterm elections?"",""event_title"":""Which party will win the House in 2026?"",""endDate"":""2025-07-11T00:00:00Z"",""volume"":""0"",""source"":""/events?search"",""active"":false,""closed"":false}]",Accepted candidate rank 1 with fuzzy_score=1.0391.,,democrat|democrats|democratic,,KEPT
5,RSO-0005,3,Republican House seats after 2026 midterms,Republican House seats after 2026 midterms — Below 190,Will the Republican Party hold below 190 House seats after the 2026 midterm elections?,Will the Republican Party hold below 190 House seats after the 2026 midterm elections?,US,us_national,us_federal,us_house_seat_range_2026,tracked,core_us,range_contract,1,Below 190,will-the-republican-party-hold-below-190-house-seats-after-the-2026-midterm-elections,will-the-republican-party-hold-below-190-house-seats-after-the-2026-midterm-elections,republican-house-seats-after-the-2026-midterm-elections,House seat distribution / majority-size market; split into every bracket to avoid collapsing a range event into one row.,needs_slug_clob_verification,needs_orderbook_check,appears_clear_from_paste,Range event expanded to one row per bracket.,919489,103166,0xa2e43598547f2e90e3eee195812c8814202b9b66f6c540d7e15a265cbe93f68f,"The 2026 midterm elections are scheduled to be held on November 3, 2026.

This market will resolve according to the number of seats held by the Republican Party in the US House of Representatives as a result of the 2026 midterm elections.

This market will resolve based on the results of all US House of Representatives elections, including special elections, that are scheduled to occur in November 2026 as of October 31, 2026. If a required runoff for any such election could change the market’s outcome, the market will remain open until that runoff is conclusively called by this market’s resolution sources.

A candidate's party will be determined by their ballot-listed or otherwise identifiable affiliation with that party at the time all of the 2026 House elections are conclusively called by this market's resolution sources.

The resolution source for this market is the Associated Press, Fox News, and NBC. This market will resolve once all three sources have conclusively called all US House of Representatives elections. If all three sources do not achieve consensus in calling the relevant races for this market, it will resolve based on the official certification.",,,2026-11-03T00:00:00Z,true,false,,false,true,"[""Yes"",""No""]","[""106321904011141120286469207995805275978977204556483905903452161304048552011252"",""94230171906841915106704029803563020420374657103436346471561700926244621209762""]","{""Yes"":""106321904011141120286469207995805275978977204556483905903452161304048552011252"",""No"":""94230171906841915106704029803563020420374657103436346471561700926244621209762""}",106321904011141120286469207995805275978977204556483905903452161304048552011252,94230171906841915106704029803563020420374657103436346471561700926244621209762,22003.404290999988,9426.5008,https://polymarket.com/event/will-the-republican-party-hold-below-190-house-seats-after-the-2026-midterm-elections,VERIFIED_READY,2026-06-25T19:35:46+00:00,"[{""score"":0.9431,""id"":""919489"",""slug"":""will-the-republican-party-hold-below-190-house-seats-after-the-2026-midterm-elections"",""question"":""Will the Republican Party hold below 190 House seats after the 2026 midterm elections?"",""event_title"":"""",""endDate"":""2026-11-03T00:00:00Z"",""volume"":""22003.404290999988"",""source"":""markets_slug_query"",""active"":true,""closed"":false},{""score"":0.8763,""id"":""562803"",""slug"":""will-the-republican-party-control-the-house-after-the-2026-midterm-elections"",""question"":""Will the Republican Party control the House after the 2026 Midterm elections?"",""event_title"":""Which party will win the House in 2026?"",""endDate"":""2026-11-03T00:00:00Z"",""volume"":""3456201.5151959434"",""source"":""/events?search"",""active"":true,""closed"":false},{""score"":0.8539,""id"":""562794"",""slug"":""will-the-republican-party-control-the-senate-after-the-2026-midterm-elections"",""question"":""Will the Republican Party control the Senate after the 2026 Midterm elections?"",""event_title"":""Which party will win the Senate in 2026?"",""endDate"":""2026-11-03T00:00:00Z"",""volume"":""1308930.158923012"",""source"":""/events?search"",""active"":true,""closed"":false},{""score"":0.8043,""id"":""562802"",""slug"":""will-the-democratic-party-control-the-house-after-the-2026-midterm-elections"",""question"":""Will the Democratic Party control the House after the 2026 Midterm elections?"",""event_title"":""Which party will win the House in 2026?"",""endDate"":""2026-11-03T00:00:00Z"",""volume"":""4185811.6013039355"",""source"":""/events?search"",""active"":true,""closed"":false},{""score"":0.7823,""id"":""562793"",""slug"":""will-the-democratic-party-control-the-senate-after-the-2026-midterm-elections"",""question"":""Will the Democratic Party control the Senate after the 2026 Midterm elections?"",""event_title"":""Which party will win the Senate in 2026?"",""endDate"":""2026-11-03T00:00:00Z"",""volume"":""1476430.5579370107"",""source"":""/events?search"",""active"":true,""closed"":false}]",Accepted candidate rank 1 with fuzzy_score=0.9431.,,Below 190,,KEPT
6,RSO-0006,3,Republican House seats after 2026 midterms,Republican House seats after 2026 midterms — 190-194,Will the Republican Party hold between 190 and 194 House seats after the 2026 midterm elections?,Will the Republican Party hold between 190 and 194 House seats after the 2026 midterm elections?,US,us_national,us_federal,us_house_seat_range_2026,tracked,core_us,range_contract,2,190-194,will-the-republican-party-hold-between-190-and-194-house-seats-after-the-2026-midterm-elections,will-the-republican-party-hold-between-190-and-194-house-seats-after-the-2026-midterm-elections,republican-house-seats-after-the-2026-midterm-elections,House seat distribution / majority-size market; split into every bracket to avoid collapsing a range event into one row.,needs_slug_clob_verification,needs_orderbook_check,appears_clear_from_paste,Range event expanded to one row per bracket.,919490,103166,0x18cc1dd29f0b816135d5337cebae4d1f8b42a2c8b951e893936f35fd235ecc94,"The 2026 midterm elections are scheduled to be held on November 3, 2026.

This market will resolve according to the number of seats held by the Republican Party in the US House of Representatives as a result of the 2026 midterm elections.

This market will resolve based on the results of all US House of Representatives elections, including special elections, that are scheduled to occur in November 2026 as of October 31, 2026. If a required runoff for any such election could change the market’s outcome, the market will remain open until that runoff is conclusively called by this market’s resolution sources.

A candidate's party will be determined by their ballot-listed or otherwise identifiable affiliation with that party at the time all of the 2026 House elections are conclusively called by this market's resolution sources.

The resolution source for this market is the Associated Press, Fox News, and NBC. This market will resolve once all three sources have conclusively called all US House of Representatives elections. If all three sources do not achieve consensus in calling the relevant races for this market, it will resolve based on the official certification.",,,2026-11-03T00:00:00Z,true,false,,false,true,"[""Yes"",""No""]","[""28563039514548428320768176747354466148898869862983186828076262234559578730437"",""39274759637512251349899918315825402156591164583296512759737487181303980304481""]","{""Yes"":""28563039514548428320768176747354466148898869862983186828076262234559578730437"",""No"":""39274759637512251349899918315825402156591164583296512759737487181303980304481""}",28563039514548428320768176747354466148898869862983186828076262234559578730437,39274759637512251349899918315825402156591164583296512759737487181303980304481,10314.481388000002,17788.8667,https://polymarket.com/event/will-the-republican-party-hold-between-190-and-194-house-seats-after-the-2026-midterm-elections,VERIFIED_READY,2026-06-25T19:35:58+00:00,"[{""score"":0.9428,""id"":""919490"",""slug"":""will-the-republican-party-hold-between-190-and-194-house-seats-after-the-2026-midterm-elections"",""question"":""Will the Republican Party hold between 190 and 194 House seats after the 2026 midterm elections?"",""event_title"":"""",""endDate"":""2026-11-03T00:00:00Z"",""volume"":""10314.481388000002"",""source"":""markets_slug_query"",""active"":true,""closed"":false},{""score"":0.8267,""id"":""562803"",""slug"":""will-the-republican-party-control-the-house-after-the-2026-midterm-elections"",""question"":""Will the Republican Party control the House after the 2026 Midterm elections?"",""event_title"":""Which party will win the House in 2026?"",""endDate"":""2026-11-03T00:00:00Z"",""volume"":""3456201.5151959434"",""source"":""/events?search"",""active"":true,""closed"":false},{""score"":0.8116,""id"":""562794"",""slug"":""will-the-republican-party-control-the-senate-after-the-2026-midterm-elections"",""question"":""Will the Republican Party control the Senate after the 2026 Midterm elections?"",""event_title"":""Which party will win the Senate in 2026?"",""endDate"":""2026-11-03T00:00:00Z"",""volume"":""1308930.158923012"",""source"":""/events?search"",""active"":true,""closed"":false},{""score"":0.7601,""id"":""562802"",""slug"":""will-the-democratic-party-control-the-house-after-the-2026-midterm-elections"",""question"":""Will the Democratic Party control the House after the 2026 Midterm elections?"",""event_title"":""Which party will win the House in 2026?"",""endDate"":""2026-11-03T00:00:00Z"",""volume"":""4185811.6013039355"",""source"":""/events?search"",""active"":true,""closed"":false},{""score"":0.7453,""id"":""562793"",""slug"":""will-the-democratic-party-control-the-senate-after-the-2026-midterm-elections"",""question"":""Will the Democratic Party control the Senate after the 2026 Midterm elections?"",""event_title"":""Which party will win the Senate in 2026?"",""endDate"":""2026-11-03T00:00:00Z"",""volume"":""1476430.5579370107"",""source"":""/events?search"",""active"":true,""closed"":false}]",Accepted candidate rank 1 with fuzzy_score=0.9428.,,190-194,,KEPT
7,RSO-0007,3,Republican House seats after 2026 midterms,Republican House seats after 2026 midterms — 195-199,Will the Republican Party hold between 195 and 199 House seats after the 2026 midterm elections?,Will the Republican Party hold between 195 and 199 House seats after the 2026 midterm elections?,US,us_national,us_federal,us_house_seat_range_2026,tracked,core_us,range_contract,3,195-199,will-the-republican-party-hold-between-195-and-199-house-seats-after-the-2026-midterm-elections,will-the-republican-party-hold-between-195-and-199-house-seats-after-the-2026-midterm-elections,republican-house-seats-after-the-2026-midterm-elections,House seat distribution / majority-size market; split into every bracket to avoid collapsing a range event into one row.,needs_slug_clob_verification,needs_orderbook_check,appears_clear_from_paste,Range event expanded to one row per bracket.,919491,103166,0xa6af312109c285d70f39a4f8d8e3d4a2e7e12bcabe5ab03527396a3a1377925d,"The 2026 midterm elections are scheduled to be held on November 3, 2026.

This market will resolve according to the number of seats held by the Republican Party in the US House of Representatives as a result of the 2026 midterm elections.

This market will resolve based on the results of all US House of Representatives elections, including special elections, that are scheduled to occur in November 2026 as of October 31, 2026. If a required runoff for any such election could change the market’s outcome, the market will remain open until that runoff is conclusively called by this market’s resolution sources.

A candidate's party will be determined by their ballot-listed or otherwise identifiable affiliation with that party at the time all of the 2026 House elections are conclusively called by this market's resolution sources.

The resolution source for this market is the Associated Press, Fox News, and NBC. This market will resolve once all three sources have conclusively called all US House of Representatives elections. If all three sources do not achieve consensus in calling the relevant races for this market, it will resolve based on the official certification.",,,2026-11-03T00:00:00Z,true,false,,false,true,"[""Yes"",""No""]","[""115193834526916935745756977772378619467834046854963255708898687971795314424675"",""65987535647596362321220801366147935730786543051104441957847323449315063332845""]","{""Yes"":""115193834526916935745756977772378619467834046854963255708898687971795314424675"",""No"":""65987535647596362321220801366147935730786543051104441957847323449315063332845""}",115193834526916935745756977772378619467834046854963255708898687971795314424675,65987535647596362321220801366147935730786543051104441957847323449315063332845,30108.46548199999,16409.6908,https://polymarket.com/event/will-the-republican-party-hold-between-195-and-199-house-seats-after-the-2026-midterm-elections,VERIFIED_READY,2026-06-25T19:37:43+00:00,"[{""score"":0.9447,""id"":""919491"",""slug"":""will-the-republican-party-hold-between-195-and-199-house-seats-after-the-2026-midterm-elections"",""question"":""Will the Republican Party hold between 195 and 199 House seats after the 2026 midterm elections?"",""event_title"":"""",""endDate"":""2026-11-03T00:00:00Z"",""volume"":""30108.46548199999"",""source"":""markets_slug_query"",""active"":true,""closed"":false},{""score"":0.8267,""id"":""562803"",""slug"":""will-the-republican-party-control-the-house-after-the-2026-midterm-elections"",""question"":""Will the Republican Party control the House after the 2026 Midterm elections?"",""event_title"":""Which party will win the House in 2026?"",""endDate"":""2026-11-03T00:00:00Z"",""volume"":""3456201.5151959434"",""source"":""/events?search"",""active"":true,""closed"":false},{""score"":0.8116,""id"":""562794"",""slug"":""will-the-republican-party-control-the-senate-after-the-2026-midterm-elections"",""question"":""Will the Republican Party control the Senate after the 2026 Midterm elections?"",""event_title"":""Which party will win the Senate in 2026?"",""endDate"":""2026-11-03T00:00:00Z"",""volume"":""1308930.158923012"",""source"":""/events?search"",""active"":true,""closed"":false},{""score"":0.7601,""id"":""562802"",""slug"":""will-the-democratic-party-control-the-house-after-the-2026-midterm-elections"",""question"":""Will the Democratic Party control the House after the 2026 Midterm elections?"",""event_title"":""Which party will win the House in 2026?"",""endDate"":""2026-11-03T00:00:00Z"",""volume"":""4185811.6013039355"",""source"":""/events?search"",""active"":true,""closed"":false},{""score"":0.7453,""id"":""562793"",""slug"":""will-the-democratic-party-control-the-senate-after-the-2026-midterm-elections"",""question"":""Will the Democratic Party control the Senate after the 2026 Midterm elections?"",""event_title"":""Which party will win the Senate in 2026?"",""endDate"":""2026-11-03T00:00:00Z"",""volume"":""1476430.5579370107"",""source"":""/events?search"",""active"":true,""closed"":false}]",Accepted candidate rank 1 with fuzzy_score=0.9447.,,195-199,,KEPT
8,RSO-0008,3,Republican House seats after 2026 midterms,Republican House seats after 2026 midterms — 200-204,Will the Republican Party hold between 200 and 204 House seats after the 2026 midterm elections?,Will the Republican Party hold between 200 and 204 House seats after the 2026 midterm elections?,US,us_national,us_federal,us_house_seat_range_2026,tracked,core_us,range_contract,4,200-204,will-the-republican-party-hold-between-200-and-204-house-seats-after-the-2026-midterm-elections,will-the-republican-party-hold-between-200-and-204-house-seats-after-the-2026-midterm-elections,republican-house-seats-after-the-2026-midterm-elections,House seat distribution / majority-size market; split into every bracket to avoid collapsing a range event into one row.,needs_slug_clob_verification,needs_orderbook_check,appears_clear_from_paste,Range event expanded to one row per bracket.,919492,103166,0x7ff4e4b2f389acdd96ef18bb34684b9219a972b7ef0cde5856d28f5d5325f3d4,"The 2026 midterm elections are scheduled to be held on November 3, 2026.

This market will resolve according to the number of seats held by the Republican Party in the US House of Representatives as a result of the 2026 midterm elections.

This market will resolve based on the results of all US House of Representatives elections, including special elections, that are scheduled to occur in November 2026 as of October 31, 2026. If a required runoff for any such election could change the market’s outcome, the market will remain open until that runoff is conclusively called by this market’s resolution sources.

A candidate's party will be determined by their ballot-listed or otherwise identifiable affiliation with that party at the time all of the 2026 House elections are conclusively called by this market's resolution sources.

The resolution source for this market is the Associated Press, Fox News, and NBC. This market will resolve once all three sources have conclusively called all US House of Representatives elections. If all three sources do not achieve consensus in calling the relevant races for this market, it will resolve based on the official certification.",,,2026-11-03T00:00:00Z,true,false,,false,true,"[""Yes"",""No""]","[""72002069499527925398637560287453277989370912181886433715927009264225913591577"",""66528408760708879746002787389405554394995959656331652859367394447910291935169""]","{""Yes"":""72002069499527925398637560287453277989370912181886433715927009264225913591577"",""No"":""66528408760708879746002787389405554394995959656331652859367394447910291935169""}",72002069499527925398637560287453277989370912181886433715927009264225913591577,66528408760708879746002787389405554394995959656331652859367394447910291935169,23245.749587,17510.22222,https://polymarket.com/event/will-the-republican-party-hold-between-200-and-204-house-seats-after-the-2026-midterm-elections,VERIFIED_READY,2026-06-25T19:37:56+00:00,"[{""score"":0.9441,""id"":""919492"",""slug"":""will-the-republican-party-hold-between-200-and-204-house-seats-after-the-2026-midterm-elections"",""question"":""Will the Republican Party hold between 200 and 204 House seats after the 2026 midterm elections?"",""event_title"":"""",""endDate"":""2026-11-03T00:00:00Z"",""volume"":""23245.749587"",""source"":""markets_slug_query"",""active"":true,""closed"":false},{""score"":0.8267,""id"":""562803"",""slug"":""will-the-republican-party-control-the-house-after-the-2026-midterm-elections"",""question"":""Will the Republican Party control the House after the 2026 Midterm elections?"",""event_title"":""Which party will win the House in 2026?"",""endDate"":""2026-11-03T00:00:00Z"",""volume"":""3456201.5151959434"",""source"":""/events?search"",""active"":true,""closed"":false},{""score"":0.8116,""id"":""562794"",""slug"":""will-the-republican-party-control-the-senate-after-the-2026-midterm-elections"",""question"":""Will the Republican Party control the Senate after the 2026 Midterm elections?"",""event_title"":""Which party will win the Senate in 2026?"",""endDate"":""2026-11-03T00:00:00Z"",""volume"":""1308930.158923012"",""source"":""/events?search"",""active"":true,""closed"":false},{""score"":0.7601,""id"":""562802"",""slug"":""will-the-democratic-party-control-the-house-after-the-2026-midterm-elections"",""question"":""Will the Democratic Party control the House after the 2026 Midterm elections?"",""event_title"":""Which party will win the House in 2026?"",""endDate"":""2026-11-03T00:00:00Z"",""volume"":""4185811.6013039355"",""source"":""/events?search"",""active"":true,""closed"":false},{""score"":0.7453,""id"":""562793"",""slug"":""will-the-democratic-party-control-the-senate-after-the-2026-midterm-elections"",""question"":""Will the Democratic Party control the Senate after the 2026 Midterm elections?"",""event_title"":""Which party will win the Senate in 2026?"",""endDate"":""2026-11-03T00:00:00Z"",""volume"":""1476430.5579370107"",""source"":""/events?search"",""active"":true,""closed"":false}]",Accepted candidate rank 1 with fuzzy_score=0.9441.,,200-204,,KEPT
9,RSO-0009,3,Republican House seats after 2026 midterms,Republican House seats after 2026 midterms — 205-209,Will the Republican Party hold between 205 and 209 House seats after the 2026 midterm elections?,Will the Republican Party hold between 205 and 209 House seats after the 2026 midterm elections?,US,us_national,us_federal,us_house_seat_range_2026,tracked,core_us,range_contract,5,205-209,will-the-republican-party-hold-between-205-and-209-house-seats-after-the-2026-midterm-elections,will-the-republican-party-hold-between-205-and-209-house-seats-after-the-2026-midterm-elections,republican-house-seats-after-the-2026-midterm-elections,House seat distribution / majority-size market; split into every bracket to avoid collapsing a range event into one row.,needs_slug_clob_verification,needs_orderbook_check,appears_clear_from_paste,Range event expanded to one row per bracket.,919493,103166,0x55f8333c05a9693135c74efeb660c473d9b7a46c02be73ce828914313dda5faf,"The 2026 midterm elections are scheduled to be held on November 3, 2026.

This market will resolve according to the number of seats held by the Republican Party in the US House of Representatives as a result of the 2026 midterm elections.

This market will resolve based on the results of all US House of Representatives elections, including special elections, that are scheduled to occur in November 2026 as of October 31, 2026. If a required runoff for any such election could change the market’s outcome, the market will remain open until that runoff is conclusively called by this market’s resolution sources.

A candidate's party will be determined by their ballot-listed or otherwise identifiable affiliation with that party at the time all of the 2026 House elections are conclusively called by this market's resolution sources.

The resolution source for this market is the Associated Press, Fox News, and NBC. This market will resolve once all three sources have conclusively called all US House of Representatives elections. If all three sources do not achieve consensus in calling the relevant races for this market, it will resolve based on the official certification.",,,2026-11-03T00:00:00Z,true,false,,false,true,"[""Yes"",""No""]","[""29313994937981195788931635785989333043799554756927714294439868926183474951020"",""38515434750888545847964877796875941330219019129192747539033962822760342783210""]","{""Yes"":""29313994937981195788931635785989333043799554756927714294439868926183474951020"",""No"":""38515434750888545847964877796875941330219019129192747539033962822760342783210""}",29313994937981195788931635785989333043799554756927714294439868926183474951020,38515434750888545847964877796875941330219019129192747539033962822760342783210,37108.021496999965,19059.73907,https://polymarket.com/event/will-the-republican-party-hold-between-205-and-209-house-seats-after-the-2026-midterm-elections,VERIFIED_READY,2026-06-25T19:38:04+00:00,"[{""score"":0.9456,""id"":""919493"",""slug"":""will-the-republican-party-hold-between-205-and-209-house-seats-after-the-2026-midterm-elections"",""question"":""Will the Republican Party hold between 205 and 209 House seats after the 2026 midterm elections?"",""event_title"":"""",""endDate"":""2026-11-03T00:00:00Z"",""volume"":""37108.021496999965"",""source"":""markets_slug_query"",""active"":true,""closed"":false},{""score"":0.8267,""id"":""562803"",""slug"":""will-the-republican-party-control-the-house-after-the-2026-midterm-elections"",""question"":""Will the Republican Party control the House after the 2026 Midterm elections?"",""event_title"":""Which party will win the House in 2026?"",""endDate"":""2026-11-03T00:00:00Z"",""volume"":""3456201.5151959434"",""source"":""/events?search"",""active"":true,""closed"":false},{""score"":0.8116,""id"":""562794"",""slug"":""will-the-republican-party-control-the-senate-after-the-2026-midterm-elections"",""question"":""Will the Republican Party control the Senate after the 2026 Midterm elections?"",""event_title"":""Which party will win the Senate in 2026?"",""endDate"":""2026-11-03T00:00:00Z"",""volume"":""1308930.158923012"",""source"":""/events?search"",""active"":true,""closed"":false},{""score"":0.7601,""id"":""562802"",""slug"":""will-the-democratic-party-control-the-house-after-the-2026-midterm-elections"",""question"":""Will the Democratic Party control the House after the 2026 Midterm elections?"",""event_title"":""Which party will win the House in 2026?"",""endDate"":""2026-11-03T00:00:00Z"",""volume"":""4185811.6013039355"",""source"":""/events?search"",""active"":true,""closed"":false},{""score"":0.7453,""id"":""562793"",""slug"":""will-the-democratic-party-control-the-senate-after-the-2026-midterm-elections"",""question"":""Will the Democratic Party control the Senate after the 2026 Midterm elections?"",""event_title"":""Which party will win the Senate in 2026?"",""endDate"":""2026-11-03T00:00:00Z"",""volume"":""1476430.5579370107"",""source"":""/events?search"",""active"":true,""closed"":false}]",Accepted candidate rank 1 with fuzzy_score=0.9456.,,205-209,,KEPT
10,RSO-0010,3,Republican House seats after 2026 midterms,Republican House seats after 2026 midterms — 210-214,Will the Republican Party hold between 210 and 214 House seats after the 2026 midterm elections?,Will the Republican Party hold between 210 and 214 House seats after the 2026 midterm elections?,US,us_national,us_federal,us_house_seat_range_2026,tracked,core_us,range_contract,6,210-214,will-the-republican-party-hold-between-210-and-214-house-seats-after-the-2026-midterm-elections,will-the-republican-party-hold-between-210-and-214-house-seats-after-the-2026-midterm-elections,republican-house-seats-after-the-2026-midterm-elections,House seat distribution / majority-size market; split into every bracket to avoid collapsing a range event into one row.,needs_slug_clob_verification,needs_orderbook_check,appears_clear_from_paste,Range event expanded to one row per bracket.,919494,103166,0xf301c0842eeb33bd0a7718e4775bfb98b326a28bf837e18d65057e3516a5f6cb,"The 2026 midterm elections are scheduled to be held on November 3, 2026.

This market will resolve according to the number of seats held by the Republican Party in the US House of Representatives as a result of the 2026 midterm elections.

This market will resolve based on the results of all US House of Representatives elections, including special elections, that are scheduled to occur in November 2026 as of October 31, 2026. If a required runoff for any such election could change the market’s outcome, the market will remain open until that runoff is conclusively called by this market’s resolution sources.

A candidate's party will be determined by their ballot-listed or otherwise identifiable affiliation with that party at the time all of the 2026 House elections are conclusively called by this market's resolution sources.

The resolution source for this market is the Associated Press, Fox News, and NBC. This market will resolve once all three sources have conclusively called all US House of Representatives elections. If all three sources do not achieve consensus in calling the relevant races for this market, it will resolve based on the official certification.",,,2026-11-03T00:00:00Z,true,false,,false,true,"[""Yes"",""No""]","[""54380927206833851183661949055792883595494421437547231435217946779970572480742"",""110334111190613046174315727636743894246666688511202093200521779677485248024173""]","{""Yes"":""54380927206833851183661949055792883595494421437547231435217946779970572480742"",""No"":""110334111190613046174315727636743894246666688511202093200521779677485248024173""}",54380927206833851183661949055792883595494421437547231435217946779970572480742,110334111190613046174315727636743894246666688511202093200521779677485248024173,13943.095681999996,18194.15148,https://polymarket.com/event/will-the-republican-party-hold-between-210-and-214-house-seats-after-the-2026-midterm-elections,VERIFIED_READY,2026-06-25T19:38:24+00:00,"[{""score"":0.9432,""id"":""919494"",""slug"":""will-the-republican-party-hold-between-210-and-214-house-seats-after-the-2026-midterm-elections"",""question"":""Will the Republican Party hold between 210 and 214 House seats after the 2026 midterm elections?"",""event_title"":"""",""endDate"":""2026-11-03T00:00:00Z"",""volume"":""13943.095681999996"",""source"":""markets_slug_query"",""active"":true,""closed"":false},{""score"":0.8267,""id"":""562803"",""slug"":""will-the-republican-party-control-the-house-after-the-2026-midterm-elections"",""question"":""Will the Republican Party control the House after the 2026 Midterm elections?"",""event_title"":""Which party will win the House in 2026?"",""endDate"":""2026-11-03T00:00:00Z"",""volume"":""3456201.5151959434"",""source"":""/events?search"",""active"":true,""closed"":false},{""score"":0.8116,""id"":""562794"",""slug"":""will-the-republican-party-control-the-senate-after-the-2026-midterm-elections"",""question"":""Will the Republican Party control the Senate after the 2026 Midterm elections?"",""event_title"":""Which party will win the Senate in 2026?"",""endDate"":""2026-11-03T00:00:00Z"",""volume"":""1308930.158923012"",""source"":""/events?search"",""active"":true,""closed"":false},{""score"":0.7601,""id"":""562802"",""slug"":""will-the-democratic-party-control-the-house-after-the-2026-midterm-elections"",""question"":""Will the Democratic Party control the House after the 2026 Midterm elections?"",""event_title"":""Which party will win the House in 2026?"",""endDate"":""2026-11-03T00:00:00Z"",""volume"":""4185811.6013039355"",""source"":""/events?search"",""active"":true,""closed"":false},{""score"":0.7453,""id"":""562793"",""slug"":""will-the-democratic-party-control-the-senate-after-the-2026-midterm-elections"",""question"":""Will the Democratic Party control the Senate after the 2026 Midterm elections?"",""event_title"":""Which party will win the Senate in 2026?"",""endDate"":""2026-11-03T00:00:00Z"",""volume"":""1476430.5579370107"",""source"":""/events?search"",""active"":true,""closed"":false}]",Accepted candidate rank 1 with fuzzy_score=0.9432.,,210-214,,KEPT
11,RSO-0011,3,Republican House seats after 2026 midterms,Republican House seats after 2026 midterms — 215-219,Will the Republican Party hold between 215 and 219 House seats after the 2026 midterm elections?,Will the Republican Party hold between 215 and 219 House seats after the 2026 midterm elections?,US,us_national,us_federal,us_house_seat_range_2026,tracked,core_us,range_contract,7,215-219,will-the-republican-party-hold-between-215-and-219-house-seats-after-the-2026-midterm-elections,will-the-republican-party-hold-between-215-and-219-house-seats-after-the-2026-midterm-elections,republican-house-seats-after-the-2026-midterm-elections,House seat distribution / majority-size market; split into every bracket to avoid collapsing a range event into one row.,needs_slug_clob_verification,needs_orderbook_check,appears_clear_from_paste,Range event expanded to one row per bracket.,919495,103166,0x0d8711f5f475002d8236dcf4c848882aee7a2f34a515dda6ff0623906bf862a3,"The 2026 midterm elections are scheduled to be held on November 3, 2026.

This market will resolve according to the number of seats held by the Republican Party in the US House of Representatives as a result of the 2026 midterm elections.

This market will resolve based on the results of all US House of Representatives elections, including special elections, that are scheduled to occur in November 2026 as of October 31, 2026. If a required runoff for any such election could change the market’s outcome, the market will remain open until that runoff is conclusively called by this market’s resolution sources.

A candidate's party will be determined by their ballot-listed or otherwise identifiable affiliation with that party at the time all of the 2026 House elections are conclusively called by this market's resolution sources.

The resolution source for this market is the Associated Press, Fox News, and NBC. This market will resolve once all three sources have conclusively called all US House of Representatives elections. If all three sources do not achieve consensus in calling the relevant races for this market, it will resolve based on the official certification.",,,2026-11-03T00:00:00Z,true,false,,false,true,"[""Yes"",""No""]","[""60694193343700070785132990153245047299390401777230625432234093346484633438371"",""59860109123676053199254235534652049329662026065366938978908805757220236513496""]","{""Yes"":""60694193343700070785132990153245047299390401777230625432234093346484633438371"",""No"":""59860109123676053199254235534652049329662026065366938978908805757220236513496""}",60694193343700070785132990153245047299390401777230625432234093346484633438371,59860109123676053199254235534652049329662026065366938978908805757220236513496,10840.227775000003,20008.2975,https://polymarket.com/event/will-the-republican-party-hold-between-215-and-219-house-seats-after-the-2026-midterm-elections,VERIFIED_READY,2026-06-25T19:38:32+00:00,"[{""score"":0.9431,""id"":""919495"",""slug"":""will-the-republican-party-hold-between-215-and-219-house-seats-after-the-2026-midterm-elections"",""question"":""Will the Republican Party hold between 215 and 219 House seats after the 2026 midterm elections?"",""event_title"":"""",""endDate"":""2026-11-03T00:00:00Z"",""volume"":""10840.227775000003"",""source"":""markets_slug_query"",""active"":true,""closed"":false},{""score"":0.8267,""id"":""562803"",""slug"":""will-the-republican-party-control-the-house-after-the-2026-midterm-elections"",""question"":""Will the Republican Party control the House after the 2026 Midterm elections?"",""event_title"":""Which party will win the House in 2026?"",""endDate"":""2026-11-03T00:00:00Z"",""volume"":""3456201.5151959434"",""source"":""/events?search"",""active"":true,""closed"":false},{""score"":0.8116,""id"":""562794"",""slug"":""will-the-republican-party-control-the-senate-after-the-2026-midterm-elections"",""question"":""Will the Republican Party control the Senate after the 2026 Midterm elections?"",""event_title"":""Which party will win the Senate in 2026?"",""endDate"":""2026-11-03T00:00:00Z"",""volume"":""1308930.158923012"",""source"":""/events?search"",""active"":true,""closed"":false},{""score"":0.7601,""id"":""562802"",""slug"":""will-the-democratic-party-control-the-house-after-the-2026-midterm-elections"",""question"":""Will the Democratic Party control the House after the 2026 Midterm elections?"",""event_title"":""Which party will win the House in 2026?"",""endDate"":""2026-11-03T00:00:00Z"",""volume"":""4185811.6013039355"",""source"":""/events?search"",""active"":true,""closed"":false},{""score"":0.7453,""id"":""562793"",""slug"":""will-the-democratic-party-control-the-senate-after-the-2026-midterm-elections"",""question"":""Will the Democratic Party control the Senate after the 2026 Midterm elections?"",""event_title"":""Which party will win the Senate in 2026?"",""endDate"":""2026-11-03T00:00:00Z"",""volume"":""1476430.5579370107"",""source"":""/events?search"",""active"":true,""closed"":false}]",Accepted candidate rank 1 with fuzzy_score=0.9431.,,215-219,,KEPT
12,RSO-0012,3,Republican House seats after 2026 midterms,Republican House seats after 2026 midterms — 220-224,Will the Republican Party hold between 220 and 224 House seats after the 2026 midterm elections?,Will the Republican Party hold between 220 and 224 House seats after the 2026 midterm elections?,US,us_national,us_federal,us_house_seat_range_2026,tracked,core_us,range_contract,8,220-224,will-the-republican-party-hold-between-220-and-224-house-seats-after-the-2026-midterm-elections,will-the-republican-party-hold-between-220-and-224-house-seats-after-the-2026-midterm-elections,republican-house-seats-after-the-2026-midterm-elections,House seat distribution / majority-size market; split into every bracket to avoid collapsing a range event into one row.,needs_slug_clob_verification,needs_orderbook_check,appears_clear_from_paste,Range event expanded to one row per bracket.,919496,103166,0xba093f5c98e6c7d389a18ad4849ce5e82c2238f6daaf40755c1399d093e9a8f4,"The 2026 midterm elections are scheduled to be held on November 3, 2026.

This market will resolve according to the number of seats held by the Republican Party in the US House of Representatives as a result of the 2026 midterm elections.

This market will resolve based on the results of all US House of Representatives elections, including special elections, that are scheduled to occur in November 2026 as of October 31, 2026. If a required runoff for any such election could change the market’s outcome, the market will remain open until that runoff is conclusively called by this market’s resolution sources.

A candidate's party will be determined by their ballot-listed or otherwise identifiable affiliation with that party at the time all of the 2026 House elections are conclusively called by this market's resolution sources.

The resolution source for this market is the Associated Press, Fox News, and NBC. This market will resolve once all three sources have conclusively called all US House of Representatives elections. If all three sources do not achieve consensus in calling the relevant races for this market, it will resolve based on the official certification.",,,2026-11-03T00:00:00Z,true,false,,false,true,"[""Yes"",""No""]","[""11440416578482803281113271939006595670566573058595214243294246034853366786529"",""67790918385319184564424852441617824833811367946536396674083189262452510026941""]","{""Yes"":""11440416578482803281113271939006595670566573058595214243294246034853366786529"",""No"":""67790918385319184564424852441617824833811367946536396674083189262452510026941""}",11440416578482803281113271939006595670566573058595214243294246034853366786529,67790918385319184564424852441617824833811367946536396674083189262452510026941,55435.203018999986,19450.3634,https://polymarket.com/event/will-the-republican-party-hold-between-220-and-224-house-seats-after-the-2026-midterm-elections,VERIFIED_READY,2026-06-25T19:38:40+00:00,"[{""score"":0.9475,""id"":""919496"",""slug"":""will-the-republican-party-hold-between-220-and-224-house-seats-after-the-2026-midterm-elections"",""question"":""Will the Republican Party hold between 220 and 224 House seats after the 2026 midterm elections?"",""event_title"":"""",""endDate"":""2026-11-03T00:00:00Z"",""volume"":""55435.203018999986"",""source"":""markets_slug_query"",""active"":true,""closed"":false},{""score"":0.8267,""id"":""562803"",""slug"":""will-the-republican-party-control-the-house-after-the-2026-midterm-elections"",""question"":""Will the Republican Party control the House after the 2026 Midterm elections?"",""event_title"":""Which party will win the House in 2026?"",""endDate"":""2026-11-03T00:00:00Z"",""volume"":""3456201.5151959434"",""source"":""/events?search"",""active"":true,""closed"":false},{""score"":0.8116,""id"":""562794"",""slug"":""will-the-republican-party-control-the-senate-after-the-2026-midterm-elections"",""question"":""Will the Republican Party control the Senate after the 2026 Midterm elections?"",""event_title"":""Which party will win the Senate in 2026?"",""endDate"":""2026-11-03T00:00:00Z"",""volume"":""1308930.158923012"",""source"":""/events?search"",""active"":true,""closed"":false},{""score"":0.7601,""id"":""562802"",""slug"":""will-the-democratic-party-control-the-house-after-the-2026-midterm-elections"",""question"":""Will the Democratic Party control the House after the 2026 Midterm elections?"",""event_title"":""Which party will win the House in 2026?"",""endDate"":""2026-11-03T00:00:00Z"",""volume"":""4185811.6013039355"",""source"":""/events?search"",""active"":true,""closed"":false},{""score"":0.7453,""id"":""562793"",""slug"":""will-the-democratic-party-control-the-senate-after-the-2026-midterm-elections"",""question"":""Will the Democratic Party control the Senate after the 2026 Midterm elections?"",""event_title"":""Which party will win the Senate in 2026?"",""endDate"":""2026-11-03T00:00:00Z"",""volume"":""1476430.5579370107"",""source"":""/events?search"",""active"":true,""closed"":false}]",Accepted candidate rank 1 with fuzzy_score=0.9475.,,220-224,,KEPT
13,RSO-0013,3,Republican House seats after 2026 midterms,Republican House seats after 2026 midterms — 225-229,Will the Republican Party hold between 225 and 229 House seats after the 2026 midterm elections?,Will the Republican Party hold between 225 and 229 House seats after the 2026 midterm elections?,US,us_national,us_federal,us_house_seat_range_2026,tracked,core_us,range_contract,9,225-229,will-the-republican-party-hold-between-225-and-229-house-seats-after-the-2026-midterm-elections,will-the-republican-party-hold-between-225-and-229-house-seats-after-the-2026-midterm-elections,republican-house-seats-after-the-2026-midterm-elections,House seat distribution / majority-size market; split into every bracket to avoid collapsing a range event into one row.,needs_slug_clob_verification,needs_orderbook_check,appears_clear_from_paste,Range event expanded to one row per bracket.,919497,103166,0x2a576fa3ba72588ab56857b87e870f31f2c2e3e0a3e88943ebd207a8952af3f1,"The 2026 midterm elections are scheduled to be held on November 3, 2026.

This market will resolve according to the number of seats held by the Republican Party in the US House of Representatives as a result of the 2026 midterm elections.

This market will resolve based on the results of all US House of Representatives elections, including special elections, that are scheduled to occur in November 2026 as of October 31, 2026. If a required runoff for any such election could change the market’s outcome, the market will remain open until that runoff is conclusively called by this market’s resolution sources.

A candidate's party will be determined by their ballot-listed or otherwise identifiable affiliation with that party at the time all of the 2026 House elections are conclusively called by this market's resolution sources.

The resolution source for this market is the Associated Press, Fox News, and NBC. This market will resolve once all three sources have conclusively called all US House of Representatives elections. If all three sources do not achieve consensus in calling the relevant races for this market, it will resolve based on the official certification.",,,2026-11-03T00:00:00Z,true,false,,false,true,"[""Yes"",""No""]","[""44021367593004066376259961625159230858755451295969387051970594277311771462296"",""67816032949186533412421864503612087286486092505831280280755920461531557325427""]","{""Yes"":""44021367593004066376259961625159230858755451295969387051970594277311771462296"",""No"":""67816032949186533412421864503612087286486092505831280280755920461531557325427""}",44021367593004066376259961625159230858755451295969387051970594277311771462296,67816032949186533412421864503612087286486092505831280280755920461531557325427,24065.725367999985,18321.83563,https://polymarket.com/event/will-the-republican-party-hold-between-225-and-229-house-seats-after-the-2026-midterm-elections,VERIFIED_READY,2026-06-25T19:38:48+00:00,"[{""score"":0.9442,""id"":""919497"",""slug"":""will-the-republican-party-hold-between-225-and-229-house-seats-after-the-2026-midterm-elections"",""question"":""Will the Republican Party hold between 225 and 229 House seats after the 2026 midterm elections?"",""event_title"":"""",""endDate"":""2026-11-03T00:00:00Z"",""volume"":""24065.725367999985"",""source"":""markets_slug_query"",""active"":true,""closed"":false},{""score"":0.8267,""id"":""562803"",""slug"":""will-the-republican-party-control-the-house-after-the-2026-midterm-elections"",""question"":""Will the Republican Party control the House after the 2026 Midterm elections?"",""event_title"":""Which party will win the House in 2026?"",""endDate"":""2026-11-03T00:00:00Z"",""volume"":""3456201.5151959434"",""source"":""/events?search"",""active"":true,""closed"":false},{""score"":0.8116,""id"":""562794"",""slug"":""will-the-republican-party-control-the-senate-after-the-2026-midterm-elections"",""question"":""Will the Republican Party control the Senate after the 2026 Midterm elections?"",""event_title"":""Which party will win the Senate in 2026?"",""endDate"":""2026-11-03T00:00:00Z"",""volume"":""1308930.158923012"",""source"":""/events?search"",""active"":true,""closed"":false},{""score"":0.7601,""id"":""562802"",""slug"":""will-the-democratic-party-control-the-house-after-the-2026-midterm-elections"",""question"":""Will the Democratic Party control the House after the 2026 Midterm elections?"",""event_title"":""Which party will win the House in 2026?"",""endDate"":""2026-11-03T00:00:00Z"",""volume"":""4185811.6013039355"",""source"":""/events?search"",""active"":true,""closed"":false},{""score"":0.7453,""id"":""562793"",""slug"":""will-the-democratic-party-control-the-senate-after-the-2026-midterm-elections"",""question"":""Will the Democratic Party control the Senate after the 2026 Midterm elections?"",""event_title"":""Which party will win the Senate in 2026?"",""endDate"":""2026-11-03T00:00:00Z"",""volume"":""1476430.5579370107"",""source"":""/events?search"",""active"":true,""closed"":false}]",Accepted candidate rank 1 with fuzzy_score=0.9442.,,225-229,,KEPT
14,RSO-0014,3,Republican House seats after 2026 midterms,Republican House seats after 2026 midterms — 230+,Will the Republican Party hold 230 or more House seats after the 2026 midterm elections?,Will the Republican Party hold 230 or more House seats after the 2026 midterm elections?,US,us_national,us_federal,us_house_seat_range_2026,tracked,core_us,range_contract,10,230+,will-the-republican-party-hold-230-or-more-house-seats-after-the-2026-midterm-elections,will-the-republican-party-hold-230-or-more-house-seats-after-the-2026-midterm-elections,republican-house-seats-after-the-2026-midterm-elections,House seat distribution / majority-size market; split into every bracket to avoid collapsing a range event into one row.,needs_slug_clob_verification,needs_orderbook_check,appears_clear_from_paste,Range event expanded to one row per bracket.,919498,103166,0x217a8a10e4ec9f7d12d5b94024d4853f326c9b0de14b119b62d8b779f67d8111,"The 2026 midterm elections are scheduled to be held on November 3, 2026.

This market will resolve according to the number of seats held by the Republican Party in the US House of Representatives as a result of the 2026 midterm elections.

This market will resolve based on the results of all US House of Representatives elections, including special elections, that are scheduled to occur in November 2026 as of October 31, 2026. If a required runoff for any such election could change the market’s outcome, the market will remain open until that runoff is conclusively called by this market’s resolution sources.

A candidate's party will be determined by their ballot-listed or otherwise identifiable affiliation with that party at the time all of the 2026 House elections are conclusively called by this market's resolution sources.

The resolution source for this market is the Associated Press, Fox News, and NBC. This market will resolve once all three sources have conclusively called all US House of Representatives elections. If all three sources do not achieve consensus in calling the relevant races for this market, it will resolve based on the official certification.",,,2026-11-03T00:00:00Z,true,false,,false,true,"[""Yes"",""No""]","[""93609386279271538145284495213602532023820232074612322223448573915979176212698"",""45803325288002379969942662352687524027847343561080939869741462398048092192065""]","{""Yes"":""93609386279271538145284495213602532023820232074612322223448573915979176212698"",""No"":""45803325288002379969942662352687524027847343561080939869741462398048092192065""}",93609386279271538145284495213602532023820232074612322223448573915979176212698,45803325288002379969942662352687524027847343561080939869741462398048092192065,29355.39957300002,22302.92828,https://polymarket.com/event/will-the-republican-party-hold-230-or-more-house-seats-after-the-2026-midterm-elections,VERIFIED_READY,2026-06-25T19:39:12+00:00,"[{""score"":0.9452,""id"":""919498"",""slug"":""will-the-republican-party-hold-230-or-more-house-seats-after-the-2026-midterm-elections"",""question"":""Will the Republican Party hold 230 or more House seats after the 2026 midterm elections?"",""event_title"":"""",""endDate"":""2026-11-03T00:00:00Z"",""volume"":""29355.39957300002"",""source"":""markets_slug_query"",""active"":true,""closed"":false},{""score"":0.8589,""id"":""562803"",""slug"":""will-the-republican-party-control-the-house-after-the-2026-midterm-elections"",""question"":""Will the Republican Party control the House after the 2026 Midterm elections?"",""event_title"":""Which party will win the House in 2026?"",""endDate"":""2026-11-03T00:00:00Z"",""volume"":""3456201.5151959434"",""source"":""/events?search"",""active"":true,""closed"":false},{""score"":0.8362,""id"":""562794"",""slug"":""will-the-republican-party-control-the-senate-after-the-2026-midterm-elections"",""question"":""Will the Republican Party control the Senate after the 2026 Midterm elections?"",""event_title"":""Which party will win the Senate in 2026?"",""endDate"":""2026-11-03T00:00:00Z"",""volume"":""1308930.158923012"",""source"":""/events?search"",""active"":true,""closed"":false},{""score"":0.7888,""id"":""562802"",""slug"":""will-the-democratic-party-control-the-house-after-the-2026-midterm-elections"",""question"":""Will the Democratic Party control the House after the 2026 Midterm elections?"",""event_title"":""Which party will win the House in 2026?"",""endDate"":""2026-11-03T00:00:00Z"",""volume"":""4185811.6013039355"",""source"":""/events?search"",""active"":true,""closed"":false},{""score"":0.7664,""id"":""562793"",""slug"":""will-the-democratic-party-control-the-senate-after-the-2026-midterm-elections"",""question"":""Will the Democratic Party control the Senate after the 2026 Midterm elections?"",""event_title"":""Which party will win the Senate in 2026?"",""endDate"":""2026-11-03T00:00:00Z"",""volume"":""1476430.5579370107"",""source"":""/events?search"",""active"":true,""closed"":false}]",Accepted candidate rank 1 with fuzzy_score=0.9452.,,230+,,KEPT
15,RSO-0015,4,Republican Senate seats after 2026 midterms,Republican Senate seats after 2026 midterms — ≤47,Will the Republican Party hold 47 or fewer Senate seats after the 2026 midterm elections?,Will the Republican Party hold 47 or fewer Senate seats after the 2026 midterm elections?,US,us_national,us_federal,us_senate_seat_range_2026,tracked,core_us,range_contract,1,≤47,will-the-republican-party-hold-47-or-fewer-senate-seats-after-the-2026-midterm-elections,will-the-republican-party-hold-47-or-fewer-senate-seats-after-the-2026-midterm-elections,republican-senate-seats-after-the-2026-midterm-elections,Senate seat distribution / majority-size market; split into every bracket.,needs_slug_clob_verification,appears_strong_from_paste,appears_clear_from_paste,Range event expanded to one row per bracket.,943819,106193,0x46c862237fc39f6357ce2efa748274e4539c1ffe60cd6a89e3fe689373fa27a8,"The 2026 midterm elections are scheduled to be held on November 3, 2026.

This market will resolve according to the number of seats held by the Republican Party in the US Senate as a result of the 2026 midterm elections.

This market will resolve based on the results of all Senate elections, including special elections, that are scheduled to occur in November 2026 as of October 31, 2026. If a required runoff for any such election could change the market’s outcome, the market will remain open until that runoff is conclusively called by this market’s resolution sources.

If a Senate seat is vacant but a corresponding election is not held in November 2026, the seat will be considered held by the party of the seat's most recent incumbent.

A candidate's party will be determined by their ballot-listed or otherwise identifiable affiliation with that party at the time all of the 2026 Senate elections are conclusively called by this market's resolution sources. A candidate without a ballot-listed affiliation to either the Democratic or Republican parties will be considered a member of one of these parties based on the party with which they most recently expressed their intent to caucus at the time all of the Senate elections are conclusively called by this market's resolution sources.

The resolution source for this market is the Associated Press, Fox News, and NBC. This market will resolve once all three sources have conclusively called all Senate elections. If all three sources do not achieve consensus in calling the relevant races for this market, it will resolve based on the official certification.",,,,true,false,,false,true,"[""Yes"",""No""]","[""89624669145341997724697326849445716755183665898947701894080018635919612252707"",""66439326791754631222128498834722529254569967665962764508265153666276400777966""]","{""Yes"":""89624669145341997724697326849445716755183665898947701894080018635919612252707"",""No"":""66439326791754631222128498834722529254569967665962764508265153666276400777966""}",89624669145341997724697326849445716755183665898947701894080018635919612252707,66439326791754631222128498834722529254569967665962764508265153666276400777966,125511.9775859998,24810.5725,https://polymarket.com/event/will-the-republican-party-hold-47-or-fewer-senate-seats-after-the-2026-midterm-elections,VERIFIED_READY,2026-06-25T19:39:34+00:00,"[{""score"":0.955,""id"":""943819"",""slug"":""will-the-republican-party-hold-47-or-fewer-senate-seats-after-the-2026-midterm-elections"",""question"":""Will the Republican Party hold 47 or fewer Senate seats after the 2026 midterm elections?"",""event_title"":"""",""endDate"":"""",""volume"":""125511.9775859998"",""source"":""markets_slug_query"",""active"":true,""closed"":false},{""score"":0.861,""id"":""562794"",""slug"":""will-the-republican-party-control-the-senate-after-the-2026-midterm-elections"",""question"":""Will the Republican Party control the Senate after the 2026 Midterm elections?"",""event_title"":""Which party will win the Senate in 2026?"",""endDate"":""2026-11-03T00:00:00Z"",""volume"":""1308930.158923012"",""source"":""/events?search"",""active"":true,""closed"":false},{""score"":0.7918,""id"":""562803"",""slug"":""will-the-republican-party-control-the-house-after-the-2026-midterm-elections"",""question"":""Will the Republican Party control the House after the 2026 Midterm elections?"",""event_title"":""Which party will win the House in 2026?"",""endDate"":""2026-11-03T00:00:00Z"",""volume"":""3456201.5151959434"",""source"":""/events?search"",""active"":true,""closed"":false},{""score"":0.7916,""id"":""562793"",""slug"":""will-the-democratic-party-control-the-senate-after-the-2026-midterm-elections"",""question"":""Will the Democratic Party control the Senate after the 2026 Midterm elections?"",""event_title"":""Which party will win the Senate in 2026?"",""endDate"":""2026-11-03T00:00:00Z"",""volume"":""1476430.5579370107"",""source"":""/events?search"",""active"":true,""closed"":false},{""score"":0.722,""id"":""562802"",""slug"":""will-the-democratic-party-control-the-house-after-the-2026-midterm-elections"",""question"":""Will the Democratic Party control the House after the 2026 Midterm elections?"",""event_title"":""Which party will win the House in 2026?"",""endDate"":""2026-11-03T00:00:00Z"",""volume"":""4185811.6013039355"",""source"":""/events?search"",""active"":true,""closed"":false}]",Accepted candidate rank 1 with fuzzy_score=0.9550.,,≤47,,KEPT
16,RSO-0016,4,Republican Senate seats after 2026 midterms,Republican Senate seats after 2026 midterms — 48,Will the Republican Party control the Senate after the 2026 Midterm elections?,Will the Republican Party hold exactly 48 Senate seats after the 2026 midterm elections?,US,us_national,us_federal,us_senate_seat_range_2026,tracked,core_us,range_contract,2,48,will-the-republican-party-control-the-senate-after-the-2026-midterm-elections,will-the-republican-party-hold-exactly-48-senate-seats-after-the-2026-midterm-elections,republican-senate-seats-after-the-2026-midterm-elections,Senate seat distribution / majority-size market; split into every bracket.,replace_no_live_contract_found,appears_strong_from_paste,appears_clear_from_paste,Range event expanded to one row per bracket.,,,,,,,,,,,,,,,,,,,,,REPLACE,,,Marked REPLACE: v6 mapped this bracket to Senate-control; exact live seat-count contract not found in prior runs.,,,,MARKED_REPLACE
17,RSO-0017,4,Republican Senate seats after 2026 midterms,Republican Senate seats after 2026 midterms — 49,Will the Republican Party control the Senate after the 2026 Midterm elections?,Will the Republican Party hold exactly 49 Senate seats after the 2026 midterm elections?,US,us_national,us_federal,us_senate_seat_range_2026,tracked,core_us,range_contract,3,49,will-the-republican-party-control-the-senate-after-the-2026-midterm-elections,will-the-republican-party-hold-exactly-49-senate-seats-after-the-2026-midterm-elections,republican-senate-seats-after-the-2026-midterm-elections,Senate seat distribution / majority-size market; split into every bracket.,replace_no_live_contract_found,appears_strong_from_paste,appears_clear_from_paste,Range event expanded to one row per bracket.,,,,,,,,,,,,,,,,,,,,,REPLACE,,,Marked REPLACE: v6 mapped this bracket to Senate-control; exact live seat-count contract not found in prior runs.,,,,MARKED_REPLACE
18,RSO-0018,4,Republican Senate seats after 2026 midterms,Republican Senate seats after 2026 midterms — 50,Will the Republican Party control the Senate after the 2026 Midterm elections?,Will the Republican Party hold exactly 50 Senate seats after the 2026 midterm elections?,US,us_national,us_federal,us_senate_seat_range_2026,tracked,core_us,range_contract,4,50,will-the-republican-party-control-the-senate-after-the-2026-midterm-elections,will-the-republican-party-hold-exactly-50-senate-seats-after-the-2026-midterm-elections,republican-senate-seats-after-the-2026-midterm-elections,Senate seat distribution / majority-size market; split into every bracket.,replace_no_live_contract_found,appears_strong_from_paste,appears_clear_from_paste,Range event expanded to one row per bracket.,,,,,,,,,,,,,,,,,,,,,REPLACE,,,Marked REPLACE: v6 mapped this bracket to Senate-control; exact live seat-count contract not found in prior runs.,,,,MARKED_REPLACE
19,RSO-0019,4,Republican Senate seats after 2026 midterms,Republican Senate seats after 2026 midterms — 51,Will the Republican Party control the Senate after the 2026 Midterm elections?,Will the Republican Party hold exactly 51 Senate seats after the 2026 midterm elections?,US,us_national,us_federal,us_senate_seat_range_2026,tracked,core_us,range_contract,5,51,will-the-republican-party-control-the-senate-after-the-2026-midterm-elections,will-the-republican-party-hold-exactly-51-senate-seats-after-the-2026-midterm-elections,republican-senate-seats-after-the-2026-midterm-elections,Senate seat distribution / majority-size market; split into every bracket.,replace_no_live_contract_found,appears_strong_from_paste,appears_clear_from_paste,Range event expanded to one row per bracket.,,,,,,,,,,,,,,,,,,,,,REPLACE,,,Marked REPLACE: v6 mapped this bracket to Senate-control; exact live seat-count contract not found in prior runs.,,,,MARKED_REPLACE
20,RSO-0020,4,Republican Senate seats after 2026 midterms,Republican Senate seats after 2026 midterms — 52,Will the Republican Party control the Senate after the 2026 Midterm elections?,Will the Republican Party hold exactly 52 Senate seats after the 2026 midterm elections?,US,us_national,us_federal,us_senate_seat_range_2026,tracked,core_us,range_contract,6,52,will-the-republican-party-control-the-senate-after-the-2026-midterm-elections,will-the-republican-party-hold-exactly-52-senate-seats-after-the-2026-midterm-elections,republican-senate-seats-after-the-2026-midterm-elections,Senate seat distribution / majority-size market; split into every bracket.,replace_no_live_contract_found,appears_strong_from_paste,appears_clear_from_paste,Range event expanded to one row per bracket.,,,,,,,,,,,,,,,,,,,,,REPLACE,,,Marked REPLACE: v6 mapped this bracket to Senate-control; exact live seat-count contract not found in prior runs.,,,,MARKED_REPLACE
21,RSO-0021,4,Republican Senate seats after 2026 midterms,Republican Senate seats after 2026 midterms — 53,Will the Republican Party hold exactly 53 Senate seats after the 2026 midterm elections?,Will the Republican Party hold exactly 53 Senate seats after the 2026 midterm elections?,US,us_national,us_federal,us_senate_seat_range_2026,tracked,core_us,range_contract,7,53,will-the-republican-party-hold-exactly-53-senate-seats-after-the-2026-midterm-elections,will-the-republican-party-hold-exactly-53-senate-seats-after-the-2026-midterm-elections,republican-senate-seats-after-the-2026-midterm-elections,Senate seat distribution / majority-size market; split into every bracket.,needs_slug_clob_verification,appears_strong_from_paste,appears_clear_from_paste,Range event expanded to one row per bracket.,943825,106193,0x812d9ea644c58f1e889643bbd9184e9c5fdacbba55d1f9fef2eb2d55ce5dc1c2,"The 2026 midterm elections are scheduled to be held on November 3, 2026.

This market will resolve according to the number of seats held by the Republican Party in the US Senate as a result of the 2026 midterm elections.

This market will resolve based on the results of all Senate elections, including special elections, that are scheduled to occur in November 2026 as of October 31, 2026. If a required runoff for any such election could change the market’s outcome, the market will remain open until that runoff is conclusively called by this market’s resolution sources.

If a Senate seat is vacant but a corresponding election is not held in November 2026, the seat will be considered held by the party of the seat's most recent incumbent.

A candidate's party will be determined by their ballot-listed or otherwise identifiable affiliation with that party at the time all of the 2026 Senate elections are conclusively called by this market's resolution sources. A candidate without a ballot-listed affiliation to either the Democratic or Republican parties will be considered a member of one of these parties based on the party with which they most recently expressed their intent to caucus at the time all of the Senate elections are conclusively called by this market's resolution sources.

The resolution source for this market is the Associated Press, Fox News, and NBC. This market will resolve once all three sources have conclusively called all Senate elections. If all three sources do not achieve consensus in calling the relevant races for this market, it will resolve based on the official certification.",,,,true,false,,false,true,"[""Yes"",""No""]","[""15394416147421266264002744586901575755411758481406494583013250092373628427765"",""51652121934144824562853249102089070841475746480599657498165556956159317976766""]","{""Yes"":""15394416147421266264002744586901575755411758481406494583013250092373628427765"",""No"":""51652121934144824562853249102089070841475746480599657498165556956159317976766""}",15394416147421266264002744586901575755411758481406494583013250092373628427765,51652121934144824562853249102089070841475746480599657498165556956159317976766,65210.82655800001,39696.34153,https://polymarket.com/event/will-the-republican-party-hold-exactly-53-senate-seats-after-the-2026-midterm-elections,VERIFIED_READY,2026-06-25T19:44:18+00:00,"[{""score"":0.9505,""id"":""943825"",""slug"":""will-the-republican-party-hold-exactly-53-senate-seats-after-the-2026-midterm-elections"",""question"":""Will the Republican Party hold exactly 53 Senate seats after the 2026 midterm elections?"",""event_title"":"""",""endDate"":"""",""volume"":""65210.82655800001"",""source"":""markets_slug_query"",""active"":true,""closed"":false},{""score"":0.8746,""id"":""562794"",""slug"":""will-the-republican-party-control-the-senate-after-the-2026-midterm-elections"",""question"":""Will the Republican Party control the Senate after the 2026 Midterm elections?"",""event_title"":""Which party will win the Senate in 2026?"",""endDate"":""2026-11-03T00:00:00Z"",""volume"":""1308930.158923012"",""source"":""/events?search"",""active"":true,""closed"":false},{""score"":0.8037,""id"":""562793"",""slug"":""will-the-democratic-party-control-the-senate-after-the-2026-midterm-elections"",""question"":""Will the Democratic Party control the Senate after the 2026 Midterm elections?"",""event_title"":""Which party will win the Senate in 2026?"",""endDate"":""2026-11-03T00:00:00Z"",""volume"":""1476430.5579370107"",""source"":""/events?search"",""active"":true,""closed"":false},{""score"":0.8023,""id"":""562803"",""slug"":""will-the-republican-party-control-the-house-after-the-2026-midterm-elections"",""question"":""Will the Republican Party control the House after the 2026 Midterm elections?"",""event_title"":""Which party will win the House in 2026?"",""endDate"":""2026-11-03T00:00:00Z"",""volume"":""3456201.5151959434"",""source"":""/events?search"",""active"":true,""closed"":false},{""score"":0.7311,""id"":""562802"",""slug"":""will-the-democratic-party-control-the-house-after-the-2026-midterm-elections"",""question"":""Will the Democratic Party control the House after the 2026 Midterm elections?"",""event_title"":""Which party will win the House in 2026?"",""endDate"":""2026-11-03T00:00:00Z"",""volume"":""4185811.6013039355"",""source"":""/events?search"",""active"":true,""closed"":false}]",Accepted candidate rank 1 with fuzzy_score=0.9505.,,53,,KEPT
22,RSO-0022,4,Republican Senate seats after 2026 midterms,Republican Senate seats after 2026 midterms — 54,Will the Republican Party hold exactly 54 Senate seats after the 2026 midterm elections?,Will the Republican Party hold exactly 54 Senate seats after the 2026 midterm elections?,US,us_national,us_federal,us_senate_seat_range_2026,tracked,core_us,range_contract,8,54,will-the-republican-party-hold-exactly-54-senate-seats-after-the-2026-midterm-elections,will-the-republican-party-hold-exactly-54-senate-seats-after-the-2026-midterm-elections,republican-senate-seats-after-the-2026-midterm-elections,Senate seat distribution / majority-size market; split into every bracket.,needs_slug_clob_verification,appears_strong_from_paste,appears_clear_from_paste,Range event expanded to one row per bracket.,943826,106193,0x38fa3007c7be18a217849262667e39266341cb2fd7b5f8da75472b0a9e420480,"The 2026 midterm elections are scheduled to be held on November 3, 2026.

This market will resolve according to the number of seats held by the Republican Party in the US Senate as a result of the 2026 midterm elections.

This market will resolve based on the results of all Senate elections, including special elections, that are scheduled to occur in November 2026 as of October 31, 2026. If a required runoff for any such election could change the market’s outcome, the market will remain open until that runoff is conclusively called by this market’s resolution sources.

If a Senate seat is vacant but a corresponding election is not held in November 2026, the seat will be considered held by the party of the seat's most recent incumbent.

A candidate's party will be determined by their ballot-listed or otherwise identifiable affiliation with that party at the time all of the 2026 Senate elections are conclusively called by this market's resolution sources. A candidate without a ballot-listed affiliation to either the Democratic or Republican parties will be considered a member of one of these parties based on the party with which they most recently expressed their intent to caucus at the time all of the Senate elections are conclusively called by this market's resolution sources.

The resolution source for this market is the Associated Press, Fox News, and NBC. This market will resolve once all three sources have conclusively called all Senate elections. If all three sources do not achieve consensus in calling the relevant races for this market, it will resolve based on the official certification.",,,,true,false,,false,true,"[""Yes"",""No""]","[""13278443981418985302116823794751942747516190107446009911143426402863687470127"",""35453446494954669727391179421215158696079986575205656692876790390540762254549""]","{""Yes"":""13278443981418985302116823794751942747516190107446009911143426402863687470127"",""No"":""35453446494954669727391179421215158696079986575205656692876790390540762254549""}",13278443981418985302116823794751942747516190107446009911143426402863687470127,35453446494954669727391179421215158696079986575205656692876790390540762254549,754002.4319679982,39798.52033,https://polymarket.com/event/will-the-republican-party-hold-exactly-54-senate-seats-after-the-2026-midterm-elections,VERIFIED_READY,2026-06-25T19:44:28+00:00,"[{""score"":0.99,""id"":""943826"",""slug"":""will-the-republican-party-hold-exactly-54-senate-seats-after-the-2026-midterm-elections"",""question"":""Will the Republican Party hold exactly 54 Senate seats after the 2026 midterm elections?"",""event_title"":"""",""endDate"":"""",""volume"":""754002.4319679982"",""source"":""markets_slug_query"",""active"":true,""closed"":false},{""score"":0.8746,""id"":""562794"",""slug"":""will-the-republican-party-control-the-senate-after-the-2026-midterm-elections"",""question"":""Will the Republican Party control the Senate after the 2026 Midterm elections?"",""event_title"":""Which party will win the Senate in 2026?"",""endDate"":""2026-11-03T00:00:00Z"",""volume"":""1308930.158923012"",""source"":""/events?search"",""active"":true,""closed"":false},{""score"":0.8037,""id"":""562793"",""slug"":""will-the-democratic-party-control-the-senate-after-the-2026-midterm-elections"",""question"":""Will the Democratic Party control the Senate after the 2026 Midterm elections?"",""event_title"":""Which party will win the Senate in 2026?"",""endDate"":""2026-11-03T00:00:00Z"",""volume"":""1476430.5579370107"",""source"":""/events?search"",""active"":true,""closed"":false},{""score"":0.8023,""id"":""562803"",""slug"":""will-the-republican-party-control-the-house-after-the-2026-midterm-elections"",""question"":""Will the Republican Party control the House after the 2026 Midterm elections?"",""event_title"":""Which party will win the House in 2026?"",""endDate"":""2026-11-03T00:00:00Z"",""volume"":""3456201.5151959434"",""source"":""/events?search"",""active"":true,""closed"":false},{""score"":0.7311,""id"":""562802"",""slug"":""will-the-democratic-party-control-the-house-after-the-2026-midterm-elections"",""question"":""Will the Democratic Party control the House after the 2026 Midterm elections?"",""event_title"":""Which party will win the House in 2026?"",""endDate"":""2026-11-03T00:00:00Z"",""volume"":""4185811.6013039355"",""source"":""/events?search"",""active"":true,""closed"":false}]",Accepted candidate rank 1 with fuzzy_score=0.9900.,,54,,KEPT
23,RSO-0023,4,Republican Senate seats after 2026 midterms,Republican Senate seats after 2026 midterms — 55,Will the Republican Party hold exactly 55 Senate seats after the 2026 midterm elections?,Will the Republican Party hold exactly 55 Senate seats after the 2026 midterm elections?,US,us_national,us_federal,us_senate_seat_range_2026,tracked,core_us,range_contract,9,55,will-the-republican-party-hold-exactly-55-senate-seats-after-the-2026-midterm-elections,will-the-republican-party-hold-exactly-55-senate-seats-after-the-2026-midterm-elections,republican-senate-seats-after-the-2026-midterm-elections,Senate seat distribution / majority-size market; split into every bracket.,needs_slug_clob_verification,appears_strong_from_paste,appears_clear_from_paste,Range event expanded to one row per bracket.,943827,106193,0x77051d8ddec1e312de90cdf2ce026ce1c4df4c1c264cfa1525e55995b542fb0c,"The 2026 midterm elections are scheduled to be held on November 3, 2026.

This market will resolve according to the number of seats held by the Republican Party in the US Senate as a result of the 2026 midterm elections.

This market will resolve based on the results of all Senate elections, including special elections, that are scheduled to occur in November 2026 as of October 31, 2026. If a required runoff for any such election could change the market’s outcome, the market will remain open until that runoff is conclusively called by this market’s resolution sources.

If a Senate seat is vacant but a corresponding election is not held in November 2026, the seat will be considered held by the party of the seat's most recent incumbent.

A candidate's party will be determined by their ballot-listed or otherwise identifiable affiliation with that party at the time all of the 2026 Senate elections are conclusively called by this market's resolution sources. A candidate without a ballot-listed affiliation to either the Democratic or Republican parties will be considered a member of one of these parties based on the party with which they most recently expressed their intent to caucus at the time all of the Senate elections are conclusively called by this market's resolution sources.

The resolution source for this market is the Associated Press, Fox News, and NBC. This market will resolve once all three sources have conclusively called all Senate elections. If all three sources do not achieve consensus in calling the relevant races for this market, it will resolve based on the official certification.",,,,true,false,,false,true,"[""Yes"",""No""]","[""10750997471908598562514411969554157596465059745769943341362824315243580377116"",""62299570834003834920520020470738659357768540384959250342968479321265112764664""]","{""Yes"":""10750997471908598562514411969554157596465059745769943341362824315243580377116"",""No"":""62299570834003834920520020470738659357768540384959250342968479321265112764664""}",10750997471908598562514411969554157596465059745769943341362824315243580377116,62299570834003834920520020470738659357768540384959250342968479321265112764664,427970.7960360006,40128.2935,https://polymarket.com/event/will-the-republican-party-hold-exactly-55-senate-seats-after-the-2026-midterm-elections,VERIFIED_READY,2026-06-25T19:44:36+00:00,"[{""score"":0.9868,""id"":""943827"",""slug"":""will-the-republican-party-hold-exactly-55-senate-seats-after-the-2026-midterm-elections"",""question"":""Will the Republican Party hold exactly 55 Senate seats after the 2026 midterm elections?"",""event_title"":"""",""endDate"":"""",""volume"":""427970.7960360006"",""source"":""markets_slug_query"",""active"":true,""closed"":false},{""score"":0.8746,""id"":""562794"",""slug"":""will-the-republican-party-control-the-senate-after-the-2026-midterm-elections"",""question"":""Will the Republican Party control the Senate after the 2026 Midterm elections?"",""event_title"":""Which party will win the Senate in 2026?"",""endDate"":""2026-11-03T00:00:00Z"",""volume"":""1308930.158923012"",""source"":""/events?search"",""active"":true,""closed"":false},{""score"":0.8037,""id"":""562793"",""slug"":""will-the-democratic-party-control-the-senate-after-the-2026-midterm-elections"",""question"":""Will the Democratic Party control the Senate after the 2026 Midterm elections?"",""event_title"":""Which party will win the Senate in 2026?"",""endDate"":""2026-11-03T00:00:00Z"",""volume"":""1476430.5579370107"",""source"":""/events?search"",""active"":true,""closed"":false},{""score"":0.8023,""id"":""562803"",""slug"":""will-the-republican-party-control-the-house-after-the-2026-midterm-elections"",""question"":""Will the Republican Party control the House after the 2026 Midterm elections?"",""event_title"":""Which party will win the House in 2026?"",""endDate"":""2026-11-03T00:00:00Z"",""volume"":""3456201.5151959434"",""source"":""/events?search"",""active"":true,""closed"":false},{""score"":0.7311,""id"":""562802"",""slug"":""will-the-democratic-party-control-the-house-after-the-2026-midterm-elections"",""question"":""Will the Democratic Party control the House after the 2026 Midterm elections?"",""event_title"":""Which party will win the House in 2026?"",""endDate"":""2026-11-03T00:00:00Z"",""volume"":""4185811.6013039355"",""source"":""/events?search"",""active"":true,""closed"":false}]",Accepted candidate rank 1 with fuzzy_score=0.9868.,,55,,KEPT
24,RSO-0024,4,Republican Senate seats after 2026 midterms,Republican Senate seats after 2026 midterms — 56,Will the Republican Party hold exactly 56 Senate seats after the 2026 midterm elections?,Will the Republican Party hold exactly 56 Senate seats after the 2026 midterm elections?,US,us_national,us_federal,us_senate_seat_range_2026,tracked,core_us,range_contract,10,56,will-the-republican-party-hold-exactly-56-senate-seats-after-the-2026-midterm-elections,will-the-republican-party-hold-exactly-56-senate-seats-after-the-2026-midterm-elections,republican-senate-seats-after-the-2026-midterm-elections,Senate seat distribution / majority-size market; split into every bracket.,needs_slug_clob_verification,appears_strong_from_paste,appears_clear_from_paste,Range event expanded to one row per bracket.,943828,106193,0xe831d837e17278de50029fcf609d1c72338ed4e1352ce8a4fb7406ddef3c63ad,"The 2026 midterm elections are scheduled to be held on November 3, 2026.

This market will resolve according to the number of seats held by the Republican Party in the US Senate as a result of the 2026 midterm elections.

This market will resolve based on the results of all Senate elections, including special elections, that are scheduled to occur in November 2026 as of October 31, 2026. If a required runoff for any such election could change the market’s outcome, the market will remain open until that runoff is conclusively called by this market’s resolution sources.

If a Senate seat is vacant but a corresponding election is not held in November 2026, the seat will be considered held by the party of the seat's most recent incumbent.

A candidate's party will be determined by their ballot-listed or otherwise identifiable affiliation with that party at the time all of the 2026 Senate elections are conclusively called by this market's resolution sources. A candidate without a ballot-listed affiliation to either the Democratic or Republican parties will be considered a member of one of these parties based on the party with which they most recently expressed their intent to caucus at the time all of the Senate elections are conclusively called by this market's resolution sources.

The resolution source for this market is the Associated Press, Fox News, and NBC. This market will resolve once all three sources have conclusively called all Senate elections. If all three sources do not achieve consensus in calling the relevant races for this market, it will resolve based on the official certification.",,,,true,false,,false,true,"[""Yes"",""No""]","[""9273056014077248525737106426866852410841224250259842453481519298611852217348"",""70648508043777497410819489556436841786158428513370941466618831682337797647773""]","{""Yes"":""9273056014077248525737106426866852410841224250259842453481519298611852217348"",""No"":""70648508043777497410819489556436841786158428513370941466618831682337797647773""}",9273056014077248525737106426866852410841224250259842453481519298611852217348,70648508043777497410819489556436841786158428513370941466618831682337797647773,180308.72641099946,34662.34086,https://polymarket.com/event/will-the-republican-party-hold-exactly-56-senate-seats-after-the-2026-midterm-elections,VERIFIED_READY,2026-06-25T19:44:43+00:00,"[{""score"":0.9615,""id"":""943828"",""slug"":""will-the-republican-party-hold-exactly-56-senate-seats-after-the-2026-midterm-elections"",""question"":""Will the Republican Party hold exactly 56 Senate seats after the 2026 midterm elections?"",""event_title"":"""",""endDate"":"""",""volume"":""180308.72641099946"",""source"":""markets_slug_query"",""active"":true,""closed"":false},{""score"":0.8746,""id"":""562794"",""slug"":""will-the-republican-party-control-the-senate-after-the-2026-midterm-elections"",""question"":""Will the Republican Party control the Senate after the 2026 Midterm elections?"",""event_title"":""Which party will win the Senate in 2026?"",""endDate"":""2026-11-03T00:00:00Z"",""volume"":""1308930.158923012"",""source"":""/events?search"",""active"":true,""closed"":false},{""score"":0.8037,""id"":""562793"",""slug"":""will-the-democratic-party-control-the-senate-after-the-2026-midterm-elections"",""question"":""Will the Democratic Party control the Senate after the 2026 Midterm elections?"",""event_title"":""Which party will win the Senate in 2026?"",""endDate"":""2026-11-03T00:00:00Z"",""volume"":""1476430.5579370107"",""source"":""/events?search"",""active"":true,""closed"":false},{""score"":0.8023,""id"":""562803"",""slug"":""will-the-republican-party-control-the-house-after-the-2026-midterm-elections"",""question"":""Will the Republican Party control the House after the 2026 Midterm elections?"",""event_title"":""Which party will win the House in 2026?"",""endDate"":""2026-11-03T00:00:00Z"",""volume"":""3456201.5151959434"",""source"":""/events?search"",""active"":true,""closed"":false},{""score"":0.7311,""id"":""562802"",""slug"":""will-the-democratic-party-control-the-house-after-the-2026-midterm-elections"",""question"":""Will the Democratic Party control the House after the 2026 Midterm elections?"",""event_title"":""Which party will win the House in 2026?"",""endDate"":""2026-11-03T00:00:00Z"",""volume"":""4185811.6013039355"",""source"":""/events?search"",""active"":true,""closed"":false}]",Accepted candidate rank 1 with fuzzy_score=0.9615.,,56,,KEPT
25,RSO-0025,4,Republican Senate seats after 2026 midterms,Republican Senate seats after 2026 midterms — 57+,Will the Republican Party hold 57 or more Senate seats after the 2026 midterm elections?,Will the Republican Party hold 57 or more Senate seats after the 2026 midterm elections?,US,us_national,us_federal,us_senate_seat_range_2026,tracked,core_us,range_contract,11,57+,will-the-republican-party-hold-57-or-more-senate-seats-after-the-2026-midterm-elections,will-the-republican-party-hold-57-or-more-senate-seats-after-the-2026-midterm-elections,republican-senate-seats-after-the-2026-midterm-elections,Senate seat distribution / majority-size market; split into every bracket.,needs_slug_clob_verification,appears_strong_from_paste,appears_clear_from_paste,Range event expanded to one row per bracket.,943829,106193,0x5d763463cd2a9bd939d49bbb5b4bbaf5fc2cd9ecee5966e6fcce0b6de57179fc,"The 2026 midterm elections are scheduled to be held on November 3, 2026.

This market will resolve according to the number of seats held by the Republican Party in the US Senate as a result of the 2026 midterm elections.

This market will resolve based on the results of all Senate elections, including special elections, that are scheduled to occur in November 2026 as of October 31, 2026. If a required runoff for any such election could change the market’s outcome, the market will remain open until that runoff is conclusively called by this market’s resolution sources.

If a Senate seat is vacant but a corresponding election is not held in November 2026, the seat will be considered held by the party of the seat's most recent incumbent.

A candidate's party will be determined by their ballot-listed or otherwise identifiable affiliation with that party at the time all of the 2026 Senate elections are conclusively called by this market's resolution sources. A candidate without a ballot-listed affiliation to either the Democratic or Republican parties will be considered a member of one of these parties based on the party with which they most recently expressed their intent to caucus at the time all of the Senate elections are conclusively called by this market's resolution sources.

The resolution source for this market is the Associated Press, Fox News, and NBC. This market will resolve once all three sources have conclusively called all Senate elections. If all three sources do not achieve consensus in calling the relevant races for this market, it will resolve based on the official certification.",,,,true,false,,false,true,"[""Yes"",""No""]","[""106446804142822856909456712516050968287728263341329924913008459244064245181608"",""105728801462246018106841070340476781150433351186716389333116738721229102852693""]","{""Yes"":""106446804142822856909456712516050968287728263341329924913008459244064245181608"",""No"":""105728801462246018106841070340476781150433351186716389333116738721229102852693""}",106446804142822856909456712516050968287728263341329924913008459244064245181608,105728801462246018106841070340476781150433351186716389333116738721229102852693,106758.077137,47556.29216,https://polymarket.com/event/will-the-republican-party-hold-57-or-more-senate-seats-after-the-2026-midterm-elections,VERIFIED_READY,2026-06-25T19:44:51+00:00,"[{""score"":0.9554,""id"":""943829"",""slug"":""will-the-republican-party-hold-57-or-more-senate-seats-after-the-2026-midterm-elections"",""question"":""Will the Republican Party hold 57 or more Senate seats after the 2026 midterm elections?"",""event_title"":"""",""endDate"":"""",""volume"":""106758.077137"",""source"":""markets_slug_query"",""active"":true,""closed"":false},{""score"":0.8647,""id"":""562794"",""slug"":""will-the-republican-party-control-the-senate-after-the-2026-midterm-elections"",""question"":""Will the Republican Party control the Senate after the 2026 Midterm elections?"",""event_title"":""Which party will win the Senate in 2026?"",""endDate"":""2026-11-03T00:00:00Z"",""volume"":""1308930.158923012"",""source"":""/events?search"",""active"":true,""closed"":false},{""score"":0.7949,""id"":""562793"",""slug"":""will-the-democratic-party-control-the-senate-after-the-2026-midterm-elections"",""question"":""Will the Democratic Party control the Senate after the 2026 Midterm elections?"",""event_title"":""Which party will win the Senate in 2026?"",""endDate"":""2026-11-03T00:00:00Z"",""volume"":""1476430.5579370107"",""source"":""/events?search"",""active"":true,""closed"":false},{""score"":0.7935,""id"":""562803"",""slug"":""will-the-republican-party-control-the-house-after-the-2026-midterm-elections"",""question"":""Will the Republican Party control the House after the 2026 Midterm elections?"",""event_title"":""Which party will win the House in 2026?"",""endDate"":""2026-11-03T00:00:00Z"",""volume"":""3456201.5151959434"",""source"":""/events?search"",""active"":true,""closed"":false},{""score"":0.7234,""id"":""562802"",""slug"":""will-the-democratic-party-control-the-house-after-the-2026-midterm-elections"",""question"":""Will the Democratic Party control the House after the 2026 Midterm elections?"",""event_title"":""Which party will win the House in 2026?"",""endDate"":""2026-11-03T00:00:00Z"",""volume"":""4185811.6013039355"",""source"":""/events?search"",""active"":true,""closed"":false}]",Accepted candidate rank 1 with fuzzy_score=0.9554.,,57+,,KEPT
26,RSO-0026,5,Maine Senate Election Winner,Maine Senate Election Winner — Democrat,Will the Democrats win the Maine Senate race in 2026?,Maine Senate Election Winner Democrat,US,us_senate,us_statewide,maine_senate_2026,tracked,core_us,binary_complement_contract,1,Democrat,will-the-democrats-win-the-maine-senate-race-in-2026,maine-senate-election-winner-democrat,maine-senate-election-winner,US Senate race-specific market; central to Senate-control decomposition.,needs_slug_clob_verification,needs_orderbook_check,appears_clear_from_paste,State Senate outcome row.,630772,57650,0x66bbf6d55e0296278858b3147689f3df9259374f158f9f028b608baa322a639c,"This market will resolve according to the winner of the 2026 midterm Maine U.S. Senate election, inclusive of any run-offs.

A candidate shall be considered to represent a party in the event that he or she is the nominee of the party in question. Candidates other than the Democratic or Republican nominee (e.g., Greens, Libertarian, independent) may be added at a later date.

Candidates who run as independents will not be encompassed by the “Democrat” or “Republican” options regardless of any affiliation they may have with the party.

The resolution source for this market is the Associated Press, Fox News, and NBC. This market will resolve once all three sources call the race for the same candidate. If all three sources haven’t called the race in this state for the same candidate, this market will resolve based on the official certification.",,,,true,false,,false,true,"[""Yes"",""No""]","[""7589880081658059374445882095611024032084645048848237404312287942463647821549"",""6136336712352911156426560180855478229745540927722899997193789497766196705020""]","{""Yes"":""7589880081658059374445882095611024032084645048848237404312287942463647821549"",""No"":""6136336712352911156426560180855478229745540927722899997193789497766196705020""}",7589880081658059374445882095611024032084645048848237404312287942463647821549,6136336712352911156426560180855478229745540927722899997193789497766196705020,348952.6032560004,55637.3674,https://polymarket.com/event/will-the-democrats-win-the-maine-senate-race-in-2026,VERIFIED_READY,2026-06-25T19:50:50+00:00,"[{""score"":0.6249,""id"":""630772"",""slug"":""will-the-democrats-win-the-maine-senate-race-in-2026"",""question"":""Will the Democrats win the Maine Senate race in 2026?"",""event_title"":""Maine Senate Election Winner"",""endDate"":"""",""volume"":""348952.6032560004"",""source"":""events_slug_path"",""active"":true,""closed"":false},{""score"":0.6058,""id"":""630773"",""slug"":""will-the-republicans-win-the-maine-senate-race-in-2026"",""question"":""Will the Republicans win the Maine Senate race in 2026?"",""event_title"":""Maine Senate Election Winner"",""endDate"":"""",""volume"":""217892.4659280002"",""source"":""events_slug_path"",""active"":true,""closed"":false},{""score"":0.5792,""id"":""630774"",""slug"":""will-person-a-win-the-maine-senate-race-in-2026"",""question"":""Will Person A win the Maine Senate race in 2026?"",""event_title"":""Maine Senate Election Winner"",""endDate"":"""",""volume"":""0"",""source"":""events_slug_path"",""active"":false,""closed"":false},{""score"":0.5792,""id"":""630776"",""slug"":""will-person-c-win-the-maine-senate-race-in-2026"",""question"":""Will Person C win the Maine Senate race in 2026?"",""event_title"":""Maine Senate Election Winner"",""endDate"":"""",""volume"":""0"",""source"":""events_slug_path"",""active"":false,""closed"":false},{""score"":0.5792,""id"":""630778"",""slug"":""will-person-e-win-the-maine-senate-race-in-2026"",""question"":""Will Person E win the Maine Senate race in 2026?"",""event_title"":""Maine Senate Election Winner"",""endDate"":"""",""volume"":""0"",""source"":""events_slug_path"",""active"":false,""closed"":false}]",Accepted candidate rank 1 with fuzzy_score=0.6249.,,democrat|democrats|democratic,,KEPT
27,RSO-0027,5,Maine Senate Election Winner,Maine Senate Election Winner — Republican,Will the Republicans win the Maine Senate race in 2026?,Maine Senate Election Winner Republican,US,us_senate,us_statewide,maine_senate_2026,tracked,core_us,binary_complement_contract,2,Republican,will-the-republicans-win-the-maine-senate-race-in-2026,maine-senate-election-winner-republican,maine-senate-election-winner,US Senate race-specific market; central to Senate-control decomposition.,needs_slug_clob_verification,needs_orderbook_check,appears_clear_from_paste,State Senate outcome row.,630773,57650,0x2c00cb09722a0f0501c5e49131b898ed57bb5c075db4dc2bcbc14908f45b8c48,"This market will resolve according to the winner of the 2026 midterm Maine U.S. Senate election, inclusive of any run-offs.

A candidate shall be considered to represent a party in the event that he or she is the nominee of the party in question. Candidates other than the Democratic or Republican nominee (e.g., Greens, Libertarian, independent) may be added at a later date.

Candidates who run as independents will not be encompassed by the “Democrat” or “Republican” options regardless of any affiliation they may have with the party.

The resolution source for this market is the Associated Press, Fox News, and NBC. This market will resolve once all three sources call the race for the same candidate. If all three sources haven’t called the race in this state for the same candidate, this market will resolve based on the official certification.",,,,true,false,,false,true,"[""Yes"",""No""]","[""2142948285506077695096498341598672159464223074468931276310105532825810210121"",""43295283577056639281694071578249936735369407445693289764095672178175084599787""]","{""Yes"":""2142948285506077695096498341598672159464223074468931276310105532825810210121"",""No"":""43295283577056639281694071578249936735369407445693289764095672178175084599787""}",2142948285506077695096498341598672159464223074468931276310105532825810210121,43295283577056639281694071578249936735369407445693289764095672178175084599787,217892.4659280002,49759.257,https://polymarket.com/event/will-the-republicans-win-the-maine-senate-race-in-2026,VERIFIED_READY,2026-06-25T19:51:09+00:00,"[{""score"":0.6169,""id"":""630772"",""slug"":""will-the-democrats-win-the-maine-senate-race-in-2026"",""question"":""Will the Democrats win the Maine Senate race in 2026?"",""event_title"":""Maine Senate Election Winner"",""endDate"":"""",""volume"":""348952.6032560004"",""source"":""events_slug_path"",""active"":true,""closed"":false},{""score"":0.598,""id"":""630773"",""slug"":""will-the-republicans-win-the-maine-senate-race-in-2026"",""question"":""Will the Republicans win the Maine Senate race in 2026?"",""event_title"":""Maine Senate Election Winner"",""endDate"":"""",""volume"":""217892.4659280002"",""source"":""events_slug_path"",""active"":true,""closed"":false},{""score"":0.5706,""id"":""630774"",""slug"":""will-person-a-win-the-maine-senate-race-in-2026"",""question"":""Will Person A win the Maine Senate race in 2026?"",""event_title"":""Maine Senate Election Winner"",""endDate"":"""",""volume"":""0"",""source"":""events_slug_path"",""active"":false,""closed"":false},{""score"":0.5706,""id"":""630776"",""slug"":""will-person-c-win-the-maine-senate-race-in-2026"",""question"":""Will Person C win the Maine Senate race in 2026?"",""event_title"":""Maine Senate Election Winner"",""endDate"":"""",""volume"":""0"",""source"":""events_slug_path"",""active"":false,""closed"":false},{""score"":0.5706,""id"":""630778"",""slug"":""will-person-e-win-the-maine-senate-race-in-2026"",""question"":""Will Person E win the Maine Senate race in 2026?"",""event_title"":""Maine Senate Election Winner"",""endDate"":"""",""volume"":""0"",""source"":""events_slug_path"",""active"":false,""closed"":false}]",Accepted candidate rank 2 with fuzzy_score=0.5980.,,republican|republicans|gop,,KEPT
28,RSO-0028,6,Texas Senate Election Winner,Texas Senate Election Winner — Ken Paxton (R),Will the Republicans win the Texas Senate race in 2026?,Texas Senate Election Winner Ken Paxton (R),US,us_senate,us_statewide,texas_senate_2026,tracked,core_us,binary_complement_contract,1,Ken Paxton (R),will-the-republicans-win-the-texas-senate-race-in-2026,texas-senate-election-winner-ken-paxton-r,texas-senate-election-winner,US Senate race-specific market; central to Senate-control decomposition.,needs_slug_clob_verification,needs_orderbook_check,appears_clear_from_paste,State Senate outcome row.,630964,57672,0x94521176f57d2ce81dde01e0b7699ca4279423042d37ed53908f0c8bfefe7e14,"This market will resolve according to the winner of the 2026 midterm Texas U.S. Senate election, inclusive of any run-offs.

A candidate shall be considered to represent a party in the event that he or she is the nominee of the party in question. Candidates other than the Democratic or Republican nominee (e.g., Greens, Libertarian, independent) may be added at a later date.

Candidates who run as independents will not be encompassed by the “Democrat” or “Republican” options regardless of any affiliation they may have with the party.

The resolution source for this market is the Associated Press, Fox News, and NBC. This market will resolve once all three sources call the race for the same candidate. If all three sources haven’t called the race in this state for the same candidate, this market will resolve based on the official certification.",,,,true,false,,false,true,"[""Yes"",""No""]","[""21265207456609426291246075480390336499088453711419597084147957999650569091884"",""9846414914422486942750462555692240718767368950832862364324602361738794436048""]","{""Yes"":""21265207456609426291246075480390336499088453711419597084147957999650569091884"",""No"":""9846414914422486942750462555692240718767368950832862364324602361738794436048""}",21265207456609426291246075480390336499088453711419597084147957999650569091884,9846414914422486942750462555692240718767368950832862364324602361738794436048,302597.4057009986,46884.8308,https://polymarket.com/event/will-the-republicans-win-the-texas-senate-race-in-2026,VERIFIED_READY,2026-06-25T19:52:07+00:00,"[{""score"":0.5721,""id"":""630964"",""slug"":""will-the-republicans-win-the-texas-senate-race-in-2026"",""question"":""Will the Republicans win the Texas Senate race in 2026?"",""event_title"":""Texas Senate Election Winner"",""endDate"":"""",""volume"":""302597.4057009986"",""source"":""events_slug_path"",""active"":true,""closed"":false},{""score"":0.5703,""id"":""630963"",""slug"":""will-the-democrats-win-the-texas-senate-race-in-2026"",""question"":""Will the Democrats win the Texas Senate race in 2026?"",""event_title"":""Texas Senate Election Winner"",""endDate"":"""",""volume"":""237397.2869730001"",""source"":""events_slug_path"",""active"":true,""closed"":false},{""score"":0.5356,""id"":""630966"",""slug"":""will-person-b-win-the-texas-senate-race-in-2026"",""question"":""Will Person B win the Texas Senate race in 2026?"",""event_title"":""Texas Senate Election Winner"",""endDate"":"""",""volume"":""0"",""source"":""events_slug_path"",""active"":false,""closed"":false},{""score"":0.5356,""id"":""630968"",""slug"":""will-person-d-win-the-texas-senate-race-in-2026"",""question"":""Will Person D win the Texas Senate race in 2026?"",""event_title"":""Texas Senate Election Winner"",""endDate"":"""",""volume"":""0"",""source"":""events_slug_path"",""active"":false,""closed"":false},{""score"":0.5356,""id"":""630970"",""slug"":""will-person-f-win-the-texas-senate-race-in-2026"",""question"":""Will Person F win the Texas Senate race in 2026?"",""event_title"":""Texas Senate Election Winner"",""endDate"":"""",""volume"":""0"",""source"":""events_slug_path"",""active"":false,""closed"":false}]",Accepted candidate rank 1 with fuzzy_score=0.5721.,,republican|republicans|gop,,KEPT
29,RSO-0029,6,Texas Senate Election Winner,Texas Senate Election Winner — James Talarico (D),Will the Democrats win the Texas Senate race in 2026?,Texas Senate Election Winner James Talarico (D),US,us_senate,us_statewide,texas_senate_2026,tracked,core_us,binary_complement_contract,2,James Talarico (D),will-the-democrats-win-the-texas-senate-race-in-2026,texas-senate-election-winner-james-talarico-d,texas-senate-election-winner,US Senate race-specific market; central to Senate-control decomposition.,needs_slug_clob_verification,needs_orderbook_check,appears_clear_from_paste,State Senate outcome row.,630963,57672,0x34918035a590555ba1fb1d6a019d766ab6e557d63e7f3140b63b4550eee7f417,"This market will resolve according to the winner of the 2026 midterm Texas U.S. Senate election, inclusive of any run-offs.

A candidate shall be considered to represent a party in the event that he or she is the nominee of the party in question. Candidates other than the Democratic or Republican nominee (e.g., Greens, Libertarian, independent) may be added at a later date.

Candidates who run as independents will not be encompassed by the “Democrat” or “Republican” options regardless of any affiliation they may have with the party.

The resolution source for this market is the Associated Press, Fox News, and NBC. This market will resolve once all three sources call the race for the same candidate. If all three sources haven’t called the race in this state for the same candidate, this market will resolve based on the official certification.",,,,true,false,,false,true,"[""Yes"",""No""]","[""15290572385458522370285732869432740297199321382471116558439914335588167718663"",""25172545206000541692667496253531562288536270988826888609620735617040533835056""]","{""Yes"":""15290572385458522370285732869432740297199321382471116558439914335588167718663"",""No"":""25172545206000541692667496253531562288536270988826888609620735617040533835056""}",15290572385458522370285732869432740297199321382471116558439914335588167718663,25172545206000541692667496253531562288536270988826888609620735617040533835056,237397.2869730001,44618.7887,https://polymarket.com/event/will-the-democrats-win-the-texas-senate-race-in-2026,VERIFIED_READY,2026-06-25T19:52:20+00:00,"[{""score"":0.5719,""id"":""561262"",""slug"":""will-james-talarico-win-the-2028-us-presidential-election"",""question"":""Will James Talarico win the 2028 US Presidential Election?"",""event_title"":""Presidential Election Winner 2028"",""endDate"":""2028-11-07T00:00:00Z"",""volume"":""5994882.610440039"",""source"":""/events?search"",""active"":true,""closed"":false},{""score"":0.5582,""id"":""630964"",""slug"":""will-the-republicans-win-the-texas-senate-race-in-2026"",""question"":""Will the Republicans win the Texas Senate race in 2026?"",""event_title"":""Texas Senate Election Winner"",""endDate"":"""",""volume"":""302597.4057009986"",""source"":""events_slug_path"",""active"":true,""closed"":false},{""score"":0.5561,""id"":""630963"",""slug"":""will-the-democrats-win-the-texas-senate-race-in-2026"",""question"":""Will the Democrats win the Texas Senate race in 2026?"",""event_title"":""Texas Senate Election Winner"",""endDate"":"""",""volume"":""237397.2869730001"",""source"":""events_slug_path"",""active"":true,""closed"":false},{""score"":0.5203,""id"":""630966"",""slug"":""will-person-b-win-the-texas-senate-race-in-2026"",""question"":""Will Person B win the Texas Senate race in 2026?"",""event_title"":""Texas Senate Election Winner"",""endDate"":"""",""volume"":""0"",""source"":""events_slug_path"",""active"":false,""closed"":false},{""score"":0.5203,""id"":""630968"",""slug"":""will-person-d-win-the-texas-senate-race-in-2026"",""question"":""Will Person D win the Texas Senate race in 2026?"",""event_title"":""Texas Senate Election Winner"",""endDate"":"""",""volume"":""0"",""source"":""events_slug_path"",""active"":false,""closed"":false}]",Accepted candidate rank 3 with fuzzy_score=0.5561.,,democrat|democrats|democratic,,KEPT
30,RSO-0030,7,Alaska Senate Election Winner,Alaska Senate Election Winner — Mary Peltola,Will Mary Peltola win the Alaska Senate race in 2026?,Alaska Senate Election Winner Mary Peltola,US,us_senate,us_statewide,alaska_senate_2026,tracked,core_us,multi_outcome_contract,1,Mary Peltola,will-mary-peltola-win-the-alaska-senate-race-in-2026,alaska-senate-election-winner-mary-peltola,alaska-senate-election-winner,US Senate race-specific market; central to Senate-control decomposition.,needs_slug_clob_verification,needs_orderbook_check,appears_clear_from_paste,State Senate outcome row.,634976,59233,0x19d2ff72e389d190c183e6b114817301d29eba651d67d75a38ee201a05188fd9,"This market will resolve according to the winner of the 2026 midterm Alaska U.S. Senate election, inclusive of any run-offs, currently scheduled for November 3, 2026.

If the results of the election are not confirmed by July 31, 2027, this market will resolve to ""Other"".

The resolution source for this market is the Associated Press, Fox News, and NBC. This market will resolve once all three sources call the race for the same candidate. If all three sources haven’t called the race in this state for the same candidate, this market will resolve based on official certification.",,,2026-11-03T00:00:00Z,true,false,,false,true,"[""Yes"",""No""]","[""72139607190315861034411702195742538105117960260100800877125381826122747504258"",""38274379050640062523611849065721372699838119672720475300345842413156391540232""]","{""Yes"":""72139607190315861034411702195742538105117960260100800877125381826122747504258"",""No"":""38274379050640062523611849065721372699838119672720475300345842413156391540232""}",72139607190315861034411702195742538105117960260100800877125381826122747504258,38274379050640062523611849065721372699838119672720475300345842413156391540232,169276.6230240002,19707.0908,https://polymarket.com/event/will-mary-peltola-win-the-alaska-senate-race-in-2026,VERIFIED_READY,2026-06-25T19:52:29+00:00,"[{""score"":0.6395,""id"":""634976"",""slug"":""will-mary-peltola-win-the-alaska-senate-race-in-2026"",""question"":""Will Mary Peltola win the Alaska Senate race in 2026?"",""event_title"":""Alaska Senate Election Winner"",""endDate"":""2026-11-03T00:00:00Z"",""volume"":""169276.6230240002"",""source"":""events_slug_path"",""active"":true,""closed"":false},{""score"":0.5655,""id"":""634975"",""slug"":""will-ann-diener-win-the-alaska-senate-race-in-2026"",""question"":""Will Ann Diener win the Alaska Senate race in 2026?"",""event_title"":""Alaska Senate Election Winner"",""endDate"":""2026-11-03T00:00:00Z"",""volume"":""34205.89757799998"",""source"":""events_slug_path"",""active"":true,""closed"":false},{""score"":0.5646,""id"":""634974"",""slug"":""will-dan-sullivan-win-the-alaska-senate-race-in-2026"",""question"":""Will Dan Sullivan win the Alaska Senate race in 2026?"",""event_title"":""Alaska Senate Election Winner"",""endDate"":""2026-11-03T00:00:00Z"",""volume"":""95557.14264899994"",""source"":""events_slug_path"",""active"":true,""closed"":false},{""score"":0.5559,""id"":""634977"",""slug"":""will-dustin-darden-win-the-alaska-senate-race-in-2026"",""question"":""Will Dustin Darden win the Alaska Senate race in 2026?"",""event_title"":""Alaska Senate Election Winner"",""endDate"":""2026-11-03T00:00:00Z"",""volume"":""21931.347311999973"",""source"":""events_slug_path"",""active"":true,""closed"":false},{""score"":0.551,""id"":""634978"",""slug"":""will-richard-grayson-win-the-alaska-senate-race-in-2026"",""question"":""Will Richard Grayson win the Alaska Senate race in 2026?"",""event_title"":""Alaska Senate Election Winner"",""endDate"":""2026-11-03T00:00:00Z"",""volume"":""21549.327520999992"",""source"":""events_slug_path"",""active"":true,""closed"":false}]",Accepted candidate rank 1 with fuzzy_score=0.6395.,,Mary Peltola,,KEPT
31,RSO-0031,7,Alaska Senate Election Winner,Alaska Senate Election Winner — Dan Sullivan,Will Dan Sullivan win the Alaska Senate race in 2026?,Alaska Senate Election Winner Dan Sullivan,US,us_senate,us_statewide,alaska_senate_2026,tracked,core_us,multi_outcome_contract,2,Dan Sullivan,will-dan-sullivan-win-the-alaska-senate-race-in-2026,alaska-senate-election-winner-dan-sullivan,alaska-senate-election-winner,US Senate race-specific market; central to Senate-control decomposition.,needs_slug_clob_verification,needs_orderbook_check,appears_clear_from_paste,State Senate outcome row.,634974,59233,0x741bb46008b72234857c5118c8365ab3c2f69dbf28b30b59de04f173b8a778de,"This market will resolve according to the winner of the 2026 midterm Alaska U.S. Senate election, inclusive of any run-offs, currently scheduled for November 3, 2026.

If the results of the election are not confirmed by July 31, 2027, this market will resolve to ""Other"".

The resolution source for this market is the Associated Press, Fox News, and NBC. This market will resolve once all three sources call the race for the same candidate. If all three sources haven’t called the race in this state for the same candidate, this market will resolve based on official certification.",,,2026-11-03T00:00:00Z,true,false,,false,true,"[""Yes"",""No""]","[""2618138322856109565904469085316346602627882727483900432328802655317079880335"",""64264976954058187238724333554507208255303776435657387002861226761784169752307""]","{""Yes"":""2618138322856109565904469085316346602627882727483900432328802655317079880335"",""No"":""64264976954058187238724333554507208255303776435657387002861226761784169752307""}",2618138322856109565904469085316346602627882727483900432328802655317079880335,64264976954058187238724333554507208255303776435657387002861226761784169752307,95557.14264899994,10377.6922,https://polymarket.com/event/will-dan-sullivan-win-the-alaska-senate-race-in-2026,VERIFIED_READY,2026-06-25T19:52:34+00:00,"[{""score"":0.6312,""id"":""634974"",""slug"":""will-dan-sullivan-win-the-alaska-senate-race-in-2026"",""question"":""Will Dan Sullivan win the Alaska Senate race in 2026?"",""event_title"":""Alaska Senate Election Winner"",""endDate"":""2026-11-03T00:00:00Z"",""volume"":""95557.14264899994"",""source"":""events_slug_path"",""active"":true,""closed"":false},{""score"":0.5729,""id"":""634976"",""slug"":""will-mary-peltola-win-the-alaska-senate-race-in-2026"",""question"":""Will Mary Peltola win the Alaska Senate race in 2026?"",""event_title"":""Alaska Senate Election Winner"",""endDate"":""2026-11-03T00:00:00Z"",""volume"":""169276.6230240002"",""source"":""events_slug_path"",""active"":true,""closed"":false},{""score"":0.5655,""id"":""634975"",""slug"":""will-ann-diener-win-the-alaska-senate-race-in-2026"",""question"":""Will Ann Diener win the Alaska Senate race in 2026?"",""event_title"":""Alaska Senate Election Winner"",""endDate"":""2026-11-03T00:00:00Z"",""volume"":""34205.89757799998"",""source"":""events_slug_path"",""active"":true,""closed"":false},{""score"":0.5559,""id"":""634977"",""slug"":""will-dustin-darden-win-the-alaska-senate-race-in-2026"",""question"":""Will Dustin Darden win the Alaska Senate race in 2026?"",""event_title"":""Alaska Senate Election Winner"",""endDate"":""2026-11-03T00:00:00Z"",""volume"":""21931.347311999973"",""source"":""events_slug_path"",""active"":true,""closed"":false},{""score"":0.551,""id"":""634978"",""slug"":""will-richard-grayson-win-the-alaska-senate-race-in-2026"",""question"":""Will Richard Grayson win the Alaska Senate race in 2026?"",""event_title"":""Alaska Senate Election Winner"",""endDate"":""2026-11-03T00:00:00Z"",""volume"":""21549.327520999992"",""source"":""events_slug_path"",""active"":true,""closed"":false}]",Accepted candidate rank 1 with fuzzy_score=0.6312.,,Dan Sullivan,,KEPT
32,RSO-0032,7,Alaska Senate Election Winner,Alaska Senate Election Winner — Dustin Darden,Will Dustin Darden win the Alaska Senate race in 2026?,Alaska Senate Election Winner Dustin Darden,US,us_senate,us_statewide,alaska_senate_2026,tracked,core_us,multi_outcome_contract,3,Dustin Darden,will-dustin-darden-win-the-alaska-senate-race-in-2026,alaska-senate-election-winner-dustin-darden,alaska-senate-election-winner,US Senate race-specific market; central to Senate-control decomposition.,needs_slug_clob_verification,needs_orderbook_check,appears_clear_from_paste,State Senate outcome row.,634977,59233,0xec751bd3e1cf4d22a1dee41ee85c7304bdb7b6ed6dccc807e88ef2603b4a6449,"This market will resolve according to the winner of the 2026 midterm Alaska U.S. Senate election, inclusive of any run-offs, currently scheduled for November 3, 2026.

If the results of the election are not confirmed by July 31, 2027, this market will resolve to ""Other"".

The resolution source for this market is the Associated Press, Fox News, and NBC. This market will resolve once all three sources call the race for the same candidate. If all three sources haven’t called the race in this state for the same candidate, this market will resolve based on official certification.",,,2026-11-03T00:00:00Z,true,false,,false,true,"[""Yes"",""No""]","[""29311755935786363205680204536643787054260832125056777867606384726291200747800"",""111132744939015293345579629653521058184443656082780857026315550111238286737914""]","{""Yes"":""29311755935786363205680204536643787054260832125056777867606384726291200747800"",""No"":""111132744939015293345579629653521058184443656082780857026315550111238286737914""}",29311755935786363205680204536643787054260832125056777867606384726291200747800,111132744939015293345579629653521058184443656082780857026315550111238286737914,21931.347311999973,23666.90916,https://polymarket.com/event/will-dustin-darden-win-the-alaska-senate-race-in-2026,VERIFIED_READY,2026-06-25T19:58:30+00:00,"[{""score"":0.6324,""id"":""634977"",""slug"":""will-dustin-darden-win-the-alaska-senate-race-in-2026"",""question"":""Will Dustin Darden win the Alaska Senate race in 2026?"",""event_title"":""Alaska Senate Election Winner"",""endDate"":""2026-11-03T00:00:00Z"",""volume"":""21931.347311999973"",""source"":""events_slug_path"",""active"":true,""closed"":false},{""score"":0.5828,""id"":""634976"",""slug"":""will-mary-peltola-win-the-alaska-senate-race-in-2026"",""question"":""Will Mary Peltola win the Alaska Senate race in 2026?"",""event_title"":""Alaska Senate Election Winner"",""endDate"":""2026-11-03T00:00:00Z"",""volume"":""169276.6230240002"",""source"":""events_slug_path"",""active"":true,""closed"":false},{""score"":0.5756,""id"":""634975"",""slug"":""will-ann-diener-win-the-alaska-senate-race-in-2026"",""question"":""Will Ann Diener win the Alaska Senate race in 2026?"",""event_title"":""Alaska Senate Election Winner"",""endDate"":""2026-11-03T00:00:00Z"",""volume"":""34205.89757799998"",""source"":""events_slug_path"",""active"":true,""closed"":false},{""score"":0.5745,""id"":""634974"",""slug"":""will-dan-sullivan-win-the-alaska-senate-race-in-2026"",""question"":""Will Dan Sullivan win the Alaska Senate race in 2026?"",""event_title"":""Alaska Senate Election Winner"",""endDate"":""2026-11-03T00:00:00Z"",""volume"":""95557.14264899994"",""source"":""events_slug_path"",""active"":true,""closed"":false},{""score"":0.5607,""id"":""634978"",""slug"":""will-richard-grayson-win-the-alaska-senate-race-in-2026"",""question"":""Will Richard Grayson win the Alaska Senate race in 2026?"",""event_title"":""Alaska Senate Election Winner"",""endDate"":""2026-11-03T00:00:00Z"",""volume"":""21549.327520999992"",""source"":""events_slug_path"",""active"":true,""closed"":false}]",Accepted candidate rank 1 with fuzzy_score=0.6324.,,Dustin Darden,,KEPT
33,RSO-0033,7,Alaska Senate Election Winner,Alaska Senate Election Winner — Ann Diener,Will Ann Diener win the Alaska Senate race in 2026?,Alaska Senate Election Winner Ann Diener,US,us_senate,us_statewide,alaska_senate_2026,tracked,core_us,multi_outcome_contract,4,Ann Diener,will-ann-diener-win-the-alaska-senate-race-in-2026,alaska-senate-election-winner-ann-diener,alaska-senate-election-winner,US Senate race-specific market; central to Senate-control decomposition.,needs_slug_clob_verification,needs_orderbook_check,appears_clear_from_paste,State Senate outcome row.,634975,59233,0xa26ab383a1f115fa8d2b0fcbac29bcd6a9843ec8c1d160b0a122917230c3c96a,"This market will resolve according to the winner of the 2026 midterm Alaska U.S. Senate election, inclusive of any run-offs, currently scheduled for November 3, 2026.

If the results of the election are not confirmed by July 31, 2027, this market will resolve to ""Other"".

The resolution source for this market is the Associated Press, Fox News, and NBC. This market will resolve once all three sources call the race for the same candidate. If all three sources haven’t called the race in this state for the same candidate, this market will resolve based on official certification.",,,2026-11-03T00:00:00Z,true,false,,false,true,"[""Yes"",""No""]","[""20310786951537091150920478212676759242565921145568245906943451694162568762258"",""48713763040486181338331079866717596249762656714232229227842124521446386366432""]","{""Yes"":""20310786951537091150920478212676759242565921145568245906943451694162568762258"",""No"":""48713763040486181338331079866717596249762656714232229227842124521446386366432""}",20310786951537091150920478212676759242565921145568245906943451694162568762258,48713763040486181338331079866717596249762656714232229227842124521446386366432,34205.89757799998,26715.28635,https://polymarket.com/event/will-ann-diener-win-the-alaska-senate-race-in-2026,VERIFIED_READY,2026-06-25T19:58:45+00:00,"[{""score"":0.6402,""id"":""634975"",""slug"":""will-ann-diener-win-the-alaska-senate-race-in-2026"",""question"":""Will Ann Diener win the Alaska Senate race in 2026?"",""event_title"":""Alaska Senate Election Winner"",""endDate"":""2026-11-03T00:00:00Z"",""volume"":""34205.89757799998"",""source"":""events_slug_path"",""active"":true,""closed"":false},{""score"":0.5806,""id"":""634976"",""slug"":""will-mary-peltola-win-the-alaska-senate-race-in-2026"",""question"":""Will Mary Peltola win the Alaska Senate race in 2026?"",""event_title"":""Alaska Senate Election Winner"",""endDate"":""2026-11-03T00:00:00Z"",""volume"":""169276.6230240002"",""source"":""events_slug_path"",""active"":true,""closed"":false},{""score"":0.5722,""id"":""634974"",""slug"":""will-dan-sullivan-win-the-alaska-senate-race-in-2026"",""question"":""Will Dan Sullivan win the Alaska Senate race in 2026?"",""event_title"":""Alaska Senate Election Winner"",""endDate"":""2026-11-03T00:00:00Z"",""volume"":""95557.14264899994"",""source"":""events_slug_path"",""active"":true,""closed"":false},{""score"":0.5636,""id"":""634977"",""slug"":""will-dustin-darden-win-the-alaska-senate-race-in-2026"",""question"":""Will Dustin Darden win the Alaska Senate race in 2026?"",""event_title"":""Alaska Senate Election Winner"",""endDate"":""2026-11-03T00:00:00Z"",""volume"":""21931.347311999973"",""source"":""events_slug_path"",""active"":true,""closed"":false},{""score"":0.5584,""id"":""634978"",""slug"":""will-richard-grayson-win-the-alaska-senate-race-in-2026"",""question"":""Will Richard Grayson win the Alaska Senate race in 2026?"",""event_title"":""Alaska Senate Election Winner"",""endDate"":""2026-11-03T00:00:00Z"",""volume"":""21549.327520999992"",""source"":""events_slug_path"",""active"":true,""closed"":false}]",Accepted candidate rank 1 with fuzzy_score=0.6402.,,Ann Diener,,KEPT
34,RSO-0034,7,Alaska Senate Election Winner,Alaska Senate Election Winner — Richard Grayson,Will Richard Grayson win the Alaska Senate race in 2026?,Alaska Senate Election Winner Richard Grayson,US,us_senate,us_statewide,alaska_senate_2026,tracked,core_us,multi_outcome_contract,5,Richard Grayson,will-richard-grayson-win-the-alaska-senate-race-in-2026,alaska-senate-election-winner-richard-grayson,alaska-senate-election-winner,US Senate race-specific market; central to Senate-control decomposition.,needs_slug_clob_verification,needs_orderbook_check,appears_clear_from_paste,State Senate outcome row.,634978,59233,0x998ee2bd25cea8e07eaf1b1f1be82ba6c3ecfd74c28a87497786103d84fd06d8,"This market will resolve according to the winner of the 2026 midterm Alaska U.S. Senate election, inclusive of any run-offs, currently scheduled for November 3, 2026.

If the results of the election are not confirmed by July 31, 2027, this market will resolve to ""Other"".

The resolution source for this market is the Associated Press, Fox News, and NBC. This market will resolve once all three sources call the race for the same candidate. If all three sources haven’t called the race in this state for the same candidate, this market will resolve based on official certification.",,,2026-11-03T00:00:00Z,true,false,,false,true,"[""Yes"",""No""]","[""59588004575158257289531312065982350985369269880352045258164216668046489178917"",""11471799481163674496775067856640475180065538077790138430250870270740237488281""]","{""Yes"":""59588004575158257289531312065982350985369269880352045258164216668046489178917"",""No"":""11471799481163674496775067856640475180065538077790138430250870270740237488281""}",59588004575158257289531312065982350985369269880352045258164216668046489178917,11471799481163674496775067856640475180065538077790138430250870270740237488281,21549.327520999992,25776.04759,https://polymarket.com/event/will-richard-grayson-win-the-alaska-senate-race-in-2026,VERIFIED_READY,2026-06-25T19:58:50+00:00,"[{""score"":0.6071,""id"":""634978"",""slug"":""will-richard-grayson-win-the-alaska-senate-race-in-2026"",""question"":""Will Richard Grayson win the Alaska Senate race in 2026?"",""event_title"":""Alaska Senate Election Winner"",""endDate"":""2026-11-03T00:00:00Z"",""volume"":""21549.327520999992"",""source"":""events_slug_path"",""active"":true,""closed"":false},{""score"":0.5618,""id"":""634976"",""slug"":""will-mary-peltola-win-the-alaska-senate-race-in-2026"",""question"":""Will Mary Peltola win the Alaska Senate race in 2026?"",""event_title"":""Alaska Senate Election Winner"",""endDate"":""2026-11-03T00:00:00Z"",""volume"":""169276.6230240002"",""source"":""events_slug_path"",""active"":true,""closed"":false},{""score"":0.5541,""id"":""634975"",""slug"":""will-ann-diener-win-the-alaska-senate-race-in-2026"",""question"":""Will Ann Diener win the Alaska Senate race in 2026?"",""event_title"":""Alaska Senate Election Winner"",""endDate"":""2026-11-03T00:00:00Z"",""volume"":""34205.89757799998"",""source"":""events_slug_path"",""active"":true,""closed"":false},{""score"":0.5534,""id"":""634974"",""slug"":""will-dan-sullivan-win-the-alaska-senate-race-in-2026"",""question"":""Will Dan Sullivan win the Alaska Senate race in 2026?"",""event_title"":""Alaska Senate Election Winner"",""endDate"":""2026-11-03T00:00:00Z"",""volume"":""95557.14264899994"",""source"":""events_slug_path"",""active"":true,""closed"":false},{""score"":0.545,""id"":""634977"",""slug"":""will-dustin-darden-win-the-alaska-senate-race-in-2026"",""question"":""Will Dustin Darden win the Alaska Senate race in 2026?"",""event_title"":""Alaska Senate Election Winner"",""endDate"":""2026-11-03T00:00:00Z"",""volume"":""21931.347311999973"",""source"":""events_slug_path"",""active"":true,""closed"":false}]",Accepted candidate rank 1 with fuzzy_score=0.6071.,,Richard Grayson,,KEPT
35,RSO-0035,8,Nebraska Senate Election Winner,Nebraska Senate Election Winner — Republican,Will the Republicans win the Nebraska Senate race in 2026?,Nebraska Senate Election Winner Republican,US,us_senate,us_statewide,nebraska_senate_2026,tracked,core_us,multi_outcome_contract,1,Republican,will-the-republicans-win-the-nebraska-senate-race-in-2026,nebraska-senate-election-winner-republican,nebraska-senate-election-winner,US Senate race-specific market; central to Senate-control decomposition.,needs_slug_clob_verification,needs_orderbook_check,appears_clear_from_paste,State Senate outcome row.,634892,59204,0x71e9f5312aac62bdc9b87fa8d171fa929eca6243d815298c4c7d61303f7d53dd,"This market will resolve according to the winner of the 2026 midterm Nebraska U.S. Senate election, inclusive of any run-offs.

A candidate shall be considered to represent a party in the event that he or she is the nominee of the party in question. Candidates other than the Democratic or Republican nominee (e.g., Greens, Libertarian, independent) may be added at a later date.

Candidates who run as independents will not be encompassed by the “Democrat” or “Republican” options regardless of any affiliation they may have with the party.

The resolution source for this market is the Associated Press, Fox News, and NBC. This market will resolve once all three sources call the race for the same candidate. If all three sources haven’t called the race in this state for the same candidate, this market will resolve based on the official certification.",,,2026-11-03T00:00:00Z,true,false,,false,true,"[""Yes"",""No""]","[""92576281548134350814800877416860562553699794074017301653635964206220838638047"",""20545755397554366279105844241414821565747450256261992143596340747510834590543""]","{""Yes"":""92576281548134350814800877416860562553699794074017301653635964206220838638047"",""No"":""20545755397554366279105844241414821565747450256261992143596340747510834590543""}",92576281548134350814800877416860562553699794074017301653635964206220838638047,20545755397554366279105844241414821565747450256261992143596340747510834590543,54887.20501600041,11684.2595,https://polymarket.com/event/will-the-republicans-win-the-nebraska-senate-race-in-2026,VERIFIED_READY,2026-06-25T19:58:59+00:00,"[{""score"":0.6138,""id"":""634891"",""slug"":""will-the-democrats-win-the-nebraska-senate-race-in-2026"",""question"":""Will the Democrats win the Nebraska Senate race in 2026?"",""event_title"":""Nebraska Senate Election Winner  "",""endDate"":""2026-11-03T00:00:00Z"",""volume"":""78076.397688"",""source"":""events_slug_path"",""active"":true,""closed"":false},{""score"":0.6042,""id"":""634892"",""slug"":""will-the-republicans-win-the-nebraska-senate-race-in-2026"",""question"":""Will the Republicans win the Nebraska Senate race in 2026?"",""event_title"":""Nebraska Senate Election Winner  "",""endDate"":""2026-11-03T00:00:00Z"",""volume"":""54887.20501600041"",""source"":""events_slug_path"",""active"":true,""closed"":false},{""score"":0.6027,""id"":""634893"",""slug"":""will-an-independent-win-the-nebraska-senate-race-in-2026"",""question"":""Will an independent win the Nebraska Senate race in 2026?"",""event_title"":""Nebraska Senate Election Winner  "",""endDate"":""2026-11-03T00:00:00Z"",""volume"":""10456.072055000002"",""source"":""events_slug_path"",""active"":true,""closed"":false},{""score"":0.5975,""id"":""634895"",""slug"":""will-person-c-win-the-nebraska-senate-race-in-2026"",""question"":""Will Person C win the Nebraska Senate race in 2026?"",""event_title"":""Nebraska Senate Election Winner  "",""endDate"":""2026-11-03T00:00:00Z"",""volume"":""0"",""source"":""events_slug_path"",""active"":false,""closed"":false},{""score"":0.5975,""id"":""634897"",""slug"":""will-person-e-win-the-nebraska-senate-race-in-2026"",""question"":""Will Person E win the Nebraska Senate race in 2026?"",""event_title"":""Nebraska Senate Election Winner  "",""endDate"":""2026-11-03T00:00:00Z"",""volume"":""0"",""source"":""events_slug_path"",""active"":false,""closed"":false}]",Accepted candidate rank 2 with fuzzy_score=0.6042.,,republican|republicans|gop,,KEPT
36,RSO-0036,8,Nebraska Senate Election Winner,Nebraska Senate Election Winner — Independent,Will an independent win the Nebraska Senate race in 2026?,Nebraska Senate Election Winner Independent,US,us_senate,us_statewide,nebraska_senate_2026,tracked,core_us,multi_outcome_contract,2,Independent,will-an-independent-win-the-nebraska-senate-race-in-2026,nebraska-senate-election-winner-independent,nebraska-senate-election-winner,US Senate race-specific market; central to Senate-control decomposition.,needs_slug_clob_verification,needs_orderbook_check,appears_clear_from_paste,State Senate outcome row.,634893,59204,0x5554740293afa7aafd5fed10fd2de43a898e2884c1f98bd65185e703f371b9db,"This market will resolve according to the winner of the 2026 midterm Nebraska U.S. Senate election, inclusive of any run-offs.

A candidate shall be considered to represent a party in the event that he or she is the nominee of the party in question. Candidates other than the Democratic or Republican nominee (e.g., Greens, Libertarian, independent) may be added at a later date.

Candidates who run as independents will not be encompassed by the “Democrat” or “Republican” options regardless of any affiliation they may have with the party.

The resolution source for this market is the Associated Press, Fox News, and NBC. This market will resolve once all three sources call the race for the same candidate. If all three sources haven’t called the race in this state for the same candidate, this market will resolve based on the official certification.",,,2026-11-03T00:00:00Z,true,false,,false,true,"[""Yes"",""No""]","[""47975366268282823322598946778919483335780002591367838795894307024076579116518"",""89524111316754281233016446935787527194216234343076592935555965327756401377156""]","{""Yes"":""47975366268282823322598946778919483335780002591367838795894307024076579116518"",""No"":""89524111316754281233016446935787527194216234343076592935555965327756401377156""}",47975366268282823322598946778919483335780002591367838795894307024076579116518,89524111316754281233016446935787527194216234343076592935555965327756401377156,10456.072055000002,13825.0654,https://polymarket.com/event/will-an-independent-win-the-nebraska-senate-race-in-2026,VERIFIED_READY,2026-06-25T19:59:04+00:00,"[{""score"":0.6388,""id"":""634893"",""slug"":""will-an-independent-win-the-nebraska-senate-race-in-2026"",""question"":""Will an independent win the Nebraska Senate race in 2026?"",""event_title"":""Nebraska Senate Election Winner  "",""endDate"":""2026-11-03T00:00:00Z"",""volume"":""10456.072055000002"",""source"":""events_slug_path"",""active"":true,""closed"":false},{""score"":0.6099,""id"":""634891"",""slug"":""will-the-democrats-win-the-nebraska-senate-race-in-2026"",""question"":""Will the Democrats win the Nebraska Senate race in 2026?"",""event_title"":""Nebraska Senate Election Winner  "",""endDate"":""2026-11-03T00:00:00Z"",""volume"":""78076.397688"",""source"":""events_slug_path"",""active"":true,""closed"":false},{""score"":0.6004,""id"":""634892"",""slug"":""will-the-republicans-win-the-nebraska-senate-race-in-2026"",""question"":""Will the Republicans win the Nebraska Senate race in 2026?"",""event_title"":""Nebraska Senate Election Winner  "",""endDate"":""2026-11-03T00:00:00Z"",""volume"":""54887.20501600041"",""source"":""events_slug_path"",""active"":true,""closed"":false},{""score"":0.5934,""id"":""634895"",""slug"":""will-person-c-win-the-nebraska-senate-race-in-2026"",""question"":""Will Person C win the Nebraska Senate race in 2026?"",""event_title"":""Nebraska Senate Election Winner  "",""endDate"":""2026-11-03T00:00:00Z"",""volume"":""0"",""source"":""events_slug_path"",""active"":false,""closed"":false},{""score"":0.5934,""id"":""634897"",""slug"":""will-person-e-win-the-nebraska-senate-race-in-2026"",""question"":""Will Person E win the Nebraska Senate race in 2026?"",""event_title"":""Nebraska Senate Election Winner  "",""endDate"":""2026-11-03T00:00:00Z"",""volume"":""0"",""source"":""events_slug_path"",""active"":false,""closed"":false}]",Accepted candidate rank 1 with fuzzy_score=0.6388.,,independent,,KEPT
37,RSO-0037,8,Nebraska Senate Election Winner,Nebraska Senate Election Winner — Democrat,Will the Democrats win the Nebraska Senate race in 2026?,Nebraska Senate Election Winner Democrat,US,us_senate,us_statewide,nebraska_senate_2026,tracked,core_us,multi_outcome_contract,3,Democrat,will-the-democrats-win-the-nebraska-senate-race-in-2026,nebraska-senate-election-winner-democrat,nebraska-senate-election-winner,US Senate race-specific market; central to Senate-control decomposition.,needs_slug_clob_verification,needs_orderbook_check,appears_clear_from_paste,State Senate outcome row.,634891,59204,0x12ac475399b12fd74917ccf0e29ce338eb4fc76c066cc8b56d01d2f9a2b17597,"This market will resolve according to the winner of the 2026 midterm Nebraska U.S. Senate election, inclusive of any run-offs.

A candidate shall be considered to represent a party in the event that he or she is the nominee of the party in question. Candidates other than the Democratic or Republican nominee (e.g., Greens, Libertarian, independent) may be added at a later date.

Candidates who run as independents will not be encompassed by the “Democrat” or “Republican” options regardless of any affiliation they may have with the party.

The resolution source for this market is the Associated Press, Fox News, and NBC. This market will resolve once all three sources call the race for the same candidate. If all three sources haven’t called the race in this state for the same candidate, this market will resolve based on the official certification.",,,2026-11-03T00:00:00Z,true,false,,false,true,"[""Yes"",""No""]","[""55269299240433422758148290868724152324629587438760275683104577693660207425448"",""81262665299593332402996254810488669553080330014117799642811352427402737700753""]","{""Yes"":""55269299240433422758148290868724152324629587438760275683104577693660207425448"",""No"":""81262665299593332402996254810488669553080330014117799642811352427402737700753""}",55269299240433422758148290868724152324629587438760275683104577693660207425448,81262665299593332402996254810488669553080330014117799642811352427402737700753,78076.397688,30350.22264,https://polymarket.com/event/will-the-democrats-win-the-nebraska-senate-race-in-2026,VERIFIED_READY,2026-06-25T19:59:10+00:00,"[{""score"":0.6219,""id"":""634891"",""slug"":""will-the-democrats-win-the-nebraska-senate-race-in-2026"",""question"":""Will the Democrats win the Nebraska Senate race in 2026?"",""event_title"":""Nebraska Senate Election Winner  "",""endDate"":""2026-11-03T00:00:00Z"",""volume"":""78076.397688"",""source"":""events_slug_path"",""active"":true,""closed"":false},{""score"":0.612,""id"":""634892"",""slug"":""will-the-republicans-win-the-nebraska-senate-race-in-2026"",""question"":""Will the Republicans win the Nebraska Senate race in 2026?"",""event_title"":""Nebraska Senate Election Winner  "",""endDate"":""2026-11-03T00:00:00Z"",""volume"":""54887.20501600041"",""source"":""events_slug_path"",""active"":true,""closed"":false},{""score"":0.6106,""id"":""634893"",""slug"":""will-an-independent-win-the-nebraska-senate-race-in-2026"",""question"":""Will an independent win the Nebraska Senate race in 2026?"",""event_title"":""Nebraska Senate Election Winner  "",""endDate"":""2026-11-03T00:00:00Z"",""volume"":""10456.072055000002"",""source"":""events_slug_path"",""active"":true,""closed"":false},{""score"":0.6062,""id"":""634895"",""slug"":""will-person-c-win-the-nebraska-senate-race-in-2026"",""question"":""Will Person C win the Nebraska Senate race in 2026?"",""event_title"":""Nebraska Senate Election Winner  "",""endDate"":""2026-11-03T00:00:00Z"",""volume"":""0"",""source"":""events_slug_path"",""active"":false,""closed"":false},{""score"":0.6062,""id"":""634897"",""slug"":""will-person-e-win-the-nebraska-senate-race-in-2026"",""question"":""Will Person E win the Nebraska Senate race in 2026?"",""event_title"":""Nebraska Senate Election Winner  "",""endDate"":""2026-11-03T00:00:00Z"",""volume"":""0"",""source"":""events_slug_path"",""active"":false,""closed"":false}]",Accepted candidate rank 1 with fuzzy_score=0.6219.,,democrat|democrats|democratic,,KEPT
38,RSO-0038,9,Michigan Senate Election Winner,Michigan Senate Election Winner — Democrat,Will the Democrats win the Michigan Senate race in 2026?,Michigan Senate Election Winner Democrat,US,us_senate,us_statewide,michigan_senate_2026,tracked,core_us,binary_complement_contract,1,Democrat,will-the-democrats-win-the-michigan-senate-race-in-2026,michigan-senate-election-winner-democrat,michigan-senate-election-winner,US Senate race-specific market; central to Senate-control decomposition.,needs_slug_clob_verification,needs_orderbook_check,appears_clear_from_paste,State Senate outcome row.,630805,57658,0xbfeb6d4cf3eab6071e204219b0647c8224d63a12778df467311b5f2a4b3a5bd4,"This market will resolve according to the winner of the 2026 midterm Michigan U.S. Senate election, inclusive of any run-offs.

A candidate shall be considered to represent a party in the event that he or she is the nominee of the party in question. Candidates other than the Democratic or Republican nominee (e.g., Greens, Libertarian, independent) may be added at a later date.

Candidates who run as independents will not be encompassed by the “Democrat” or “Republican” options regardless of any affiliation they may have with the party.

The resolution source for this market is the Associated Press, Fox News, and NBC. This market will resolve once all three sources call the race for the same candidate. If all three sources haven’t called the race in this state for the same candidate, this market will resolve based on the official certification.",,,,true,false,,false,true,"[""Yes"",""No""]","[""71772627544132140586824126381855151743830987860593343955509593715269534710061"",""64025664961497419708095468282573682984741903075312816516046832361290996190088""]","{""Yes"":""71772627544132140586824126381855151743830987860593343955509593715269534710061"",""No"":""64025664961497419708095468282573682984741903075312816516046832361290996190088""}",71772627544132140586824126381855151743830987860593343955509593715269534710061,64025664961497419708095468282573682984741903075312816516046832361290996190088,83753.38247100009,8365.3341,https://polymarket.com/event/will-the-democrats-win-the-michigan-senate-race-in-2026,VERIFIED_READY,2026-06-25T20:00:37+00:00,"[{""score"":0.6202,""id"":""630805"",""slug"":""will-the-democrats-win-the-michigan-senate-race-in-2026"",""question"":""Will the Democrats win the Michigan Senate race in 2026?"",""event_title"":""Michigan Senate Election Winner"",""endDate"":"""",""volume"":""83753.38247100009"",""source"":""events_slug_path"",""active"":true,""closed"":false},{""score"":0.6097,""id"":""630806"",""slug"":""will-the-republicans-win-the-michigan-senate-race-in-2026"",""question"":""Will the Republicans win the Michigan Senate race in 2026?"",""event_title"":""Michigan Senate Election Winner"",""endDate"":"""",""volume"":""34386.76773300002"",""source"":""events_slug_path"",""active"":true,""closed"":false},{""score"":0.6062,""id"":""630808"",""slug"":""will-person-b-win-the-michigan-senate-race-in-2026"",""question"":""Will Person B win the Michigan Senate race in 2026?"",""event_title"":""Michigan Senate Election Winner"",""endDate"":"""",""volume"":""0"",""source"":""events_slug_path"",""active"":false,""closed"":false},{""score"":0.6062,""id"":""630810"",""slug"":""will-person-d-win-the-michigan-senate-race-in-2026"",""question"":""Will Person D win the Michigan Senate race in 2026?"",""event_title"":""Michigan Senate Election Winner"",""endDate"":"""",""volume"":""0"",""source"":""events_slug_path"",""active"":false,""closed"":false},{""score"":0.6062,""id"":""630812"",""slug"":""will-person-f-win-the-michigan-senate-race-in-2026"",""question"":""Will Person F win the Michigan Senate race in 2026?"",""event_title"":""Michigan Senate Election Winner"",""endDate"":"""",""volume"":""0"",""source"":""events_slug_path"",""active"":false,""closed"":false}]",Accepted candidate rank 1 with fuzzy_score=0.6202.,,democrat|democrats|democratic,,KEPT
39,RSO-0039,9,Michigan Senate Election Winner,Michigan Senate Election Winner — Republican,Will the Republicans win the Michigan Senate race in 2026?,Michigan Senate Election Winner Republican,US,us_senate,us_statewide,michigan_senate_2026,tracked,core_us,binary_complement_contract,2,Republican,will-the-republicans-win-the-michigan-senate-race-in-2026,michigan-senate-election-winner-republican,michigan-senate-election-winner,US Senate race-specific market; central to Senate-control decomposition.,needs_slug_clob_verification,needs_orderbook_check,appears_clear_from_paste,State Senate outcome row.,630806,57658,0x3fd189cac9280dfc49a07115581e8d4c9e0b7e1c1e8580a44e9ff3d74e39cf2d,"This market will resolve according to the winner of the 2026 midterm Michigan U.S. Senate election, inclusive of any run-offs.

A candidate shall be considered to represent a party in the event that he or she is the nominee of the party in question. Candidates other than the Democratic or Republican nominee (e.g., Greens, Libertarian, independent) may be added at a later date.

Candidates who run as independents will not be encompassed by the “Democrat” or “Republican” options regardless of any affiliation they may have with the party.

The resolution source for this market is the Associated Press, Fox News, and NBC. This market will resolve once all three sources call the race for the same candidate. If all three sources haven’t called the race in this state for the same candidate, this market will resolve based on the official certification.",,,,true,false,,false,true,"[""Yes"",""No""]","[""1046980875306043125128331871114794349002409233139736033870402475326170083426"",""71610581811588451243087930916572592402913705975252472987256607890992191263885""]","{""Yes"":""1046980875306043125128331871114794349002409233139736033870402475326170083426"",""No"":""71610581811588451243087930916572592402913705975252472987256607890992191263885""}",1046980875306043125128331871114794349002409233139736033870402475326170083426,71610581811588451243087930916572592402913705975252472987256607890992191263885,34386.76773300002,9039.8942,https://polymarket.com/event/will-the-republicans-win-the-michigan-senate-race-in-2026,VERIFIED_READY,2026-06-25T20:00:46+00:00,"[{""score"":0.6122,""id"":""630805"",""slug"":""will-the-democrats-win-the-michigan-senate-race-in-2026"",""question"":""Will the Democrats win the Michigan Senate race in 2026?"",""event_title"":""Michigan Senate Election Winner"",""endDate"":"""",""volume"":""83753.38247100009"",""source"":""events_slug_path"",""active"":true,""closed"":false},{""score"":0.6019,""id"":""630806"",""slug"":""will-the-republicans-win-the-michigan-senate-race-in-2026"",""question"":""Will the Republicans win the Michigan Senate race in 2026?"",""event_title"":""Michigan Senate Election Winner"",""endDate"":"""",""volume"":""34386.76773300002"",""source"":""events_slug_path"",""active"":true,""closed"":false},{""score"":0.5975,""id"":""630808"",""slug"":""will-person-b-win-the-michigan-senate-race-in-2026"",""question"":""Will Person B win the Michigan Senate race in 2026?"",""event_title"":""Michigan Senate Election Winner"",""endDate"":"""",""volume"":""0"",""source"":""events_slug_path"",""active"":false,""closed"":false},{""score"":0.5975,""id"":""630810"",""slug"":""will-person-d-win-the-michigan-senate-race-in-2026"",""question"":""Will Person D win the Michigan Senate race in 2026?"",""event_title"":""Michigan Senate Election Winner"",""endDate"":"""",""volume"":""0"",""source"":""events_slug_path"",""active"":false,""closed"":false},{""score"":0.5975,""id"":""630812"",""slug"":""will-person-f-win-the-michigan-senate-race-in-2026"",""question"":""Will Person F win the Michigan Senate race in 2026?"",""event_title"":""Michigan Senate Election Winner"",""endDate"":"""",""volume"":""0"",""source"":""events_slug_path"",""active"":false,""closed"":false}]",Accepted candidate rank 2 with fuzzy_score=0.6019.,,republican|republicans|gop,,KEPT
40,RSO-0040,10,Ohio Senate Election Winner,Ohio Senate Election Winner — Sherrod Brown (D),Will the Democrats win the Ohio Senate race in 2026?,Ohio Senate Election Winner Sherrod Brown (D),US,us_senate,us_statewide,ohio_senate_2026,tracked,core_us,binary_complement_contract,1,Sherrod Brown (D),will-the-democrats-win-the-ohio-senate-race-in-2026,ohio-senate-election-winner-sherrod-brown-d,ohio-senate-election-winner,US Senate race-specific market; central to Senate-control decomposition.,needs_slug_clob_verification,needs_orderbook_check,appears_clear_from_paste,State Senate outcome row.,631057,57682,0x968a1a79e001d49fa3ee1429e3b95eb01797587740f86d4e6becf3ab1b275bfb,"This market will resolve according to the winner of the 2026 Ohio U.S. Senate special election currently scheduled for November 3, inclusive of any run-offs.

A candidate shall be considered to represent a party in the event that he or she is the nominee of the party in question. Candidates other than the Democratic or Republican nominee (e.g., Greens, Libertarian, independent) may be added at a later date.

Candidates who run as independents will not be encompassed by the “Democrat” or “Republican” options regardless of any affiliation they may have with the party.

The resolution source for this market is the Associated Press, Fox News, and NBC. This market will resolve once all three sources call the race for the same candidate. If all three sources haven’t called the race in this state for the same candidate, this market will resolve based on the official certification.",,,,true,false,,false,true,"[""Yes"",""No""]","[""83018072688154066292491996133599479395547801317505487833443670253228061205312"",""79825167762459488478206414509755176562349257846652439268369145558426777722770""]","{""Yes"":""83018072688154066292491996133599479395547801317505487833443670253228061205312"",""No"":""79825167762459488478206414509755176562349257846652439268369145558426777722770""}",83018072688154066292491996133599479395547801317505487833443670253228061205312,79825167762459488478206414509755176562349257846652439268369145558426777722770,54414.61162699986,22665.0731,https://polymarket.com/event/will-the-democrats-win-the-ohio-senate-race-in-2026,VERIFIED_READY,2026-06-25T20:00:57+00:00,"[{""score"":0.543,""id"":""610381"",""slug"":""ukraine-election-held-by-june-30-2026-465-757"",""question"":""Ukraine election held by June 30, 2026?"",""event_title"":""Ukraine election held by...?"",""endDate"":""2025-12-31T12:00:00Z"",""volume"":""670797.1260719997"",""source"":""/events?search"",""active"":true,""closed"":false},{""score"":0.5295,""id"":""631057"",""slug"":""will-the-democrats-win-the-ohio-senate-race-in-2026"",""question"":""Will the Democrats win the Ohio Senate race in 2026?"",""event_title"":""Ohio Senate Election Winner"",""endDate"":"""",""volume"":""54414.61162699986"",""source"":""events_slug_path"",""active"":true,""closed"":false},{""score"":0.5233,""id"":""631058"",""slug"":""will-the-republicans-win-the-ohio-senate-race-in-2026"",""question"":""Will the Republicans win the Ohio Senate race in 2026?"",""event_title"":""Ohio Senate Election Winner"",""endDate"":"""",""volume"":""37997.243318999965"",""source"":""events_slug_path"",""active"":true,""closed"":false},{""score"":0.5149,""id"":""517548"",""slug"":""will-the-next-uk-election-be-called-by-march-31"",""question"":""Will the next UK election be called by March 31?"",""event_title"":""UK election called by...?"",""endDate"":""2025-03-31T12:00:00Z"",""volume"":""577431.026465"",""source"":""/events?search"",""active"":true,""closed"":true},{""score"":0.5142,""id"":""631059"",""slug"":""will-person-a-win-the-ohio-senate-race-in-2026"",""question"":""Will Person A win the Ohio Senate race in 2026?"",""event_title"":""Ohio Senate Election Winner"",""endDate"":"""",""volume"":""0"",""source"":""events_slug_path"",""active"":false,""closed"":false}]",Accepted candidate rank 2 with fuzzy_score=0.5295.,,democrat|democrats|democratic,,KEPT
41,RSO-0041,10,Ohio Senate Election Winner,Ohio Senate Election Winner — Jon Husted (R),Will the Republicans win the Ohio Senate race in 2026?,Ohio Senate Election Winner Jon Husted (R),US,us_senate,us_statewide,ohio_senate_2026,tracked,core_us,binary_complement_contract,2,Jon Husted (R),will-the-republicans-win-the-ohio-senate-race-in-2026,ohio-senate-election-winner-jon-husted-r,ohio-senate-election-winner,US Senate race-specific market; central to Senate-control decomposition.,needs_slug_clob_verification,needs_orderbook_check,appears_clear_from_paste,State Senate outcome row.,631058,57682,0x771873c365f87bffd990644e4b688aebc1be7f18396d2eab64b996ff66e88669,"This market will resolve according to the winner of the 2026 Ohio U.S. Senate special election currently scheduled for November 3, inclusive of any run-offs.

A candidate shall be considered to represent a party in the event that he or she is the nominee of the party in question. Candidates other than the Democratic or Republican nominee (e.g., Greens, Libertarian, independent) may be added at a later date.

Candidates who run as independents will not be encompassed by the “Democrat” or “Republican” options regardless of any affiliation they may have with the party.

The resolution source for this market is the Associated Press, Fox News, and NBC. This market will resolve once all three sources call the race for the same candidate. If all three sources haven’t called the race in this state for the same candidate, this market will resolve based on the official certification.",,,,true,false,,false,true,"[""Yes"",""No""]","[""69908185249078099348466099388148864764525845923415294308139153388799352317616"",""23913381536137166406579511315285934624565002001604591688105636176511254870797""]","{""Yes"":""69908185249078099348466099388148864764525845923415294308139153388799352317616"",""No"":""23913381536137166406579511315285934624565002001604591688105636176511254870797""}",69908185249078099348466099388148864764525845923415294308139153388799352317616,23913381536137166406579511315285934624565002001604591688105636176511254870797,37997.243318999965,23114.7832,https://polymarket.com/event/will-the-republicans-win-the-ohio-senate-race-in-2026,VERIFIED_READY,2026-06-25T20:01:07+00:00,"[{""score"":0.5402,""id"":""631057"",""slug"":""will-the-democrats-win-the-ohio-senate-race-in-2026"",""question"":""Will the Democrats win the Ohio Senate race in 2026?"",""event_title"":""Ohio Senate Election Winner"",""endDate"":"""",""volume"":""54414.61162699986"",""source"":""events_slug_path"",""active"":true,""closed"":false},{""score"":0.5337,""id"":""631058"",""slug"":""will-the-republicans-win-the-ohio-senate-race-in-2026"",""question"":""Will the Republicans win the Ohio Senate race in 2026?"",""event_title"":""Ohio Senate Election Winner"",""endDate"":"""",""volume"":""37997.243318999965"",""source"":""events_slug_path"",""active"":true,""closed"":false},{""score"":0.5258,""id"":""631059"",""slug"":""will-person-a-win-the-ohio-senate-race-in-2026"",""question"":""Will Person A win the Ohio Senate race in 2026?"",""event_title"":""Ohio Senate Election Winner"",""endDate"":"""",""volume"":""0"",""source"":""events_slug_path"",""active"":false,""closed"":false},{""score"":0.5258,""id"":""631061"",""slug"":""will-person-c-win-the-ohio-senate-race-in-2026"",""question"":""Will Person C win the Ohio Senate race in 2026?"",""event_title"":""Ohio Senate Election Winner"",""endDate"":"""",""volume"":""0"",""source"":""events_slug_path"",""active"":false,""closed"":false},{""score"":0.5258,""id"":""631063"",""slug"":""will-person-e-win-the-ohio-senate-race-in-2026"",""question"":""Will Person E win the Ohio Senate race in 2026?"",""event_title"":""Ohio Senate Election Winner"",""endDate"":"""",""volume"":""0"",""source"":""events_slug_path"",""active"":false,""closed"":false}]",Accepted candidate rank 2 with fuzzy_score=0.5337.,,republican|republicans|gop,,KEPT
42,RSO-0042,11,North Carolina Senate Election Winner,North Carolina Senate Election Winner — Roy Cooper (D),Will the Democrats win the North Carolina Senate race in 2026?,North Carolina Senate Election Winner Roy Cooper (D),US,us_senate,us_statewide,north_carolina_senate_2026,tracked,core_us,binary_complement_contract,1,Roy Cooper (D),will-the-democrats-win-the-north-carolina-senate-race-in-2026,north-carolina-senate-election-winner-roy-cooper-d,north-carolina-senate-election-winner,US Senate race-specific market; central to Senate-control decomposition.,needs_slug_clob_verification,needs_orderbook_check,appears_clear_from_paste,State Senate outcome row.,630883,57664,0x129dbcb7d39ff8df5f0d7685a2db6400b5db37d3963914486fbb7fd2bc96a923,"This market will resolve according to the winner of the 2026 midterm North Carolina U.S. Senate election, inclusive of any run-offs.

A candidate shall be considered to represent a party in the event that he or she is the nominee of the party in question. Candidates other than the Democratic or Republican nominee (e.g., Greens, Libertarian, independent) may be added at a later date.

Candidates who run as independents will not be encompassed by the “Democrat” or “Republican” options regardless of any affiliation they may have with the party.

The resolution source for this market is the Associated Press, Fox News, and NBC. This market will resolve once all three sources call the race for the same candidate. If all three sources haven’t called the race in this state for the same candidate, this market will resolve based on the official certification.",,,,true,false,,false,true,"[""Yes"",""No""]","[""107151098936186723859677628536733880558851060002514795735761427447010628440047"",""111394826590193310622075208085123253955586587501538476190057516703346418362600""]","{""Yes"":""107151098936186723859677628536733880558851060002514795735761427447010628440047"",""No"":""111394826590193310622075208085123253955586587501538476190057516703346418362600""}",107151098936186723859677628536733880558851060002514795735761427447010628440047,111394826590193310622075208085123253955586587501538476190057516703346418362600,29356.945144999987,14257.6772,https://polymarket.com/event/will-the-democrats-win-the-north-carolina-senate-race-in-2026,VERIFIED_READY,2026-06-25T20:01:51+00:00,"[{""score"":0.6268,""id"":""630883"",""slug"":""will-the-democrats-win-the-north-carolina-senate-race-in-2026"",""question"":""Will the Democrats win the North Carolina Senate race in 2026?"",""event_title"":""North Carolina Senate Election Winner"",""endDate"":"""",""volume"":""29356.945144999987"",""source"":""events_slug_path"",""active"":true,""closed"":false},{""score"":0.6232,""id"":""630884"",""slug"":""will-the-republicans-win-the-north-carolina-senate-race-in-2026"",""question"":""Will the Republicans win the North Carolina Senate race in 2026?"",""event_title"":""North Carolina Senate Election Winner"",""endDate"":"""",""volume"":""42053.417130000045"",""source"":""events_slug_path"",""active"":true,""closed"":false},{""score"":0.6168,""id"":""630885"",""slug"":""will-person-a-win-the-north-carolina-senate-race-in-2026"",""question"":""Will Person A win the North Carolina Senate race in 2026?"",""event_title"":""North Carolina Senate Election Winner"",""endDate"":"""",""volume"":""0"",""source"":""events_slug_path"",""active"":false,""closed"":false},{""score"":0.6168,""id"":""630887"",""slug"":""will-person-c-win-the-north-carolina-senate-race-in-2026"",""question"":""Will Person C win the North Carolina Senate race in 2026?"",""event_title"":""North Carolina Senate Election Winner"",""endDate"":"""",""volume"":""0"",""source"":""events_slug_path"",""active"":false,""closed"":false},{""score"":0.6168,""id"":""630889"",""slug"":""will-person-e-win-the-north-carolina-senate-race-in-2026"",""question"":""Will Person E win the North Carolina Senate race in 2026?"",""event_title"":""North Carolina Senate Election Winner"",""endDate"":"""",""volume"":""0"",""source"":""events_slug_path"",""active"":false,""closed"":false}]",Accepted candidate rank 1 with fuzzy_score=0.6268.,,democrat|democrats|democratic,,KEPT
43,RSO-0043,11,North Carolina Senate Election Winner,North Carolina Senate Election Winner — Michael Whatley (R),Will the Republicans win the North Carolina Senate race in 2026?,North Carolina Senate Election Winner Michael Whatley (R),US,us_senate,us_statewide,north_carolina_senate_2026,tracked,core_us,binary_complement_contract,2,Michael Whatley (R),will-the-republicans-win-the-north-carolina-senate-race-in-2026,north-carolina-senate-election-winner-michael-whatley-r,north-carolina-senate-election-winner,US Senate race-specific market; central to Senate-control decomposition.,needs_slug_clob_verification,needs_orderbook_check,appears_clear_from_paste,State Senate outcome row.,630884,57664,0xd59f25520a8c0ea44a9c9741a97c8c3d769e21f1479b9a14e1a9d475e91f522a,"This market will resolve according to the winner of the 2026 midterm North Carolina U.S. Senate election, inclusive of any run-offs.

A candidate shall be considered to represent a party in the event that he or she is the nominee of the party in question. Candidates other than the Democratic or Republican nominee (e.g., Greens, Libertarian, independent) may be added at a later date.

Candidates who run as independents will not be encompassed by the “Democrat” or “Republican” options regardless of any affiliation they may have with the party.

The resolution source for this market is the Associated Press, Fox News, and NBC. This market will resolve once all three sources call the race for the same candidate. If all three sources haven’t called the race in this state for the same candidate, this market will resolve based on the official certification.",,,,true,false,,false,true,"[""Yes"",""No""]","[""62831517509825405761763142539845746280269675872170259538293560849475982647892"",""66273785459475184474276423059036741814958495126134511275805524603240865775761""]","{""Yes"":""62831517509825405761763142539845746280269675872170259538293560849475982647892"",""No"":""66273785459475184474276423059036741814958495126134511275805524603240865775761""}",62831517509825405761763142539845746280269675872170259538293560849475982647892,66273785459475184474276423059036741814958495126134511275805524603240865775761,42053.417130000045,19909.5413,https://polymarket.com/event/will-the-republicans-win-the-north-carolina-senate-race-in-2026,VERIFIED_READY,2026-06-25T20:01:57+00:00,"[{""score"":0.609,""id"":""630883"",""slug"":""will-the-democrats-win-the-north-carolina-senate-race-in-2026"",""question"":""Will the Democrats win the North Carolina Senate race in 2026?"",""event_title"":""North Carolina Senate Election Winner"",""endDate"":"""",""volume"":""29356.945144999987"",""source"":""events_slug_path"",""active"":true,""closed"":false},{""score"":0.6059,""id"":""630884"",""slug"":""will-the-republicans-win-the-north-carolina-senate-race-in-2026"",""question"":""Will the Republicans win the North Carolina Senate race in 2026?"",""event_title"":""North Carolina Senate Election Winner"",""endDate"":"""",""volume"":""42053.417130000045"",""source"":""events_slug_path"",""active"":true,""closed"":false},{""score"":0.5978,""id"":""630885"",""slug"":""will-person-a-win-the-north-carolina-senate-race-in-2026"",""question"":""Will Person A win the North Carolina Senate race in 2026?"",""event_title"":""North Carolina Senate Election Winner"",""endDate"":"""",""volume"":""0"",""source"":""events_slug_path"",""active"":false,""closed"":false},{""score"":0.5978,""id"":""630887"",""slug"":""will-person-c-win-the-north-carolina-senate-race-in-2026"",""question"":""Will Person C win the North Carolina Senate race in 2026?"",""event_title"":""North Carolina Senate Election Winner"",""endDate"":"""",""volume"":""0"",""source"":""events_slug_path"",""active"":false,""closed"":false},{""score"":0.5978,""id"":""630889"",""slug"":""will-person-e-win-the-north-carolina-senate-race-in-2026"",""question"":""Will Person E win the North Carolina Senate race in 2026?"",""event_title"":""North Carolina Senate Election Winner"",""endDate"":"""",""volume"":""0"",""source"":""events_slug_path"",""active"":false,""closed"":false}]",Accepted candidate rank 2 with fuzzy_score=0.6059.,,republican|republicans|gop,,KEPT
44,RSO-0044,12,Georgia Senate Election Winner,Georgia Senate Election Winner — Democrat,Will the Democrats win the Georgia Senate race in 2026?,Georgia Senate Election Winner Democrat,US,us_senate,us_statewide,georgia_senate_2026,tracked,core_us,binary_complement_contract,1,Democrat,will-the-democrats-win-the-georgia-senate-race-in-2026,georgia-senate-election-winner-democrat,georgia-senate-election-winner,US Senate race-specific market; central to Senate-control decomposition.,needs_slug_clob_verification,needs_orderbook_check,appears_clear_from_paste,State Senate outcome row.,630692,57642,0x3c5b93b91196c8db64e63c424979da8cfbf44a4501afd70d2480ee28fbf306a2,"This market will resolve according to the winner of the 2026 midterm Georgia U.S. Senate election, inclusive of any run-offs.

A candidate shall be considered to represent a party in the event that he or she is the nominee of the party in question. Candidates other than the Democratic or Republican nominee (e.g., Greens, Libertarian, independent) may be added at a later date.

Candidates who run as independents will not be encompassed by the “Democrat” or “Republican” options regardless of any affiliation they may have with the party.

The resolution source for this market is the Associated Press, Fox News, and NBC. This market will resolve once all three sources call the race for the same candidate. If all three sources haven’t called the race in this state for the same candidate, this market will resolve based on the official certification.",,,,true,false,,false,true,"[""Yes"",""No""]","[""21024219148268989748704207701411444044468128261642675917026452687231462203167"",""35836144845762083734936716777818582913796871841916057482479347577598882811767""]","{""Yes"":""21024219148268989748704207701411444044468128261642675917026452687231462203167"",""No"":""35836144845762083734936716777818582913796871841916057482479347577598882811767""}",21024219148268989748704207701411444044468128261642675917026452687231462203167,35836144845762083734936716777818582913796871841916057482479347577598882811767,11653.662024000005,22820.8097,https://polymarket.com/event/will-the-democrats-win-the-georgia-senate-race-in-2026,VERIFIED_READY,2026-06-25T20:02:02+00:00,"[{""score"":0.606,""id"":""630692"",""slug"":""will-the-democrats-win-the-georgia-senate-race-in-2026"",""question"":""Will the Democrats win the Georgia Senate race in 2026?"",""event_title"":""Georgia Senate Election Winner"",""endDate"":"""",""volume"":""11653.662024000005"",""source"":""events_slug_path"",""active"":true,""closed"":false},{""score"":0.6014,""id"":""630693"",""slug"":""will-the-republicans-win-the-georgia-senate-race-in-2026"",""question"":""Will the Republicans win the Georgia Senate race in 2026?"",""event_title"":""Georgia Senate Election Winner"",""endDate"":"""",""volume"":""20420.76153300001"",""source"":""events_slug_path"",""active"":true,""closed"":false},{""score"":0.5976,""id"":""630697"",""slug"":""will-person-d-win-the-georgia-senate-race-in-2026"",""question"":""Will Person D win the Georgia Senate race in 2026?"",""event_title"":""Georgia Senate Election Winner"",""endDate"":"""",""volume"":""0"",""source"":""events_slug_path"",""active"":false,""closed"":false},{""score"":0.5976,""id"":""630701"",""slug"":""will-person-h-win-the-georgia-senate-race-in-2026"",""question"":""Will Person H win the Georgia Senate race in 2026?"",""event_title"":""Georgia Senate Election Winner"",""endDate"":"""",""volume"":""0"",""source"":""events_slug_path"",""active"":false,""closed"":false},{""score"":0.5976,""id"":""630695"",""slug"":""will-person-b-win-the-georgia-senate-race-in-2026"",""question"":""Will Person B win the Georgia Senate race in 2026?"",""event_title"":""Georgia Senate Election Winner"",""endDate"":"""",""volume"":""0"",""source"":""events_slug_path"",""active"":false,""closed"":false}]",Accepted candidate rank 1 with fuzzy_score=0.6060.,,democrat|democrats|democratic,,KEPT
45,RSO-0045,12,Georgia Senate Election Winner,Georgia Senate Election Winner — Republican,Will the Republicans win the Georgia Senate race in 2026?,Georgia Senate Election Winner Republican,US,us_senate,us_statewide,georgia_senate_2026,tracked,core_us,binary_complement_contract,2,Republican,will-the-republicans-win-the-georgia-senate-race-in-2026,georgia-senate-election-winner-republican,georgia-senate-election-winner,US Senate race-specific market; central to Senate-control decomposition.,needs_slug_clob_verification,needs_orderbook_check,appears_clear_from_paste,State Senate outcome row.,630693,57642,0x54e4e816cc5868e2f933c6bbc597e3313bdad382be3ecf7eaa4d8fa5c3f1a1bd,"This market will resolve according to the winner of the 2026 midterm Georgia U.S. Senate election, inclusive of any run-offs.

A candidate shall be considered to represent a party in the event that he or she is the nominee of the party in question. Candidates other than the Democratic or Republican nominee (e.g., Greens, Libertarian, independent) may be added at a later date.

Candidates who run as independents will not be encompassed by the “Democrat” or “Republican” options regardless of any affiliation they may have with the party.

The resolution source for this market is the Associated Press, Fox News, and NBC. This market will resolve once all three sources call the race for the same candidate. If all three sources haven’t called the race in this state for the same candidate, this market will resolve based on the official certification.",,,,true,false,,false,true,"[""Yes"",""No""]","[""43777191461245536274027792855557351629362906569064322165760098912770293918104"",""61124290990237905740819218004087985253159695156484630843664573685734418084158""]","{""Yes"":""43777191461245536274027792855557351629362906569064322165760098912770293918104"",""No"":""61124290990237905740819218004087985253159695156484630843664573685734418084158""}",43777191461245536274027792855557351629362906569064322165760098912770293918104,61124290990237905740819218004087985253159695156484630843664573685734418084158,20420.76153300001,24063.54507,https://polymarket.com/event/will-the-republicans-win-the-georgia-senate-race-in-2026,VERIFIED_READY,2026-06-25T20:02:07+00:00,"[{""score"":0.598,""id"":""630692"",""slug"":""will-the-democrats-win-the-georgia-senate-race-in-2026"",""question"":""Will the Democrats win the Georgia Senate race in 2026?"",""event_title"":""Georgia Senate Election Winner"",""endDate"":"""",""volume"":""11653.662024000005"",""source"":""events_slug_path"",""active"":true,""closed"":false},{""score"":0.5936,""id"":""630693"",""slug"":""will-the-republicans-win-the-georgia-senate-race-in-2026"",""question"":""Will the Republicans win the Georgia Senate race in 2026?"",""event_title"":""Georgia Senate Election Winner"",""endDate"":"""",""volume"":""20420.76153300001"",""source"":""events_slug_path"",""active"":true,""closed"":false},{""score"":0.589,""id"":""630697"",""slug"":""will-person-d-win-the-georgia-senate-race-in-2026"",""question"":""Will Person D win the Georgia Senate race in 2026?"",""event_title"":""Georgia Senate Election Winner"",""endDate"":"""",""volume"":""0"",""source"":""events_slug_path"",""active"":false,""closed"":false},{""score"":0.589,""id"":""630701"",""slug"":""will-person-h-win-the-georgia-senate-race-in-2026"",""question"":""Will Person H win the Georgia Senate race in 2026?"",""event_title"":""Georgia Senate Election Winner"",""endDate"":"""",""volume"":""0"",""source"":""events_slug_path"",""active"":false,""closed"":false},{""score"":0.589,""id"":""630695"",""slug"":""will-person-b-win-the-georgia-senate-race-in-2026"",""question"":""Will Person B win the Georgia Senate race in 2026?"",""event_title"":""Georgia Senate Election Winner"",""endDate"":"""",""volume"":""0"",""source"":""events_slug_path"",""active"":false,""closed"":false}]",Accepted candidate rank 2 with fuzzy_score=0.5936.,,republican|republicans|gop,,KEPT
46,RSO-0046,13,New Hampshire Senate Election Winner,New Hampshire Senate Election Winner — Democrat,Will the Democrats win the New Hampshire Senate race in 2026?,New Hampshire Senate Election Winner Democrat,US,us_senate,us_statewide,new_hampshire_senate_2026,tracked,core_us,binary_complement_contract,1,Democrat,will-the-democrats-win-the-new-hampshire-senate-race-in-2026,new-hampshire-senate-election-winner-democrat,new-hampshire-senate-election-winner,US Senate race-specific market; central to Senate-control decomposition.,needs_slug_clob_verification,needs_orderbook_check,appears_clear_from_paste,State Senate outcome row.,630844,57661,0xfc5c740e4617eb9908ceada7c91bfbe1cd41f172d703ef811d544e60a7a70bb5,"This market will resolve according to the winner of the 2026 midterm New Hampshire U.S. Senate election, inclusive of any run-offs.

A candidate shall be considered to represent a party in the event that he or she is the nominee of the party in question. Candidates other than the Democratic or Republican nominee (e.g., Greens, Libertarian, independent) may be added at a later date.

Candidates who run as independents will not be encompassed by the “Democrat” or “Republican” options regardless of any affiliation they may have with the party.

The resolution source for this market is the Associated Press, Fox News, and NBC. This market will resolve once all three sources call the race for the same candidate. If all three sources haven’t called the race in this state for the same candidate, this market will resolve based on the official certification.",,,,true,false,,false,true,"[""Yes"",""No""]","[""82410058691149830741200014405570918770267839390767234397030380747995715352939"",""28709552853916742051233428360468180906283732902940871675642481670799666825242""]","{""Yes"":""82410058691149830741200014405570918770267839390767234397030380747995715352939"",""No"":""28709552853916742051233428360468180906283732902940871675642481670799666825242""}",82410058691149830741200014405570918770267839390767234397030380747995715352939,28709552853916742051233428360468180906283732902940871675642481670799666825242,20308.387777,12568.6802,https://polymarket.com/event/will-the-democrats-win-the-new-hampshire-senate-race-in-2026,VERIFIED_READY,2026-06-25T20:03:31+00:00,"[{""score"":0.6584,""id"":""630844"",""slug"":""will-the-democrats-win-the-new-hampshire-senate-race-in-2026"",""question"":""Will the Democrats win the New Hampshire Senate race in 2026?"",""event_title"":""New Hampshire Senate Election Winner"",""endDate"":"""",""volume"":""20308.387777"",""source"":""events_slug_path"",""active"":true,""closed"":false},{""score"":0.6516,""id"":""630845"",""slug"":""will-the-republicans-win-the-new-hampshire-senate-race-in-2026"",""question"":""Will the Republicans win the New Hampshire Senate race in 2026?"",""event_title"":""New Hampshire Senate Election Winner"",""endDate"":"""",""volume"":""9697.540265000003"",""source"":""events_slug_path"",""active"":true,""closed"":false},{""score"":0.6506,""id"":""630846"",""slug"":""will-person-a-win-the-new-hampshire-senate-race-in-2026"",""question"":""Will Person A win the New Hampshire Senate race in 2026?"",""event_title"":""New Hampshire Senate Election Winner"",""endDate"":"""",""volume"":""0"",""source"":""events_slug_path"",""active"":false,""closed"":false},{""score"":0.6506,""id"":""630848"",""slug"":""will-person-c-win-the-new-hampshire-senate-race-in-2026"",""question"":""Will Person C win the New Hampshire Senate race in 2026?"",""event_title"":""New Hampshire Senate Election Winner"",""endDate"":"""",""volume"":""0"",""source"":""events_slug_path"",""active"":false,""closed"":false},{""score"":0.6506,""id"":""630850"",""slug"":""will-person-e-win-the-new-hampshire-senate-race-in-2026"",""question"":""Will Person E win the New Hampshire Senate race in 2026?"",""event_title"":""New Hampshire Senate Election Winner"",""endDate"":"""",""volume"":""0"",""source"":""events_slug_path"",""active"":false,""closed"":false}]",Accepted candidate rank 1 with fuzzy_score=0.6584.,,democrat|democrats|democratic,,KEPT
47,RSO-0047,13,New Hampshire Senate Election Winner,New Hampshire Senate Election Winner — Republican,Will the Republicans win the New Hampshire Senate race in 2026?,New Hampshire Senate Election Winner Republican,US,us_senate,us_statewide,new_hampshire_senate_2026,tracked,core_us,binary_complement_contract,2,Republican,will-the-republicans-win-the-new-hampshire-senate-race-in-2026,new-hampshire-senate-election-winner-republican,new-hampshire-senate-election-winner,US Senate race-specific market; central to Senate-control decomposition.,needs_slug_clob_verification,needs_orderbook_check,appears_clear_from_paste,State Senate outcome row.,630845,57661,0x57599a84bf50c94b958adb020aa2a25bf02e26453e500d3b739d86e6b783774c,"This market will resolve according to the winner of the 2026 midterm New Hampshire U.S. Senate election, inclusive of any run-offs.

A candidate shall be considered to represent a party in the event that he or she is the nominee of the party in question. Candidates other than the Democratic or Republican nominee (e.g., Greens, Libertarian, independent) may be added at a later date.

Candidates who run as independents will not be encompassed by the “Democrat” or “Republican” options regardless of any affiliation they may have with the party.

The resolution source for this market is the Associated Press, Fox News, and NBC. This market will resolve once all three sources call the race for the same candidate. If all three sources haven’t called the race in this state for the same candidate, this market will resolve based on the official certification.",,,,true,false,,false,true,"[""Yes"",""No""]","[""62227089537100115269143206481757249285124282589590263790284791475153705872216"",""58757590052289479996371632351141005979216013605386057994994985198930000872621""]","{""Yes"":""62227089537100115269143206481757249285124282589590263790284791475153705872216"",""No"":""58757590052289479996371632351141005979216013605386057994994985198930000872621""}",62227089537100115269143206481757249285124282589590263790284791475153705872216,58757590052289479996371632351141005979216013605386057994994985198930000872621,9697.540265000003,13710.0657,https://polymarket.com/event/will-the-republicans-win-the-new-hampshire-senate-race-in-2026,VERIFIED_READY,2026-06-25T20:03:37+00:00,"[{""score"":0.6504,""id"":""630844"",""slug"":""will-the-democrats-win-the-new-hampshire-senate-race-in-2026"",""question"":""Will the Democrats win the New Hampshire Senate race in 2026?"",""event_title"":""New Hampshire Senate Election Winner"",""endDate"":"""",""volume"":""20308.387777"",""source"":""events_slug_path"",""active"":true,""closed"":false},{""score"":0.6439,""id"":""630845"",""slug"":""will-the-republicans-win-the-new-hampshire-senate-race-in-2026"",""question"":""Will the Republicans win the New Hampshire Senate race in 2026?"",""event_title"":""New Hampshire Senate Election Winner"",""endDate"":"""",""volume"":""9697.540265000003"",""source"":""events_slug_path"",""active"":true,""closed"":false},{""score"":0.642,""id"":""630846"",""slug"":""will-person-a-win-the-new-hampshire-senate-race-in-2026"",""question"":""Will Person A win the New Hampshire Senate race in 2026?"",""event_title"":""New Hampshire Senate Election Winner"",""endDate"":"""",""volume"":""0"",""source"":""events_slug_path"",""active"":false,""closed"":false},{""score"":0.642,""id"":""630848"",""slug"":""will-person-c-win-the-new-hampshire-senate-race-in-2026"",""question"":""Will Person C win the New Hampshire Senate race in 2026?"",""event_title"":""New Hampshire Senate Election Winner"",""endDate"":"""",""volume"":""0"",""source"":""events_slug_path"",""active"":false,""closed"":false},{""score"":0.642,""id"":""630850"",""slug"":""will-person-e-win-the-new-hampshire-senate-race-in-2026"",""question"":""Will Person E win the New Hampshire Senate race in 2026?"",""event_title"":""New Hampshire Senate Election Winner"",""endDate"":"""",""volume"":""0"",""source"":""events_slug_path"",""active"":false,""closed"":false}]",Accepted candidate rank 2 with fuzzy_score=0.6439.,,republican|republicans|gop,,KEPT
48,RSO-0048,14,Iowa Senate Election Winner,Iowa Senate Election Winner — Republican,Will the Republicans win the Iowa Senate race in 2026?,Iowa Senate Election Winner Republican,US,us_senate,us_statewide,iowa_senate_2026,tracked,core_us,binary_complement_contract,1,Republican,will-the-republicans-win-the-iowa-senate-race-in-2026,iowa-senate-election-winner-republican,iowa-senate-election-winner,US Senate race-specific market; central to Senate-control decomposition.,needs_slug_clob_verification,needs_orderbook_check,appears_clear_from_paste,State Senate outcome row.,630734,57647,0x38a1025bfc56539ed1ff8fdd468283d55cf9002412decd61aa8d6c578c7d01a2,"This market will resolve according to the winner of the 2026 midterm Iowa U.S. Senate election, inclusive of any run-offs.

A candidate shall be considered to represent a party in the event that he or she is the nominee of the party in question. Candidates other than the Democratic or Republican nominee (e.g., Greens, Libertarian, independent) may be added at a later date.

Candidates who run as independents will not be encompassed by the “Democrat” or “Republican” options regardless of any affiliation they may have with the party.

The resolution source for this market is the Associated Press, Fox News, and NBC. This market will resolve once all three sources call the race for the same candidate. If all three sources haven’t called the race in this state for the same candidate, this market will resolve based on the official certification.",,,,true,false,,false,true,"[""Yes"",""No""]","[""107844449523890311740907586041395758413047559802389895859202256336422357556837"",""45697952169290210733788647908439282215277461482653377209044144054693714912010""]","{""Yes"":""107844449523890311740907586041395758413047559802389895859202256336422357556837"",""No"":""45697952169290210733788647908439282215277461482653377209044144054693714912010""}",107844449523890311740907586041395758413047559802389895859202256336422357556837,45697952169290210733788647908439282215277461482653377209044144054693714912010,58720.30188900018,15352.3798,https://polymarket.com/event/will-the-republicans-win-the-iowa-senate-race-in-2026,VERIFIED_READY,2026-06-25T20:03:43+00:00,"[{""score"":0.5748,""id"":""630733"",""slug"":""will-the-democrats-win-the-iowa-senate-race-in-2026"",""question"":""Will the Democrats win the Iowa Senate race in 2026?"",""event_title"":""Iowa Senate Election Winner"",""endDate"":"""",""volume"":""66014.64294200014"",""source"":""events_slug_path"",""active"":true,""closed"":false},{""score"":0.5691,""id"":""630734"",""slug"":""will-the-republicans-win-the-iowa-senate-race-in-2026"",""question"":""Will the Republicans win the Iowa Senate race in 2026?"",""event_title"":""Iowa Senate Election Winner"",""endDate"":"""",""volume"":""58720.30188900018"",""source"":""events_slug_path"",""active"":true,""closed"":false},{""score"":0.5607,""id"":""630735"",""slug"":""will-person-a-win-the-iowa-senate-race-in-2026"",""question"":""Will Person A win the Iowa Senate race in 2026?"",""event_title"":""Iowa Senate Election Winner"",""endDate"":"""",""volume"":""0"",""source"":""events_slug_path"",""active"":false,""closed"":false},{""score"":0.5607,""id"":""630739"",""slug"":""will-person-e-win-the-iowa-senate-race-in-2026"",""question"":""Will Person E win the Iowa Senate race in 2026?"",""event_title"":""Iowa Senate Election Winner"",""endDate"":"""",""volume"":""0"",""source"":""events_slug_path"",""active"":false,""closed"":false},{""score"":0.5607,""id"":""630743"",""slug"":""will-person-i-win-the-iowa-senate-race-in-2026"",""question"":""Will Person I win the Iowa Senate race in 2026?"",""event_title"":""Iowa Senate Election Winner"",""endDate"":"""",""volume"":""0"",""source"":""events_slug_path"",""active"":false,""closed"":false}]",Accepted candidate rank 2 with fuzzy_score=0.5691.,,republican|republicans|gop,,KEPT
49,RSO-0049,14,Iowa Senate Election Winner,Iowa Senate Election Winner — Democrat,Will the Democrats win the Iowa Senate race in 2026?,Iowa Senate Election Winner Democrat,US,us_senate,us_statewide,iowa_senate_2026,tracked,core_us,binary_complement_contract,2,Democrat,will-the-democrats-win-the-iowa-senate-race-in-2026,iowa-senate-election-winner-democrat,iowa-senate-election-winner,US Senate race-specific market; central to Senate-control decomposition.,needs_slug_clob_verification,needs_orderbook_check,appears_clear_from_paste,State Senate outcome row.,630733,57647,0xd50c016598c499fceea10a1a714e48d9b4953487fe215daeaf916068fae722f1,"This market will resolve according to the winner of the 2026 midterm Iowa U.S. Senate election, inclusive of any run-offs.

A candidate shall be considered to represent a party in the event that he or she is the nominee of the party in question. Candidates other than the Democratic or Republican nominee (e.g., Greens, Libertarian, independent) may be added at a later date.

Candidates who run as independents will not be encompassed by the “Democrat” or “Republican” options regardless of any affiliation they may have with the party.

The resolution source for this market is the Associated Press, Fox News, and NBC. This market will resolve once all three sources call the race for the same candidate. If all three sources haven’t called the race in this state for the same candidate, this market will resolve based on the official certification.",,,,true,false,,false,true,"[""Yes"",""No""]","[""90689690530039118737607894922148077480097700217322320781526913496162509181445"",""105412116375859456386463067772529895223931027977055063584054608854983174999392""]","{""Yes"":""90689690530039118737607894922148077480097700217322320781526913496162509181445"",""No"":""105412116375859456386463067772529895223931027977055063584054608854983174999392""}",90689690530039118737607894922148077480097700217322320781526913496162509181445,105412116375859456386463067772529895223931027977055063584054608854983174999392,66014.64294200014,14475.3066,https://polymarket.com/event/will-the-democrats-win-the-iowa-senate-race-in-2026,VERIFIED_READY,2026-06-25T20:03:49+00:00,"[{""score"":0.5828,""id"":""630733"",""slug"":""will-the-democrats-win-the-iowa-senate-race-in-2026"",""question"":""Will the Democrats win the Iowa Senate race in 2026?"",""event_title"":""Iowa Senate Election Winner"",""endDate"":"""",""volume"":""66014.64294200014"",""source"":""events_slug_path"",""active"":true,""closed"":false},{""score"":0.5768,""id"":""630734"",""slug"":""will-the-republicans-win-the-iowa-senate-race-in-2026"",""question"":""Will the Republicans win the Iowa Senate race in 2026?"",""event_title"":""Iowa Senate Election Winner"",""endDate"":"""",""volume"":""58720.30188900018"",""source"":""events_slug_path"",""active"":true,""closed"":false},{""score"":0.5694,""id"":""630735"",""slug"":""will-person-a-win-the-iowa-senate-race-in-2026"",""question"":""Will Person A win the Iowa Senate race in 2026?"",""event_title"":""Iowa Senate Election Winner"",""endDate"":"""",""volume"":""0"",""source"":""events_slug_path"",""active"":false,""closed"":false},{""score"":0.5694,""id"":""630739"",""slug"":""will-person-e-win-the-iowa-senate-race-in-2026"",""question"":""Will Person E win the Iowa Senate race in 2026?"",""event_title"":""Iowa Senate Election Winner"",""endDate"":"""",""volume"":""0"",""source"":""events_slug_path"",""active"":false,""closed"":false},{""score"":0.5694,""id"":""630743"",""slug"":""will-person-i-win-the-iowa-senate-race-in-2026"",""question"":""Will Person I win the Iowa Senate race in 2026?"",""event_title"":""Iowa Senate Election Winner"",""endDate"":"""",""volume"":""0"",""source"":""events_slug_path"",""active"":false,""closed"":false}]",Accepted candidate rank 1 with fuzzy_score=0.5828.,,democrat|democrats|democratic,,KEPT
50,RSO-0050,15,Arizona Governor Election Winner,Arizona Governor Election Winner — Democrat,Will the Democrats win the Arizona governor race in 2026?,Will the Democrats win the Arizona governor race in 2026?,US,us_governor,us_statewide,arizona_governor_2026,tracked,core_us,binary_complement_contract,1,Democrat,TODO_VERIFY,will-the-democrats-win-the-arizona-governor-race-in-2026,arizona-governor-election-winner,US House/governor race market; adds state/district-level variation beyond Senate control.,needs_v7_topic_gated_resolution,needs_orderbook_check,appears_clear_from_paste,State/district outcome row.,,,,,,,,,,,,,,,,,,,,,,,,Reset after v6 wrong auto-match; rerun with v7 topic/outcome gates.,arizona|governor,democrat|democrats|democratic,,RESET_FOR_V7
51,RSO-0051,15,Arizona Governor Election Winner,Arizona Governor Election Winner — Republican,Will the Republicans win the Arizona governor race in 2026?,Will the Republicans win the Arizona governor race in 2026?,US,us_governor,us_statewide,arizona_governor_2026,tracked,core_us,binary_complement_contract,2,Republican,TODO_VERIFY,will-the-republicans-win-the-arizona-governor-race-in-2026,arizona-governor-election-winner,US House/governor race market; adds state/district-level variation beyond Senate control.,needs_v7_topic_gated_resolution,needs_orderbook_check,appears_clear_from_paste,State/district outcome row.,,,,,,,,,,,,,,,,,,,,,,,,Reset after v6 wrong auto-match; rerun with v7 topic/outcome gates.,arizona|governor,republican|republicans|gop,,RESET_FOR_V7
52,RSO-0052,16,Michigan Governor Election Winner,Michigan Governor Election Winner — Democrat,Will the Democrats win the Michigan governor race in 2026?,Will the Democrats win the Michigan Governor race in 2026?,US,us_governor,us_statewide,michigan_governor_2026,tracked,core_us,multi_outcome_contract,1,Democrat,will-the-democrats-win-the-michigan-governor-race-in-2026,will-the-democrats-win-the-michigan-governor-race-in-2026,michigan-governor-election-winner,US House/governor race market; adds state/district-level variation beyond Senate control.,needs_slug_clob_verification,needs_orderbook_check,appears_clear_from_paste,State/district outcome row.,629464,57176,0x76cface9f6df604ff32447bce58656b7a72b6659324d089c73a13a99f06c8aae,"This market will resolve according to the winner of the 2026 Michigan gubernatorial election.

A candidate shall be considered to represent a party in the event that he or she is the nominee of the party in question. Candidates other than the Democratic or Republican nominee (e.g., Greens, Libertarian, independent) may be added at a later date.

Candidates who run as independents will not be encompassed by the “Democrat” or “Republican” options regardless of any affiliation they may have with the party.

The resolution source for this market is the Associated Press, Fox News, and NBC. This market will resolve once all three sources call the race for the same candidate. If all three sources haven’t called the race in this state for the same candidate, this market will resolve based on the official certification.",,,,true,false,,false,true,"[""Yes"",""No""]","[""63517706574758177502492185078056756527324898714284142778693046697324148388357"",""24313213949676763118562588141459255175279390673486982872182407528149814471441""]","{""Yes"":""63517706574758177502492185078056756527324898714284142778693046697324148388357"",""No"":""24313213949676763118562588141459255175279390673486982872182407528149814471441""}",63517706574758177502492185078056756527324898714284142778693046697324148388357,24313213949676763118562588141459255175279390673486982872182407528149814471441,42172.860090000024,12885.753,https://polymarket.com/event/will-the-democrats-win-the-michigan-governor-race-in-2026,VERIFIED_READY,2026-06-25T20:26:42+00:00,"[{""score"":1.3855,""id"":""629464"",""slug"":""will-the-democrats-win-the-michigan-governor-race-in-2026"",""question"":""Will the Democrats win the Michigan governor race in 2026?"",""event_title"":"""",""endDate"":"""",""volume"":""42172.860090000024"",""source"":""markets_slug_query"",""active"":true,""closed"":false},{""score"":0.9658,""id"":""562802"",""slug"":""will-the-democratic-party-control-the-house-after-the-2026-midterm-elections"",""question"":""Will the Democratic Party control the House after the 2026 Midterm elections?"",""event_title"":""Which party will win the House in 2026?"",""endDate"":""2026-11-03T00:00:00Z"",""volume"":""4185811.6013039355"",""source"":""/events?search"",""active"":true,""closed"":false},{""score"":0.9609,""id"":""562793"",""slug"":""will-the-democratic-party-control-the-senate-after-the-2026-midterm-elections"",""question"":""Will the Democratic Party control the Senate after the 2026 Midterm elections?"",""event_title"":""Which party will win the Senate in 2026?"",""endDate"":""2026-11-03T00:00:00Z"",""volume"":""1476430.5579370107"",""source"":""/events?search"",""active"":true,""closed"":false},{""score"":0.9213,""id"":""565065"",""slug"":""will-the-democrats-win-the-2028-us-presidential-election"",""question"":""Will the Democrats win the 2028 US Presidential Election?"",""event_title"":""Which party wins 2028 US Presidential Election?"",""endDate"":""2028-11-07T00:00:00Z"",""volume"":""825763.4333929997"",""source"":""/events?search"",""active"":true,""closed"":false},{""score"":0.85,""id"":""559672"",""slug"":""will-roy-cooper-win-the-2028-democratic-presidential-nomination-286"",""question"":""Will Roy Cooper win the 2028 Democratic presidential nomination?"",""event_title"":""Democratic Presidential Nominee 2028"",""endDate"":""2028-11-07T00:00:00Z"",""volume"":""30794822.422943424"",""source"":""/events?search"",""active"":true,""closed"":false}]",AUTO_ACCEPTED: accepted rank=1 score=1.3855 top=1.3855 second=0.9658; score/margin guardrails disabled,,democrat|democrats|democratic,,KEPT
53,RSO-0053,16,Michigan Governor Election Winner,Michigan Governor Election Winner — Republican,Will the Republicans win the Michigan governor race in 2026?,Will the Republicans win the Michigan Governor race in 2026?,US,us_governor,us_statewide,michigan_governor_2026,tracked,core_us,multi_outcome_contract,2,Republican,will-the-republicans-win-the-michigan-governor-race-in-2026,will-the-republicans-win-the-michigan-governor-race-in-2026,michigan-governor-election-winner,US House/governor race market; adds state/district-level variation beyond Senate control.,needs_slug_clob_verification,needs_orderbook_check,appears_clear_from_paste,State/district outcome row.,629465,57176,0xeee75e18b53425c67035084fb8be5414331614ab4e5ec59574bc73e11817be93,"This market will resolve according to the winner of the 2026 Michigan gubernatorial election.

A candidate shall be considered to represent a party in the event that he or she is the nominee of the party in question. Candidates other than the Democratic or Republican nominee (e.g., Greens, Libertarian, independent) may be added at a later date.

Candidates who run as independents will not be encompassed by the “Democrat” or “Republican” options regardless of any affiliation they may have with the party.

The resolution source for this market is the Associated Press, Fox News, and NBC. This market will resolve once all three sources call the race for the same candidate. If all three sources haven’t called the race in this state for the same candidate, this market will resolve based on the official certification.",,,,true,false,,false,true,"[""Yes"",""No""]","[""3091929947863726371877226324959784580013579280794631063604653957812689085396"",""113314550423744773607951568238874281430587441567297387737553364413695224215541""]","{""Yes"":""3091929947863726371877226324959784580013579280794631063604653957812689085396"",""No"":""113314550423744773607951568238874281430587441567297387737553364413695224215541""}",3091929947863726371877226324959784580013579280794631063604653957812689085396,113314550423744773607951568238874281430587441567297387737553364413695224215541,143566.67252499997,14549.7235,https://polymarket.com/event/will-the-republicans-win-the-michigan-governor-race-in-2026,VERIFIED_READY,2026-06-25T20:26:45+00:00,"[{""score"":1.3958,""id"":""629465"",""slug"":""will-the-republicans-win-the-michigan-governor-race-in-2026"",""question"":""Will the Republicans win the Michigan governor race in 2026?"",""event_title"":"""",""endDate"":"""",""volume"":""143566.67252499997"",""source"":""markets_slug_query"",""active"":true,""closed"":false},{""score"":0.9774,""id"":""562803"",""slug"":""will-the-republican-party-control-the-house-after-the-2026-midterm-elections"",""question"":""Will the Republican Party control the House after the 2026 Midterm elections?"",""event_title"":""Which party will win the House in 2026?"",""endDate"":""2026-11-03T00:00:00Z"",""volume"":""3461275.505195943"",""source"":""/events?search"",""active"":true,""closed"":false},{""score"":0.9725,""id"":""562794"",""slug"":""will-the-republican-party-control-the-senate-after-the-2026-midterm-elections"",""question"":""Will the Republican Party control the Senate after the 2026 Midterm elections?"",""event_title"":""Which party will win the Senate in 2026?"",""endDate"":""2026-11-03T00:00:00Z"",""volume"":""1309078.658923012"",""source"":""/events?search"",""active"":true,""closed"":false},{""score"":0.932,""id"":""565064"",""slug"":""will-the-republicans-win-the-2028-us-presidential-election"",""question"":""Will the Republicans win the 2028 US Presidential Election?"",""event_title"":""Which party wins 2028 US Presidential Election?"",""endDate"":""2028-11-07T00:00:00Z"",""volume"":""1045498.7324869944"",""source"":""/events?search"",""active"":true,""closed"":false},{""score"":0.8634,""id"":""561989"",""slug"":""will-ted-cruz-win-the-2028-republican-presidential-nomination"",""question"":""Will Ted Cruz win the 2028 Republican presidential nomination?"",""event_title"":""Republican Presidential Nominee 2028"",""endDate"":""2028-11-07T00:00:00Z"",""volume"":""18328574.70673212"",""source"":""/events?search"",""active"":true,""closed"":false}]",AUTO_ACCEPTED: accepted rank=1 score=1.3958 top=1.3958 second=0.9774; score/margin guardrails disabled,,republican|republicans|gop,,KEPT
54,RSO-0054,16,Michigan Governor Election Winner,Michigan Governor Election Winner — Independent,Will an independent win the Michigan governor race in 2026?,Will an independent win the Michigan Governor race in 2026?,US,us_governor,us_statewide,michigan_governor_2026,tracked,core_us,multi_outcome_contract,3,Independent,will-an-independent-win-the-michigan-governor-race-in-2026,will-an-independent-win-the-michigan-governor-race-in-2026,michigan-governor-election-winner,US House/governor race market; adds state/district-level variation beyond Senate control.,needs_slug_clob_verification,needs_orderbook_check,appears_clear_from_paste,State/district outcome row.,629466,57176,0xdfb79786d650608e4bdf010d254a9757ace465d405c858750c52bca0b985fce4,"This market will resolve according to the winner of the 2026 Michigan gubernatorial election.

A candidate shall be considered to represent a party in the event that he or she is the nominee of the party in question. Candidates other than the Democratic or Republican nominee (e.g., Greens, Libertarian, independent) may be added at a later date.

Candidates who run as independents will not be encompassed by the “Democrat” or “Republican” options regardless of any affiliation they may have with the party.

The resolution source for this market is the Associated Press, Fox News, and NBC. This market will resolve once all three sources call the race for the same candidate. If all three sources haven’t called the race in this state for the same candidate, this market will resolve based on the official certification.",,,,true,false,,false,true,"[""Yes"",""No""]","[""34943144357771122375283559286014961426824813487508159555960762936802327664238"",""50675713631634884582250834823721765666681383935493555065299676085297173217320""]","{""Yes"":""34943144357771122375283559286014961426824813487508159555960762936802327664238"",""No"":""50675713631634884582250834823721765666681383935493555065299676085297173217320""}",34943144357771122375283559286014961426824813487508159555960762936802327664238,50675713631634884582250834823721765666681383935493555065299676085297173217320,321.993064,10002.73472,https://polymarket.com/event/will-an-independent-win-the-michigan-governor-race-in-2026,VERIFIED_READY,2026-06-25T20:26:48+00:00,"[{""score"":1.381,""id"":""629466"",""slug"":""will-an-independent-win-the-michigan-governor-race-in-2026"",""question"":""Will an independent win the Michigan governor race in 2026?"",""event_title"":"""",""endDate"":"""",""volume"":""321.993064"",""source"":""markets_slug_query"",""active"":true,""closed"":false},{""score"":0.7037,""id"":""562802"",""slug"":""will-the-democratic-party-control-the-house-after-the-2026-midterm-elections"",""question"":""Will the Democratic Party control the House after the 2026 Midterm elections?"",""event_title"":""Which party will win the House in 2026?"",""endDate"":""2026-11-03T00:00:00Z"",""volume"":""4185811.6013039355"",""source"":""/events?search"",""active"":true,""closed"":false},{""score"":0.7037,""id"":""562803"",""slug"":""will-the-republican-party-control-the-house-after-the-2026-midterm-elections"",""question"":""Will the Republican Party control the House after the 2026 Midterm elections?"",""event_title"":""Which party will win the House in 2026?"",""endDate"":""2026-11-03T00:00:00Z"",""volume"":""3461275.505195943"",""source"":""/events?search"",""active"":true,""closed"":false},{""score"":0.7003,""id"":""561985"",""slug"":""will-brian-kemp-win-the-2028-republican-presidential-nomination"",""question"":""Will Brian Kemp win the 2028 Republican presidential nomination?"",""event_title"":""Republican Presidential Nominee 2028"",""endDate"":""2028-11-07T00:00:00Z"",""volume"":""17267120.803316496"",""source"":""/events?search"",""active"":true,""closed"":false},{""score"":0.7003,""id"":""561995"",""slug"":""will-mike-pence-win-the-2028-republican-presidential-nomination"",""question"":""Will Mike Pence win the 2028 Republican presidential nomination?"",""event_title"":""Republican Presidential Nominee 2028"",""endDate"":""2028-11-07T00:00:00Z"",""volume"":""41754676.26409425"",""source"":""/events?search"",""active"":true,""closed"":false}]",AUTO_ACCEPTED: accepted rank=1 score=1.3810 top=1.3810 second=0.7037; score/margin guardrails disabled,,independent,,KEPT
55,RSO-0055,17,WA-04 House Election Winner,WA-04 House Election Winner — Republican Party,Will the Republican Party win the WA-04 House seat?,Will the Republicans win the WA-04 House race in 2026?,US,us_house,us_district,wa_04_house_2026,tracked,core_us,binary_complement_contract,1,Republican Party,will-the-republican-party-win-the-wa-04-house-seat,will-the-republicans-win-the-wa-04-house-race-in-2026,wa-04-house-election-winner,US House/governor race market; adds state/district-level variation beyond Senate control.,needs_slug_clob_verification,needs_orderbook_check,appears_clear_from_paste,State/district outcome row.,1285143,191676,0x14ed8c209487ff644ca1f3693b4c428f0781e1b0ee8910ff33307ec525a0cecc,"This market will resolve according to the party of the candidate who wins the WA-04 congressional district seat in the U.S. House of Representatives in the 2026 midterm elections. The midterm elections will take place on November 4, 2026.

​A candidate's party will be determined by their ballot-listed or otherwise identifiable affiliation with that party at the time all of the 2026 House elections are conclusively called by this market's resolution sources. A candidate without a ballot-listed affiliation to either the Democrat or Republican parties will be considered a member of one of these parties based on the party with which they most recently expressed their intent to caucus at the time all of the House elections are conclusively called by this market's resolution sources.

This market will resolve based on the result of the election as indicated by a consensus of credible reporting. If there is ambiguity, this market will resolve based solely on the official results as reported by the United States government, specifically the Federal Election Commission (https://www.fec.gov/).",,,2026-11-03T00:00:00Z,true,false,,false,true,"[""Yes"",""No""]","[""47439174463482721229034772614568373644882067237418093196025863212785197691496"",""68896907027473581728447749775115541605193277283799159775984955044268937089527""]","{""Yes"":""47439174463482721229034772614568373644882067237418093196025863212785197691496"",""No"":""68896907027473581728447749775115541605193277283799159775984955044268937089527""}",47439174463482721229034772614568373644882067237418093196025863212785197691496,68896907027473581728447749775115541605193277283799159775984955044268937089527,15673.301611000004,15093.4806,https://polymarket.com/event/will-the-republican-party-win-the-wa-04-house-seat,VERIFIED_READY,2026-06-25T20:26:51+00:00,"[{""score"":1.2328,""id"":""1285143"",""slug"":""will-the-republican-party-win-the-wa-04-house-seat"",""question"":""Will the Republican Party win the WA-04 House seat?"",""event_title"":""WA-04 House Election Winner"",""endDate"":""2026-11-03T00:00:00Z"",""volume"":""15673.301611000004"",""source"":""events_slug_path"",""active"":true,""closed"":false},{""score"":1.0258,""id"":""562803"",""slug"":""will-the-republican-party-control-the-house-after-the-2026-midterm-elections"",""question"":""Will the Republican Party control the House after the 2026 Midterm elections?"",""event_title"":""Which party will win the House in 2026?"",""endDate"":""2026-11-03T00:00:00Z"",""volume"":""3461275.505195943"",""source"":""/events?search"",""active"":true,""closed"":false},{""score"":0.9756,""id"":""562794"",""slug"":""will-the-republican-party-control-the-senate-after-the-2026-midterm-elections"",""question"":""Will the Republican Party control the Senate after the 2026 Midterm elections?"",""event_title"":""Which party will win the Senate in 2026?"",""endDate"":""2026-11-03T00:00:00Z"",""volume"":""1309078.658923012"",""source"":""/events?search"",""active"":true,""closed"":false},{""score"":0.9447,""id"":""565064"",""slug"":""will-the-republicans-win-the-2028-us-presidential-election"",""question"":""Will the Republicans win the 2028 US Presidential Election?"",""event_title"":""Which party wins 2028 US Presidential Election?"",""endDate"":""2028-11-07T00:00:00Z"",""volume"":""1045498.7324869944"",""source"":""/events?search"",""active"":true,""closed"":false},{""score"":0.8735,""id"":""561989"",""slug"":""will-ted-cruz-win-the-2028-republican-presidential-nomination"",""question"":""Will Ted Cruz win the 2028 Republican presidential nomination?"",""event_title"":""Republican Presidential Nominee 2028"",""endDate"":""2028-11-07T00:00:00Z"",""volume"":""18328574.70673212"",""source"":""/events?search"",""active"":true,""closed"":false}]",AUTO_ACCEPTED: accepted rank=1 score=1.2328 top=1.2328 second=1.0258; score/margin guardrails disabled,,republican|republicans|gop,,KEPT
56,RSO-0056,17,WA-04 House Election Winner,WA-04 House Election Winner — Democratic Party,Will the Democratic Party win the WA-04 House seat?,Will the Democrats win the WA-04 House race in 2026?,US,us_house,us_district,wa_04_house_2026,tracked,core_us,binary_complement_contract,2,Democratic Party,will-the-democratic-party-win-the-wa-04-house-seat,will-the-democrats-win-the-wa-04-house-race-in-2026,wa-04-house-election-winner,US House/governor race market; adds state/district-level variation beyond Senate control.,needs_slug_clob_verification,needs_orderbook_check,appears_clear_from_paste,State/district outcome row.,1285144,191676,0xdcb6cb68a62c550a66018c3e0146588c727fbc7d12254fac95bb8eeb96237f5c,"This market will resolve according to the party of the candidate who wins the WA-04 congressional district seat in the U.S. House of Representatives in the 2026 midterm elections. The midterm elections will take place on November 4, 2026.

​A candidate's party will be determined by their ballot-listed or otherwise identifiable affiliation with that party at the time all of the 2026 House elections are conclusively called by this market's resolution sources. A candidate without a ballot-listed affiliation to either the Democrat or Republican parties will be considered a member of one of these parties based on the party with which they most recently expressed their intent to caucus at the time all of the House elections are conclusively called by this market's resolution sources.

This market will resolve based on the result of the election as indicated by a consensus of credible reporting. If there is ambiguity, this market will resolve based solely on the official results as reported by the United States government, specifically the Federal Election Commission (https://www.fec.gov/).",,,2026-11-03T00:00:00Z,true,false,,false,true,"[""Yes"",""No""]","[""30593975999350825877587438529917201650410921221852686898350933855891343459981"",""71140437268813224884404870558228956657957761894609453827253252130540622337191""]","{""Yes"":""30593975999350825877587438529917201650410921221852686898350933855891343459981"",""No"":""71140437268813224884404870558228956657957761894609453827253252130540622337191""}",30593975999350825877587438529917201650410921221852686898350933855891343459981,71140437268813224884404870558228956657957761894609453827253252130540622337191,15547.071004999996,20390.5569,https://polymarket.com/event/will-the-democratic-party-win-the-wa-04-house-seat,VERIFIED_READY,2026-06-25T20:26:54+00:00,"[{""score"":1.2205,""id"":""1285144"",""slug"":""will-the-democratic-party-win-the-wa-04-house-seat"",""question"":""Will the Democratic Party win the WA-04 House seat?"",""event_title"":""WA-04 House Election Winner"",""endDate"":""2026-11-03T00:00:00Z"",""volume"":""15547.071004999996"",""source"":""events_slug_path"",""active"":true,""closed"":false},{""score"":1.0144,""id"":""562802"",""slug"":""will-the-democratic-party-control-the-house-after-the-2026-midterm-elections"",""question"":""Will the Democratic Party control the House after the 2026 Midterm elections?"",""event_title"":""Which party will win the House in 2026?"",""endDate"":""2026-11-03T00:00:00Z"",""volume"":""4185811.6013039355"",""source"":""/events?search"",""active"":true,""closed"":false},{""score"":0.9637,""id"":""562793"",""slug"":""will-the-democratic-party-control-the-senate-after-the-2026-midterm-elections"",""question"":""Will the Democratic Party control the Senate after the 2026 Midterm elections?"",""event_title"":""Which party will win the Senate in 2026?"",""endDate"":""2026-11-03T00:00:00Z"",""volume"":""1476430.5579370107"",""source"":""/events?search"",""active"":true,""closed"":false},{""score"":0.934,""id"":""565065"",""slug"":""will-the-democrats-win-the-2028-us-presidential-election"",""question"":""Will the Democrats win the 2028 US Presidential Election?"",""event_title"":""Which party wins 2028 US Presidential Election?"",""endDate"":""2028-11-07T00:00:00Z"",""volume"":""825763.4333929997"",""source"":""/events?search"",""active"":true,""closed"":false},{""score"":0.8741,""id"":""1285143"",""slug"":""will-the-republican-party-win-the-wa-04-house-seat"",""question"":""Will the Republican Party win the WA-04 House seat?"",""event_title"":""WA-04 House Election Winner"",""endDate"":""2026-11-03T00:00:00Z"",""volume"":""15673.301611000004"",""source"":""events_slug_path"",""active"":true,""closed"":false}]",AUTO_ACCEPTED: accepted rank=1 score=1.2205 top=1.2205 second=1.0144; score/margin guardrails disabled,,democrat|democrats|democratic,,KEPT
57,RSO-0057,18,NE-02 House Election Winner,NE-02 House Election Winner — Democratic Party,Will the Democratic Party win the NE-02 House seat?,Will the Democrats win the NE-02 House race in 2026?,US,us_house,us_district,ne_02_house_2026,tracked,core_us,binary_complement_contract,1,Democratic Party,will-the-democratic-party-win-the-ne-02-house-seat,will-the-democrats-win-the-ne-02-house-race-in-2026,ne-02-house-election-winner,US House/governor race market; adds state/district-level variation beyond Senate control.,needs_slug_clob_verification,needs_orderbook_check,appears_clear_from_paste,State/district outcome row.,942878,106115,0x13ab5c37a83d0a2ed874bd931c1c8a10984dcabc37cb67f4e36c807492cbfd3b,"This market will resolve according to the party of the candidate who wins the NE-02 congressional district seat in the U.S. House of Representatives in the 2026 midterm elections. The midterm elections will take place on November 4, 2026.

​​A candidate's party will be determined by their ballot-listed or otherwise identifiable affiliation with that party at the time all of the 2026 House elections are conclusively called by this market's resolution sources. A candidate without a ballot-listed affiliation to either the Democrat or Republican parties will be considered a member of one of these parties based on the party with which they most recently expressed their intent to caucus at the time all of the House elections are conclusively called by this market's resolution sources.

This market will resolve based on the result of the election as indicated by a consensus of credible reporting. If there is ambiguity, this market will resolve based solely on the official results as reported by the United States government, specifically the Federal Election Commission (https://www.fec.gov/).",,,2026-11-04T00:00:00Z,true,false,,false,true,"[""Yes"",""No""]","[""83966667308824872880342632752673759552233526664290166226784097408878282862076"",""35136589390877606418975621999951288920102535927152991703335089202489706671146""]","{""Yes"":""83966667308824872880342632752673759552233526664290166226784097408878282862076"",""No"":""35136589390877606418975621999951288920102535927152991703335089202489706671146""}",83966667308824872880342632752673759552233526664290166226784097408878282862076,35136589390877606418975621999951288920102535927152991703335089202489706671146,27741.285402,12746.8266,https://polymarket.com/event/will-the-democratic-party-win-the-ne-02-house-seat,VERIFIED_READY,2026-06-25T20:26:57+00:00,"[{""score"":1.221,""id"":""942878"",""slug"":""will-the-democratic-party-win-the-ne-02-house-seat"",""question"":""Will the Democratic Party win the NE-02 House seat?"",""event_title"":""NE-02 House Election Winner"",""endDate"":""2026-11-04T00:00:00Z"",""volume"":""27741.285402"",""source"":""events_slug_path"",""active"":true,""closed"":false},{""score"":1.0144,""id"":""562802"",""slug"":""will-the-democratic-party-control-the-house-after-the-2026-midterm-elections"",""question"":""Will the Democratic Party control the House after the 2026 Midterm elections?"",""event_title"":""Which party will win the House in 2026?"",""endDate"":""2026-11-03T00:00:00Z"",""volume"":""4185811.6013039355"",""source"":""/events?search"",""active"":true,""closed"":false},{""score"":0.9727,""id"":""562793"",""slug"":""will-the-democratic-party-control-the-senate-after-the-2026-midterm-elections"",""question"":""Will the Democratic Party control the Senate after the 2026 Midterm elections?"",""event_title"":""Which party will win the Senate in 2026?"",""endDate"":""2026-11-03T00:00:00Z"",""volume"":""1476430.5579370107"",""source"":""/events?search"",""active"":true,""closed"":false},{""score"":0.934,""id"":""565065"",""slug"":""will-the-democrats-win-the-2028-us-presidential-election"",""question"":""Will the Democrats win the 2028 US Presidential Election?"",""event_title"":""Which party wins 2028 US Presidential Election?"",""endDate"":""2028-11-07T00:00:00Z"",""volume"":""825763.4333929997"",""source"":""/events?search"",""active"":true,""closed"":false},{""score"":0.8721,""id"":""942877"",""slug"":""will-the-republican-party-win-the-ne-02-house-seat"",""question"":""Will the Republican Party win the NE-02 House seat?"",""event_title"":""NE-02 House Election Winner"",""endDate"":""2026-11-04T00:00:00Z"",""volume"":""594.825625"",""source"":""events_slug_path"",""active"":true,""closed"":false}]",AUTO_ACCEPTED: accepted rank=1 score=1.2210 top=1.2210 second=1.0144; score/margin guardrails disabled,,democrat|democrats|democratic,,KEPT
58,RSO-0058,18,NE-02 House Election Winner,NE-02 House Election Winner — Republican Party,Will the Republican Party win the NE-02 House seat?,Will the Republicans win the NE-02 House race in 2026?,US,us_house,us_district,ne_02_house_2026,tracked,core_us,binary_complement_contract,2,Republican Party,will-the-republican-party-win-the-ne-02-house-seat,will-the-republicans-win-the-ne-02-house-race-in-2026,ne-02-house-election-winner,US House/governor race market; adds state/district-level variation beyond Senate control.,needs_slug_clob_verification,needs_orderbook_check,appears_clear_from_paste,State/district outcome row.,942877,106115,0xc733d85766ea9df81eb33ec52f7ba64610688401ebc823ae818f51d3cc7274de,"This market will resolve according to the party of the candidate who wins the NE-02 congressional district seat in the U.S. House of Representatives in the 2026 midterm elections. The midterm elections will take place on November 4, 2026.

​​A candidate's party will be determined by their ballot-listed or otherwise identifiable affiliation with that party at the time all of the 2026 House elections are conclusively called by this market's resolution sources. A candidate without a ballot-listed affiliation to either the Democrat or Republican parties will be considered a member of one of these parties based on the party with which they most recently expressed their intent to caucus at the time all of the House elections are conclusively called by this market's resolution sources.

This market will resolve based on the result of the election as indicated by a consensus of credible reporting. If there is ambiguity, this market will resolve based solely on the official results as reported by the United States government, specifically the Federal Election Commission (https://www.fec.gov/).",,,2026-11-04T00:00:00Z,true,false,,false,true,"[""Yes"",""No""]","[""9261962954796206285247745021195981577055668829876152281558354142057545087402"",""63489920267370601861674055201727193070037821987131212130616977843490732048888""]","{""Yes"":""9261962954796206285247745021195981577055668829876152281558354142057545087402"",""No"":""63489920267370601861674055201727193070037821987131212130616977843490732048888""}",9261962954796206285247745021195981577055668829876152281558354142057545087402,63489920267370601861674055201727193070037821987131212130616977843490732048888,594.825625,10218.435,https://polymarket.com/event/will-the-republican-party-win-the-ne-02-house-seat,VERIFIED_READY,2026-06-25T20:27:00+00:00,"[{""score"":1.2308,""id"":""942877"",""slug"":""will-the-republican-party-win-the-ne-02-house-seat"",""question"":""Will the Republican Party win the NE-02 House seat?"",""event_title"":""NE-02 House Election Winner"",""endDate"":""2026-11-04T00:00:00Z"",""volume"":""594.825625"",""source"":""events_slug_path"",""active"":true,""closed"":false},{""score"":1.0258,""id"":""562803"",""slug"":""will-the-republican-party-control-the-house-after-the-2026-midterm-elections"",""question"":""Will the Republican Party control the House after the 2026 Midterm elections?"",""event_title"":""Which party will win the House in 2026?"",""endDate"":""2026-11-03T00:00:00Z"",""volume"":""3461275.505195943"",""source"":""/events?search"",""active"":true,""closed"":false},{""score"":0.9845,""id"":""562794"",""slug"":""will-the-republican-party-control-the-senate-after-the-2026-midterm-elections"",""question"":""Will the Republican Party control the Senate after the 2026 Midterm elections?"",""event_title"":""Which party will win the Senate in 2026?"",""endDate"":""2026-11-03T00:00:00Z"",""volume"":""1309078.658923012"",""source"":""/events?search"",""active"":true,""closed"":false},{""score"":0.9447,""id"":""565064"",""slug"":""will-the-republicans-win-the-2028-us-presidential-election"",""question"":""Will the Republicans win the 2028 US Presidential Election?"",""event_title"":""Which party wins 2028 US Presidential Election?"",""endDate"":""2028-11-07T00:00:00Z"",""volume"":""1045498.7324869944"",""source"":""/events?search"",""active"":true,""closed"":false},{""score"":0.8662,""id"":""942878"",""slug"":""will-the-democratic-party-win-the-ne-02-house-seat"",""question"":""Will the Democratic Party win the NE-02 House seat?"",""event_title"":""NE-02 House Election Winner"",""endDate"":""2026-11-04T00:00:00Z"",""volume"":""27741.285402"",""source"":""events_slug_path"",""active"":true,""closed"":false}]",AUTO_ACCEPTED: accepted rank=1 score=1.2308 top=1.2308 second=1.0258; score/margin guardrails disabled,,republican|republicans|gop,,KEPT
59,RSO-0059,19,PA-10 House Election Winner,PA-10 House Election Winner — Democratic Party,Will the Democratic Party win the PA-10 House seat?,Will the Democrats win the PA-10 House race in 2026?,US,us_house,us_district,pa_10_house_2026,tracked,core_us,binary_complement_contract,1,Democratic Party,will-the-democratic-party-win-the-pa-10-house-seat,will-the-democrats-win-the-pa-10-house-race-in-2026,pa-10-house-election-winner,US House/governor race market; adds state/district-level variation beyond Senate control.,needs_slug_clob_verification,needs_orderbook_check,appears_clear_from_paste,State/district outcome row.,943955,106216,0x1ba8c5b414501846fafc1639481a839d57bc3bbb62471400e86224e93c2281f5,"This market will resolve according to the party of the candidate who wins the PA-10 congressional district seat in the U.S. House of Representatives in the 2026 midterm elections. The midterm elections will take place on November 4, 2026.

​​A candidate's party will be determined by their ballot-listed or otherwise identifiable affiliation with that party at the time all of the 2026 House elections are conclusively called by this market's resolution sources. A candidate without a ballot-listed affiliation to either the Democrat or Republican parties will be considered a member of one of these parties based on the party with which they most recently expressed their intent to caucus at the time all of the House elections are conclusively called by this market's resolution sources.

This market will resolve based on the result of the election as indicated by a consensus of credible reporting. If there is ambiguity, this market will resolve based solely on the official results as reported by the United States government, specifically the Federal Election Commission (https://www.fec.gov/).",,,2026-11-04T00:00:00Z,true,false,,false,true,"[""Yes"",""No""]","[""87725551185270618291722253233951821932371187994043126950008311468794742299797"",""91449905075128391435919444408745642086656529220300896540428976055571499433207""]","{""Yes"":""87725551185270618291722253233951821932371187994043126950008311468794742299797"",""No"":""91449905075128391435919444408745642086656529220300896540428976055571499433207""}",87725551185270618291722253233951821932371187994043126950008311468794742299797,91449905075128391435919444408745642086656529220300896540428976055571499433207,372.22229799999997,847.7499,https://polymarket.com/event/will-the-democratic-party-win-the-pa-10-house-seat,VERIFIED_READY,2026-06-25T20:27:03+00:00,"[{""score"":1.2171,""id"":""943955"",""slug"":""will-the-democratic-party-win-the-pa-10-house-seat"",""question"":""Will the Democratic Party win the PA-10 House seat?"",""event_title"":""PA-10 House Election Winner"",""endDate"":""2026-11-04T00:00:00Z"",""volume"":""372.22229799999997"",""source"":""events_slug_path"",""active"":true,""closed"":false},{""score"":1.0144,""id"":""562802"",""slug"":""will-the-democratic-party-control-the-house-after-the-2026-midterm-elections"",""question"":""Will the Democratic Party control the House after the 2026 Midterm elections?"",""event_title"":""Which party will win the House in 2026?"",""endDate"":""2026-11-03T00:00:00Z"",""volume"":""4185811.6013039355"",""source"":""/events?search"",""active"":true,""closed"":false},{""score"":0.9637,""id"":""562793"",""slug"":""will-the-democratic-party-control-the-senate-after-the-2026-midterm-elections"",""question"":""Will the Democratic Party control the Senate after the 2026 Midterm elections?"",""event_title"":""Which party will win the Senate in 2026?"",""endDate"":""2026-11-03T00:00:00Z"",""volume"":""1476430.5579370107"",""source"":""/events?search"",""active"":true,""closed"":false},{""score"":0.934,""id"":""565065"",""slug"":""will-the-democrats-win-the-2028-us-presidential-election"",""question"":""Will the Democrats win the 2028 US Presidential Election?"",""event_title"":""Which party wins 2028 US Presidential Election?"",""endDate"":""2028-11-07T00:00:00Z"",""volume"":""825763.4333929997"",""source"":""/events?search"",""active"":true,""closed"":false},{""score"":0.8713,""id"":""943954"",""slug"":""will-the-republican-party-win-the-pa-10-house-seat"",""question"":""Will the Republican Party win the PA-10 House seat?"",""event_title"":""PA-10 House Election Winner"",""endDate"":""2026-11-04T00:00:00Z"",""volume"":""632.2958209999999"",""source"":""events_slug_path"",""active"":true,""closed"":false}]",AUTO_ACCEPTED: accepted rank=1 score=1.2171 top=1.2171 second=1.0144; score/margin guardrails disabled,,democrat|democrats|democratic,,KEPT
60,RSO-0060,19,PA-10 House Election Winner,PA-10 House Election Winner — Republican Party,Will the Republican Party win the PA-10 House seat?,Will the Republicans win the PA-10 House race in 2026?,US,us_house,us_district,pa_10_house_2026,tracked,core_us,binary_complement_contract,2,Republican Party,will-the-republican-party-win-the-pa-10-house-seat,will-the-republicans-win-the-pa-10-house-race-in-2026,pa-10-house-election-winner,US House/governor race market; adds state/district-level variation beyond Senate control.,needs_slug_clob_verification,needs_orderbook_check,appears_clear_from_paste,State/district outcome row.,943954,106216,0xa33cf18dc8a3f0f8550fcb3f68a7b4272f40709419029ac6e589d82f30bb3273,"This market will resolve according to the party of the candidate who wins the PA-10 congressional district seat in the U.S. House of Representatives in the 2026 midterm elections. The midterm elections will take place on November 4, 2026.

​​A candidate's party will be determined by their ballot-listed or otherwise identifiable affiliation with that party at the time all of the 2026 House elections are conclusively called by this market's resolution sources. A candidate without a ballot-listed affiliation to either the Democrat or Republican parties will be considered a member of one of these parties based on the party with which they most recently expressed their intent to caucus at the time all of the House elections are conclusively called by this market's resolution sources.

This market will resolve based on the result of the election as indicated by a consensus of credible reporting. If there is ambiguity, this market will resolve based solely on the official results as reported by the United States government, specifically the Federal Election Commission (https://www.fec.gov/).",,,2026-11-04T00:00:00Z,true,false,,false,true,"[""Yes"",""No""]","[""103572160941197360900419917573086716527751112441366358755475598989264153655130"",""32917251137516319276142553211811111790348422685366643517829612923246196241028""]","{""Yes"":""103572160941197360900419917573086716527751112441366358755475598989264153655130"",""No"":""32917251137516319276142553211811111790348422685366643517829612923246196241028""}",103572160941197360900419917573086716527751112441366358755475598989264153655130,32917251137516319276142553211811111790348422685366643517829612923246196241028,632.2958209999999,2592.9308,https://polymarket.com/event/will-the-republican-party-win-the-pa-10-house-seat,VERIFIED_READY,2026-06-25T20:27:06+00:00,"[{""score"":1.2301,""id"":""943954"",""slug"":""will-the-republican-party-win-the-pa-10-house-seat"",""question"":""Will the Republican Party win the PA-10 House seat?"",""event_title"":""PA-10 House Election Winner"",""endDate"":""2026-11-04T00:00:00Z"",""volume"":""632.2958209999999"",""source"":""events_slug_path"",""active"":true,""closed"":false},{""score"":1.0258,""id"":""562803"",""slug"":""will-the-republican-party-control-the-house-after-the-2026-midterm-elections"",""question"":""Will the Republican Party control the House after the 2026 Midterm elections?"",""event_title"":""Which party will win the House in 2026?"",""endDate"":""2026-11-03T00:00:00Z"",""volume"":""3461275.505195943"",""source"":""/events?search"",""active"":true,""closed"":false},{""score"":0.9756,""id"":""562794"",""slug"":""will-the-republican-party-control-the-senate-after-the-2026-midterm-elections"",""question"":""Will the Republican Party control the Senate after the 2026 Midterm elections?"",""event_title"":""Which party will win the Senate in 2026?"",""endDate"":""2026-11-03T00:00:00Z"",""volume"":""1309078.658923012"",""source"":""/events?search"",""active"":true,""closed"":false},{""score"":0.9447,""id"":""565064"",""slug"":""will-the-republicans-win-the-2028-us-presidential-election"",""question"":""Will the Republicans win the 2028 US Presidential Election?"",""event_title"":""Which party wins 2028 US Presidential Election?"",""endDate"":""2028-11-07T00:00:00Z"",""volume"":""1045498.7324869944"",""source"":""/events?search"",""active"":true,""closed"":false},{""score"":0.8735,""id"":""561989"",""slug"":""will-ted-cruz-win-the-2028-republican-presidential-nomination"",""question"":""Will Ted Cruz win the 2028 Republican presidential nomination?"",""event_title"":""Republican Presidential Nominee 2028"",""endDate"":""2028-11-07T00:00:00Z"",""volume"":""18328574.70673212"",""source"":""/events?search"",""active"":true,""closed"":false}]",AUTO_ACCEPTED: accepted rank=1 score=1.2301 top=1.2301 second=1.0258; score/margin guardrails disabled,,republican|republicans|gop,,KEPT
61,RSO-0061,20,Ohio Governor Election Winner,Ohio Governor Election Winner — Republican,Will the Republicans win the Ohio governor race in 2026?,Will the Republicans win the Ohio Governor race in 2026?,US,us_governor,us_statewide,ohio_governor_2026,tracked,core_us,binary_complement_contract,1,Republican,will-the-republicans-win-the-ohio-governor-race-in-2026,will-the-republicans-win-the-ohio-governor-race-in-2026,ohio-governor-election-winner,US House/governor race market; adds state/district-level variation beyond Senate control.,needs_slug_clob_verification,needs_orderbook_check,appears_clear_from_paste,State/district outcome row.,629558,57185,0x650e3ebc043ddbcfa1d1ffda0c5830f19da7389827889fb5db3474bde5b007fb,"This market will resolve according to the winner of the 2026 Ohio gubernatorial election.

A candidate shall be considered to represent a party in the event that he or she is the nominee of the party in question. Candidates other than the Democratic or Republican nominee (e.g., Greens, Libertarian, independent) may be added at a later date.

Candidates who run as independents will not be encompassed by the “Democrat” or “Republican” options regardless of any affiliation they may have with the party.

The resolution source for this market is the Associated Press, Fox News, and NBC. This market will resolve once all three sources call the race for the same candidate. If all three sources haven’t called the race in this state for the same candidate, this market will resolve based on the official certification.",,,,true,false,,false,true,"[""Yes"",""No""]","[""3104629708171062356498135654472461762731791851667035051301931240755518332250"",""104526794566859391085042814952967251260974275524059793655101271789052995794634""]","{""Yes"":""3104629708171062356498135654472461762731791851667035051301931240755518332250"",""No"":""104526794566859391085042814952967251260974275524059793655101271789052995794634""}",3104629708171062356498135654472461762731791851667035051301931240755518332250,104526794566859391085042814952967251260974275524059793655101271789052995794634,52562.41945899999,23674.099,https://polymarket.com/event/will-the-republicans-win-the-ohio-governor-race-in-2026,VERIFIED_READY,2026-06-25T20:27:16+00:00,"[{""score"":1.3876,""id"":""629558"",""slug"":""will-the-republicans-win-the-ohio-governor-race-in-2026"",""question"":""Will the Republicans win the Ohio governor race in 2026?"",""event_title"":"""",""endDate"":"""",""volume"":""52562.41945899999"",""source"":""markets_slug_query"",""active"":true,""closed"":false},{""score"":0.9871,""id"":""562803"",""slug"":""will-the-republican-party-control-the-house-after-the-2026-midterm-elections"",""question"":""Will the Republican Party control the House after the 2026 Midterm elections?"",""event_title"":""Which party will win the House in 2026?"",""endDate"":""2026-11-03T00:00:00Z"",""volume"":""3461275.505195943"",""source"":""/events?search"",""active"":true,""closed"":false},{""score"":0.9796,""id"":""562794"",""slug"":""will-the-republican-party-control-the-senate-after-the-2026-midterm-elections"",""question"":""Will the Republican Party control the Senate after the 2026 Midterm elections?"",""event_title"":""Which party will win the Senate in 2026?"",""endDate"":""2026-11-03T00:00:00Z"",""volume"":""1309078.658923012"",""source"":""/events?search"",""active"":true,""closed"":false},{""score"":0.9442,""id"":""565064"",""slug"":""will-the-republicans-win-the-2028-us-presidential-election"",""question"":""Will the Republicans win the 2028 US Presidential Election?"",""event_title"":""Which party wins 2028 US Presidential Election?"",""endDate"":""2028-11-07T00:00:00Z"",""volume"":""1045498.7324869944"",""source"":""/events?search"",""active"":true,""closed"":false},{""score"":0.884,""id"":""561989"",""slug"":""will-ted-cruz-win-the-2028-republican-presidential-nomination"",""question"":""Will Ted Cruz win the 2028 Republican presidential nomination?"",""event_title"":""Republican Presidential Nominee 2028"",""endDate"":""2028-11-07T00:00:00Z"",""volume"":""18328574.70673212"",""source"":""/events?search"",""active"":true,""closed"":false}]",AUTO_ACCEPTED: accepted rank=1 score=1.3876 top=1.3876 second=0.9871; score/margin guardrails disabled,,republican|republicans|gop,,KEPT
62,RSO-0062,20,Ohio Governor Election Winner,Ohio Governor Election Winner — Democrat,Will the Democrats win the Ohio governor race in 2026?,Will the Democrats win the Ohio Governor race in 2026?,US,us_governor,us_statewide,ohio_governor_2026,tracked,core_us,binary_complement_contract,2,Democrat,will-the-democrats-win-the-ohio-governor-race-in-2026,will-the-democrats-win-the-ohio-governor-race-in-2026,ohio-governor-election-winner,US House/governor race market; adds state/district-level variation beyond Senate control.,needs_slug_clob_verification,needs_orderbook_check,appears_clear_from_paste,State/district outcome row.,629557,57185,0x3babe91f8d2fac44027f9ba7f0f1a59e61b72419828e6e517f96bbcf4e132498,"This market will resolve according to the winner of the 2026 Ohio gubernatorial election.

A candidate shall be considered to represent a party in the event that he or she is the nominee of the party in question. Candidates other than the Democratic or Republican nominee (e.g., Greens, Libertarian, independent) may be added at a later date.

Candidates who run as independents will not be encompassed by the “Democrat” or “Republican” options regardless of any affiliation they may have with the party.

The resolution source for this market is the Associated Press, Fox News, and NBC. This market will resolve once all three sources call the race for the same candidate. If all three sources haven’t called the race in this state for the same candidate, this market will resolve based on the official certification.",,,,true,false,,false,true,"[""Yes"",""No""]","[""63255709540320761353971859526848930870803944190764324681913735372035438815215"",""16976595754865702888942253430173145813500518669245701188211359895815715104826""]","{""Yes"":""63255709540320761353971859526848930870803944190764324681913735372035438815215"",""No"":""16976595754865702888942253430173145813500518669245701188211359895815715104826""}",63255709540320761353971859526848930870803944190764324681913735372035438815215,16976595754865702888942253430173145813500518669245701188211359895815715104826,51714.36992399995,26661.6907,https://polymarket.com/event/will-the-democrats-win-the-ohio-governor-race-in-2026,VERIFIED_READY,2026-06-25T20:27:18+00:00,"[{""score"":1.3878,""id"":""629557"",""slug"":""will-the-democrats-win-the-ohio-governor-race-in-2026"",""question"":""Will the Democrats win the Ohio governor race in 2026?"",""event_title"":"""",""endDate"":"""",""volume"":""51714.36992399995"",""source"":""markets_slug_query"",""active"":true,""closed"":false},{""score"":0.9753,""id"":""562802"",""slug"":""will-the-democratic-party-control-the-house-after-the-2026-midterm-elections"",""question"":""Will the Democratic Party control the House after the 2026 Midterm elections?"",""event_title"":""Which party will win the House in 2026?"",""endDate"":""2026-11-03T00:00:00Z"",""volume"":""4185811.6013039355"",""source"":""/events?search"",""active"":true,""closed"":false},{""score"":0.9677,""id"":""562793"",""slug"":""will-the-democratic-party-control-the-senate-after-the-2026-midterm-elections"",""question"":""Will the Democratic Party control the Senate after the 2026 Midterm elections?"",""event_title"":""Which party will win the Senate in 2026?"",""endDate"":""2026-11-03T00:00:00Z"",""volume"":""1476430.5579370107"",""source"":""/events?search"",""active"":true,""closed"":false},{""score"":0.9335,""id"":""565065"",""slug"":""will-the-democrats-win-the-2028-us-presidential-election"",""question"":""Will the Democrats win the 2028 US Presidential Election?"",""event_title"":""Which party wins 2028 US Presidential Election?"",""endDate"":""2028-11-07T00:00:00Z"",""volume"":""825763.4333929997"",""source"":""/events?search"",""active"":true,""closed"":false},{""score"":0.8671,""id"":""559685"",""slug"":""will-mrbeast-win-the-2028-democratic-presidential-nomination"",""question"":""Will MrBeast win the 2028 Democratic presidential nomination?"",""event_title"":""Democratic Presidential Nominee 2028"",""endDate"":""2028-11-07T00:00:00Z"",""volume"":""39134594.8664928"",""source"":""/events?search"",""active"":true,""closed"":false}]",AUTO_ACCEPTED: accepted rank=1 score=1.3878 top=1.3878 second=0.9753; score/margin guardrails disabled,,democrat|democrats|democratic,,KEPT
63,RSO-0063,21,Georgia Governor Election Winner,Georgia Governor Election Winner — Democrat,Will the Democrats win the Georgia governor race in 2026?,Will the Democrats win the Georgia Governor race in 2026?,US,us_governor,us_statewide,georgia_governor_2026,tracked,core_us,binary_complement_contract,1,Democrat,will-the-democrats-win-the-georgia-governor-race-in-2026,will-the-democrats-win-the-georgia-governor-race-in-2026,georgia-governor-election-winner,US House/governor race market; adds state/district-level variation beyond Senate control.,needs_slug_clob_verification,needs_orderbook_check,appears_clear_from_paste,State/district outcome row.,629337,57161,0x73a9911393e7bd2262904c4413d9614f68bb6290ddf7d88ed607f1562d08fb05,"This market will resolve according to the winner of the 2026 Georgia gubernatorial election.

A candidate shall be considered to represent a party in the event that he or she is the nominee of the party in question. Candidates other than the Democratic or Republican nominee (e.g., Greens, Libertarian, independent) may be added at a later date.

Candidates who run as independents will not be encompassed by the “Democrat” or “Republican” options regardless of any affiliation they may have with the party.

The resolution source for this market is the Associated Press, Fox News, and NBC. This market will resolve once all three sources call the race for the same candidate. If all three sources haven’t called the race in this state for the same candidate, this market will resolve based on the official certification.",,,,true,false,,false,true,"[""Yes"",""No""]","[""59980150909931986777748227027020522224275707387562276219060223816867188565245"",""29426800815897155175757951733656404312185134543823956306564757069451562558732""]","{""Yes"":""59980150909931986777748227027020522224275707387562276219060223816867188565245"",""No"":""29426800815897155175757951733656404312185134543823956306564757069451562558732""}",59980150909931986777748227027020522224275707387562276219060223816867188565245,29426800815897155175757951733656404312185134543823956306564757069451562558732,22855.518802999963,13662.8028,https://polymarket.com/event/will-the-democrats-win-the-georgia-governor-race-in-2026,VERIFIED_READY,2026-06-25T20:27:21+00:00,"[{""score"":1.3837,""id"":""629337"",""slug"":""will-the-democrats-win-the-georgia-governor-race-in-2026"",""question"":""Will the Democrats win the Georgia governor race in 2026?"",""event_title"":"""",""endDate"":"""",""volume"":""22855.518802999963"",""source"":""markets_slug_query"",""active"":true,""closed"":false},{""score"":0.9745,""id"":""562793"",""slug"":""will-the-democratic-party-control-the-senate-after-the-2026-midterm-elections"",""question"":""Will the Democratic Party control the Senate after the 2026 Midterm elections?"",""event_title"":""Which party will win the Senate in 2026?"",""endDate"":""2026-11-03T00:00:00Z"",""volume"":""1476430.5579370107"",""source"":""/events?search"",""active"":true,""closed"":false},{""score"":0.9665,""id"":""562802"",""slug"":""will-the-democratic-party-control-the-house-after-the-2026-midterm-elections"",""question"":""Will the Democratic Party control the House after the 2026 Midterm elections?"",""event_title"":""Which party will win the House in 2026?"",""endDate"":""2026-11-03T00:00:00Z"",""volume"":""4185811.6013039355"",""source"":""/events?search"",""active"":true,""closed"":false},{""score"":0.9242,""id"":""565065"",""slug"":""will-the-democrats-win-the-2028-us-presidential-election"",""question"":""Will the Democrats win the 2028 US Presidential Election?"",""event_title"":""Which party wins 2028 US Presidential Election?"",""endDate"":""2028-11-07T00:00:00Z"",""volume"":""825763.4333929997"",""source"":""/events?search"",""active"":true,""closed"":false},{""score"":0.8495,""id"":""559672"",""slug"":""will-roy-cooper-win-the-2028-democratic-presidential-nomination-286"",""question"":""Will Roy Cooper win the 2028 Democratic presidential nomination?"",""event_title"":""Democratic Presidential Nominee 2028"",""endDate"":""2028-11-07T00:00:00Z"",""volume"":""30794822.422943424"",""source"":""/events?search"",""active"":true,""closed"":false}]",AUTO_ACCEPTED: accepted rank=1 score=1.3837 top=1.3837 second=0.9745; score/margin guardrails disabled,,democrat|democrats|democratic,,KEPT
64,RSO-0064,21,Georgia Governor Election Winner,Georgia Governor Election Winner — Republican,Will the Republicans win the Georgia governor race in 2026?,Will the Republicans win the Georgia Governor race in 2026?,US,us_governor,us_statewide,georgia_governor_2026,tracked,core_us,binary_complement_contract,2,Republican,will-the-republicans-win-the-georgia-governor-race-in-2026,will-the-republicans-win-the-georgia-governor-race-in-2026,georgia-governor-election-winner,US House/governor race market; adds state/district-level variation beyond Senate control.,needs_slug_clob_verification,needs_orderbook_check,appears_clear_from_paste,State/district outcome row.,629338,57161,0x71c05b735300b6087ff5588bcc7e83fecf009293d794f613c63c92ea8a16fb2b,"This market will resolve according to the winner of the 2026 Georgia gubernatorial election.

A candidate shall be considered to represent a party in the event that he or she is the nominee of the party in question. Candidates other than the Democratic or Republican nominee (e.g., Greens, Libertarian, independent) may be added at a later date.

Candidates who run as independents will not be encompassed by the “Democrat” or “Republican” options regardless of any affiliation they may have with the party.

The resolution source for this market is the Associated Press, Fox News, and NBC. This market will resolve once all three sources call the race for the same candidate. If all three sources haven’t called the race in this state for the same candidate, this market will resolve based on the official certification.",,,,true,false,,false,true,"[""Yes"",""No""]","[""17555504943162344098534978138053308162738914357892515623100381936995379845407"",""53502088681539225888217182746120417070419934602682782293991096287838014660594""]","{""Yes"":""17555504943162344098534978138053308162738914357892515623100381936995379845407"",""No"":""53502088681539225888217182746120417070419934602682782293991096287838014660594""}",17555504943162344098534978138053308162738914357892515623100381936995379845407,53502088681539225888217182746120417070419934602682782293991096287838014660594,17628.64285,13551.0631,https://polymarket.com/event/will-the-republicans-win-the-georgia-governor-race-in-2026,VERIFIED_READY,2026-06-25T20:27:24+00:00,"[{""score"":1.3831,""id"":""629338"",""slug"":""will-the-republicans-win-the-georgia-governor-race-in-2026"",""question"":""Will the Republicans win the Georgia governor race in 2026?"",""event_title"":"""",""endDate"":"""",""volume"":""17628.64285"",""source"":""markets_slug_query"",""active"":true,""closed"":false},{""score"":0.986,""id"":""562794"",""slug"":""will-the-republican-party-control-the-senate-after-the-2026-midterm-elections"",""question"":""Will the Republican Party control the Senate after the 2026 Midterm elections?"",""event_title"":""Which party will win the Senate in 2026?"",""endDate"":""2026-11-03T00:00:00Z"",""volume"":""1309078.658923012"",""source"":""/events?search"",""active"":true,""closed"":false},{""score"":0.9782,""id"":""562803"",""slug"":""will-the-republican-party-control-the-house-after-the-2026-midterm-elections"",""question"":""Will the Republican Party control the House after the 2026 Midterm elections?"",""event_title"":""Which party will win the House in 2026?"",""endDate"":""2026-11-03T00:00:00Z"",""volume"":""3461275.505195943"",""source"":""/events?search"",""active"":true,""closed"":false},{""score"":0.935,""id"":""565064"",""slug"":""will-the-republicans-win-the-2028-us-presidential-election"",""question"":""Will the Republicans win the 2028 US Presidential Election?"",""event_title"":""Which party wins 2028 US Presidential Election?"",""endDate"":""2028-11-07T00:00:00Z"",""volume"":""1045498.7324869944"",""source"":""/events?search"",""active"":true,""closed"":false},{""score"":0.866,""id"":""561989"",""slug"":""will-ted-cruz-win-the-2028-republican-presidential-nomination"",""question"":""Will Ted Cruz win the 2028 Republican presidential nomination?"",""event_title"":""Republican Presidential Nominee 2028"",""endDate"":""2028-11-07T00:00:00Z"",""volume"":""18328574.70673212"",""source"":""/events?search"",""active"":true,""closed"":false}]",AUTO_ACCEPTED: accepted rank=1 score=1.3831 top=1.3831 second=0.9860; score/margin guardrails disabled,,republican|republicans|gop,,KEPT
65,RSO-0065,22,Nevada Governor Election Winner,Nevada Governor Election Winner — Democrat,Will the Democrats win the Nevada governor race in 2026?,Will the Democrats win the Nevada Governor race in 2026?,US,us_governor,us_statewide,nevada_governor_2026,tracked,core_us,binary_complement_contract,1,Democrat,will-the-democrats-win-the-nevada-governor-race-in-2026,will-the-democrats-win-the-nevada-governor-race-in-2026,nevada-governor-election-winner,US House/governor race market; adds state/district-level variation beyond Senate control.,needs_slug_clob_verification,needs_orderbook_check,appears_clear_from_paste,State/district outcome row.,629505,57181,0x707eb5c6df23e32e0b770dd0ccd1245abb7fac0dcfd24d8b68dd99e5ca737180,"This market will resolve according to the winner of the 2026 Nevada gubernatorial election.

A candidate shall be considered to represent a party in the event that he or she is the nominee of the party in question. Candidates other than the Democratic or Republican nominee (e.g., Greens, Libertarian, independent) may be added at a later date.

Candidates who run as independents will not be encompassed by the “Democrat” or “Republican” options regardless of any affiliation they may have with the party.

The resolution source for this market is the Associated Press, Fox News, and NBC. This market will resolve once all three sources call the race for the same candidate. If all three sources haven’t called the race in this state for the same candidate, this market will resolve based on the official certification.",,,,true,false,,false,true,"[""Yes"",""No""]","[""1246864710804983890692377994891598401616546411512113588399830364959833951829"",""63105785868222491666410116782074992901361520126431203229953017216126863105293""]","{""Yes"":""1246864710804983890692377994891598401616546411512113588399830364959833951829"",""No"":""63105785868222491666410116782074992901361520126431203229953017216126863105293""}",1246864710804983890692377994891598401616546411512113588399830364959833951829,63105785868222491666410116782074992901361520126431203229953017216126863105293,7399.312491000006,6396.4585,https://polymarket.com/event/will-the-democrats-win-the-nevada-governor-race-in-2026,VERIFIED_READY,2026-06-25T20:27:27+00:00,"[{""score"":1.3814,""id"":""629505"",""slug"":""will-the-democrats-win-the-nevada-governor-race-in-2026"",""question"":""Will the Democrats win the Nevada governor race in 2026?"",""event_title"":"""",""endDate"":"""",""volume"":""7399.312491000006"",""source"":""markets_slug_query"",""active"":true,""closed"":false},{""score"":0.9774,""id"":""562793"",""slug"":""will-the-democratic-party-control-the-senate-after-the-2026-midterm-elections"",""question"":""Will the Democratic Party control the Senate after the 2026 Midterm elections?"",""event_title"":""Which party will win the Senate in 2026?"",""endDate"":""2026-11-03T00:00:00Z"",""volume"":""1476430.5579370107"",""source"":""/events?search"",""active"":true,""closed"":false},{""score"":0.9694,""id"":""562802"",""slug"":""will-the-democratic-party-control-the-house-after-the-2026-midterm-elections"",""question"":""Will the Democratic Party control the House after the 2026 Midterm elections?"",""event_title"":""Which party will win the House in 2026?"",""endDate"":""2026-11-03T00:00:00Z"",""volume"":""4185811.6013039355"",""source"":""/events?search"",""active"":true,""closed"":false},{""score"":0.9273,""id"":""565065"",""slug"":""will-the-democrats-win-the-2028-us-presidential-election"",""question"":""Will the Democrats win the 2028 US Presidential Election?"",""event_title"":""Which party wins 2028 US Presidential Election?"",""endDate"":""2028-11-07T00:00:00Z"",""volume"":""825763.4333929997"",""source"":""/events?search"",""active"":true,""closed"":false},{""score"":0.8452,""id"":""559672"",""slug"":""will-roy-cooper-win-the-2028-democratic-presidential-nomination-286"",""question"":""Will Roy Cooper win the 2028 Democratic presidential nomination?"",""event_title"":""Democratic Presidential Nominee 2028"",""endDate"":""2028-11-07T00:00:00Z"",""volume"":""30794822.422943424"",""source"":""/events?search"",""active"":true,""closed"":false}]",AUTO_ACCEPTED: accepted rank=1 score=1.3814 top=1.3814 second=0.9774; score/margin guardrails disabled,,democrat|democrats|democratic,,KEPT
66,RSO-0066,22,Nevada Governor Election Winner,Nevada Governor Election Winner — Republican,Will the Republicans win the Nevada governor race in 2026?,Will the Republicans win the Nevada Governor race in 2026?,US,us_governor,us_statewide,nevada_governor_2026,tracked,core_us,binary_complement_contract,2,Republican,will-the-republicans-win-the-nevada-governor-race-in-2026,will-the-republicans-win-the-nevada-governor-race-in-2026,nevada-governor-election-winner,US House/governor race market; adds state/district-level variation beyond Senate control.,needs_slug_clob_verification,needs_orderbook_check,appears_clear_from_paste,State/district outcome row.,629506,57181,0xb63fbd776203cada01a13bb21b3c52c500bcf904bdfc71627022db1f891f95c5,"This market will resolve according to the winner of the 2026 Nevada gubernatorial election.

A candidate shall be considered to represent a party in the event that he or she is the nominee of the party in question. Candidates other than the Democratic or Republican nominee (e.g., Greens, Libertarian, independent) may be added at a later date.

Candidates who run as independents will not be encompassed by the “Democrat” or “Republican” options regardless of any affiliation they may have with the party.

The resolution source for this market is the Associated Press, Fox News, and NBC. This market will resolve once all three sources call the race for the same candidate. If all three sources haven’t called the race in this state for the same candidate, this market will resolve based on the official certification.",,,,true,false,,false,true,"[""Yes"",""No""]","[""26514162544090965098284473937422427465088569867873952479707540387314217381282"",""76313209944639250426806286965492886883353059598478633315707597639545615999446""]","{""Yes"":""26514162544090965098284473937422427465088569867873952479707540387314217381282"",""No"":""76313209944639250426806286965492886883353059598478633315707597639545615999446""}",26514162544090965098284473937422427465088569867873952479707540387314217381282,76313209944639250426806286965492886883353059598478633315707597639545615999446,22809.374352000017,4337.8985,https://polymarket.com/event/will-the-republicans-win-the-nevada-governor-race-in-2026,VERIFIED_READY,2026-06-25T20:27:30+00:00,"[{""score"":1.3827,""id"":""629506"",""slug"":""will-the-republicans-win-the-nevada-governor-race-in-2026"",""question"":""Will the Republicans win the Nevada governor race in 2026?"",""event_title"":"""",""endDate"":"""",""volume"":""22809.374352000017"",""source"":""markets_slug_query"",""active"":true,""closed"":false},{""score"":0.989,""id"":""562794"",""slug"":""will-the-republican-party-control-the-senate-after-the-2026-midterm-elections"",""question"":""Will the Republican Party control the Senate after the 2026 Midterm elections?"",""event_title"":""Which party will win the Senate in 2026?"",""endDate"":""2026-11-03T00:00:00Z"",""volume"":""1309078.658923012"",""source"":""/events?search"",""active"":true,""closed"":false},{""score"":0.9811,""id"":""562803"",""slug"":""will-the-republican-party-control-the-house-after-the-2026-midterm-elections"",""question"":""Will the Republican Party control the House after the 2026 Midterm elections?"",""event_title"":""Which party will win the House in 2026?"",""endDate"":""2026-11-03T00:00:00Z"",""volume"":""3461275.505195943"",""source"":""/events?search"",""active"":true,""closed"":false},{""score"":0.938,""id"":""565064"",""slug"":""will-the-republicans-win-the-2028-us-presidential-election"",""question"":""Will the Republicans win the 2028 US Presidential Election?"",""event_title"":""Which party wins 2028 US Presidential Election?"",""endDate"":""2028-11-07T00:00:00Z"",""volume"":""1045498.7324869944"",""source"":""/events?search"",""active"":true,""closed"":false},{""score"":0.8588,""id"":""561989"",""slug"":""will-ted-cruz-win-the-2028-republican-presidential-nomination"",""question"":""Will Ted Cruz win the 2028 Republican presidential nomination?"",""event_title"":""Republican Presidential Nominee 2028"",""endDate"":""2028-11-07T00:00:00Z"",""volume"":""18328574.70673212"",""source"":""/events?search"",""active"":true,""closed"":false}]",AUTO_ACCEPTED: accepted rank=1 score=1.3827 top=1.3827 second=0.9890; score/margin guardrails disabled,,republican|republicans|gop,,KEPT
67,RSO-0067,23,NY-13 House Election Winner / Darializa Avila Chevalier proxy,NY-13 House Election Winner / Darializa Avila Chevalier proxy — Democratic Party,Will the Democratic Party win the NY-13 House seat?,Will the Democrats win the NY-13 House race in 2026?,US,narrative_candidate,us_district,ny_13_house_darializa_proxy_2026,tracked,narrative,binary_complement_contract,1,Democratic Party,will-the-democratic-party-win-the-ny-13-house-seat,will-the-democrats-win-the-ny-13-house-race-in-2026,ny-13-house-election-winner,Narrative/progressive controversy proxy; market is party-level NY-13 general election rather than candidate-name-specific.,needs_slug_clob_verification,needs_orderbook_check,appears_clear_from_paste,This is a party-level proxy for Darializa; verify whether a more candidate-specific market exists.,1284299,191567,0xdf533114d83b2408875558a9cf8ef34fdf172d704b97261a0aa383f3197762f1,"This market will resolve according to the party of the candidate who wins the NY-13 congressional district seat in the U.S. House of Representatives in the 2026 midterm elections. The midterm elections will take place on November 4, 2026.

​A candidate's party will be determined by their ballot-listed or otherwise identifiable affiliation with that party at the time all of the 2026 House elections are conclusively called by this market's resolution sources. A candidate without a ballot-listed affiliation to either the Democrat or Republican parties will be considered a member of one of these parties based on the party with which they most recently expressed their intent to caucus at the time all of the House elections are conclusively called by this market's resolution sources.

This market will resolve based on the result of the election as indicated by a consensus of credible reporting. If there is ambiguity, this market will resolve based solely on the official results as reported by the United States government, specifically the Federal Election Commission (https://www.fec.gov/).",,,2026-11-03T00:00:00Z,true,false,,false,true,"[""Yes"",""No""]","[""58170582826434624369183137827470621458750832571934268895241793899476487858088"",""99708749485515505787886279399315333272854318862171893505519703794034779284777""]","{""Yes"":""58170582826434624369183137827470621458750832571934268895241793899476487858088"",""No"":""99708749485515505787886279399315333272854318862171893505519703794034779284777""}",58170582826434624369183137827470621458750832571934268895241793899476487858088,99708749485515505787886279399315333272854318862171893505519703794034779284777,23442.946033,16843.53989,https://polymarket.com/event/will-the-democratic-party-win-the-ny-13-house-seat,VERIFIED_READY,2026-06-25T20:27:33+00:00,"[{""score"":1.221,""id"":""1284299"",""slug"":""will-the-democratic-party-win-the-ny-13-house-seat"",""question"":""Will the Democratic Party win the NY-13 House seat?"",""event_title"":""NY-13 House Election Winner"",""endDate"":""2026-11-03T00:00:00Z"",""volume"":""23442.946033"",""source"":""events_slug_path"",""active"":true,""closed"":false},{""score"":1.0144,""id"":""562802"",""slug"":""will-the-democratic-party-control-the-house-after-the-2026-midterm-elections"",""question"":""Will the Democratic Party control the House after the 2026 Midterm elections?"",""event_title"":""Which party will win the House in 2026?"",""endDate"":""2026-11-03T00:00:00Z"",""volume"":""4185811.6013039355"",""source"":""/events?search"",""active"":true,""closed"":false},{""score"":0.9637,""id"":""562793"",""slug"":""will-the-democratic-party-control-the-senate-after-the-2026-midterm-elections"",""question"":""Will the Democratic Party control the Senate after the 2026 Midterm elections?"",""event_title"":""Which party will win the Senate in 2026?"",""endDate"":""2026-11-03T00:00:00Z"",""volume"":""1476430.5579370107"",""source"":""/events?search"",""active"":true,""closed"":false},{""score"":0.934,""id"":""565065"",""slug"":""will-the-democrats-win-the-2028-us-presidential-election"",""question"":""Will the Democrats win the 2028 US Presidential Election?"",""event_title"":""Which party wins 2028 US Presidential Election?"",""endDate"":""2028-11-07T00:00:00Z"",""volume"":""825763.4333929997"",""source"":""/events?search"",""active"":true,""closed"":false},{""score"":0.874,""id"":""1284298"",""slug"":""will-the-republican-party-win-the-ny-13-house-seat"",""question"":""Will the Republican Party win the NY-13 House seat?"",""event_title"":""NY-13 House Election Winner"",""endDate"":""2026-11-03T00:00:00Z"",""volume"":""12084.57077"",""source"":""events_slug_path"",""active"":true,""closed"":false}]",AUTO_ACCEPTED: accepted rank=1 score=1.2210 top=1.2210 second=1.0144; score/margin guardrails disabled,,democrat|democrats|democratic,,KEPT
68,RSO-0068,23,NY-13 House Election Winner / Darializa Avila Chevalier proxy,NY-13 House Election Winner / Darializa Avila Chevalier proxy — Republican Party,Will the Republican Party win the NY-13 House seat?,Will the Republicans win the NY-13 House race in 2026?,US,narrative_candidate,us_district,ny_13_house_darializa_proxy_2026,tracked,narrative,binary_complement_contract,2,Republican Party,will-the-republican-party-win-the-ny-13-house-seat,will-the-republicans-win-the-ny-13-house-race-in-2026,ny-13-house-election-winner,Narrative/progressive controversy proxy; market is party-level NY-13 general election rather than candidate-name-specific.,needs_slug_clob_verification,needs_orderbook_check,appears_clear_from_paste,This is a party-level proxy for Darializa; verify whether a more candidate-specific market exists.,1284298,191567,0xe0dc694c459bbf45b586d15930c82a36eb9ff63de86e81290d934b3fc3918d1e,"This market will resolve according to the party of the candidate who wins the NY-13 congressional district seat in the U.S. House of Representatives in the 2026 midterm elections. The midterm elections will take place on November 4, 2026.

​A candidate's party will be determined by their ballot-listed or otherwise identifiable affiliation with that party at the time all of the 2026 House elections are conclusively called by this market's resolution sources. A candidate without a ballot-listed affiliation to either the Democrat or Republican parties will be considered a member of one of these parties based on the party with which they most recently expressed their intent to caucus at the time all of the House elections are conclusively called by this market's resolution sources.

This market will resolve based on the result of the election as indicated by a consensus of credible reporting. If there is ambiguity, this market will resolve based solely on the official results as reported by the United States government, specifically the Federal Election Commission (https://www.fec.gov/).",,,2026-11-03T00:00:00Z,true,false,,false,true,"[""Yes"",""No""]","[""81557957224614719909606514321678071196063005584137638675672000952860345431216"",""91707391779570593383114349445555065499993612270309541289688275447843966536930""]","{""Yes"":""81557957224614719909606514321678071196063005584137638675672000952860345431216"",""No"":""91707391779570593383114349445555065499993612270309541289688275447843966536930""}",81557957224614719909606514321678071196063005584137638675672000952860345431216,91707391779570593383114349445555065499993612270309541289688275447843966536930,12084.57077,17749.43117,https://polymarket.com/event/will-the-republican-party-win-the-ny-13-house-seat,VERIFIED_READY,2026-06-25T20:27:36+00:00,"[{""score"":1.2327,""id"":""1284298"",""slug"":""will-the-republican-party-win-the-ny-13-house-seat"",""question"":""Will the Republican Party win the NY-13 House seat?"",""event_title"":""NY-13 House Election Winner"",""endDate"":""2026-11-03T00:00:00Z"",""volume"":""12084.57077"",""source"":""events_slug_path"",""active"":true,""closed"":false},{""score"":1.0258,""id"":""562803"",""slug"":""will-the-republican-party-control-the-house-after-the-2026-midterm-elections"",""question"":""Will the Republican Party control the House after the 2026 Midterm elections?"",""event_title"":""Which party will win the House in 2026?"",""endDate"":""2026-11-03T00:00:00Z"",""volume"":""3461275.505195943"",""source"":""/events?search"",""active"":true,""closed"":false},{""score"":0.9756,""id"":""562794"",""slug"":""will-the-republican-party-control-the-senate-after-the-2026-midterm-elections"",""question"":""Will the Republican Party control the Senate after the 2026 Midterm elections?"",""event_title"":""Which party will win the Senate in 2026?"",""endDate"":""2026-11-03T00:00:00Z"",""volume"":""1309078.658923012"",""source"":""/events?search"",""active"":true,""closed"":false},{""score"":0.9447,""id"":""565064"",""slug"":""will-the-republicans-win-the-2028-us-presidential-election"",""question"":""Will the Republicans win the 2028 US Presidential Election?"",""event_title"":""Which party wins 2028 US Presidential Election?"",""endDate"":""2028-11-07T00:00:00Z"",""volume"":""1045498.7324869944"",""source"":""/events?search"",""active"":true,""closed"":false},{""score"":0.8662,""id"":""1284299"",""slug"":""will-the-democratic-party-win-the-ny-13-house-seat"",""question"":""Will the Democratic Party win the NY-13 House seat?"",""event_title"":""NY-13 House Election Winner"",""endDate"":""2026-11-03T00:00:00Z"",""volume"":""23442.946033"",""source"":""events_slug_path"",""active"":true,""closed"":false}]",AUTO_ACCEPTED: accepted rank=1 score=1.2327 top=1.2327 second=1.0258; score/margin guardrails disabled,,republican|republicans|gop,,KEPT
76,RSO-0076,25,Brazil Presidential Election,Brazil Presidential Election — Luiz Inácio Lula da Silva,Will Luiz Inácio Lula da Silva win the 2026 Brazilian presidential election?,Will Luiz Inácio Lula da Silva win the Brazil Presidential Election?,Brazil,brazil_presidential,presidential_two_round,brazil_president_winner_2026,tracked,brazil_core,multi_outcome_contract,1,Luiz Inácio Lula da Silva,will-luiz-incio-lula-da-silva-win-the-2026-brazilian-presidential-election,will-luiz-inacio-lula-da-silva-win-the-brazil-presidential-election,brazil-presidential-election,Core Brazil presidential winner market; high-volume global election sample.,needs_slug_clob_verification,appears_strong_from_paste,appears_clear_from_paste,Visible candidate outcomes from pasted market. Add Other later only if resolver finds token.,601819,45915,0xdf8e2dc5860027decbe6164555c3c1c9645c3bd33e16b9dc57ca87125047d4a8,"A presidential election is scheduled to take place in Brazil on October 4, 2026.

This market will resolve according to the listed candidate that wins this election.

This market includes any potential second round. If the result of this election isn't known by June 30, 2027, 11:59 PM ET, the market will resolve to ""Other"".

This market will resolve based on the result of the election as indicated by a consensus of credible reporting. If there is ambiguity, this market will resolve based solely on the official results as reported by the Brazilian government, specifically the Superior Electoral Court (Tribunal Superior Eleitoral, TSE) (e.g., https://dadosabertos.tse.jus.br/).",,,2026-10-04T00:00:00Z,true,false,,false,true,"[""Yes"",""No""]","[""30630994248667897740988010928640156931882346081873066002335460180076741328029"",""79191939610100241429039499950443680906623179487184628479206155805558220344190""]","{""Yes"":""30630994248667897740988010928640156931882346081873066002335460180076741328029"",""No"":""79191939610100241429039499950443680906623179487184628479206155805558220344190""}",30630994248667897740988010928640156931882346081873066002335460180076741328029,79191939610100241429039499950443680906623179487184628479206155805558220344190,6934349.214132002,284155.244,https://polymarket.com/event/will-luiz-incio-lula-da-silva-win-the-2026-brazilian-presidential-election,VERIFIED_READY,2026-06-25T20:28:00+00:00,"[{""score"":1.2749,""id"":""601819"",""slug"":""will-luiz-incio-lula-da-silva-win-the-2026-brazilian-presidential-election"",""question"":""Will Luiz Inácio Lula da Silva win the 2026 Brazilian presidential election?"",""event_title"":""Brazil Presidential Election"",""endDate"":""2026-10-04T00:00:00Z"",""volume"":""6934349.214132002"",""source"":""events_slug_path"",""active"":true,""closed"":false},{""score"":1.0646,""id"":""601826"",""slug"":""will-flvio-bolsonaro-win-the-2026-brazilian-presidential-election"",""question"":""Will Flávio Bolsonaro win the 2026 Brazilian presidential election?"",""event_title"":""Brazil Presidential Election"",""endDate"":""2026-10-04T00:00:00Z"",""volume"":""7044031.335631018"",""source"":""events_slug_path"",""active"":true,""closed"":false},{""score"":1.064,""id"":""601829"",""slug"":""will-camilo-santana-win-the-2026-brazilian-presidential-election"",""question"":""Will Camilo Santana win the 2026 Brazilian presidential election?"",""event_title"":""Brazil Presidential Election"",""endDate"":""2026-10-04T00:00:00Z"",""volume"":""3518516.078860994"",""source"":""events_slug_path"",""active"":true,""closed"":false},{""score"":1.0608,""id"":""601821"",""slug"":""will-fernando-haddad-win-the-2026-brazilian-presidential-election"",""question"":""Will Fernando Haddad win the 2026 Brazilian presidential election?"",""event_title"":""Brazil Presidential Election"",""endDate"":""2026-10-04T00:00:00Z"",""volume"":""5945935.761019938"",""source"":""events_slug_path"",""active"":true,""closed"":false},{""score"":1.0583,""id"":""601831"",""slug"":""will-eduardo-leite-win-the-2026-brazilian-presidential-election"",""question"":""Will Eduardo Leite win the 2026 Brazilian presidential election?"",""event_title"":""Brazil Presidential Election"",""endDate"":""2026-10-04T00:00:00Z"",""volume"":""7579111.492096782"",""source"":""events_slug_path"",""active"":true,""closed"":false}]",AUTO_ACCEPTED: accepted rank=1 score=1.2749 top=1.2749 second=1.0646; score/margin guardrails disabled,,Luiz Inácio Lula da Silva,,KEPT
77,RSO-0077,25,Brazil Presidential Election,Brazil Presidential Election — Flávio Bolsonaro,Will Flávio Bolsonaro win the 2026 Brazilian presidential election?,Will Flávio Bolsonaro win the Brazil Presidential Election?,Brazil,brazil_presidential,presidential_two_round,brazil_president_winner_2026,tracked,brazil_core,multi_outcome_contract,2,Flávio Bolsonaro,will-flvio-bolsonaro-win-the-2026-brazilian-presidential-election,will-flavio-bolsonaro-win-the-brazil-presidential-election,brazil-presidential-election,Core Brazil presidential winner market; high-volume global election sample.,needs_slug_clob_verification,appears_strong_from_paste,appears_clear_from_paste,Visible candidate outcomes from pasted market. Add Other later only if resolver finds token.,601826,45915,0x1a01bf78f56a507fcb666d564d8c8b91b0750679163ed6e96746102c9b7d285d,"A presidential election is scheduled to take place in Brazil on October 4, 2026.

This market will resolve according to the listed candidate that wins this election.

This market includes any potential second round. If the result of this election isn't known by June 30, 2027, 11:59 PM ET, the market will resolve to ""Other"".

This market will resolve based on the result of the election as indicated by a consensus of credible reporting. If there is ambiguity, this market will resolve based solely on the official results as reported by the Brazilian government, specifically the Superior Electoral Court (Tribunal Superior Eleitoral, TSE) (e.g., https://dadosabertos.tse.jus.br/).",,,2026-10-04T00:00:00Z,true,false,,false,true,"[""Yes"",""No""]","[""109876868437950584369987384406356259939519193117253465815665152916226511121427"",""38310927461258927563020508025396887688249787380193911540547071417200646834355""]","{""Yes"":""109876868437950584369987384406356259939519193117253465815665152916226511121427"",""No"":""38310927461258927563020508025396887688249787380193911540547071417200646834355""}",109876868437950584369987384406356259939519193117253465815665152916226511121427,38310927461258927563020508025396887688249787380193911540547071417200646834355,7044031.335631018,235267.82846,https://polymarket.com/event/will-flvio-bolsonaro-win-the-2026-brazilian-presidential-election,VERIFIED_READY,2026-06-25T20:28:03+00:00,"[{""score"":1.2761,""id"":""601826"",""slug"":""will-flvio-bolsonaro-win-the-2026-brazilian-presidential-election"",""question"":""Will Flávio Bolsonaro win the 2026 Brazilian presidential election?"",""event_title"":""Brazil Presidential Election"",""endDate"":""2026-10-04T00:00:00Z"",""volume"":""7044031.335631018"",""source"":""events_slug_path"",""active"":true,""closed"":false},{""score"":1.1991,""id"":""601820"",""slug"":""will-jair-bolsonaro-win-the-2026-brazilian-presidential-election"",""question"":""Will Jair Bolsonaro win the 2026 Brazilian presidential election?"",""event_title"":""Brazil Presidential Election"",""endDate"":""2026-10-04T00:00:00Z"",""volume"":""4717522.047130883"",""source"":""events_slug_path"",""active"":true,""closed"":false},{""score"":1.187,""id"":""601823"",""slug"":""will-eduardo-bolsonaro-win-the-2026-brazilian-presidential-election"",""question"":""Will Eduardo Bolsonaro win the 2026 Brazilian presidential election?"",""event_title"":""Brazil Presidential Election"",""endDate"":""2026-10-04T00:00:00Z"",""volume"":""9858723.134771282"",""source"":""events_slug_path"",""active"":true,""closed"":false},{""score"":1.1831,""id"":""601822"",""slug"":""will-michelle-bolsonaro-win-the-2026-brazilian-presidential-election"",""question"":""Will Michelle Bolsonaro win the 2026 Brazilian presidential election?"",""event_title"":""Brazil Presidential Election"",""endDate"":""2026-10-04T00:00:00Z"",""volume"":""8229211.755296731"",""source"":""events_slug_path"",""active"":true,""closed"":false},{""score"":1.143,""id"":""601832"",""slug"":""will-aldo-rebelo-win-the-2026-brazilian-presidential-election"",""question"":""Will Aldo Rebelo win the 2026 Brazilian presidential election?"",""event_title"":""Brazil Presidential Election"",""endDate"":""2026-10-04T00:00:00Z"",""volume"":""4616220.539042799"",""source"":""events_slug_path"",""active"":true,""closed"":false}]",AUTO_ACCEPTED: accepted rank=1 score=1.2761 top=1.2761 second=1.1991; score/margin guardrails disabled,,Flávio Bolsonaro,,KEPT
78,RSO-0078,25,Brazil Presidential Election,Brazil Presidential Election — Renan Santos,Will Renan Santos win the 2026 Brazilian presidential election?,Will Renan Santos win the Brazil Presidential Election?,Brazil,brazil_presidential,presidential_two_round,brazil_president_winner_2026,tracked,brazil_core,multi_outcome_contract,3,Renan Santos,will-renan-santos-win-the-2026-brazilian-presidential-election,will-renan-santos-win-the-brazil-presidential-election,brazil-presidential-election,Core Brazil presidential winner market; high-volume global election sample.,needs_slug_clob_verification,appears_strong_from_paste,appears_clear_from_paste,Visible candidate outcomes from pasted market. Add Other later only if resolver finds token.,601825,45915,0x05297f854d3b757d5e51a1a29c7f225a80b14b2a161d6b7f9a61677da7a80ced,"A presidential election is scheduled to take place in Brazil on October 4, 2026.

This market will resolve according to the listed candidate that wins this election.

This market includes any potential second round. If the result of this election isn't known by June 30, 2027, 11:59 PM ET, the market will resolve to ""Other"".

This market will resolve based on the result of the election as indicated by a consensus of credible reporting. If there is ambiguity, this market will resolve based solely on the official results as reported by the Brazilian government, specifically the Superior Electoral Court (Tribunal Superior Eleitoral, TSE) (e.g., https://dadosabertos.tse.jus.br/).",,,2026-10-04T00:00:00Z,true,false,,false,true,"[""Yes"",""No""]","[""93998891488819623915454849994768171534113749478841216025646247933473925258016"",""7565921021555775006041943394390068423142281108752994121417017072842379450830""]","{""Yes"":""93998891488819623915454849994768171534113749478841216025646247933473925258016"",""No"":""7565921021555775006041943394390068423142281108752994121417017072842379450830""}",93998891488819623915454849994768171534113749478841216025646247933473925258016,7565921021555775006041943394390068423142281108752994121417017072842379450830,7493074.81427594,254333.25775,https://polymarket.com/event/will-renan-santos-win-the-2026-brazilian-presidential-election,VERIFIED_READY,2026-06-25T20:28:06+00:00,"[{""score"":1.2783,""id"":""601825"",""slug"":""will-renan-santos-win-the-2026-brazilian-presidential-election"",""question"":""Will Renan Santos win the 2026 Brazilian presidential election?"",""event_title"":""Brazil Presidential Election"",""endDate"":""2026-10-04T00:00:00Z"",""volume"":""7493074.81427594"",""source"":""events_slug_path"",""active"":true,""closed"":false},{""score"":1.1652,""id"":""601827"",""slug"":""will-ronaldo-caiado-win-the-2026-brazilian-presidential-election"",""question"":""Will Ronaldo Caiado win the 2026 Brazilian presidential election?"",""event_title"":""Brazil Presidential Election"",""endDate"":""2026-10-04T00:00:00Z"",""volume"":""4400242.24151301"",""source"":""events_slug_path"",""active"":true,""closed"":false},{""score"":1.1652,""id"":""601829"",""slug"":""will-camilo-santana-win-the-2026-brazilian-presidential-election"",""question"":""Will Camilo Santana win the 2026 Brazilian presidential election?"",""event_title"":""Brazil Presidential Election"",""endDate"":""2026-10-04T00:00:00Z"",""volume"":""3518516.078860994"",""source"":""events_slug_path"",""active"":true,""closed"":false},{""score"":1.1612,""id"":""601821"",""slug"":""will-fernando-haddad-win-the-2026-brazilian-presidential-election"",""question"":""Will Fernando Haddad win the 2026 Brazilian presidential election?"",""event_title"":""Brazil Presidential Election"",""endDate"":""2026-10-04T00:00:00Z"",""volume"":""5945935.761019938"",""source"":""events_slug_path"",""active"":true,""closed"":false},{""score"":1.1512,""id"":""601828"",""slug"":""will-romeu-zema-win-the-2026-brazilian-presidential-election"",""question"":""Will Romeu Zema win the 2026 Brazilian presidential election?"",""event_title"":""Brazil Presidential Election"",""endDate"":""2026-10-04T00:00:00Z"",""volume"":""3935366.326907992"",""source"":""events_slug_path"",""active"":true,""closed"":false}]",AUTO_ACCEPTED: accepted rank=1 score=1.2783 top=1.2783 second=1.1652; score/margin guardrails disabled,,Renan Santos,,KEPT
79,RSO-0079,25,Brazil Presidential Election,Brazil Presidential Election — Michelle Bolsonaro,Will Michelle Bolsonaro win the 2026 Brazilian presidential election?,Will Michelle Bolsonaro win the Brazil Presidential Election?,Brazil,brazil_presidential,presidential_two_round,brazil_president_winner_2026,tracked,brazil_core,multi_outcome_contract,4,Michelle Bolsonaro,will-michelle-bolsonaro-win-the-2026-brazilian-presidential-election,will-michelle-bolsonaro-win-the-brazil-presidential-election,brazil-presidential-election,Core Brazil presidential winner market; high-volume global election sample.,needs_slug_clob_verification,appears_strong_from_paste,appears_clear_from_paste,Visible candidate outcomes from pasted market. Add Other later only if resolver finds token.,601822,45915,0x37ec4c6b57a18b16eed1241f6155ee7ff45bc1697d7848f15ac33d406e38ed00,"A presidential election is scheduled to take place in Brazil on October 4, 2026.

This market will resolve according to the listed candidate that wins this election.

This market includes any potential second round. If the result of this election isn't known by June 30, 2027, 11:59 PM ET, the market will resolve to ""Other"".

This market will resolve based on the result of the election as indicated by a consensus of credible reporting. If there is ambiguity, this market will resolve based solely on the official results as reported by the Brazilian government, specifically the Superior Electoral Court (Tribunal Superior Eleitoral, TSE) (e.g., https://dadosabertos.tse.jus.br/).",,,2026-10-04T00:00:00Z,true,false,,false,true,"[""Yes"",""No""]","[""91154058715822908897619103072380844452822017332608583147987152526225529443892"",""16879668974983992641795221456967869661599530861479349066809692639705609051027""]","{""Yes"":""91154058715822908897619103072380844452822017332608583147987152526225529443892"",""No"":""16879668974983992641795221456967869661599530861479349066809692639705609051027""}",91154058715822908897619103072380844452822017332608583147987152526225529443892,16879668974983992641795221456967869661599530861479349066809692639705609051027,8229211.755296731,227038.34527,https://polymarket.com/event/will-michelle-bolsonaro-win-the-2026-brazilian-presidential-election,VERIFIED_READY,2026-06-25T20:28:09+00:00,"[{""score"":1.2774,""id"":""601822"",""slug"":""will-michelle-bolsonaro-win-the-2026-brazilian-presidential-election"",""question"":""Will Michelle Bolsonaro win the 2026 Brazilian presidential election?"",""event_title"":""Brazil Presidential Election"",""endDate"":""2026-10-04T00:00:00Z"",""volume"":""8229211.755296731"",""source"":""events_slug_path"",""active"":true,""closed"":false},{""score"":1.2069,""id"":""601820"",""slug"":""will-jair-bolsonaro-win-the-2026-brazilian-presidential-election"",""question"":""Will Jair Bolsonaro win the 2026 Brazilian presidential election?"",""event_title"":""Brazil Presidential Election"",""endDate"":""2026-10-04T00:00:00Z"",""volume"":""4717522.047130883"",""source"":""events_slug_path"",""active"":true,""closed"":false},{""score"":1.2003,""id"":""601826"",""slug"":""will-flvio-bolsonaro-win-the-2026-brazilian-presidential-election"",""question"":""Will Flávio Bolsonaro win the 2026 Brazilian presidential election?"",""event_title"":""Brazil Presidential Election"",""endDate"":""2026-10-04T00:00:00Z"",""volume"":""7044031.335631018"",""source"":""events_slug_path"",""active"":true,""closed"":false},{""score"":1.1952,""id"":""601823"",""slug"":""will-eduardo-bolsonaro-win-the-2026-brazilian-presidential-election"",""question"":""Will Eduardo Bolsonaro win the 2026 Brazilian presidential election?"",""event_title"":""Brazil Presidential Election"",""endDate"":""2026-10-04T00:00:00Z"",""volume"":""9858723.134771282"",""source"":""events_slug_path"",""active"":true,""closed"":false},{""score"":1.1619,""id"":""601834"",""slug"":""will-helder-barbalho-win-the-2026-brazilian-presidential-election"",""question"":""Will Helder Barbalho win the 2026 Brazilian presidential election?"",""event_title"":""Brazil Presidential Election"",""endDate"":""2026-10-04T00:00:00Z"",""volume"":""2028242.8507640255"",""source"":""events_slug_path"",""active"":true,""closed"":false}]",AUTO_ACCEPTED: accepted rank=1 score=1.2774 top=1.2774 second=1.2069; score/margin guardrails disabled,,Michelle Bolsonaro,,KEPT
80,RSO-0080,25,Brazil Presidential Election,Brazil Presidential Election — Ronaldo Caiado,Will Ronaldo Caiado win the 2026 Brazilian presidential election?,Will Ronaldo Caiado win the Brazil Presidential Election?,Brazil,brazil_presidential,presidential_two_round,brazil_president_winner_2026,tracked,brazil_core,multi_outcome_contract,5,Ronaldo Caiado,will-ronaldo-caiado-win-the-2026-brazilian-presidential-election,will-ronaldo-caiado-win-the-brazil-presidential-election,brazil-presidential-election,Core Brazil presidential winner market; high-volume global election sample.,needs_slug_clob_verification,appears_strong_from_paste,appears_clear_from_paste,Visible candidate outcomes from pasted market. Add Other later only if resolver finds token.,601827,45915,0xbca3d70ec52a5a441ccc365a3b1b48b9cd0f08dfff4bc5871e2cd92d0d92caa1,"A presidential election is scheduled to take place in Brazil on October 4, 2026.

This market will resolve according to the listed candidate that wins this election.

This market includes any potential second round. If the result of this election isn't known by June 30, 2027, 11:59 PM ET, the market will resolve to ""Other"".

This market will resolve based on the result of the election as indicated by a consensus of credible reporting. If there is ambiguity, this market will resolve based solely on the official results as reported by the Brazilian government, specifically the Superior Electoral Court (Tribunal Superior Eleitoral, TSE) (e.g., https://dadosabertos.tse.jus.br/).",,,2026-10-04T00:00:00Z,true,false,,false,true,"[""Yes"",""No""]","[""36262307788727352725358528951052957737657822670589615830114396216160368496388"",""46647902352070183258066763519254338558701019805822306126128459427684955493048""]","{""Yes"":""36262307788727352725358528951052957737657822670589615830114396216160368496388"",""No"":""46647902352070183258066763519254338558701019805822306126128459427684955493048""}",36262307788727352725358528951052957737657822670589615830114396216160368496388,46647902352070183258066763519254338558701019805822306126128459427684955493048,4400242.24151301,310475.86475,https://polymarket.com/event/will-ronaldo-caiado-win-the-2026-brazilian-presidential-election,VERIFIED_READY,2026-06-25T20:28:11+00:00,"[{""score"":1.278,""id"":""601827"",""slug"":""will-ronaldo-caiado-win-the-2026-brazilian-presidential-election"",""question"":""Will Ronaldo Caiado win the 2026 Brazilian presidential election?"",""event_title"":""Brazil Presidential Election"",""endDate"":""2026-10-04T00:00:00Z"",""volume"":""4400242.24151301"",""source"":""events_slug_path"",""active"":true,""closed"":false},{""score"":1.171,""id"":""601821"",""slug"":""will-fernando-haddad-win-the-2026-brazilian-presidential-election"",""question"":""Will Fernando Haddad win the 2026 Brazilian presidential election?"",""event_title"":""Brazil Presidential Election"",""endDate"":""2026-10-04T00:00:00Z"",""volume"":""5945935.761019938"",""source"":""events_slug_path"",""active"":true,""closed"":false},{""score"":1.171,""id"":""601830"",""slug"":""will-geraldo-alckmin-win-the-2026-brazilian-presidential-election"",""question"":""Will Geraldo Alckmin win the 2026 Brazilian presidential election?"",""event_title"":""Brazil Presidential Election"",""endDate"":""2026-10-04T00:00:00Z"",""volume"":""4147992.7424749755"",""source"":""events_slug_path"",""active"":true,""closed"":false},{""score"":1.1676,""id"":""601832"",""slug"":""will-aldo-rebelo-win-the-2026-brazilian-presidential-election"",""question"":""Will Aldo Rebelo win the 2026 Brazilian presidential election?"",""event_title"":""Brazil Presidential Election"",""endDate"":""2026-10-04T00:00:00Z"",""volume"":""4616220.539042799"",""source"":""events_slug_path"",""active"":true,""closed"":false},{""score"":1.1498,""id"":""601831"",""slug"":""will-eduardo-leite-win-the-2026-brazilian-presidential-election"",""question"":""Will Eduardo Leite win the 2026 Brazilian presidential election?"",""event_title"":""Brazil Presidential Election"",""endDate"":""2026-10-04T00:00:00Z"",""volume"":""7579111.492096782"",""source"":""events_slug_path"",""active"":true,""closed"":false}]",AUTO_ACCEPTED: accepted rank=1 score=1.2780 top=1.2780 second=1.1710; score/margin guardrails disabled,,Ronaldo Caiado,,KEPT
81,RSO-0081,25,Brazil Presidential Election,Brazil Presidential Election — Fernando Haddad,Will Fernando Haddad win the 2026 Brazilian presidential election?,Will Fernando Haddad win the Brazil Presidential Election?,Brazil,brazil_presidential,presidential_two_round,brazil_president_winner_2026,tracked,brazil_core,multi_outcome_contract,6,Fernando Haddad,will-fernando-haddad-win-the-2026-brazilian-presidential-election,will-fernando-haddad-win-the-brazil-presidential-election,brazil-presidential-election,Core Brazil presidential winner market; high-volume global election sample.,needs_slug_clob_verification,appears_strong_from_paste,appears_clear_from_paste,Visible candidate outcomes from pasted market. Add Other later only if resolver finds token.,601821,45915,0xdd3d104667774208eae2239f576122ecdd1c04ba81cc14d26d22a36b33887977,"A presidential election is scheduled to take place in Brazil on October 4, 2026.

This market will resolve according to the listed candidate that wins this election.

This market includes any potential second round. If the result of this election isn't known by June 30, 2027, 11:59 PM ET, the market will resolve to ""Other"".

This market will resolve based on the result of the election as indicated by a consensus of credible reporting. If there is ambiguity, this market will resolve based solely on the official results as reported by the Brazilian government, specifically the Superior Electoral Court (Tribunal Superior Eleitoral, TSE) (e.g., https://dadosabertos.tse.jus.br/).",,,2026-10-04T00:00:00Z,true,false,,false,true,"[""Yes"",""No""]","[""34763699632057764824138626876692302096202604335992573366008355204521657293675"",""44100414831057444580239592647354703752415482100034079696797886870617637485145""]","{""Yes"":""34763699632057764824138626876692302096202604335992573366008355204521657293675"",""No"":""44100414831057444580239592647354703752415482100034079696797886870617637485145""}",34763699632057764824138626876692302096202604335992573366008355204521657293675,44100414831057444580239592647354703752415482100034079696797886870617637485145,5945935.761019938,316441.67007,https://polymarket.com/event/will-fernando-haddad-win-the-2026-brazilian-presidential-election,VERIFIED_READY,2026-06-25T20:28:15+00:00,"[{""score"":1.2778,""id"":""601821"",""slug"":""will-fernando-haddad-win-the-2026-brazilian-presidential-election"",""question"":""Will Fernando Haddad win the 2026 Brazilian presidential election?"",""event_title"":""Brazil Presidential Election"",""endDate"":""2026-10-04T00:00:00Z"",""volume"":""5945935.761019938"",""source"":""events_slug_path"",""active"":true,""closed"":false},{""score"":1.1702,""id"":""601827"",""slug"":""will-ronaldo-caiado-win-the-2026-brazilian-presidential-election"",""question"":""Will Ronaldo Caiado win the 2026 Brazilian presidential election?"",""event_title"":""Brazil Presidential Election"",""endDate"":""2026-10-04T00:00:00Z"",""volume"":""4400242.24151301"",""source"":""events_slug_path"",""active"":true,""closed"":false},{""score"":1.1568,""id"":""601830"",""slug"":""will-geraldo-alckmin-win-the-2026-brazilian-presidential-election"",""question"":""Will Geraldo Alckmin win the 2026 Brazilian presidential election?"",""event_title"":""Brazil Presidential Election"",""endDate"":""2026-10-04T00:00:00Z"",""volume"":""4147992.7424749755"",""source"":""events_slug_path"",""active"":true,""closed"":false},{""score"":1.149,""id"":""601825"",""slug"":""will-renan-santos-win-the-2026-brazilian-presidential-election"",""question"":""Will Renan Santos win the 2026 Brazilian presidential election?"",""event_title"":""Brazil Presidential Election"",""endDate"":""2026-10-04T00:00:00Z"",""volume"":""7493074.81427594"",""source"":""events_slug_path"",""active"":true,""closed"":false},{""score"":1.1452,""id"":""601831"",""slug"":""will-eduardo-leite-win-the-2026-brazilian-presidential-election"",""question"":""Will Eduardo Leite win the 2026 Brazilian presidential election?"",""event_title"":""Brazil Presidential Election"",""endDate"":""2026-10-04T00:00:00Z"",""volume"":""7579111.492096782"",""source"":""events_slug_path"",""active"":true,""closed"":false}]",AUTO_ACCEPTED: accepted rank=1 score=1.2778 top=1.2778 second=1.1702; score/margin guardrails disabled,,Fernando Haddad,,KEPT
82,RSO-0082,25,Brazil Presidential Election,Brazil Presidential Election — Camilo Santana,Will Camilo Santana win the 2026 Brazilian presidential election?,Will Camilo Santana win the Brazil Presidential Election?,Brazil,brazil_presidential,presidential_two_round,brazil_president_winner_2026,tracked,brazil_core,multi_outcome_contract,7,Camilo Santana,will-camilo-santana-win-the-2026-brazilian-presidential-election,will-camilo-santana-win-the-brazil-presidential-election,brazil-presidential-election,Core Brazil presidential winner market; high-volume global election sample.,needs_slug_clob_verification,appears_strong_from_paste,appears_clear_from_paste,Visible candidate outcomes from pasted market. Add Other later only if resolver finds token.,601829,45915,0x101d084cd035070abde58d8a3113b78e11ba68028b0d9e7e38ea7d780797aecc,"A presidential election is scheduled to take place in Brazil on October 4, 2026.

This market will resolve according to the listed candidate that wins this election.

This market includes any potential second round. If the result of this election isn't known by June 30, 2027, 11:59 PM ET, the market will resolve to ""Other"".

This market will resolve based on the result of the election as indicated by a consensus of credible reporting. If there is ambiguity, this market will resolve based solely on the official results as reported by the Brazilian government, specifically the Superior Electoral Court (Tribunal Superior Eleitoral, TSE) (e.g., https://dadosabertos.tse.jus.br/).",,,2026-10-04T00:00:00Z,true,false,,false,true,"[""Yes"",""No""]","[""40200361970099951836914907993971598083846841136374094155950298822866778978473"",""19426561498944480100112574303715252854511498242084732425528134709477022078274""]","{""Yes"":""40200361970099951836914907993971598083846841136374094155950298822866778978473"",""No"":""19426561498944480100112574303715252854511498242084732425528134709477022078274""}",40200361970099951836914907993971598083846841136374094155950298822866778978473,19426561498944480100112574303715252854511498242084732425528134709477022078274,3518516.078860994,277232.27918,https://polymarket.com/event/will-camilo-santana-win-the-2026-brazilian-presidential-election,VERIFIED_READY,2026-06-25T20:28:17+00:00,"[{""score"":1.278,""id"":""601829"",""slug"":""will-camilo-santana-win-the-2026-brazilian-presidential-election"",""question"":""Will Camilo Santana win the 2026 Brazilian presidential election?"",""event_title"":""Brazil Presidential Election"",""endDate"":""2026-10-04T00:00:00Z"",""volume"":""3518516.078860994"",""source"":""events_slug_path"",""active"":true,""closed"":false},{""score"":1.1635,""id"":""601825"",""slug"":""will-renan-santos-win-the-2026-brazilian-presidential-election"",""question"":""Will Renan Santos win the 2026 Brazilian presidential election?"",""event_title"":""Brazil Presidential Election"",""endDate"":""2026-10-04T00:00:00Z"",""volume"":""7493074.81427594"",""source"":""events_slug_path"",""active"":true,""closed"":false},{""score"":1.1557,""id"":""601820"",""slug"":""will-jair-bolsonaro-win-the-2026-brazilian-presidential-election"",""question"":""Will Jair Bolsonaro win the 2026 Brazilian presidential election?"",""event_title"":""Brazil Presidential Election"",""endDate"":""2026-10-04T00:00:00Z"",""volume"":""4717522.047130883"",""source"":""events_slug_path"",""active"":true,""closed"":false},{""score"":1.1518,""id"":""601833"",""slug"":""will-tereza-cristina-win-the-2026-brazilian-presidential-election"",""question"":""Will Tereza Cristina win the 2026 Brazilian presidential election?"",""event_title"":""Brazil Presidential Election"",""endDate"":""2026-10-04T00:00:00Z"",""volume"":""2254313.8318660012"",""source"":""events_slug_path"",""active"":true,""closed"":false},{""score"":1.1501,""id"":""601822"",""slug"":""will-michelle-bolsonaro-win-the-2026-brazilian-presidential-election"",""question"":""Will Michelle Bolsonaro win the 2026 Brazilian presidential election?"",""event_title"":""Brazil Presidential Election"",""endDate"":""2026-10-04T00:00:00Z"",""volume"":""8229211.755296731"",""source"":""events_slug_path"",""active"":true,""closed"":false}]",AUTO_ACCEPTED: accepted rank=1 score=1.2780 top=1.2780 second=1.1635; score/margin guardrails disabled,,Camilo Santana,,KEPT
83,RSO-0083,25,Brazil Presidential Election,Brazil Presidential Election — Romeu Zema,Will Romeu Zema win the 2026 Brazilian presidential election?,Will Romeu Zema win the Brazil Presidential Election?,Brazil,brazil_presidential,presidential_two_round,brazil_president_winner_2026,tracked,brazil_core,multi_outcome_contract,8,Romeu Zema,will-romeu-zema-win-the-2026-brazilian-presidential-election,will-romeu-zema-win-the-brazil-presidential-election,brazil-presidential-election,Core Brazil presidential winner market; high-volume global election sample.,needs_slug_clob_verification,appears_strong_from_paste,appears_clear_from_paste,Visible candidate outcomes from pasted market. Add Other later only if resolver finds token.,601828,45915,0x054725b2a7971376f7924a7021221b12acc50fe78d97817824fe411704d5b5a2,"A presidential election is scheduled to take place in Brazil on October 4, 2026.

This market will resolve according to the listed candidate that wins this election.

This market includes any potential second round. If the result of this election isn't known by June 30, 2027, 11:59 PM ET, the market will resolve to ""Other"".

This market will resolve based on the result of the election as indicated by a consensus of credible reporting. If there is ambiguity, this market will resolve based solely on the official results as reported by the Brazilian government, specifically the Superior Electoral Court (Tribunal Superior Eleitoral, TSE) (e.g., https://dadosabertos.tse.jus.br/).",,,2026-10-04T00:00:00Z,true,false,,false,true,"[""Yes"",""No""]","[""44340846524235712899508083510503343345123518718867913608211694999290628967401"",""38633448065261608755072088507033278254893488240734399014852176650195563610767""]","{""Yes"":""44340846524235712899508083510503343345123518718867913608211694999290628967401"",""No"":""38633448065261608755072088507033278254893488240734399014852176650195563610767""}",44340846524235712899508083510503343345123518718867913608211694999290628967401,38633448065261608755072088507033278254893488240734399014852176650195563610767,3935366.326907992,282658.18361,https://polymarket.com/event/will-romeu-zema-win-the-2026-brazilian-presidential-election,VERIFIED_READY,2026-06-25T20:28:20+00:00,"[{""score"":1.2786,""id"":""601828"",""slug"":""will-romeu-zema-win-the-2026-brazilian-presidential-election"",""question"":""Will Romeu Zema win the 2026 Brazilian presidential election?"",""event_title"":""Brazil Presidential Election"",""endDate"":""2026-10-04T00:00:00Z"",""volume"":""3935366.326907992"",""source"":""events_slug_path"",""active"":true,""closed"":false},{""score"":1.159,""id"":""601831"",""slug"":""will-eduardo-leite-win-the-2026-brazilian-presidential-election"",""question"":""Will Eduardo Leite win the 2026 Brazilian presidential election?"",""event_title"":""Brazil Presidential Election"",""endDate"":""2026-10-04T00:00:00Z"",""volume"":""7579111.492096782"",""source"":""events_slug_path"",""active"":true,""closed"":false},{""score"":1.1552,""id"":""601818"",""slug"":""will-tarcisio-de-frietas-win-the-2026-brazilian-presidential-election"",""question"":""Will Tarcisio de Freitas win the 2026 Brazilian presidential election?"",""event_title"":""Brazil Presidential Election"",""endDate"":""2026-10-04T00:00:00Z"",""volume"":""13025540.82029581"",""source"":""events_slug_path"",""active"":true,""closed"":false},{""score"":1.155,""id"":""601827"",""slug"":""will-ronaldo-caiado-win-the-2026-brazilian-presidential-election"",""question"":""Will Ronaldo Caiado win the 2026 Brazilian presidential election?"",""event_title"":""Brazil Presidential Election"",""endDate"":""2026-10-04T00:00:00Z"",""volume"":""4400242.24151301"",""source"":""events_slug_path"",""active"":true,""closed"":false},{""score"":1.1511,""id"":""601821"",""slug"":""will-fernando-haddad-win-the-2026-brazilian-presidential-election"",""question"":""Will Fernando Haddad win the 2026 Brazilian presidential election?"",""event_title"":""Brazil Presidential Election"",""endDate"":""2026-10-04T00:00:00Z"",""volume"":""5945935.761019938"",""source"":""events_slug_path"",""active"":true,""closed"":false}]",AUTO_ACCEPTED: accepted rank=1 score=1.2786 top=1.2786 second=1.1590; score/margin guardrails disabled,,Romeu Zema,,KEPT
84,RSO-0084,25,Brazil Presidential Election,Brazil Presidential Election — Jair Bolsonaro,Will Jair Bolsonaro win the 2026 Brazilian presidential election?,Will Jair Bolsonaro win the Brazil Presidential Election?,Brazil,brazil_presidential,presidential_two_round,brazil_president_winner_2026,tracked,brazil_core,multi_outcome_contract,9,Jair Bolsonaro,will-jair-bolsonaro-win-the-2026-brazilian-presidential-election,will-jair-bolsonaro-win-the-brazil-presidential-election,brazil-presidential-election,Core Brazil presidential winner market; high-volume global election sample.,needs_slug_clob_verification,appears_strong_from_paste,appears_clear_from_paste,Visible candidate outcomes from pasted market. Add Other later only if resolver finds token.,601820,45915,0x63d8f3a34c90bd5342dda8acf62b6a898dfa52f86475efaf180b66493ef6af80,"A presidential election is scheduled to take place in Brazil on October 4, 2026.

This market will resolve according to the listed candidate that wins this election.

This market includes any potential second round. If the result of this election isn't known by June 30, 2027, 11:59 PM ET, the market will resolve to ""Other"".

This market will resolve based on the result of the election as indicated by a consensus of credible reporting. If there is ambiguity, this market will resolve based solely on the official results as reported by the Brazilian government, specifically the Superior Electoral Court (Tribunal Superior Eleitoral, TSE) (e.g., https://dadosabertos.tse.jus.br/).",,,2026-10-04T00:00:00Z,true,false,,false,true,"[""Yes"",""No""]","[""66991175107696133528353695394151645462081911990365106169948013117379189357520"",""106199154714545451005463800266480893448383896699905306895283360115694583822185""]","{""Yes"":""66991175107696133528353695394151645462081911990365106169948013117379189357520"",""No"":""106199154714545451005463800266480893448383896699905306895283360115694583822185""}",66991175107696133528353695394151645462081911990365106169948013117379189357520,106199154714545451005463800266480893448383896699905306895283360115694583822185,4717522.047130883,379883.98846,https://polymarket.com/event/will-jair-bolsonaro-win-the-2026-brazilian-presidential-election,VERIFIED_READY,2026-06-25T20:28:23+00:00,"[{""score"":1.278,""id"":""601820"",""slug"":""will-jair-bolsonaro-win-the-2026-brazilian-presidential-election"",""question"":""Will Jair Bolsonaro win the 2026 Brazilian presidential election?"",""event_title"":""Brazil Presidential Election"",""endDate"":""2026-10-04T00:00:00Z"",""volume"":""4717522.047130883"",""source"":""events_slug_path"",""active"":true,""closed"":false},{""score"":1.2234,""id"":""601823"",""slug"":""will-eduardo-bolsonaro-win-the-2026-brazilian-presidential-election"",""question"":""Will Eduardo Bolsonaro win the 2026 Brazilian presidential election?"",""event_title"":""Brazil Presidential Election"",""endDate"":""2026-10-04T00:00:00Z"",""volume"":""9858723.134771282"",""source"":""events_slug_path"",""active"":true,""closed"":false},{""score"":1.2194,""id"":""601826"",""slug"":""will-flvio-bolsonaro-win-the-2026-brazilian-presidential-election"",""question"":""Will Flávio Bolsonaro win the 2026 Brazilian presidential election?"",""event_title"":""Brazil Presidential Election"",""endDate"":""2026-10-04T00:00:00Z"",""volume"":""7044031.335631018"",""source"":""events_slug_path"",""active"":true,""closed"":false},{""score"":1.21,""id"":""601822"",""slug"":""will-michelle-bolsonaro-win-the-2026-brazilian-presidential-election"",""question"":""Will Michelle Bolsonaro win the 2026 Brazilian presidential election?"",""event_title"":""Brazil Presidential Election"",""endDate"":""2026-10-04T00:00:00Z"",""volume"":""8229211.755296731"",""source"":""events_slug_path"",""active"":true,""closed"":false},{""score"":1.1576,""id"":""601832"",""slug"":""will-aldo-rebelo-win-the-2026-brazilian-presidential-election"",""question"":""Will Aldo Rebelo win the 2026 Brazilian presidential election?"",""event_title"":""Brazil Presidential Election"",""endDate"":""2026-10-04T00:00:00Z"",""volume"":""4616220.539042799"",""source"":""events_slug_path"",""active"":true,""closed"":false}]",AUTO_ACCEPTED: accepted rank=1 score=1.2780 top=1.2780 second=1.2234; score/margin guardrails disabled,,Jair Bolsonaro,,KEPT
85,RSO-0085,25,Brazil Presidential Election,Brazil Presidential Election — Geraldo Alckmin,Will Geraldo Alckmin win the 2026 Brazilian presidential election?,Will Geraldo Alckmin win the Brazil Presidential Election?,Brazil,brazil_presidential,presidential_two_round,brazil_president_winner_2026,tracked,brazil_core,multi_outcome_contract,10,Geraldo Alckmin,will-geraldo-alckmin-win-the-2026-brazilian-presidential-election,will-geraldo-alckmin-win-the-brazil-presidential-election,brazil-presidential-election,Core Brazil presidential winner market; high-volume global election sample.,needs_slug_clob_verification,appears_strong_from_paste,appears_clear_from_paste,Visible candidate outcomes from pasted market. Add Other later only if resolver finds token.,601830,45915,0xd0536d9612e041312235baceac52bde48821e8aad4607533513b3782904b7d49,"A presidential election is scheduled to take place in Brazil on October 4, 2026.

This market will resolve according to the listed candidate that wins this election.

This market includes any potential second round. If the result of this election isn't known by June 30, 2027, 11:59 PM ET, the market will resolve to ""Other"".

This market will resolve based on the result of the election as indicated by a consensus of credible reporting. If there is ambiguity, this market will resolve based solely on the official results as reported by the Brazilian government, specifically the Superior Electoral Court (Tribunal Superior Eleitoral, TSE) (e.g., https://dadosabertos.tse.jus.br/).",,,2026-10-04T00:00:00Z,true,false,,false,true,"[""Yes"",""No""]","[""70059117674007036240163073645113489994895807359788046023215512784288966325609"",""36365720386664227244786004973842669393494622748773462921946756661027332562108""]","{""Yes"":""70059117674007036240163073645113489994895807359788046023215512784288966325609"",""No"":""36365720386664227244786004973842669393494622748773462921946756661027332562108""}",70059117674007036240163073645113489994895807359788046023215512784288966325609,36365720386664227244786004973842669393494622748773462921946756661027332562108,4147992.7424749755,200091.81199,https://polymarket.com/event/will-geraldo-alckmin-win-the-2026-brazilian-presidential-election,VERIFIED_READY,2026-06-25T20:28:26+00:00,"[{""score"":1.2778,""id"":""601830"",""slug"":""will-geraldo-alckmin-win-the-2026-brazilian-presidential-election"",""question"":""Will Geraldo Alckmin win the 2026 Brazilian presidential election?"",""event_title"":""Brazil Presidential Election"",""endDate"":""2026-10-04T00:00:00Z"",""volume"":""4147992.7424749755"",""source"":""events_slug_path"",""active"":true,""closed"":false},{""score"":1.1702,""id"":""601827"",""slug"":""will-ronaldo-caiado-win-the-2026-brazilian-presidential-election"",""question"":""Will Ronaldo Caiado win the 2026 Brazilian presidential election?"",""event_title"":""Brazil Presidential Election"",""endDate"":""2026-10-04T00:00:00Z"",""volume"":""4400242.24151301"",""source"":""events_slug_path"",""active"":true,""closed"":false},{""score"":1.1645,""id"":""601831"",""slug"":""will-eduardo-leite-win-the-2026-brazilian-presidential-election"",""question"":""Will Eduardo Leite win the 2026 Brazilian presidential election?"",""event_title"":""Brazil Presidential Election"",""endDate"":""2026-10-04T00:00:00Z"",""volume"":""7579111.492096782"",""source"":""events_slug_path"",""active"":true,""closed"":false},{""score"":1.1627,""id"":""601832"",""slug"":""will-aldo-rebelo-win-the-2026-brazilian-presidential-election"",""question"":""Will Aldo Rebelo win the 2026 Brazilian presidential election?"",""event_title"":""Brazil Presidential Election"",""endDate"":""2026-10-04T00:00:00Z"",""volume"":""4616220.539042799"",""source"":""events_slug_path"",""active"":true,""closed"":false},{""score"":1.1568,""id"":""601821"",""slug"":""will-fernando-haddad-win-the-2026-brazilian-presidential-election"",""question"":""Will Fernando Haddad win the 2026 Brazilian presidential election?"",""event_title"":""Brazil Presidential Election"",""endDate"":""2026-10-04T00:00:00Z"",""volume"":""5945935.761019938"",""source"":""events_slug_path"",""active"":true,""closed"":false}]",AUTO_ACCEPTED: accepted rank=1 score=1.2778 top=1.2778 second=1.1702; score/margin guardrails disabled,,Geraldo Alckmin,,KEPT
86,RSO-0086,25,Brazil Presidential Election,Brazil Presidential Election — Tereza Cristina,Will Tereza Cristina win the 2026 Brazilian presidential election?,Will Tereza Cristina win the Brazil Presidential Election?,Brazil,brazil_presidential,presidential_two_round,brazil_president_winner_2026,tracked,brazil_core,multi_outcome_contract,11,Tereza Cristina,will-tereza-cristina-win-the-2026-brazilian-presidential-election,will-tereza-cristina-win-the-brazil-presidential-election,brazil-presidential-election,Core Brazil presidential winner market; high-volume global election sample.,needs_slug_clob_verification,appears_strong_from_paste,appears_clear_from_paste,Visible candidate outcomes from pasted market. Add Other later only if resolver finds token.,601833,45915,0xae7dd99bf126b033b77af2553a98b97e1190fd7bdddd5a792ca2791ae23e4d13,"A presidential election is scheduled to take place in Brazil on October 4, 2026.

This market will resolve according to the listed candidate that wins this election.

This market includes any potential second round. If the result of this election isn't known by June 30, 2027, 11:59 PM ET, the market will resolve to ""Other"".

This market will resolve based on the result of the election as indicated by a consensus of credible reporting. If there is ambiguity, this market will resolve based solely on the official results as reported by the Brazilian government, specifically the Superior Electoral Court (Tribunal Superior Eleitoral, TSE) (e.g., https://dadosabertos.tse.jus.br/).",,,2026-10-04T00:00:00Z,true,false,,false,true,"[""Yes"",""No""]","[""111901744542692526827481385722975834672043376661227579870355575009066606657994"",""64982418802960410634417234400461483693795282592809889685102027864089780598249""]","{""Yes"":""111901744542692526827481385722975834672043376661227579870355575009066606657994"",""No"":""64982418802960410634417234400461483693795282592809889685102027864089780598249""}",111901744542692526827481385722975834672043376661227579870355575009066606657994,64982418802960410634417234400461483693795282592809889685102027864089780598249,2254313.8318660012,273190.76662,https://polymarket.com/event/will-tereza-cristina-win-the-2026-brazilian-presidential-election,VERIFIED_READY,2026-06-25T20:28:29+00:00,"[{""score"":1.2778,""id"":""601833"",""slug"":""will-tereza-cristina-win-the-2026-brazilian-presidential-election"",""question"":""Will Tereza Cristina win the 2026 Brazilian presidential election?"",""event_title"":""Brazil Presidential Election"",""endDate"":""2026-10-04T00:00:00Z"",""volume"":""2254313.8318660012"",""source"":""events_slug_path"",""active"":true,""closed"":false},{""score"":1.1568,""id"":""601830"",""slug"":""will-geraldo-alckmin-win-the-2026-brazilian-presidential-election"",""question"":""Will Geraldo Alckmin win the 2026 Brazilian presidential election?"",""event_title"":""Brazil Presidential Election"",""endDate"":""2026-10-04T00:00:00Z"",""volume"":""4147992.7424749755"",""source"":""events_slug_path"",""active"":true,""closed"":false},{""score"":1.151,""id"":""601827"",""slug"":""will-ronaldo-caiado-win-the-2026-brazilian-presidential-election"",""question"":""Will Ronaldo Caiado win the 2026 Brazilian presidential election?"",""event_title"":""Brazil Presidential Election"",""endDate"":""2026-10-04T00:00:00Z"",""volume"":""4400242.24151301"",""source"":""events_slug_path"",""active"":true,""closed"":false},{""score"":1.1415,""id"":""601820"",""slug"":""will-jair-bolsonaro-win-the-2026-brazilian-presidential-election"",""question"":""Will Jair Bolsonaro win the 2026 Brazilian presidential election?"",""event_title"":""Brazil Presidential Election"",""endDate"":""2026-10-04T00:00:00Z"",""volume"":""4717522.047130883"",""source"":""events_slug_path"",""active"":true,""closed"":false},{""score"":1.1399,""id"":""601823"",""slug"":""will-eduardo-bolsonaro-win-the-2026-brazilian-presidential-election"",""question"":""Will Eduardo Bolsonaro win the 2026 Brazilian presidential election?"",""event_title"":""Brazil Presidential Election"",""endDate"":""2026-10-04T00:00:00Z"",""volume"":""9858723.134771282"",""source"":""events_slug_path"",""active"":true,""closed"":false}]",AUTO_ACCEPTED: accepted rank=1 score=1.2778 top=1.2778 second=1.1568; score/margin guardrails disabled,,Tereza Cristina,,KEPT
87,RSO-0087,25,Brazil Presidential Election,Brazil Presidential Election — Tarcisio de Freitas,Will Tarcisio de Freitas win the 2026 Brazilian presidential election?,Will Tarcisio de Freitas win the Brazil Presidential Election?,Brazil,brazil_presidential,presidential_two_round,brazil_president_winner_2026,tracked,brazil_core,multi_outcome_contract,12,Tarcisio de Freitas,will-tarcisio-de-frietas-win-the-2026-brazilian-presidential-election,will-tarcisio-de-freitas-win-the-brazil-presidential-election,brazil-presidential-election,Core Brazil presidential winner market; high-volume global election sample.,needs_slug_clob_verification,appears_strong_from_paste,appears_clear_from_paste,Visible candidate outcomes from pasted market. Add Other later only if resolver finds token.,601818,45915,0x81a537b379a35e4e17c286d3b37394e94bd74c1779bbe9a13670eb991b201a3a,"A presidential election is scheduled to take place in Brazil on October 4, 2026.

This market will resolve according to the listed candidate that wins this election.

This market includes any potential second round. If the result of this election isn't known by June 30, 2027, 11:59 PM ET, the market will resolve to ""Other"".

This market will resolve based on the result of the election as indicated by a consensus of credible reporting. If there is ambiguity, this market will resolve based solely on the official results as reported by the Brazilian government, specifically the Superior Electoral Court (Tribunal Superior Eleitoral, TSE) (e.g., https://dadosabertos.tse.jus.br/).",,,2026-10-04T00:00:00Z,true,false,,false,true,"[""Yes"",""No""]","[""52634616068523389389514492087655237014427439869589807217055529923225131895030"",""106302272146511626715366732538958019243031587527887799373406690681902311718700""]","{""Yes"":""52634616068523389389514492087655237014427439869589807217055529923225131895030"",""No"":""106302272146511626715366732538958019243031587527887799373406690681902311718700""}",52634616068523389389514492087655237014427439869589807217055529923225131895030,106302272146511626715366732538958019243031587527887799373406690681902311718700,13025540.82029581,512012.55641,https://polymarket.com/event/will-tarcisio-de-frietas-win-the-2026-brazilian-presidential-election,VERIFIED_READY,2026-06-25T20:28:31+00:00,"[{""score"":1.2745,""id"":""601818"",""slug"":""will-tarcisio-de-frietas-win-the-2026-brazilian-presidential-election"",""question"":""Will Tarcisio de Freitas win the 2026 Brazilian presidential election?"",""event_title"":""Brazil Presidential Election"",""endDate"":""2026-10-04T00:00:00Z"",""volume"":""13025540.82029581"",""source"":""events_slug_path"",""active"":true,""closed"":false},{""score"":1.1313,""id"":""601831"",""slug"":""will-eduardo-leite-win-the-2026-brazilian-presidential-election"",""question"":""Will Eduardo Leite win the 2026 Brazilian presidential election?"",""event_title"":""Brazil Presidential Election"",""endDate"":""2026-10-04T00:00:00Z"",""volume"":""7579111.492096782"",""source"":""events_slug_path"",""active"":true,""closed"":false},{""score"":1.124,""id"":""601833"",""slug"":""will-tereza-cristina-win-the-2026-brazilian-presidential-election"",""question"":""Will Tereza Cristina win the 2026 Brazilian presidential election?"",""event_title"":""Brazil Presidential Election"",""endDate"":""2026-10-04T00:00:00Z"",""volume"":""2254313.8318660012"",""source"":""events_slug_path"",""active"":true,""closed"":false},{""score"":1.1198,""id"":""601832"",""slug"":""will-aldo-rebelo-win-the-2026-brazilian-presidential-election"",""question"":""Will Aldo Rebelo win the 2026 Brazilian presidential election?"",""event_title"":""Brazil Presidential Election"",""endDate"":""2026-10-04T00:00:00Z"",""volume"":""4616220.539042799"",""source"":""events_slug_path"",""active"":true,""closed"":false},{""score"":1.1067,""id"":""601825"",""slug"":""will-renan-santos-win-the-2026-brazilian-presidential-election"",""question"":""Will Renan Santos win the 2026 Brazilian presidential election?"",""event_title"":""Brazil Presidential Election"",""endDate"":""2026-10-04T00:00:00Z"",""volume"":""7493074.81427594"",""source"":""events_slug_path"",""active"":true,""closed"":false}]",AUTO_ACCEPTED: accepted rank=1 score=1.2745 top=1.2745 second=1.1313; score/margin guardrails disabled,,Tarcisio de Freitas,,KEPT
88,RSO-0088,25,Brazil Presidential Election,Brazil Presidential Election — Eduardo Bolsonaro,Will Eduardo Bolsonaro win the 2026 Brazilian presidential election?,Will Eduardo Bolsonaro win the Brazil Presidential Election?,Brazil,brazil_presidential,presidential_two_round,brazil_president_winner_2026,tracked,brazil_core,multi_outcome_contract,13,Eduardo Bolsonaro,will-eduardo-bolsonaro-win-the-2026-brazilian-presidential-election,will-eduardo-bolsonaro-win-the-brazil-presidential-election,brazil-presidential-election,Core Brazil presidential winner market; high-volume global election sample.,needs_slug_clob_verification,appears_strong_from_paste,appears_clear_from_paste,Visible candidate outcomes from pasted market. Add Other later only if resolver finds token.,601823,45915,0xe1d5733322fd2215f136412f419d9ff805d097f78c68de3261515ff736895f2b,"A presidential election is scheduled to take place in Brazil on October 4, 2026.

This market will resolve according to the listed candidate that wins this election.

This market includes any potential second round. If the result of this election isn't known by June 30, 2027, 11:59 PM ET, the market will resolve to ""Other"".

This market will resolve based on the result of the election as indicated by a consensus of credible reporting. If there is ambiguity, this market will resolve based solely on the official results as reported by the Brazilian government, specifically the Superior Electoral Court (Tribunal Superior Eleitoral, TSE) (e.g., https://dadosabertos.tse.jus.br/).",,,2026-10-04T00:00:00Z,true,false,,false,true,"[""Yes"",""No""]","[""68827474128979817444758177181483142354604256745613325980470518365059439724226"",""74201542293075536162258436779948914914665324387949186755842303569200449516790""]","{""Yes"":""68827474128979817444758177181483142354604256745613325980470518365059439724226"",""No"":""74201542293075536162258436779948914914665324387949186755842303569200449516790""}",68827474128979817444758177181483142354604256745613325980470518365059439724226,74201542293075536162258436779948914914665324387949186755842303569200449516790,9858723.134771282,1241280.82163,https://polymarket.com/event/will-eduardo-bolsonaro-win-the-2026-brazilian-presidential-election,VERIFIED_READY,2026-06-25T20:28:34+00:00,"[{""score"":1.2775,""id"":""601823"",""slug"":""will-eduardo-bolsonaro-win-the-2026-brazilian-presidential-election"",""question"":""Will Eduardo Bolsonaro win the 2026 Brazilian presidential election?"",""event_title"":""Brazil Presidential Election"",""endDate"":""2026-10-04T00:00:00Z"",""volume"":""9858723.134771282"",""source"":""events_slug_path"",""active"":true,""closed"":false},{""score"":1.2211,""id"":""601820"",""slug"":""will-jair-bolsonaro-win-the-2026-brazilian-presidential-election"",""question"":""Will Jair Bolsonaro win the 2026 Brazilian presidential election?"",""event_title"":""Brazil Presidential Election"",""endDate"":""2026-10-04T00:00:00Z"",""volume"":""4717522.047130883"",""source"":""events_slug_path"",""active"":true,""closed"":false},{""score"":1.2049,""id"":""601826"",""slug"":""will-flvio-bolsonaro-win-the-2026-brazilian-presidential-election"",""question"":""Will Flávio Bolsonaro win the 2026 Brazilian presidential election?"",""event_title"":""Brazil Presidential Election"",""endDate"":""2026-10-04T00:00:00Z"",""volume"":""7044031.335631018"",""source"":""events_slug_path"",""active"":true,""closed"":false},{""score"":1.1968,""id"":""601831"",""slug"":""will-eduardo-leite-win-the-2026-brazilian-presidential-election"",""question"":""Will Eduardo Leite win the 2026 Brazilian presidential election?"",""event_title"":""Brazil Presidential Election"",""endDate"":""2026-10-04T00:00:00Z"",""volume"":""7579111.492096782"",""source"":""events_slug_path"",""active"":true,""closed"":false},{""score"":1.196,""id"":""601822"",""slug"":""will-michelle-bolsonaro-win-the-2026-brazilian-presidential-election"",""question"":""Will Michelle Bolsonaro win the 2026 Brazilian presidential election?"",""event_title"":""Brazil Presidential Election"",""endDate"":""2026-10-04T00:00:00Z"",""volume"":""8229211.755296731"",""source"":""events_slug_path"",""active"":true,""closed"":false}]",AUTO_ACCEPTED: accepted rank=1 score=1.2775 top=1.2775 second=1.2211; score/margin guardrails disabled,,Eduardo Bolsonaro,,KEPT
89,RSO-0089,25,Brazil Presidential Election,Brazil Presidential Election — Aldo Rebelo,Will Aldo Rebelo win the 2026 Brazilian presidential election?,Will Aldo Rebelo win the Brazil Presidential Election?,Brazil,brazil_presidential,presidential_two_round,brazil_president_winner_2026,tracked,brazil_core,multi_outcome_contract,14,Aldo Rebelo,will-aldo-rebelo-win-the-2026-brazilian-presidential-election,will-aldo-rebelo-win-the-brazil-presidential-election,brazil-presidential-election,Core Brazil presidential winner market; high-volume global election sample.,needs_slug_clob_verification,appears_strong_from_paste,appears_clear_from_paste,Visible candidate outcomes from pasted market. Add Other later only if resolver finds token.,601832,45915,0xafd3f96b7b6084509e625270538ff0699003fafc042263c1216e7f084cef753a,"A presidential election is scheduled to take place in Brazil on October 4, 2026.

This market will resolve according to the listed candidate that wins this election.

This market includes any potential second round. If the result of this election isn't known by June 30, 2027, 11:59 PM ET, the market will resolve to ""Other"".

This market will resolve based on the result of the election as indicated by a consensus of credible reporting. If there is ambiguity, this market will resolve based solely on the official results as reported by the Brazilian government, specifically the Superior Electoral Court (Tribunal Superior Eleitoral, TSE) (e.g., https://dadosabertos.tse.jus.br/).",,,2026-10-04T00:00:00Z,true,false,,false,true,"[""Yes"",""No""]","[""18874063891853426715155938679650704186206312307574669405399400920527965569290"",""95597933525611824079013318290908306632452395554424249697047125393686147365868""]","{""Yes"":""18874063891853426715155938679650704186206312307574669405399400920527965569290"",""No"":""95597933525611824079013318290908306632452395554424249697047125393686147365868""}",18874063891853426715155938679650704186206312307574669405399400920527965569290,95597933525611824079013318290908306632452395554424249697047125393686147365868,4616220.539042799,1342772.35842,https://polymarket.com/event/will-aldo-rebelo-win-the-2026-brazilian-presidential-election,VERIFIED_READY,2026-06-25T20:28:37+00:00,"[{""score"":1.2784,""id"":""601832"",""slug"":""will-aldo-rebelo-win-the-2026-brazilian-presidential-election"",""question"":""Will Aldo Rebelo win the 2026 Brazilian presidential election?"",""event_title"":""Brazil Presidential Election"",""endDate"":""2026-10-04T00:00:00Z"",""volume"":""4616220.539042799"",""source"":""events_slug_path"",""active"":true,""closed"":false},{""score"":1.1741,""id"":""601831"",""slug"":""will-eduardo-leite-win-the-2026-brazilian-presidential-election"",""question"":""Will Eduardo Leite win the 2026 Brazilian presidential election?"",""event_title"":""Brazil Presidential Election"",""endDate"":""2026-10-04T00:00:00Z"",""volume"":""7579111.492096782"",""source"":""events_slug_path"",""active"":true,""closed"":false},{""score"":1.17,""id"":""601827"",""slug"":""will-ronaldo-caiado-win-the-2026-brazilian-presidential-election"",""question"":""Will Ronaldo Caiado win the 2026 Brazilian presidential election?"",""event_title"":""Brazil Presidential Election"",""endDate"":""2026-10-04T00:00:00Z"",""volume"":""4400242.24151301"",""source"":""events_slug_path"",""active"":true,""closed"":false},{""score"":1.166,""id"":""601830"",""slug"":""will-geraldo-alckmin-win-the-2026-brazilian-presidential-election"",""question"":""Will Geraldo Alckmin win the 2026 Brazilian presidential election?"",""event_title"":""Brazil Presidential Election"",""endDate"":""2026-10-04T00:00:00Z"",""volume"":""4147992.7424749755"",""source"":""events_slug_path"",""active"":true,""closed"":false},{""score"":1.1601,""id"":""601820"",""slug"":""will-jair-bolsonaro-win-the-2026-brazilian-presidential-election"",""question"":""Will Jair Bolsonaro win the 2026 Brazilian presidential election?"",""event_title"":""Brazil Presidential Election"",""endDate"":""2026-10-04T00:00:00Z"",""volume"":""4717522.047130883"",""source"":""events_slug_path"",""active"":true,""closed"":false}]",AUTO_ACCEPTED: accepted rank=1 score=1.2784 top=1.2784 second=1.1741; score/margin guardrails disabled,,Aldo Rebelo,,KEPT
90,RSO-0090,25,Brazil Presidential Election,Brazil Presidential Election — Helder Barbalho,Will Helder Barbalho win the 2026 Brazilian presidential election?,Will Helder Barbalho win the Brazil Presidential Election?,Brazil,brazil_presidential,presidential_two_round,brazil_president_winner_2026,tracked,brazil_core,multi_outcome_contract,15,Helder Barbalho,will-helder-barbalho-win-the-2026-brazilian-presidential-election,will-helder-barbalho-win-the-brazil-presidential-election,brazil-presidential-election,Core Brazil presidential winner market; high-volume global election sample.,needs_slug_clob_verification,appears_strong_from_paste,appears_clear_from_paste,Visible candidate outcomes from pasted market. Add Other later only if resolver finds token.,601834,45915,0x919c9bc428d2d19400437852066582b11bb7b00ad78529a0069cde76766b9faf,"A presidential election is scheduled to take place in Brazil on October 4, 2026.

This market will resolve according to the listed candidate that wins this election.

This market includes any potential second round. If the result of this election isn't known by June 30, 2027, 11:59 PM ET, the market will resolve to ""Other"".

This market will resolve based on the result of the election as indicated by a consensus of credible reporting. If there is ambiguity, this market will resolve based solely on the official results as reported by the Brazilian government, specifically the Superior Electoral Court (Tribunal Superior Eleitoral, TSE) (e.g., https://dadosabertos.tse.jus.br/).",,,2026-10-04T00:00:00Z,true,false,,false,true,"[""Yes"",""No""]","[""49821018408733695378907631766783388197384982451576409356148180829521508621967"",""72714416442822965658619792482622498214965370742798513442488186246322155432807""]","{""Yes"":""49821018408733695378907631766783388197384982451576409356148180829521508621967"",""No"":""72714416442822965658619792482622498214965370742798513442488186246322155432807""}",49821018408733695378907631766783388197384982451576409356148180829521508621967,72714416442822965658619792482622498214965370742798513442488186246322155432807,2028242.8507640255,670245.08755,https://polymarket.com/event/will-helder-barbalho-win-the-2026-brazilian-presidential-election,VERIFIED_READY,2026-06-25T20:28:40+00:00,"[{""score"":1.2778,""id"":""601834"",""slug"":""will-helder-barbalho-win-the-2026-brazilian-presidential-election"",""question"":""Will Helder Barbalho win the 2026 Brazilian presidential election?"",""event_title"":""Brazil Presidential Election"",""endDate"":""2026-10-04T00:00:00Z"",""volume"":""2028242.8507640255"",""source"":""events_slug_path"",""active"":true,""closed"":false},{""score"":1.1642,""id"":""601822"",""slug"":""will-michelle-bolsonaro-win-the-2026-brazilian-presidential-election"",""question"":""Will Michelle Bolsonaro win the 2026 Brazilian presidential election?"",""event_title"":""Brazil Presidential Election"",""endDate"":""2026-10-04T00:00:00Z"",""volume"":""8229211.755296731"",""source"":""events_slug_path"",""active"":true,""closed"":false},{""score"":1.1586,""id"":""601823"",""slug"":""will-eduardo-bolsonaro-win-the-2026-brazilian-presidential-election"",""question"":""Will Eduardo Bolsonaro win the 2026 Brazilian presidential election?"",""event_title"":""Brazil Presidential Election"",""endDate"":""2026-10-04T00:00:00Z"",""volume"":""9858723.134771282"",""source"":""events_slug_path"",""active"":true,""closed"":false},{""score"":1.151,""id"":""601820"",""slug"":""will-jair-bolsonaro-win-the-2026-brazilian-presidential-election"",""question"":""Will Jair Bolsonaro win the 2026 Brazilian presidential election?"",""event_title"":""Brazil Presidential Election"",""endDate"":""2026-10-04T00:00:00Z"",""volume"":""4717522.047130883"",""source"":""events_slug_path"",""active"":true,""closed"":false},{""score"":1.151,""id"":""601827"",""slug"":""will-ronaldo-caiado-win-the-2026-brazilian-presidential-election"",""question"":""Will Ronaldo Caiado win the 2026 Brazilian presidential election?"",""event_title"":""Brazil Presidential Election"",""endDate"":""2026-10-04T00:00:00Z"",""volume"":""4400242.24151301"",""source"":""events_slug_path"",""active"":true,""closed"":false}]",AUTO_ACCEPTED: accepted rank=1 score=1.2778 top=1.2778 second=1.1642; score/margin guardrails disabled,,Helder Barbalho,,KEPT
91,RSO-0091,25,Brazil Presidential Election,Brazil Presidential Election — Ratinho Júnior,Will Carlos Roberto Massa Júnior win the 2026 Brazilian presidential election?,Will Ratinho Júnior win the Brazil Presidential Election?,Brazil,brazil_presidential,presidential_two_round,brazil_president_winner_2026,tracked,brazil_core,multi_outcome_contract,16,Ratinho Júnior,will-carlos-roberto-massa-jnior-win-the-2026-brazilian-presidential-election,will-ratinho-junior-win-the-brazil-presidential-election,brazil-presidential-election,Core Brazil presidential winner market; high-volume global election sample.,needs_slug_clob_verification,appears_strong_from_paste,appears_clear_from_paste,Visible candidate outcomes from pasted market. Add Other later only if resolver finds token.,601824,45915,0xa59bb6bb91e5c1e4d533864520fbd3bb75d6d0ebb813b4cd8a8b88479bfa8966,"A presidential election is scheduled to take place in Brazil on October 4, 2026.

This market will resolve according to the listed candidate that wins this election.

This market includes any potential second round. If the result of this election isn't known by June 30, 2027, 11:59 PM ET, the market will resolve to ""Other"".

This market will resolve based on the result of the election as indicated by a consensus of credible reporting. If there is ambiguity, this market will resolve based solely on the official results as reported by the Brazilian government, specifically the Superior Electoral Court (Tribunal Superior Eleitoral, TSE) (e.g., https://dadosabertos.tse.jus.br/).",,,2026-10-04T00:00:00Z,true,false,,false,true,"[""Yes"",""No""]","[""7424753944577407627798342086224300332261118341771286172561357635231967087849"",""59719566460284176747563170948594542001910357576928243006415040827066185298735""]","{""Yes"":""7424753944577407627798342086224300332261118341771286172561357635231967087849"",""No"":""59719566460284176747563170948594542001910357576928243006415040827066185298735""}",7424753944577407627798342086224300332261118341771286172561357635231967087849,59719566460284176747563170948594542001910357576928243006415040827066185298735,10136751.166618867,1229928.00344,https://polymarket.com/event/will-carlos-roberto-massa-jnior-win-the-2026-brazilian-presidential-election,VERIFIED_READY,2026-06-25T20:28:43+00:00,"[{""score"":1.16,""id"":""601824"",""slug"":""will-carlos-roberto-massa-jnior-win-the-2026-brazilian-presidential-election"",""question"":""Will Carlos Roberto Massa Júnior win the 2026 Brazilian presidential election?"",""event_title"":""Brazil Presidential Election"",""endDate"":""2026-10-04T00:00:00Z"",""volume"":""10136751.166618867"",""source"":""events_slug_path"",""active"":true,""closed"":false},{""score"":1.1557,""id"":""601827"",""slug"":""will-ronaldo-caiado-win-the-2026-brazilian-presidential-election"",""question"":""Will Ronaldo Caiado win the 2026 Brazilian presidential election?"",""event_title"":""Brazil Presidential Election"",""endDate"":""2026-10-04T00:00:00Z"",""volume"":""4400242.24151301"",""source"":""events_slug_path"",""active"":true,""closed"":false},{""score"":1.1477,""id"":""601832"",""slug"":""will-aldo-rebelo-win-the-2026-brazilian-presidential-election"",""question"":""Will Aldo Rebelo win the 2026 Brazilian presidential election?"",""event_title"":""Brazil Presidential Election"",""endDate"":""2026-10-04T00:00:00Z"",""volume"":""4616220.539042799"",""source"":""events_slug_path"",""active"":true,""closed"":false},{""score"":1.146,""id"":""601829"",""slug"":""will-camilo-santana-win-the-2026-brazilian-presidential-election"",""question"":""Will Camilo Santana win the 2026 Brazilian presidential election?"",""event_title"":""Brazil Presidential Election"",""endDate"":""2026-10-04T00:00:00Z"",""volume"":""3518516.078860994"",""source"":""events_slug_path"",""active"":true,""closed"":false},{""score"":1.1439,""id"":""601825"",""slug"":""will-renan-santos-win-the-2026-brazilian-presidential-election"",""question"":""Will Renan Santos win the 2026 Brazilian presidential election?"",""event_title"":""Brazil Presidential Election"",""endDate"":""2026-10-04T00:00:00Z"",""volume"":""7493074.81427594"",""source"":""events_slug_path"",""active"":true,""closed"":false}]",AUTO_ACCEPTED: accepted rank=1 score=1.1600 top=1.1600 second=1.1557; score/margin guardrails disabled,,Ratinho Júnior,,KEPT
92,RSO-0092,25,Brazil Presidential Election,Brazil Presidential Election — Eduardo Leite,Will Eduardo Leite win the 2026 Brazilian presidential election?,Will Eduardo Leite win the Brazil Presidential Election?,Brazil,brazil_presidential,presidential_two_round,brazil_president_winner_2026,tracked,brazil_core,multi_outcome_contract,17,Eduardo Leite,will-eduardo-leite-win-the-2026-brazilian-presidential-election,will-eduardo-leite-win-the-brazil-presidential-election,brazil-presidential-election,Core Brazil presidential winner market; high-volume global election sample.,needs_slug_clob_verification,appears_strong_from_paste,appears_clear_from_paste,Visible candidate outcomes from pasted market. Add Other later only if resolver finds token.,601831,45915,0x70f1a7d2cd490b640676d5e31470bcbe16fef40087de1af8b6f6e44e299b5784,"A presidential election is scheduled to take place in Brazil on October 4, 2026.

This market will resolve according to the listed candidate that wins this election.

This market includes any potential second round. If the result of this election isn't known by June 30, 2027, 11:59 PM ET, the market will resolve to ""Other"".

This market will resolve based on the result of the election as indicated by a consensus of credible reporting. If there is ambiguity, this market will resolve based solely on the official results as reported by the Brazilian government, specifically the Superior Electoral Court (Tribunal Superior Eleitoral, TSE) (e.g., https://dadosabertos.tse.jus.br/).",,,2026-10-04T00:00:00Z,true,false,,false,true,"[""Yes"",""No""]","[""114877796464914647568230859616993131921615428032065380781940199946418906101564"",""9697405538019508678756776747825282312074484504476125199957573316007230038461""]","{""Yes"":""114877796464914647568230859616993131921615428032065380781940199946418906101564"",""No"":""9697405538019508678756776747825282312074484504476125199957573316007230038461""}",114877796464914647568230859616993131921615428032065380781940199946418906101564,9697405538019508678756776747825282312074484504476125199957573316007230038461,7579111.492096782,1394358.31132,https://polymarket.com/event/will-eduardo-leite-win-the-2026-brazilian-presidential-election,VERIFIED_READY,2026-06-25T20:28:46+00:00,"[{""score"":1.2781,""id"":""601831"",""slug"":""will-eduardo-leite-win-the-2026-brazilian-presidential-election"",""question"":""Will Eduardo Leite win the 2026 Brazilian presidential election?"",""event_title"":""Brazil Presidential Election"",""endDate"":""2026-10-04T00:00:00Z"",""volume"":""7579111.492096782"",""source"":""events_slug_path"",""active"":true,""closed"":false},{""score"":1.1999,""id"":""601823"",""slug"":""will-eduardo-bolsonaro-win-the-2026-brazilian-presidential-election"",""question"":""Will Eduardo Bolsonaro win the 2026 Brazilian presidential election?"",""event_title"":""Brazil Presidential Election"",""endDate"":""2026-10-04T00:00:00Z"",""volume"":""9858723.134771282"",""source"":""events_slug_path"",""active"":true,""closed"":false},{""score"":1.1661,""id"":""601830"",""slug"":""will-geraldo-alckmin-win-the-2026-brazilian-presidential-election"",""question"":""Will Geraldo Alckmin win the 2026 Brazilian presidential election?"",""event_title"":""Brazil Presidential Election"",""endDate"":""2026-10-04T00:00:00Z"",""volume"":""4147992.7424749755"",""source"":""events_slug_path"",""active"":true,""closed"":false},{""score"":1.1625,""id"":""601832"",""slug"":""will-aldo-rebelo-win-the-2026-brazilian-presidential-election"",""question"":""Will Aldo Rebelo win the 2026 Brazilian presidential election?"",""event_title"":""Brazil Presidential Election"",""endDate"":""2026-10-04T00:00:00Z"",""volume"":""4616220.539042799"",""source"":""events_slug_path"",""active"":true,""closed"":false},{""score"":1.1509,""id"":""601818"",""slug"":""will-tarcisio-de-frietas-win-the-2026-brazilian-presidential-election"",""question"":""Will Tarcisio de Freitas win the 2026 Brazilian presidential election?"",""event_title"":""Brazil Presidential Election"",""endDate"":""2026-10-04T00:00:00Z"",""volume"":""13025540.82029581"",""source"":""events_slug_path"",""active"":true,""closed"":false}]",AUTO_ACCEPTED: accepted rank=1 score=1.2781 top=1.2781 second=1.1999; score/margin guardrails disabled,,Eduardo Leite,,KEPT
93,RSO-0093,26,Brazil Presidential Election First Round: Margin of Victory,Brazil Presidential Election First Round: Margin of Victory — Lula da Silva 15%+,Will Luiz Inácio Lula da Silva win the first round of the 2026 Brazilian presidential election by 15% or more?,Will Luiz Inácio Lula da Silva win the first round of the 2026 Brazilian presidential election by 15% or more?,Brazil,brazil_presidential,presidential_two_round,brazil_first_round_margin_2026,tracked,brazil_core,range_contract,1,Lula da Silva 15%+,TODO_VERIFY,will-luiz-inacio-lula-da-silva-win-the-first-round-of-the-2026-brazilian-presidential-election-by-15-or-more,brazil-presidential-election-first-round-margin-of-victory,First-round margin distribution; split to each bracket/outcome.,needs_v7_topic_gated_resolution,needs_orderbook_check,appears_clear_from_paste,Range/candidate victory event expanded to all visible outcomes.,,,,,,,,,,,,,,,,,,,,,,,,Reset after v6 wrong auto-match; rerun with v7 topic/outcome gates.,brazil|first round|presidential,lula|luiz inacio|15%|15 percent|15 or more,,RESET_FOR_V7
94,RSO-0094,26,Brazil Presidential Election First Round: Margin of Victory,Brazil Presidential Election First Round: Margin of Victory — Lula da Silva 10-15%,Will Luiz Inácio Lula da Silva win the first round of the 2026 Brazilian presidential election by 10–15%?,Brazil Presidential Election First Round: Margin of Victory — Lula da Silva 10-15%,Brazil,brazil_presidential,presidential_two_round,brazil_first_round_margin_2026,tracked,brazil_core,range_contract,2,Lula da Silva 10-15%,will-luiz-incio-lula-da-silva-win-the-first-round-of-the-2026-brazilian-presidential-election-by-1015-995,brazil-presidential-election-first-round-margin-of-victory-lula-da-silva-10-15,brazil-presidential-election-first-round-margin-of-victory,First-round margin distribution; split to each bracket/outcome.,needs_slug_clob_verification,needs_orderbook_check,appears_clear_from_paste,Range/candidate victory event expanded to all visible outcomes.,1366009,205029,0xd99603add7350a5ff33c8dc609ab0eaae2d5d18162bb00eeb63c38c81ae038f8,"A presidential election is scheduled to take place in Brazil on October 4, 2026.

This market will resolve according to the margin of victory between the top two candidates in the first round of the next Brazil Presidential Election.

For the purpose of this market, the “margin of victory” is defined as the absolute difference between the percentages of valid votes received by the first- and second-place candidates. Percentages of the valid votes received by each candidate will be determined by dividing the total number of valid votes each of the top two candidates receives by the sum of all valid votes cast in the election.

If the reported value falls exactly between two brackets, then this market will resolve to the higher range bracket.

This market will resolve based on the official vote count once the vote count has been made official.

If a recount is initiated before the vote total has been made official, the market will remain open until the recount is completed and the vote is made official.

If the result of this election isn't known definitively by June 30, 2027, 11:59 PM ET, the market will resolve to ""Other"".

This market will resolve based on the result of the election, as indicated by a consensus of credible reporting. If there is ambiguity, this market will resolve based solely on the official results as reported by the Brazilian government, specifically the Superior Electoral Court (Tribunal Superior Eleitoral, TSE) (e.g., https://dadosabertos.tse.jus.br/).",,,2026-10-04T00:00:00Z,true,false,,false,true,"[""Yes"",""No""]","[""111501008889215248446738380766334499893429002495174888541812674365305743816241"",""68985689280964359721858876785601369759982303652640879035310084127715508408780""]","{""Yes"":""111501008889215248446738380766334499893429002495174888541812674365305743816241"",""No"":""68985689280964359721858876785601369759982303652640879035310084127715508408780""}",111501008889215248446738380766334499893429002495174888541812674365305743816241,68985689280964359721858876785601369759982303652640879035310084127715508408780,5654.661190999999,7020.94299,https://polymarket.com/event/will-luiz-incio-lula-da-silva-win-the-first-round-of-the-2026-brazilian-presidential-election-by-1015-995,VERIFIED_READY,2026-06-25T20:28:53+00:00,"[{""score"":0.9345,""id"":""1366009"",""slug"":""will-luiz-incio-lula-da-silva-win-the-first-round-of-the-2026-brazilian-presidential-election-by-1015-995"",""question"":""Will Luiz Inácio Lula da Silva win the first round of the 2026 Brazilian presidential election by 10–15%?"",""event_title"":""Brazil Presidential Election First Round: Margin of Victory"",""endDate"":""2026-10-04T00:00:00Z"",""volume"":""5654.661190999999"",""source"":""events_slug_path"",""active"":true,""closed"":false},{""score"":0.9148,""id"":""1366008"",""slug"":""will-luiz-incio-lula-da-silva-win-the-first-round-of-the-2026-brazilian-presidential-election-by-510-971"",""question"":""Will Luiz Inácio Lula da Silva win the first round of the 2026 Brazilian presidential election by 5–10%?"",""event_title"":""Brazil Presidential Election First Round: Margin of Victory"",""endDate"":""2026-10-04T00:00:00Z"",""volume"":""8928.074338999995"",""source"":""events_slug_path"",""active"":true,""closed"":false},{""score"":0.9028,""id"":""1366010"",""slug"":""will-luiz-incio-lula-da-silva-win-the-first-round-of-the-2026-brazilian-presidential-election-by-at-least-15-722"",""question"":""Will Luiz Inácio Lula da Silva win the first round of the 2026 Brazilian presidential election by at least 15%?"",""event_title"":""Brazil Presidential Election First Round: Margin of Victory"",""endDate"":""2026-10-04T00:00:00Z"",""volume"":""6321.197057"",""source"":""events_slug_path"",""active"":true,""closed"":false},{""score"":0.8964,""id"":""1366007"",""slug"":""will-luiz-incio-lula-da-silva-win-the-first-round-of-the-2026-brazilian-presidential-election-by-less-than-5-639"",""question"":""Will Luiz Inácio Lula da Silva win the first round of the 2026 Brazilian presidential election by less than 5%?"",""event_title"":""Brazil Presidential Election First Round: Margin of Victory"",""endDate"":""2026-10-04T00:00:00Z"",""volume"":""10242.416467000001"",""source"":""events_slug_path"",""active"":true,""closed"":false},{""score"":0.8813,""id"":""1366012"",""slug"":""will-flvio-bolsonaro-win-the-first-round-of-the-2026-brazilian-presidential-election-by-510"",""question"":""Will Flávio Bolsonaro win the first round of the 2026 Brazilian presidential election by 5–10%?"",""event_title"":""Brazil Presidential Election First Round: Margin of Victory"",""endDate"":""2026-10-04T00:00:00Z"",""volume"":""2625.5287089999997"",""source"":""events_slug_path"",""active"":true,""closed"":false}]",AUTO_ACCEPTED: accepted rank=1 score=0.9345 top=0.9345 second=0.9148; score/margin guardrails disabled,brazil|first round|presidential,lula|luiz inacio|15%|15 percent|15 or more,,KEPT
95,RSO-0095,26,Brazil Presidential Election First Round: Margin of Victory,Brazil Presidential Election First Round: Margin of Victory — Lula da Silva 5-10%,Will Luiz Inácio Lula da Silva win the first round of the 2026 Brazilian presidential election by 5–10%?,Brazil Presidential Election First Round: Margin of Victory — Lula da Silva 5-10%,Brazil,brazil_presidential,presidential_two_round,brazil_first_round_margin_2026,tracked,brazil_core,range_contract,3,Lula da Silva 5-10%,will-luiz-incio-lula-da-silva-win-the-first-round-of-the-2026-brazilian-presidential-election-by-510-971,brazil-presidential-election-first-round-margin-of-victory-lula-da-silva-5-10,brazil-presidential-election-first-round-margin-of-victory,First-round margin distribution; split to each bracket/outcome.,needs_slug_clob_verification,needs_orderbook_check,appears_clear_from_paste,Range/candidate victory event expanded to all visible outcomes.,1366008,205029,0x5377b12dd060efd8e3597620f120648f1bf99452a95eb70374b128d9ca133227,"A presidential election is scheduled to take place in Brazil on October 4, 2026.

This market will resolve according to the margin of victory between the top two candidates in the first round of the next Brazil Presidential Election.

For the purpose of this market, the “margin of victory” is defined as the absolute difference between the percentages of valid votes received by the first- and second-place candidates. Percentages of the valid votes received by each candidate will be determined by dividing the total number of valid votes each of the top two candidates receives by the sum of all valid votes cast in the election.

If the reported value falls exactly between two brackets, then this market will resolve to the higher range bracket.

This market will resolve based on the official vote count once the vote count has been made official.

If a recount is initiated before the vote total has been made official, the market will remain open until the recount is completed and the vote is made official.

If the result of this election isn't known definitively by June 30, 2027, 11:59 PM ET, the market will resolve to ""Other"".

This market will resolve based on the result of the election, as indicated by a consensus of credible reporting. If there is ambiguity, this market will resolve based solely on the official results as reported by the Brazilian government, specifically the Superior Electoral Court (Tribunal Superior Eleitoral, TSE) (e.g., https://dadosabertos.tse.jus.br/).",,,2026-10-04T00:00:00Z,true,false,,false,true,"[""Yes"",""No""]","[""48407765042087399444287625227087734986428382872828112503518998286869389847258"",""247047209822374154288211144964214527388236984575039338710647093931430457756""]","{""Yes"":""48407765042087399444287625227087734986428382872828112503518998286869389847258"",""No"":""247047209822374154288211144964214527388236984575039338710647093931430457756""}",48407765042087399444287625227087734986428382872828112503518998286869389847258,247047209822374154288211144964214527388236984575039338710647093931430457756,8928.074338999995,20952.3471,https://polymarket.com/event/will-luiz-incio-lula-da-silva-win-the-first-round-of-the-2026-brazilian-presidential-election-by-510-971,VERIFIED_READY,2026-06-25T20:28:56+00:00,"[{""score"":0.933,""id"":""1366008"",""slug"":""will-luiz-incio-lula-da-silva-win-the-first-round-of-the-2026-brazilian-presidential-election-by-510-971"",""question"":""Will Luiz Inácio Lula da Silva win the first round of the 2026 Brazilian presidential election by 5–10%?"",""event_title"":""Brazil Presidential Election First Round: Margin of Victory"",""endDate"":""2026-10-04T00:00:00Z"",""volume"":""8928.074338999995"",""source"":""events_slug_path"",""active"":true,""closed"":false},{""score"":0.9191,""id"":""1366009"",""slug"":""will-luiz-incio-lula-da-silva-win-the-first-round-of-the-2026-brazilian-presidential-election-by-1015-995"",""question"":""Will Luiz Inácio Lula da Silva win the first round of the 2026 Brazilian presidential election by 10–15%?"",""event_title"":""Brazil Presidential Election First Round: Margin of Victory"",""endDate"":""2026-10-04T00:00:00Z"",""volume"":""5654.661190999999"",""source"":""events_slug_path"",""active"":true,""closed"":false},{""score"":0.9128,""id"":""1366007"",""slug"":""will-luiz-incio-lula-da-silva-win-the-first-round-of-the-2026-brazilian-presidential-election-by-less-than-5-639"",""question"":""Will Luiz Inácio Lula da Silva win the first round of the 2026 Brazilian presidential election by less than 5%?"",""event_title"":""Brazil Presidential Election First Round: Margin of Victory"",""endDate"":""2026-10-04T00:00:00Z"",""volume"":""10242.416467000001"",""source"":""events_slug_path"",""active"":true,""closed"":false},{""score"":0.9005,""id"":""1366012"",""slug"":""will-flvio-bolsonaro-win-the-first-round-of-the-2026-brazilian-presidential-election-by-510"",""question"":""Will Flávio Bolsonaro win the first round of the 2026 Brazilian presidential election by 5–10%?"",""event_title"":""Brazil Presidential Election First Round: Margin of Victory"",""endDate"":""2026-10-04T00:00:00Z"",""volume"":""2625.5287089999997"",""source"":""events_slug_path"",""active"":true,""closed"":false},{""score"":0.8991,""id"":""1366010"",""slug"":""will-luiz-incio-lula-da-silva-win-the-first-round-of-the-2026-brazilian-presidential-election-by-at-least-15-722"",""question"":""Will Luiz Inácio Lula da Silva win the first round of the 2026 Brazilian presidential election by at least 15%?"",""event_title"":""Brazil Presidential Election First Round: Margin of Victory"",""endDate"":""2026-10-04T00:00:00Z"",""volume"":""6321.197057"",""source"":""events_slug_path"",""active"":true,""closed"":false}]",AUTO_ACCEPTED: accepted rank=1 score=0.9330 top=0.9330 second=0.9191; score/margin guardrails disabled,brazil|first round|presidential,Lula da Silva 5-10%,,KEPT
96,RSO-0096,26,Brazil Presidential Election First Round: Margin of Victory,Brazil Presidential Election First Round: Margin of Victory — Lula da Silva <5%,Will Luiz Inácio Lula da Silva win the first round of the 2026 Brazilian presidential election by less than 5%?,Brazil Presidential Election First Round: Margin of Victory — Lula da Silva <5%,Brazil,brazil_presidential,presidential_two_round,brazil_first_round_margin_2026,tracked,brazil_core,range_contract,4,Lula da Silva <5%,will-luiz-incio-lula-da-silva-win-the-first-round-of-the-2026-brazilian-presidential-election-by-less-than-5-639,brazil-presidential-election-first-round-margin-of-victory-lula-da-silva-less-than-5,brazil-presidential-election-first-round-margin-of-victory,First-round margin distribution; split to each bracket/outcome.,needs_slug_clob_verification,needs_orderbook_check,appears_clear_from_paste,Range/candidate victory event expanded to all visible outcomes.,1366007,205029,0x5d5b8feb963ddcc0f4688f7ac0c0d375f99945b7a07155d60cd1a306c6b3054b,"A presidential election is scheduled to take place in Brazil on October 4, 2026.

This market will resolve according to the margin of victory between the top two candidates in the first round of the next Brazil Presidential Election.

For the purpose of this market, the “margin of victory” is defined as the absolute difference between the percentages of valid votes received by the first- and second-place candidates. Percentages of the valid votes received by each candidate will be determined by dividing the total number of valid votes each of the top two candidates receives by the sum of all valid votes cast in the election.

If the reported value falls exactly between two brackets, then this market will resolve to the higher range bracket.

This market will resolve based on the official vote count once the vote count has been made official.

If a recount is initiated before the vote total has been made official, the market will remain open until the recount is completed and the vote is made official.

If the result of this election isn't known definitively by June 30, 2027, 11:59 PM ET, the market will resolve to ""Other"".

This market will resolve based on the result of the election, as indicated by a consensus of credible reporting. If there is ambiguity, this market will resolve based solely on the official results as reported by the Brazilian government, specifically the Superior Electoral Court (Tribunal Superior Eleitoral, TSE) (e.g., https://dadosabertos.tse.jus.br/).",,,2026-10-04T00:00:00Z,true,false,,false,true,"[""Yes"",""No""]","[""111141743875022425014082366328706246366536998743881258465740846069926282242834"",""73197386422190855683808847899890112720383354193439504968265722423178479955299""]","{""Yes"":""111141743875022425014082366328706246366536998743881258465740846069926282242834"",""No"":""73197386422190855683808847899890112720383354193439504968265722423178479955299""}",111141743875022425014082366328706246366536998743881258465740846069926282242834,73197386422190855683808847899890112720383354193439504968265722423178479955299,10242.416467000001,17507.146,https://polymarket.com/event/will-luiz-incio-lula-da-silva-win-the-first-round-of-the-2026-brazilian-presidential-election-by-less-than-5-639,VERIFIED_READY,2026-06-25T20:28:59+00:00,"[{""score"":0.9314,""id"":""1366007"",""slug"":""will-luiz-incio-lula-da-silva-win-the-first-round-of-the-2026-brazilian-presidential-election-by-less-than-5-639"",""question"":""Will Luiz Inácio Lula da Silva win the first round of the 2026 Brazilian presidential election by less than 5%?"",""event_title"":""Brazil Presidential Election First Round: Margin of Victory"",""endDate"":""2026-10-04T00:00:00Z"",""volume"":""10242.416467000001"",""source"":""events_slug_path"",""active"":true,""closed"":false},{""score"":0.9247,""id"":""1366009"",""slug"":""will-luiz-incio-lula-da-silva-win-the-first-round-of-the-2026-brazilian-presidential-election-by-1015-995"",""question"":""Will Luiz Inácio Lula da Silva win the first round of the 2026 Brazilian presidential election by 10–15%?"",""event_title"":""Brazil Presidential Election First Round: Margin of Victory"",""endDate"":""2026-10-04T00:00:00Z"",""volume"":""5654.661190999999"",""source"":""events_slug_path"",""active"":true,""closed"":false},{""score"":0.921,""id"":""1366008"",""slug"":""will-luiz-incio-lula-da-silva-win-the-first-round-of-the-2026-brazilian-presidential-election-by-510-971"",""question"":""Will Luiz Inácio Lula da Silva win the first round of the 2026 Brazilian presidential election by 5–10%?"",""event_title"":""Brazil Presidential Election First Round: Margin of Victory"",""endDate"":""2026-10-04T00:00:00Z"",""volume"":""8928.074338999995"",""source"":""events_slug_path"",""active"":true,""closed"":false},{""score"":0.9175,""id"":""1366010"",""slug"":""will-luiz-incio-lula-da-silva-win-the-first-round-of-the-2026-brazilian-presidential-election-by-at-least-15-722"",""question"":""Will Luiz Inácio Lula da Silva win the first round of the 2026 Brazilian presidential election by at least 15%?"",""event_title"":""Brazil Presidential Election First Round: Margin of Victory"",""endDate"":""2026-10-04T00:00:00Z"",""volume"":""6321.197057"",""source"":""events_slug_path"",""active"":true,""closed"":false},{""score"":0.8936,""id"":""1366011"",""slug"":""will-flvio-bolsonaro-win-the-first-round-of-the-2026-brazilian-presidential-election-by-less-than-5-183"",""question"":""Will Flávio Bolsonaro win the first round of the 2026 Brazilian presidential election by less than 5%?"",""event_title"":""Brazil Presidential Election First Round: Margin of Victory"",""endDate"":""2026-10-04T00:00:00Z"",""volume"":""6634.384312999999"",""source"":""events_slug_path"",""active"":true,""closed"":false}]",AUTO_ACCEPTED: accepted rank=1 score=0.9314 top=0.9314 second=0.9247; score/margin guardrails disabled,brazil|first round|presidential,Lula da Silva <5%,,KEPT
97,RSO-0097,26,Brazil Presidential Election First Round: Margin of Victory,Brazil Presidential Election First Round: Margin of Victory — Flávio Bolsonaro 10%+,Will Flávio Bolsonaro win the first round of the 2026 Brazilian presidential election by 10% or more?,Will Flávio Bolsonaro win the first round of the 2026 Brazilian presidential election by 10% or more?,Brazil,brazil_presidential,presidential_two_round,brazil_first_round_margin_2026,tracked,brazil_core,range_contract,5,Flávio Bolsonaro 10%+,TODO_VERIFY,will-flavio-bolsonaro-win-the-first-round-of-the-2026-brazilian-presidential-election-by-10-or-more,brazil-presidential-election-first-round-margin-of-victory,First-round margin distribution; split to each bracket/outcome.,needs_v7_topic_gated_resolution,needs_orderbook_check,appears_clear_from_paste,Range/candidate victory event expanded to all visible outcomes.,,,,,,,,,,,,,,,,,,,,,,,,Reset after v6 wrong auto-match; rerun with v7 topic/outcome gates.,brazil|first round|presidential,Flávio Bolsonaro 10%+,,RESET_FOR_V7
98,RSO-0098,26,Brazil Presidential Election First Round: Margin of Victory,Brazil Presidential Election First Round: Margin of Victory — Flávio Bolsonaro 5-10%,Will Flávio Bolsonaro win the first round of the 2026 Brazilian presidential election by 5–10%?,Brazil Presidential Election First Round: Margin of Victory — Flávio Bolsonaro 5-10%,Brazil,brazil_presidential,presidential_two_round,brazil_first_round_margin_2026,tracked,brazil_core,range_contract,6,Flávio Bolsonaro 5-10%,will-flvio-bolsonaro-win-the-first-round-of-the-2026-brazilian-presidential-election-by-510,brazil-presidential-election-first-round-margin-of-victory-flavio-bolsonaro-5-10,brazil-presidential-election-first-round-margin-of-victory,First-round margin distribution; split to each bracket/outcome.,needs_slug_clob_verification,needs_orderbook_check,appears_clear_from_paste,Range/candidate victory event expanded to all visible outcomes.,1366012,205029,0x3a539f4052dc3340948b9f56119fbee92919f7bf9bb3cc73fd7feeb310d030d4,"A presidential election is scheduled to take place in Brazil on October 4, 2026.

This market will resolve according to the margin of victory between the top two candidates in the first round of the next Brazil Presidential Election.

For the purpose of this market, the “margin of victory” is defined as the absolute difference between the percentages of valid votes received by the first- and second-place candidates. Percentages of the valid votes received by each candidate will be determined by dividing the total number of valid votes each of the top two candidates receives by the sum of all valid votes cast in the election.

If the reported value falls exactly between two brackets, then this market will resolve to the higher range bracket.

This market will resolve based on the official vote count once the vote count has been made official.

If a recount is initiated before the vote total has been made official, the market will remain open until the recount is completed and the vote is made official.

If the result of this election isn't known definitively by June 30, 2027, 11:59 PM ET, the market will resolve to ""Other"".

This market will resolve based on the result of the election, as indicated by a consensus of credible reporting. If there is ambiguity, this market will resolve based solely on the official results as reported by the Brazilian government, specifically the Superior Electoral Court (Tribunal Superior Eleitoral, TSE) (e.g., https://dadosabertos.tse.jus.br/).",,,2026-10-04T00:00:00Z,true,false,,false,true,"[""Yes"",""No""]","[""104163730910213129535412784044547089656279554877287473050849076919118163831116"",""86039822478024155976164016425659784963955476867418121591295874549123281014027""]","{""Yes"":""104163730910213129535412784044547089656279554877287473050849076919118163831116"",""No"":""86039822478024155976164016425659784963955476867418121591295874549123281014027""}",104163730910213129535412784044547089656279554877287473050849076919118163831116,86039822478024155976164016425659784963955476867418121591295874549123281014027,2625.5287089999997,17722.50375,https://polymarket.com/event/will-flvio-bolsonaro-win-the-first-round-of-the-2026-brazilian-presidential-election-by-510,VERIFIED_READY,2026-06-25T20:29:06+00:00,"[{""score"":0.9395,""id"":""1366012"",""slug"":""will-flvio-bolsonaro-win-the-first-round-of-the-2026-brazilian-presidential-election-by-510"",""question"":""Will Flávio Bolsonaro win the first round of the 2026 Brazilian presidential election by 5–10%?"",""event_title"":""Brazil Presidential Election First Round: Margin of Victory"",""endDate"":""2026-10-04T00:00:00Z"",""volume"":""2625.5287089999997"",""source"":""events_slug_path"",""active"":true,""closed"":false},{""score"":0.924,""id"":""1366013"",""slug"":""will-flvio-bolsonaro-win-the-first-round-of-the-2026-brazilian-presidential-election-by-at-least-10-148"",""question"":""Will Flávio Bolsonaro win the first round of the 2026 Brazilian presidential election by at least 10%?"",""event_title"":""Brazil Presidential Election First Round: Margin of Victory"",""endDate"":""2026-10-04T00:00:00Z"",""volume"":""2725.7691900000004"",""source"":""events_slug_path"",""active"":true,""closed"":false},{""score"":0.922,""id"":""1366011"",""slug"":""will-flvio-bolsonaro-win-the-first-round-of-the-2026-brazilian-presidential-election-by-less-than-5-183"",""question"":""Will Flávio Bolsonaro win the first round of the 2026 Brazilian presidential election by less than 5%?"",""event_title"":""Brazil Presidential Election First Round: Margin of Victory"",""endDate"":""2026-10-04T00:00:00Z"",""volume"":""6634.384312999999"",""source"":""events_slug_path"",""active"":true,""closed"":false},{""score"":0.8824,""id"":""1366008"",""slug"":""will-luiz-incio-lula-da-silva-win-the-first-round-of-the-2026-brazilian-presidential-election-by-510-971"",""question"":""Will Luiz Inácio Lula da Silva win the first round of the 2026 Brazilian presidential election by 5–10%?"",""event_title"":""Brazil Presidential Election First Round: Margin of Victory"",""endDate"":""2026-10-04T00:00:00Z"",""volume"":""8928.074338999995"",""source"":""events_slug_path"",""active"":true,""closed"":false},{""score"":0.8689,""id"":""1366014"",""slug"":""will-renan-santos-win-the-first-round-of-the-2026-brazilian-presidential-election"",""question"":""Will Renan Santos win the first round of the 2026 Brazilian presidential election?"",""event_title"":""Brazil Presidential Election First Round: Margin of Victory"",""endDate"":""2026-10-04T00:00:00Z"",""volume"":""207752.04069499997"",""source"":""events_slug_path"",""active"":true,""closed"":false}]",AUTO_ACCEPTED: accepted rank=1 score=0.9395 top=0.9395 second=0.9240; score/margin guardrails disabled,brazil|first round|presidential,Flávio Bolsonaro 5-10%,,KEPT
99,RSO-0099,26,Brazil Presidential Election First Round: Margin of Victory,Brazil Presidential Election First Round: Margin of Victory — Flávio Bolsonaro <5%,Will Flávio Bolsonaro win the first round of the 2026 Brazilian presidential election by less than 5%?,Brazil Presidential Election First Round: Margin of Victory — Flávio Bolsonaro <5%,Brazil,brazil_presidential,presidential_two_round,brazil_first_round_margin_2026,tracked,brazil_core,range_contract,7,Flávio Bolsonaro <5%,will-flvio-bolsonaro-win-the-first-round-of-the-2026-brazilian-presidential-election-by-less-than-5-183,brazil-presidential-election-first-round-margin-of-victory-flavio-bolsonaro-less-than-5,brazil-presidential-election-first-round-margin-of-victory,First-round margin distribution; split to each bracket/outcome.,needs_slug_clob_verification,needs_orderbook_check,appears_clear_from_paste,Range/candidate victory event expanded to all visible outcomes.,1366011,205029,0x25966b196ffc1682fc77df0298784831a60aea8abe03b9aa4fc219d1422feb9f,"A presidential election is scheduled to take place in Brazil on October 4, 2026.

This market will resolve according to the margin of victory between the top two candidates in the first round of the next Brazil Presidential Election.

For the purpose of this market, the “margin of victory” is defined as the absolute difference between the percentages of valid votes received by the first- and second-place candidates. Percentages of the valid votes received by each candidate will be determined by dividing the total number of valid votes each of the top two candidates receives by the sum of all valid votes cast in the election.

If the reported value falls exactly between two brackets, then this market will resolve to the higher range bracket.

This market will resolve based on the official vote count once the vote count has been made official.

If a recount is initiated before the vote total has been made official, the market will remain open until the recount is completed and the vote is made official.

If the result of this election isn't known definitively by June 30, 2027, 11:59 PM ET, the market will resolve to ""Other"".

This market will resolve based on the result of the election, as indicated by a consensus of credible reporting. If there is ambiguity, this market will resolve based solely on the official results as reported by the Brazilian government, specifically the Superior Electoral Court (Tribunal Superior Eleitoral, TSE) (e.g., https://dadosabertos.tse.jus.br/).",,,2026-10-04T00:00:00Z,true,false,,false,true,"[""Yes"",""No""]","[""94495166556994695319220591877877326867271103412306477867919432683718476975192"",""113360269013551492694108876383291795836420539790876926045774589578082333933690""]","{""Yes"":""94495166556994695319220591877877326867271103412306477867919432683718476975192"",""No"":""113360269013551492694108876383291795836420539790876926045774589578082333933690""}",94495166556994695319220591877877326867271103412306477867919432683718476975192,113360269013551492694108876383291795836420539790876926045774589578082333933690,6634.384312999999,20076.48416,https://polymarket.com/event/will-flvio-bolsonaro-win-the-first-round-of-the-2026-brazilian-presidential-election-by-less-than-5-183,VERIFIED_READY,2026-06-25T20:29:10+00:00,"[{""score"":0.9368,""id"":""1366011"",""slug"":""will-flvio-bolsonaro-win-the-first-round-of-the-2026-brazilian-presidential-election-by-less-than-5-183"",""question"":""Will Flávio Bolsonaro win the first round of the 2026 Brazilian presidential election by less than 5%?"",""event_title"":""Brazil Presidential Election First Round: Margin of Victory"",""endDate"":""2026-10-04T00:00:00Z"",""volume"":""6634.384312999999"",""source"":""events_slug_path"",""active"":true,""closed"":false},{""score"":0.9271,""id"":""1366012"",""slug"":""will-flvio-bolsonaro-win-the-first-round-of-the-2026-brazilian-presidential-election-by-510"",""question"":""Will Flávio Bolsonaro win the first round of the 2026 Brazilian presidential election by 5–10%?"",""event_title"":""Brazil Presidential Election First Round: Margin of Victory"",""endDate"":""2026-10-04T00:00:00Z"",""volume"":""2625.5287089999997"",""source"":""events_slug_path"",""active"":true,""closed"":false},{""score"":0.9185,""id"":""1366013"",""slug"":""will-flvio-bolsonaro-win-the-first-round-of-the-2026-brazilian-presidential-election-by-at-least-10-148"",""question"":""Will Flávio Bolsonaro win the first round of the 2026 Brazilian presidential election by at least 10%?"",""event_title"":""Brazil Presidential Election First Round: Margin of Victory"",""endDate"":""2026-10-04T00:00:00Z"",""volume"":""2725.7691900000004"",""source"":""events_slug_path"",""active"":true,""closed"":false},{""score"":0.8855,""id"":""1366014"",""slug"":""will-renan-santos-win-the-first-round-of-the-2026-brazilian-presidential-election"",""question"":""Will Renan Santos win the first round of the 2026 Brazilian presidential election?"",""event_title"":""Brazil Presidential Election First Round: Margin of Victory"",""endDate"":""2026-10-04T00:00:00Z"",""volume"":""207752.04069499997"",""source"":""events_slug_path"",""active"":true,""closed"":false},{""score"":0.8767,""id"":""1366007"",""slug"":""will-luiz-incio-lula-da-silva-win-the-first-round-of-the-2026-brazilian-presidential-election-by-less-than-5-639"",""question"":""Will Luiz Inácio Lula da Silva win the first round of the 2026 Brazilian presidential election by less than 5%?"",""event_title"":""Brazil Presidential Election First Round: Margin of Victory"",""endDate"":""2026-10-04T00:00:00Z"",""volume"":""10242.416467000001"",""source"":""events_slug_path"",""active"":true,""closed"":false}]",AUTO_ACCEPTED: accepted rank=1 score=0.9368 top=0.9368 second=0.9271; score/margin guardrails disabled,brazil|first round|presidential,Flávio Bolsonaro <5%,,KEPT
100,RSO-0100,26,Brazil Presidential Election First Round: Margin of Victory,Brazil Presidential Election First Round: Margin of Victory — Renan Santos Victory,Will Renan Santos win the first round of the 2026 Brazilian presidential election?,Brazil Presidential Election First Round: Margin of Victory — Renan Santos Victory,Brazil,brazil_presidential,presidential_two_round,brazil_first_round_margin_2026,tracked,brazil_core,range_contract,8,Renan Santos Victory,will-renan-santos-win-the-first-round-of-the-2026-brazilian-presidential-election,brazil-presidential-election-first-round-margin-of-victory-renan-santos-victory,brazil-presidential-election-first-round-margin-of-victory,First-round margin distribution; split to each bracket/outcome.,needs_slug_clob_verification,needs_orderbook_check,appears_clear_from_paste,Range/candidate victory event expanded to all visible outcomes.,1366014,205029,0x819cc40b88572690508717385d9397af991f8bc929f764fa73c99e5e10c1e55b,"A presidential election is scheduled to take place in Brazil on October 4, 2026.

This market will resolve according to the margin of victory between the top two candidates in the first round of the next Brazil Presidential Election.

For the purpose of this market, the “margin of victory” is defined as the absolute difference between the percentages of valid votes received by the first- and second-place candidates. Percentages of the valid votes received by each candidate will be determined by dividing the total number of valid votes each of the top two candidates receives by the sum of all valid votes cast in the election.

If the reported value falls exactly between two brackets, then this market will resolve to the higher range bracket.

This market will resolve based on the official vote count once the vote count has been made official.

If a recount is initiated before the vote total has been made official, the market will remain open until the recount is completed and the vote is made official.

If the result of this election isn't known definitively by June 30, 2027, 11:59 PM ET, the market will resolve to ""Other"".

This market will resolve based on the result of the election, as indicated by a consensus of credible reporting. If there is ambiguity, this market will resolve based solely on the official results as reported by the Brazilian government, specifically the Superior Electoral Court (Tribunal Superior Eleitoral, TSE) (e.g., https://dadosabertos.tse.jus.br/).",,,2026-10-04T00:00:00Z,true,false,,false,true,"[""Yes"",""No""]","[""10454882518429916448752742772766159951084470578369066727370400009390341769549"",""106172419686511198848432067128074407495874298607566038198661381453643403335421""]","{""Yes"":""10454882518429916448752742772766159951084470578369066727370400009390341769549"",""No"":""106172419686511198848432067128074407495874298607566038198661381453643403335421""}",10454882518429916448752742772766159951084470578369066727370400009390341769549,106172419686511198848432067128074407495874298607566038198661381453643403335421,207752.04069499997,22811.3593,https://polymarket.com/event/will-renan-santos-win-the-first-round-of-the-2026-brazilian-presidential-election,VERIFIED_READY,2026-06-25T20:29:12+00:00,"[{""score"":0.9307,""id"":""1366014"",""slug"":""will-renan-santos-win-the-first-round-of-the-2026-brazilian-presidential-election"",""question"":""Will Renan Santos win the first round of the 2026 Brazilian presidential election?"",""event_title"":""Brazil Presidential Election First Round: Margin of Victory"",""endDate"":""2026-10-04T00:00:00Z"",""volume"":""207752.04069499997"",""source"":""events_slug_path"",""active"":true,""closed"":false},{""score"":0.899,""id"":""1366011"",""slug"":""will-flvio-bolsonaro-win-the-first-round-of-the-2026-brazilian-presidential-election-by-less-than-5-183"",""question"":""Will Flávio Bolsonaro win the first round of the 2026 Brazilian presidential election by less than 5%?"",""event_title"":""Brazil Presidential Election First Round: Margin of Victory"",""endDate"":""2026-10-04T00:00:00Z"",""volume"":""6634.384312999999"",""source"":""events_slug_path"",""active"":true,""closed"":false},{""score"":0.8881,""id"":""1366007"",""slug"":""will-luiz-incio-lula-da-silva-win-the-first-round-of-the-2026-brazilian-presidential-election-by-less-than-5-639"",""question"":""Will Luiz Inácio Lula da Silva win the first round of the 2026 Brazilian presidential election by less than 5%?"",""event_title"":""Brazil Presidential Election First Round: Margin of Victory"",""endDate"":""2026-10-04T00:00:00Z"",""volume"":""10242.416467000001"",""source"":""events_slug_path"",""active"":true,""closed"":false},{""score"":0.8852,""id"":""1366012"",""slug"":""will-flvio-bolsonaro-win-the-first-round-of-the-2026-brazilian-presidential-election-by-510"",""question"":""Will Flávio Bolsonaro win the first round of the 2026 Brazilian presidential election by 5–10%?"",""event_title"":""Brazil Presidential Election First Round: Margin of Victory"",""endDate"":""2026-10-04T00:00:00Z"",""volume"":""2625.5287089999997"",""source"":""events_slug_path"",""active"":true,""closed"":false},{""score"":0.8789,""id"":""1366013"",""slug"":""will-flvio-bolsonaro-win-the-first-round-of-the-2026-brazilian-presidential-election-by-at-least-10-148"",""question"":""Will Flávio Bolsonaro win the first round of the 2026 Brazilian presidential election by at least 10%?"",""event_title"":""Brazil Presidential Election First Round: Margin of Victory"",""endDate"":""2026-10-04T00:00:00Z"",""volume"":""2725.7691900000004"",""source"":""events_slug_path"",""active"":true,""closed"":false}]",AUTO_ACCEPTED: accepted rank=1 score=0.9307 top=0.9307 second=0.8990; score/margin guardrails disabled,brazil|first round|presidential,Renan Santos Victory,,KEPT
101,RSO-0101,26,Brazil Presidential Election First Round: Margin of Victory,Brazil Presidential Election First Round: Margin of Victory — Tarcisio de Freitas Victory,Will Tarcisio de Freitas win the first round of the 2026 Brazilian presidential election?,Brazil Presidential Election First Round: Margin of Victory — Tarcisio de Freitas Victory,Brazil,brazil_presidential,presidential_two_round,brazil_first_round_margin_2026,tracked,brazil_core,range_contract,9,Tarcisio de Freitas Victory,will-tarcisio-de-freitas-win-the-first-round-of-the-2026-brazilian-presidential-election,brazil-presidential-election-first-round-margin-of-victory-tarcisio-de-freitas-victory,brazil-presidential-election-first-round-margin-of-victory,First-round margin distribution; split to each bracket/outcome.,needs_slug_clob_verification,needs_orderbook_check,appears_clear_from_paste,Range/candidate victory event expanded to all visible outcomes.,1366015,205029,0x6f98bf552b696e6698beb205cf3849a80696c9c03ef500435d01e9c57e4315e3,"A presidential election is scheduled to take place in Brazil on October 4, 2026.

This market will resolve according to the margin of victory between the top two candidates in the first round of the next Brazil Presidential Election.

For the purpose of this market, the “margin of victory” is defined as the absolute difference between the percentages of valid votes received by the first- and second-place candidates. Percentages of the valid votes received by each candidate will be determined by dividing the total number of valid votes each of the top two candidates receives by the sum of all valid votes cast in the election.

If the reported value falls exactly between two brackets, then this market will resolve to the higher range bracket.

This market will resolve based on the official vote count once the vote count has been made official.

If a recount is initiated before the vote total has been made official, the market will remain open until the recount is completed and the vote is made official.

If the result of this election isn't known definitively by June 30, 2027, 11:59 PM ET, the market will resolve to ""Other"".

This market will resolve based on the result of the election, as indicated by a consensus of credible reporting. If there is ambiguity, this market will resolve based solely on the official results as reported by the Brazilian government, specifically the Superior Electoral Court (Tribunal Superior Eleitoral, TSE) (e.g., https://dadosabertos.tse.jus.br/).",,,2026-10-04T00:00:00Z,true,false,,false,true,"[""Yes"",""No""]","[""83269757217555629943134578848786647915368681844160716033008008468705095911501"",""29883936130703081407249591258861436828904783883551884691558546057960504371523""]","{""Yes"":""83269757217555629943134578848786647915368681844160716033008008468705095911501"",""No"":""29883936130703081407249591258861436828904783883551884691558546057960504371523""}",83269757217555629943134578848786647915368681844160716033008008468705095911501,29883936130703081407249591258861436828904783883551884691558546057960504371523,1886.2463989999997,16437.62352,https://polymarket.com/event/will-tarcisio-de-freitas-win-the-first-round-of-the-2026-brazilian-presidential-election,VERIFIED_READY,2026-06-25T20:29:15+00:00,"[{""score"":0.8891,""id"":""1366015"",""slug"":""will-tarcisio-de-freitas-win-the-first-round-of-the-2026-brazilian-presidential-election"",""question"":""Will Tarcisio de Freitas win the first round of the 2026 Brazilian presidential election?"",""event_title"":""Brazil Presidential Election First Round: Margin of Victory"",""endDate"":""2026-10-04T00:00:00Z"",""volume"":""1886.2463989999997"",""source"":""events_slug_path"",""active"":true,""closed"":false},{""score"":0.869,""id"":""1366014"",""slug"":""will-renan-santos-win-the-first-round-of-the-2026-brazilian-presidential-election"",""question"":""Will Renan Santos win the first round of the 2026 Brazilian presidential election?"",""event_title"":""Brazil Presidential Election First Round: Margin of Victory"",""endDate"":""2026-10-04T00:00:00Z"",""volume"":""207752.04069499997"",""source"":""events_slug_path"",""active"":true,""closed"":false},{""score"":0.867,""id"":""1366011"",""slug"":""will-flvio-bolsonaro-win-the-first-round-of-the-2026-brazilian-presidential-election-by-less-than-5-183"",""question"":""Will Flávio Bolsonaro win the first round of the 2026 Brazilian presidential election by less than 5%?"",""event_title"":""Brazil Presidential Election First Round: Margin of Victory"",""endDate"":""2026-10-04T00:00:00Z"",""volume"":""6634.384312999999"",""source"":""events_slug_path"",""active"":true,""closed"":false},{""score"":0.8596,""id"":""1366012"",""slug"":""will-flvio-bolsonaro-win-the-first-round-of-the-2026-brazilian-presidential-election-by-510"",""question"":""Will Flávio Bolsonaro win the first round of the 2026 Brazilian presidential election by 5–10%?"",""event_title"":""Brazil Presidential Election First Round: Margin of Victory"",""endDate"":""2026-10-04T00:00:00Z"",""volume"":""2625.5287089999997"",""source"":""events_slug_path"",""active"":true,""closed"":false},{""score"":0.8573,""id"":""1366007"",""slug"":""will-luiz-incio-lula-da-silva-win-the-first-round-of-the-2026-brazilian-presidential-election-by-less-than-5-639"",""question"":""Will Luiz Inácio Lula da Silva win the first round of the 2026 Brazilian presidential election by less than 5%?"",""event_title"":""Brazil Presidential Election First Round: Margin of Victory"",""endDate"":""2026-10-04T00:00:00Z"",""volume"":""10242.416467000001"",""source"":""events_slug_path"",""active"":true,""closed"":false}]",AUTO_ACCEPTED: accepted rank=1 score=0.8891 top=0.8891 second=0.8690; score/margin guardrails disabled,brazil|first round|presidential,Tarcisio de Freitas Victory,,KEPT
102,RSO-0102,26,Brazil Presidential Election First Round: Margin of Victory,Brazil Presidential Election First Round: Margin of Victory — Ratinho Júnior Victory,Will Ratinho Júnior win the first round of the 2026 Brazilian presidential election?,Will Ratinho Júnior win the first round of the 2026 Brazilian presidential election?,Brazil,brazil_presidential,presidential_two_round,brazil_first_round_margin_2026,tracked,brazil_core,range_contract,10,Ratinho Júnior Victory,TODO_VERIFY,will-ratinho-junior-win-the-first-round-of-the-2026-brazilian-presidential-election,brazil-presidential-election-first-round-margin-of-victory,First-round margin distribution; split to each bracket/outcome.,needs_v7_topic_gated_resolution,needs_orderbook_check,appears_clear_from_paste,Range/candidate victory event expanded to all visible outcomes.,,,,,,,,,,,,,,,,,,,,,,,,Reset after v6 wrong auto-match; rerun with v7 topic/outcome gates.,brazil|first round|presidential,ratinho|junior|júnior,,RESET_FOR_V7
103,RSO-0103,26,Brazil Presidential Election First Round: Margin of Victory,Brazil Presidential Election First Round: Margin of Victory — Other,Will any other candidate win the first round of the 2026 Brazilian presidential election?,Will any other candidate win the first round of the 2026 Brazilian presidential election?,Brazil,brazil_presidential,presidential_two_round,brazil_first_round_margin_2026,tracked,brazil_core,range_contract,11,Other,TODO_VERIFY,will-any-other-candidate-win-the-first-round-of-the-2026-brazilian-presidential-election,brazil-presidential-election-first-round-margin-of-victory,First-round margin distribution; split to each bracket/outcome.,needs_v7_topic_gated_resolution,needs_orderbook_check,appears_clear_from_paste,Range/candidate victory event expanded to all visible outcomes.,,,,,,,,,,,,,,,,,,,,,,,,Reset after v6 wrong auto-match; rerun with v7 topic/outcome gates.,brazil|first round|presidential,other|another|any other,,RESET_FOR_V7
121,RSO-0121,28,Brazil Presidential Election First Round: 2nd Place,Brazil Presidential Election First Round: 2nd Place — Flávio Bolsonaro,Will Flávio Bolsonaro finish in second place in the first round of the 2026 Brazilian presidential election?,Will Flávio Bolsonaro finish second in the Brazil presidential election first round?,Brazil,brazil_presidential,presidential_two_round,brazil_first_round_second_place_2026,tracked,brazil_core,multi_outcome_contract,1,Flávio Bolsonaro,will-flvio-bolsonaro-finish-in-second-place-in-the-first-round-of-the-2026-brazilian-presidential-election,will-flavio-bolsonaro-finish-second-in-the-brazil-presidential-election-first-round,brazil-presidential-election-first-round-2nd-place,First-round second-place market; important runoff-composition signal.,needs_slug_clob_verification,appears_strong_from_paste,appears_clear_from_paste,Expanded to all visible candidate outcomes.,1365861,204972,0x6114306f724135bd1db2f5f3169386decf18f618653c196ef0a6c1afd27f4c73,"A presidential election is scheduled to take place in Brazil on October 4, 2026.

This market will resolve according to the listed candidate who receives the second-most valid votes in the first round of this election.

The named candidates will be primarily ranked by the number of valid votes received in the specified election. If two or more candidates are tied on valid votes, ties will be broken by alphabetical order of the candidates' last names. This market will resolve to the candidate that occupies the second-highest finishing position after applying this ranking.

If the result of this election isn't known definitively by June 30, 2027, 11:59 PM ET, the market will resolve to ""Other"".

This market will resolve based on the result of the election, as indicated by a consensus of credible reporting. If there is ambiguity, this market will resolve based solely on the official results as reported by the Brazilian government, specifically the Superior Electoral Court (Tribunal Superior Eleitoral, TSE) (e.g., https://dadosabertos.tse.jus.br/).",,,2026-10-04T00:00:00Z,true,false,,false,true,"[""Yes"",""No""]","[""49821065181473419798146957267480015506102711160660718636601116902870701340131"",""40248862204095545824507770609491521282553259429991780219438297794719904718932""]","{""Yes"":""49821065181473419798146957267480015506102711160660718636601116902870701340131"",""No"":""40248862204095545824507770609491521282553259429991780219438297794719904718932""}",49821065181473419798146957267480015506102711160660718636601116902870701340131,40248862204095545824507770609491521282553259429991780219438297794719904718932,81865.57213499985,31576.887,https://polymarket.com/event/will-flvio-bolsonaro-finish-in-second-place-in-the-first-round-of-the-2026-brazilian-presidential-election,VERIFIED_READY,2026-06-25T20:30:17+00:00,"[{""score"":1.1238,""id"":""1365861"",""slug"":""will-flvio-bolsonaro-finish-in-second-place-in-the-first-round-of-the-2026-brazilian-presidential-election"",""question"":""Will Flávio Bolsonaro finish in second place in the first round of the 2026 Brazilian presidential election?"",""event_title"":""Brazil Presidential Election First Round: 2nd Place"",""endDate"":""2026-10-04T00:00:00Z"",""volume"":""81865.57213499985"",""source"":""events_slug_path"",""active"":true,""closed"":false},{""score"":1.0731,""id"":""1365855"",""slug"":""will-jair-bolsonaro-finish-in-second-place-in-the-first-round-of-the-2026-brazilian-presidential-election"",""question"":""Will Jair Bolsonaro finish in second place in the first round of the 2026 Brazilian presidential election?"",""event_title"":""Brazil Presidential Election First Round: 2nd Place"",""endDate"":""2026-10-04T00:00:00Z"",""volume"":""98972.65859100007"",""source"":""events_slug_path"",""active"":true,""closed"":false},{""score"":1.065,""id"":""1365858"",""slug"":""will-eduardo-bolsonaro-finish-in-second-place-in-the-first-round-of-the-2026-brazilian-presidential-election"",""question"":""Will Eduardo Bolsonaro finish in second place in the first round of the 2026 Brazilian presidential election?"",""event_title"":""Brazil Presidential Election First Round: 2nd Place"",""endDate"":""2026-10-04T00:00:00Z"",""volume"":""75550.85043600005"",""source"":""events_slug_path"",""active"":true,""closed"":false},{""score"":1.0646,""id"":""1365857"",""slug"":""will-michelle-bolsonaro-finish-in-second-place-in-the-first-round-of-the-2026-brazilian-presidential-election"",""question"":""Will Michelle Bolsonaro finish in second place in the first round of the 2026 Brazilian presidential election?"",""event_title"":""Brazil Presidential Election First Round: 2nd Place"",""endDate"":""2026-10-04T00:00:00Z"",""volume"":""90086.91753199996"",""source"":""events_slug_path"",""active"":true,""closed"":false},{""score"":1.0507,""id"":""1365856"",""slug"":""will-fernando-haddad-finish-in-second-place-in-the-first-round-of-the-2026-brazilian-presidential-election"",""question"":""Will Fernando Haddad finish in second place in the first round of the 2026 Brazilian presidential election?"",""event_title"":""Brazil Presidential Election First Round: 2nd Place"",""endDate"":""2026-10-04T00:00:00Z"",""volume"":""668517.3351410051"",""source"":""events_slug_path"",""active"":true,""closed"":false}]",AUTO_ACCEPTED: accepted rank=1 score=1.1238 top=1.1238 second=1.0731; score/margin guardrails disabled,,Flávio Bolsonaro,,KEPT
122,RSO-0122,28,Brazil Presidential Election First Round: 2nd Place,Brazil Presidential Election First Round: 2nd Place — Renan Santos,Will Renan Santos finish in second place in the first round of the 2026 Brazilian presidential election?,Will Renan Santos finish second in the Brazil presidential election first round?,Brazil,brazil_presidential,presidential_two_round,brazil_first_round_second_place_2026,tracked,brazil_core,multi_outcome_contract,2,Renan Santos,will-renan-santos-finish-in-second-place-in-the-first-round-of-the-2026-brazilian-presidential-election,will-renan-santos-finish-second-in-the-brazil-presidential-election-first-round,brazil-presidential-election-first-round-2nd-place,First-round second-place market; important runoff-composition signal.,needs_slug_clob_verification,appears_strong_from_paste,appears_clear_from_paste,Expanded to all visible candidate outcomes.,1365860,204972,0x83030b249525db4c0bcd83a915776442f4ea32d2fba10825fca4abeb51512d8f,"A presidential election is scheduled to take place in Brazil on October 4, 2026.

This market will resolve according to the listed candidate who receives the second-most valid votes in the first round of this election.

The named candidates will be primarily ranked by the number of valid votes received in the specified election. If two or more candidates are tied on valid votes, ties will be broken by alphabetical order of the candidates' last names. This market will resolve to the candidate that occupies the second-highest finishing position after applying this ranking.

If the result of this election isn't known definitively by June 30, 2027, 11:59 PM ET, the market will resolve to ""Other"".

This market will resolve based on the result of the election, as indicated by a consensus of credible reporting. If there is ambiguity, this market will resolve based solely on the official results as reported by the Brazilian government, specifically the Superior Electoral Court (Tribunal Superior Eleitoral, TSE) (e.g., https://dadosabertos.tse.jus.br/).",,,2026-10-04T00:00:00Z,true,false,,false,true,"[""Yes"",""No""]","[""17281846673721797872676200679500341356941280903768395106563553424335510148596"",""115381854837224536520278038714240660291382402054460028665787297334303336307013""]","{""Yes"":""17281846673721797872676200679500341356941280903768395106563553424335510148596"",""No"":""115381854837224536520278038714240660291382402054460028665787297334303336307013""}",17281846673721797872676200679500341356941280903768395106563553424335510148596,115381854837224536520278038714240660291382402054460028665787297334303336307013,1019421.4135749995,56050.1997,https://polymarket.com/event/will-renan-santos-finish-in-second-place-in-the-first-round-of-the-2026-brazilian-presidential-election,VERIFIED_READY,2026-06-25T20:30:20+00:00,"[{""score"":1.159,""id"":""1365860"",""slug"":""will-renan-santos-finish-in-second-place-in-the-first-round-of-the-2026-brazilian-presidential-election"",""question"":""Will Renan Santos finish in second place in the first round of the 2026 Brazilian presidential election?"",""event_title"":""Brazil Presidential Election First Round: 2nd Place"",""endDate"":""2026-10-04T00:00:00Z"",""volume"":""1019421.4135749995"",""source"":""events_slug_path"",""active"":true,""closed"":false},{""score"":1.0845,""id"":""1365856"",""slug"":""will-fernando-haddad-finish-in-second-place-in-the-first-round-of-the-2026-brazilian-presidential-election"",""question"":""Will Fernando Haddad finish in second place in the first round of the 2026 Brazilian presidential election?"",""event_title"":""Brazil Presidential Election First Round: 2nd Place"",""endDate"":""2026-10-04T00:00:00Z"",""volume"":""668517.3351410051"",""source"":""events_slug_path"",""active"":true,""closed"":false},{""score"":1.0714,""id"":""1365862"",""slug"":""will-ronaldo-caiado-finish-in-second-place-in-the-first-round-of-the-2026-brazilian-presidential-election"",""question"":""Will Ronaldo Caiado finish in second place in the first round of the 2026 Brazilian presidential election?"",""event_title"":""Brazil Presidential Election First Round: 2nd Place"",""endDate"":""2026-10-04T00:00:00Z"",""volume"":""310530.4176330004"",""source"":""events_slug_path"",""active"":true,""closed"":false},{""score"":1.0677,""id"":""1365859"",""slug"":""will-carlos-roberto-massa-jnior-finish-in-second-place-in-the-first-round-of-the-2026-brazilian-presidential-election"",""question"":""Will Carlos Roberto Massa Júnior finish in second place in the first round of the 2026 Brazilian presidential election?"",""event_title"":""Brazil Presidential Election First Round: 2nd Place"",""endDate"":""2026-10-04T00:00:00Z"",""volume"":""650324.735094"",""source"":""events_slug_path"",""active"":true,""closed"":false},{""score"":1.0583,""id"":""1365863"",""slug"":""will-romeu-zema-finish-in-second-place-in-the-first-round-of-the-2026-brazilian-presidential-election"",""question"":""Will Romeu Zema finish in second place in the first round of the 2026 Brazilian presidential election?"",""event_title"":""Brazil Presidential Election First Round: 2nd Place"",""endDate"":""2026-10-04T00:00:00Z"",""volume"":""271142.99855099985"",""source"":""events_slug_path"",""active"":true,""closed"":false}]",AUTO_ACCEPTED: accepted rank=1 score=1.1590 top=1.1590 second=1.0845; score/margin guardrails disabled,,Renan Santos,,KEPT
123,RSO-0123,28,Brazil Presidential Election First Round: 2nd Place,Brazil Presidential Election First Round: 2nd Place — Luiz Inácio Lula da Silva,Will Luiz Inácio Lula da Silva finish in second place in the first round of the 2026 Brazilian presidential election?,Will Luiz Inácio Lula da Silva finish second in the Brazil presidential election first round?,Brazil,brazil_presidential,presidential_two_round,brazil_first_round_second_place_2026,tracked,brazil_core,multi_outcome_contract,3,Luiz Inácio Lula da Silva,will-luiz-incio-lula-da-silva-finish-in-second-place-in-the-first-round-of-the-2026-brazilian-presidential-election,will-luiz-inacio-lula-da-silva-finish-second-in-the-brazil-presidential-election-first-round,brazil-presidential-election-first-round-2nd-place,First-round second-place market; important runoff-composition signal.,needs_slug_clob_verification,appears_strong_from_paste,appears_clear_from_paste,Expanded to all visible candidate outcomes.,1365854,204972,0x8ee27c276a1bee094293751285d8a6697674b023196cb21fdd14bf3ca12f6ec0,"A presidential election is scheduled to take place in Brazil on October 4, 2026.

This market will resolve according to the listed candidate who receives the second-most valid votes in the first round of this election.

The named candidates will be primarily ranked by the number of valid votes received in the specified election. If two or more candidates are tied on valid votes, ties will be broken by alphabetical order of the candidates' last names. This market will resolve to the candidate that occupies the second-highest finishing position after applying this ranking.

If the result of this election isn't known definitively by June 30, 2027, 11:59 PM ET, the market will resolve to ""Other"".

This market will resolve based on the result of the election, as indicated by a consensus of credible reporting. If there is ambiguity, this market will resolve based solely on the official results as reported by the Brazilian government, specifically the Superior Electoral Court (Tribunal Superior Eleitoral, TSE) (e.g., https://dadosabertos.tse.jus.br/).",,,2026-10-04T00:00:00Z,true,false,,false,true,"[""Yes"",""No""]","[""109856098174983029722649567789098297237073018943808237804563416414463140161494"",""61962380735045871351352563947746037189767398069960776455040567750304235670037""]","{""Yes"":""109856098174983029722649567789098297237073018943808237804563416414463140161494"",""No"":""61962380735045871351352563947746037189767398069960776455040567750304235670037""}",109856098174983029722649567789098297237073018943808237804563416414463140161494,61962380735045871351352563947746037189767398069960776455040567750304235670037,101293.74677399991,52472.34869,https://polymarket.com/event/will-luiz-incio-lula-da-silva-finish-in-second-place-in-the-first-round-of-the-2026-brazilian-presidential-election,VERIFIED_READY,2026-06-25T20:30:24+00:00,"[{""score"":1.1368,""id"":""1365854"",""slug"":""will-luiz-incio-lula-da-silva-finish-in-second-place-in-the-first-round-of-the-2026-brazilian-presidential-election"",""question"":""Will Luiz Inácio Lula da Silva finish in second place in the first round of the 2026 Brazilian presidential election?"",""event_title"":""Brazil Presidential Election First Round: 2nd Place"",""endDate"":""2026-10-04T00:00:00Z"",""volume"":""101293.74677399991"",""source"":""events_slug_path"",""active"":true,""closed"":false},{""score"":1.0237,""id"":""1365856"",""slug"":""will-fernando-haddad-finish-in-second-place-in-the-first-round-of-the-2026-brazilian-presidential-election"",""question"":""Will Fernando Haddad finish in second place in the first round of the 2026 Brazilian presidential election?"",""event_title"":""Brazil Presidential Election First Round: 2nd Place"",""endDate"":""2026-10-04T00:00:00Z"",""volume"":""668517.3351410051"",""source"":""events_slug_path"",""active"":true,""closed"":false},{""score"":1.0173,""id"":""1365860"",""slug"":""will-renan-santos-finish-in-second-place-in-the-first-round-of-the-2026-brazilian-presidential-election"",""question"":""Will Renan Santos finish in second place in the first round of the 2026 Brazilian presidential election?"",""event_title"":""Brazil Presidential Election First Round: 2nd Place"",""endDate"":""2026-10-04T00:00:00Z"",""volume"":""1019421.4135749995"",""source"":""events_slug_path"",""active"":true,""closed"":false},{""score"":1.0044,""id"":""1365862"",""slug"":""will-ronaldo-caiado-finish-in-second-place-in-the-first-round-of-the-2026-brazilian-presidential-election"",""question"":""Will Ronaldo Caiado finish in second place in the first round of the 2026 Brazilian presidential election?"",""event_title"":""Brazil Presidential Election First Round: 2nd Place"",""endDate"":""2026-10-04T00:00:00Z"",""volume"":""310530.4176330004"",""source"":""events_slug_path"",""active"":true,""closed"":false},{""score"":0.9983,""id"":""1365859"",""slug"":""will-carlos-roberto-massa-jnior-finish-in-second-place-in-the-first-round-of-the-2026-brazilian-presidential-election"",""question"":""Will Carlos Roberto Massa Júnior finish in second place in the first round of the 2026 Brazilian presidential election?"",""event_title"":""Brazil Presidential Election First Round: 2nd Place"",""endDate"":""2026-10-04T00:00:00Z"",""volume"":""650324.735094"",""source"":""events_slug_path"",""active"":true,""closed"":false}]",AUTO_ACCEPTED: accepted rank=1 score=1.1368 top=1.1368 second=1.0237; score/margin guardrails disabled,,Luiz Inácio Lula da Silva,,KEPT
124,RSO-0124,28,Brazil Presidential Election First Round: 2nd Place,Brazil Presidential Election First Round: 2nd Place — Romeu Zema,Will Romeu Zema finish in second place in the first round of the 2026 Brazilian presidential election?,Will Romeu Zema finish second in the Brazil presidential election first round?,Brazil,brazil_presidential,presidential_two_round,brazil_first_round_second_place_2026,tracked,brazil_core,multi_outcome_contract,4,Romeu Zema,will-romeu-zema-finish-in-second-place-in-the-first-round-of-the-2026-brazilian-presidential-election,will-romeu-zema-finish-second-in-the-brazil-presidential-election-first-round,brazil-presidential-election-first-round-2nd-place,First-round second-place market; important runoff-composition signal.,needs_slug_clob_verification,appears_strong_from_paste,appears_clear_from_paste,Expanded to all visible candidate outcomes.,1365863,204972,0xa68adbb0fedef76cef5c6e1ab2c2027704233fc5b6389037eb4d3565952892da,"A presidential election is scheduled to take place in Brazil on October 4, 2026.

This market will resolve according to the listed candidate who receives the second-most valid votes in the first round of this election.

The named candidates will be primarily ranked by the number of valid votes received in the specified election. If two or more candidates are tied on valid votes, ties will be broken by alphabetical order of the candidates' last names. This market will resolve to the candidate that occupies the second-highest finishing position after applying this ranking.

If the result of this election isn't known definitively by June 30, 2027, 11:59 PM ET, the market will resolve to ""Other"".

This market will resolve based on the result of the election, as indicated by a consensus of credible reporting. If there is ambiguity, this market will resolve based solely on the official results as reported by the Brazilian government, specifically the Superior Electoral Court (Tribunal Superior Eleitoral, TSE) (e.g., https://dadosabertos.tse.jus.br/).",,,2026-10-04T00:00:00Z,true,false,,false,true,"[""Yes"",""No""]","[""33120079315672925103019754502941180281339745524857289202950301940888637884529"",""6615860598496931552091839215853217736255138486181515376021032034917310104686""]","{""Yes"":""33120079315672925103019754502941180281339745524857289202950301940888637884529"",""No"":""6615860598496931552091839215853217736255138486181515376021032034917310104686""}",33120079315672925103019754502941180281339745524857289202950301940888637884529,6615860598496931552091839215853217736255138486181515376021032034917310104686,271142.99855099985,54376.25563,https://polymarket.com/event/will-romeu-zema-finish-in-second-place-in-the-first-round-of-the-2026-brazilian-presidential-election,VERIFIED_READY,2026-06-25T20:30:26+00:00,"[{""score"":1.1391,""id"":""1365863"",""slug"":""will-romeu-zema-finish-in-second-place-in-the-first-round-of-the-2026-brazilian-presidential-election"",""question"":""Will Romeu Zema finish in second place in the first round of the 2026 Brazilian presidential election?"",""event_title"":""Brazil Presidential Election First Round: 2nd Place"",""endDate"":""2026-10-04T00:00:00Z"",""volume"":""271142.99855099985"",""source"":""events_slug_path"",""active"":true,""closed"":false},{""score"":1.077,""id"":""1365856"",""slug"":""will-fernando-haddad-finish-in-second-place-in-the-first-round-of-the-2026-brazilian-presidential-election"",""question"":""Will Fernando Haddad finish in second place in the first round of the 2026 Brazilian presidential election?"",""event_title"":""Brazil Presidential Election First Round: 2nd Place"",""endDate"":""2026-10-04T00:00:00Z"",""volume"":""668517.3351410051"",""source"":""events_slug_path"",""active"":true,""closed"":false},{""score"":1.0703,""id"":""1365860"",""slug"":""will-renan-santos-finish-in-second-place-in-the-first-round-of-the-2026-brazilian-presidential-election"",""question"":""Will Renan Santos finish in second place in the first round of the 2026 Brazilian presidential election?"",""event_title"":""Brazil Presidential Election First Round: 2nd Place"",""endDate"":""2026-10-04T00:00:00Z"",""volume"":""1019421.4135749995"",""source"":""events_slug_path"",""active"":true,""closed"":false},{""score"":1.0664,""id"":""1365859"",""slug"":""will-carlos-roberto-massa-jnior-finish-in-second-place-in-the-first-round-of-the-2026-brazilian-presidential-election"",""question"":""Will Carlos Roberto Massa Júnior finish in second place in the first round of the 2026 Brazilian presidential election?"",""event_title"":""Brazil Presidential Election First Round: 2nd Place"",""endDate"":""2026-10-04T00:00:00Z"",""volume"":""650324.735094"",""source"":""events_slug_path"",""active"":true,""closed"":false},{""score"":1.0638,""id"":""1365862"",""slug"":""will-ronaldo-caiado-finish-in-second-place-in-the-first-round-of-the-2026-brazilian-presidential-election"",""question"":""Will Ronaldo Caiado finish in second place in the first round of the 2026 Brazilian presidential election?"",""event_title"":""Brazil Presidential Election First Round: 2nd Place"",""endDate"":""2026-10-04T00:00:00Z"",""volume"":""310530.4176330004"",""source"":""events_slug_path"",""active"":true,""closed"":false}]",AUTO_ACCEPTED: accepted rank=1 score=1.1391 top=1.1391 second=1.0770; score/margin guardrails disabled,,Romeu Zema,,KEPT
125,RSO-0125,28,Brazil Presidential Election First Round: 2nd Place,Brazil Presidential Election First Round: 2nd Place — Michelle Bolsonaro,Will Michelle Bolsonaro finish in second place in the first round of the 2026 Brazilian presidential election?,Will Michelle Bolsonaro finish second in the Brazil presidential election first round?,Brazil,brazil_presidential,presidential_two_round,brazil_first_round_second_place_2026,tracked,brazil_core,multi_outcome_contract,5,Michelle Bolsonaro,will-michelle-bolsonaro-finish-in-second-place-in-the-first-round-of-the-2026-brazilian-presidential-election,will-michelle-bolsonaro-finish-second-in-the-brazil-presidential-election-first-round,brazil-presidential-election-first-round-2nd-place,First-round second-place market; important runoff-composition signal.,needs_slug_clob_verification,appears_strong_from_paste,appears_clear_from_paste,Expanded to all visible candidate outcomes.,1365857,204972,0x000e7d579cf57fd0b8428656d385c57f3c6e7f8e5ffe9b7a9955fa2ffd2cd260,"A presidential election is scheduled to take place in Brazil on October 4, 2026.

This market will resolve according to the listed candidate who receives the second-most valid votes in the first round of this election.

The named candidates will be primarily ranked by the number of valid votes received in the specified election. If two or more candidates are tied on valid votes, ties will be broken by alphabetical order of the candidates' last names. This market will resolve to the candidate that occupies the second-highest finishing position after applying this ranking.

If the result of this election isn't known definitively by June 30, 2027, 11:59 PM ET, the market will resolve to ""Other"".

This market will resolve based on the result of the election, as indicated by a consensus of credible reporting. If there is ambiguity, this market will resolve based solely on the official results as reported by the Brazilian government, specifically the Superior Electoral Court (Tribunal Superior Eleitoral, TSE) (e.g., https://dadosabertos.tse.jus.br/).",,,2026-10-04T00:00:00Z,true,false,,false,true,"[""Yes"",""No""]","[""46016593873997340258679724205324373176224812313655314178053388989396764209886"",""113720045153774809054613514125162877607437584886774368919629518549785013701304""]","{""Yes"":""46016593873997340258679724205324373176224812313655314178053388989396764209886"",""No"":""113720045153774809054613514125162877607437584886774368919629518549785013701304""}",46016593873997340258679724205324373176224812313655314178053388989396764209886,113720045153774809054613514125162877607437584886774368919629518549785013701304,90086.91753199996,43664.65034,https://polymarket.com/event/will-michelle-bolsonaro-finish-in-second-place-in-the-first-round-of-the-2026-brazilian-presidential-election,VERIFIED_READY,2026-06-25T20:30:29+00:00,"[{""score"":1.1291,""id"":""1365857"",""slug"":""will-michelle-bolsonaro-finish-in-second-place-in-the-first-round-of-the-2026-brazilian-presidential-election"",""question"":""Will Michelle Bolsonaro finish in second place in the first round of the 2026 Brazilian presidential election?"",""event_title"":""Brazil Presidential Election First Round: 2nd Place"",""endDate"":""2026-10-04T00:00:00Z"",""volume"":""90086.91753199996"",""source"":""events_slug_path"",""active"":true,""closed"":false},{""score"":1.0806,""id"":""1365855"",""slug"":""will-jair-bolsonaro-finish-in-second-place-in-the-first-round-of-the-2026-brazilian-presidential-election"",""question"":""Will Jair Bolsonaro finish in second place in the first round of the 2026 Brazilian presidential election?"",""event_title"":""Brazil Presidential Election First Round: 2nd Place"",""endDate"":""2026-10-04T00:00:00Z"",""volume"":""98972.65859100007"",""source"":""events_slug_path"",""active"":true,""closed"":false},{""score"":1.075,""id"":""1365861"",""slug"":""will-flvio-bolsonaro-finish-in-second-place-in-the-first-round-of-the-2026-brazilian-presidential-election"",""question"":""Will Flávio Bolsonaro finish in second place in the first round of the 2026 Brazilian presidential election?"",""event_title"":""Brazil Presidential Election First Round: 2nd Place"",""endDate"":""2026-10-04T00:00:00Z"",""volume"":""81865.57213499985"",""source"":""events_slug_path"",""active"":true,""closed"":false},{""score"":1.0726,""id"":""1365858"",""slug"":""will-eduardo-bolsonaro-finish-in-second-place-in-the-first-round-of-the-2026-brazilian-presidential-election"",""question"":""Will Eduardo Bolsonaro finish in second place in the first round of the 2026 Brazilian presidential election?"",""event_title"":""Brazil Presidential Election First Round: 2nd Place"",""endDate"":""2026-10-04T00:00:00Z"",""volume"":""75550.85043600005"",""source"":""events_slug_path"",""active"":true,""closed"":false},{""score"":1.0633,""id"":""1365860"",""slug"":""will-renan-santos-finish-in-second-place-in-the-first-round-of-the-2026-brazilian-presidential-election"",""question"":""Will Renan Santos finish in second place in the first round of the 2026 Brazilian presidential election?"",""event_title"":""Brazil Presidential Election First Round: 2nd Place"",""endDate"":""2026-10-04T00:00:00Z"",""volume"":""1019421.4135749995"",""source"":""events_slug_path"",""active"":true,""closed"":false}]",AUTO_ACCEPTED: accepted rank=1 score=1.1291 top=1.1291 second=1.0806; score/margin guardrails disabled,,Michelle Bolsonaro,,KEPT
126,RSO-0126,28,Brazil Presidential Election First Round: 2nd Place,Brazil Presidential Election First Round: 2nd Place — Fernando Haddad,Will Fernando Haddad finish in second place in the first round of the 2026 Brazilian presidential election?,Will Fernando Haddad finish second in the Brazil presidential election first round?,Brazil,brazil_presidential,presidential_two_round,brazil_first_round_second_place_2026,tracked,brazil_core,multi_outcome_contract,6,Fernando Haddad,will-fernando-haddad-finish-in-second-place-in-the-first-round-of-the-2026-brazilian-presidential-election,will-fernando-haddad-finish-second-in-the-brazil-presidential-election-first-round,brazil-presidential-election-first-round-2nd-place,First-round second-place market; important runoff-composition signal.,needs_slug_clob_verification,appears_strong_from_paste,appears_clear_from_paste,Expanded to all visible candidate outcomes.,1365856,204972,0x0f8a16fa8809127bc86712e24cea9314cf1eb000c69150ff01b9f10f166903f5,"A presidential election is scheduled to take place in Brazil on October 4, 2026.

This market will resolve according to the listed candidate who receives the second-most valid votes in the first round of this election.

The named candidates will be primarily ranked by the number of valid votes received in the specified election. If two or more candidates are tied on valid votes, ties will be broken by alphabetical order of the candidates' last names. This market will resolve to the candidate that occupies the second-highest finishing position after applying this ranking.

If the result of this election isn't known definitively by June 30, 2027, 11:59 PM ET, the market will resolve to ""Other"".

This market will resolve based on the result of the election, as indicated by a consensus of credible reporting. If there is ambiguity, this market will resolve based solely on the official results as reported by the Brazilian government, specifically the Superior Electoral Court (Tribunal Superior Eleitoral, TSE) (e.g., https://dadosabertos.tse.jus.br/).",,,2026-10-04T00:00:00Z,true,false,,false,true,"[""Yes"",""No""]","[""43401707698084567428952104543307143736192808401383569468543634607641861802704"",""30989511937020490979160559462520594404051424910585887462469107456147707990771""]","{""Yes"":""43401707698084567428952104543307143736192808401383569468543634607641861802704"",""No"":""30989511937020490979160559462520594404051424910585887462469107456147707990771""}",43401707698084567428952104543307143736192808401383569468543634607641861802704,30989511937020490979160559462520594404051424910585887462469107456147707990771,668517.3351410051,41075.19169,https://polymarket.com/event/will-fernando-haddad-finish-in-second-place-in-the-first-round-of-the-2026-brazilian-presidential-election,VERIFIED_READY,2026-06-25T20:30:32+00:00,"[{""score"":1.1625,""id"":""1365856"",""slug"":""will-fernando-haddad-finish-in-second-place-in-the-first-round-of-the-2026-brazilian-presidential-election"",""question"":""Will Fernando Haddad finish in second place in the first round of the 2026 Brazilian presidential election?"",""event_title"":""Brazil Presidential Election First Round: 2nd Place"",""endDate"":""2026-10-04T00:00:00Z"",""volume"":""668517.3351410051"",""source"":""events_slug_path"",""active"":true,""closed"":false},{""score"":1.0768,""id"":""1365860"",""slug"":""will-renan-santos-finish-in-second-place-in-the-first-round-of-the-2026-brazilian-presidential-election"",""question"":""Will Renan Santos finish in second place in the first round of the 2026 Brazilian presidential election?"",""event_title"":""Brazil Presidential Election First Round: 2nd Place"",""endDate"":""2026-10-04T00:00:00Z"",""volume"":""1019421.4135749995"",""source"":""events_slug_path"",""active"":true,""closed"":false},{""score"":1.0762,""id"":""1365862"",""slug"":""will-ronaldo-caiado-finish-in-second-place-in-the-first-round-of-the-2026-brazilian-presidential-election"",""question"":""Will Ronaldo Caiado finish in second place in the first round of the 2026 Brazilian presidential election?"",""event_title"":""Brazil Presidential Election First Round: 2nd Place"",""endDate"":""2026-10-04T00:00:00Z"",""volume"":""310530.4176330004"",""source"":""events_slug_path"",""active"":true,""closed"":false},{""score"":1.055,""id"":""1365859"",""slug"":""will-carlos-roberto-massa-jnior-finish-in-second-place-in-the-first-round-of-the-2026-brazilian-presidential-election"",""question"":""Will Carlos Roberto Massa Júnior finish in second place in the first round of the 2026 Brazilian presidential election?"",""event_title"":""Brazil Presidential Election First Round: 2nd Place"",""endDate"":""2026-10-04T00:00:00Z"",""volume"":""650324.735094"",""source"":""events_slug_path"",""active"":true,""closed"":false},{""score"":1.0504,""id"":""1365865"",""slug"":""will-geraldo-alckmin-finish-in-second-place-in-the-first-round-of-the-2026-brazilian-presidential-election"",""question"":""Will Geraldo Alckmin finish in second place in the first round of the 2026 Brazilian presidential election?"",""event_title"":""Brazil Presidential Election First Round: 2nd Place"",""endDate"":""2026-10-04T00:00:00Z"",""volume"":""132229.54202699993"",""source"":""events_slug_path"",""active"":true,""closed"":false}]",AUTO_ACCEPTED: accepted rank=1 score=1.1625 top=1.1625 second=1.0768; score/margin guardrails disabled,,Fernando Haddad,,KEPT
127,RSO-0127,28,Brazil Presidential Election First Round: 2nd Place,Brazil Presidential Election First Round: 2nd Place — Camilo Santana,Will Camilo Santana finish in second place in the first round of the 2026 Brazilian presidential election?,Will Camilo Santana finish second in the Brazil presidential election first round?,Brazil,brazil_presidential,presidential_two_round,brazil_first_round_second_place_2026,tracked,brazil_core,multi_outcome_contract,7,Camilo Santana,will-camilo-santana-finish-in-second-place-in-the-first-round-of-the-2026-brazilian-presidential-election,will-camilo-santana-finish-second-in-the-brazil-presidential-election-first-round,brazil-presidential-election-first-round-2nd-place,First-round second-place market; important runoff-composition signal.,needs_slug_clob_verification,appears_strong_from_paste,appears_clear_from_paste,Expanded to all visible candidate outcomes.,1365864,204972,0x8576ba0a2bbe51db4f61c513059475a09e0cb0bd754b955fce0ddc7793ffa08f,"A presidential election is scheduled to take place in Brazil on October 4, 2026.

This market will resolve according to the listed candidate who receives the second-most valid votes in the first round of this election.

The named candidates will be primarily ranked by the number of valid votes received in the specified election. If two or more candidates are tied on valid votes, ties will be broken by alphabetical order of the candidates' last names. This market will resolve to the candidate that occupies the second-highest finishing position after applying this ranking.

If the result of this election isn't known definitively by June 30, 2027, 11:59 PM ET, the market will resolve to ""Other"".

This market will resolve based on the result of the election, as indicated by a consensus of credible reporting. If there is ambiguity, this market will resolve based solely on the official results as reported by the Brazilian government, specifically the Superior Electoral Court (Tribunal Superior Eleitoral, TSE) (e.g., https://dadosabertos.tse.jus.br/).",,,2026-10-04T00:00:00Z,true,false,,false,true,"[""Yes"",""No""]","[""2501107153963268281942035041037528214870417801204824857715972358420826737525"",""84874196207674864577489232359725702243422127520159727288493803063430839789501""]","{""Yes"":""2501107153963268281942035041037528214870417801204824857715972358420826737525"",""No"":""84874196207674864577489232359725702243422127520159727288493803063430839789501""}",2501107153963268281942035041037528214870417801204824857715972358420826737525,84874196207674864577489232359725702243422127520159727288493803063430839789501,68985.40828199992,37890.26645,https://polymarket.com/event/will-camilo-santana-finish-in-second-place-in-the-first-round-of-the-2026-brazilian-presidential-election,VERIFIED_READY,2026-06-25T20:30:35+00:00,"[{""score"":1.1221,""id"":""1365864"",""slug"":""will-camilo-santana-finish-in-second-place-in-the-first-round-of-the-2026-brazilian-presidential-election"",""question"":""Will Camilo Santana finish in second place in the first round of the 2026 Brazilian presidential election?"",""event_title"":""Brazil Presidential Election First Round: 2nd Place"",""endDate"":""2026-10-04T00:00:00Z"",""volume"":""68985.40828199992"",""source"":""events_slug_path"",""active"":true,""closed"":false},{""score"":1.0856,""id"":""1365860"",""slug"":""will-renan-santos-finish-in-second-place-in-the-first-round-of-the-2026-brazilian-presidential-election"",""question"":""Will Renan Santos finish in second place in the first round of the 2026 Brazilian presidential election?"",""event_title"":""Brazil Presidential Election First Round: 2nd Place"",""endDate"":""2026-10-04T00:00:00Z"",""volume"":""1019421.4135749995"",""source"":""events_slug_path"",""active"":true,""closed"":false},{""score"":1.0733,""id"":""1365856"",""slug"":""will-fernando-haddad-finish-in-second-place-in-the-first-round-of-the-2026-brazilian-presidential-election"",""question"":""Will Fernando Haddad finish in second place in the first round of the 2026 Brazilian presidential election?"",""event_title"":""Brazil Presidential Election First Round: 2nd Place"",""endDate"":""2026-10-04T00:00:00Z"",""volume"":""668517.3351410051"",""source"":""events_slug_path"",""active"":true,""closed"":false},{""score"":1.0689,""id"":""1365859"",""slug"":""will-carlos-roberto-massa-jnior-finish-in-second-place-in-the-first-round-of-the-2026-brazilian-presidential-election"",""question"":""Will Carlos Roberto Massa Júnior finish in second place in the first round of the 2026 Brazilian presidential election?"",""event_title"":""Brazil Presidential Election First Round: 2nd Place"",""endDate"":""2026-10-04T00:00:00Z"",""volume"":""650324.735094"",""source"":""events_slug_path"",""active"":true,""closed"":false},{""score"":1.0538,""id"":""1365862"",""slug"":""will-ronaldo-caiado-finish-in-second-place-in-the-first-round-of-the-2026-brazilian-presidential-election"",""question"":""Will Ronaldo Caiado finish in second place in the first round of the 2026 Brazilian presidential election?"",""event_title"":""Brazil Presidential Election First Round: 2nd Place"",""endDate"":""2026-10-04T00:00:00Z"",""volume"":""310530.4176330004"",""source"":""events_slug_path"",""active"":true,""closed"":false}]",AUTO_ACCEPTED: accepted rank=1 score=1.1221 top=1.1221 second=1.0856; score/margin guardrails disabled,,Camilo Santana,,KEPT
128,RSO-0128,28,Brazil Presidential Election First Round: 2nd Place,Brazil Presidential Election First Round: 2nd Place — Ronaldo Caiado,Will Ronaldo Caiado finish in second place in the first round of the 2026 Brazilian presidential election?,Will Ronaldo Caiado finish second in the Brazil presidential election first round?,Brazil,brazil_presidential,presidential_two_round,brazil_first_round_second_place_2026,tracked,brazil_core,multi_outcome_contract,8,Ronaldo Caiado,will-ronaldo-caiado-finish-in-second-place-in-the-first-round-of-the-2026-brazilian-presidential-election,will-ronaldo-caiado-finish-second-in-the-brazil-presidential-election-first-round,brazil-presidential-election-first-round-2nd-place,First-round second-place market; important runoff-composition signal.,needs_slug_clob_verification,appears_strong_from_paste,appears_clear_from_paste,Expanded to all visible candidate outcomes.,1365862,204972,0x1991f63d7497ae667a9b78932ec8834ee411bdce4272b5fd42a1cf9f05cca1fb,"A presidential election is scheduled to take place in Brazil on October 4, 2026.

This market will resolve according to the listed candidate who receives the second-most valid votes in the first round of this election.

The named candidates will be primarily ranked by the number of valid votes received in the specified election. If two or more candidates are tied on valid votes, ties will be broken by alphabetical order of the candidates' last names. This market will resolve to the candidate that occupies the second-highest finishing position after applying this ranking.

If the result of this election isn't known definitively by June 30, 2027, 11:59 PM ET, the market will resolve to ""Other"".

This market will resolve based on the result of the election, as indicated by a consensus of credible reporting. If there is ambiguity, this market will resolve based solely on the official results as reported by the Brazilian government, specifically the Superior Electoral Court (Tribunal Superior Eleitoral, TSE) (e.g., https://dadosabertos.tse.jus.br/).",,,2026-10-04T00:00:00Z,true,false,,false,true,"[""Yes"",""No""]","[""96410334963636722955423607584767406044469608220941769303770962314672696289162"",""78525767424082144878715786470002399165255476638314107161803176380717448760854""]","{""Yes"":""96410334963636722955423607584767406044469608220941769303770962314672696289162"",""No"":""78525767424082144878715786470002399165255476638314107161803176380717448760854""}",96410334963636722955423607584767406044469608220941769303770962314672696289162,78525767424082144878715786470002399165255476638314107161803176380717448760854,310530.4176330004,37375.44447,https://polymarket.com/event/will-ronaldo-caiado-finish-in-second-place-in-the-first-round-of-the-2026-brazilian-presidential-election,VERIFIED_READY,2026-06-25T20:30:38+00:00,"[{""score"":1.1462,""id"":""1365862"",""slug"":""will-ronaldo-caiado-finish-in-second-place-in-the-first-round-of-the-2026-brazilian-presidential-election"",""question"":""Will Ronaldo Caiado finish in second place in the first round of the 2026 Brazilian presidential election?"",""event_title"":""Brazil Presidential Election First Round: 2nd Place"",""endDate"":""2026-10-04T00:00:00Z"",""volume"":""310530.4176330004"",""source"":""events_slug_path"",""active"":true,""closed"":false},{""score"":1.0919,""id"":""1365856"",""slug"":""will-fernando-haddad-finish-in-second-place-in-the-first-round-of-the-2026-brazilian-presidential-election"",""question"":""Will Fernando Haddad finish in second place in the first round of the 2026 Brazilian presidential election?"",""event_title"":""Brazil Presidential Election First Round: 2nd Place"",""endDate"":""2026-10-04T00:00:00Z"",""volume"":""668517.3351410051"",""source"":""events_slug_path"",""active"":true,""closed"":false},{""score"":1.073,""id"":""1365860"",""slug"":""will-renan-santos-finish-in-second-place-in-the-first-round-of-the-2026-brazilian-presidential-election"",""question"":""Will Renan Santos finish in second place in the first round of the 2026 Brazilian presidential election?"",""event_title"":""Brazil Presidential Election First Round: 2nd Place"",""endDate"":""2026-10-04T00:00:00Z"",""volume"":""1019421.4135749995"",""source"":""events_slug_path"",""active"":true,""closed"":false},{""score"":1.063,""id"":""1365859"",""slug"":""will-carlos-roberto-massa-jnior-finish-in-second-place-in-the-first-round-of-the-2026-brazilian-presidential-election"",""question"":""Will Carlos Roberto Massa Júnior finish in second place in the first round of the 2026 Brazilian presidential election?"",""event_title"":""Brazil Presidential Election First Round: 2nd Place"",""endDate"":""2026-10-04T00:00:00Z"",""volume"":""650324.735094"",""source"":""events_slug_path"",""active"":true,""closed"":false},{""score"":1.0591,""id"":""1365865"",""slug"":""will-geraldo-alckmin-finish-in-second-place-in-the-first-round-of-the-2026-brazilian-presidential-election"",""question"":""Will Geraldo Alckmin finish in second place in the first round of the 2026 Brazilian presidential election?"",""event_title"":""Brazil Presidential Election First Round: 2nd Place"",""endDate"":""2026-10-04T00:00:00Z"",""volume"":""132229.54202699993"",""source"":""events_slug_path"",""active"":true,""closed"":false}]",AUTO_ACCEPTED: accepted rank=1 score=1.1462 top=1.1462 second=1.0919; score/margin guardrails disabled,,Ronaldo Caiado,,KEPT
129,RSO-0129,28,Brazil Presidential Election First Round: 2nd Place,Brazil Presidential Election First Round: 2nd Place — Geraldo Alckmin,Will Geraldo Alckmin finish in second place in the first round of the 2026 Brazilian presidential election?,Will Geraldo Alckmin finish second in the Brazil presidential election first round?,Brazil,brazil_presidential,presidential_two_round,brazil_first_round_second_place_2026,tracked,brazil_core,multi_outcome_contract,9,Geraldo Alckmin,will-geraldo-alckmin-finish-in-second-place-in-the-first-round-of-the-2026-brazilian-presidential-election,will-geraldo-alckmin-finish-second-in-the-brazil-presidential-election-first-round,brazil-presidential-election-first-round-2nd-place,First-round second-place market; important runoff-composition signal.,needs_slug_clob_verification,appears_strong_from_paste,appears_clear_from_paste,Expanded to all visible candidate outcomes.,1365865,204972,0xce4c63006ae8c2690d9da01aff225c4ff9258a9722a86ffad4bb7964d20d0bc3,"A presidential election is scheduled to take place in Brazil on October 4, 2026.

This market will resolve according to the listed candidate who receives the second-most valid votes in the first round of this election.

The named candidates will be primarily ranked by the number of valid votes received in the specified election. If two or more candidates are tied on valid votes, ties will be broken by alphabetical order of the candidates' last names. This market will resolve to the candidate that occupies the second-highest finishing position after applying this ranking.

If the result of this election isn't known definitively by June 30, 2027, 11:59 PM ET, the market will resolve to ""Other"".

This market will resolve based on the result of the election, as indicated by a consensus of credible reporting. If there is ambiguity, this market will resolve based solely on the official results as reported by the Brazilian government, specifically the Superior Electoral Court (Tribunal Superior Eleitoral, TSE) (e.g., https://dadosabertos.tse.jus.br/).",,,2026-10-04T00:00:00Z,true,false,,false,true,"[""Yes"",""No""]","[""100647140845022421372197923820844978928757465820355118741468398091991301752614"",""48519351933663670369567408095589148177645033302562192256309424813648475227927""]","{""Yes"":""100647140845022421372197923820844978928757465820355118741468398091991301752614"",""No"":""48519351933663670369567408095589148177645033302562192256309424813648475227927""}",100647140845022421372197923820844978928757465820355118741468398091991301752614,48519351933663670369567408095589148177645033302562192256309424813648475227927,132229.54202699993,39728.03183,https://polymarket.com/event/will-geraldo-alckmin-finish-in-second-place-in-the-first-round-of-the-2026-brazilian-presidential-election,VERIFIED_READY,2026-06-25T20:30:41+00:00,"[{""score"":1.1297,""id"":""1365865"",""slug"":""will-geraldo-alckmin-finish-in-second-place-in-the-first-round-of-the-2026-brazilian-presidential-election"",""question"":""Will Geraldo Alckmin finish in second place in the first round of the 2026 Brazilian presidential election?"",""event_title"":""Brazil Presidential Election First Round: 2nd Place"",""endDate"":""2026-10-04T00:00:00Z"",""volume"":""132229.54202699993"",""source"":""events_slug_path"",""active"":true,""closed"":false},{""score"":1.0832,""id"":""1365856"",""slug"":""will-fernando-haddad-finish-in-second-place-in-the-first-round-of-the-2026-brazilian-presidential-election"",""question"":""Will Fernando Haddad finish in second place in the first round of the 2026 Brazilian presidential election?"",""event_title"":""Brazil Presidential Election First Round: 2nd Place"",""endDate"":""2026-10-04T00:00:00Z"",""volume"":""668517.3351410051"",""source"":""events_slug_path"",""active"":true,""closed"":false},{""score"":1.0762,""id"":""1365862"",""slug"":""will-ronaldo-caiado-finish-in-second-place-in-the-first-round-of-the-2026-brazilian-presidential-election"",""question"":""Will Ronaldo Caiado finish in second place in the first round of the 2026 Brazilian presidential election?"",""event_title"":""Brazil Presidential Election First Round: 2nd Place"",""endDate"":""2026-10-04T00:00:00Z"",""volume"":""310530.4176330004"",""source"":""events_slug_path"",""active"":true,""closed"":false},{""score"":1.0643,""id"":""1365860"",""slug"":""will-renan-santos-finish-in-second-place-in-the-first-round-of-the-2026-brazilian-presidential-election"",""question"":""Will Renan Santos finish in second place in the first round of the 2026 Brazilian presidential election?"",""event_title"":""Brazil Presidential Election First Round: 2nd Place"",""endDate"":""2026-10-04T00:00:00Z"",""volume"":""1019421.4135749995"",""source"":""events_slug_path"",""active"":true,""closed"":false},{""score"":1.055,""id"":""1365859"",""slug"":""will-carlos-roberto-massa-jnior-finish-in-second-place-in-the-first-round-of-the-2026-brazilian-presidential-election"",""question"":""Will Carlos Roberto Massa Júnior finish in second place in the first round of the 2026 Brazilian presidential election?"",""event_title"":""Brazil Presidential Election First Round: 2nd Place"",""endDate"":""2026-10-04T00:00:00Z"",""volume"":""650324.735094"",""source"":""events_slug_path"",""active"":true,""closed"":false}]",AUTO_ACCEPTED: accepted rank=1 score=1.1297 top=1.1297 second=1.0832; score/margin guardrails disabled,,Geraldo Alckmin,,KEPT
130,RSO-0130,28,Brazil Presidential Election First Round: 2nd Place,Brazil Presidential Election First Round: 2nd Place — Tereza Cristina,Will Tereza Cristina finish in second place in the first round of the 2026 Brazilian presidential election?,Will Tereza Cristina finish second in the Brazil presidential election first round?,Brazil,brazil_presidential,presidential_two_round,brazil_first_round_second_place_2026,tracked,brazil_core,multi_outcome_contract,10,Tereza Cristina,will-tereza-cristina-finish-in-second-place-in-the-first-round-of-the-2026-brazilian-presidential-election,will-tereza-cristina-finish-second-in-the-brazil-presidential-election-first-round,brazil-presidential-election-first-round-2nd-place,First-round second-place market; important runoff-composition signal.,needs_slug_clob_verification,appears_strong_from_paste,appears_clear_from_paste,Expanded to all visible candidate outcomes.,1365868,204972,0x178b80b71955607500875f59a6bfe67bfac7428f4650cb3d219f1f81bd5d7d5f,"A presidential election is scheduled to take place in Brazil on October 4, 2026.

This market will resolve according to the listed candidate who receives the second-most valid votes in the first round of this election.

The named candidates will be primarily ranked by the number of valid votes received in the specified election. If two or more candidates are tied on valid votes, ties will be broken by alphabetical order of the candidates' last names. This market will resolve to the candidate that occupies the second-highest finishing position after applying this ranking.

If the result of this election isn't known definitively by June 30, 2027, 11:59 PM ET, the market will resolve to ""Other"".

This market will resolve based on the result of the election, as indicated by a consensus of credible reporting. If there is ambiguity, this market will resolve based solely on the official results as reported by the Brazilian government, specifically the Superior Electoral Court (Tribunal Superior Eleitoral, TSE) (e.g., https://dadosabertos.tse.jus.br/).",,,2026-10-04T00:00:00Z,true,false,,false,true,"[""Yes"",""No""]","[""34627033339089799648488362851420954182098601277414632412441293328075890478329"",""98526505065443323668312022612032210628976040095894473500916949788181201033129""]","{""Yes"":""34627033339089799648488362851420954182098601277414632412441293328075890478329"",""No"":""98526505065443323668312022612032210628976040095894473500916949788181201033129""}",34627033339089799648488362851420954182098601277414632412441293328075890478329,98526505065443323668312022612032210628976040095894473500916949788181201033129,15524.611720999994,41553.42966,https://polymarket.com/event/will-tereza-cristina-finish-in-second-place-in-the-first-round-of-the-2026-brazilian-presidential-election,VERIFIED_READY,2026-06-25T20:30:44+00:00,"[{""score"":1.1182,""id"":""1365868"",""slug"":""will-tereza-cristina-finish-in-second-place-in-the-first-round-of-the-2026-brazilian-presidential-election"",""question"":""Will Tereza Cristina finish in second place in the first round of the 2026 Brazilian presidential election?"",""event_title"":""Brazil Presidential Election First Round: 2nd Place"",""endDate"":""2026-10-04T00:00:00Z"",""volume"":""15524.611720999994"",""source"":""events_slug_path"",""active"":true,""closed"":false},{""score"":1.0706,""id"":""1365860"",""slug"":""will-renan-santos-finish-in-second-place-in-the-first-round-of-the-2026-brazilian-presidential-election"",""question"":""Will Renan Santos finish in second place in the first round of the 2026 Brazilian presidential election?"",""event_title"":""Brazil Presidential Election First Round: 2nd Place"",""endDate"":""2026-10-04T00:00:00Z"",""volume"":""1019421.4135749995"",""source"":""events_slug_path"",""active"":true,""closed"":false},{""score"":1.0646,""id"":""1365856"",""slug"":""will-fernando-haddad-finish-in-second-place-in-the-first-round-of-the-2026-brazilian-presidential-election"",""question"":""Will Fernando Haddad finish in second place in the first round of the 2026 Brazilian presidential election?"",""event_title"":""Brazil Presidential Election First Round: 2nd Place"",""endDate"":""2026-10-04T00:00:00Z"",""volume"":""668517.3351410051"",""source"":""events_slug_path"",""active"":true,""closed"":false},{""score"":1.0638,""id"":""1365862"",""slug"":""will-ronaldo-caiado-finish-in-second-place-in-the-first-round-of-the-2026-brazilian-presidential-election"",""question"":""Will Ronaldo Caiado finish in second place in the first round of the 2026 Brazilian presidential election?"",""event_title"":""Brazil Presidential Election First Round: 2nd Place"",""endDate"":""2026-10-04T00:00:00Z"",""volume"":""310530.4176330004"",""source"":""events_slug_path"",""active"":true,""closed"":false},{""score"":1.0508,""id"":""1365863"",""slug"":""will-romeu-zema-finish-in-second-place-in-the-first-round-of-the-2026-brazilian-presidential-election"",""question"":""Will Romeu Zema finish in second place in the first round of the 2026 Brazilian presidential election?"",""event_title"":""Brazil Presidential Election First Round: 2nd Place"",""endDate"":""2026-10-04T00:00:00Z"",""volume"":""271142.99855099985"",""source"":""events_slug_path"",""active"":true,""closed"":false}]",AUTO_ACCEPTED: accepted rank=1 score=1.1182 top=1.1182 second=1.0706; score/margin guardrails disabled,,Tereza Cristina,,KEPT
131,RSO-0131,28,Brazil Presidential Election First Round: 2nd Place,Brazil Presidential Election First Round: 2nd Place — Jair Bolsonaro,Will Jair Bolsonaro finish in second place in the first round of the 2026 Brazilian presidential election?,Will Jair Bolsonaro finish second in the Brazil presidential election first round?,Brazil,brazil_presidential,presidential_two_round,brazil_first_round_second_place_2026,tracked,brazil_core,multi_outcome_contract,11,Jair Bolsonaro,will-jair-bolsonaro-finish-in-second-place-in-the-first-round-of-the-2026-brazilian-presidential-election,will-jair-bolsonaro-finish-second-in-the-brazil-presidential-election-first-round,brazil-presidential-election-first-round-2nd-place,First-round second-place market; important runoff-composition signal.,needs_slug_clob_verification,appears_strong_from_paste,appears_clear_from_paste,Expanded to all visible candidate outcomes.,1365855,204972,0x61fc517c2b0d6f945868070a3ac722bfa35f07154d34bec2f9bfe41436098bce,"A presidential election is scheduled to take place in Brazil on October 4, 2026.

This market will resolve according to the listed candidate who receives the second-most valid votes in the first round of this election.

The named candidates will be primarily ranked by the number of valid votes received in the specified election. If two or more candidates are tied on valid votes, ties will be broken by alphabetical order of the candidates' last names. This market will resolve to the candidate that occupies the second-highest finishing position after applying this ranking.

If the result of this election isn't known definitively by June 30, 2027, 11:59 PM ET, the market will resolve to ""Other"".

This market will resolve based on the result of the election, as indicated by a consensus of credible reporting. If there is ambiguity, this market will resolve based solely on the official results as reported by the Brazilian government, specifically the Superior Electoral Court (Tribunal Superior Eleitoral, TSE) (e.g., https://dadosabertos.tse.jus.br/).",,,2026-10-04T00:00:00Z,true,false,,false,true,"[""Yes"",""No""]","[""83876793336180326706196874280359054202939399660278096295476103143222298663644"",""52175105340900021730590550708291873945744620011835668361156837004162946633592""]","{""Yes"":""83876793336180326706196874280359054202939399660278096295476103143222298663644"",""No"":""52175105340900021730590550708291873945744620011835668361156837004162946633592""}",83876793336180326706196874280359054202939399660278096295476103143222298663644,52175105340900021730590550708291873945744620011835668361156837004162946633592,98972.65859100007,35193.8377,https://polymarket.com/event/will-jair-bolsonaro-finish-in-second-place-in-the-first-round-of-the-2026-brazilian-presidential-election,VERIFIED_READY,2026-06-25T20:30:47+00:00,"[{""score"":1.1248,""id"":""1365855"",""slug"":""will-jair-bolsonaro-finish-in-second-place-in-the-first-round-of-the-2026-brazilian-presidential-election"",""question"":""Will Jair Bolsonaro finish in second place in the first round of the 2026 Brazilian presidential election?"",""event_title"":""Brazil Presidential Election First Round: 2nd Place"",""endDate"":""2026-10-04T00:00:00Z"",""volume"":""98972.65859100007"",""source"":""events_slug_path"",""active"":true,""closed"":false},{""score"":1.089,""id"":""1365858"",""slug"":""will-eduardo-bolsonaro-finish-in-second-place-in-the-first-round-of-the-2026-brazilian-presidential-election"",""question"":""Will Eduardo Bolsonaro finish in second place in the first round of the 2026 Brazilian presidential election?"",""event_title"":""Brazil Presidential Election First Round: 2nd Place"",""endDate"":""2026-10-04T00:00:00Z"",""volume"":""75550.85043600005"",""source"":""events_slug_path"",""active"":true,""closed"":false},{""score"":1.0853,""id"":""1365861"",""slug"":""will-flvio-bolsonaro-finish-in-second-place-in-the-first-round-of-the-2026-brazilian-presidential-election"",""question"":""Will Flávio Bolsonaro finish in second place in the first round of the 2026 Brazilian presidential election?"",""event_title"":""Brazil Presidential Election First Round: 2nd Place"",""endDate"":""2026-10-04T00:00:00Z"",""volume"":""81865.57213499985"",""source"":""events_slug_path"",""active"":true,""closed"":false},{""score"":1.0824,""id"":""1365857"",""slug"":""will-michelle-bolsonaro-finish-in-second-place-in-the-first-round-of-the-2026-brazilian-presidential-election"",""question"":""Will Michelle Bolsonaro finish in second place in the first round of the 2026 Brazilian presidential election?"",""event_title"":""Brazil Presidential Election First Round: 2nd Place"",""endDate"":""2026-10-04T00:00:00Z"",""volume"":""90086.91753199996"",""source"":""events_slug_path"",""active"":true,""closed"":false},{""score"":1.073,""id"":""1365860"",""slug"":""will-renan-santos-finish-in-second-place-in-the-first-round-of-the-2026-brazilian-presidential-election"",""question"":""Will Renan Santos finish in second place in the first round of the 2026 Brazilian presidential election?"",""event_title"":""Brazil Presidential Election First Round: 2nd Place"",""endDate"":""2026-10-04T00:00:00Z"",""volume"":""1019421.4135749995"",""source"":""events_slug_path"",""active"":true,""closed"":false}]",AUTO_ACCEPTED: accepted rank=1 score=1.1248 top=1.1248 second=1.0890; score/margin guardrails disabled,,Jair Bolsonaro,,KEPT
132,RSO-0132,28,Brazil Presidential Election First Round: 2nd Place,Brazil Presidential Election First Round: 2nd Place — Ratinho Júnior,Will Carlos Roberto Massa Júnior finish in second place in the first round of the 2026 Brazilian presidential election?,Will Ratinho Júnior finish second in the Brazil presidential election first round?,Brazil,brazil_presidential,presidential_two_round,brazil_first_round_second_place_2026,tracked,brazil_core,multi_outcome_contract,12,Ratinho Júnior,will-carlos-roberto-massa-jnior-finish-in-second-place-in-the-first-round-of-the-2026-brazilian-presidential-election,will-ratinho-junior-finish-second-in-the-brazil-presidential-election-first-round,brazil-presidential-election-first-round-2nd-place,First-round second-place market; important runoff-composition signal.,needs_slug_clob_verification,appears_strong_from_paste,appears_clear_from_paste,Expanded to all visible candidate outcomes.,1365859,204972,0xbc08327dd1ef7486e5f8bb3e662b5d484518ae891a39b6893cbb02f3119ad018,"A presidential election is scheduled to take place in Brazil on October 4, 2026.

This market will resolve according to the listed candidate who receives the second-most valid votes in the first round of this election.

The named candidates will be primarily ranked by the number of valid votes received in the specified election. If two or more candidates are tied on valid votes, ties will be broken by alphabetical order of the candidates' last names. This market will resolve to the candidate that occupies the second-highest finishing position after applying this ranking.

If the result of this election isn't known definitively by June 30, 2027, 11:59 PM ET, the market will resolve to ""Other"".

This market will resolve based on the result of the election, as indicated by a consensus of credible reporting. If there is ambiguity, this market will resolve based solely on the official results as reported by the Brazilian government, specifically the Superior Electoral Court (Tribunal Superior Eleitoral, TSE) (e.g., https://dadosabertos.tse.jus.br/).",,,2026-10-04T00:00:00Z,true,false,,false,true,"[""Yes"",""No""]","[""6499888178060809648681651117884070785761343371629912968631048884446465281536"",""1749136378020395385015074314995911839859317286154177690086308275335907154074""]","{""Yes"":""6499888178060809648681651117884070785761343371629912968631048884446465281536"",""No"":""1749136378020395385015074314995911839859317286154177690086308275335907154074""}",6499888178060809648681651117884070785761343371629912968631048884446465281536,1749136378020395385015074314995911839859317286154177690086308275335907154074,650324.735094,49830.33172,https://polymarket.com/event/will-carlos-roberto-massa-jnior-finish-in-second-place-in-the-first-round-of-the-2026-brazilian-presidential-election,VERIFIED_READY,2026-06-25T20:30:50+00:00,"[{""score"":1.0897,""id"":""1365859"",""slug"":""will-carlos-roberto-massa-jnior-finish-in-second-place-in-the-first-round-of-the-2026-brazilian-presidential-election"",""question"":""Will Carlos Roberto Massa Júnior finish in second place in the first round of the 2026 Brazilian presidential election?"",""event_title"":""Brazil Presidential Election First Round: 2nd Place"",""endDate"":""2026-10-04T00:00:00Z"",""volume"":""650324.735094"",""source"":""events_slug_path"",""active"":true,""closed"":false},{""score"":1.0733,""id"":""1365856"",""slug"":""will-fernando-haddad-finish-in-second-place-in-the-first-round-of-the-2026-brazilian-presidential-election"",""question"":""Will Fernando Haddad finish in second place in the first round of the 2026 Brazilian presidential election?"",""event_title"":""Brazil Presidential Election First Round: 2nd Place"",""endDate"":""2026-10-04T00:00:00Z"",""volume"":""668517.3351410051"",""source"":""events_slug_path"",""active"":true,""closed"":false},{""score"":1.073,""id"":""1365860"",""slug"":""will-renan-santos-finish-in-second-place-in-the-first-round-of-the-2026-brazilian-presidential-election"",""question"":""Will Renan Santos finish in second place in the first round of the 2026 Brazilian presidential election?"",""event_title"":""Brazil Presidential Election First Round: 2nd Place"",""endDate"":""2026-10-04T00:00:00Z"",""volume"":""1019421.4135749995"",""source"":""events_slug_path"",""active"":true,""closed"":false},{""score"":1.0663,""id"":""1365862"",""slug"":""will-ronaldo-caiado-finish-in-second-place-in-the-first-round-of-the-2026-brazilian-presidential-election"",""question"":""Will Ronaldo Caiado finish in second place in the first round of the 2026 Brazilian presidential election?"",""event_title"":""Brazil Presidential Election First Round: 2nd Place"",""endDate"":""2026-10-04T00:00:00Z"",""volume"":""310530.4176330004"",""source"":""events_slug_path"",""active"":true,""closed"":false},{""score"":1.0469,""id"":""1365863"",""slug"":""will-romeu-zema-finish-in-second-place-in-the-first-round-of-the-2026-brazilian-presidential-election"",""question"":""Will Romeu Zema finish in second place in the first round of the 2026 Brazilian presidential election?"",""event_title"":""Brazil Presidential Election First Round: 2nd Place"",""endDate"":""2026-10-04T00:00:00Z"",""volume"":""271142.99855099985"",""source"":""events_slug_path"",""active"":true,""closed"":false}]",AUTO_ACCEPTED: accepted rank=1 score=1.0897 top=1.0897 second=1.0733; score/margin guardrails disabled,,Ratinho Júnior,,KEPT
133,RSO-0133,28,Brazil Presidential Election First Round: 2nd Place,Brazil Presidential Election First Round: 2nd Place — Eduardo Bolsonaro,Will Eduardo Bolsonaro finish in second place in the first round of the 2026 Brazilian presidential election?,Will Eduardo Bolsonaro finish second in the Brazil presidential election first round?,Brazil,brazil_presidential,presidential_two_round,brazil_first_round_second_place_2026,tracked,brazil_core,multi_outcome_contract,13,Eduardo Bolsonaro,will-eduardo-bolsonaro-finish-in-second-place-in-the-first-round-of-the-2026-brazilian-presidential-election,will-eduardo-bolsonaro-finish-second-in-the-brazil-presidential-election-first-round,brazil-presidential-election-first-round-2nd-place,First-round second-place market; important runoff-composition signal.,needs_slug_clob_verification,appears_strong_from_paste,appears_clear_from_paste,Expanded to all visible candidate outcomes.,1365858,204972,0xca31cf97c3beadd7e4002b6c9b9d787164c26675f915b65fb1ce9fb858b8e20c,"A presidential election is scheduled to take place in Brazil on October 4, 2026.

This market will resolve according to the listed candidate who receives the second-most valid votes in the first round of this election.

The named candidates will be primarily ranked by the number of valid votes received in the specified election. If two or more candidates are tied on valid votes, ties will be broken by alphabetical order of the candidates' last names. This market will resolve to the candidate that occupies the second-highest finishing position after applying this ranking.

If the result of this election isn't known definitively by June 30, 2027, 11:59 PM ET, the market will resolve to ""Other"".

This market will resolve based on the result of the election, as indicated by a consensus of credible reporting. If there is ambiguity, this market will resolve based solely on the official results as reported by the Brazilian government, specifically the Superior Electoral Court (Tribunal Superior Eleitoral, TSE) (e.g., https://dadosabertos.tse.jus.br/).",,,2026-10-04T00:00:00Z,true,false,,false,true,"[""Yes"",""No""]","[""78774274724875388178403046699851136533744251110544224042871134690136814270663"",""40551899738346302725388354901919139735207700944645114202767225092044041987664""]","{""Yes"":""78774274724875388178403046699851136533744251110544224042871134690136814270663"",""No"":""40551899738346302725388354901919139735207700944645114202767225092044041987664""}",78774274724875388178403046699851136533744251110544224042871134690136814270663,40551899738346302725388354901919139735207700944645114202767225092044041987664,75550.85043600005,41295.41433,https://polymarket.com/event/will-eduardo-bolsonaro-finish-in-second-place-in-the-first-round-of-the-2026-brazilian-presidential-election,VERIFIED_READY,2026-06-25T20:30:53+00:00,"[{""score"":1.1264,""id"":""1365858"",""slug"":""will-eduardo-bolsonaro-finish-in-second-place-in-the-first-round-of-the-2026-brazilian-presidential-election"",""question"":""Will Eduardo Bolsonaro finish in second place in the first round of the 2026 Brazilian presidential election?"",""event_title"":""Brazil Presidential Election First Round: 2nd Place"",""endDate"":""2026-10-04T00:00:00Z"",""volume"":""75550.85043600005"",""source"":""events_slug_path"",""active"":true,""closed"":false},{""score"":1.0893,""id"":""1365855"",""slug"":""will-jair-bolsonaro-finish-in-second-place-in-the-first-round-of-the-2026-brazilian-presidential-election"",""question"":""Will Jair Bolsonaro finish in second place in the first round of the 2026 Brazilian presidential election?"",""event_title"":""Brazil Presidential Election First Round: 2nd Place"",""endDate"":""2026-10-04T00:00:00Z"",""volume"":""98972.65859100007"",""source"":""events_slug_path"",""active"":true,""closed"":false},{""score"":1.0775,""id"":""1365861"",""slug"":""will-flvio-bolsonaro-finish-in-second-place-in-the-first-round-of-the-2026-brazilian-presidential-election"",""question"":""Will Flávio Bolsonaro finish in second place in the first round of the 2026 Brazilian presidential election?"",""event_title"":""Brazil Presidential Election First Round: 2nd Place"",""endDate"":""2026-10-04T00:00:00Z"",""volume"":""81865.57213499985"",""source"":""events_slug_path"",""active"":true,""closed"":false},{""score"":1.0748,""id"":""1365857"",""slug"":""will-michelle-bolsonaro-finish-in-second-place-in-the-first-round-of-the-2026-brazilian-presidential-election"",""question"":""Will Michelle Bolsonaro finish in second place in the first round of the 2026 Brazilian presidential election?"",""event_title"":""Brazil Presidential Election First Round: 2nd Place"",""endDate"":""2026-10-04T00:00:00Z"",""volume"":""90086.91753199996"",""source"":""events_slug_path"",""active"":true,""closed"":false},{""score"":1.0721,""id"":""1365856"",""slug"":""will-fernando-haddad-finish-in-second-place-in-the-first-round-of-the-2026-brazilian-presidential-election"",""question"":""Will Fernando Haddad finish in second place in the first round of the 2026 Brazilian presidential election?"",""event_title"":""Brazil Presidential Election First Round: 2nd Place"",""endDate"":""2026-10-04T00:00:00Z"",""volume"":""668517.3351410051"",""source"":""events_slug_path"",""active"":true,""closed"":false}]",AUTO_ACCEPTED: accepted rank=1 score=1.1264 top=1.1264 second=1.0893; score/margin guardrails disabled,,Eduardo Bolsonaro,,KEPT
134,RSO-0134,28,Brazil Presidential Election First Round: 2nd Place,Brazil Presidential Election First Round: 2nd Place — Aldo Rebelo,Will Aldo Rebelo finish in second place in the first round of the 2026 Brazilian presidential election?,Will Aldo Rebelo finish second in the Brazil presidential election first round?,Brazil,brazil_presidential,presidential_two_round,brazil_first_round_second_place_2026,tracked,brazil_core,multi_outcome_contract,14,Aldo Rebelo,will-aldo-rebelo-finish-in-second-place-in-the-first-round-of-the-2026-brazilian-presidential-election,will-aldo-rebelo-finish-second-in-the-brazil-presidential-election-first-round,brazil-presidential-election-first-round-2nd-place,First-round second-place market; important runoff-composition signal.,needs_slug_clob_verification,appears_strong_from_paste,appears_clear_from_paste,Expanded to all visible candidate outcomes.,1365866,204972,0xb7703a974306001b283bc071234f1f04c832e793820ba284788e688d305201bf,"A presidential election is scheduled to take place in Brazil on October 4, 2026.

This market will resolve according to the listed candidate who receives the second-most valid votes in the first round of this election.

The named candidates will be primarily ranked by the number of valid votes received in the specified election. If two or more candidates are tied on valid votes, ties will be broken by alphabetical order of the candidates' last names. This market will resolve to the candidate that occupies the second-highest finishing position after applying this ranking.

If the result of this election isn't known definitively by June 30, 2027, 11:59 PM ET, the market will resolve to ""Other"".

This market will resolve based on the result of the election, as indicated by a consensus of credible reporting. If there is ambiguity, this market will resolve based solely on the official results as reported by the Brazilian government, specifically the Superior Electoral Court (Tribunal Superior Eleitoral, TSE) (e.g., https://dadosabertos.tse.jus.br/).",,,2026-10-04T00:00:00Z,true,false,,false,true,"[""Yes"",""No""]","[""73782660467554965374169421398916491950927878048754269104726859394021414994290"",""104550317049926431864743310150013773145523962177009516391635195450800799824079""]","{""Yes"":""73782660467554965374169421398916491950927878048754269104726859394021414994290"",""No"":""104550317049926431864743310150013773145523962177009516391635195450800799824079""}",73782660467554965374169421398916491950927878048754269104726859394021414994290,104550317049926431864743310150013773145523962177009516391635195450800799824079,40632.63099800001,52543.83244,https://polymarket.com/event/will-aldo-rebelo-finish-in-second-place-in-the-first-round-of-the-2026-brazilian-presidential-election,VERIFIED_READY,2026-06-25T20:30:56+00:00,"[{""score"":1.1172,""id"":""1365866"",""slug"":""will-aldo-rebelo-finish-in-second-place-in-the-first-round-of-the-2026-brazilian-presidential-election"",""question"":""Will Aldo Rebelo finish in second place in the first round of the 2026 Brazilian presidential election?"",""event_title"":""Brazil Presidential Election First Round: 2nd Place"",""endDate"":""2026-10-04T00:00:00Z"",""volume"":""40632.63099800001"",""source"":""events_slug_path"",""active"":true,""closed"":false},{""score"":1.0745,""id"":""1365856"",""slug"":""will-fernando-haddad-finish-in-second-place-in-the-first-round-of-the-2026-brazilian-presidential-election"",""question"":""Will Fernando Haddad finish in second place in the first round of the 2026 Brazilian presidential election?"",""event_title"":""Brazil Presidential Election First Round: 2nd Place"",""endDate"":""2026-10-04T00:00:00Z"",""volume"":""668517.3351410051"",""source"":""events_slug_path"",""active"":true,""closed"":false},{""score"":1.0742,""id"":""1365860"",""slug"":""will-renan-santos-finish-in-second-place-in-the-first-round-of-the-2026-brazilian-presidential-election"",""question"":""Will Renan Santos finish in second place in the first round of the 2026 Brazilian presidential election?"",""event_title"":""Brazil Presidential Election First Round: 2nd Place"",""endDate"":""2026-10-04T00:00:00Z"",""volume"":""1019421.4135749995"",""source"":""events_slug_path"",""active"":true,""closed"":false},{""score"":1.074,""id"":""1365862"",""slug"":""will-ronaldo-caiado-finish-in-second-place-in-the-first-round-of-the-2026-brazilian-presidential-election"",""question"":""Will Ronaldo Caiado finish in second place in the first round of the 2026 Brazilian presidential election?"",""event_title"":""Brazil Presidential Election First Round: 2nd Place"",""endDate"":""2026-10-04T00:00:00Z"",""volume"":""310530.4176330004"",""source"":""events_slug_path"",""active"":true,""closed"":false},{""score"":1.0582,""id"":""1365859"",""slug"":""will-carlos-roberto-massa-jnior-finish-in-second-place-in-the-first-round-of-the-2026-brazilian-presidential-election"",""question"":""Will Carlos Roberto Massa Júnior finish in second place in the first round of the 2026 Brazilian presidential election?"",""event_title"":""Brazil Presidential Election First Round: 2nd Place"",""endDate"":""2026-10-04T00:00:00Z"",""volume"":""650324.735094"",""source"":""events_slug_path"",""active"":true,""closed"":false}]",AUTO_ACCEPTED: accepted rank=1 score=1.1172 top=1.1172 second=1.0745; score/margin guardrails disabled,,Aldo Rebelo,,KEPT
135,RSO-0135,28,Brazil Presidential Election First Round: 2nd Place,Brazil Presidential Election First Round: 2nd Place — Tarcisio de Freitas,Will Tarcisio de Freitas finish in second place in the first round of the 2026 Brazilian presidential election?,Will Tarcisio de Freitas finish second in the Brazil presidential election first round?,Brazil,brazil_presidential,presidential_two_round,brazil_first_round_second_place_2026,tracked,brazil_core,multi_outcome_contract,15,Tarcisio de Freitas,will-tarcisio-de-freitas-finish-in-second-place-in-the-first-round-of-the-2026-brazilian-presidential-election,will-tarcisio-de-freitas-finish-second-in-the-brazil-presidential-election-first-round,brazil-presidential-election-first-round-2nd-place,First-round second-place market; important runoff-composition signal.,needs_slug_clob_verification,appears_strong_from_paste,appears_clear_from_paste,Expanded to all visible candidate outcomes.,1365853,204972,0xfe963a6028277fed1de25b6ca8f640bc7c028e4ef0d0e4f4ff4f5daf5f9ae824,"A presidential election is scheduled to take place in Brazil on October 4, 2026.

This market will resolve according to the listed candidate who receives the second-most valid votes in the first round of this election.

The named candidates will be primarily ranked by the number of valid votes received in the specified election. If two or more candidates are tied on valid votes, ties will be broken by alphabetical order of the candidates' last names. This market will resolve to the candidate that occupies the second-highest finishing position after applying this ranking.

If the result of this election isn't known definitively by June 30, 2027, 11:59 PM ET, the market will resolve to ""Other"".

This market will resolve based on the result of the election, as indicated by a consensus of credible reporting. If there is ambiguity, this market will resolve based solely on the official results as reported by the Brazilian government, specifically the Superior Electoral Court (Tribunal Superior Eleitoral, TSE) (e.g., https://dadosabertos.tse.jus.br/).",,,2026-10-04T00:00:00Z,true,false,,false,true,"[""Yes"",""No""]","[""6074730652236363232062392177852837468646646517333194016258587234210162040868"",""86366547711329022028042766643043778390529563166780636424295264603043803105916""]","{""Yes"":""6074730652236363232062392177852837468646646517333194016258587234210162040868"",""No"":""86366547711329022028042766643043778390529563166780636424295264603043803105916""}",6074730652236363232062392177852837468646646517333194016258587234210162040868,86366547711329022028042766643043778390529563166780636424295264603043803105916,130239.91749499997,55506.18819,https://polymarket.com/event/will-tarcisio-de-freitas-finish-in-second-place-in-the-first-round-of-the-2026-brazilian-presidential-election,VERIFIED_READY,2026-06-25T20:30:59+00:00,"[{""score"":1.1354,""id"":""1365853"",""slug"":""will-tarcisio-de-freitas-finish-in-second-place-in-the-first-round-of-the-2026-brazilian-presidential-election"",""question"":""Will Tarcisio de Freitas finish in second place in the first round of the 2026 Brazilian presidential election?"",""event_title"":""Brazil Presidential Election First Round: 2nd Place"",""endDate"":""2026-10-04T00:00:00Z"",""volume"":""130239.91749499997"",""source"":""events_slug_path"",""active"":true,""closed"":false},{""score"":1.0498,""id"":""1365856"",""slug"":""will-fernando-haddad-finish-in-second-place-in-the-first-round-of-the-2026-brazilian-presidential-election"",""question"":""Will Fernando Haddad finish in second place in the first round of the 2026 Brazilian presidential election?"",""event_title"":""Brazil Presidential Election First Round: 2nd Place"",""endDate"":""2026-10-04T00:00:00Z"",""volume"":""668517.3351410051"",""source"":""events_slug_path"",""active"":true,""closed"":false},{""score"":1.0494,""id"":""1365860"",""slug"":""will-renan-santos-finish-in-second-place-in-the-first-round-of-the-2026-brazilian-presidential-election"",""question"":""Will Renan Santos finish in second place in the first round of the 2026 Brazilian presidential election?"",""event_title"":""Brazil Presidential Election First Round: 2nd Place"",""endDate"":""2026-10-04T00:00:00Z"",""volume"":""1019421.4135749995"",""source"":""events_slug_path"",""active"":true,""closed"":false},{""score"":1.0347,""id"":""1365859"",""slug"":""will-carlos-roberto-massa-jnior-finish-in-second-place-in-the-first-round-of-the-2026-brazilian-presidential-election"",""question"":""Will Carlos Roberto Massa Júnior finish in second place in the first round of the 2026 Brazilian presidential election?"",""event_title"":""Brazil Presidential Election First Round: 2nd Place"",""endDate"":""2026-10-04T00:00:00Z"",""volume"":""650324.735094"",""source"":""events_slug_path"",""active"":true,""closed"":false},{""score"":1.0304,""id"":""1365862"",""slug"":""will-ronaldo-caiado-finish-in-second-place-in-the-first-round-of-the-2026-brazilian-presidential-election"",""question"":""Will Ronaldo Caiado finish in second place in the first round of the 2026 Brazilian presidential election?"",""event_title"":""Brazil Presidential Election First Round: 2nd Place"",""endDate"":""2026-10-04T00:00:00Z"",""volume"":""310530.4176330004"",""source"":""events_slug_path"",""active"":true,""closed"":false}]",AUTO_ACCEPTED: accepted rank=1 score=1.1354 top=1.1354 second=1.0498; score/margin guardrails disabled,,Tarcisio de Freitas,,KEPT
136,RSO-0136,28,Brazil Presidential Election First Round: 2nd Place,Brazil Presidential Election First Round: 2nd Place — Eduardo Leite,Will Eduardo Leite finish in second place in the first round of the 2026 Brazilian presidential election?,Will Eduardo Leite finish second in the Brazil presidential election first round?,Brazil,brazil_presidential,presidential_two_round,brazil_first_round_second_place_2026,tracked,brazil_core,multi_outcome_contract,16,Eduardo Leite,will-eduardo-leite-finish-in-second-place-in-the-first-round-of-the-2026-brazilian-presidential-election,will-eduardo-leite-finish-second-in-the-brazil-presidential-election-first-round,brazil-presidential-election-first-round-2nd-place,First-round second-place market; important runoff-composition signal.,needs_slug_clob_verification,appears_strong_from_paste,appears_clear_from_paste,Expanded to all visible candidate outcomes.,1365867,204972,0x45933d8382439be6ffbd714ffc412d549e9ff5e58cc0c4165b68cfc41a897c64,"A presidential election is scheduled to take place in Brazil on October 4, 2026.

This market will resolve according to the listed candidate who receives the second-most valid votes in the first round of this election.

The named candidates will be primarily ranked by the number of valid votes received in the specified election. If two or more candidates are tied on valid votes, ties will be broken by alphabetical order of the candidates' last names. This market will resolve to the candidate that occupies the second-highest finishing position after applying this ranking.

If the result of this election isn't known definitively by June 30, 2027, 11:59 PM ET, the market will resolve to ""Other"".

This market will resolve based on the result of the election, as indicated by a consensus of credible reporting. If there is ambiguity, this market will resolve based solely on the official results as reported by the Brazilian government, specifically the Superior Electoral Court (Tribunal Superior Eleitoral, TSE) (e.g., https://dadosabertos.tse.jus.br/).",,,2026-10-04T00:00:00Z,true,false,,false,true,"[""Yes"",""No""]","[""3857433689191750929372526494085053375351187588061258674174285931676269992527"",""85536161959529217282786989304059915786533905529659736364399425750104185964489""]","{""Yes"":""3857433689191750929372526494085053375351187588061258674174285931676269992527"",""No"":""85536161959529217282786989304059915786533905529659736364399425750104185964489""}",3857433689191750929372526494085053375351187588061258674174285931676269992527,85536161959529217282786989304059915786533905529659736364399425750104185964489,48363.44061000001,53440.03985,https://polymarket.com/event/will-eduardo-leite-finish-in-second-place-in-the-first-round-of-the-2026-brazilian-presidential-election,VERIFIED_READY,2026-06-25T20:31:02+00:00,"[{""score"":1.1204,""id"":""1365867"",""slug"":""will-eduardo-leite-finish-in-second-place-in-the-first-round-of-the-2026-brazilian-presidential-election"",""question"":""Will Eduardo Leite finish in second place in the first round of the 2026 Brazilian presidential election?"",""event_title"":""Brazil Presidential Election First Round: 2nd Place"",""endDate"":""2026-10-04T00:00:00Z"",""volume"":""48363.44061000001"",""source"":""events_slug_path"",""active"":true,""closed"":false},{""score"":1.0757,""id"":""1365856"",""slug"":""will-fernando-haddad-finish-in-second-place-in-the-first-round-of-the-2026-brazilian-presidential-election"",""question"":""Will Fernando Haddad finish in second place in the first round of the 2026 Brazilian presidential election?"",""event_title"":""Brazil Presidential Election First Round: 2nd Place"",""endDate"":""2026-10-04T00:00:00Z"",""volume"":""668517.3351410051"",""source"":""events_slug_path"",""active"":true,""closed"":false},{""score"":1.0731,""id"":""1365858"",""slug"":""will-eduardo-bolsonaro-finish-in-second-place-in-the-first-round-of-the-2026-brazilian-presidential-election"",""question"":""Will Eduardo Bolsonaro finish in second place in the first round of the 2026 Brazilian presidential election?"",""event_title"":""Brazil Presidential Election First Round: 2nd Place"",""endDate"":""2026-10-04T00:00:00Z"",""volume"":""75550.85043600005"",""source"":""events_slug_path"",""active"":true,""closed"":false},{""score"":1.0692,""id"":""1365860"",""slug"":""will-renan-santos-finish-in-second-place-in-the-first-round-of-the-2026-brazilian-presidential-election"",""question"":""Will Renan Santos finish in second place in the first round of the 2026 Brazilian presidential election?"",""event_title"":""Brazil Presidential Election First Round: 2nd Place"",""endDate"":""2026-10-04T00:00:00Z"",""volume"":""1019421.4135749995"",""source"":""events_slug_path"",""active"":true,""closed"":false},{""score"":1.0625,""id"":""1365862"",""slug"":""will-ronaldo-caiado-finish-in-second-place-in-the-first-round-of-the-2026-brazilian-presidential-election"",""question"":""Will Ronaldo Caiado finish in second place in the first round of the 2026 Brazilian presidential election?"",""event_title"":""Brazil Presidential Election First Round: 2nd Place"",""endDate"":""2026-10-04T00:00:00Z"",""volume"":""310530.4176330004"",""source"":""events_slug_path"",""active"":true,""closed"":false}]",AUTO_ACCEPTED: accepted rank=1 score=1.1204 top=1.1204 second=1.0757; score/margin guardrails disabled,,Eduardo Leite,,KEPT
137,RSO-0137,28,Brazil Presidential Election First Round: 2nd Place,Brazil Presidential Election First Round: 2nd Place — Helder Barbalho,Will Helder Barbalho finish in second place in the first round of the 2026 Brazilian presidential election?,Will Helder Barbalho finish second in the Brazil presidential election first round?,Brazil,brazil_presidential,presidential_two_round,brazil_first_round_second_place_2026,tracked,brazil_core,multi_outcome_contract,17,Helder Barbalho,will-helder-barbalho-finish-in-second-place-in-the-first-round-of-the-2026-brazilian-presidential-election,will-helder-barbalho-finish-second-in-the-brazil-presidential-election-first-round,brazil-presidential-election-first-round-2nd-place,First-round second-place market; important runoff-composition signal.,needs_slug_clob_verification,appears_strong_from_paste,appears_clear_from_paste,Expanded to all visible candidate outcomes.,1365869,204972,0x2366a6b980302d1a20c47d3bf5a2ce1d86a488197b83730554aab7d9c96e72cf,"A presidential election is scheduled to take place in Brazil on October 4, 2026.

This market will resolve according to the listed candidate who receives the second-most valid votes in the first round of this election.

The named candidates will be primarily ranked by the number of valid votes received in the specified election. If two or more candidates are tied on valid votes, ties will be broken by alphabetical order of the candidates' last names. This market will resolve to the candidate that occupies the second-highest finishing position after applying this ranking.

If the result of this election isn't known definitively by June 30, 2027, 11:59 PM ET, the market will resolve to ""Other"".

This market will resolve based on the result of the election, as indicated by a consensus of credible reporting. If there is ambiguity, this market will resolve based solely on the official results as reported by the Brazilian government, specifically the Superior Electoral Court (Tribunal Superior Eleitoral, TSE) (e.g., https://dadosabertos.tse.jus.br/).",,,2026-10-04T00:00:00Z,true,false,,false,true,"[""Yes"",""No""]","[""106668975761330270515771342419617310966435345191219965467949358265004206634577"",""109421615471054045993845507340958124130375924435579953879479774393330167300855""]","{""Yes"":""106668975761330270515771342419617310966435345191219965467949358265004206634577"",""No"":""109421615471054045993845507340958124130375924435579953879479774393330167300855""}",106668975761330270515771342419617310966435345191219965467949358265004206634577,109421615471054045993845507340958124130375924435579953879479774393330167300855,3942,29508.83316,https://polymarket.com/event/will-helder-barbalho-finish-in-second-place-in-the-first-round-of-the-2026-brazilian-presidential-election,VERIFIED_READY,2026-06-25T20:31:05+00:00,"[{""score"":1.1159,""id"":""1365869"",""slug"":""will-helder-barbalho-finish-in-second-place-in-the-first-round-of-the-2026-brazilian-presidential-election"",""question"":""Will Helder Barbalho finish in second place in the first round of the 2026 Brazilian presidential election?"",""event_title"":""Brazil Presidential Election First Round: 2nd Place"",""endDate"":""2026-10-04T00:00:00Z"",""volume"":""3942"",""source"":""events_slug_path"",""active"":true,""closed"":false},{""score"":1.0708,""id"":""1365856"",""slug"":""will-fernando-haddad-finish-in-second-place-in-the-first-round-of-the-2026-brazilian-presidential-election"",""question"":""Will Fernando Haddad finish in second place in the first round of the 2026 Brazilian presidential election?"",""event_title"":""Brazil Presidential Election First Round: 2nd Place"",""endDate"":""2026-10-04T00:00:00Z"",""volume"":""668517.3351410051"",""source"":""events_slug_path"",""active"":true,""closed"":false},{""score"":1.0706,""id"":""1365860"",""slug"":""will-renan-santos-finish-in-second-place-in-the-first-round-of-the-2026-brazilian-presidential-election"",""question"":""Will Renan Santos finish in second place in the first round of the 2026 Brazilian presidential election?"",""event_title"":""Brazil Presidential Election First Round: 2nd Place"",""endDate"":""2026-10-04T00:00:00Z"",""volume"":""1019421.4135749995"",""source"":""events_slug_path"",""active"":true,""closed"":false},{""score"":1.0638,""id"":""1365862"",""slug"":""will-ronaldo-caiado-finish-in-second-place-in-the-first-round-of-the-2026-brazilian-presidential-election"",""question"":""Will Ronaldo Caiado finish in second place in the first round of the 2026 Brazilian presidential election?"",""event_title"":""Brazil Presidential Election First Round: 2nd Place"",""endDate"":""2026-10-04T00:00:00Z"",""volume"":""310530.4176330004"",""source"":""events_slug_path"",""active"":true,""closed"":false},{""score"":1.055,""id"":""1365859"",""slug"":""will-carlos-roberto-massa-jnior-finish-in-second-place-in-the-first-round-of-the-2026-brazilian-presidential-election"",""question"":""Will Carlos Roberto Massa Júnior finish in second place in the first round of the 2026 Brazilian presidential election?"",""event_title"":""Brazil Presidential Election First Round: 2nd Place"",""endDate"":""2026-10-04T00:00:00Z"",""volume"":""650324.735094"",""source"":""events_slug_path"",""active"":true,""closed"":false}]",AUTO_ACCEPTED: accepted rank=1 score=1.1159 top=1.1159 second=1.0708; score/margin guardrails disabled,,Helder Barbalho,,KEPT
138,RSO-0138,29,Brazil Presidential Election First Round: 3rd Place,Brazil Presidential Election First Round: 3rd Place — Renan Santos,Will Renan Santos finish in third place in the first round of the 2026 Brazilian presidential election?,Will Renan Santos finish third in the Brazil presidential election first round?,Brazil,brazil_presidential,presidential_two_round,brazil_first_round_third_place_2026,tracked,brazil_core,multi_outcome_contract,1,Renan Santos,will-renan-santos-finish-in-third-place-in-the-first-round-of-the-2026-brazilian-presidential-election,will-renan-santos-finish-third-in-the-brazil-presidential-election-first-round,brazil-presidential-election-first-round-3rd-place,First-round third-place market; tests field fragmentation beyond Lula/Flávio.,needs_slug_clob_verification,appears_strong_from_paste,appears_clear_from_paste,Expanded to all visible candidate outcomes.,1365894,204973,0xcba20965509d04b5f3ae2c51a221747317aff9387c197ca6d5919e85e5a20ee9,"A presidential election is scheduled to take place in Brazil on October 4, 2026.

This market will resolve according to the listed candidate who receives the third-most valid votes in the first round of this election.

The named candidates will be primarily ranked by the number of valid votes received in the specified election. If two or more candidates are tied on valid votes, ties will be broken by alphabetical order of the candidates' last names. This market will resolve to the candidate that occupies the third-highest finishing position after applying this ranking.

If the result of this election isn't known definitively by June 30, 2027, 11:59 PM ET, the market will resolve to ""Other"".

This market will resolve based on the result of the election, as indicated by a consensus of credible reporting. If there is ambiguity, this market will resolve based solely on the official results as reported by the Brazilian government, specifically the Superior Electoral Court (Tribunal Superior Eleitoral, TSE) (e.g., https://dadosabertos.tse.jus.br/).",,,2026-10-04T00:00:00Z,true,false,,false,true,"[""Yes"",""No""]","[""72535696429445050612666657960056103058476328640415986990291437131287448661718"",""77494900967400183362216413155454035668807139923320636902701443907940469488743""]","{""Yes"":""72535696429445050612666657960056103058476328640415986990291437131287448661718"",""No"":""77494900967400183362216413155454035668807139923320636902701443907940469488743""}",72535696429445050612666657960056103058476328640415986990291437131287448661718,77494900967400183362216413155454035668807139923320636902701443907940469488743,89926.04207600004,34170.0356,https://polymarket.com/event/will-renan-santos-finish-in-third-place-in-the-first-round-of-the-2026-brazilian-presidential-election,VERIFIED_READY,2026-06-25T20:31:09+00:00,"[{""score"":1.1202,""id"":""1365894"",""slug"":""will-renan-santos-finish-in-third-place-in-the-first-round-of-the-2026-brazilian-presidential-election"",""question"":""Will Renan Santos finish in third place in the first round of the 2026 Brazilian presidential election?"",""event_title"":""Brazil Presidential Election First Round: 3rd Place"",""endDate"":""2026-10-04T00:00:00Z"",""volume"":""89926.04207600004"",""source"":""events_slug_path"",""active"":true,""closed"":false},{""score"":1.0403,""id"":""1365896"",""slug"":""will-ronaldo-caiado-finish-in-third-place-in-the-first-round-of-the-2026-brazilian-presidential-election"",""question"":""Will Ronaldo Caiado finish in third place in the first round of the 2026 Brazilian presidential election?"",""event_title"":""Brazil Presidential Election First Round: 3rd Place"",""endDate"":""2026-10-04T00:00:00Z"",""volume"":""23307.220364000008"",""source"":""events_slug_path"",""active"":true,""closed"":false},{""score"":1.038,""id"":""1365898"",""slug"":""will-camilo-santana-finish-in-third-place-in-the-first-round-of-the-2026-brazilian-presidential-election"",""question"":""Will Camilo Santana finish in third place in the first round of the 2026 Brazilian presidential election?"",""event_title"":""Brazil Presidential Election First Round: 3rd Place"",""endDate"":""2026-10-04T00:00:00Z"",""volume"":""8096.252436000001"",""source"":""events_slug_path"",""active"":true,""closed"":false},{""score"":1.0367,""id"":""1365890"",""slug"":""will-fernando-haddad-finish-in-third-place-in-the-first-round-of-the-2026-brazilian-presidential-election"",""question"":""Will Fernando Haddad finish in third place in the first round of the 2026 Brazilian presidential election?"",""event_title"":""Brazil Presidential Election First Round: 3rd Place"",""endDate"":""2026-10-04T00:00:00Z"",""volume"":""16236.337305000006"",""source"":""events_slug_path"",""active"":true,""closed"":false},{""score"":1.0283,""id"":""1365893"",""slug"":""will-carlos-roberto-massa-jnior-finish-in-third-place-in-the-first-round-of-the-2026-brazilian-presidential-election"",""question"":""Will Carlos Roberto Massa Júnior finish in third place in the first round of the 2026 Brazilian presidential election?"",""event_title"":""Brazil Presidential Election First Round: 3rd Place"",""endDate"":""2026-10-04T00:00:00Z"",""volume"":""96261.71357500003"",""source"":""events_slug_path"",""active"":true,""closed"":false}]",AUTO_ACCEPTED: accepted rank=1 score=1.1202 top=1.1202 second=1.0403; score/margin guardrails disabled,,Renan Santos,,KEPT
139,RSO-0139,29,Brazil Presidential Election First Round: 3rd Place,Brazil Presidential Election First Round: 3rd Place — Ronaldo Caiado,Will Ronaldo Caiado finish in third place in the first round of the 2026 Brazilian presidential election?,Will Ronaldo Caiado finish third in the Brazil presidential election first round?,Brazil,brazil_presidential,presidential_two_round,brazil_first_round_third_place_2026,tracked,brazil_core,multi_outcome_contract,2,Ronaldo Caiado,will-ronaldo-caiado-finish-in-third-place-in-the-first-round-of-the-2026-brazilian-presidential-election,will-ronaldo-caiado-finish-third-in-the-brazil-presidential-election-first-round,brazil-presidential-election-first-round-3rd-place,First-round third-place market; tests field fragmentation beyond Lula/Flávio.,needs_slug_clob_verification,appears_strong_from_paste,appears_clear_from_paste,Expanded to all visible candidate outcomes.,1365896,204973,0x3dbbbe0f8e69b1aee0092e1eca397b24c954c00ecc54995035a8683201ad26aa,"A presidential election is scheduled to take place in Brazil on October 4, 2026.

This market will resolve according to the listed candidate who receives the third-most valid votes in the first round of this election.

The named candidates will be primarily ranked by the number of valid votes received in the specified election. If two or more candidates are tied on valid votes, ties will be broken by alphabetical order of the candidates' last names. This market will resolve to the candidate that occupies the third-highest finishing position after applying this ranking.

If the result of this election isn't known definitively by June 30, 2027, 11:59 PM ET, the market will resolve to ""Other"".

This market will resolve based on the result of the election, as indicated by a consensus of credible reporting. If there is ambiguity, this market will resolve based solely on the official results as reported by the Brazilian government, specifically the Superior Electoral Court (Tribunal Superior Eleitoral, TSE) (e.g., https://dadosabertos.tse.jus.br/).",,,2026-10-04T00:00:00Z,true,false,,false,true,"[""Yes"",""No""]","[""88578465272411624227946968556355768244846251347974013830272507870143623656581"",""43726855300040737060919873281553757241653114189888342684526904777470480732634""]","{""Yes"":""88578465272411624227946968556355768244846251347974013830272507870143623656581"",""No"":""43726855300040737060919873281553757241653114189888342684526904777470480732634""}",88578465272411624227946968556355768244846251347974013830272507870143623656581,43726855300040737060919873281553757241653114189888342684526904777470480732634,23307.220364000008,30747.8426,https://polymarket.com/event/will-ronaldo-caiado-finish-in-third-place-in-the-first-round-of-the-2026-brazilian-presidential-election,VERIFIED_READY,2026-06-25T20:31:12+00:00,"[{""score"":1.1156,""id"":""1365896"",""slug"":""will-ronaldo-caiado-finish-in-third-place-in-the-first-round-of-the-2026-brazilian-presidential-election"",""question"":""Will Ronaldo Caiado finish in third place in the first round of the 2026 Brazilian presidential election?"",""event_title"":""Brazil Presidential Election First Round: 3rd Place"",""endDate"":""2026-10-04T00:00:00Z"",""volume"":""23307.220364000008"",""source"":""events_slug_path"",""active"":true,""closed"":false},{""score"":1.0442,""id"":""1365890"",""slug"":""will-fernando-haddad-finish-in-third-place-in-the-first-round-of-the-2026-brazilian-presidential-election"",""question"":""Will Fernando Haddad finish in third place in the first round of the 2026 Brazilian presidential election?"",""event_title"":""Brazil Presidential Election First Round: 3rd Place"",""endDate"":""2026-10-04T00:00:00Z"",""volume"":""16236.337305000006"",""source"":""events_slug_path"",""active"":true,""closed"":false},{""score"":1.0436,""id"":""1365899"",""slug"":""will-geraldo-alckmin-finish-in-third-place-in-the-first-round-of-the-2026-brazilian-presidential-election"",""question"":""Will Geraldo Alckmin finish in third place in the first round of the 2026 Brazilian presidential election?"",""event_title"":""Brazil Presidential Election First Round: 3rd Place"",""endDate"":""2026-10-04T00:00:00Z"",""volume"":""4940.108647"",""source"":""events_slug_path"",""active"":true,""closed"":false},{""score"":1.0391,""id"":""1365900"",""slug"":""will-aldo-rebelo-finish-in-third-place-in-the-first-round-of-the-2026-brazilian-presidential-election"",""question"":""Will Aldo Rebelo finish in third place in the first round of the 2026 Brazilian presidential election?"",""event_title"":""Brazil Presidential Election First Round: 3rd Place"",""endDate"":""2026-10-04T00:00:00Z"",""volume"":""5802.750166"",""source"":""events_slug_path"",""active"":true,""closed"":false},{""score"":1.0336,""id"":""1365894"",""slug"":""will-renan-santos-finish-in-third-place-in-the-first-round-of-the-2026-brazilian-presidential-election"",""question"":""Will Renan Santos finish in third place in the first round of the 2026 Brazilian presidential election?"",""event_title"":""Brazil Presidential Election First Round: 3rd Place"",""endDate"":""2026-10-04T00:00:00Z"",""volume"":""89926.04207600004"",""source"":""events_slug_path"",""active"":true,""closed"":false}]",AUTO_ACCEPTED: accepted rank=1 score=1.1156 top=1.1156 second=1.0442; score/margin guardrails disabled,,Ronaldo Caiado,,KEPT
140,RSO-0140,29,Brazil Presidential Election First Round: 3rd Place,Brazil Presidential Election First Round: 3rd Place — Romeu Zema,Will Romeu Zema finish in third place in the first round of the 2026 Brazilian presidential election?,Will Romeu Zema finish third in the Brazil presidential election first round?,Brazil,brazil_presidential,presidential_two_round,brazil_first_round_third_place_2026,tracked,brazil_core,multi_outcome_contract,3,Romeu Zema,will-romeu-zema-finish-in-third-place-in-the-first-round-of-the-2026-brazilian-presidential-election,will-romeu-zema-finish-third-in-the-brazil-presidential-election-first-round,brazil-presidential-election-first-round-3rd-place,First-round third-place market; tests field fragmentation beyond Lula/Flávio.,needs_slug_clob_verification,appears_strong_from_paste,appears_clear_from_paste,Expanded to all visible candidate outcomes.,1365897,204973,0x7452216a57a3bef85439820c7bb421fa38e5a5ecff8c43658de515c1df70151e,"A presidential election is scheduled to take place in Brazil on October 4, 2026.

This market will resolve according to the listed candidate who receives the third-most valid votes in the first round of this election.

The named candidates will be primarily ranked by the number of valid votes received in the specified election. If two or more candidates are tied on valid votes, ties will be broken by alphabetical order of the candidates' last names. This market will resolve to the candidate that occupies the third-highest finishing position after applying this ranking.

If the result of this election isn't known definitively by June 30, 2027, 11:59 PM ET, the market will resolve to ""Other"".

This market will resolve based on the result of the election, as indicated by a consensus of credible reporting. If there is ambiguity, this market will resolve based solely on the official results as reported by the Brazilian government, specifically the Superior Electoral Court (Tribunal Superior Eleitoral, TSE) (e.g., https://dadosabertos.tse.jus.br/).",,,2026-10-04T00:00:00Z,true,false,,false,true,"[""Yes"",""No""]","[""90180475101756729089570182362261460642819230033481570755127033507477996050412"",""37555329710204465390400659793481497012291169810995361441604639803823657820167""]","{""Yes"":""90180475101756729089570182362261460642819230033481570755127033507477996050412"",""No"":""37555329710204465390400659793481497012291169810995361441604639803823657820167""}",90180475101756729089570182362261460642819230033481570755127033507477996050412,37555329710204465390400659793481497012291169810995361441604639803823657820167,15487.535791999995,25946.6356,https://polymarket.com/event/will-romeu-zema-finish-in-third-place-in-the-first-round-of-the-2026-brazilian-presidential-election,VERIFIED_READY,2026-06-25T20:31:15+00:00,"[{""score"":1.1095,""id"":""1365897"",""slug"":""will-romeu-zema-finish-in-third-place-in-the-first-round-of-the-2026-brazilian-presidential-election"",""question"":""Will Romeu Zema finish in third place in the first round of the 2026 Brazilian presidential election?"",""event_title"":""Brazil Presidential Election First Round: 3rd Place"",""endDate"":""2026-10-04T00:00:00Z"",""volume"":""15487.535791999995"",""source"":""events_slug_path"",""active"":true,""closed"":false},{""score"":1.0327,""id"":""1365896"",""slug"":""will-ronaldo-caiado-finish-in-third-place-in-the-first-round-of-the-2026-brazilian-presidential-election"",""question"":""Will Ronaldo Caiado finish in third place in the first round of the 2026 Brazilian presidential election?"",""event_title"":""Brazil Presidential Election First Round: 3rd Place"",""endDate"":""2026-10-04T00:00:00Z"",""volume"":""23307.220364000008"",""source"":""events_slug_path"",""active"":true,""closed"":false},{""score"":1.0326,""id"":""1365887"",""slug"":""will-tarcisio-de-freitas-finish-in-third-place-in-the-first-round-of-the-2026-brazilian-presidential-election"",""question"":""Will Tarcisio de Freitas finish in third place in the first round of the 2026 Brazilian presidential election?"",""event_title"":""Brazil Presidential Election First Round: 3rd Place"",""endDate"":""2026-10-04T00:00:00Z"",""volume"":""4903.303444000002"",""source"":""events_slug_path"",""active"":true,""closed"":false},{""score"":1.0323,""id"":""1365901"",""slug"":""will-eduardo-leite-finish-in-third-place-in-the-first-round-of-the-2026-brazilian-presidential-election"",""question"":""Will Eduardo Leite finish in third place in the first round of the 2026 Brazilian presidential election?"",""event_title"":""Brazil Presidential Election First Round: 3rd Place"",""endDate"":""2026-10-04T00:00:00Z"",""volume"":""3905.922984"",""source"":""events_slug_path"",""active"":true,""closed"":false},{""score"":1.0308,""id"":""1365894"",""slug"":""will-renan-santos-finish-in-third-place-in-the-first-round-of-the-2026-brazilian-presidential-election"",""question"":""Will Renan Santos finish in third place in the first round of the 2026 Brazilian presidential election?"",""event_title"":""Brazil Presidential Election First Round: 3rd Place"",""endDate"":""2026-10-04T00:00:00Z"",""volume"":""89926.04207600004"",""source"":""events_slug_path"",""active"":true,""closed"":false}]",AUTO_ACCEPTED: accepted rank=1 score=1.1095 top=1.1095 second=1.0327; score/margin guardrails disabled,,Romeu Zema,,KEPT
141,RSO-0141,29,Brazil Presidential Election First Round: 3rd Place,Brazil Presidential Election First Round: 3rd Place — Flávio Bolsonaro,Will Flávio Bolsonaro finish in third place in the first round of the 2026 Brazilian presidential election?,Will Flávio Bolsonaro finish third in the Brazil presidential election first round?,Brazil,brazil_presidential,presidential_two_round,brazil_first_round_third_place_2026,tracked,brazil_core,multi_outcome_contract,4,Flávio Bolsonaro,will-flvio-bolsonaro-finish-in-third-place-in-the-first-round-of-the-2026-brazilian-presidential-election,will-flavio-bolsonaro-finish-third-in-the-brazil-presidential-election-first-round,brazil-presidential-election-first-round-3rd-place,First-round third-place market; tests field fragmentation beyond Lula/Flávio.,needs_slug_clob_verification,appears_strong_from_paste,appears_clear_from_paste,Expanded to all visible candidate outcomes.,1365895,204973,0x6be36f266340255dd19e09482da15b256ec51bd478309d667495645fde253a22,"A presidential election is scheduled to take place in Brazil on October 4, 2026.

This market will resolve according to the listed candidate who receives the third-most valid votes in the first round of this election.

The named candidates will be primarily ranked by the number of valid votes received in the specified election. If two or more candidates are tied on valid votes, ties will be broken by alphabetical order of the candidates' last names. This market will resolve to the candidate that occupies the third-highest finishing position after applying this ranking.

If the result of this election isn't known definitively by June 30, 2027, 11:59 PM ET, the market will resolve to ""Other"".

This market will resolve based on the result of the election, as indicated by a consensus of credible reporting. If there is ambiguity, this market will resolve based solely on the official results as reported by the Brazilian government, specifically the Superior Electoral Court (Tribunal Superior Eleitoral, TSE) (e.g., https://dadosabertos.tse.jus.br/).",,,2026-10-04T00:00:00Z,true,false,,false,true,"[""Yes"",""No""]","[""72105519990658117217601472036918871987045329443196791013027800715032836032517"",""57514245105262270357983028530993649372918243842474405130966126456107899112446""]","{""Yes"":""72105519990658117217601472036918871987045329443196791013027800715032836032517"",""No"":""57514245105262270357983028530993649372918243842474405130966126456107899112446""}",72105519990658117217601472036918871987045329443196791013027800715032836032517,57514245105262270357983028530993649372918243842474405130966126456107899112446,14493.661530000003,37291.32529,https://polymarket.com/event/will-flvio-bolsonaro-finish-in-third-place-in-the-first-round-of-the-2026-brazilian-presidential-election,VERIFIED_READY,2026-06-25T20:31:18+00:00,"[{""score"":1.1165,""id"":""1365895"",""slug"":""will-flvio-bolsonaro-finish-in-third-place-in-the-first-round-of-the-2026-brazilian-presidential-election"",""question"":""Will Flávio Bolsonaro finish in third place in the first round of the 2026 Brazilian presidential election?"",""event_title"":""Brazil Presidential Election First Round: 3rd Place"",""endDate"":""2026-10-04T00:00:00Z"",""volume"":""14493.661530000003"",""source"":""events_slug_path"",""active"":true,""closed"":false},{""score"":1.0616,""id"":""1365889"",""slug"":""will-jair-bolsonaro-finish-in-third-place-in-the-first-round-of-the-2026-brazilian-presidential-election"",""question"":""Will Jair Bolsonaro finish in third place in the first round of the 2026 Brazilian presidential election?"",""event_title"":""Brazil Presidential Election First Round: 3rd Place"",""endDate"":""2026-10-04T00:00:00Z"",""volume"":""5144.624933999999"",""source"":""events_slug_path"",""active"":true,""closed"":false},{""score"":1.0584,""id"":""1365892"",""slug"":""will-eduardo-bolsonaro-finish-in-third-place-in-the-first-round-of-the-2026-brazilian-presidential-election"",""question"":""Will Eduardo Bolsonaro finish in third place in the first round of the 2026 Brazilian presidential election?"",""event_title"":""Brazil Presidential Election First Round: 3rd Place"",""endDate"":""2026-10-04T00:00:00Z"",""volume"":""41342.952055"",""source"":""events_slug_path"",""active"":true,""closed"":false},{""score"":1.0529,""id"":""1365891"",""slug"":""will-michelle-bolsonaro-finish-in-third-place-in-the-first-round-of-the-2026-brazilian-presidential-election"",""question"":""Will Michelle Bolsonaro finish in third place in the first round of the 2026 Brazilian presidential election?"",""event_title"":""Brazil Presidential Election First Round: 3rd Place"",""endDate"":""2026-10-04T00:00:00Z"",""volume"":""6933.73131"",""source"":""events_slug_path"",""active"":true,""closed"":false},{""score"":1.0224,""id"":""1365900"",""slug"":""will-aldo-rebelo-finish-in-third-place-in-the-first-round-of-the-2026-brazilian-presidential-election"",""question"":""Will Aldo Rebelo finish in third place in the first round of the 2026 Brazilian presidential election?"",""event_title"":""Brazil Presidential Election First Round: 3rd Place"",""endDate"":""2026-10-04T00:00:00Z"",""volume"":""5802.750166"",""source"":""events_slug_path"",""active"":true,""closed"":false}]",AUTO_ACCEPTED: accepted rank=1 score=1.1165 top=1.1165 second=1.0616; score/margin guardrails disabled,,Flávio Bolsonaro,,KEPT
142,RSO-0142,29,Brazil Presidential Election First Round: 3rd Place,Brazil Presidential Election First Round: 3rd Place — Fernando Haddad,Will Fernando Haddad finish in third place in the first round of the 2026 Brazilian presidential election?,Will Fernando Haddad finish third in the Brazil presidential election first round?,Brazil,brazil_presidential,presidential_two_round,brazil_first_round_third_place_2026,tracked,brazil_core,multi_outcome_contract,5,Fernando Haddad,will-fernando-haddad-finish-in-third-place-in-the-first-round-of-the-2026-brazilian-presidential-election,will-fernando-haddad-finish-third-in-the-brazil-presidential-election-first-round,brazil-presidential-election-first-round-3rd-place,First-round third-place market; tests field fragmentation beyond Lula/Flávio.,needs_slug_clob_verification,appears_strong_from_paste,appears_clear_from_paste,Expanded to all visible candidate outcomes.,1365890,204973,0xacc4e526a8c6f718b80ac7f559157b5197f040fb4505a7188a6315ab208f9e36,"A presidential election is scheduled to take place in Brazil on October 4, 2026.

This market will resolve according to the listed candidate who receives the third-most valid votes in the first round of this election.

The named candidates will be primarily ranked by the number of valid votes received in the specified election. If two or more candidates are tied on valid votes, ties will be broken by alphabetical order of the candidates' last names. This market will resolve to the candidate that occupies the third-highest finishing position after applying this ranking.

If the result of this election isn't known definitively by June 30, 2027, 11:59 PM ET, the market will resolve to ""Other"".

This market will resolve based on the result of the election, as indicated by a consensus of credible reporting. If there is ambiguity, this market will resolve based solely on the official results as reported by the Brazilian government, specifically the Superior Electoral Court (Tribunal Superior Eleitoral, TSE) (e.g., https://dadosabertos.tse.jus.br/).",,,2026-10-04T00:00:00Z,true,false,,false,true,"[""Yes"",""No""]","[""68900789111688395688502786616903396723989073762161917546372882449576813191849"",""300468466017363017306702156813938438141402880520277391605530423626857028548""]","{""Yes"":""68900789111688395688502786616903396723989073762161917546372882449576813191849"",""No"":""300468466017363017306702156813938438141402880520277391605530423626857028548""}",68900789111688395688502786616903396723989073762161917546372882449576813191849,300468466017363017306702156813938438141402880520277391605530423626857028548,16236.337305000006,22786.5276,https://polymarket.com/event/will-fernando-haddad-finish-in-third-place-in-the-first-round-of-the-2026-brazilian-presidential-election,VERIFIED_READY,2026-06-25T20:31:21+00:00,"[{""score"":1.1153,""id"":""1365890"",""slug"":""will-fernando-haddad-finish-in-third-place-in-the-first-round-of-the-2026-brazilian-presidential-election"",""question"":""Will Fernando Haddad finish in third place in the first round of the 2026 Brazilian presidential election?"",""event_title"":""Brazil Presidential Election First Round: 3rd Place"",""endDate"":""2026-10-04T00:00:00Z"",""volume"":""16236.337305000006"",""source"":""events_slug_path"",""active"":true,""closed"":false},{""score"":1.0452,""id"":""1365896"",""slug"":""will-ronaldo-caiado-finish-in-third-place-in-the-first-round-of-the-2026-brazilian-presidential-election"",""question"":""Will Ronaldo Caiado finish in third place in the first round of the 2026 Brazilian presidential election?"",""event_title"":""Brazil Presidential Election First Round: 3rd Place"",""endDate"":""2026-10-04T00:00:00Z"",""volume"":""23307.220364000008"",""source"":""events_slug_path"",""active"":true,""closed"":false},{""score"":1.0375,""id"":""1365894"",""slug"":""will-renan-santos-finish-in-third-place-in-the-first-round-of-the-2026-brazilian-presidential-election"",""question"":""Will Renan Santos finish in third place in the first round of the 2026 Brazilian presidential election?"",""event_title"":""Brazil Presidential Election First Round: 3rd Place"",""endDate"":""2026-10-04T00:00:00Z"",""volume"":""89926.04207600004"",""source"":""events_slug_path"",""active"":true,""closed"":false},{""score"":1.0348,""id"":""1365899"",""slug"":""will-geraldo-alckmin-finish-in-third-place-in-the-first-round-of-the-2026-brazilian-presidential-election"",""question"":""Will Geraldo Alckmin finish in third place in the first round of the 2026 Brazilian presidential election?"",""event_title"":""Brazil Presidential Election First Round: 3rd Place"",""endDate"":""2026-10-04T00:00:00Z"",""volume"":""4940.108647"",""source"":""events_slug_path"",""active"":true,""closed"":false},{""score"":1.0278,""id"":""1365892"",""slug"":""will-eduardo-bolsonaro-finish-in-third-place-in-the-first-round-of-the-2026-brazilian-presidential-election"",""question"":""Will Eduardo Bolsonaro finish in third place in the first round of the 2026 Brazilian presidential election?"",""event_title"":""Brazil Presidential Election First Round: 3rd Place"",""endDate"":""2026-10-04T00:00:00Z"",""volume"":""41342.952055"",""source"":""events_slug_path"",""active"":true,""closed"":false}]",AUTO_ACCEPTED: accepted rank=1 score=1.1153 top=1.1153 second=1.0452; score/margin guardrails disabled,,Fernando Haddad,,KEPT
143,RSO-0143,29,Brazil Presidential Election First Round: 3rd Place,Brazil Presidential Election First Round: 3rd Place — Michelle Bolsonaro,Will Michelle Bolsonaro finish in third place in the first round of the 2026 Brazilian presidential election?,Will Michelle Bolsonaro finish third in the Brazil presidential election first round?,Brazil,brazil_presidential,presidential_two_round,brazil_first_round_third_place_2026,tracked,brazil_core,multi_outcome_contract,6,Michelle Bolsonaro,will-michelle-bolsonaro-finish-in-third-place-in-the-first-round-of-the-2026-brazilian-presidential-election,will-michelle-bolsonaro-finish-third-in-the-brazil-presidential-election-first-round,brazil-presidential-election-first-round-3rd-place,First-round third-place market; tests field fragmentation beyond Lula/Flávio.,needs_slug_clob_verification,appears_strong_from_paste,appears_clear_from_paste,Expanded to all visible candidate outcomes.,1365891,204973,0x100bfbd547cdb8782f816235d4f7d4301ec473250f4df606e6809605cdb3b5e9,"A presidential election is scheduled to take place in Brazil on October 4, 2026.

This market will resolve according to the listed candidate who receives the third-most valid votes in the first round of this election.

The named candidates will be primarily ranked by the number of valid votes received in the specified election. If two or more candidates are tied on valid votes, ties will be broken by alphabetical order of the candidates' last names. This market will resolve to the candidate that occupies the third-highest finishing position after applying this ranking.

If the result of this election isn't known definitively by June 30, 2027, 11:59 PM ET, the market will resolve to ""Other"".

This market will resolve based on the result of the election, as indicated by a consensus of credible reporting. If there is ambiguity, this market will resolve based solely on the official results as reported by the Brazilian government, specifically the Superior Electoral Court (Tribunal Superior Eleitoral, TSE) (e.g., https://dadosabertos.tse.jus.br/).",,,2026-10-04T00:00:00Z,true,false,,false,true,"[""Yes"",""No""]","[""49351020302549947445240161216979954485123748869512687492350910080193586920226"",""28475030426046476403624531151294401567663684170114843729612222803095712658907""]","{""Yes"":""49351020302549947445240161216979954485123748869512687492350910080193586920226"",""No"":""28475030426046476403624531151294401567663684170114843729612222803095712658907""}",49351020302549947445240161216979954485123748869512687492350910080193586920226,28475030426046476403624531151294401567663684170114843729612222803095712658907,6933.73131,24555.93573,https://polymarket.com/event/will-michelle-bolsonaro-finish-in-third-place-in-the-first-round-of-the-2026-brazilian-presidential-election,VERIFIED_READY,2026-06-25T20:31:24+00:00,"[{""score"":1.1179,""id"":""1365891"",""slug"":""will-michelle-bolsonaro-finish-in-third-place-in-the-first-round-of-the-2026-brazilian-presidential-election"",""question"":""Will Michelle Bolsonaro finish in third place in the first round of the 2026 Brazilian presidential election?"",""event_title"":""Brazil Presidential Election First Round: 3rd Place"",""endDate"":""2026-10-04T00:00:00Z"",""volume"":""6933.73131"",""source"":""events_slug_path"",""active"":true,""closed"":false},{""score"":1.0691,""id"":""1365889"",""slug"":""will-jair-bolsonaro-finish-in-third-place-in-the-first-round-of-the-2026-brazilian-presidential-election"",""question"":""Will Jair Bolsonaro finish in third place in the first round of the 2026 Brazilian presidential election?"",""event_title"":""Brazil Presidential Election First Round: 3rd Place"",""endDate"":""2026-10-04T00:00:00Z"",""volume"":""5144.624933999999"",""source"":""events_slug_path"",""active"":true,""closed"":false},{""score"":1.0674,""id"":""1365895"",""slug"":""will-flvio-bolsonaro-finish-in-third-place-in-the-first-round-of-the-2026-brazilian-presidential-election"",""question"":""Will Flávio Bolsonaro finish in third place in the first round of the 2026 Brazilian presidential election?"",""event_title"":""Brazil Presidential Election First Round: 3rd Place"",""endDate"":""2026-10-04T00:00:00Z"",""volume"":""14493.661530000003"",""source"":""events_slug_path"",""active"":true,""closed"":false},{""score"":1.066,""id"":""1365892"",""slug"":""will-eduardo-bolsonaro-finish-in-third-place-in-the-first-round-of-the-2026-brazilian-presidential-election"",""question"":""Will Eduardo Bolsonaro finish in third place in the first round of the 2026 Brazilian presidential election?"",""event_title"":""Brazil Presidential Election First Round: 3rd Place"",""endDate"":""2026-10-04T00:00:00Z"",""volume"":""41342.952055"",""source"":""events_slug_path"",""active"":true,""closed"":false},{""score"":1.0389,""id"":""1365903"",""slug"":""will-helder-barbalho-finish-in-third-place-in-the-first-round-of-the-2026-brazilian-presidential-election"",""question"":""Will Helder Barbalho finish in third place in the first round of the 2026 Brazilian presidential election?"",""event_title"":""Brazil Presidential Election First Round: 3rd Place"",""endDate"":""2026-10-04T00:00:00Z"",""volume"":""1783.4425"",""source"":""events_slug_path"",""active"":true,""closed"":false}]",AUTO_ACCEPTED: accepted rank=1 score=1.1179 top=1.1179 second=1.0691; score/margin guardrails disabled,,Michelle Bolsonaro,,KEPT
144,RSO-0144,29,Brazil Presidential Election First Round: 3rd Place,Brazil Presidential Election First Round: 3rd Place — Luiz Inácio Lula da Silva,Will Luiz Inácio Lula da Silva finish in third place in the first round of the 2026 Brazilian presidential election?,Will Luiz Inácio Lula da Silva finish third in the Brazil presidential election first round?,Brazil,brazil_presidential,presidential_two_round,brazil_first_round_third_place_2026,tracked,brazil_core,multi_outcome_contract,7,Luiz Inácio Lula da Silva,will-luiz-incio-lula-da-silva-finish-in-third-place-in-the-first-round-of-the-2026-brazilian-presidential-election,will-luiz-inacio-lula-da-silva-finish-third-in-the-brazil-presidential-election-first-round,brazil-presidential-election-first-round-3rd-place,First-round third-place market; tests field fragmentation beyond Lula/Flávio.,needs_slug_clob_verification,appears_strong_from_paste,appears_clear_from_paste,Expanded to all visible candidate outcomes.,1365888,204973,0xd24e8798122cba5bb43a77e9a78f2e26bd65c47f281f4b66582718fa215b9f6e,"A presidential election is scheduled to take place in Brazil on October 4, 2026.

This market will resolve according to the listed candidate who receives the third-most valid votes in the first round of this election.

The named candidates will be primarily ranked by the number of valid votes received in the specified election. If two or more candidates are tied on valid votes, ties will be broken by alphabetical order of the candidates' last names. This market will resolve to the candidate that occupies the third-highest finishing position after applying this ranking.

If the result of this election isn't known definitively by June 30, 2027, 11:59 PM ET, the market will resolve to ""Other"".

This market will resolve based on the result of the election, as indicated by a consensus of credible reporting. If there is ambiguity, this market will resolve based solely on the official results as reported by the Brazilian government, specifically the Superior Electoral Court (Tribunal Superior Eleitoral, TSE) (e.g., https://dadosabertos.tse.jus.br/).",,,2026-10-04T00:00:00Z,true,false,,false,true,"[""Yes"",""No""]","[""83523389355379455617216619302245463257831942159580180419891340819821613515660"",""42610486619834078603259176320689343846397434405253503147805596926275889739942""]","{""Yes"":""83523389355379455617216619302245463257831942159580180419891340819821613515660"",""No"":""42610486619834078603259176320689343846397434405253503147805596926275889739942""}",83523389355379455617216619302245463257831942159580180419891340819821613515660,42610486619834078603259176320689343846397434405253503147805596926275889739942,7737.227020000004,29574.08551,https://polymarket.com/event/will-luiz-incio-lula-da-silva-finish-in-third-place-in-the-first-round-of-the-2026-brazilian-presidential-election,VERIFIED_READY,2026-06-25T20:31:28+00:00,"[{""score"":1.1242,""id"":""1365888"",""slug"":""will-luiz-incio-lula-da-silva-finish-in-third-place-in-the-first-round-of-the-2026-brazilian-presidential-election"",""question"":""Will Luiz Inácio Lula da Silva finish in third place in the first round of the 2026 Brazilian presidential election?"",""event_title"":""Brazil Presidential Election First Round: 3rd Place"",""endDate"":""2026-10-04T00:00:00Z"",""volume"":""7737.227020000004"",""source"":""events_slug_path"",""active"":true,""closed"":false},{""score"":0.9798,""id"":""1365895"",""slug"":""will-flvio-bolsonaro-finish-in-third-place-in-the-first-round-of-the-2026-brazilian-presidential-election"",""question"":""Will Flávio Bolsonaro finish in third place in the first round of the 2026 Brazilian presidential election?"",""event_title"":""Brazil Presidential Election First Round: 3rd Place"",""endDate"":""2026-10-04T00:00:00Z"",""volume"":""14493.661530000003"",""source"":""events_slug_path"",""active"":true,""closed"":false},{""score"":0.9777,""id"":""1365894"",""slug"":""will-renan-santos-finish-in-third-place-in-the-first-round-of-the-2026-brazilian-presidential-election"",""question"":""Will Renan Santos finish in third place in the first round of the 2026 Brazilian presidential election?"",""event_title"":""Brazil Presidential Election First Round: 3rd Place"",""endDate"":""2026-10-04T00:00:00Z"",""volume"":""89926.04207600004"",""source"":""events_slug_path"",""active"":true,""closed"":false},{""score"":0.9768,""id"":""1365898"",""slug"":""will-camilo-santana-finish-in-third-place-in-the-first-round-of-the-2026-brazilian-presidential-election"",""question"":""Will Camilo Santana finish in third place in the first round of the 2026 Brazilian presidential election?"",""event_title"":""Brazil Presidential Election First Round: 3rd Place"",""endDate"":""2026-10-04T00:00:00Z"",""volume"":""8096.252436000001"",""source"":""events_slug_path"",""active"":true,""closed"":false},{""score"":0.9757,""id"":""1365890"",""slug"":""will-fernando-haddad-finish-in-third-place-in-the-first-round-of-the-2026-brazilian-presidential-election"",""question"":""Will Fernando Haddad finish in third place in the first round of the 2026 Brazilian presidential election?"",""event_title"":""Brazil Presidential Election First Round: 3rd Place"",""endDate"":""2026-10-04T00:00:00Z"",""volume"":""16236.337305000006"",""source"":""events_slug_path"",""active"":true,""closed"":false}]",AUTO_ACCEPTED: accepted rank=1 score=1.1242 top=1.1242 second=0.9798; score/margin guardrails disabled,,Luiz Inácio Lula da Silva,,KEPT
145,RSO-0145,29,Brazil Presidential Election First Round: 3rd Place,Brazil Presidential Election First Round: 3rd Place — Camilo Santana,Will Camilo Santana finish in third place in the first round of the 2026 Brazilian presidential election?,Will Camilo Santana finish third in the Brazil presidential election first round?,Brazil,brazil_presidential,presidential_two_round,brazil_first_round_third_place_2026,tracked,brazil_core,multi_outcome_contract,8,Camilo Santana,will-camilo-santana-finish-in-third-place-in-the-first-round-of-the-2026-brazilian-presidential-election,will-camilo-santana-finish-third-in-the-brazil-presidential-election-first-round,brazil-presidential-election-first-round-3rd-place,First-round third-place market; tests field fragmentation beyond Lula/Flávio.,needs_slug_clob_verification,appears_strong_from_paste,appears_clear_from_paste,Expanded to all visible candidate outcomes.,1365898,204973,0xe0bdf2bdc79bac3880e6dc76513f0f02df91ed5c2650954a66ea9c7f09b7e6e5,"A presidential election is scheduled to take place in Brazil on October 4, 2026.

This market will resolve according to the listed candidate who receives the third-most valid votes in the first round of this election.

The named candidates will be primarily ranked by the number of valid votes received in the specified election. If two or more candidates are tied on valid votes, ties will be broken by alphabetical order of the candidates' last names. This market will resolve to the candidate that occupies the third-highest finishing position after applying this ranking.

If the result of this election isn't known definitively by June 30, 2027, 11:59 PM ET, the market will resolve to ""Other"".

This market will resolve based on the result of the election, as indicated by a consensus of credible reporting. If there is ambiguity, this market will resolve based solely on the official results as reported by the Brazilian government, specifically the Superior Electoral Court (Tribunal Superior Eleitoral, TSE) (e.g., https://dadosabertos.tse.jus.br/).",,,2026-10-04T00:00:00Z,true,false,,false,true,"[""Yes"",""No""]","[""14625196078870030930212146457810187393803805444846576279727526171169322797888"",""26383199013190932278450060980075498428766453657138149001848829512754141339236""]","{""Yes"":""14625196078870030930212146457810187393803805444846576279727526171169322797888"",""No"":""26383199013190932278450060980075498428766453657138149001848829512754141339236""}",14625196078870030930212146457810187393803805444846576279727526171169322797888,26383199013190932278450060980075498428766453657138149001848829512754141339236,8096.252436000001,23183.64987,https://polymarket.com/event/will-camilo-santana-finish-in-third-place-in-the-first-round-of-the-2026-brazilian-presidential-election,VERIFIED_READY,2026-06-25T20:31:31+00:00,"[{""score"":1.1134,""id"":""1365898"",""slug"":""will-camilo-santana-finish-in-third-place-in-the-first-round-of-the-2026-brazilian-presidential-election"",""question"":""Will Camilo Santana finish in third place in the first round of the 2026 Brazilian presidential election?"",""event_title"":""Brazil Presidential Election First Round: 3rd Place"",""endDate"":""2026-10-04T00:00:00Z"",""volume"":""8096.252436000001"",""source"":""events_slug_path"",""active"":true,""closed"":false},{""score"":1.0464,""id"":""1365894"",""slug"":""will-renan-santos-finish-in-third-place-in-the-first-round-of-the-2026-brazilian-presidential-election"",""question"":""Will Renan Santos finish in third place in the first round of the 2026 Brazilian presidential election?"",""event_title"":""Brazil Presidential Election First Round: 3rd Place"",""endDate"":""2026-10-04T00:00:00Z"",""volume"":""89926.04207600004"",""source"":""events_slug_path"",""active"":true,""closed"":false},{""score"":1.0332,""id"":""1365889"",""slug"":""will-jair-bolsonaro-finish-in-third-place-in-the-first-round-of-the-2026-brazilian-presidential-election"",""question"":""Will Jair Bolsonaro finish in third place in the first round of the 2026 Brazilian presidential election?"",""event_title"":""Brazil Presidential Election First Round: 3rd Place"",""endDate"":""2026-10-04T00:00:00Z"",""volume"":""5144.624933999999"",""source"":""events_slug_path"",""active"":true,""closed"":false},{""score"":1.0315,""id"":""1365895"",""slug"":""will-flvio-bolsonaro-finish-in-third-place-in-the-first-round-of-the-2026-brazilian-presidential-election"",""question"":""Will Flávio Bolsonaro finish in third place in the first round of the 2026 Brazilian presidential election?"",""event_title"":""Brazil Presidential Election First Round: 3rd Place"",""endDate"":""2026-10-04T00:00:00Z"",""volume"":""14493.661530000003"",""source"":""events_slug_path"",""active"":true,""closed"":false},{""score"":1.0311,""id"":""1365891"",""slug"":""will-michelle-bolsonaro-finish-in-third-place-in-the-first-round-of-the-2026-brazilian-presidential-election"",""question"":""Will Michelle Bolsonaro finish in third place in the first round of the 2026 Brazilian presidential election?"",""event_title"":""Brazil Presidential Election First Round: 3rd Place"",""endDate"":""2026-10-04T00:00:00Z"",""volume"":""6933.73131"",""source"":""events_slug_path"",""active"":true,""closed"":false}]",AUTO_ACCEPTED: accepted rank=1 score=1.1134 top=1.1134 second=1.0464; score/margin guardrails disabled,,Camilo Santana,,KEPT
146,RSO-0146,29,Brazil Presidential Election First Round: 3rd Place,Brazil Presidential Election First Round: 3rd Place — Eduardo Bolsonaro,Will Eduardo Bolsonaro finish in third place in the first round of the 2026 Brazilian presidential election?,Will Eduardo Bolsonaro finish third in the Brazil presidential election first round?,Brazil,brazil_presidential,presidential_two_round,brazil_first_round_third_place_2026,tracked,brazil_core,multi_outcome_contract,9,Eduardo Bolsonaro,will-eduardo-bolsonaro-finish-in-third-place-in-the-first-round-of-the-2026-brazilian-presidential-election,will-eduardo-bolsonaro-finish-third-in-the-brazil-presidential-election-first-round,brazil-presidential-election-first-round-3rd-place,First-round third-place market; tests field fragmentation beyond Lula/Flávio.,needs_slug_clob_verification,appears_strong_from_paste,appears_clear_from_paste,Expanded to all visible candidate outcomes.,1365892,204973,0x43984893f308ca7980b90d7634faa9b7c5e29b71733ed1eff7be3b0e8e0248fd,"A presidential election is scheduled to take place in Brazil on October 4, 2026.

This market will resolve according to the listed candidate who receives the third-most valid votes in the first round of this election.

The named candidates will be primarily ranked by the number of valid votes received in the specified election. If two or more candidates are tied on valid votes, ties will be broken by alphabetical order of the candidates' last names. This market will resolve to the candidate that occupies the third-highest finishing position after applying this ranking.

If the result of this election isn't known definitively by June 30, 2027, 11:59 PM ET, the market will resolve to ""Other"".

This market will resolve based on the result of the election, as indicated by a consensus of credible reporting. If there is ambiguity, this market will resolve based solely on the official results as reported by the Brazilian government, specifically the Superior Electoral Court (Tribunal Superior Eleitoral, TSE) (e.g., https://dadosabertos.tse.jus.br/).",,,2026-10-04T00:00:00Z,true,false,,false,true,"[""Yes"",""No""]","[""77695179199504241233318281547041031759227451576427270759028171066693823111590"",""39823991101882538393943440606132516683825309468454527872857236745366616740500""]","{""Yes"":""77695179199504241233318281547041031759227451576427270759028171066693823111590"",""No"":""39823991101882538393943440606132516683825309468454527872857236745366616740500""}",77695179199504241233318281547041031759227451576427270759028171066693823111590,39823991101882538393943440606132516683825309468454527872857236745366616740500,41342.952055,23791.57992,https://polymarket.com/event/will-eduardo-bolsonaro-finish-in-third-place-in-the-first-round-of-the-2026-brazilian-presidential-election,VERIFIED_READY,2026-06-25T20:31:34+00:00,"[{""score"":1.1201,""id"":""1365892"",""slug"":""will-eduardo-bolsonaro-finish-in-third-place-in-the-first-round-of-the-2026-brazilian-presidential-election"",""question"":""Will Eduardo Bolsonaro finish in third place in the first round of the 2026 Brazilian presidential election?"",""event_title"":""Brazil Presidential Election First Round: 3rd Place"",""endDate"":""2026-10-04T00:00:00Z"",""volume"":""41342.952055"",""source"":""events_slug_path"",""active"":true,""closed"":false},{""score"":1.0779,""id"":""1365889"",""slug"":""will-jair-bolsonaro-finish-in-third-place-in-the-first-round-of-the-2026-brazilian-presidential-election"",""question"":""Will Jair Bolsonaro finish in third place in the first round of the 2026 Brazilian presidential election?"",""event_title"":""Brazil Presidential Election First Round: 3rd Place"",""endDate"":""2026-10-04T00:00:00Z"",""volume"":""5144.624933999999"",""source"":""events_slug_path"",""active"":true,""closed"":false},{""score"":1.0699,""id"":""1365895"",""slug"":""will-flvio-bolsonaro-finish-in-third-place-in-the-first-round-of-the-2026-brazilian-presidential-election"",""question"":""Will Flávio Bolsonaro finish in third place in the first round of the 2026 Brazilian presidential election?"",""event_title"":""Brazil Presidential Election First Round: 3rd Place"",""endDate"":""2026-10-04T00:00:00Z"",""volume"":""14493.661530000003"",""source"":""events_slug_path"",""active"":true,""closed"":false},{""score"":1.0631,""id"":""1365891"",""slug"":""will-michelle-bolsonaro-finish-in-third-place-in-the-first-round-of-the-2026-brazilian-presidential-election"",""question"":""Will Michelle Bolsonaro finish in third place in the first round of the 2026 Brazilian presidential election?"",""event_title"":""Brazil Presidential Election First Round: 3rd Place"",""endDate"":""2026-10-04T00:00:00Z"",""volume"":""6933.73131"",""source"":""events_slug_path"",""active"":true,""closed"":false},{""score"":1.061,""id"":""1365901"",""slug"":""will-eduardo-leite-finish-in-third-place-in-the-first-round-of-the-2026-brazilian-presidential-election"",""question"":""Will Eduardo Leite finish in third place in the first round of the 2026 Brazilian presidential election?"",""event_title"":""Brazil Presidential Election First Round: 3rd Place"",""endDate"":""2026-10-04T00:00:00Z"",""volume"":""3905.922984"",""source"":""events_slug_path"",""active"":true,""closed"":false}]",AUTO_ACCEPTED: accepted rank=1 score=1.1201 top=1.1201 second=1.0779; score/margin guardrails disabled,,Eduardo Bolsonaro,,KEPT
147,RSO-0147,29,Brazil Presidential Election First Round: 3rd Place,Brazil Presidential Election First Round: 3rd Place — Aldo Rebelo,Will Aldo Rebelo finish in third place in the first round of the 2026 Brazilian presidential election?,Will Aldo Rebelo finish third in the Brazil presidential election first round?,Brazil,brazil_presidential,presidential_two_round,brazil_first_round_third_place_2026,tracked,brazil_core,multi_outcome_contract,10,Aldo Rebelo,will-aldo-rebelo-finish-in-third-place-in-the-first-round-of-the-2026-brazilian-presidential-election,will-aldo-rebelo-finish-third-in-the-brazil-presidential-election-first-round,brazil-presidential-election-first-round-3rd-place,First-round third-place market; tests field fragmentation beyond Lula/Flávio.,needs_slug_clob_verification,appears_strong_from_paste,appears_clear_from_paste,Expanded to all visible candidate outcomes.,1365900,204973,0x6b4d9574d789228b2f14edc10b452dc8948e38be04dba6bf90d0104e3e4e1f43,"A presidential election is scheduled to take place in Brazil on October 4, 2026.

This market will resolve according to the listed candidate who receives the third-most valid votes in the first round of this election.

The named candidates will be primarily ranked by the number of valid votes received in the specified election. If two or more candidates are tied on valid votes, ties will be broken by alphabetical order of the candidates' last names. This market will resolve to the candidate that occupies the third-highest finishing position after applying this ranking.

If the result of this election isn't known definitively by June 30, 2027, 11:59 PM ET, the market will resolve to ""Other"".

This market will resolve based on the result of the election, as indicated by a consensus of credible reporting. If there is ambiguity, this market will resolve based solely on the official results as reported by the Brazilian government, specifically the Superior Electoral Court (Tribunal Superior Eleitoral, TSE) (e.g., https://dadosabertos.tse.jus.br/).",,,2026-10-04T00:00:00Z,true,false,,false,true,"[""Yes"",""No""]","[""111311151154014585812304238818591195075829743734952417845440348572279563265684"",""113188076239018720198425861466078316898136739592107670829274749024996317827880""]","{""Yes"":""111311151154014585812304238818591195075829743734952417845440348572279563265684"",""No"":""113188076239018720198425861466078316898136739592107670829274749024996317827880""}",111311151154014585812304238818591195075829743734952417845440348572279563265684,113188076239018720198425861466078316898136739592107670829274749024996317827880,5802.750166,24219.40906,https://polymarket.com/event/will-aldo-rebelo-finish-in-third-place-in-the-first-round-of-the-2026-brazilian-presidential-election,VERIFIED_READY,2026-06-25T20:31:38+00:00,"[{""score"":1.1096,""id"":""1365900"",""slug"":""will-aldo-rebelo-finish-in-third-place-in-the-first-round-of-the-2026-brazilian-presidential-election"",""question"":""Will Aldo Rebelo finish in third place in the first round of the 2026 Brazilian presidential election?"",""event_title"":""Brazil Presidential Election First Round: 3rd Place"",""endDate"":""2026-10-04T00:00:00Z"",""volume"":""5802.750166"",""source"":""events_slug_path"",""active"":true,""closed"":false},{""score"":1.0429,""id"":""1365896"",""slug"":""will-ronaldo-caiado-finish-in-third-place-in-the-first-round-of-the-2026-brazilian-presidential-election"",""question"":""Will Ronaldo Caiado finish in third place in the first round of the 2026 Brazilian presidential election?"",""event_title"":""Brazil Presidential Election First Round: 3rd Place"",""endDate"":""2026-10-04T00:00:00Z"",""volume"":""23307.220364000008"",""source"":""events_slug_path"",""active"":true,""closed"":false},{""score"":1.0426,""id"":""1365901"",""slug"":""will-eduardo-leite-finish-in-third-place-in-the-first-round-of-the-2026-brazilian-presidential-election"",""question"":""Will Eduardo Leite finish in third place in the first round of the 2026 Brazilian presidential election?"",""event_title"":""Brazil Presidential Election First Round: 3rd Place"",""endDate"":""2026-10-04T00:00:00Z"",""volume"":""3905.922984"",""source"":""events_slug_path"",""active"":true,""closed"":false},{""score"":1.0387,""id"":""1365899"",""slug"":""will-geraldo-alckmin-finish-in-third-place-in-the-first-round-of-the-2026-brazilian-presidential-election"",""question"":""Will Geraldo Alckmin finish in third place in the first round of the 2026 Brazilian presidential election?"",""event_title"":""Brazil Presidential Election First Round: 3rd Place"",""endDate"":""2026-10-04T00:00:00Z"",""volume"":""4940.108647"",""source"":""events_slug_path"",""active"":true,""closed"":false},{""score"":1.0378,""id"":""1365892"",""slug"":""will-eduardo-bolsonaro-finish-in-third-place-in-the-first-round-of-the-2026-brazilian-presidential-election"",""question"":""Will Eduardo Bolsonaro finish in third place in the first round of the 2026 Brazilian presidential election?"",""event_title"":""Brazil Presidential Election First Round: 3rd Place"",""endDate"":""2026-10-04T00:00:00Z"",""volume"":""41342.952055"",""source"":""events_slug_path"",""active"":true,""closed"":false}]",AUTO_ACCEPTED: accepted rank=1 score=1.1096 top=1.1096 second=1.0429; score/margin guardrails disabled,,Aldo Rebelo,,KEPT
148,RSO-0148,29,Brazil Presidential Election First Round: 3rd Place,Brazil Presidential Election First Round: 3rd Place — Tarcisio de Freitas,Will Tarcisio de Freitas finish in third place in the first round of the 2026 Brazilian presidential election?,Will Tarcisio de Freitas finish third in the Brazil presidential election first round?,Brazil,brazil_presidential,presidential_two_round,brazil_first_round_third_place_2026,tracked,brazil_core,multi_outcome_contract,11,Tarcisio de Freitas,will-tarcisio-de-freitas-finish-in-third-place-in-the-first-round-of-the-2026-brazilian-presidential-election,will-tarcisio-de-freitas-finish-third-in-the-brazil-presidential-election-first-round,brazil-presidential-election-first-round-3rd-place,First-round third-place market; tests field fragmentation beyond Lula/Flávio.,needs_slug_clob_verification,appears_strong_from_paste,appears_clear_from_paste,Expanded to all visible candidate outcomes.,1365887,204973,0xc69eb6554a719e2fbcb1718e11ae0bd0d8cdb433e8c199329c148efc710c26e5,"A presidential election is scheduled to take place in Brazil on October 4, 2026.

This market will resolve according to the listed candidate who receives the third-most valid votes in the first round of this election.

The named candidates will be primarily ranked by the number of valid votes received in the specified election. If two or more candidates are tied on valid votes, ties will be broken by alphabetical order of the candidates' last names. This market will resolve to the candidate that occupies the third-highest finishing position after applying this ranking.

If the result of this election isn't known definitively by June 30, 2027, 11:59 PM ET, the market will resolve to ""Other"".

This market will resolve based on the result of the election, as indicated by a consensus of credible reporting. If there is ambiguity, this market will resolve based solely on the official results as reported by the Brazilian government, specifically the Superior Electoral Court (Tribunal Superior Eleitoral, TSE) (e.g., https://dadosabertos.tse.jus.br/).",,,2026-10-04T00:00:00Z,true,false,,false,true,"[""Yes"",""No""]","[""76166924205019019068857043962896099082882521942521931098813226982265263647630"",""33757735972908866653331489747593784388219301245104205219048823167975688511469""]","{""Yes"":""76166924205019019068857043962896099082882521942521931098813226982265263647630"",""No"":""33757735972908866653331489747593784388219301245104205219048823167975688511469""}",76166924205019019068857043962896099082882521942521931098813226982265263647630,33757735972908866653331489747593784388219301245104205219048823167975688511469,4903.303444000002,23824.67409,https://polymarket.com/event/will-tarcisio-de-freitas-finish-in-third-place-in-the-first-round-of-the-2026-brazilian-presidential-election,VERIFIED_READY,2026-06-25T20:31:41+00:00,"[{""score"":1.1186,""id"":""1365887"",""slug"":""will-tarcisio-de-freitas-finish-in-third-place-in-the-first-round-of-the-2026-brazilian-presidential-election"",""question"":""Will Tarcisio de Freitas finish in third place in the first round of the 2026 Brazilian presidential election?"",""event_title"":""Brazil Presidential Election First Round: 3rd Place"",""endDate"":""2026-10-04T00:00:00Z"",""volume"":""4903.303444000002"",""source"":""events_slug_path"",""active"":true,""closed"":false},{""score"":1.017,""id"":""1365901"",""slug"":""will-eduardo-leite-finish-in-third-place-in-the-first-round-of-the-2026-brazilian-presidential-election"",""question"":""Will Eduardo Leite finish in third place in the first round of the 2026 Brazilian presidential election?"",""event_title"":""Brazil Presidential Election First Round: 3rd Place"",""endDate"":""2026-10-04T00:00:00Z"",""volume"":""3905.922984"",""source"":""events_slug_path"",""active"":true,""closed"":false},{""score"":1.0126,""id"":""1365902"",""slug"":""will-tereza-cristina-finish-in-third-place-in-the-first-round-of-the-2026-brazilian-presidential-election"",""question"":""Will Tereza Cristina finish in third place in the first round of the 2026 Brazilian presidential election?"",""event_title"":""Brazil Presidential Election First Round: 3rd Place"",""endDate"":""2026-10-04T00:00:00Z"",""volume"":""2381.251"",""source"":""events_slug_path"",""active"":true,""closed"":false},{""score"":1.0099,""id"":""1365894"",""slug"":""will-renan-santos-finish-in-third-place-in-the-first-round-of-the-2026-brazilian-presidential-election"",""question"":""Will Renan Santos finish in third place in the first round of the 2026 Brazilian presidential election?"",""event_title"":""Brazil Presidential Election First Round: 3rd Place"",""endDate"":""2026-10-04T00:00:00Z"",""volume"":""89926.04207600004"",""source"":""events_slug_path"",""active"":true,""closed"":false},{""score"":1.0087,""id"":""1365900"",""slug"":""will-aldo-rebelo-finish-in-third-place-in-the-first-round-of-the-2026-brazilian-presidential-election"",""question"":""Will Aldo Rebelo finish in third place in the first round of the 2026 Brazilian presidential election?"",""event_title"":""Brazil Presidential Election First Round: 3rd Place"",""endDate"":""2026-10-04T00:00:00Z"",""volume"":""5802.750166"",""source"":""events_slug_path"",""active"":true,""closed"":false}]",AUTO_ACCEPTED: accepted rank=1 score=1.1186 top=1.1186 second=1.0170; score/margin guardrails disabled,,Tarcisio de Freitas,,KEPT
149,RSO-0149,29,Brazil Presidential Election First Round: 3rd Place,Brazil Presidential Election First Round: 3rd Place — Jair Bolsonaro,Will Jair Bolsonaro finish in third place in the first round of the 2026 Brazilian presidential election?,Will Jair Bolsonaro finish third in the Brazil presidential election first round?,Brazil,brazil_presidential,presidential_two_round,brazil_first_round_third_place_2026,tracked,brazil_core,multi_outcome_contract,12,Jair Bolsonaro,will-jair-bolsonaro-finish-in-third-place-in-the-first-round-of-the-2026-brazilian-presidential-election,will-jair-bolsonaro-finish-third-in-the-brazil-presidential-election-first-round,brazil-presidential-election-first-round-3rd-place,First-round third-place market; tests field fragmentation beyond Lula/Flávio.,needs_slug_clob_verification,appears_strong_from_paste,appears_clear_from_paste,Expanded to all visible candidate outcomes.,1365889,204973,0xa3e04eadbc6afac2e94d9eebb09d1705e254d313d06a51943cb18fc0612f4835,"A presidential election is scheduled to take place in Brazil on October 4, 2026.

This market will resolve according to the listed candidate who receives the third-most valid votes in the first round of this election.

The named candidates will be primarily ranked by the number of valid votes received in the specified election. If two or more candidates are tied on valid votes, ties will be broken by alphabetical order of the candidates' last names. This market will resolve to the candidate that occupies the third-highest finishing position after applying this ranking.

If the result of this election isn't known definitively by June 30, 2027, 11:59 PM ET, the market will resolve to ""Other"".

This market will resolve based on the result of the election, as indicated by a consensus of credible reporting. If there is ambiguity, this market will resolve based solely on the official results as reported by the Brazilian government, specifically the Superior Electoral Court (Tribunal Superior Eleitoral, TSE) (e.g., https://dadosabertos.tse.jus.br/).",,,2026-10-04T00:00:00Z,true,false,,false,true,"[""Yes"",""No""]","[""57129492998705445481010574377025062654637053860257756183157606940764680444792"",""20467247463210124567248205448807230461461511365786606131760154696460619850340""]","{""Yes"":""57129492998705445481010574377025062654637053860257756183157606940764680444792"",""No"":""20467247463210124567248205448807230461461511365786606131760154696460619850340""}",57129492998705445481010574377025062654637053860257756183157606940764680444792,20467247463210124567248205448807230461461511365786606131760154696460619850340,5144.624933999999,28450.08522,https://polymarket.com/event/will-jair-bolsonaro-finish-in-third-place-in-the-first-round-of-the-2026-brazilian-presidential-election,VERIFIED_READY,2026-06-25T20:31:44+00:00,"[{""score"":1.1136,""id"":""1365889"",""slug"":""will-jair-bolsonaro-finish-in-third-place-in-the-first-round-of-the-2026-brazilian-presidential-election"",""question"":""Will Jair Bolsonaro finish in third place in the first round of the 2026 Brazilian presidential election?"",""event_title"":""Brazil Presidential Election First Round: 3rd Place"",""endDate"":""2026-10-04T00:00:00Z"",""volume"":""5144.624933999999"",""source"":""events_slug_path"",""active"":true,""closed"":false},{""score"":1.0825,""id"":""1365892"",""slug"":""will-eduardo-bolsonaro-finish-in-third-place-in-the-first-round-of-the-2026-brazilian-presidential-election"",""question"":""Will Eduardo Bolsonaro finish in third place in the first round of the 2026 Brazilian presidential election?"",""event_title"":""Brazil Presidential Election First Round: 3rd Place"",""endDate"":""2026-10-04T00:00:00Z"",""volume"":""41342.952055"",""source"":""events_slug_path"",""active"":true,""closed"":false},{""score"":1.0778,""id"":""1365895"",""slug"":""will-flvio-bolsonaro-finish-in-third-place-in-the-first-round-of-the-2026-brazilian-presidential-election"",""question"":""Will Flávio Bolsonaro finish in third place in the first round of the 2026 Brazilian presidential election?"",""event_title"":""Brazil Presidential Election First Round: 3rd Place"",""endDate"":""2026-10-04T00:00:00Z"",""volume"":""14493.661530000003"",""source"":""events_slug_path"",""active"":true,""closed"":false},{""score"":1.0708,""id"":""1365891"",""slug"":""will-michelle-bolsonaro-finish-in-third-place-in-the-first-round-of-the-2026-brazilian-presidential-election"",""question"":""Will Michelle Bolsonaro finish in third place in the first round of the 2026 Brazilian presidential election?"",""event_title"":""Brazil Presidential Election First Round: 3rd Place"",""endDate"":""2026-10-04T00:00:00Z"",""volume"":""6933.73131"",""source"":""events_slug_path"",""active"":true,""closed"":false},{""score"":1.0336,""id"":""1365894"",""slug"":""will-renan-santos-finish-in-third-place-in-the-first-round-of-the-2026-brazilian-presidential-election"",""question"":""Will Renan Santos finish in third place in the first round of the 2026 Brazilian presidential election?"",""event_title"":""Brazil Presidential Election First Round: 3rd Place"",""endDate"":""2026-10-04T00:00:00Z"",""volume"":""89926.04207600004"",""source"":""events_slug_path"",""active"":true,""closed"":false}]",AUTO_ACCEPTED: accepted rank=1 score=1.1136 top=1.1136 second=1.0825; score/margin guardrails disabled,,Jair Bolsonaro,,KEPT
150,RSO-0150,29,Brazil Presidential Election First Round: 3rd Place,Brazil Presidential Election First Round: 3rd Place — Ratinho Júnior,Will Carlos Roberto Massa Júnior finish in third place in the first round of the 2026 Brazilian presidential election?,Will Ratinho Júnior finish third in the Brazil presidential election first round?,Brazil,brazil_presidential,presidential_two_round,brazil_first_round_third_place_2026,tracked,brazil_core,multi_outcome_contract,13,Ratinho Júnior,will-carlos-roberto-massa-jnior-finish-in-third-place-in-the-first-round-of-the-2026-brazilian-presidential-election,will-ratinho-junior-finish-third-in-the-brazil-presidential-election-first-round,brazil-presidential-election-first-round-3rd-place,First-round third-place market; tests field fragmentation beyond Lula/Flávio.,needs_slug_clob_verification,appears_strong_from_paste,appears_clear_from_paste,Expanded to all visible candidate outcomes.,1365893,204973,0x31f31222f37f2583de6c44c4297cafdccfd21d443e785042af0180192897f8ed,"A presidential election is scheduled to take place in Brazil on October 4, 2026.

This market will resolve according to the listed candidate who receives the third-most valid votes in the first round of this election.

The named candidates will be primarily ranked by the number of valid votes received in the specified election. If two or more candidates are tied on valid votes, ties will be broken by alphabetical order of the candidates' last names. This market will resolve to the candidate that occupies the third-highest finishing position after applying this ranking.

If the result of this election isn't known definitively by June 30, 2027, 11:59 PM ET, the market will resolve to ""Other"".

This market will resolve based on the result of the election, as indicated by a consensus of credible reporting. If there is ambiguity, this market will resolve based solely on the official results as reported by the Brazilian government, specifically the Superior Electoral Court (Tribunal Superior Eleitoral, TSE) (e.g., https://dadosabertos.tse.jus.br/).",,,2026-10-04T00:00:00Z,true,false,,false,true,"[""Yes"",""No""]","[""98279737312722721984464036473219944696451907001028596656918791113590571774639"",""45585873794901662369450370420845277891361850736411421687270432964410373480557""]","{""Yes"":""98279737312722721984464036473219944696451907001028596656918791113590571774639"",""No"":""45585873794901662369450370420845277891361850736411421687270432964410373480557""}",98279737312722721984464036473219944696451907001028596656918791113590571774639,45585873794901662369450370420845277891361850736411421687270432964410373480557,96261.71357500003,26977.89148,https://polymarket.com/event/will-carlos-roberto-massa-jnior-finish-in-third-place-in-the-first-round-of-the-2026-brazilian-presidential-election,VERIFIED_READY,2026-06-25T20:31:47+00:00,"[{""score"":1.0504,""id"":""1365893"",""slug"":""will-carlos-roberto-massa-jnior-finish-in-third-place-in-the-first-round-of-the-2026-brazilian-presidential-election"",""question"":""Will Carlos Roberto Massa Júnior finish in third place in the first round of the 2026 Brazilian presidential election?"",""event_title"":""Brazil Presidential Election First Round: 3rd Place"",""endDate"":""2026-10-04T00:00:00Z"",""volume"":""96261.71357500003"",""source"":""events_slug_path"",""active"":true,""closed"":false},{""score"":1.0352,""id"":""1365896"",""slug"":""will-ronaldo-caiado-finish-in-third-place-in-the-first-round-of-the-2026-brazilian-presidential-election"",""question"":""Will Ronaldo Caiado finish in third place in the first round of the 2026 Brazilian presidential election?"",""event_title"":""Brazil Presidential Election First Round: 3rd Place"",""endDate"":""2026-10-04T00:00:00Z"",""volume"":""23307.220364000008"",""source"":""events_slug_path"",""active"":true,""closed"":false},{""score"":1.0336,""id"":""1365894"",""slug"":""will-renan-santos-finish-in-third-place-in-the-first-round-of-the-2026-brazilian-presidential-election"",""question"":""Will Renan Santos finish in third place in the first round of the 2026 Brazilian presidential election?"",""event_title"":""Brazil Presidential Election First Round: 3rd Place"",""endDate"":""2026-10-04T00:00:00Z"",""volume"":""89926.04207600004"",""source"":""events_slug_path"",""active"":true,""closed"":false},{""score"":1.0266,""id"":""1365898"",""slug"":""will-camilo-santana-finish-in-third-place-in-the-first-round-of-the-2026-brazilian-presidential-election"",""question"":""Will Camilo Santana finish in third place in the first round of the 2026 Brazilian presidential election?"",""event_title"":""Brazil Presidential Election First Round: 3rd Place"",""endDate"":""2026-10-04T00:00:00Z"",""volume"":""8096.252436000001"",""source"":""events_slug_path"",""active"":true,""closed"":false},{""score"":1.0263,""id"":""1365900"",""slug"":""will-aldo-rebelo-finish-in-third-place-in-the-first-round-of-the-2026-brazilian-presidential-election"",""question"":""Will Aldo Rebelo finish in third place in the first round of the 2026 Brazilian presidential election?"",""event_title"":""Brazil Presidential Election First Round: 3rd Place"",""endDate"":""2026-10-04T00:00:00Z"",""volume"":""5802.750166"",""source"":""events_slug_path"",""active"":true,""closed"":false}]",AUTO_ACCEPTED: accepted rank=1 score=1.0504 top=1.0504 second=1.0352; score/margin guardrails disabled,,Ratinho Júnior,,KEPT
151,RSO-0151,29,Brazil Presidential Election First Round: 3rd Place,Brazil Presidential Election First Round: 3rd Place — Geraldo Alckmin,Will Geraldo Alckmin finish in third place in the first round of the 2026 Brazilian presidential election?,Will Geraldo Alckmin finish third in the Brazil presidential election first round?,Brazil,brazil_presidential,presidential_two_round,brazil_first_round_third_place_2026,tracked,brazil_core,multi_outcome_contract,14,Geraldo Alckmin,will-geraldo-alckmin-finish-in-third-place-in-the-first-round-of-the-2026-brazilian-presidential-election,will-geraldo-alckmin-finish-third-in-the-brazil-presidential-election-first-round,brazil-presidential-election-first-round-3rd-place,First-round third-place market; tests field fragmentation beyond Lula/Flávio.,needs_slug_clob_verification,appears_strong_from_paste,appears_clear_from_paste,Expanded to all visible candidate outcomes.,1365899,204973,0x5623b547fd959cd4d4b0e1f810d225ec6f0f8215b7a7e882b89692337a8a2956,"A presidential election is scheduled to take place in Brazil on October 4, 2026.

This market will resolve according to the listed candidate who receives the third-most valid votes in the first round of this election.

The named candidates will be primarily ranked by the number of valid votes received in the specified election. If two or more candidates are tied on valid votes, ties will be broken by alphabetical order of the candidates' last names. This market will resolve to the candidate that occupies the third-highest finishing position after applying this ranking.

If the result of this election isn't known definitively by June 30, 2027, 11:59 PM ET, the market will resolve to ""Other"".

This market will resolve based on the result of the election, as indicated by a consensus of credible reporting. If there is ambiguity, this market will resolve based solely on the official results as reported by the Brazilian government, specifically the Superior Electoral Court (Tribunal Superior Eleitoral, TSE) (e.g., https://dadosabertos.tse.jus.br/).",,,2026-10-04T00:00:00Z,true,false,,false,true,"[""Yes"",""No""]","[""84251456841717243220130557907268921144049968775253585100134320614694975152986"",""68080311940873889652089478472538943515384828196871060295529930653653939371892""]","{""Yes"":""84251456841717243220130557907268921144049968775253585100134320614694975152986"",""No"":""68080311940873889652089478472538943515384828196871060295529930653653939371892""}",84251456841717243220130557907268921144049968775253585100134320614694975152986,68080311940873889652089478472538943515384828196871060295529930653653939371892,4940.108647,28119.44964,https://polymarket.com/event/will-geraldo-alckmin-finish-in-third-place-in-the-first-round-of-the-2026-brazilian-presidential-election,VERIFIED_READY,2026-06-25T20:31:50+00:00,"[{""score"":1.1147,""id"":""1365899"",""slug"":""will-geraldo-alckmin-finish-in-third-place-in-the-first-round-of-the-2026-brazilian-presidential-election"",""question"":""Will Geraldo Alckmin finish in third place in the first round of the 2026 Brazilian presidential election?"",""event_title"":""Brazil Presidential Election First Round: 3rd Place"",""endDate"":""2026-10-04T00:00:00Z"",""volume"":""4940.108647"",""source"":""events_slug_path"",""active"":true,""closed"":false},{""score"":1.0452,""id"":""1365896"",""slug"":""will-ronaldo-caiado-finish-in-third-place-in-the-first-round-of-the-2026-brazilian-presidential-election"",""question"":""Will Ronaldo Caiado finish in third place in the first round of the 2026 Brazilian presidential election?"",""event_title"":""Brazil Presidential Election First Round: 3rd Place"",""endDate"":""2026-10-04T00:00:00Z"",""volume"":""23307.220364000008"",""source"":""events_slug_path"",""active"":true,""closed"":false},{""score"":1.0386,""id"":""1365901"",""slug"":""will-eduardo-leite-finish-in-third-place-in-the-first-round-of-the-2026-brazilian-presidential-election"",""question"":""Will Eduardo Leite finish in third place in the first round of the 2026 Brazilian presidential election?"",""event_title"":""Brazil Presidential Election First Round: 3rd Place"",""endDate"":""2026-10-04T00:00:00Z"",""volume"":""3905.922984"",""source"":""events_slug_path"",""active"":true,""closed"":false},{""score"":1.0365,""id"":""1365900"",""slug"":""will-aldo-rebelo-finish-in-third-place-in-the-first-round-of-the-2026-brazilian-presidential-election"",""question"":""Will Aldo Rebelo finish in third place in the first round of the 2026 Brazilian presidential election?"",""event_title"":""Brazil Presidential Election First Round: 3rd Place"",""endDate"":""2026-10-04T00:00:00Z"",""volume"":""5802.750166"",""source"":""events_slug_path"",""active"":true,""closed"":false},{""score"":1.0354,""id"":""1365890"",""slug"":""will-fernando-haddad-finish-in-third-place-in-the-first-round-of-the-2026-brazilian-presidential-election"",""question"":""Will Fernando Haddad finish in third place in the first round of the 2026 Brazilian presidential election?"",""event_title"":""Brazil Presidential Election First Round: 3rd Place"",""endDate"":""2026-10-04T00:00:00Z"",""volume"":""16236.337305000006"",""source"":""events_slug_path"",""active"":true,""closed"":false}]",AUTO_ACCEPTED: accepted rank=1 score=1.1147 top=1.1147 second=1.0452; score/margin guardrails disabled,,Geraldo Alckmin,,KEPT
152,RSO-0152,29,Brazil Presidential Election First Round: 3rd Place,Brazil Presidential Election First Round: 3rd Place — Tereza Cristina,Will Tereza Cristina finish in third place in the first round of the 2026 Brazilian presidential election?,Will Tereza Cristina finish third in the Brazil presidential election first round?,Brazil,brazil_presidential,presidential_two_round,brazil_first_round_third_place_2026,tracked,brazil_core,multi_outcome_contract,15,Tereza Cristina,will-tereza-cristina-finish-in-third-place-in-the-first-round-of-the-2026-brazilian-presidential-election,will-tereza-cristina-finish-third-in-the-brazil-presidential-election-first-round,brazil-presidential-election-first-round-3rd-place,First-round third-place market; tests field fragmentation beyond Lula/Flávio.,needs_slug_clob_verification,appears_strong_from_paste,appears_clear_from_paste,Expanded to all visible candidate outcomes.,1365902,204973,0x64b05c5935a2de4a4a36e7de1089564d08d0ce7e06f5deaae916c3bdc9ca3b3b,"A presidential election is scheduled to take place in Brazil on October 4, 2026.

This market will resolve according to the listed candidate who receives the third-most valid votes in the first round of this election.

The named candidates will be primarily ranked by the number of valid votes received in the specified election. If two or more candidates are tied on valid votes, ties will be broken by alphabetical order of the candidates' last names. This market will resolve to the candidate that occupies the third-highest finishing position after applying this ranking.

If the result of this election isn't known definitively by June 30, 2027, 11:59 PM ET, the market will resolve to ""Other"".

This market will resolve based on the result of the election, as indicated by a consensus of credible reporting. If there is ambiguity, this market will resolve based solely on the official results as reported by the Brazilian government, specifically the Superior Electoral Court (Tribunal Superior Eleitoral, TSE) (e.g., https://dadosabertos.tse.jus.br/).",,,2026-10-04T00:00:00Z,true,false,,false,true,"[""Yes"",""No""]","[""96795671760346135574613029949576811711368142411333240580887520155225528465847"",""76710872233584737045007314751383192299381095743650496724085484077536335021459""]","{""Yes"":""96795671760346135574613029949576811711368142411333240580887520155225528465847"",""No"":""76710872233584737045007314751383192299381095743650496724085484077536335021459""}",96795671760346135574613029949576811711368142411333240580887520155225528465847,76710872233584737045007314751383192299381095743650496724085484077536335021459,2381.251,22045.07055,https://polymarket.com/event/will-tereza-cristina-finish-in-third-place-in-the-first-round-of-the-2026-brazilian-presidential-election,VERIFIED_READY,2026-06-25T20:31:53+00:00,"[{""score"":1.1138,""id"":""1365902"",""slug"":""will-tereza-cristina-finish-in-third-place-in-the-first-round-of-the-2026-brazilian-presidential-election"",""question"":""Will Tereza Cristina finish in third place in the first round of the 2026 Brazilian presidential election?"",""event_title"":""Brazil Presidential Election First Round: 3rd Place"",""endDate"":""2026-10-04T00:00:00Z"",""volume"":""2381.251"",""source"":""events_slug_path"",""active"":true,""closed"":false},{""score"":1.0348,""id"":""1365899"",""slug"":""will-geraldo-alckmin-finish-in-third-place-in-the-first-round-of-the-2026-brazilian-presidential-election"",""question"":""Will Geraldo Alckmin finish in third place in the first round of the 2026 Brazilian presidential election?"",""event_title"":""Brazil Presidential Election First Round: 3rd Place"",""endDate"":""2026-10-04T00:00:00Z"",""volume"":""4940.108647"",""source"":""events_slug_path"",""active"":true,""closed"":false},{""score"":1.0327,""id"":""1365896"",""slug"":""will-ronaldo-caiado-finish-in-third-place-in-the-first-round-of-the-2026-brazilian-presidential-election"",""question"":""Will Ronaldo Caiado finish in third place in the first round of the 2026 Brazilian presidential election?"",""event_title"":""Brazil Presidential Election First Round: 3rd Place"",""endDate"":""2026-10-04T00:00:00Z"",""volume"":""23307.220364000008"",""source"":""events_slug_path"",""active"":true,""closed"":false},{""score"":1.0311,""id"":""1365894"",""slug"":""will-renan-santos-finish-in-third-place-in-the-first-round-of-the-2026-brazilian-presidential-election"",""question"":""Will Renan Santos finish in third place in the first round of the 2026 Brazilian presidential election?"",""event_title"":""Brazil Presidential Election First Round: 3rd Place"",""endDate"":""2026-10-04T00:00:00Z"",""volume"":""89926.04207600004"",""source"":""events_slug_path"",""active"":true,""closed"":false},{""score"":1.0278,""id"":""1365892"",""slug"":""will-eduardo-bolsonaro-finish-in-third-place-in-the-first-round-of-the-2026-brazilian-presidential-election"",""question"":""Will Eduardo Bolsonaro finish in third place in the first round of the 2026 Brazilian presidential election?"",""event_title"":""Brazil Presidential Election First Round: 3rd Place"",""endDate"":""2026-10-04T00:00:00Z"",""volume"":""41342.952055"",""source"":""events_slug_path"",""active"":true,""closed"":false}]",AUTO_ACCEPTED: accepted rank=1 score=1.1138 top=1.1138 second=1.0348; score/margin guardrails disabled,,Tereza Cristina,,KEPT
153,RSO-0153,29,Brazil Presidential Election First Round: 3rd Place,Brazil Presidential Election First Round: 3rd Place — Eduardo Leite,Will Eduardo Leite finish in third place in the first round of the 2026 Brazilian presidential election?,Will Eduardo Leite finish third in the Brazil presidential election first round?,Brazil,brazil_presidential,presidential_two_round,brazil_first_round_third_place_2026,tracked,brazil_core,multi_outcome_contract,16,Eduardo Leite,will-eduardo-leite-finish-in-third-place-in-the-first-round-of-the-2026-brazilian-presidential-election,will-eduardo-leite-finish-third-in-the-brazil-presidential-election-first-round,brazil-presidential-election-first-round-3rd-place,First-round third-place market; tests field fragmentation beyond Lula/Flávio.,needs_slug_clob_verification,appears_strong_from_paste,appears_clear_from_paste,Expanded to all visible candidate outcomes.,1365901,204973,0xf520f38b0d0ba1a1ffb9dd77af6cfb66052ebc7cf2daa4df8c6b50d593278428,"A presidential election is scheduled to take place in Brazil on October 4, 2026.

This market will resolve according to the listed candidate who receives the third-most valid votes in the first round of this election.

The named candidates will be primarily ranked by the number of valid votes received in the specified election. If two or more candidates are tied on valid votes, ties will be broken by alphabetical order of the candidates' last names. This market will resolve to the candidate that occupies the third-highest finishing position after applying this ranking.

If the result of this election isn't known definitively by June 30, 2027, 11:59 PM ET, the market will resolve to ""Other"".

This market will resolve based on the result of the election, as indicated by a consensus of credible reporting. If there is ambiguity, this market will resolve based solely on the official results as reported by the Brazilian government, specifically the Superior Electoral Court (Tribunal Superior Eleitoral, TSE) (e.g., https://dadosabertos.tse.jus.br/).",,,2026-10-04T00:00:00Z,true,false,,false,true,"[""Yes"",""No""]","[""111543830332110820988165937452887760595067644846274162990773262945236746453247"",""100960468711046390862174550985945124548784456192685917991564066147970749264552""]","{""Yes"":""111543830332110820988165937452887760595067644846274162990773262945236746453247"",""No"":""100960468711046390862174550985945124548784456192685917991564066147970749264552""}",111543830332110820988165937452887760595067644846274162990773262945236746453247,100960468711046390862174550985945124548784456192685917991564066147970749264552,3905.922984,25426.02068,https://polymarket.com/event/will-eduardo-leite-finish-in-third-place-in-the-first-round-of-the-2026-brazilian-presidential-election,VERIFIED_READY,2026-06-25T20:31:56+00:00,"[{""score"":1.112,""id"":""1365901"",""slug"":""will-eduardo-leite-finish-in-third-place-in-the-first-round-of-the-2026-brazilian-presidential-election"",""question"":""Will Eduardo Leite finish in third place in the first round of the 2026 Brazilian presidential election?"",""event_title"":""Brazil Presidential Election First Round: 3rd Place"",""endDate"":""2026-10-04T00:00:00Z"",""volume"":""3905.922984"",""source"":""events_slug_path"",""active"":true,""closed"":false},{""score"":1.0664,""id"":""1365892"",""slug"":""will-eduardo-bolsonaro-finish-in-third-place-in-the-first-round-of-the-2026-brazilian-presidential-election"",""question"":""Will Eduardo Bolsonaro finish in third place in the first round of the 2026 Brazilian presidential election?"",""event_title"":""Brazil Presidential Election First Round: 3rd Place"",""endDate"":""2026-10-04T00:00:00Z"",""volume"":""41342.952055"",""source"":""events_slug_path"",""active"":true,""closed"":false},{""score"":1.0399,""id"":""1365899"",""slug"":""will-geraldo-alckmin-finish-in-third-place-in-the-first-round-of-the-2026-brazilian-presidential-election"",""question"":""Will Geraldo Alckmin finish in third place in the first round of the 2026 Brazilian presidential election?"",""event_title"":""Brazil Presidential Election First Round: 3rd Place"",""endDate"":""2026-10-04T00:00:00Z"",""volume"":""4940.108647"",""source"":""events_slug_path"",""active"":true,""closed"":false},{""score"":1.0352,""id"":""1365900"",""slug"":""will-aldo-rebelo-finish-in-third-place-in-the-first-round-of-the-2026-brazilian-presidential-election"",""question"":""Will Aldo Rebelo finish in third place in the first round of the 2026 Brazilian presidential election?"",""event_title"":""Brazil Presidential Election First Round: 3rd Place"",""endDate"":""2026-10-04T00:00:00Z"",""volume"":""5802.750166"",""source"":""events_slug_path"",""active"":true,""closed"":false},{""score"":1.0314,""id"":""1365896"",""slug"":""will-ronaldo-caiado-finish-in-third-place-in-the-first-round-of-the-2026-brazilian-presidential-election"",""question"":""Will Ronaldo Caiado finish in third place in the first round of the 2026 Brazilian presidential election?"",""event_title"":""Brazil Presidential Election First Round: 3rd Place"",""endDate"":""2026-10-04T00:00:00Z"",""volume"":""23307.220364000008"",""source"":""events_slug_path"",""active"":true,""closed"":false}]",AUTO_ACCEPTED: accepted rank=1 score=1.1120 top=1.1120 second=1.0664; score/margin guardrails disabled,,Eduardo Leite,,KEPT
154,RSO-0154,29,Brazil Presidential Election First Round: 3rd Place,Brazil Presidential Election First Round: 3rd Place — Helder Barbalho,Will Helder Barbalho finish in third place in the first round of the 2026 Brazilian presidential election?,Will Helder Barbalho finish third in the Brazil presidential election first round?,Brazil,brazil_presidential,presidential_two_round,brazil_first_round_third_place_2026,tracked,brazil_core,multi_outcome_contract,17,Helder Barbalho,will-helder-barbalho-finish-in-third-place-in-the-first-round-of-the-2026-brazilian-presidential-election,will-helder-barbalho-finish-third-in-the-brazil-presidential-election-first-round,brazil-presidential-election-first-round-3rd-place,First-round third-place market; tests field fragmentation beyond Lula/Flávio.,needs_slug_clob_verification,appears_strong_from_paste,appears_clear_from_paste,Expanded to all visible candidate outcomes.,1365903,204973,0x16cf9dd91e179eb378fee73ddb2d1ee9e395b65757f3f583b1bc925075cda4ac,"A presidential election is scheduled to take place in Brazil on October 4, 2026.

This market will resolve according to the listed candidate who receives the third-most valid votes in the first round of this election.

The named candidates will be primarily ranked by the number of valid votes received in the specified election. If two or more candidates are tied on valid votes, ties will be broken by alphabetical order of the candidates' last names. This market will resolve to the candidate that occupies the third-highest finishing position after applying this ranking.

If the result of this election isn't known definitively by June 30, 2027, 11:59 PM ET, the market will resolve to ""Other"".

This market will resolve based on the result of the election, as indicated by a consensus of credible reporting. If there is ambiguity, this market will resolve based solely on the official results as reported by the Brazilian government, specifically the Superior Electoral Court (Tribunal Superior Eleitoral, TSE) (e.g., https://dadosabertos.tse.jus.br/).",,,2026-10-04T00:00:00Z,true,false,,false,true,"[""Yes"",""No""]","[""71697065098193440609393877290510705365065522497692176456171369889253319010735"",""82214790558338501314844981473027981482040082283534736326800456644301660216506""]","{""Yes"":""71697065098193440609393877290510705365065522497692176456171369889253319010735"",""No"":""82214790558338501314844981473027981482040082283534736326800456644301660216506""}",71697065098193440609393877290510705365065522497692176456171369889253319010735,82214790558338501314844981473027981482040082283534736326800456644301660216506,1783.4425,23260.14792,https://polymarket.com/event/will-helder-barbalho-finish-in-third-place-in-the-first-round-of-the-2026-brazilian-presidential-election,VERIFIED_READY,2026-06-25T20:31:59+00:00,"[{""score"":1.1139,""id"":""1365903"",""slug"":""will-helder-barbalho-finish-in-third-place-in-the-first-round-of-the-2026-brazilian-presidential-election"",""question"":""Will Helder Barbalho finish in third place in the first round of the 2026 Brazilian presidential election?"",""event_title"":""Brazil Presidential Election First Round: 3rd Place"",""endDate"":""2026-10-04T00:00:00Z"",""volume"":""1783.4425"",""source"":""events_slug_path"",""active"":true,""closed"":false},{""score"":1.0409,""id"":""1365891"",""slug"":""will-michelle-bolsonaro-finish-in-third-place-in-the-first-round-of-the-2026-brazilian-presidential-election"",""question"":""Will Michelle Bolsonaro finish in third place in the first round of the 2026 Brazilian presidential election?"",""event_title"":""Brazil Presidential Election First Round: 3rd Place"",""endDate"":""2026-10-04T00:00:00Z"",""volume"":""6933.73131"",""source"":""events_slug_path"",""active"":true,""closed"":false},{""score"":1.0401,""id"":""1365892"",""slug"":""will-eduardo-bolsonaro-finish-in-third-place-in-the-first-round-of-the-2026-brazilian-presidential-election"",""question"":""Will Eduardo Bolsonaro finish in third place in the first round of the 2026 Brazilian presidential election?"",""event_title"":""Brazil Presidential Election First Round: 3rd Place"",""endDate"":""2026-10-04T00:00:00Z"",""volume"":""41342.952055"",""source"":""events_slug_path"",""active"":true,""closed"":false},{""score"":1.0327,""id"":""1365896"",""slug"":""will-ronaldo-caiado-finish-in-third-place-in-the-first-round-of-the-2026-brazilian-presidential-election"",""question"":""Will Ronaldo Caiado finish in third place in the first round of the 2026 Brazilian presidential election?"",""event_title"":""Brazil Presidential Election First Round: 3rd Place"",""endDate"":""2026-10-04T00:00:00Z"",""volume"":""23307.220364000008"",""source"":""events_slug_path"",""active"":true,""closed"":false},{""score"":1.0311,""id"":""1365894"",""slug"":""will-renan-santos-finish-in-third-place-in-the-first-round-of-the-2026-brazilian-presidential-election"",""question"":""Will Renan Santos finish in third place in the first round of the 2026 Brazilian presidential election?"",""event_title"":""Brazil Presidential Election First Round: 3rd Place"",""endDate"":""2026-10-04T00:00:00Z"",""volume"":""89926.04207600004"",""source"":""events_slug_path"",""active"":true,""closed"":false}]",AUTO_ACCEPTED: accepted rank=1 score=1.1139 top=1.1139 second=1.0409; score/margin guardrails disabled,,Helder Barbalho,,KEPT
155,RSO-0155,30,São Paulo Governor Election Winner,São Paulo Governor Election Winner — Tarcísio de Freitas,Will Tarcísio de Freitas win the São Paulo Governor election?,Will Tarcísio de Freitas win the São Paulo Governor election?,Brazil,brazil_state,state_governor_two_round,sao_paulo_governor_2026,tracked,brazil_core,multi_outcome_contract,1,Tarcísio de Freitas,TODO_VERIFY,will-tarcisio-de-freitas-win-the-sao-paulo-governor-election,sao-paulo-governor-election-winner,Brazil state-level governor market; diversifies Brazil away from only presidential markets.,needs_v7_topic_gated_resolution,appears_ok_from_paste,appears_clear_from_paste,Expanded to all visible candidate outcomes.,,,,,,,,,,,,,,,,,,,,,,,,Reset after v6 wrong auto-match; rerun with v7 topic/outcome gates.,sao paulo|governor,tarcisio|tarcísio|freitas,,RESET_FOR_V7
156,RSO-0156,30,São Paulo Governor Election Winner,São Paulo Governor Election Winner — Fernando Haddad,Will Fernando Haddad win the São Paulo Governor election?,Will Fernando Haddad win the São Paulo Governor election?,Brazil,brazil_state,state_governor_two_round,sao_paulo_governor_2026,tracked,brazil_core,multi_outcome_contract,2,Fernando Haddad,TODO_VERIFY,will-fernando-haddad-win-the-sao-paulo-governor-election,sao-paulo-governor-election-winner,Brazil state-level governor market; diversifies Brazil away from only presidential markets.,needs_v7_topic_gated_resolution,appears_ok_from_paste,appears_clear_from_paste,Expanded to all visible candidate outcomes.,,,,,,,,,,,,,,,,,,,,,,,,Reset after v6 wrong auto-match; rerun with v7 topic/outcome gates.,sao paulo|governor,fernando|haddad,,RESET_FOR_V7
157,RSO-0157,30,São Paulo Governor Election Winner,São Paulo Governor Election Winner — Kim Kataguiri,Will Kim Kataguiri win the São Paulo Governor election?,Will Kim Kataguiri win the São Paulo Governor election?,Brazil,brazil_state,state_governor_two_round,sao_paulo_governor_2026,tracked,brazil_core,multi_outcome_contract,3,Kim Kataguiri,TODO_VERIFY,will-kim-kataguiri-win-the-sao-paulo-governor-election,sao-paulo-governor-election-winner,Brazil state-level governor market; diversifies Brazil away from only presidential markets.,needs_v7_topic_gated_resolution,appears_ok_from_paste,appears_clear_from_paste,Expanded to all visible candidate outcomes.,,,,,,,,,,,,,,,,,,,,,,,,Reset after v6 wrong auto-match; rerun with v7 topic/outcome gates.,sao paulo|governor,kim|kataguiri,,RESET_FOR_V7
158,RSO-0158,30,São Paulo Governor Election Winner,São Paulo Governor Election Winner — Márcio França,Will Márcio França win the São Paulo Governor election?,Will Márcio França win the São Paulo Governor election?,Brazil,brazil_state,state_governor_two_round,sao_paulo_governor_2026,tracked,brazil_core,multi_outcome_contract,4,Márcio França,TODO_VERIFY,will-marcio-franca-win-the-sao-paulo-governor-election,sao-paulo-governor-election-winner,Brazil state-level governor market; diversifies Brazil away from only presidential markets.,needs_v7_topic_gated_resolution,appears_ok_from_paste,appears_clear_from_paste,Expanded to all visible candidate outcomes.,,,,,,,,,,,,,,,,,,,,,,,,Reset after v6 wrong auto-match; rerun with v7 topic/outcome gates.,sao paulo|governor,marcio|márcio|franca|frança,,RESET_FOR_V7
159,RSO-0159,30,São Paulo Governor Election Winner,São Paulo Governor Election Winner — Erika Hilton,Will Erika Hilton win the São Paulo Governor election?,Will Erika Hilton win the São Paulo Governor election?,Brazil,brazil_state,state_governor_two_round,sao_paulo_governor_2026,tracked,brazil_core,multi_outcome_contract,5,Erika Hilton,TODO_VERIFY,will-erika-hilton-win-the-sao-paulo-governor-election,sao-paulo-governor-election-winner,Brazil state-level governor market; diversifies Brazil away from only presidential markets.,needs_v7_topic_gated_resolution,appears_ok_from_paste,appears_clear_from_paste,Expanded to all visible candidate outcomes.,,,,,,,,,,,,,,,,,,,,,,,,Reset after v6 wrong auto-match; rerun with v7 topic/outcome gates.,sao paulo|governor,erika|hilton,,RESET_FOR_V7
160,RSO-0160,31,Next Prime Minister of Sweden,Next Prime Minister of Sweden — Magdalena Andersson,Will Magdalena Andersson be the next Prime Minister of Sweden?,Will Magdalena Andersson be the next Prime Minister of Sweden?,Sweden,global_satellite,parliamentary_coalition,sweden_pm_2026,tracked,global_satellite,multi_outcome_contract,1,Magdalena Andersson,will-magdalena-andersson-be-the-next-prime-minister-of-sweden,will-magdalena-andersson-be-the-next-prime-minister-of-sweden,next-prime-minister-of-sweden,Parliamentary/coalition satellite market; tests PM outcome vs party-seat outcome.,needs_slug_clob_verification,appears_strong_from_paste,appears_clear_from_paste,Expanded to all visible PM outcomes.,1193094,166435,0x58d5cc2bf06a3289b127049239aee051f3b941f219efebbca02d3f50f0eb2a64,"Parliamentary elections are scheduled to be held in Sweden on September 13, 2026. 

This market will resolve to the next individual who is officially appointed and assumes office as Prime Minister of Sweden following the next parliamentary election.

To count for resolution, the individual must officially assume office. Any interim or caretaker Prime Minister will not count toward the resolution of this market.

If no such Prime Minister assumes office by June 30, 2027, 11:59 PM ET, this market will resolve to “Other”.

The primary resolution source for this market will be official information from the Government of Sweden; however, a consensus of credible reporting may also be used.",,,2026-09-13T00:00:00Z,true,false,,false,true,"[""Yes"",""No""]","[""6761884778816083542753350539779617201084594664234729655783875952381923983097"",""49952287244614575734723913757649087902024339238007187585607375183859292977482""]","{""Yes"":""6761884778816083542753350539779617201084594664234729655783875952381923983097"",""No"":""49952287244614575734723913757649087902024339238007187585607375183859292977482""}",6761884778816083542753350539779617201084594664234729655783875952381923983097,49952287244614575734723913757649087902024339238007187585607375183859292977482,100109.0555869999,34456.2947,https://polymarket.com/event/will-magdalena-andersson-be-the-next-prime-minister-of-sweden,VERIFIED_READY,2026-06-25T20:32:20+00:00,"[{""score"":1.2779,""id"":""1193094"",""slug"":""will-magdalena-andersson-be-the-next-prime-minister-of-sweden"",""question"":""Will Magdalena Andersson be the next Prime Minister of Sweden?"",""event_title"":""Next Prime Minister of Sweden"",""endDate"":""2026-09-13T00:00:00Z"",""volume"":""100109.0555869999"",""source"":""events_slug_path"",""active"":true,""closed"":false},{""score"":1.1984,""id"":""1193095"",""slug"":""will-jimmie-kesson-be-the-next-prime-minister-of-sweden"",""question"":""Will Jimmie Åkesson be the next Prime Minister of Sweden?"",""event_title"":""Next Prime Minister of Sweden"",""endDate"":""2026-09-13T00:00:00Z"",""volume"":""1373124.6331660023"",""source"":""events_slug_path"",""active"":true,""closed"":false},{""score"":1.1595,""id"":""1193099"",""slug"":""will-simona-mohamsson-be-the-next-prime-minister-of-sweden"",""question"":""Will Simona Mohamsson be the next Prime Minister of Sweden?"",""event_title"":""Next Prime Minister of Sweden"",""endDate"":""2026-09-13T00:00:00Z"",""volume"":""83834.31024199996"",""source"":""events_slug_path"",""active"":true,""closed"":false},{""score"":1.1558,""id"":""1193096"",""slug"":""will-ebba-busch-be-the-next-prime-minister-of-sweden"",""question"":""Will Ebba Busch be the next Prime Minister of Sweden?"",""event_title"":""Next Prime Minister of Sweden"",""endDate"":""2026-09-13T00:00:00Z"",""volume"":""298213.7433519997"",""source"":""events_slug_path"",""active"":true,""closed"":false},{""score"":1.1546,""id"":""1193093"",""slug"":""will-ulf-kristersson-be-the-next-prime-minister-of-sweden"",""question"":""Will Ulf Kristersson be the next Prime Minister of Sweden?"",""event_title"":""Next Prime Minister of Sweden"",""endDate"":""2026-09-13T00:00:00Z"",""volume"":""102684.31985899991"",""source"":""events_slug_path"",""active"":true,""closed"":false}]",AUTO_ACCEPTED: accepted rank=1 score=1.2779 top=1.2779 second=1.1984; score/margin guardrails disabled,,Magdalena Andersson,,KEPT
161,RSO-0161,31,Next Prime Minister of Sweden,Next Prime Minister of Sweden — Ulf Kristersson,Will Ulf Kristersson be the next Prime Minister of Sweden?,Will Ulf Kristersson be the next Prime Minister of Sweden?,Sweden,global_satellite,parliamentary_coalition,sweden_pm_2026,tracked,global_satellite,multi_outcome_contract,2,Ulf Kristersson,will-ulf-kristersson-be-the-next-prime-minister-of-sweden,will-ulf-kristersson-be-the-next-prime-minister-of-sweden,next-prime-minister-of-sweden,Parliamentary/coalition satellite market; tests PM outcome vs party-seat outcome.,needs_slug_clob_verification,appears_strong_from_paste,appears_clear_from_paste,Expanded to all visible PM outcomes.,1193093,166435,0x8a42bb4cb9b9f157b539611f6a8c122388f652570cfc3c07d538e7df2bb78894,"Parliamentary elections are scheduled to be held in Sweden on September 13, 2026. 

This market will resolve to the next individual who is officially appointed and assumes office as Prime Minister of Sweden following the next parliamentary election.

To count for resolution, the individual must officially assume office. Any interim or caretaker Prime Minister will not count toward the resolution of this market.

If no such Prime Minister assumes office by June 30, 2027, 11:59 PM ET, this market will resolve to “Other”.

The primary resolution source for this market will be official information from the Government of Sweden; however, a consensus of credible reporting may also be used.",,,2026-09-13T00:00:00Z,true,false,,false,true,"[""Yes"",""No""]","[""19884202204363090591845974364927513432419394537229594683046302661092511466716"",""35202785175624473743133325350336939697145393245733500300951742752216521350176""]","{""Yes"":""19884202204363090591845974364927513432419394537229594683046302661092511466716"",""No"":""35202785175624473743133325350336939697145393245733500300951742752216521350176""}",19884202204363090591845974364927513432419394537229594683046302661092511466716,35202785175624473743133325350336939697145393245733500300951742752216521350176,102684.31985899991,44106.7939,https://polymarket.com/event/will-ulf-kristersson-be-the-next-prime-minister-of-sweden,VERIFIED_READY,2026-06-25T20:32:22+00:00,"[{""score"":1.2821,""id"":""1193093"",""slug"":""will-ulf-kristersson-be-the-next-prime-minister-of-sweden"",""question"":""Will Ulf Kristersson be the next Prime Minister of Sweden?"",""event_title"":""Next Prime Minister of Sweden"",""endDate"":""2026-09-13T00:00:00Z"",""volume"":""102684.31985899991"",""source"":""events_slug_path"",""active"":true,""closed"":false},{""score"":1.2089,""id"":""1193095"",""slug"":""will-jimmie-kesson-be-the-next-prime-minister-of-sweden"",""question"":""Will Jimmie Åkesson be the next Prime Minister of Sweden?"",""event_title"":""Next Prime Minister of Sweden"",""endDate"":""2026-09-13T00:00:00Z"",""volume"":""1373124.6331660023"",""source"":""events_slug_path"",""active"":true,""closed"":false},{""score"":1.1654,""id"":""1193098"",""slug"":""will-nooshi-dadgostar-be-the-next-prime-minister-of-sweden"",""question"":""Will Nooshi Dadgostar be the next Prime Minister of Sweden?"",""event_title"":""Next Prime Minister of Sweden"",""endDate"":""2026-09-13T00:00:00Z"",""volume"":""842434.7869919998"",""source"":""events_slug_path"",""active"":true,""closed"":false},{""score"":1.1564,""id"":""1193094"",""slug"":""will-magdalena-andersson-be-the-next-prime-minister-of-sweden"",""question"":""Will Magdalena Andersson be the next Prime Minister of Sweden?"",""event_title"":""Next Prime Minister of Sweden"",""endDate"":""2026-09-13T00:00:00Z"",""volume"":""100109.0555869999"",""source"":""events_slug_path"",""active"":true,""closed"":false},{""score"":1.1548,""id"":""1193096"",""slug"":""will-ebba-busch-be-the-next-prime-minister-of-sweden"",""question"":""Will Ebba Busch be the next Prime Minister of Sweden?"",""event_title"":""Next Prime Minister of Sweden"",""endDate"":""2026-09-13T00:00:00Z"",""volume"":""298213.7433519997"",""source"":""events_slug_path"",""active"":true,""closed"":false}]",AUTO_ACCEPTED: accepted rank=1 score=1.2821 top=1.2821 second=1.2089; score/margin guardrails disabled,,Ulf Kristersson,,KEPT
162,RSO-0162,31,Next Prime Minister of Sweden,Next Prime Minister of Sweden — Jimmie Åkesson,Will Jimmie Åkesson be the next Prime Minister of Sweden?,Will Jimmie Åkesson be the next Prime Minister of Sweden?,Sweden,global_satellite,parliamentary_coalition,sweden_pm_2026,tracked,global_satellite,multi_outcome_contract,3,Jimmie Åkesson,will-jimmie-kesson-be-the-next-prime-minister-of-sweden,will-jimmie-akesson-be-the-next-prime-minister-of-sweden,next-prime-minister-of-sweden,Parliamentary/coalition satellite market; tests PM outcome vs party-seat outcome.,needs_slug_clob_verification,appears_strong_from_paste,appears_clear_from_paste,Expanded to all visible PM outcomes.,1193095,166435,0x86fa2351e7a9469fd8bcd9a28ad5e300a59c3764747ad1eb7d6248546efbabfd,"Parliamentary elections are scheduled to be held in Sweden on September 13, 2026. 

This market will resolve to the next individual who is officially appointed and assumes office as Prime Minister of Sweden following the next parliamentary election.

To count for resolution, the individual must officially assume office. Any interim or caretaker Prime Minister will not count toward the resolution of this market.

If no such Prime Minister assumes office by June 30, 2027, 11:59 PM ET, this market will resolve to “Other”.

The primary resolution source for this market will be official information from the Government of Sweden; however, a consensus of credible reporting may also be used.",,,2026-09-13T00:00:00Z,true,false,,false,true,"[""Yes"",""No""]","[""82283291912489202302595502692326101345632588904573705648995568317366762287152"",""4213222753161911154170302250405617791472581187897492124888800684251696230574""]","{""Yes"":""82283291912489202302595502692326101345632588904573705648995568317366762287152"",""No"":""4213222753161911154170302250405617791472581187897492124888800684251696230574""}",82283291912489202302595502692326101345632588904573705648995568317366762287152,4213222753161911154170302250405617791472581187897492124888800684251696230574,1373124.6331660023,58663.08951,https://polymarket.com/event/will-jimmie-kesson-be-the-next-prime-minister-of-sweden,VERIFIED_READY,2026-06-25T20:32:25+00:00,"[{""score"":1.319,""id"":""1193095"",""slug"":""will-jimmie-kesson-be-the-next-prime-minister-of-sweden"",""question"":""Will Jimmie Åkesson be the next Prime Minister of Sweden?"",""event_title"":""Next Prime Minister of Sweden"",""endDate"":""2026-09-13T00:00:00Z"",""volume"":""1373124.6331660023"",""source"":""events_slug_path"",""active"":true,""closed"":false},{""score"":1.176,""id"":""1193096"",""slug"":""will-ebba-busch-be-the-next-prime-minister-of-sweden"",""question"":""Will Ebba Busch be the next Prime Minister of Sweden?"",""event_title"":""Next Prime Minister of Sweden"",""endDate"":""2026-09-13T00:00:00Z"",""volume"":""298213.7433519997"",""source"":""events_slug_path"",""active"":true,""closed"":false},{""score"":1.1752,""id"":""1193093"",""slug"":""will-ulf-kristersson-be-the-next-prime-minister-of-sweden"",""question"":""Will Ulf Kristersson be the next Prime Minister of Sweden?"",""event_title"":""Next Prime Minister of Sweden"",""endDate"":""2026-09-13T00:00:00Z"",""volume"":""102684.31985899991"",""source"":""events_slug_path"",""active"":true,""closed"":false},{""score"":1.172,""id"":""1193101"",""slug"":""will-daniel-helldn-be-the-next-prime-minister-of-sweden"",""question"":""Will Daniel Helldén be the next Prime Minister of Sweden?"",""event_title"":""Next Prime Minister of Sweden"",""endDate"":""2026-09-13T00:00:00Z"",""volume"":""206416.17519799998"",""source"":""events_slug_path"",""active"":true,""closed"":false},{""score"":1.17,""id"":""1193099"",""slug"":""will-simona-mohamsson-be-the-next-prime-minister-of-sweden"",""question"":""Will Simona Mohamsson be the next Prime Minister of Sweden?"",""event_title"":""Next Prime Minister of Sweden"",""endDate"":""2026-09-13T00:00:00Z"",""volume"":""83834.31024199996"",""source"":""events_slug_path"",""active"":true,""closed"":false}]",AUTO_ACCEPTED: accepted rank=1 score=1.3190 top=1.3190 second=1.1760; score/margin guardrails disabled,,Jimmie Åkesson,,KEPT
163,RSO-0163,31,Next Prime Minister of Sweden,Next Prime Minister of Sweden — Ebba Busch,Will Ebba Busch be the next Prime Minister of Sweden?,Will Ebba Busch be the next Prime Minister of Sweden?,Sweden,global_satellite,parliamentary_coalition,sweden_pm_2026,tracked,global_satellite,multi_outcome_contract,4,Ebba Busch,will-ebba-busch-be-the-next-prime-minister-of-sweden,will-ebba-busch-be-the-next-prime-minister-of-sweden,next-prime-minister-of-sweden,Parliamentary/coalition satellite market; tests PM outcome vs party-seat outcome.,needs_slug_clob_verification,appears_strong_from_paste,appears_clear_from_paste,Expanded to all visible PM outcomes.,1193096,166435,0xa5b2b9d0e333d50db759139a364c01af812a3db60e5c653b9f959b6ef5d7139e,"Parliamentary elections are scheduled to be held in Sweden on September 13, 2026. 

This market will resolve to the next individual who is officially appointed and assumes office as Prime Minister of Sweden following the next parliamentary election.

To count for resolution, the individual must officially assume office. Any interim or caretaker Prime Minister will not count toward the resolution of this market.

If no such Prime Minister assumes office by June 30, 2027, 11:59 PM ET, this market will resolve to “Other”.

The primary resolution source for this market will be official information from the Government of Sweden; however, a consensus of credible reporting may also be used.",,,2026-09-13T00:00:00Z,true,false,,false,true,"[""Yes"",""No""]","[""46694911209504709842407102211694105151918150655785824361504208059495748983717"",""83340389665505824613091546773906071458352935003452242795519596680741287466613""]","{""Yes"":""46694911209504709842407102211694105151918150655785824361504208059495748983717"",""No"":""83340389665505824613091546773906071458352935003452242795519596680741287466613""}",46694911209504709842407102211694105151918150655785824361504208059495748983717,83340389665505824613091546773906071458352935003452242795519596680741287466613,298213.7433519997,52985.25244,https://polymarket.com/event/will-ebba-busch-be-the-next-prime-minister-of-sweden,VERIFIED_READY,2026-06-25T20:32:28+00:00,"[{""score"":1.3067,""id"":""1193096"",""slug"":""will-ebba-busch-be-the-next-prime-minister-of-sweden"",""question"":""Will Ebba Busch be the next Prime Minister of Sweden?"",""event_title"":""Next Prime Minister of Sweden"",""endDate"":""2026-09-13T00:00:00Z"",""volume"":""298213.7433519997"",""source"":""events_slug_path"",""active"":true,""closed"":false},{""score"":1.1935,""id"":""1193095"",""slug"":""will-jimmie-kesson-be-the-next-prime-minister-of-sweden"",""question"":""Will Jimmie Åkesson be the next Prime Minister of Sweden?"",""event_title"":""Next Prime Minister of Sweden"",""endDate"":""2026-09-13T00:00:00Z"",""volume"":""1373124.6331660023"",""source"":""events_slug_path"",""active"":true,""closed"":false},{""score"":1.1696,""id"":""1193098"",""slug"":""will-nooshi-dadgostar-be-the-next-prime-minister-of-sweden"",""question"":""Will Nooshi Dadgostar be the next Prime Minister of Sweden?"",""event_title"":""Next Prime Minister of Sweden"",""endDate"":""2026-09-13T00:00:00Z"",""volume"":""842434.7869919998"",""source"":""events_slug_path"",""active"":true,""closed"":false},{""score"":1.1667,""id"":""1193101"",""slug"":""will-daniel-helldn-be-the-next-prime-minister-of-sweden"",""question"":""Will Daniel Helldén be the next Prime Minister of Sweden?"",""event_title"":""Next Prime Minister of Sweden"",""endDate"":""2026-09-13T00:00:00Z"",""volume"":""206416.17519799998"",""source"":""events_slug_path"",""active"":true,""closed"":false},{""score"":1.1512,""id"":""1193100"",""slug"":""will-amanda-lind-be-the-next-prime-minister-of-sweden"",""question"":""Will Amanda Lind be the next Prime Minister of Sweden?"",""event_title"":""Next Prime Minister of Sweden"",""endDate"":""2026-09-13T00:00:00Z"",""volume"":""43675.95862700002"",""source"":""events_slug_path"",""active"":true,""closed"":false}]",AUTO_ACCEPTED: accepted rank=1 score=1.3067 top=1.3067 second=1.1935; score/margin guardrails disabled,,Ebba Busch,,KEPT
164,RSO-0164,31,Next Prime Minister of Sweden,Next Prime Minister of Sweden — Anna-Karin Hatt,Will Anna-Karin Hatt be the next Prime Minister of Sweden?,Will Anna-Karin Hatt be the next Prime Minister of Sweden?,Sweden,global_satellite,parliamentary_coalition,sweden_pm_2026,tracked,global_satellite,multi_outcome_contract,5,Anna-Karin Hatt,will-anna-karin-hatt-be-the-next-prime-minister-of-sweden,will-anna-karin-hatt-be-the-next-prime-minister-of-sweden,next-prime-minister-of-sweden,Parliamentary/coalition satellite market; tests PM outcome vs party-seat outcome.,needs_slug_clob_verification,appears_strong_from_paste,appears_clear_from_paste,Expanded to all visible PM outcomes.,1193097,166435,0x97c143ba31319b4d271aeebc832cdd8171dea3b52826c4c92096de1aefefa761,"Parliamentary elections are scheduled to be held in Sweden on September 13, 2026. 

This market will resolve to the next individual who is officially appointed and assumes office as Prime Minister of Sweden following the next parliamentary election.

To count for resolution, the individual must officially assume office. Any interim or caretaker Prime Minister will not count toward the resolution of this market.

If no such Prime Minister assumes office by June 30, 2027, 11:59 PM ET, this market will resolve to “Other”.

The primary resolution source for this market will be official information from the Government of Sweden; however, a consensus of credible reporting may also be used.",,,2026-09-13T00:00:00Z,true,false,,false,true,"[""Yes"",""No""]","[""81454443807141471628818264376989427346037494847713032539010359279666138415075"",""9833780268458515350017369452468040115603987391967356960506550473156730612433""]","{""Yes"":""81454443807141471628818264376989427346037494847713032539010359279666138415075"",""No"":""9833780268458515350017369452468040115603987391967356960506550473156730612433""}",81454443807141471628818264376989427346037494847713032539010359279666138415075,9833780268458515350017369452468040115603987391967356960506550473156730612433,28150.347242999982,64675.63683,https://polymarket.com/event/will-anna-karin-hatt-be-the-next-prime-minister-of-sweden,VERIFIED_READY,2026-06-25T20:32:31+00:00,"[{""score"":1.2767,""id"":""1193097"",""slug"":""will-anna-karin-hatt-be-the-next-prime-minister-of-sweden"",""question"":""Will Anna-Karin Hatt be the next Prime Minister of Sweden?"",""event_title"":""Next Prime Minister of Sweden"",""endDate"":""2026-09-13T00:00:00Z"",""volume"":""28150.347242999982"",""source"":""events_slug_path"",""active"":true,""closed"":false},{""score"":1.1544,""id"":""1193095"",""slug"":""will-jimmie-kesson-be-the-next-prime-minister-of-sweden"",""question"":""Will Jimmie Åkesson be the next Prime Minister of Sweden?"",""event_title"":""Next Prime Minister of Sweden"",""endDate"":""2026-09-13T00:00:00Z"",""volume"":""1373124.6331660023"",""source"":""events_slug_path"",""active"":true,""closed"":false},{""score"":1.154,""id"":""1193100"",""slug"":""will-amanda-lind-be-the-next-prime-minister-of-sweden"",""question"":""Will Amanda Lind be the next Prime Minister of Sweden?"",""event_title"":""Next Prime Minister of Sweden"",""endDate"":""2026-09-13T00:00:00Z"",""volume"":""43675.95862700002"",""source"":""events_slug_path"",""active"":true,""closed"":false},{""score"":1.1524,""id"":""1193096"",""slug"":""will-ebba-busch-be-the-next-prime-minister-of-sweden"",""question"":""Will Ebba Busch be the next Prime Minister of Sweden?"",""event_title"":""Next Prime Minister of Sweden"",""endDate"":""2026-09-13T00:00:00Z"",""volume"":""298213.7433519997"",""source"":""events_slug_path"",""active"":true,""closed"":false},{""score"":1.1485,""id"":""1193101"",""slug"":""will-daniel-helldn-be-the-next-prime-minister-of-sweden"",""question"":""Will Daniel Helldén be the next Prime Minister of Sweden?"",""event_title"":""Next Prime Minister of Sweden"",""endDate"":""2026-09-13T00:00:00Z"",""volume"":""206416.17519799998"",""source"":""events_slug_path"",""active"":true,""closed"":false}]",AUTO_ACCEPTED: accepted rank=1 score=1.2767 top=1.2767 second=1.1544; score/margin guardrails disabled,,Anna-Karin Hatt,,KEPT
165,RSO-0165,31,Next Prime Minister of Sweden,Next Prime Minister of Sweden — Nooshi Dadgostar,Will Nooshi Dadgostar be the next Prime Minister of Sweden?,Will Nooshi Dadgostar be the next Prime Minister of Sweden?,Sweden,global_satellite,parliamentary_coalition,sweden_pm_2026,tracked,global_satellite,multi_outcome_contract,6,Nooshi Dadgostar,will-nooshi-dadgostar-be-the-next-prime-minister-of-sweden,will-nooshi-dadgostar-be-the-next-prime-minister-of-sweden,next-prime-minister-of-sweden,Parliamentary/coalition satellite market; tests PM outcome vs party-seat outcome.,needs_slug_clob_verification,appears_strong_from_paste,appears_clear_from_paste,Expanded to all visible PM outcomes.,1193098,166435,0xe7a2275b0c6b965a7b44d005203789d7dbe2edd352a565793f9460de7a99fd27,"Parliamentary elections are scheduled to be held in Sweden on September 13, 2026. 

This market will resolve to the next individual who is officially appointed and assumes office as Prime Minister of Sweden following the next parliamentary election.

To count for resolution, the individual must officially assume office. Any interim or caretaker Prime Minister will not count toward the resolution of this market.

If no such Prime Minister assumes office by June 30, 2027, 11:59 PM ET, this market will resolve to “Other”.

The primary resolution source for this market will be official information from the Government of Sweden; however, a consensus of credible reporting may also be used.",,,2026-09-13T00:00:00Z,true,false,,false,true,"[""Yes"",""No""]","[""90456984939082759426569197949731058493185701412523949062524005061677992609434"",""39188740905518091486535284125215371988405333681509299606286213576948841038207""]","{""Yes"":""90456984939082759426569197949731058493185701412523949062524005061677992609434"",""No"":""39188740905518091486535284125215371988405333681509299606286213576948841038207""}",90456984939082759426569197949731058493185701412523949062524005061677992609434,39188740905518091486535284125215371988405333681509299606286213576948841038207,842434.7869919998,65302.92311,https://polymarket.com/event/will-nooshi-dadgostar-be-the-next-prime-minister-of-sweden,VERIFIED_READY,2026-06-25T20:32:34+00:00,"[{""score"":1.3167,""id"":""1193098"",""slug"":""will-nooshi-dadgostar-be-the-next-prime-minister-of-sweden"",""question"":""Will Nooshi Dadgostar be the next Prime Minister of Sweden?"",""event_title"":""Next Prime Minister of Sweden"",""endDate"":""2026-09-13T00:00:00Z"",""volume"":""842434.7869919998"",""source"":""events_slug_path"",""active"":true,""closed"":false},{""score"":1.1498,""id"":""1193096"",""slug"":""will-ebba-busch-be-the-next-prime-minister-of-sweden"",""question"":""Will Ebba Busch be the next Prime Minister of Sweden?"",""event_title"":""Next Prime Minister of Sweden"",""endDate"":""2026-09-13T00:00:00Z"",""volume"":""298213.7433519997"",""source"":""events_slug_path"",""active"":true,""closed"":false},{""score"":1.1421,""id"":""1193095"",""slug"":""will-jimmie-kesson-be-the-next-prime-minister-of-sweden"",""question"":""Will Jimmie Åkesson be the next Prime Minister of Sweden?"",""event_title"":""Next Prime Minister of Sweden"",""endDate"":""2026-09-13T00:00:00Z"",""volume"":""1373124.6331660023"",""source"":""events_slug_path"",""active"":true,""closed"":false},{""score"":1.1409,""id"":""1193100"",""slug"":""will-amanda-lind-be-the-next-prime-minister-of-sweden"",""question"":""Will Amanda Lind be the next Prime Minister of Sweden?"",""event_title"":""Next Prime Minister of Sweden"",""endDate"":""2026-09-13T00:00:00Z"",""volume"":""43675.95862700002"",""source"":""events_slug_path"",""active"":true,""closed"":false},{""score"":1.1362,""id"":""1193101"",""slug"":""will-daniel-helldn-be-the-next-prime-minister-of-sweden"",""question"":""Will Daniel Helldén be the next Prime Minister of Sweden?"",""event_title"":""Next Prime Minister of Sweden"",""endDate"":""2026-09-13T00:00:00Z"",""volume"":""206416.17519799998"",""source"":""events_slug_path"",""active"":true,""closed"":false}]",AUTO_ACCEPTED: accepted rank=1 score=1.3167 top=1.3167 second=1.1498; score/margin guardrails disabled,,Nooshi Dadgostar,,KEPT
166,RSO-0166,31,Next Prime Minister of Sweden,Next Prime Minister of Sweden — Amanda Lind,Will Amanda Lind be the next Prime Minister of Sweden?,Will Amanda Lind be the next Prime Minister of Sweden?,Sweden,global_satellite,parliamentary_coalition,sweden_pm_2026,tracked,global_satellite,multi_outcome_contract,7,Amanda Lind,will-amanda-lind-be-the-next-prime-minister-of-sweden,will-amanda-lind-be-the-next-prime-minister-of-sweden,next-prime-minister-of-sweden,Parliamentary/coalition satellite market; tests PM outcome vs party-seat outcome.,needs_slug_clob_verification,appears_strong_from_paste,appears_clear_from_paste,Expanded to all visible PM outcomes.,1193100,166435,0xaae2b16405680de265ba459475128bdb130d280abfb4c92f125010406a5d3a67,"Parliamentary elections are scheduled to be held in Sweden on September 13, 2026. 

This market will resolve to the next individual who is officially appointed and assumes office as Prime Minister of Sweden following the next parliamentary election.

To count for resolution, the individual must officially assume office. Any interim or caretaker Prime Minister will not count toward the resolution of this market.

If no such Prime Minister assumes office by June 30, 2027, 11:59 PM ET, this market will resolve to “Other”.

The primary resolution source for this market will be official information from the Government of Sweden; however, a consensus of credible reporting may also be used.",,,2026-09-13T00:00:00Z,true,false,,false,true,"[""Yes"",""No""]","[""16223024047489006372491283864322078736180973077611484772976980168989752557591"",""100733002566192716497874408768561094415145643875217643587422489849307669637055""]","{""Yes"":""16223024047489006372491283864322078736180973077611484772976980168989752557591"",""No"":""100733002566192716497874408768561094415145643875217643587422489849307669637055""}",16223024047489006372491283864322078736180973077611484772976980168989752557591,100733002566192716497874408768561094415145643875217643587422489849307669637055,43675.95862700002,51036.24803,https://polymarket.com/event/will-amanda-lind-be-the-next-prime-minister-of-sweden,VERIFIED_READY,2026-06-25T20:32:37+00:00,"[{""score"":1.2802,""id"":""1193100"",""slug"":""will-amanda-lind-be-the-next-prime-minister-of-sweden"",""question"":""Will Amanda Lind be the next Prime Minister of Sweden?"",""event_title"":""Next Prime Minister of Sweden"",""endDate"":""2026-09-13T00:00:00Z"",""volume"":""43675.95862700002"",""source"":""events_slug_path"",""active"":true,""closed"":false},{""score"":1.1855,""id"":""1193098"",""slug"":""will-nooshi-dadgostar-be-the-next-prime-minister-of-sweden"",""question"":""Will Nooshi Dadgostar be the next Prime Minister of Sweden?"",""event_title"":""Next Prime Minister of Sweden"",""endDate"":""2026-09-13T00:00:00Z"",""volume"":""842434.7869919998"",""source"":""events_slug_path"",""active"":true,""closed"":false},{""score"":1.1794,""id"":""1193101"",""slug"":""will-daniel-helldn-be-the-next-prime-minister-of-sweden"",""question"":""Will Daniel Helldén be the next Prime Minister of Sweden?"",""event_title"":""Next Prime Minister of Sweden"",""endDate"":""2026-09-13T00:00:00Z"",""volume"":""206416.17519799998"",""source"":""events_slug_path"",""active"":true,""closed"":false},{""score"":1.1773,""id"":""1193095"",""slug"":""will-jimmie-kesson-be-the-next-prime-minister-of-sweden"",""question"":""Will Jimmie Åkesson be the next Prime Minister of Sweden?"",""event_title"":""Next Prime Minister of Sweden"",""endDate"":""2026-09-13T00:00:00Z"",""volume"":""1373124.6331660023"",""source"":""events_slug_path"",""active"":true,""closed"":false},{""score"":1.1759,""id"":""1193096"",""slug"":""will-ebba-busch-be-the-next-prime-minister-of-sweden"",""question"":""Will Ebba Busch be the next Prime Minister of Sweden?"",""event_title"":""Next Prime Minister of Sweden"",""endDate"":""2026-09-13T00:00:00Z"",""volume"":""298213.7433519997"",""source"":""events_slug_path"",""active"":true,""closed"":false}]",AUTO_ACCEPTED: accepted rank=1 score=1.2802 top=1.2802 second=1.1855; score/margin guardrails disabled,,Amanda Lind,,KEPT
167,RSO-0167,31,Next Prime Minister of Sweden,Next Prime Minister of Sweden — Simona Mohamsson,Will Simona Mohamsson be the next Prime Minister of Sweden?,Will Simona Mohamsson be the next Prime Minister of Sweden?,Sweden,global_satellite,parliamentary_coalition,sweden_pm_2026,tracked,global_satellite,multi_outcome_contract,8,Simona Mohamsson,will-simona-mohamsson-be-the-next-prime-minister-of-sweden,will-simona-mohamsson-be-the-next-prime-minister-of-sweden,next-prime-minister-of-sweden,Parliamentary/coalition satellite market; tests PM outcome vs party-seat outcome.,needs_slug_clob_verification,appears_strong_from_paste,appears_clear_from_paste,Expanded to all visible PM outcomes.,1193099,166435,0x1fd46f48b97d480c51838d9444b355bad8b3a614e36258d6047fdee078144c60,"Parliamentary elections are scheduled to be held in Sweden on September 13, 2026. 

This market will resolve to the next individual who is officially appointed and assumes office as Prime Minister of Sweden following the next parliamentary election.

To count for resolution, the individual must officially assume office. Any interim or caretaker Prime Minister will not count toward the resolution of this market.

If no such Prime Minister assumes office by June 30, 2027, 11:59 PM ET, this market will resolve to “Other”.

The primary resolution source for this market will be official information from the Government of Sweden; however, a consensus of credible reporting may also be used.",,,2026-09-13T00:00:00Z,true,false,,false,true,"[""Yes"",""No""]","[""73303082510342190766222719296890807075370391273752895784553712328433386187648"",""70360830139987654513822574304865629855872914226924845234983881616145440200546""]","{""Yes"":""73303082510342190766222719296890807075370391273752895784553712328433386187648"",""No"":""70360830139987654513822574304865629855872914226924845234983881616145440200546""}",73303082510342190766222719296890807075370391273752895784553712328433386187648,70360830139987654513822574304865629855872914226924845234983881616145440200546,83834.31024199996,55223.69814,https://polymarket.com/event/will-simona-mohamsson-be-the-next-prime-minister-of-sweden,VERIFIED_READY,2026-06-25T20:32:40+00:00,"[{""score"":1.2806,""id"":""1193099"",""slug"":""will-simona-mohamsson-be-the-next-prime-minister-of-sweden"",""question"":""Will Simona Mohamsson be the next Prime Minister of Sweden?"",""event_title"":""Next Prime Minister of Sweden"",""endDate"":""2026-09-13T00:00:00Z"",""volume"":""83834.31024199996"",""source"":""events_slug_path"",""active"":true,""closed"":false},{""score"":1.2037,""id"":""1193095"",""slug"":""will-jimmie-kesson-be-the-next-prime-minister-of-sweden"",""question"":""Will Jimmie Åkesson be the next Prime Minister of Sweden?"",""event_title"":""Next Prime Minister of Sweden"",""endDate"":""2026-09-13T00:00:00Z"",""volume"":""1373124.6331660023"",""source"":""events_slug_path"",""active"":true,""closed"":false},{""score"":1.1613,""id"":""1193094"",""slug"":""will-magdalena-andersson-be-the-next-prime-minister-of-sweden"",""question"":""Will Magdalena Andersson be the next Prime Minister of Sweden?"",""event_title"":""Next Prime Minister of Sweden"",""endDate"":""2026-09-13T00:00:00Z"",""volume"":""100109.0555869999"",""source"":""events_slug_path"",""active"":true,""closed"":false},{""score"":1.1607,""id"":""1193098"",""slug"":""will-nooshi-dadgostar-be-the-next-prime-minister-of-sweden"",""question"":""Will Nooshi Dadgostar be the next Prime Minister of Sweden?"",""event_title"":""Next Prime Minister of Sweden"",""endDate"":""2026-09-13T00:00:00Z"",""volume"":""842434.7869919998"",""source"":""events_slug_path"",""active"":true,""closed"":false},{""score"":1.1603,""id"":""1193096"",""slug"":""will-ebba-busch-be-the-next-prime-minister-of-sweden"",""question"":""Will Ebba Busch be the next Prime Minister of Sweden?"",""event_title"":""Next Prime Minister of Sweden"",""endDate"":""2026-09-13T00:00:00Z"",""volume"":""298213.7433519997"",""source"":""events_slug_path"",""active"":true,""closed"":false}]",AUTO_ACCEPTED: accepted rank=1 score=1.2806 top=1.2806 second=1.2037; score/margin guardrails disabled,,Simona Mohamsson,,KEPT
168,RSO-0168,31,Next Prime Minister of Sweden,Next Prime Minister of Sweden — Daniel Helldén,Will Daniel Helldén be the next Prime Minister of Sweden?,Will Daniel Helldén be the next Prime Minister of Sweden?,Sweden,global_satellite,parliamentary_coalition,sweden_pm_2026,tracked,global_satellite,multi_outcome_contract,9,Daniel Helldén,will-daniel-helldn-be-the-next-prime-minister-of-sweden,will-daniel-hellden-be-the-next-prime-minister-of-sweden,next-prime-minister-of-sweden,Parliamentary/coalition satellite market; tests PM outcome vs party-seat outcome.,needs_slug_clob_verification,appears_strong_from_paste,appears_clear_from_paste,Expanded to all visible PM outcomes.,1193101,166435,0x7767ed7d0af1aa72122981cc4347d9ed35b46385d39512ea5d6021da42a33825,"Parliamentary elections are scheduled to be held in Sweden on September 13, 2026. 

This market will resolve to the next individual who is officially appointed and assumes office as Prime Minister of Sweden following the next parliamentary election.

To count for resolution, the individual must officially assume office. Any interim or caretaker Prime Minister will not count toward the resolution of this market.

If no such Prime Minister assumes office by June 30, 2027, 11:59 PM ET, this market will resolve to “Other”.

The primary resolution source for this market will be official information from the Government of Sweden; however, a consensus of credible reporting may also be used.",,,2026-09-13T00:00:00Z,true,false,,false,true,"[""Yes"",""No""]","[""28176517830787199081924401072020189535005171048570636269331907057010467544445"",""97156408510783462221596839483942984736075702736472284573467011470036244589832""]","{""Yes"":""28176517830787199081924401072020189535005171048570636269331907057010467544445"",""No"":""97156408510783462221596839483942984736075702736472284573467011470036244589832""}",28176517830787199081924401072020189535005171048570636269331907057010467544445,97156408510783462221596839483942984736075702736472284573467011470036244589832,206416.17519799998,57420.34924,https://polymarket.com/event/will-daniel-helldn-be-the-next-prime-minister-of-sweden,VERIFIED_READY,2026-06-25T20:32:44+00:00,"[{""score"":1.293,""id"":""1193101"",""slug"":""will-daniel-helldn-be-the-next-prime-minister-of-sweden"",""question"":""Will Daniel Helldén be the next Prime Minister of Sweden?"",""event_title"":""Next Prime Minister of Sweden"",""endDate"":""2026-09-13T00:00:00Z"",""volume"":""206416.17519799998"",""source"":""events_slug_path"",""active"":true,""closed"":false},{""score"":1.1934,""id"":""1193095"",""slug"":""will-jimmie-kesson-be-the-next-prime-minister-of-sweden"",""question"":""Will Jimmie Åkesson be the next Prime Minister of Sweden?"",""event_title"":""Next Prime Minister of Sweden"",""endDate"":""2026-09-13T00:00:00Z"",""volume"":""1373124.6331660023"",""source"":""events_slug_path"",""active"":true,""closed"":false},{""score"":1.1707,""id"":""1193096"",""slug"":""will-ebba-busch-be-the-next-prime-minister-of-sweden"",""question"":""Will Ebba Busch be the next Prime Minister of Sweden?"",""event_title"":""Next Prime Minister of Sweden"",""endDate"":""2026-09-13T00:00:00Z"",""volume"":""298213.7433519997"",""source"":""events_slug_path"",""active"":true,""closed"":false},{""score"":1.1601,""id"":""1193098"",""slug"":""will-nooshi-dadgostar-be-the-next-prime-minister-of-sweden"",""question"":""Will Nooshi Dadgostar be the next Prime Minister of Sweden?"",""event_title"":""Next Prime Minister of Sweden"",""endDate"":""2026-09-13T00:00:00Z"",""volume"":""842434.7869919998"",""source"":""events_slug_path"",""active"":true,""closed"":false},{""score"":1.1512,""id"":""1193100"",""slug"":""will-amanda-lind-be-the-next-prime-minister-of-sweden"",""question"":""Will Amanda Lind be the next Prime Minister of Sweden?"",""event_title"":""Next Prime Minister of Sweden"",""endDate"":""2026-09-13T00:00:00Z"",""volume"":""43675.95862700002"",""source"":""events_slug_path"",""active"":true,""closed"":false}]",AUTO_ACCEPTED: accepted rank=1 score=1.2930 top=1.2930 second=1.1934; score/margin guardrails disabled,,Daniel Helldén,,KEPT
169,RSO-0169,31,Next Prime Minister of Sweden,Next Prime Minister of Sweden — Elisabeth Thand Ringqvist,Will Elisabeth Thand Ringqvist be the next Prime Minister of Sweden?,Will Elisabeth Thand Ringqvist be the next Prime Minister of Sweden?,Sweden,global_satellite,parliamentary_coalition,sweden_pm_2026,tracked,global_satellite,multi_outcome_contract,10,Elisabeth Thand Ringqvist,will-elisabeth-thand-ringqvist-be-the-next-prime-minister-of-sweden,will-elisabeth-thand-ringqvist-be-the-next-prime-minister-of-sweden,next-prime-minister-of-sweden,Parliamentary/coalition satellite market; tests PM outcome vs party-seat outcome.,needs_slug_clob_verification,appears_strong_from_paste,appears_clear_from_paste,Expanded to all visible PM outcomes.,1193103,166435,0x39272d42f01e6cdb493a857022fb8ddf708d91709eb928649868cda8a9ccf5c9,"Parliamentary elections are scheduled to be held in Sweden on September 13, 2026. 

This market will resolve to the next individual who is officially appointed and assumes office as Prime Minister of Sweden following the next parliamentary election.

To count for resolution, the individual must officially assume office. Any interim or caretaker Prime Minister will not count toward the resolution of this market.

If no such Prime Minister assumes office by June 30, 2027, 11:59 PM ET, this market will resolve to “Other”.

The primary resolution source for this market will be official information from the Government of Sweden; however, a consensus of credible reporting may also be used.",,,2026-09-13T00:00:00Z,true,false,,false,true,"[""Yes"",""No""]","[""98060061097780651807171860879548727196866666811981420650799429376583531532134"",""31508682941533026087917222598476223064911629095463135678478037055585601469539""]","{""Yes"":""98060061097780651807171860879548727196866666811981420650799429376583531532134"",""No"":""31508682941533026087917222598476223064911629095463135678478037055585601469539""}",98060061097780651807171860879548727196866666811981420650799429376583531532134,31508682941533026087917222598476223064911629095463135678478037055585601469539,27931.98320399997,49789.22838,https://polymarket.com/event/will-elisabeth-thand-ringqvist-be-the-next-prime-minister-of-sweden,VERIFIED_READY,2026-06-25T20:32:46+00:00,"[{""score"":1.2682,""id"":""1193103"",""slug"":""will-elisabeth-thand-ringqvist-be-the-next-prime-minister-of-sweden"",""question"":""Will Elisabeth Thand Ringqvist be the next Prime Minister of Sweden?"",""event_title"":""Next Prime Minister of Sweden"",""endDate"":""2026-09-13T00:00:00Z"",""volume"":""27931.98320399997"",""source"":""events_slug_path"",""active"":true,""closed"":false},{""score"":1.1268,""id"":""1193098"",""slug"":""will-nooshi-dadgostar-be-the-next-prime-minister-of-sweden"",""question"":""Will Nooshi Dadgostar be the next Prime Minister of Sweden?"",""event_title"":""Next Prime Minister of Sweden"",""endDate"":""2026-09-13T00:00:00Z"",""volume"":""842434.7869919998"",""source"":""events_slug_path"",""active"":true,""closed"":false},{""score"":1.1145,""id"":""1193100"",""slug"":""will-amanda-lind-be-the-next-prime-minister-of-sweden"",""question"":""Will Amanda Lind be the next Prime Minister of Sweden?"",""event_title"":""Next Prime Minister of Sweden"",""endDate"":""2026-09-13T00:00:00Z"",""volume"":""43675.95862700002"",""source"":""events_slug_path"",""active"":true,""closed"":false},{""score"":1.1092,""id"":""1193095"",""slug"":""will-jimmie-kesson-be-the-next-prime-minister-of-sweden"",""question"":""Will Jimmie Åkesson be the next Prime Minister of Sweden?"",""event_title"":""Next Prime Minister of Sweden"",""endDate"":""2026-09-13T00:00:00Z"",""volume"":""1373124.6331660023"",""source"":""events_slug_path"",""active"":true,""closed"":false},{""score"":1.1056,""id"":""1193101"",""slug"":""will-daniel-helldn-be-the-next-prime-minister-of-sweden"",""question"":""Will Daniel Helldén be the next Prime Minister of Sweden?"",""event_title"":""Next Prime Minister of Sweden"",""endDate"":""2026-09-13T00:00:00Z"",""volume"":""206416.17519799998"",""source"":""events_slug_path"",""active"":true,""closed"":false}]",AUTO_ACCEPTED: accepted rank=1 score=1.2682 top=1.2682 second=1.1268; score/margin guardrails disabled,,Elisabeth Thand Ringqvist,,KEPT
170,RSO-0170,32,Sweden Parliamentary Election Winner,Sweden Parliamentary Election Winner — Swedish Social Democratic Party (S),Will the Swedish Social Democratic Party (S) win the most seats in the 2026 Swedish parliamentary election?,Will Swedish Social Democratic Party win the most seats in the Sweden parliamentary election?,Sweden,global_satellite,parliamentary_coalition,sweden_most_seats_2026,tracked,global_satellite,multi_outcome_contract,1,Swedish Social Democratic Party (S),will-the-swedish-social-democratic-party-s-win-the-most-seats-in-the-2026-swedish-parliamentary-election,will-swedish-social-democratic-party-win-the-most-seats-in-the-sweden-parliamentary-election,sweden-parliamentary-election-winner,Most-seats counterpart to Sweden PM market.,needs_slug_clob_verification,appears_strong_from_paste,appears_clear_from_paste,Expanded to visible party outcomes; resolver may reveal more parties.,811719,96640,0xe5acfef8707df2e25a99a6e4d9568d033fa063b006022f68375ab3bbcf376818,"Parliamentary elections are scheduled to be held in Sweden on September 13, 2026.

This market will resolve according to the political party that wins the greatest number of seats in the Swedish Parliament (Riksdag) in this election.

If voting in the Swedish parliamentary election does not occur by December 31, 2026, 11:59 PM ET, this market will resolve to ""Other"".

In the event of a tie between multiple parties for the most seats won, this market will resolve in favor of the party or coalition which received a greater number of valid votes. In the event that results in a tie, this market will resolve in favor of the party or coalition whose listed abbreviation appears first in alphabetical order.

This market's resolution will be based solely on the number of seats won by the named party or coalition in the Swedish Parliament. 

This market will resolve based on the results of this election as indicated by a consensus of credible reporting. If there is ambiguity, this market will resolve based solely on the official results as reported by the Swedish government, specifically the Swedish Election Authority (Valmyndigheten) (https://www.val.se/).",,,2026-09-13T00:00:00Z,true,false,,false,true,"[""Yes"",""No""]","[""103916805803783582379666899779911786632579535459334681066604944183134504393219"",""56245592157259408643761685839302859095353132149864808093811766821785263385598""]","{""Yes"":""103916805803783582379666899779911786632579535459334681066604944183134504393219"",""No"":""56245592157259408643761685839302859095353132149864808093811766821785263385598""}",103916805803783582379666899779911786632579535459334681066604944183134504393219,56245592157259408643761685839302859095353132149864808093811766821785263385598,58805.51467500002,70230.7184,https://polymarket.com/event/will-the-swedish-social-democratic-party-s-win-the-most-seats-in-the-2026-swedish-parliamentary-election,VERIFIED_READY,2026-06-25T20:32:51+00:00,"[{""score"":1.3909,""id"":""811719"",""slug"":""will-the-swedish-social-democratic-party-s-win-the-most-seats-in-the-2026-swedish-parliamentary-election"",""question"":""Will the Swedish Social Democratic Party (S) win the most seats in the 2026 Swedish parliamentary election?"",""event_title"":""Sweden Parliamentary Election Winner"",""endDate"":""2026-09-13T00:00:00Z"",""volume"":""58805.51467500002"",""source"":""events_slug_path"",""active"":true,""closed"":false},{""score"":1.319,""id"":""811720"",""slug"":""will-the-sweden-democrats-sd-win-the-most-seats-in-the-2026-swedish-parliamentary-election"",""question"":""Will the Sweden Democrats (SD) win the most seats in the 2026 Swedish parliamentary election?"",""event_title"":""Sweden Parliamentary Election Winner"",""endDate"":""2026-09-13T00:00:00Z"",""volume"":""523293.6277610001"",""source"":""events_slug_path"",""active"":true,""closed"":false},{""score"":1.2715,""id"":""811724"",""slug"":""will-the-christian-democrats-kd-win-the-most-seats-in-the-2026-swedish-parliamentary-election"",""question"":""Will the Christian Democrats (KD) win the most seats in the 2026 Swedish parliamentary election?"",""event_title"":""Sweden Parliamentary Election Winner"",""endDate"":""2026-09-13T00:00:00Z"",""volume"":""14820.283688000003"",""source"":""events_slug_path"",""active"":true,""closed"":false},{""score"":1.151,""id"":""811721"",""slug"":""will-the-moderate-party-m-win-the-most-seats-in-the-2026-swedish-parliamentary-election"",""question"":""Will the Moderate Party (M) win the most seats in the 2026 Swedish parliamentary election?"",""event_title"":""Sweden Parliamentary Election Winner"",""endDate"":""2026-09-13T00:00:00Z"",""volume"":""383650.7996719998"",""source"":""events_slug_path"",""active"":true,""closed"":false},{""score"":1.1054,""id"":""811723"",""slug"":""will-the-left-party-v-win-the-most-seats-in-the-2026-swedish-parliamentary-election"",""question"":""Will the Left Party (V) win the most seats in the 2026 Swedish parliamentary election?"",""event_title"":""Sweden Parliamentary Election Winner"",""endDate"":""2026-09-13T00:00:00Z"",""volume"":""16010.099440000002"",""source"":""events_slug_path"",""active"":true,""closed"":false}]",AUTO_ACCEPTED: accepted rank=1 score=1.3909 top=1.3909 second=1.3190; score/margin guardrails disabled,,democrat|democrats|democratic,,KEPT
171,RSO-0171,32,Sweden Parliamentary Election Winner,Sweden Parliamentary Election Winner — Sweden Democrats (SD),Will the Sweden Democrats (SD) win the most seats in the 2026 Swedish parliamentary election?,Will Sweden Democrats (SD) win the most seats in the Sweden parliamentary election?,Sweden,global_satellite,parliamentary_coalition,sweden_most_seats_2026,tracked,global_satellite,multi_outcome_contract,2,Sweden Democrats (SD),will-the-sweden-democrats-sd-win-the-most-seats-in-the-2026-swedish-parliamentary-election,will-sweden-democrats-sd-win-the-most-seats-in-the-sweden-parliamentary-election,sweden-parliamentary-election-winner,Most-seats counterpart to Sweden PM market.,needs_slug_clob_verification,appears_strong_from_paste,appears_clear_from_paste,Expanded to visible party outcomes; resolver may reveal more parties.,811720,96640,0xa39535caf2ce2c47dfbdc64c3cef9a00b7599a24c34b4091caed34df27094639,"Parliamentary elections are scheduled to be held in Sweden on September 13, 2026.

This market will resolve according to the political party that wins the greatest number of seats in the Swedish Parliament (Riksdag) in this election.

If voting in the Swedish parliamentary election does not occur by December 31, 2026, 11:59 PM ET, this market will resolve to ""Other"".

In the event of a tie between multiple parties for the most seats won, this market will resolve in favor of the party or coalition which received a greater number of valid votes. In the event that results in a tie, this market will resolve in favor of the party or coalition whose listed abbreviation appears first in alphabetical order.

This market's resolution will be based solely on the number of seats won by the named party or coalition in the Swedish Parliament. 

This market will resolve based on the results of this election as indicated by a consensus of credible reporting. If there is ambiguity, this market will resolve based solely on the official results as reported by the Swedish government, specifically the Swedish Election Authority (Valmyndigheten) (https://www.val.se/).",,,2026-09-13T00:00:00Z,true,false,,false,true,"[""Yes"",""No""]","[""22771288348793685264608720201112684853152039276564546124382947250830821477697"",""39021634196475106043685315632208926896097539062778940913387269514804007708387""]","{""Yes"":""22771288348793685264608720201112684853152039276564546124382947250830821477697"",""No"":""39021634196475106043685315632208926896097539062778940913387269514804007708387""}",22771288348793685264608720201112684853152039276564546124382947250830821477697,39021634196475106043685315632208926896097539062778940913387269514804007708387,523293.6277610001,33340.10067,https://polymarket.com/event/will-the-sweden-democrats-sd-win-the-most-seats-in-the-2026-swedish-parliamentary-election,VERIFIED_READY,2026-06-25T20:32:54+00:00,"[{""score"":1.4322,""id"":""811720"",""slug"":""will-the-sweden-democrats-sd-win-the-most-seats-in-the-2026-swedish-parliamentary-election"",""question"":""Will the Sweden Democrats (SD) win the most seats in the 2026 Swedish parliamentary election?"",""event_title"":""Sweden Parliamentary Election Winner"",""endDate"":""2026-09-13T00:00:00Z"",""volume"":""523293.6277610001"",""source"":""events_slug_path"",""active"":true,""closed"":false},{""score"":1.3268,""id"":""811724"",""slug"":""will-the-christian-democrats-kd-win-the-most-seats-in-the-2026-swedish-parliamentary-election"",""question"":""Will the Christian Democrats (KD) win the most seats in the 2026 Swedish parliamentary election?"",""event_title"":""Sweden Parliamentary Election Winner"",""endDate"":""2026-09-13T00:00:00Z"",""volume"":""14820.283688000003"",""source"":""events_slug_path"",""active"":true,""closed"":false},{""score"":1.2967,""id"":""811719"",""slug"":""will-the-swedish-social-democratic-party-s-win-the-most-seats-in-the-2026-swedish-parliamentary-election"",""question"":""Will the Swedish Social Democratic Party (S) win the most seats in the 2026 Swedish parliamentary election?"",""event_title"":""Sweden Parliamentary Election Winner"",""endDate"":""2026-09-13T00:00:00Z"",""volume"":""58805.51467500002"",""source"":""events_slug_path"",""active"":true,""closed"":false},{""score"":1.1361,""id"":""811721"",""slug"":""will-the-moderate-party-m-win-the-most-seats-in-the-2026-swedish-parliamentary-election"",""question"":""Will the Moderate Party (M) win the most seats in the 2026 Swedish parliamentary election?"",""event_title"":""Sweden Parliamentary Election Winner"",""endDate"":""2026-09-13T00:00:00Z"",""volume"":""383650.7996719998"",""source"":""events_slug_path"",""active"":true,""closed"":false},{""score"":1.1093,""id"":""811726"",""slug"":""will-the-liberals-l-win-the-most-seats-in-the-2026-swedish-parliamentary-election"",""question"":""Will the Liberals (L) win the most seats in the 2026 Swedish parliamentary election?"",""event_title"":""Sweden Parliamentary Election Winner"",""endDate"":""2026-09-13T00:00:00Z"",""volume"":""15874.172999000006"",""source"":""events_slug_path"",""active"":true,""closed"":false}]",AUTO_ACCEPTED: accepted rank=1 score=1.4322 top=1.4322 second=1.3268; score/margin guardrails disabled,,democrat|democrats|democratic,,KEPT
172,RSO-0172,32,Sweden Parliamentary Election Winner,Sweden Parliamentary Election Winner — Green Party (MP),Will the Green Party (MP) win the most seats in the 2026 Swedish parliamentary election?,Will Green Party (MP) win the most seats in the Sweden parliamentary election?,Sweden,global_satellite,parliamentary_coalition,sweden_most_seats_2026,tracked,global_satellite,multi_outcome_contract,3,Green Party (MP),will-the-green-party-mp-win-the-most-seats-in-the-2026-swedish-parliamentary-election,will-green-party-mp-win-the-most-seats-in-the-sweden-parliamentary-election,sweden-parliamentary-election-winner,Most-seats counterpart to Sweden PM market.,needs_slug_clob_verification,appears_strong_from_paste,appears_clear_from_paste,Expanded to visible party outcomes; resolver may reveal more parties.,811725,96640,0x59df45d0523260ee1cc889e54c32b59ec6d1ec49c32cabec71baf470e869d49a,"Parliamentary elections are scheduled to be held in Sweden on September 13, 2026.

This market will resolve according to the political party that wins the greatest number of seats in the Swedish Parliament (Riksdag) in this election.

If voting in the Swedish parliamentary election does not occur by December 31, 2026, 11:59 PM ET, this market will resolve to ""Other"".

In the event of a tie between multiple parties for the most seats won, this market will resolve in favor of the party or coalition which received a greater number of valid votes. In the event that results in a tie, this market will resolve in favor of the party or coalition whose listed abbreviation appears first in alphabetical order.

This market's resolution will be based solely on the number of seats won by the named party or coalition in the Swedish Parliament. 

This market will resolve based on the results of this election as indicated by a consensus of credible reporting. If there is ambiguity, this market will resolve based solely on the official results as reported by the Swedish government, specifically the Swedish Election Authority (Valmyndigheten) (https://www.val.se/).",,,2026-09-13T00:00:00Z,true,false,,false,true,"[""Yes"",""No""]","[""95637379689976243013286900277703754341046503122130133129985305609496701873761"",""29944329351851063099549384111109904362801741591751508645283181494954054643531""]","{""Yes"":""95637379689976243013286900277703754341046503122130133129985305609496701873761"",""No"":""29944329351851063099549384111109904362801741591751508645283181494954054643531""}",95637379689976243013286900277703754341046503122130133129985305609496701873761,29944329351851063099549384111109904362801741591751508645283181494954054643531,100900.21250100006,23074.76266,https://polymarket.com/event/will-the-green-party-mp-win-the-most-seats-in-the-2026-swedish-parliamentary-election,VERIFIED_READY,2026-06-25T20:32:58+00:00,"[{""score"":1.2139,""id"":""811725"",""slug"":""will-the-green-party-mp-win-the-most-seats-in-the-2026-swedish-parliamentary-election"",""question"":""Will the Green Party (MP) win the most seats in the 2026 Swedish parliamentary election?"",""event_title"":""Sweden Parliamentary Election Winner"",""endDate"":""2026-09-13T00:00:00Z"",""volume"":""100900.21250100006"",""source"":""events_slug_path"",""active"":true,""closed"":false},{""score"":1.1767,""id"":""811721"",""slug"":""will-the-moderate-party-m-win-the-most-seats-in-the-2026-swedish-parliamentary-election"",""question"":""Will the Moderate Party (M) win the most seats in the 2026 Swedish parliamentary election?"",""event_title"":""Sweden Parliamentary Election Winner"",""endDate"":""2026-09-13T00:00:00Z"",""volume"":""383650.7996719998"",""source"":""events_slug_path"",""active"":true,""closed"":false},{""score"":1.1452,""id"":""811723"",""slug"":""will-the-left-party-v-win-the-most-seats-in-the-2026-swedish-parliamentary-election"",""question"":""Will the Left Party (V) win the most seats in the 2026 Swedish parliamentary election?"",""event_title"":""Sweden Parliamentary Election Winner"",""endDate"":""2026-09-13T00:00:00Z"",""volume"":""16010.099440000002"",""source"":""events_slug_path"",""active"":true,""closed"":false},{""score"":1.1413,""id"":""811720"",""slug"":""will-the-sweden-democrats-sd-win-the-most-seats-in-the-2026-swedish-parliamentary-election"",""question"":""Will the Sweden Democrats (SD) win the most seats in the 2026 Swedish parliamentary election?"",""event_title"":""Sweden Parliamentary Election Winner"",""endDate"":""2026-09-13T00:00:00Z"",""volume"":""523293.6277610001"",""source"":""events_slug_path"",""active"":true,""closed"":false},{""score"":1.1392,""id"":""811722"",""slug"":""will-the-centre-party-c-win-the-most-seats-in-the-2026-swedish-parliamentary-election"",""question"":""Will the Centre Party (C) win the most seats in the 2026 Swedish parliamentary election?"",""event_title"":""Sweden Parliamentary Election Winner"",""endDate"":""2026-09-13T00:00:00Z"",""volume"":""18698.450861999998"",""source"":""events_slug_path"",""active"":true,""closed"":false}]",AUTO_ACCEPTED: accepted rank=1 score=1.2139 top=1.2139 second=1.1767; score/margin guardrails disabled,,Green Party (MP),,KEPT
173,RSO-0173,32,Sweden Parliamentary Election Winner,Sweden Parliamentary Election Winner — Christian Democrats (KD),Will the Christian Democrats (KD) win the most seats in the 2026 Swedish parliamentary election?,Will Christian Democrats (KD) win the most seats in the Sweden parliamentary election?,Sweden,global_satellite,parliamentary_coalition,sweden_most_seats_2026,tracked,global_satellite,multi_outcome_contract,4,Christian Democrats (KD),will-the-christian-democrats-kd-win-the-most-seats-in-the-2026-swedish-parliamentary-election,will-christian-democrats-kd-win-the-most-seats-in-the-sweden-parliamentary-election,sweden-parliamentary-election-winner,Most-seats counterpart to Sweden PM market.,needs_slug_clob_verification,appears_strong_from_paste,appears_clear_from_paste,Expanded to visible party outcomes; resolver may reveal more parties.,811724,96640,0xa50fafd0a12d15170128d489b2c26347ed635a84d1a88ab9f77414a358a15491,"Parliamentary elections are scheduled to be held in Sweden on September 13, 2026.

This market will resolve according to the political party that wins the greatest number of seats in the Swedish Parliament (Riksdag) in this election.

If voting in the Swedish parliamentary election does not occur by December 31, 2026, 11:59 PM ET, this market will resolve to ""Other"".

In the event of a tie between multiple parties for the most seats won, this market will resolve in favor of the party or coalition which received a greater number of valid votes. In the event that results in a tie, this market will resolve in favor of the party or coalition whose listed abbreviation appears first in alphabetical order.

This market's resolution will be based solely on the number of seats won by the named party or coalition in the Swedish Parliament. 

This market will resolve based on the results of this election as indicated by a consensus of credible reporting. If there is ambiguity, this market will resolve based solely on the official results as reported by the Swedish government, specifically the Swedish Election Authority (Valmyndigheten) (https://www.val.se/).",,,2026-09-13T00:00:00Z,true,false,,false,true,"[""Yes"",""No""]","[""54843548550094470593696883578302472730893983252822277325463098779080627026611"",""49637982060548156149833397082669027691393076512263762993611689074069482639493""]","{""Yes"":""54843548550094470593696883578302472730893983252822277325463098779080627026611"",""No"":""49637982060548156149833397082669027691393076512263762993611689074069482639493""}",54843548550094470593696883578302472730893983252822277325463098779080627026611,49637982060548156149833397082669027691393076512263762993611689074069482639493,14820.283688000003,21942.30209,https://polymarket.com/event/will-the-christian-democrats-kd-win-the-most-seats-in-the-2026-swedish-parliamentary-election,VERIFIED_READY,2026-06-25T20:33:03+00:00,"[{""score"":1.3863,""id"":""811724"",""slug"":""will-the-christian-democrats-kd-win-the-most-seats-in-the-2026-swedish-parliamentary-election"",""question"":""Will the Christian Democrats (KD) win the most seats in the 2026 Swedish parliamentary election?"",""event_title"":""Sweden Parliamentary Election Winner"",""endDate"":""2026-09-13T00:00:00Z"",""volume"":""14820.283688000003"",""source"":""events_slug_path"",""active"":true,""closed"":false},{""score"":1.3649,""id"":""811720"",""slug"":""will-the-sweden-democrats-sd-win-the-most-seats-in-the-2026-swedish-parliamentary-election"",""question"":""Will the Sweden Democrats (SD) win the most seats in the 2026 Swedish parliamentary election?"",""event_title"":""Sweden Parliamentary Election Winner"",""endDate"":""2026-09-13T00:00:00Z"",""volume"":""523293.6277610001"",""source"":""events_slug_path"",""active"":true,""closed"":false},{""score"":1.2757,""id"":""811719"",""slug"":""will-the-swedish-social-democratic-party-s-win-the-most-seats-in-the-2026-swedish-parliamentary-election"",""question"":""Will the Swedish Social Democratic Party (S) win the most seats in the 2026 Swedish parliamentary election?"",""event_title"":""Sweden Parliamentary Election Winner"",""endDate"":""2026-09-13T00:00:00Z"",""volume"":""58805.51467500002"",""source"":""events_slug_path"",""active"":true,""closed"":false},{""score"":1.1213,""id"":""811721"",""slug"":""will-the-moderate-party-m-win-the-most-seats-in-the-2026-swedish-parliamentary-election"",""question"":""Will the Moderate Party (M) win the most seats in the 2026 Swedish parliamentary election?"",""event_title"":""Sweden Parliamentary Election Winner"",""endDate"":""2026-09-13T00:00:00Z"",""volume"":""383650.7996719998"",""source"":""events_slug_path"",""active"":true,""closed"":false},{""score"":1.0942,""id"":""811726"",""slug"":""will-the-liberals-l-win-the-most-seats-in-the-2026-swedish-parliamentary-election"",""question"":""Will the Liberals (L) win the most seats in the 2026 Swedish parliamentary election?"",""event_title"":""Sweden Parliamentary Election Winner"",""endDate"":""2026-09-13T00:00:00Z"",""volume"":""15874.172999000006"",""source"":""events_slug_path"",""active"":true,""closed"":false}]",AUTO_ACCEPTED: accepted rank=1 score=1.3863 top=1.3863 second=1.3649; score/margin guardrails disabled,,democrat|democrats|democratic,,KEPT
174,RSO-0174,33,Next Premier of Quebec,Next Premier of Quebec — Paul St-Pierre Plamondon,Will Paul St-Pierre Plamondon be the next Premier of Quebec?,Will Paul St-Pierre Plamondon be the next Premier of Quebec?,Canada,global_satellite,provincial_parliamentary,quebec_next_premier_2026,tracked,global_satellite,multi_outcome_contract,1,Paul St-Pierre Plamondon,TODO_VERIFY,will-paul-st-pierre-plamondon-be-the-next-premier-of-quebec,next-premier-of-quebec,Canadian provincial executive satellite market.,needs_v7_topic_gated_resolution,needs_orderbook_check,appears_clear_from_paste,Expanded to all visible premier outcomes.,,,,,,,,,,,,,,,,,,,,,,,,Reset after v6 wrong auto-match; rerun with v7 topic/outcome gates.,quebec|premier,paul|st-pierre|st pierre|plamondon,,RESET_FOR_V7
175,RSO-0175,33,Next Premier of Quebec,Next Premier of Quebec — Charles Milliard,Will Charles Milliard be the next Premier of Quebec?,Will Charles Milliard be the next Premier of Quebec?,Canada,global_satellite,provincial_parliamentary,quebec_next_premier_2026,tracked,global_satellite,multi_outcome_contract,2,Charles Milliard,TODO_VERIFY,will-charles-milliard-be-the-next-premier-of-quebec,next-premier-of-quebec,Canadian provincial executive satellite market.,needs_v7_topic_gated_resolution,needs_orderbook_check,appears_clear_from_paste,Expanded to all visible premier outcomes.,,,,,,,,,,,,,,,,,,,,,,,,Reset after v6 wrong auto-match; rerun with v7 topic/outcome gates.,quebec|premier,charles|milliard,,RESET_FOR_V7
176,RSO-0176,33,Next Premier of Quebec,Next Premier of Quebec — Christine Fréchette,Will Christine Fréchette be the next Premier of Quebec?,Will Christine Fréchette be the next Premier of Quebec?,Canada,global_satellite,provincial_parliamentary,quebec_next_premier_2026,tracked,global_satellite,multi_outcome_contract,3,Christine Fréchette,TODO_VERIFY,will-christine-frechette-be-the-next-premier-of-quebec,next-premier-of-quebec,Canadian provincial executive satellite market.,needs_v7_topic_gated_resolution,needs_orderbook_check,appears_clear_from_paste,Expanded to all visible premier outcomes.,,,,,,,,,,,,,,,,,,,,,,,,Reset after v6 wrong auto-match; rerun with v7 topic/outcome gates.,quebec|premier,christine|frechette|fréchette,,RESET_FOR_V7
177,RSO-0177,33,Next Premier of Quebec,Next Premier of Quebec — Bernard Drainville,Will Bernard Drainville be the next Premier of Quebec?,Will Bernard Drainville be the next Premier of Quebec?,Canada,global_satellite,provincial_parliamentary,quebec_next_premier_2026,tracked,global_satellite,multi_outcome_contract,4,Bernard Drainville,TODO_VERIFY,will-bernard-drainville-be-the-next-premier-of-quebec,next-premier-of-quebec,Canadian provincial executive satellite market.,needs_v7_topic_gated_resolution,needs_orderbook_check,appears_clear_from_paste,Expanded to all visible premier outcomes.,,,,,,,,,,,,,,,,,,,,,,,,Reset after v6 wrong auto-match; rerun with v7 topic/outcome gates.,quebec|premier,bernard|drainville,,RESET_FOR_V7
178,RSO-0178,33,Next Premier of Quebec,Next Premier of Quebec — Ruba Ghazal,Will Ruba Ghazal be the next Premier of Quebec?,Will Ruba Ghazal be the next Premier of Quebec?,Canada,global_satellite,provincial_parliamentary,quebec_next_premier_2026,tracked,global_satellite,multi_outcome_contract,5,Ruba Ghazal,TODO_VERIFY,will-ruba-ghazal-be-the-next-premier-of-quebec,next-premier-of-quebec,Canadian provincial executive satellite market.,needs_v7_topic_gated_resolution,needs_orderbook_check,appears_clear_from_paste,Expanded to all visible premier outcomes.,,,,,,,,,,,,,,,,,,,,,,,,Reset after v6 wrong auto-match; rerun with v7 topic/outcome gates.,quebec|premier,ruba|ghazal,,RESET_FOR_V7
179,RSO-0179,33,Next Premier of Quebec,Next Premier of Quebec — Sol Zanetti,Will Sol Zanetti be the next Premier of Quebec?,Will Sol Zanetti be the next Premier of Quebec?,Canada,global_satellite,provincial_parliamentary,quebec_next_premier_2026,tracked,global_satellite,multi_outcome_contract,6,Sol Zanetti,TODO_VERIFY,will-sol-zanetti-be-the-next-premier-of-quebec,next-premier-of-quebec,Canadian provincial executive satellite market.,needs_v7_topic_gated_resolution,needs_orderbook_check,appears_clear_from_paste,Expanded to all visible premier outcomes.,,,,,,,,,,,,,,,,,,,,,,,,Reset after v6 wrong auto-match; rerun with v7 topic/outcome gates.,quebec|premier,sol|zanetti,,RESET_FOR_V7
180,RSO-0180,33,Next Premier of Quebec,Next Premier of Quebec — Éric Duhaime,Will Éric Duhaime be the next Premier of Quebec?,Will Éric Duhaime be the next Premier of Quebec?,Canada,global_satellite,provincial_parliamentary,quebec_next_premier_2026,tracked,global_satellite,multi_outcome_contract,7,Éric Duhaime,TODO_VERIFY,will-eric-duhaime-be-the-next-premier-of-quebec,next-premier-of-quebec,Canadian provincial executive satellite market.,needs_v7_topic_gated_resolution,needs_orderbook_check,appears_clear_from_paste,Expanded to all visible premier outcomes.,,,,,,,,,,,,,,,,,,,,,,,,Reset after v6 wrong auto-match; rerun with v7 topic/outcome gates.,quebec|premier,eric|éric|duhaime,,RESET_FOR_V7
181,RSO-0181,34,Quebec General Election Winner,Quebec General Election Winner — PQ,Will Parti Québécois win the most seats in the 2026 Quebec general election?,Will PQ win the Quebec General Election?,Canada,global_satellite,provincial_parliamentary,quebec_general_election_winner_2026,tracked,global_satellite,multi_outcome_contract,1,PQ,will-parti-qubcois-win-the-most-seats-in-the-2026-quebec-general-election,will-pq-win-the-quebec-general-election,quebec-general-election-winner,Canadian provincial most-seats/party winner market.,needs_slug_clob_verification,appears_ok_from_paste,appears_clear_from_paste,Expanded to all visible party outcomes.,789407,95203,0x30d4a64f70d80faee66508a797b347ef65e63913e4200bca954718fc824ea10e,"Parliamentary elections to elect all 125 seats of the National Assembly of Quebec are scheduled to take place in Quebec on October 5, 2026.

This market will resolve to the political party that wins the greatest number of seats in the National Assembly of Quebec as a result of this election.

If voting in the 2026 Quebec general election does not occur by January 31, 2027, this market will resolve to ""Other"".

In the event of a tie for the most seats won between this party and any other, this market will resolve in favor of the party that won the most valid votes in the respective election. If this also results in a tie, this market will resolve in favor of the party or coalition whose listed abbreviation comes first in alphabetical order.

This market's resolution will be based solely on the number of seats won by the named party.

This market will resolve based on the result of the election as indicated by a consensus of credible reporting. If there is ambiguity, this market will resolve based solely on the official results as reported by Élections Québec (https://www.electionsquebec.qc.ca).",,,2026-10-05T00:00:00Z,true,false,,false,true,"[""Yes"",""No""]","[""65322106850459544646271115791218393848695885094753222820688299472048959196589"",""104003951685118099617273681901030817359395321307025897997858344751070270175696""]","{""Yes"":""65322106850459544646271115791218393848695885094753222820688299472048959196589"",""No"":""104003951685118099617273681901030817359395321307025897997858344751070270175696""}",65322106850459544646271115791218393848695885094753222820688299472048959196589,104003951685118099617273681901030817359395321307025897997858344751070270175696,61640.36970399996,38129.157,https://polymarket.com/event/will-parti-qubcois-win-the-most-seats-in-the-2026-quebec-general-election,VERIFIED_READY,2026-06-25T20:33:28+00:00,"[{""score"":1.07,""id"":""789407"",""slug"":""will-parti-qubcois-win-the-most-seats-in-the-2026-quebec-general-election"",""question"":""Will Parti Québécois win the most seats in the 2026 Quebec general election?"",""event_title"":""Quebec General Election Winner"",""endDate"":""2026-10-05T00:00:00Z"",""volume"":""61640.36970399996"",""source"":""events_slug_path"",""active"":true,""closed"":false},{""score"":1.059,""id"":""789411"",""slug"":""will-parti-vert-du-qubec-win-the-most-seats-in-the-2026-quebec-general-election"",""question"":""Will Parti vert du Québec win the most seats in the 2026 Quebec general election?"",""event_title"":""Quebec General Election Winner"",""endDate"":""2026-10-05T00:00:00Z"",""volume"":""133266.53914900008"",""source"":""events_slug_path"",""active"":true,""closed"":false},{""score"":1.0569,""id"":""789409"",""slug"":""will-qubec-solidaire-win-the-most-seats-in-the-2026-quebec-general-election"",""question"":""Will Québec solidaire win the most seats in the 2026 Quebec general election?"",""event_title"":""Quebec General Election Winner"",""endDate"":""2026-10-05T00:00:00Z"",""volume"":""79465.70242999999"",""source"":""events_slug_path"",""active"":true,""closed"":false},{""score"":1.0443,""id"":""789408"",""slug"":""will-parti-libral-du-qubec-win-the-most-seats-in-the-2026-quebec-general-election"",""question"":""Will Parti libéral du Québec win the most seats in the 2026 Quebec general election?"",""event_title"":""Quebec General Election Winner"",""endDate"":""2026-10-05T00:00:00Z"",""volume"":""80716.63395999996"",""source"":""events_slug_path"",""active"":true,""closed"":false},{""score"":1.0398,""id"":""789410"",""slug"":""will-parti-conservateur-du-qubec-win-the-most-seats-in-the-2026-quebec-general-election"",""question"":""Will Parti conservateur du Québec win the most seats in the 2026 Quebec general election?"",""event_title"":""Quebec General Election Winner"",""endDate"":""2026-10-05T00:00:00Z"",""volume"":""178204.67444199993"",""source"":""events_slug_path"",""active"":true,""closed"":false}]",AUTO_ACCEPTED: accepted rank=1 score=1.0700 top=1.0700 second=1.0590; score/margin guardrails disabled,quebec|general election,parti quebecois|parti québécois|pq,,KEPT
182,RSO-0182,34,Quebec General Election Winner,Quebec General Election Winner — PLQ,Will PLQ win the 2026 Quebec general election?,Will PLQ win the 2026 Quebec general election?,Canada,global_satellite,provincial_parliamentary,quebec_general_election_winner_2026,tracked,global_satellite,multi_outcome_contract,2,PLQ,TODO_VERIFY,will-plq-win-the-2026-quebec-general-election,quebec-general-election-winner,Canadian provincial most-seats/party winner market.,needs_v7_topic_gated_resolution,appears_ok_from_paste,appears_clear_from_paste,Expanded to all visible party outcomes.,,,,,,,,,,,,,,,,,,,,,,,,Reset after v6 wrong auto-match; rerun with v7 topic/outcome gates.,quebec|general election,liberal|liberals|parti liberal|parti libéral|plq,,RESET_FOR_V7
183,RSO-0183,34,Quebec General Election Winner,Quebec General Election Winner — CAQ,Will CAQ win the 2026 Quebec general election?,Will CAQ win the 2026 Quebec general election?,Canada,global_satellite,provincial_parliamentary,quebec_general_election_winner_2026,tracked,global_satellite,multi_outcome_contract,3,CAQ,TODO_VERIFY,will-caq-win-the-2026-quebec-general-election,quebec-general-election-winner,Canadian provincial most-seats/party winner market.,needs_v7_topic_gated_resolution,appears_ok_from_paste,appears_clear_from_paste,Expanded to all visible party outcomes.,,,,,,,,,,,,,,,,,,,,,,,,Reset after v6 wrong auto-match; rerun with v7 topic/outcome gates.,quebec|general election,coalition avenir|caq,,RESET_FOR_V7
184,RSO-0184,34,Quebec General Election Winner,Quebec General Election Winner — PCQ,Will PCQ win the 2026 Quebec general election?,Will PCQ win the 2026 Quebec general election?,Canada,global_satellite,provincial_parliamentary,quebec_general_election_winner_2026,tracked,global_satellite,multi_outcome_contract,4,PCQ,TODO_VERIFY,will-pcq-win-the-2026-quebec-general-election,quebec-general-election-winner,Canadian provincial most-seats/party winner market.,needs_v7_topic_gated_resolution,appears_ok_from_paste,appears_clear_from_paste,Expanded to all visible party outcomes.,,,,,,,,,,,,,,,,,,,,,,,,Reset after v6 wrong auto-match; rerun with v7 topic/outcome gates.,quebec|general election,conservative|conservateur|pcq,,RESET_FOR_V7
185,RSO-0185,34,Quebec General Election Winner,Quebec General Election Winner — QS,Will QS win the 2026 Quebec general election?,Will QS win the 2026 Quebec general election?,Canada,global_satellite,provincial_parliamentary,quebec_general_election_winner_2026,tracked,global_satellite,multi_outcome_contract,5,QS,TODO_VERIFY,will-qs-win-the-2026-quebec-general-election,quebec-general-election-winner,Canadian provincial most-seats/party winner market.,needs_v7_topic_gated_resolution,appears_ok_from_paste,appears_clear_from_paste,Expanded to all visible party outcomes.,,,,,,,,,,,,,,,,,,,,,,,,Reset after v6 wrong auto-match; rerun with v7 topic/outcome gates.,quebec|general election,quebec solidaire|québec solidaire|qs,,RESET_FOR_V7
186,RSO-0186,34,Quebec General Election Winner,Quebec General Election Winner — PVQ,Will PVQ win the 2026 Quebec general election?,Will PVQ win the 2026 Quebec general election?,Canada,global_satellite,provincial_parliamentary,quebec_general_election_winner_2026,tracked,global_satellite,multi_outcome_contract,6,PVQ,TODO_VERIFY,will-pvq-win-the-2026-quebec-general-election,quebec-general-election-winner,Canadian provincial most-seats/party winner market.,needs_v7_topic_gated_resolution,appears_ok_from_paste,appears_clear_from_paste,Expanded to all visible party outcomes.,,,,,,,,,,,,,,,,,,,,,,,,Reset after v6 wrong auto-match; rerun with v7 topic/outcome gates.,quebec|general election,green|vert|pvq,,RESET_FOR_V7
187,RSO-0187,35,Toronto Mayoral Election Winner,Toronto Mayoral Election Winner — Olivia Chow,Will Olivia Chow win the Toronto mayoral election?,Will Olivia Chow win the Toronto mayoral election?,Canada,global_satellite,municipal,toronto_mayor_2026,tracked,global_satellite,multi_outcome_contract,1,Olivia Chow,TODO_VERIFY,will-olivia-chow-win-the-toronto-mayoral-election,toronto-mayoral-election-winner,Municipal executive satellite market; tests local-election forecasting.,needs_v7_topic_gated_resolution,appears_ok_from_paste,appears_clear_from_paste,Expanded to all visible candidate outcomes.,,,,,,,,,,,,,,,,,,,,,,,,Reset after v6 wrong auto-match; rerun with v7 topic/outcome gates.,toronto|mayor,olivia|chow,,RESET_FOR_V7
188,RSO-0188,35,Toronto Mayoral Election Winner,Toronto Mayoral Election Winner — Brad Bradford,Will Brad Bradford win the Toronto mayoral election?,Will Brad Bradford win the Toronto mayoral election?,Canada,global_satellite,municipal,toronto_mayor_2026,tracked,global_satellite,multi_outcome_contract,2,Brad Bradford,TODO_VERIFY,will-brad-bradford-win-the-toronto-mayoral-election,toronto-mayoral-election-winner,Municipal executive satellite market; tests local-election forecasting.,needs_v7_topic_gated_resolution,appears_ok_from_paste,appears_clear_from_paste,Expanded to all visible candidate outcomes.,,,,,,,,,,,,,,,,,,,,,,,,Reset after v6 wrong auto-match; rerun with v7 topic/outcome gates.,toronto|mayor,brad|bradford,,RESET_FOR_V7
189,RSO-0189,35,Toronto Mayoral Election Winner,Toronto Mayoral Election Winner — Michael Ford,Will Michael Ford win the Toronto mayoral election?,Will Michael Ford win the Toronto mayoral election?,Canada,global_satellite,municipal,toronto_mayor_2026,tracked,global_satellite,multi_outcome_contract,3,Michael Ford,TODO_VERIFY,will-michael-ford-win-the-toronto-mayoral-election,toronto-mayoral-election-winner,Municipal executive satellite market; tests local-election forecasting.,needs_v7_topic_gated_resolution,appears_ok_from_paste,appears_clear_from_paste,Expanded to all visible candidate outcomes.,,,,,,,,,,,,,,,,,,,,,,,,Reset after v6 wrong auto-match; rerun with v7 topic/outcome gates.,toronto|mayor,michael|ford,,RESET_FOR_V7
190,RSO-0190,35,Toronto Mayoral Election Winner,Toronto Mayoral Election Winner — Anthony Furey,Will Anthony Furey win the Toronto mayoral election?,Will Anthony Furey win the Toronto mayoral election?,Canada,global_satellite,municipal,toronto_mayor_2026,tracked,global_satellite,multi_outcome_contract,4,Anthony Furey,TODO_VERIFY,will-anthony-furey-win-the-toronto-mayoral-election,toronto-mayoral-election-winner,Municipal executive satellite market; tests local-election forecasting.,needs_v7_topic_gated_resolution,appears_ok_from_paste,appears_clear_from_paste,Expanded to all visible candidate outcomes.,,,,,,,,,,,,,,,,,,,,,,,,Reset after v6 wrong auto-match; rerun with v7 topic/outcome gates.,toronto|mayor,anthony|furey,,RESET_FOR_V7
191,RSO-0191,35,Toronto Mayoral Election Winner,Toronto Mayoral Election Winner — Kevin Clarke,Will Kevin Clarke win the Toronto mayoral election?,Will Kevin Clarke win the Toronto mayoral election?,Canada,global_satellite,municipal,toronto_mayor_2026,tracked,global_satellite,multi_outcome_contract,5,Kevin Clarke,TODO_VERIFY,will-kevin-clarke-win-the-toronto-mayoral-election,toronto-mayoral-election-winner,Municipal executive satellite market; tests local-election forecasting.,needs_v7_topic_gated_resolution,appears_ok_from_paste,appears_clear_from_paste,Expanded to all visible candidate outcomes.,,,,,,,,,,,,,,,,,,,,,,,,Reset after v6 wrong auto-match; rerun with v7 topic/outcome gates.,toronto|mayor,kevin|clarke,,RESET_FOR_V7
192,RSO-0192,35,Toronto Mayoral Election Winner,Toronto Mayoral Election Winner — Ana Bailão,Will Ana Bailão win the Toronto mayoral election?,Will Ana Bailão win the Toronto mayoral election?,Canada,global_satellite,municipal,toronto_mayor_2026,tracked,global_satellite,multi_outcome_contract,6,Ana Bailão,TODO_VERIFY,will-ana-bailao-win-the-toronto-mayoral-election,toronto-mayoral-election-winner,Municipal executive satellite market; tests local-election forecasting.,needs_v7_topic_gated_resolution,appears_ok_from_paste,appears_clear_from_paste,Expanded to all visible candidate outcomes.,,,,,,,,,,,,,,,,,,,,,,,,Reset after v6 wrong auto-match; rerun with v7 topic/outcome gates.,toronto|mayor,ana|bailao|bailão,,RESET_FOR_V7
193,RSO-0193,35,Toronto Mayoral Election Winner,Toronto Mayoral Election Winner — Marco Mendicino,Will Marco Mendicino win the Toronto mayoral election?,Will Marco Mendicino win the Toronto mayoral election?,Canada,global_satellite,municipal,toronto_mayor_2026,tracked,global_satellite,multi_outcome_contract,7,Marco Mendicino,TODO_VERIFY,will-marco-mendicino-win-the-toronto-mayoral-election,toronto-mayoral-election-winner,Municipal executive satellite market; tests local-election forecasting.,needs_v7_topic_gated_resolution,appears_ok_from_paste,appears_clear_from_paste,Expanded to all visible candidate outcomes.,,,,,,,,,,,,,,,,,,,,,,,,Reset after v6 wrong auto-match; rerun with v7 topic/outcome gates.,toronto|mayor,marco|mendicino,,RESET_FOR_V7
194,RSO-0194,35,Toronto Mayoral Election Winner,Toronto Mayoral Election Winner — John Tory,Will John Tory win the Toronto mayoral election?,Will John Tory win the Toronto mayoral election?,Canada,global_satellite,municipal,toronto_mayor_2026,tracked,global_satellite,multi_outcome_contract,8,John Tory,TODO_VERIFY,will-john-tory-win-the-toronto-mayoral-election,toronto-mayoral-election-winner,Municipal executive satellite market; tests local-election forecasting.,needs_v7_topic_gated_resolution,appears_ok_from_paste,appears_clear_from_paste,Expanded to all visible candidate outcomes.,,,,,,,,,,,,,,,,,,,,,,,,Reset after v6 wrong auto-match; rerun with v7 topic/outcome gates.,toronto|mayor,john|tory,,RESET_FOR_V7
195,RSO-0195,36,Vancouver Mayoral Election Winner,Vancouver Mayoral Election Winner — Kareem Allam,Will Kareem Allam win the 2026 Vancouver mayoral election?,Will Kareem Allam win the Vancouver Mayoral Election?,Canada,global_satellite,municipal,vancouver_mayor_2026,tracked,global_satellite,multi_outcome_contract,1,Kareem Allam,will-kareem-allam-win-the-2026-vancouver-mayoral-election,will-kareem-allam-win-the-vancouver-mayoral-election,vancouver-mayoral-election-winner,Municipal executive satellite market; tests local-election forecasting outside Toronto.,needs_slug_clob_verification,appears_ok_from_paste,appears_clear_from_paste,Expanded to all visible candidate outcomes.,1822538,334208,0x574baadddd5ff73355480351a6b067f762d4ad18ffdd619aa99253820b691845,"The 2026 Vancouver mayoral election is currently scheduled to be held on October 17, 2026.

This market will resolve according to the candidate who becomes the next mayor of Vancouver as a result of this election.

Temporary, interim, or placeholder mayors appointed before the election will not be considered.

If the result of this election isn't known by June 30, 2027, 11:59 PM ET, the market will resolve to ""Other"".

The primary resolution source for this market will be a consensus of credible reporting; however, if there is any ambiguity in the results, this market will resolve according to official information from Vancouver.",,,2026-10-17T00:00:00Z,true,false,,false,true,"[""Yes"",""No""]","[""26257276801096346957332519016128429811617766878511321705942973043558702764580"",""1186260073309221217323984968100171416238029289151733439196891698877052191784""]","{""Yes"":""26257276801096346957332519016128429811617766878511321705942973043558702764580"",""No"":""1186260073309221217323984968100171416238029289151733439196891698877052191784""}",26257276801096346957332519016128429811617766878511321705942973043558702764580,1186260073309221217323984968100171416238029289151733439196891698877052191784,37884.66411500004,18292.6904,https://polymarket.com/event/will-kareem-allam-win-the-2026-vancouver-mayoral-election,VERIFIED_READY,2026-06-25T20:34:08+00:00,"[{""score"":1.2402,""id"":""1822538"",""slug"":""will-kareem-allam-win-the-2026-vancouver-mayoral-election"",""question"":""Will Kareem Allam win the 2026 Vancouver mayoral election?"",""event_title"":""Vancouver Mayoral Election Winner"",""endDate"":""2026-10-17T00:00:00Z"",""volume"":""37884.66411500004"",""source"":""events_slug_path"",""active"":true,""closed"":false},{""score"":1.1299,""id"":""1822537"",""slug"":""will-ken-sim-win-the-2026-vancouver-mayoral-election"",""question"":""Will Ken Sim win the 2026 Vancouver mayoral election?"",""event_title"":""Vancouver Mayoral Election Winner"",""endDate"":""2026-10-17T00:00:00Z"",""volume"":""17381.225903999883"",""source"":""events_slug_path"",""active"":true,""closed"":false},{""score"":1.1127,""id"":""1822540"",""slug"":""will-kirk-lapointe-win-the-2026-vancouver-mayoral-election"",""question"":""Will Kirk LaPointe win the 2026 Vancouver mayoral election?"",""event_title"":""Vancouver Mayoral Election Winner"",""endDate"":""2026-10-17T00:00:00Z"",""volume"":""1904.7652330000005"",""source"":""events_slug_path"",""active"":true,""closed"":false},{""score"":1.1126,""id"":""1822541"",""slug"":""will-rebecca-bligh-win-the-2026-vancouver-mayoral-election"",""question"":""Will Rebecca Bligh win the 2026 Vancouver mayoral election?"",""event_title"":""Vancouver Mayoral Election Winner"",""endDate"":""2026-10-17T00:00:00Z"",""volume"":""2808.1913940000018"",""source"":""events_slug_path"",""active"":true,""closed"":false},{""score"":1.1094,""id"":""1822546"",""slug"":""will-tim-louis-win-the-2026-vancouver-mayoral-election"",""question"":""Will Tim Louis win the 2026 Vancouver mayoral election?"",""event_title"":""Vancouver Mayoral Election Winner"",""endDate"":""2026-10-17T00:00:00Z"",""volume"":""5056.587481999998"",""source"":""events_slug_path"",""active"":true,""closed"":false}]",AUTO_ACCEPTED: accepted rank=1 score=1.2402 top=1.2402 second=1.1299; score/margin guardrails disabled,,Kareem Allam,,KEPT
196,RSO-0196,36,Vancouver Mayoral Election Winner,Vancouver Mayoral Election Winner — Ken Sim,Will Ken Sim win the 2026 Vancouver mayoral election?,Will Ken Sim win the Vancouver Mayoral Election?,Canada,global_satellite,municipal,vancouver_mayor_2026,tracked,global_satellite,multi_outcome_contract,2,Ken Sim,will-ken-sim-win-the-2026-vancouver-mayoral-election,will-ken-sim-win-the-vancouver-mayoral-election,vancouver-mayoral-election-winner,Municipal executive satellite market; tests local-election forecasting outside Toronto.,needs_slug_clob_verification,appears_ok_from_paste,appears_clear_from_paste,Expanded to all visible candidate outcomes.,1822537,334208,0x010f3f24ab463669b4d3dee775864db64b2441f8fa7a34725765ff0d7c667ec8,"The 2026 Vancouver mayoral election is currently scheduled to be held on October 17, 2026.

This market will resolve according to the candidate who becomes the next mayor of Vancouver as a result of this election.

Temporary, interim, or placeholder mayors appointed before the election will not be considered.

If the result of this election isn't known by June 30, 2027, 11:59 PM ET, the market will resolve to ""Other"".

The primary resolution source for this market will be a consensus of credible reporting; however, if there is any ambiguity in the results, this market will resolve according to official information from Vancouver.",,,2026-10-17T00:00:00Z,true,false,,false,true,"[""Yes"",""No""]","[""55421587332814534239358077591902196885687853452852663013735389584714403285544"",""111272883493480634009508160086723066841750221891316350449365694913559885669363""]","{""Yes"":""55421587332814534239358077591902196885687853452852663013735389584714403285544"",""No"":""111272883493480634009508160086723066841750221891316350449365694913559885669363""}",55421587332814534239358077591902196885687853452852663013735389584714403285544,111272883493480634009508160086723066841750221891316350449365694913559885669363,17381.225903999883,12325.8447,https://polymarket.com/event/will-ken-sim-win-the-2026-vancouver-mayoral-election,VERIFIED_READY,2026-06-25T20:34:11+00:00,"[{""score"":1.2387,""id"":""1822537"",""slug"":""will-ken-sim-win-the-2026-vancouver-mayoral-election"",""question"":""Will Ken Sim win the 2026 Vancouver mayoral election?"",""event_title"":""Vancouver Mayoral Election Winner"",""endDate"":""2026-10-17T00:00:00Z"",""volume"":""17381.225903999883"",""source"":""events_slug_path"",""active"":true,""closed"":false},{""score"":1.1407,""id"":""1822544"",""slug"":""will-sean-orr-win-the-2026-vancouver-mayoral-election"",""question"":""Will Sean Orr win the 2026 Vancouver mayoral election?"",""event_title"":""Vancouver Mayoral Election Winner"",""endDate"":""2026-10-17T00:00:00Z"",""volume"":""2097.709679000001"",""source"":""events_slug_path"",""active"":true,""closed"":false},{""score"":1.1364,""id"":""1822538"",""slug"":""will-kareem-allam-win-the-2026-vancouver-mayoral-election"",""question"":""Will Kareem Allam win the 2026 Vancouver mayoral election?"",""event_title"":""Vancouver Mayoral Election Winner"",""endDate"":""2026-10-17T00:00:00Z"",""volume"":""37884.66411500004"",""source"":""events_slug_path"",""active"":true,""closed"":false},{""score"":1.131,""id"":""1822542"",""slug"":""will-pete-fry-win-the-2026-vancouver-mayoral-election"",""question"":""Will Pete Fry win the 2026 Vancouver mayoral election?"",""event_title"":""Vancouver Mayoral Election Winner"",""endDate"":""2026-10-17T00:00:00Z"",""volume"":""14913.749874999994"",""source"":""events_slug_path"",""active"":true,""closed"":false},{""score"":1.125,""id"":""1822546"",""slug"":""will-tim-louis-win-the-2026-vancouver-mayoral-election"",""question"":""Will Tim Louis win the 2026 Vancouver mayoral election?"",""event_title"":""Vancouver Mayoral Election Winner"",""endDate"":""2026-10-17T00:00:00Z"",""volume"":""5056.587481999998"",""source"":""events_slug_path"",""active"":true,""closed"":false}]",AUTO_ACCEPTED: accepted rank=1 score=1.2387 top=1.2387 second=1.1407; score/margin guardrails disabled,,Ken Sim,,KEPT
197,RSO-0197,36,Vancouver Mayoral Election Winner,Vancouver Mayoral Election Winner — Pete Fry,Will Pete Fry win the 2026 Vancouver mayoral election?,Will Pete Fry win the Vancouver Mayoral Election?,Canada,global_satellite,municipal,vancouver_mayor_2026,tracked,global_satellite,multi_outcome_contract,3,Pete Fry,will-pete-fry-win-the-2026-vancouver-mayoral-election,will-pete-fry-win-the-vancouver-mayoral-election,vancouver-mayoral-election-winner,Municipal executive satellite market; tests local-election forecasting outside Toronto.,needs_slug_clob_verification,appears_ok_from_paste,appears_clear_from_paste,Expanded to all visible candidate outcomes.,1822542,334208,0x1d4d4b7b17f1649e5a902a91992476263b1be640df547540cf2954bd00df4df8,"The 2026 Vancouver mayoral election is currently scheduled to be held on October 17, 2026.

This market will resolve according to the candidate who becomes the next mayor of Vancouver as a result of this election.

Temporary, interim, or placeholder mayors appointed before the election will not be considered.

If the result of this election isn't known by June 30, 2027, 11:59 PM ET, the market will resolve to ""Other"".

The primary resolution source for this market will be a consensus of credible reporting; however, if there is any ambiguity in the results, this market will resolve according to official information from Vancouver.",,,2026-10-17T00:00:00Z,true,false,,false,true,"[""Yes"",""No""]","[""90282073970311127511205771444554273792281500981661699146096274090779625493121"",""52793018551371387590549600652329983042992956556881061855860375144938187752051""]","{""Yes"":""90282073970311127511205771444554273792281500981661699146096274090779625493121"",""No"":""52793018551371387590549600652329983042992956556881061855860375144938187752051""}",90282073970311127511205771444554273792281500981661699146096274090779625493121,52793018551371387590549600652329983042992956556881061855860375144938187752051,14913.749874999994,22722.48744,https://polymarket.com/event/will-pete-fry-win-the-2026-vancouver-mayoral-election,VERIFIED_READY,2026-06-25T20:34:14+00:00,"[{""score"":1.2392,""id"":""1822542"",""slug"":""will-pete-fry-win-the-2026-vancouver-mayoral-election"",""question"":""Will Pete Fry win the 2026 Vancouver mayoral election?"",""event_title"":""Vancouver Mayoral Election Winner"",""endDate"":""2026-10-17T00:00:00Z"",""volume"":""14913.749874999994"",""source"":""events_slug_path"",""active"":true,""closed"":false},{""score"":1.135,""id"":""1822544"",""slug"":""will-sean-orr-win-the-2026-vancouver-mayoral-election"",""question"":""Will Sean Orr win the 2026 Vancouver mayoral election?"",""event_title"":""Vancouver Mayoral Election Winner"",""endDate"":""2026-10-17T00:00:00Z"",""volume"":""2097.709679000001"",""source"":""events_slug_path"",""active"":true,""closed"":false},{""score"":1.1294,""id"":""1822537"",""slug"":""will-ken-sim-win-the-2026-vancouver-mayoral-election"",""question"":""Will Ken Sim win the 2026 Vancouver mayoral election?"",""event_title"":""Vancouver Mayoral Election Winner"",""endDate"":""2026-10-17T00:00:00Z"",""volume"":""17381.225903999883"",""source"":""events_slug_path"",""active"":true,""closed"":false},{""score"":1.1199,""id"":""1822538"",""slug"":""will-kareem-allam-win-the-2026-vancouver-mayoral-election"",""question"":""Will Kareem Allam win the 2026 Vancouver mayoral election?"",""event_title"":""Vancouver Mayoral Election Winner"",""endDate"":""2026-10-17T00:00:00Z"",""volume"":""37884.66411500004"",""source"":""events_slug_path"",""active"":true,""closed"":false},{""score"":1.1195,""id"":""1822546"",""slug"":""will-tim-louis-win-the-2026-vancouver-mayoral-election"",""question"":""Will Tim Louis win the 2026 Vancouver mayoral election?"",""event_title"":""Vancouver Mayoral Election Winner"",""endDate"":""2026-10-17T00:00:00Z"",""volume"":""5056.587481999998"",""source"":""events_slug_path"",""active"":true,""closed"":false}]",AUTO_ACCEPTED: accepted rank=1 score=1.2392 top=1.2392 second=1.1350; score/margin guardrails disabled,,Pete Fry,,KEPT
198,RSO-0198,36,Vancouver Mayoral Election Winner,Vancouver Mayoral Election Winner — William Azaroff,Will William Azaroff win the 2026 Vancouver mayoral election?,Will William Azaroff win the Vancouver Mayoral Election?,Canada,global_satellite,municipal,vancouver_mayor_2026,tracked,global_satellite,multi_outcome_contract,4,William Azaroff,will-william-azaroff-win-the-2026-vancouver-mayoral-election,will-william-azaroff-win-the-vancouver-mayoral-election,vancouver-mayoral-election-winner,Municipal executive satellite market; tests local-election forecasting outside Toronto.,needs_slug_clob_verification,appears_ok_from_paste,appears_clear_from_paste,Expanded to all visible candidate outcomes.,1822543,334208,0xe3a2415eb9cd17f05d6b26a4a4ee6e2b17c6dbf60b99c0ad2ca79a6a1e9c4a03,"The 2026 Vancouver mayoral election is currently scheduled to be held on October 17, 2026.

This market will resolve according to the candidate who becomes the next mayor of Vancouver as a result of this election.

Temporary, interim, or placeholder mayors appointed before the election will not be considered.

If the result of this election isn't known by June 30, 2027, 11:59 PM ET, the market will resolve to ""Other"".

The primary resolution source for this market will be a consensus of credible reporting; however, if there is any ambiguity in the results, this market will resolve according to official information from Vancouver.",,,2026-10-17T00:00:00Z,true,false,,false,true,"[""Yes"",""No""]","[""59726996494827119492375424935770676929797925414434705899404676444699590377932"",""69338217979260361231126361480504605168483220030151740171567397699541252962389""]","{""Yes"":""59726996494827119492375424935770676929797925414434705899404676444699590377932"",""No"":""69338217979260361231126361480504605168483220030151740171567397699541252962389""}",59726996494827119492375424935770676929797925414434705899404676444699590377932,69338217979260361231126361480504605168483220030151740171567397699541252962389,5164.08155,20833.6301,https://polymarket.com/event/will-william-azaroff-win-the-2026-vancouver-mayoral-election,VERIFIED_READY,2026-06-25T20:34:17+00:00,"[{""score"":1.2365,""id"":""1822543"",""slug"":""will-william-azaroff-win-the-2026-vancouver-mayoral-election"",""question"":""Will William Azaroff win the 2026 Vancouver mayoral election?"",""event_title"":""Vancouver Mayoral Election Winner"",""endDate"":""2026-10-17T00:00:00Z"",""volume"":""5164.08155"",""source"":""events_slug_path"",""active"":true,""closed"":false},{""score"":1.1058,""id"":""1822538"",""slug"":""will-kareem-allam-win-the-2026-vancouver-mayoral-election"",""question"":""Will Kareem Allam win the 2026 Vancouver mayoral election?"",""event_title"":""Vancouver Mayoral Election Winner"",""endDate"":""2026-10-17T00:00:00Z"",""volume"":""37884.66411500004"",""source"":""events_slug_path"",""active"":true,""closed"":false},{""score"":1.105,""id"":""1822546"",""slug"":""will-tim-louis-win-the-2026-vancouver-mayoral-election"",""question"":""Will Tim Louis win the 2026 Vancouver mayoral election?"",""event_title"":""Vancouver Mayoral Election Winner"",""endDate"":""2026-10-17T00:00:00Z"",""volume"":""5056.587481999998"",""source"":""events_slug_path"",""active"":true,""closed"":false},{""score"":1.0979,""id"":""1822544"",""slug"":""will-sean-orr-win-the-2026-vancouver-mayoral-election"",""question"":""Will Sean Orr win the 2026 Vancouver mayoral election?"",""event_title"":""Vancouver Mayoral Election Winner"",""endDate"":""2026-10-17T00:00:00Z"",""volume"":""2097.709679000001"",""source"":""events_slug_path"",""active"":true,""closed"":false},{""score"":1.094,""id"":""1822547"",""slug"":""will-amanda-burrows-win-the-2026-vancouver-mayoral-election"",""question"":""Will Amanda Burrows win the 2026 Vancouver mayoral election?"",""event_title"":""Vancouver Mayoral Election Winner"",""endDate"":""2026-10-17T00:00:00Z"",""volume"":""1805.862233"",""source"":""events_slug_path"",""active"":true,""closed"":false}]",AUTO_ACCEPTED: accepted rank=1 score=1.2365 top=1.2365 second=1.1058; score/margin guardrails disabled,,William Azaroff,,KEPT
199,RSO-0199,36,Vancouver Mayoral Election Winner,Vancouver Mayoral Election Winner — Colleen Hardwick,Will Colleen Hardwick win the 2026 Vancouver mayoral election?,Will Colleen Hardwick win the Vancouver Mayoral Election?,Canada,global_satellite,municipal,vancouver_mayor_2026,tracked,global_satellite,multi_outcome_contract,5,Colleen Hardwick,will-colleen-hardwick-win-the-2026-vancouver-mayoral-election,will-colleen-hardwick-win-the-vancouver-mayoral-election,vancouver-mayoral-election-winner,Municipal executive satellite market; tests local-election forecasting outside Toronto.,needs_slug_clob_verification,appears_ok_from_paste,appears_clear_from_paste,Expanded to all visible candidate outcomes.,1822545,334208,0x668ccbcc382ed1e8771012e84ab96cd313a7fc9d1896839257bfee5478dacc22,"The 2026 Vancouver mayoral election is currently scheduled to be held on October 17, 2026.

This market will resolve according to the candidate who becomes the next mayor of Vancouver as a result of this election.

Temporary, interim, or placeholder mayors appointed before the election will not be considered.

If the result of this election isn't known by June 30, 2027, 11:59 PM ET, the market will resolve to ""Other"".

The primary resolution source for this market will be a consensus of credible reporting; however, if there is any ambiguity in the results, this market will resolve according to official information from Vancouver.",,,2026-10-17T00:00:00Z,true,false,,false,true,"[""Yes"",""No""]","[""89769310711474760533294537071154855786894917447221789743554779027918597781074"",""48559247704896345296269227570677146450120067156589927481187648673369423868163""]","{""Yes"":""89769310711474760533294537071154855786894917447221789743554779027918597781074"",""No"":""48559247704896345296269227570677146450120067156589927481187648673369423868163""}",89769310711474760533294537071154855786894917447221789743554779027918597781074,48559247704896345296269227570677146450120067156589927481187648673369423868163,2671.836336000002,18948.58436,https://polymarket.com/event/will-colleen-hardwick-win-the-2026-vancouver-mayoral-election,VERIFIED_READY,2026-06-25T20:34:20+00:00,"[{""score"":1.2358,""id"":""1822545"",""slug"":""will-colleen-hardwick-win-the-2026-vancouver-mayoral-election"",""question"":""Will Colleen Hardwick win the 2026 Vancouver mayoral election?"",""event_title"":""Vancouver Mayoral Election Winner"",""endDate"":""2026-10-17T00:00:00Z"",""volume"":""2671.836336000002"",""source"":""events_slug_path"",""active"":true,""closed"":false},{""score"":1.1175,""id"":""1822548"",""slug"":""will-fred-harding-win-the-2026-vancouver-mayoral-election"",""question"":""Will Fred Harding win the 2026 Vancouver mayoral election?"",""event_title"":""Vancouver Mayoral Election Winner"",""endDate"":""2026-10-17T00:00:00Z"",""volume"":""1819.1082519999998"",""source"":""events_slug_path"",""active"":true,""closed"":false},{""score"":1.109,""id"":""1822537"",""slug"":""will-ken-sim-win-the-2026-vancouver-mayoral-election"",""question"":""Will Ken Sim win the 2026 Vancouver mayoral election?"",""event_title"":""Vancouver Mayoral Election Winner"",""endDate"":""2026-10-17T00:00:00Z"",""volume"":""17381.225903999883"",""source"":""events_slug_path"",""active"":true,""closed"":false},{""score"":1.1054,""id"":""1822542"",""slug"":""will-pete-fry-win-the-2026-vancouver-mayoral-election"",""question"":""Will Pete Fry win the 2026 Vancouver mayoral election?"",""event_title"":""Vancouver Mayoral Election Winner"",""endDate"":""2026-10-17T00:00:00Z"",""volume"":""14913.749874999994"",""source"":""events_slug_path"",""active"":true,""closed"":false},{""score"":1.1036,""id"":""1822544"",""slug"":""will-sean-orr-win-the-2026-vancouver-mayoral-election"",""question"":""Will Sean Orr win the 2026 Vancouver mayoral election?"",""event_title"":""Vancouver Mayoral Election Winner"",""endDate"":""2026-10-17T00:00:00Z"",""volume"":""2097.709679000001"",""source"":""events_slug_path"",""active"":true,""closed"":false}]",AUTO_ACCEPTED: accepted rank=1 score=1.2358 top=1.2358 second=1.1175; score/margin guardrails disabled,,Colleen Hardwick,,KEPT
200,RSO-0200,36,Vancouver Mayoral Election Winner,Vancouver Mayoral Election Winner — John Coupar,Will John Coupar win the 2026 Vancouver mayoral election?,Will John Coupar win the Vancouver Mayoral Election?,Canada,global_satellite,municipal,vancouver_mayor_2026,tracked,global_satellite,multi_outcome_contract,6,John Coupar,will-john-coupar-win-the-2026-vancouver-mayoral-election,will-john-coupar-win-the-vancouver-mayoral-election,vancouver-mayoral-election-winner,Municipal executive satellite market; tests local-election forecasting outside Toronto.,needs_slug_clob_verification,appears_ok_from_paste,appears_clear_from_paste,Expanded to all visible candidate outcomes.,1822539,334208,0x495d7107985ea26bd6b84c32701b3d071f2fe56235a51b8c707cfeef3112ace6,"The 2026 Vancouver mayoral election is currently scheduled to be held on October 17, 2026.

This market will resolve according to the candidate who becomes the next mayor of Vancouver as a result of this election.

Temporary, interim, or placeholder mayors appointed before the election will not be considered.

If the result of this election isn't known by June 30, 2027, 11:59 PM ET, the market will resolve to ""Other"".

The primary resolution source for this market will be a consensus of credible reporting; however, if there is any ambiguity in the results, this market will resolve according to official information from Vancouver.",,,2026-10-17T00:00:00Z,true,false,,false,true,"[""Yes"",""No""]","[""91011732195192715119336195106293107937750786695864847014700597796293873409000"",""53792570238994491095307824181171021976676232394522610078418074931740226061960""]","{""Yes"":""91011732195192715119336195106293107937750786695864847014700597796293873409000"",""No"":""53792570238994491095307824181171021976676232394522610078418074931740226061960""}",91011732195192715119336195106293107937750786695864847014700597796293873409000,53792570238994491095307824181171021976676232394522610078418074931740226061960,3198.2247890000012,19670.86432,https://polymarket.com/event/will-john-coupar-win-the-2026-vancouver-mayoral-election,VERIFIED_READY,2026-06-25T20:34:22+00:00,"[{""score"":1.2371,""id"":""1822539"",""slug"":""will-john-coupar-win-the-2026-vancouver-mayoral-election"",""question"":""Will John Coupar win the 2026 Vancouver mayoral election?"",""event_title"":""Vancouver Mayoral Election Winner"",""endDate"":""2026-10-17T00:00:00Z"",""volume"":""3198.2247890000012"",""source"":""events_slug_path"",""active"":true,""closed"":false},{""score"":1.1296,""id"":""1822544"",""slug"":""will-sean-orr-win-the-2026-vancouver-mayoral-election"",""question"":""Will Sean Orr win the 2026 Vancouver mayoral election?"",""event_title"":""Vancouver Mayoral Election Winner"",""endDate"":""2026-10-17T00:00:00Z"",""volume"":""2097.709679000001"",""source"":""events_slug_path"",""active"":true,""closed"":false},{""score"":1.1146,""id"":""1822546"",""slug"":""will-tim-louis-win-the-2026-vancouver-mayoral-election"",""question"":""Will Tim Louis win the 2026 Vancouver mayoral election?"",""event_title"":""Vancouver Mayoral Election Winner"",""endDate"":""2026-10-17T00:00:00Z"",""volume"":""5056.587481999998"",""source"":""events_slug_path"",""active"":true,""closed"":false},{""score"":1.1129,""id"":""1822537"",""slug"":""will-ken-sim-win-the-2026-vancouver-mayoral-election"",""question"":""Will Ken Sim win the 2026 Vancouver mayoral election?"",""event_title"":""Vancouver Mayoral Election Winner"",""endDate"":""2026-10-17T00:00:00Z"",""volume"":""17381.225903999883"",""source"":""events_slug_path"",""active"":true,""closed"":false},{""score"":1.1091,""id"":""1822542"",""slug"":""will-pete-fry-win-the-2026-vancouver-mayoral-election"",""question"":""Will Pete Fry win the 2026 Vancouver mayoral election?"",""event_title"":""Vancouver Mayoral Election Winner"",""endDate"":""2026-10-17T00:00:00Z"",""volume"":""14913.749874999994"",""source"":""events_slug_path"",""active"":true,""closed"":false}]",AUTO_ACCEPTED: accepted rank=1 score=1.2371 top=1.2371 second=1.1296; score/margin guardrails disabled,,John Coupar,,KEPT
201,RSO-0201,36,Vancouver Mayoral Election Winner,Vancouver Mayoral Election Winner — Rebecca Bligh,Will Rebecca Bligh win the 2026 Vancouver mayoral election?,Will Rebecca Bligh win the Vancouver Mayoral Election?,Canada,global_satellite,municipal,vancouver_mayor_2026,tracked,global_satellite,multi_outcome_contract,7,Rebecca Bligh,will-rebecca-bligh-win-the-2026-vancouver-mayoral-election,will-rebecca-bligh-win-the-vancouver-mayoral-election,vancouver-mayoral-election-winner,Municipal executive satellite market; tests local-election forecasting outside Toronto.,needs_slug_clob_verification,appears_ok_from_paste,appears_clear_from_paste,Expanded to all visible candidate outcomes.,1822541,334208,0xcb3a9ca91633c58ea4886b82edb537de4c7626197878e9768272a8bdeafd73bd,"The 2026 Vancouver mayoral election is currently scheduled to be held on October 17, 2026.

This market will resolve according to the candidate who becomes the next mayor of Vancouver as a result of this election.

Temporary, interim, or placeholder mayors appointed before the election will not be considered.

If the result of this election isn't known by June 30, 2027, 11:59 PM ET, the market will resolve to ""Other"".

The primary resolution source for this market will be a consensus of credible reporting; however, if there is any ambiguity in the results, this market will resolve according to official information from Vancouver.",,,2026-10-17T00:00:00Z,true,false,,false,true,"[""Yes"",""No""]","[""14579945643291992769462285990958948598366227043675702054810459943164919524702"",""105193209080302099515017791501198913085589734748595852470145892048673675382620""]","{""Yes"":""14579945643291992769462285990958948598366227043675702054810459943164919524702"",""No"":""105193209080302099515017791501198913085589734748595852470145892048673675382620""}",14579945643291992769462285990958948598366227043675702054810459943164919524702,105193209080302099515017791501198913085589734748595852470145892048673675382620,2808.1913940000018,15825.08486,https://polymarket.com/event/will-rebecca-bligh-win-the-2026-vancouver-mayoral-election,VERIFIED_READY,2026-06-25T20:34:25+00:00,"[{""score"":1.2362,""id"":""1822541"",""slug"":""will-rebecca-bligh-win-the-2026-vancouver-mayoral-election"",""question"":""Will Rebecca Bligh win the 2026 Vancouver mayoral election?"",""event_title"":""Vancouver Mayoral Election Winner"",""endDate"":""2026-10-17T00:00:00Z"",""volume"":""2808.1913940000018"",""source"":""events_slug_path"",""active"":true,""closed"":false},{""score"":1.1156,""id"":""1822538"",""slug"":""will-kareem-allam-win-the-2026-vancouver-mayoral-election"",""question"":""Will Kareem Allam win the 2026 Vancouver mayoral election?"",""event_title"":""Vancouver Mayoral Election Winner"",""endDate"":""2026-10-17T00:00:00Z"",""volume"":""37884.66411500004"",""source"":""events_slug_path"",""active"":true,""closed"":false},{""score"":1.1135,""id"":""1822537"",""slug"":""will-ken-sim-win-the-2026-vancouver-mayoral-election"",""question"":""Will Ken Sim win the 2026 Vancouver mayoral election?"",""event_title"":""Vancouver Mayoral Election Winner"",""endDate"":""2026-10-17T00:00:00Z"",""volume"":""17381.225903999883"",""source"":""events_slug_path"",""active"":true,""closed"":false},{""score"":1.1116,""id"":""1822548"",""slug"":""will-fred-harding-win-the-2026-vancouver-mayoral-election"",""question"":""Will Fred Harding win the 2026 Vancouver mayoral election?"",""event_title"":""Vancouver Mayoral Election Winner"",""endDate"":""2026-10-17T00:00:00Z"",""volume"":""1819.1082519999998"",""source"":""events_slug_path"",""active"":true,""closed"":false},{""score"":1.1043,""id"":""1822546"",""slug"":""will-tim-louis-win-the-2026-vancouver-mayoral-election"",""question"":""Will Tim Louis win the 2026 Vancouver mayoral election?"",""event_title"":""Vancouver Mayoral Election Winner"",""endDate"":""2026-10-17T00:00:00Z"",""volume"":""5056.587481999998"",""source"":""events_slug_path"",""active"":true,""closed"":false}]",AUTO_ACCEPTED: accepted rank=1 score=1.2362 top=1.2362 second=1.1156; score/margin guardrails disabled,,Rebecca Bligh,,KEPT
202,RSO-0202,36,Vancouver Mayoral Election Winner,Vancouver Mayoral Election Winner — Sean Orr,Will Sean Orr win the 2026 Vancouver mayoral election?,Will Sean Orr win the Vancouver Mayoral Election?,Canada,global_satellite,municipal,vancouver_mayor_2026,tracked,global_satellite,multi_outcome_contract,8,Sean Orr,will-sean-orr-win-the-2026-vancouver-mayoral-election,will-sean-orr-win-the-vancouver-mayoral-election,vancouver-mayoral-election-winner,Municipal executive satellite market; tests local-election forecasting outside Toronto.,needs_slug_clob_verification,appears_ok_from_paste,appears_clear_from_paste,Expanded to all visible candidate outcomes.,1822544,334208,0x2dd43d4fa975429df4e05c74fbf4138bbe7698f5de150534904f149704b74bef,"The 2026 Vancouver mayoral election is currently scheduled to be held on October 17, 2026.

This market will resolve according to the candidate who becomes the next mayor of Vancouver as a result of this election.

Temporary, interim, or placeholder mayors appointed before the election will not be considered.

If the result of this election isn't known by June 30, 2027, 11:59 PM ET, the market will resolve to ""Other"".

The primary resolution source for this market will be a consensus of credible reporting; however, if there is any ambiguity in the results, this market will resolve according to official information from Vancouver.",,,2026-10-17T00:00:00Z,true,false,,false,true,"[""Yes"",""No""]","[""55250911016773637907503451689730410882595282732598649757892146244267780207014"",""2078179734614398344046629585864031379220908079508657932768589504546124107643""]","{""Yes"":""55250911016773637907503451689730410882595282732598649757892146244267780207014"",""No"":""2078179734614398344046629585864031379220908079508657932768589504546124107643""}",55250911016773637907503451689730410882595282732598649757892146244267780207014,2078179734614398344046629585864031379220908079508657932768589504546124107643,2097.709679000001,16938.33909,https://polymarket.com/event/will-sean-orr-win-the-2026-vancouver-mayoral-election,VERIFIED_READY,2026-06-25T20:34:28+00:00,"[{""score"":1.2374,""id"":""1822544"",""slug"":""will-sean-orr-win-the-2026-vancouver-mayoral-election"",""question"":""Will Sean Orr win the 2026 Vancouver mayoral election?"",""event_title"":""Vancouver Mayoral Election Winner"",""endDate"":""2026-10-17T00:00:00Z"",""volume"":""2097.709679000001"",""source"":""events_slug_path"",""active"":true,""closed"":false},{""score"":1.141,""id"":""1822537"",""slug"":""will-ken-sim-win-the-2026-vancouver-mayoral-election"",""question"":""Will Ken Sim win the 2026 Vancouver mayoral election?"",""event_title"":""Vancouver Mayoral Election Winner"",""endDate"":""2026-10-17T00:00:00Z"",""volume"":""17381.225903999883"",""source"":""events_slug_path"",""active"":true,""closed"":false},{""score"":1.1368,""id"":""1822542"",""slug"":""will-pete-fry-win-the-2026-vancouver-mayoral-election"",""question"":""Will Pete Fry win the 2026 Vancouver mayoral election?"",""event_title"":""Vancouver Mayoral Election Winner"",""endDate"":""2026-10-17T00:00:00Z"",""volume"":""14913.749874999994"",""source"":""events_slug_path"",""active"":true,""closed"":false},{""score"":1.1322,""id"":""1822539"",""slug"":""will-john-coupar-win-the-2026-vancouver-mayoral-election"",""question"":""Will John Coupar win the 2026 Vancouver mayoral election?"",""event_title"":""Vancouver Mayoral Election Winner"",""endDate"":""2026-10-17T00:00:00Z"",""volume"":""3198.2247890000012"",""source"":""events_slug_path"",""active"":true,""closed"":false},{""score"":1.129,""id"":""1822547"",""slug"":""will-amanda-burrows-win-the-2026-vancouver-mayoral-election"",""question"":""Will Amanda Burrows win the 2026 Vancouver mayoral election?"",""event_title"":""Vancouver Mayoral Election Winner"",""endDate"":""2026-10-17T00:00:00Z"",""volume"":""1805.862233"",""source"":""events_slug_path"",""active"":true,""closed"":false}]",AUTO_ACCEPTED: accepted rank=1 score=1.2374 top=1.2374 second=1.1410; score/margin guardrails disabled,,Sean Orr,,KEPT
203,RSO-0203,36,Vancouver Mayoral Election Winner,Vancouver Mayoral Election Winner — Amanda Burrows,Will Amanda Burrows win the 2026 Vancouver mayoral election?,Will Amanda Burrows win the Vancouver Mayoral Election?,Canada,global_satellite,municipal,vancouver_mayor_2026,tracked,global_satellite,multi_outcome_contract,9,Amanda Burrows,will-amanda-burrows-win-the-2026-vancouver-mayoral-election,will-amanda-burrows-win-the-vancouver-mayoral-election,vancouver-mayoral-election-winner,Municipal executive satellite market; tests local-election forecasting outside Toronto.,needs_slug_clob_verification,appears_ok_from_paste,appears_clear_from_paste,Expanded to all visible candidate outcomes.,1822547,334208,0x2cdf238bcbdf2a11f0ea507ec464f4683e242e8eea089ff7e5f712dc25275113,"The 2026 Vancouver mayoral election is currently scheduled to be held on October 17, 2026.

This market will resolve according to the candidate who becomes the next mayor of Vancouver as a result of this election.

Temporary, interim, or placeholder mayors appointed before the election will not be considered.

If the result of this election isn't known by June 30, 2027, 11:59 PM ET, the market will resolve to ""Other"".

The primary resolution source for this market will be a consensus of credible reporting; however, if there is any ambiguity in the results, this market will resolve according to official information from Vancouver.",,,2026-10-17T00:00:00Z,true,false,,false,true,"[""Yes"",""No""]","[""34427843948073824399247957635699582356193274913723486055708035745739439032182"",""4523149047610337803744582624418583928482604722814484709500607262551927377098""]","{""Yes"":""34427843948073824399247957635699582356193274913723486055708035745739439032182"",""No"":""4523149047610337803744582624418583928482604722814484709500607262551927377098""}",34427843948073824399247957635699582356193274913723486055708035745739439032182,4523149047610337803744582624418583928482604722814484709500607262551927377098,1805.862233,17922.87783,https://polymarket.com/event/will-amanda-burrows-win-the-2026-vancouver-mayoral-election,VERIFIED_READY,2026-06-25T20:34:31+00:00,"[{""score"":1.2361,""id"":""1822547"",""slug"":""will-amanda-burrows-win-the-2026-vancouver-mayoral-election"",""question"":""Will Amanda Burrows win the 2026 Vancouver mayoral election?"",""event_title"":""Vancouver Mayoral Election Winner"",""endDate"":""2026-10-17T00:00:00Z"",""volume"":""1805.862233"",""source"":""events_slug_path"",""active"":true,""closed"":false},{""score"":1.1245,""id"":""1822544"",""slug"":""will-sean-orr-win-the-2026-vancouver-mayoral-election"",""question"":""Will Sean Orr win the 2026 Vancouver mayoral election?"",""event_title"":""Vancouver Mayoral Election Winner"",""endDate"":""2026-10-17T00:00:00Z"",""volume"":""2097.709679000001"",""source"":""events_slug_path"",""active"":true,""closed"":false},{""score"":1.11,""id"":""1822546"",""slug"":""will-tim-louis-win-the-2026-vancouver-mayoral-election"",""question"":""Will Tim Louis win the 2026 Vancouver mayoral election?"",""event_title"":""Vancouver Mayoral Election Winner"",""endDate"":""2026-10-17T00:00:00Z"",""volume"":""5056.587481999998"",""source"":""events_slug_path"",""active"":true,""closed"":false},{""score"":1.1055,""id"":""1822543"",""slug"":""will-william-azaroff-win-the-2026-vancouver-mayoral-election"",""question"":""Will William Azaroff win the 2026 Vancouver mayoral election?"",""event_title"":""Vancouver Mayoral Election Winner"",""endDate"":""2026-10-17T00:00:00Z"",""volume"":""5164.08155"",""source"":""events_slug_path"",""active"":true,""closed"":false},{""score"":1.0939,""id"":""1822542"",""slug"":""will-pete-fry-win-the-2026-vancouver-mayoral-election"",""question"":""Will Pete Fry win the 2026 Vancouver mayoral election?"",""event_title"":""Vancouver Mayoral Election Winner"",""endDate"":""2026-10-17T00:00:00Z"",""volume"":""14913.749874999994"",""source"":""events_slug_path"",""active"":true,""closed"":false}]",AUTO_ACCEPTED: accepted rank=1 score=1.2361 top=1.2361 second=1.1245; score/margin guardrails disabled,,Amanda Burrows,,KEPT
204,RSO-0204,36,Vancouver Mayoral Election Winner,Vancouver Mayoral Election Winner — Tim Louis,Will Tim Louis win the 2026 Vancouver mayoral election?,Will Tim Louis win the Vancouver Mayoral Election?,Canada,global_satellite,municipal,vancouver_mayor_2026,tracked,global_satellite,multi_outcome_contract,10,Tim Louis,will-tim-louis-win-the-2026-vancouver-mayoral-election,will-tim-louis-win-the-vancouver-mayoral-election,vancouver-mayoral-election-winner,Municipal executive satellite market; tests local-election forecasting outside Toronto.,needs_slug_clob_verification,appears_ok_from_paste,appears_clear_from_paste,Expanded to all visible candidate outcomes.,1822546,334208,0xccead3d44a9e1ce50807511acd1e1901e83a1169914c5e4627c002984e62f0fb,"The 2026 Vancouver mayoral election is currently scheduled to be held on October 17, 2026.

This market will resolve according to the candidate who becomes the next mayor of Vancouver as a result of this election.

Temporary, interim, or placeholder mayors appointed before the election will not be considered.

If the result of this election isn't known by June 30, 2027, 11:59 PM ET, the market will resolve to ""Other"".

The primary resolution source for this market will be a consensus of credible reporting; however, if there is any ambiguity in the results, this market will resolve according to official information from Vancouver.",,,2026-10-17T00:00:00Z,true,false,,false,true,"[""Yes"",""No""]","[""3747902034763719249673945486466805023089364001928628204808740895456003637583"",""16043460017501855636022244712292013581413764448621661025257840695748496343340""]","{""Yes"":""3747902034763719249673945486466805023089364001928628204808740895456003637583"",""No"":""16043460017501855636022244712292013581413764448621661025257840695748496343340""}",3747902034763719249673945486466805023089364001928628204808740895456003637583,16043460017501855636022244712292013581413764448621661025257840695748496343340,5056.587481999998,21476.28982,https://polymarket.com/event/will-tim-louis-win-the-2026-vancouver-mayoral-election,VERIFIED_READY,2026-06-25T20:34:33+00:00,"[{""score"":1.2379,""id"":""1822546"",""slug"":""will-tim-louis-win-the-2026-vancouver-mayoral-election"",""question"":""Will Tim Louis win the 2026 Vancouver mayoral election?"",""event_title"":""Vancouver Mayoral Election Winner"",""endDate"":""2026-10-17T00:00:00Z"",""volume"":""5056.587481999998"",""source"":""events_slug_path"",""active"":true,""closed"":false},{""score"":1.1282,""id"":""1822540"",""slug"":""will-kirk-lapointe-win-the-2026-vancouver-mayoral-election"",""question"":""Will Kirk LaPointe win the 2026 Vancouver mayoral election?"",""event_title"":""Vancouver Mayoral Election Winner"",""endDate"":""2026-10-17T00:00:00Z"",""volume"":""1904.7652330000005"",""source"":""events_slug_path"",""active"":true,""closed"":false},{""score"":1.1238,""id"":""1822537"",""slug"":""will-ken-sim-win-the-2026-vancouver-mayoral-election"",""question"":""Will Ken Sim win the 2026 Vancouver mayoral election?"",""event_title"":""Vancouver Mayoral Election Winner"",""endDate"":""2026-10-17T00:00:00Z"",""volume"":""17381.225903999883"",""source"":""events_slug_path"",""active"":true,""closed"":false},{""score"":1.1198,""id"":""1822542"",""slug"":""will-pete-fry-win-the-2026-vancouver-mayoral-election"",""question"":""Will Pete Fry win the 2026 Vancouver mayoral election?"",""event_title"":""Vancouver Mayoral Election Winner"",""endDate"":""2026-10-17T00:00:00Z"",""volume"":""14913.749874999994"",""source"":""events_slug_path"",""active"":true,""closed"":false},{""score"":1.118,""id"":""1822544"",""slug"":""will-sean-orr-win-the-2026-vancouver-mayoral-election"",""question"":""Will Sean Orr win the 2026 Vancouver mayoral election?"",""event_title"":""Vancouver Mayoral Election Winner"",""endDate"":""2026-10-17T00:00:00Z"",""volume"":""2097.709679000001"",""source"":""events_slug_path"",""active"":true,""closed"":false}]",AUTO_ACCEPTED: accepted rank=1 score=1.2379 top=1.2379 second=1.1282; score/margin guardrails disabled,,Tim Louis,,KEPT
205,RSO-0205,36,Vancouver Mayoral Election Winner,Vancouver Mayoral Election Winner — Fred Harding,Will Fred Harding win the 2026 Vancouver mayoral election?,Will Fred Harding win the Vancouver Mayoral Election?,Canada,global_satellite,municipal,vancouver_mayor_2026,tracked,global_satellite,multi_outcome_contract,11,Fred Harding,will-fred-harding-win-the-2026-vancouver-mayoral-election,will-fred-harding-win-the-vancouver-mayoral-election,vancouver-mayoral-election-winner,Municipal executive satellite market; tests local-election forecasting outside Toronto.,needs_slug_clob_verification,appears_ok_from_paste,appears_clear_from_paste,Expanded to all visible candidate outcomes.,1822548,334208,0xca2016ab394faf01886965daa30156aa7df052b32adbfc9f00a46a06d8ed8caf,"The 2026 Vancouver mayoral election is currently scheduled to be held on October 17, 2026.

This market will resolve according to the candidate who becomes the next mayor of Vancouver as a result of this election.

Temporary, interim, or placeholder mayors appointed before the election will not be considered.

If the result of this election isn't known by June 30, 2027, 11:59 PM ET, the market will resolve to ""Other"".

The primary resolution source for this market will be a consensus of credible reporting; however, if there is any ambiguity in the results, this market will resolve according to official information from Vancouver.",,,2026-10-17T00:00:00Z,true,false,,false,true,"[""Yes"",""No""]","[""42950286760308725122858983675245601299740225552122691924119275382764901291368"",""86219858506676960463118132703231880504275676286995519760851232048586156170225""]","{""Yes"":""42950286760308725122858983675245601299740225552122691924119275382764901291368"",""No"":""86219858506676960463118132703231880504275676286995519760851232048586156170225""}",42950286760308725122858983675245601299740225552122691924119275382764901291368,86219858506676960463118132703231880504275676286995519760851232048586156170225,1819.1082519999998,14095.69375,https://polymarket.com/event/will-fred-harding-win-the-2026-vancouver-mayoral-election,VERIFIED_READY,2026-06-25T20:34:36+00:00,"[{""score"":1.2362,""id"":""1822548"",""slug"":""will-fred-harding-win-the-2026-vancouver-mayoral-election"",""question"":""Will Fred Harding win the 2026 Vancouver mayoral election?"",""event_title"":""Vancouver Mayoral Election Winner"",""endDate"":""2026-10-17T00:00:00Z"",""volume"":""1819.1082519999998"",""source"":""events_slug_path"",""active"":true,""closed"":false},{""score"":1.1208,""id"":""1822545"",""slug"":""will-colleen-hardwick-win-the-2026-vancouver-mayoral-election"",""question"":""Will Colleen Hardwick win the 2026 Vancouver mayoral election?"",""event_title"":""Vancouver Mayoral Election Winner"",""endDate"":""2026-10-17T00:00:00Z"",""volume"":""2671.836336000002"",""source"":""events_slug_path"",""active"":true,""closed"":false},{""score"":1.1188,""id"":""1822537"",""slug"":""will-ken-sim-win-the-2026-vancouver-mayoral-election"",""question"":""Will Ken Sim win the 2026 Vancouver mayoral election?"",""event_title"":""Vancouver Mayoral Election Winner"",""endDate"":""2026-10-17T00:00:00Z"",""volume"":""17381.225903999883"",""source"":""events_slug_path"",""active"":true,""closed"":false},{""score"":1.1127,""id"":""1822540"",""slug"":""will-kirk-lapointe-win-the-2026-vancouver-mayoral-election"",""question"":""Will Kirk LaPointe win the 2026 Vancouver mayoral election?"",""event_title"":""Vancouver Mayoral Election Winner"",""endDate"":""2026-10-17T00:00:00Z"",""volume"":""1904.7652330000005"",""source"":""events_slug_path"",""active"":true,""closed"":false},{""score"":1.1101,""id"":""1822538"",""slug"":""will-kareem-allam-win-the-2026-vancouver-mayoral-election"",""question"":""Will Kareem Allam win the 2026 Vancouver mayoral election?"",""event_title"":""Vancouver Mayoral Election Winner"",""endDate"":""2026-10-17T00:00:00Z"",""volume"":""37884.66411500004"",""source"":""events_slug_path"",""active"":true,""closed"":false}]",AUTO_ACCEPTED: accepted rank=1 score=1.2362 top=1.2362 second=1.1208; score/margin guardrails disabled,,Fred Harding,,KEPT
206,RSO-0206,36,Vancouver Mayoral Election Winner,Vancouver Mayoral Election Winner — Kirk LaPointe,Will Kirk LaPointe win the 2026 Vancouver mayoral election?,Will Kirk LaPointe win the Vancouver Mayoral Election?,Canada,global_satellite,municipal,vancouver_mayor_2026,tracked,global_satellite,multi_outcome_contract,12,Kirk LaPointe,will-kirk-lapointe-win-the-2026-vancouver-mayoral-election,will-kirk-lapointe-win-the-vancouver-mayoral-election,vancouver-mayoral-election-winner,Municipal executive satellite market; tests local-election forecasting outside Toronto.,needs_slug_clob_verification,appears_ok_from_paste,appears_clear_from_paste,Expanded to all visible candidate outcomes.,1822540,334208,0xf42fdaf0069af7f49b1b2dcd8160ad73034c8704ef988c44dfe964f2f719facc,"The 2026 Vancouver mayoral election is currently scheduled to be held on October 17, 2026.

This market will resolve according to the candidate who becomes the next mayor of Vancouver as a result of this election.

Temporary, interim, or placeholder mayors appointed before the election will not be considered.

If the result of this election isn't known by June 30, 2027, 11:59 PM ET, the market will resolve to ""Other"".

The primary resolution source for this market will be a consensus of credible reporting; however, if there is any ambiguity in the results, this market will resolve according to official information from Vancouver.",,,2026-10-17T00:00:00Z,true,false,,false,true,"[""Yes"",""No""]","[""98828070679515257701157390784579387385530822324881009700391159202814891015617"",""75317472391094769150218276851081640114783739852001411170059541460591577898397""]","{""Yes"":""98828070679515257701157390784579387385530822324881009700391159202814891015617"",""No"":""75317472391094769150218276851081640114783739852001411170059541460591577898397""}",98828070679515257701157390784579387385530822324881009700391159202814891015617,75317472391094769150218276851081640114783739852001411170059541460591577898397,1904.7652330000005,17864.40146,https://polymarket.com/event/will-kirk-lapointe-win-the-2026-vancouver-mayoral-election,VERIFIED_READY,2026-06-25T20:34:39+00:00,"[{""score"":1.2363,""id"":""1822540"",""slug"":""will-kirk-lapointe-win-the-2026-vancouver-mayoral-election"",""question"":""Will Kirk LaPointe win the 2026 Vancouver mayoral election?"",""event_title"":""Vancouver Mayoral Election Winner"",""endDate"":""2026-10-17T00:00:00Z"",""volume"":""1904.7652330000005"",""source"":""events_slug_path"",""active"":true,""closed"":false},{""score"":1.126,""id"":""1822546"",""slug"":""will-tim-louis-win-the-2026-vancouver-mayoral-election"",""question"":""Will Tim Louis win the 2026 Vancouver mayoral election?"",""event_title"":""Vancouver Mayoral Election Winner"",""endDate"":""2026-10-17T00:00:00Z"",""volume"":""5056.587481999998"",""source"":""events_slug_path"",""active"":true,""closed"":false},{""score"":1.1156,""id"":""1822538"",""slug"":""will-kareem-allam-win-the-2026-vancouver-mayoral-election"",""question"":""Will Kareem Allam win the 2026 Vancouver mayoral election?"",""event_title"":""Vancouver Mayoral Election Winner"",""endDate"":""2026-10-17T00:00:00Z"",""volume"":""37884.66411500004"",""source"":""events_slug_path"",""active"":true,""closed"":false},{""score"":1.1116,""id"":""1822548"",""slug"":""will-fred-harding-win-the-2026-vancouver-mayoral-election"",""question"":""Will Fred Harding win the 2026 Vancouver mayoral election?"",""event_title"":""Vancouver Mayoral Election Winner"",""endDate"":""2026-10-17T00:00:00Z"",""volume"":""1819.1082519999998"",""source"":""events_slug_path"",""active"":true,""closed"":false},{""score"":1.1098,""id"":""1822542"",""slug"":""will-pete-fry-win-the-2026-vancouver-mayoral-election"",""question"":""Will Pete Fry win the 2026 Vancouver mayoral election?"",""event_title"":""Vancouver Mayoral Election Winner"",""endDate"":""2026-10-17T00:00:00Z"",""volume"":""14913.749874999994"",""source"":""events_slug_path"",""active"":true,""closed"":false}]",AUTO_ACCEPTED: accepted rank=1 score=1.2363 top=1.2363 second=1.1260; score/margin guardrails disabled,,Kirk LaPointe,,KEPT
207,RSO-0207,37,Next Prime Minister of Israel after next election,Next Prime Minister of Israel after next election — Gadi Eizenkot,Will Gadi Eizenkot be the next Prime Minister of Israel?,Will Gadi Eizenkot be the next Prime Minister of Israel after the next election?,Israel,global_satellite,parliamentary_coalition,israel_next_pm_2026,tracked,global_satellite,multi_outcome_contract,1,Gadi Eizenkot,will-gadi-eizenkot-be-the-next-prime-minister-of-israel,will-gadi-eizenkot-be-the-next-prime-minister-of-israel-after-the-next-election,who-will-be-the-next-prime-minister-of-israel-after-the-next-election,High-volatility parliamentary/coalition PM market.,needs_slug_clob_verification,appears_strong_from_paste,appears_clear_from_paste,Expanded to visible PM outcomes.,682708,81557,0xdbe93b5a701f36076a560fa4b9ba59e365a6e8e2ea6a83764640010657277ca4,"Legislative elections are schedule to be held in Israel on October 27, 2026. 

This market will resolve to the next individual who is officially appointed and sworn in as Prime Minister of Israel following the 2026 parliamentary election. If an election is called early, this market will immediately resolve to the individual who is officially appointed and sworn in after that election.

To count for resolution, the individual must be formally sworn in. Any interim or caretaker Prime Minister will not count toward the resolution of this market.

If no such Prime Minister is sworn in by December 31, 2027, 11:59 PM ET, this market will resolve to “Other”.

The primary resolution source for this market will be official information from the Government of Israel; however, a consensus of credible reporting may also be used.",,,2026-12-31T00:00:00Z,true,false,,false,true,"[""Yes"",""No""]","[""52487256270918227930942830546248720603566203568229607048093730748840489555808"",""1507744758511144558263623459899956467548763419522526462308518027912401299177""]","{""Yes"":""52487256270918227930942830546248720603566203568229607048093730748840489555808"",""No"":""1507744758511144558263623459899956467548763419522526462308518027912401299177""}",52487256270918227930942830546248720603566203568229607048093730748840489555808,1507744758511144558263623459899956467548763419522526462308518027912401299177,1120505.9525859999,88975.392,https://polymarket.com/event/will-gadi-eizenkot-be-the-next-prime-minister-of-israel,VERIFIED_READY,2026-06-25T20:34:42+00:00,"[{""score"":1.234,""id"":""682708"",""slug"":""will-gadi-eizenkot-be-the-next-prime-minister-of-israel"",""question"":""Will Gadi Eizenkot be the next Prime Minister of Israel?"",""event_title"":""Who will be the next Prime Minister of Israel after the next election?"",""endDate"":""2026-12-31T00:00:00Z"",""volume"":""1120505.9525859999"",""source"":""events_slug_path"",""active"":true,""closed"":false},{""score"":1.1497,""id"":""682715"",""slug"":""will-yariv-levin-be-the-next-prime-minister-of-israel"",""question"":""Will Yariv Levin be the next Prime Minister of Israel?"",""event_title"":""Who will be the next Prime Minister of Israel after the next election?"",""endDate"":""2026-12-31T00:00:00Z"",""volume"":""668955.4592969973"",""source"":""events_slug_path"",""active"":true,""closed"":false},{""score"":1.1372,""id"":""682706"",""slug"":""will-naftali-bennett-be-the-next-prime-minister-of-israel"",""question"":""Will Naftali Bennett be the next Prime Minister of Israel?"",""event_title"":""Who will be the next Prime Minister of Israel after the next election?"",""endDate"":""2026-12-31T00:00:00Z"",""volume"":""2629786.719271994"",""source"":""events_slug_path"",""active"":true,""closed"":false},{""score"":1.1352,""id"":""682721"",""slug"":""will-amir-ohana-be-the-next-prime-minister-of-israel"",""question"":""Will Amir Ohana be the next Prime Minister of Israel?"",""event_title"":""Who will be the next Prime Minister of Israel after the next election?"",""endDate"":""2026-12-31T00:00:00Z"",""volume"":""1081946.3849169973"",""source"":""events_slug_path"",""active"":true,""closed"":false},{""score"":1.1321,""id"":""682711"",""slug"":""will-yossi-cohen-be-the-next-prime-minister-of-israel"",""question"":""Will Yossi Cohen be the next Prime Minister of Israel?"",""event_title"":""Who will be the next Prime Minister of Israel after the next election?"",""endDate"":""2026-12-31T00:00:00Z"",""volume"":""1265518.9111500063"",""source"":""events_slug_path"",""active"":true,""closed"":false}]",AUTO_ACCEPTED: accepted rank=1 score=1.2340 top=1.2340 second=1.1497; score/margin guardrails disabled,,Gadi Eizenkot,,KEPT
208,RSO-0208,37,Next Prime Minister of Israel after next election,Next Prime Minister of Israel after next election — Benjamin Netanyahu,Will Benjamin Netanyahu be the next Prime Minister of Israel?,Will Benjamin Netanyahu be the next Prime Minister of Israel after the next election?,Israel,global_satellite,parliamentary_coalition,israel_next_pm_2026,tracked,global_satellite,multi_outcome_contract,2,Benjamin Netanyahu,will-benjamin-netanyahu-be-the-next-prime-minister-of-israel,will-benjamin-netanyahu-be-the-next-prime-minister-of-israel-after-the-next-election,who-will-be-the-next-prime-minister-of-israel-after-the-next-election,High-volatility parliamentary/coalition PM market.,needs_slug_clob_verification,appears_strong_from_paste,appears_clear_from_paste,Expanded to visible PM outcomes.,682705,81557,0x7586a96520578acaaaa4ea84a2582f197f84255da1f3392a7aa300386c187b37,"Legislative elections are schedule to be held in Israel on October 27, 2026. 

This market will resolve to the next individual who is officially appointed and sworn in as Prime Minister of Israel following the 2026 parliamentary election. If an election is called early, this market will immediately resolve to the individual who is officially appointed and sworn in after that election.

To count for resolution, the individual must be formally sworn in. Any interim or caretaker Prime Minister will not count toward the resolution of this market.

If no such Prime Minister is sworn in by December 31, 2027, 11:59 PM ET, this market will resolve to “Other”.

The primary resolution source for this market will be official information from the Government of Israel; however, a consensus of credible reporting may also be used.",,,2026-12-31T00:00:00Z,true,false,,false,true,"[""Yes"",""No""]","[""20006732765674855733524007935991362439352594042415161039767275461950712817548"",""54533569528927082430133047556849600511985191158927477533124630301934489498530""]","{""Yes"":""20006732765674855733524007935991362439352594042415161039767275461950712817548"",""No"":""54533569528927082430133047556849600511985191158927477533124630301934489498530""}",20006732765674855733524007935991362439352594042415161039767275461950712817548,54533569528927082430133047556849600511985191158927477533124630301934489498530,2044448.3177500032,135527.9021,https://polymarket.com/event/will-benjamin-netanyahu-be-the-next-prime-minister-of-israel,VERIFIED_READY,2026-06-25T20:34:45+00:00,"[{""score"":1.2383,""id"":""682705"",""slug"":""will-benjamin-netanyahu-be-the-next-prime-minister-of-israel"",""question"":""Will Benjamin Netanyahu be the next Prime Minister of Israel?"",""event_title"":""Who will be the next Prime Minister of Israel after the next election?"",""endDate"":""2026-12-31T00:00:00Z"",""volume"":""2044448.3177500032"",""source"":""events_slug_path"",""active"":true,""closed"":false},{""score"":1.1429,""id"":""682721"",""slug"":""will-amir-ohana-be-the-next-prime-minister-of-israel"",""question"":""Will Amir Ohana be the next Prime Minister of Israel?"",""event_title"":""Who will be the next Prime Minister of Israel after the next election?"",""endDate"":""2026-12-31T00:00:00Z"",""volume"":""1081946.3849169973"",""source"":""events_slug_path"",""active"":true,""closed"":false},{""score"":1.1399,""id"":""682709"",""slug"":""will-benny-gantz-be-the-next-prime-minister-of-israel"",""question"":""Will Benny Gantz be the next Prime Minister of Israel?"",""event_title"":""Who will be the next Prime Minister of Israel after the next election?"",""endDate"":""2026-12-31T00:00:00Z"",""volume"":""1378422.9665830005"",""source"":""events_slug_path"",""active"":true,""closed"":false},{""score"":1.1258,""id"":""682712"",""slug"":""will-yair-golan-be-the-next-prime-minister-of-israel"",""question"":""Will Yair Golan be the next Prime Minister of Israel?"",""event_title"":""Who will be the next Prime Minister of Israel after the next election?"",""endDate"":""2026-12-31T00:00:00Z"",""volume"":""1588984.027024005"",""source"":""events_slug_path"",""active"":true,""closed"":false},{""score"":1.1209,""id"":""682714"",""slug"":""will-gideon-saar-be-the-next-prime-minister-of-israel"",""question"":""Will Gideon Sa’ar be the next Prime Minister of Israel?"",""event_title"":""Who will be the next Prime Minister of Israel after the next election?"",""endDate"":""2026-12-31T00:00:00Z"",""volume"":""1275031.6437980016"",""source"":""events_slug_path"",""active"":true,""closed"":false}]",AUTO_ACCEPTED: accepted rank=1 score=1.2383 top=1.2383 second=1.1429; score/margin guardrails disabled,,Benjamin Netanyahu,,KEPT
209,RSO-0209,37,Next Prime Minister of Israel after next election,Next Prime Minister of Israel after next election — Naftali Bennett,Will Naftali Bennett be the next Prime Minister of Israel?,Will Naftali Bennett be the next Prime Minister of Israel after the next election?,Israel,global_satellite,parliamentary_coalition,israel_next_pm_2026,tracked,global_satellite,multi_outcome_contract,3,Naftali Bennett,will-naftali-bennett-be-the-next-prime-minister-of-israel,will-naftali-bennett-be-the-next-prime-minister-of-israel-after-the-next-election,who-will-be-the-next-prime-minister-of-israel-after-the-next-election,High-volatility parliamentary/coalition PM market.,needs_slug_clob_verification,appears_strong_from_paste,appears_clear_from_paste,Expanded to visible PM outcomes.,682706,81557,0x9ed0ecc8b8589e67967d44c4420944a41b6a6806419019a1581d514174eee9b1,"Legislative elections are schedule to be held in Israel on October 27, 2026. 

This market will resolve to the next individual who is officially appointed and sworn in as Prime Minister of Israel following the 2026 parliamentary election. If an election is called early, this market will immediately resolve to the individual who is officially appointed and sworn in after that election.

To count for resolution, the individual must be formally sworn in. Any interim or caretaker Prime Minister will not count toward the resolution of this market.

If no such Prime Minister is sworn in by December 31, 2027, 11:59 PM ET, this market will resolve to “Other”.

The primary resolution source for this market will be official information from the Government of Israel; however, a consensus of credible reporting may also be used.",,,2026-12-31T00:00:00Z,true,false,,false,true,"[""Yes"",""No""]","[""58945936829392654397399777214757608864525173988558750256164021442231118224154"",""39409206330527880169507414405291721950884951005340760541937649898052386499519""]","{""Yes"":""58945936829392654397399777214757608864525173988558750256164021442231118224154"",""No"":""39409206330527880169507414405291721950884951005340760541937649898052386499519""}",58945936829392654397399777214757608864525173988558750256164021442231118224154,39409206330527880169507414405291721950884951005340760541937649898052386499519,2629786.719271994,80612.0565,https://polymarket.com/event/will-naftali-bennett-be-the-next-prime-minister-of-israel,VERIFIED_READY,2026-06-25T20:34:48+00:00,"[{""score"":1.2358,""id"":""682706"",""slug"":""will-naftali-bennett-be-the-next-prime-minister-of-israel"",""question"":""Will Naftali Bennett be the next Prime Minister of Israel?"",""event_title"":""Who will be the next Prime Minister of Israel after the next election?"",""endDate"":""2026-12-31T00:00:00Z"",""volume"":""2629786.719271994"",""source"":""events_slug_path"",""active"":true,""closed"":false},{""score"":1.1366,""id"":""682720"",""slug"":""will-nir-barkat-be-the-next-prime-minister-of-israel"",""question"":""Will Nir Barkat be the next Prime Minister of Israel?"",""event_title"":""Who will be the next Prime Minister of Israel after the next election?"",""endDate"":""2026-12-31T00:00:00Z"",""volume"":""682918.8697450001"",""source"":""events_slug_path"",""active"":true,""closed"":false},{""score"":1.1361,""id"":""682708"",""slug"":""will-gadi-eizenkot-be-the-next-prime-minister-of-israel"",""question"":""Will Gadi Eizenkot be the next Prime Minister of Israel?"",""event_title"":""Who will be the next Prime Minister of Israel after the next election?"",""endDate"":""2026-12-31T00:00:00Z"",""volume"":""1120505.9525859999"",""source"":""events_slug_path"",""active"":true,""closed"":false},{""score"":1.1335,""id"":""682709"",""slug"":""will-benny-gantz-be-the-next-prime-minister-of-israel"",""question"":""Will Benny Gantz be the next Prime Minister of Israel?"",""event_title"":""Who will be the next Prime Minister of Israel after the next election?"",""endDate"":""2026-12-31T00:00:00Z"",""volume"":""1378422.9665830005"",""source"":""events_slug_path"",""active"":true,""closed"":false},{""score"":1.1335,""id"":""682718"",""slug"":""will-yoaz-hendel-be-the-next-prime-minister-of-israel"",""question"":""Will Yoaz Hendel be the next Prime Minister of Israel?"",""event_title"":""Who will be the next Prime Minister of Israel after the next election?"",""endDate"":""2026-12-31T00:00:00Z"",""volume"":""1404304.3770560224"",""source"":""events_slug_path"",""active"":true,""closed"":false}]",AUTO_ACCEPTED: accepted rank=1 score=1.2358 top=1.2358 second=1.1366; score/margin guardrails disabled,,Naftali Bennett,,KEPT
210,RSO-0210,37,Next Prime Minister of Israel after next election,Next Prime Minister of Israel after next election — Avigdor Lieberman,Will Avigdor Lieberman be the next Prime Minister of Israel?,Will Avigdor Lieberman be the next Prime Minister of Israel after the next election?,Israel,global_satellite,parliamentary_coalition,israel_next_pm_2026,tracked,global_satellite,multi_outcome_contract,4,Avigdor Lieberman,will-avigdor-lieberman-be-the-next-prime-minister-of-israel,will-avigdor-lieberman-be-the-next-prime-minister-of-israel-after-the-next-election,who-will-be-the-next-prime-minister-of-israel-after-the-next-election,High-volatility parliamentary/coalition PM market.,needs_slug_clob_verification,appears_strong_from_paste,appears_clear_from_paste,Expanded to visible PM outcomes.,682710,81557,0xadffc96f54f350b3655f72fe2853c81bfd705e9703f62469e6a14782ad5d4ec0,"Legislative elections are schedule to be held in Israel on October 27, 2026. 

This market will resolve to the next individual who is officially appointed and sworn in as Prime Minister of Israel following the 2026 parliamentary election. If an election is called early, this market will immediately resolve to the individual who is officially appointed and sworn in after that election.

To count for resolution, the individual must be formally sworn in. Any interim or caretaker Prime Minister will not count toward the resolution of this market.

If no such Prime Minister is sworn in by December 31, 2027, 11:59 PM ET, this market will resolve to “Other”.

The primary resolution source for this market will be official information from the Government of Israel; however, a consensus of credible reporting may also be used.",,,2026-12-31T00:00:00Z,true,false,,false,true,"[""Yes"",""No""]","[""105057524965982907913786325697426001538810836564004836999292309706852745390829"",""13887896800265966487014179943559375403384011039339488276489274832989862323735""]","{""Yes"":""105057524965982907913786325697426001538810836564004836999292309706852745390829"",""No"":""13887896800265966487014179943559375403384011039339488276489274832989862323735""}",105057524965982907913786325697426001538810836564004836999292309706852745390829,13887896800265966487014179943559375403384011039339488276489274832989862323735,1869005.5915539982,90561.98372,https://polymarket.com/event/will-avigdor-lieberman-be-the-next-prime-minister-of-israel,VERIFIED_READY,2026-06-25T20:34:51+00:00,"[{""score"":1.2375,""id"":""682710"",""slug"":""will-avigdor-lieberman-be-the-next-prime-minister-of-israel"",""question"":""Will Avigdor Lieberman be the next Prime Minister of Israel?"",""event_title"":""Who will be the next Prime Minister of Israel after the next election?"",""endDate"":""2026-12-31T00:00:00Z"",""volume"":""1869005.5915539982"",""source"":""events_slug_path"",""active"":true,""closed"":false},{""score"":1.1466,""id"":""682712"",""slug"":""will-yair-golan-be-the-next-prime-minister-of-israel"",""question"":""Will Yair Golan be the next Prime Minister of Israel?"",""event_title"":""Who will be the next Prime Minister of Israel after the next election?"",""endDate"":""2026-12-31T00:00:00Z"",""volume"":""1588984.027024005"",""source"":""events_slug_path"",""active"":true,""closed"":false},{""score"":1.138,""id"":""682707"",""slug"":""will-yair-lapid-be-the-next-prime-minister-of-israel"",""question"":""Will Yair Lapid be the next Prime Minister of Israel?"",""event_title"":""Who will be the next Prime Minister of Israel after the next election?"",""endDate"":""2026-12-31T00:00:00Z"",""volume"":""853781.8567099995"",""source"":""events_slug_path"",""active"":true,""closed"":false},{""score"":1.138,""id"":""682721"",""slug"":""will-amir-ohana-be-the-next-prime-minister-of-israel"",""question"":""Will Amir Ohana be the next Prime Minister of Israel?"",""event_title"":""Who will be the next Prime Minister of Israel after the next election?"",""endDate"":""2026-12-31T00:00:00Z"",""volume"":""1081946.3849169973"",""source"":""events_slug_path"",""active"":true,""closed"":false},{""score"":1.138,""id"":""682720"",""slug"":""will-nir-barkat-be-the-next-prime-minister-of-israel"",""question"":""Will Nir Barkat be the next Prime Minister of Israel?"",""event_title"":""Who will be the next Prime Minister of Israel after the next election?"",""endDate"":""2026-12-31T00:00:00Z"",""volume"":""682918.8697450001"",""source"":""events_slug_path"",""active"":true,""closed"":false}]",AUTO_ACCEPTED: accepted rank=1 score=1.2375 top=1.2375 second=1.1466; score/margin guardrails disabled,,Avigdor Lieberman,,KEPT
211,RSO-0211,37,Next Prime Minister of Israel after next election,Next Prime Minister of Israel after next election — Itamar Ben Gvir,Will Itamar Ben Gvir be the next Prime Minister of Israel?,Will Itamar Ben Gvir be the next Prime Minister of Israel after the next election?,Israel,global_satellite,parliamentary_coalition,israel_next_pm_2026,tracked,global_satellite,multi_outcome_contract,5,Itamar Ben Gvir,will-itamar-ben-gvir-be-the-next-prime-minister-of-israel,will-itamar-ben-gvir-be-the-next-prime-minister-of-israel-after-the-next-election,who-will-be-the-next-prime-minister-of-israel-after-the-next-election,High-volatility parliamentary/coalition PM market.,needs_slug_clob_verification,appears_strong_from_paste,appears_clear_from_paste,Expanded to visible PM outcomes.,682713,81557,0x4bf44e9885ee8f43148458d5c9537d96c940cf48414557528358d65870131517,"Legislative elections are schedule to be held in Israel on October 27, 2026. 

This market will resolve to the next individual who is officially appointed and sworn in as Prime Minister of Israel following the 2026 parliamentary election. If an election is called early, this market will immediately resolve to the individual who is officially appointed and sworn in after that election.

To count for resolution, the individual must be formally sworn in. Any interim or caretaker Prime Minister will not count toward the resolution of this market.

If no such Prime Minister is sworn in by December 31, 2027, 11:59 PM ET, this market will resolve to “Other”.

The primary resolution source for this market will be official information from the Government of Israel; however, a consensus of credible reporting may also be used.",,,2026-12-31T00:00:00Z,true,false,,false,true,"[""Yes"",""No""]","[""97037271592384590668192904767730391938961253014413658633971882704234126806284"",""58392130842716399501622105353245054198549423559503164971149451200205491369251""]","{""Yes"":""97037271592384590668192904767730391938961253014413658633971882704234126806284"",""No"":""58392130842716399501622105353245054198549423559503164971149451200205491369251""}",97037271592384590668192904767730391938961253014413658633971882704234126806284,58392130842716399501622105353245054198549423559503164971149451200205491369251,1223902.4748420024,83900.4357,https://polymarket.com/event/will-itamar-ben-gvir-be-the-next-prime-minister-of-israel,VERIFIED_READY,2026-06-25T20:34:54+00:00,"[{""score"":1.2358,""id"":""682713"",""slug"":""will-itamar-ben-gvir-be-the-next-prime-minister-of-israel"",""question"":""Will Itamar Ben Gvir be the next Prime Minister of Israel?"",""event_title"":""Who will be the next Prime Minister of Israel after the next election?"",""endDate"":""2026-12-31T00:00:00Z"",""volume"":""1223902.4748420024"",""source"":""events_slug_path"",""active"":true,""closed"":false},{""score"":1.1307,""id"":""682715"",""slug"":""will-yariv-levin-be-the-next-prime-minister-of-israel"",""question"":""Will Yariv Levin be the next Prime Minister of Israel?"",""event_title"":""Who will be the next Prime Minister of Israel after the next election?"",""endDate"":""2026-12-31T00:00:00Z"",""volume"":""668955.4592969973"",""source"":""events_slug_path"",""active"":true,""closed"":false},{""score"":1.1251,""id"":""682721"",""slug"":""will-amir-ohana-be-the-next-prime-minister-of-israel"",""question"":""Will Amir Ohana be the next Prime Minister of Israel?"",""event_title"":""Who will be the next Prime Minister of Israel after the next election?"",""endDate"":""2026-12-31T00:00:00Z"",""volume"":""1081946.3849169973"",""source"":""events_slug_path"",""active"":true,""closed"":false},{""score"":1.1251,""id"":""682720"",""slug"":""will-nir-barkat-be-the-next-prime-minister-of-israel"",""question"":""Will Nir Barkat be the next Prime Minister of Israel?"",""event_title"":""Who will be the next Prime Minister of Israel after the next election?"",""endDate"":""2026-12-31T00:00:00Z"",""volume"":""682918.8697450001"",""source"":""events_slug_path"",""active"":true,""closed"":false},{""score"":1.122,""id"":""682709"",""slug"":""will-benny-gantz-be-the-next-prime-minister-of-israel"",""question"":""Will Benny Gantz be the next Prime Minister of Israel?"",""event_title"":""Who will be the next Prime Minister of Israel after the next election?"",""endDate"":""2026-12-31T00:00:00Z"",""volume"":""1378422.9665830005"",""source"":""events_slug_path"",""active"":true,""closed"":false}]",AUTO_ACCEPTED: accepted rank=1 score=1.2358 top=1.2358 second=1.1307; score/margin guardrails disabled,,Itamar Ben Gvir,,KEPT
212,RSO-0212,37,Next Prime Minister of Israel after next election,Next Prime Minister of Israel after next election — Benny Gantz,Will Benny Gantz be the next Prime Minister of Israel?,Will Benny Gantz be the next Prime Minister of Israel after the next election?,Israel,global_satellite,parliamentary_coalition,israel_next_pm_2026,tracked,global_satellite,multi_outcome_contract,6,Benny Gantz,will-benny-gantz-be-the-next-prime-minister-of-israel,will-benny-gantz-be-the-next-prime-minister-of-israel-after-the-next-election,who-will-be-the-next-prime-minister-of-israel-after-the-next-election,High-volatility parliamentary/coalition PM market.,needs_slug_clob_verification,appears_strong_from_paste,appears_clear_from_paste,Expanded to visible PM outcomes.,682709,81557,0xf773a12cc13214fc493ec398f96c4ea5ec87ea4ff3b29795041d5498e314ad1e,"Legislative elections are schedule to be held in Israel on October 27, 2026. 

This market will resolve to the next individual who is officially appointed and sworn in as Prime Minister of Israel following the 2026 parliamentary election. If an election is called early, this market will immediately resolve to the individual who is officially appointed and sworn in after that election.

To count for resolution, the individual must be formally sworn in. Any interim or caretaker Prime Minister will not count toward the resolution of this market.

If no such Prime Minister is sworn in by December 31, 2027, 11:59 PM ET, this market will resolve to “Other”.

The primary resolution source for this market will be official information from the Government of Israel; however, a consensus of credible reporting may also be used.",,,2026-12-31T00:00:00Z,true,false,,false,true,"[""Yes"",""No""]","[""105121209501718913679835702557350272753628810249278953188501220308690716470697"",""13959230589715260225761337964789667577085343879718375941468121776869827848866""]","{""Yes"":""105121209501718913679835702557350272753628810249278953188501220308690716470697"",""No"":""13959230589715260225761337964789667577085343879718375941468121776869827848866""}",105121209501718913679835702557350272753628810249278953188501220308690716470697,13959230589715260225761337964789667577085343879718375941468121776869827848866,1378422.9665830005,115514.38003,https://polymarket.com/event/will-benny-gantz-be-the-next-prime-minister-of-israel,VERIFIED_READY,2026-06-25T20:34:57+00:00,"[{""score"":1.232,""id"":""682709"",""slug"":""will-benny-gantz-be-the-next-prime-minister-of-israel"",""question"":""Will Benny Gantz be the next Prime Minister of Israel?"",""event_title"":""Who will be the next Prime Minister of Israel after the next election?"",""endDate"":""2026-12-31T00:00:00Z"",""volume"":""1378422.9665830005"",""source"":""events_slug_path"",""active"":true,""closed"":false},{""score"":1.1517,""id"":""682712"",""slug"":""will-yair-golan-be-the-next-prime-minister-of-israel"",""question"":""Will Yair Golan be the next Prime Minister of Israel?"",""event_title"":""Who will be the next Prime Minister of Israel after the next election?"",""endDate"":""2026-12-31T00:00:00Z"",""volume"":""1588984.027024005"",""source"":""events_slug_path"",""active"":true,""closed"":false},{""score"":1.1484,""id"":""682719"",""slug"":""will-israel-katz-be-the-next-prime-minister-of-israel"",""question"":""Will Israel Katz be the next Prime Minister of Israel?"",""event_title"":""Who will be the next Prime Minister of Israel after the next election?"",""endDate"":""2026-12-31T00:00:00Z"",""volume"":""450250.2552020023"",""source"":""events_slug_path"",""active"":true,""closed"":false},{""score"":1.1373,""id"":""682714"",""slug"":""will-gideon-saar-be-the-next-prime-minister-of-israel"",""question"":""Will Gideon Sa’ar be the next Prime Minister of Israel?"",""event_title"":""Who will be the next Prime Minister of Israel after the next election?"",""endDate"":""2026-12-31T00:00:00Z"",""volume"":""1275031.6437980016"",""source"":""events_slug_path"",""active"":true,""closed"":false},{""score"":1.1359,""id"":""682713"",""slug"":""will-itamar-ben-gvir-be-the-next-prime-minister-of-israel"",""question"":""Will Itamar Ben Gvir be the next Prime Minister of Israel?"",""event_title"":""Who will be the next Prime Minister of Israel after the next election?"",""endDate"":""2026-12-31T00:00:00Z"",""volume"":""1223902.4748420024"",""source"":""events_slug_path"",""active"":true,""closed"":false}]",AUTO_ACCEPTED: accepted rank=1 score=1.2320 top=1.2320 second=1.1517; score/margin guardrails disabled,,Benny Gantz,,KEPT
213,RSO-0213,37,Next Prime Minister of Israel after next election,Next Prime Minister of Israel after next election — Gilad Erdan,Will Gilad Erdan be the next Prime Minister of Israel?,Will Gilad Erdan be the next Prime Minister of Israel after the next election?,Israel,global_satellite,parliamentary_coalition,israel_next_pm_2026,tracked,global_satellite,multi_outcome_contract,7,Gilad Erdan,will-gilad-erdan-be-the-next-prime-minister-of-israel,will-gilad-erdan-be-the-next-prime-minister-of-israel-after-the-next-election,who-will-be-the-next-prime-minister-of-israel-after-the-next-election,High-volatility parliamentary/coalition PM market.,needs_slug_clob_verification,appears_strong_from_paste,appears_clear_from_paste,Expanded to visible PM outcomes.,682722,81557,0xea653dbacdb5b0ba21c9b745f5fb463fe654b988129093ce471d3b3652650cba,"Legislative elections are schedule to be held in Israel on October 27, 2026. 

This market will resolve to the next individual who is officially appointed and sworn in as Prime Minister of Israel following the 2026 parliamentary election. If an election is called early, this market will immediately resolve to the individual who is officially appointed and sworn in after that election.

To count for resolution, the individual must be formally sworn in. Any interim or caretaker Prime Minister will not count toward the resolution of this market.

If no such Prime Minister is sworn in by December 31, 2027, 11:59 PM ET, this market will resolve to “Other”.

The primary resolution source for this market will be official information from the Government of Israel; however, a consensus of credible reporting may also be used.",,,2026-12-31T00:00:00Z,true,false,,false,true,"[""Yes"",""No""]","[""73391412196952346536768049629984781694862224381955045702486880678656173160147"",""103496802919442842131486449605667106843698739362292182931948753344546982685299""]","{""Yes"":""73391412196952346536768049629984781694862224381955045702486880678656173160147"",""No"":""103496802919442842131486449605667106843698739362292182931948753344546982685299""}",73391412196952346536768049629984781694862224381955045702486880678656173160147,103496802919442842131486449605667106843698739362292182931948753344546982685299,172856.77503799985,115279.27012,https://polymarket.com/event/will-gilad-erdan-be-the-next-prime-minister-of-israel,VERIFIED_READY,2026-06-25T20:35:00+00:00,"[{""score"":1.2108,""id"":""682722"",""slug"":""will-gilad-erdan-be-the-next-prime-minister-of-israel"",""question"":""Will Gilad Erdan be the next Prime Minister of Israel?"",""event_title"":""Who will be the next Prime Minister of Israel after the next election?"",""endDate"":""2026-12-31T00:00:00Z"",""volume"":""172856.77503799985"",""source"":""events_slug_path"",""active"":true,""closed"":false},{""score"":1.1509,""id"":""682708"",""slug"":""will-gadi-eizenkot-be-the-next-prime-minister-of-israel"",""question"":""Will Gadi Eizenkot be the next Prime Minister of Israel?"",""event_title"":""Who will be the next Prime Minister of Israel after the next election?"",""endDate"":""2026-12-31T00:00:00Z"",""volume"":""1120505.9525859999"",""source"":""events_slug_path"",""active"":true,""closed"":false},{""score"":1.1434,""id"":""682714"",""slug"":""will-gideon-saar-be-the-next-prime-minister-of-israel"",""question"":""Will Gideon Sa’ar be the next Prime Minister of Israel?"",""event_title"":""Who will be the next Prime Minister of Israel after the next election?"",""endDate"":""2026-12-31T00:00:00Z"",""volume"":""1275031.6437980016"",""source"":""events_slug_path"",""active"":true,""closed"":false},{""score"":1.1427,""id"":""682707"",""slug"":""will-yair-lapid-be-the-next-prime-minister-of-israel"",""question"":""Will Yair Lapid be the next Prime Minister of Israel?"",""event_title"":""Who will be the next Prime Minister of Israel after the next election?"",""endDate"":""2026-12-31T00:00:00Z"",""volume"":""853781.8567099995"",""source"":""events_slug_path"",""active"":true,""closed"":false},{""score"":1.1427,""id"":""682721"",""slug"":""will-amir-ohana-be-the-next-prime-minister-of-israel"",""question"":""Will Amir Ohana be the next Prime Minister of Israel?"",""event_title"":""Who will be the next Prime Minister of Israel after the next election?"",""endDate"":""2026-12-31T00:00:00Z"",""volume"":""1081946.3849169973"",""source"":""events_slug_path"",""active"":true,""closed"":false}]",AUTO_ACCEPTED: accepted rank=1 score=1.2108 top=1.2108 second=1.1509; score/margin guardrails disabled,,Gilad Erdan,,KEPT
214,RSO-0214,37,Next Prime Minister of Israel after next election,Next Prime Minister of Israel after next election — Yariv Levin,Will Yariv Levin be the next Prime Minister of Israel?,Will Yariv Levin be the next Prime Minister of Israel after the next election?,Israel,global_satellite,parliamentary_coalition,israel_next_pm_2026,tracked,global_satellite,multi_outcome_contract,8,Yariv Levin,will-yariv-levin-be-the-next-prime-minister-of-israel,will-yariv-levin-be-the-next-prime-minister-of-israel-after-the-next-election,who-will-be-the-next-prime-minister-of-israel-after-the-next-election,High-volatility parliamentary/coalition PM market.,needs_slug_clob_verification,appears_strong_from_paste,appears_clear_from_paste,Expanded to visible PM outcomes.,682715,81557,0x93d07ffcf5c243b98e655380eb876d4a3393351b7325059064cb5a4b1ff6ceb2,"Legislative elections are schedule to be held in Israel on October 27, 2026. 

This market will resolve to the next individual who is officially appointed and sworn in as Prime Minister of Israel following the 2026 parliamentary election. If an election is called early, this market will immediately resolve to the individual who is officially appointed and sworn in after that election.

To count for resolution, the individual must be formally sworn in. Any interim or caretaker Prime Minister will not count toward the resolution of this market.

If no such Prime Minister is sworn in by December 31, 2027, 11:59 PM ET, this market will resolve to “Other”.

The primary resolution source for this market will be official information from the Government of Israel; however, a consensus of credible reporting may also be used.",,,2026-12-31T00:00:00Z,true,false,,false,true,"[""Yes"",""No""]","[""28155793585619215559447305702051573036104753242134264350727089371549716604590"",""8804323954886936757860075689144107209232698513970387617746425654441716700790""]","{""Yes"":""28155793585619215559447305702051573036104753242134264350727089371549716604590"",""No"":""8804323954886936757860075689144107209232698513970387617746425654441716700790""}",28155793585619215559447305702051573036104753242134264350727089371549716604590,8804323954886936757860075689144107209232698513970387617746425654441716700790,668955.4592969973,94794.79203,https://polymarket.com/event/will-yariv-levin-be-the-next-prime-minister-of-israel,VERIFIED_READY,2026-06-25T20:35:03+00:00,"[{""score"":1.232,""id"":""682715"",""slug"":""will-yariv-levin-be-the-next-prime-minister-of-israel"",""question"":""Will Yariv Levin be the next Prime Minister of Israel?"",""event_title"":""Who will be the next Prime Minister of Israel after the next election?"",""endDate"":""2026-12-31T00:00:00Z"",""volume"":""668955.4592969973"",""source"":""events_slug_path"",""active"":true,""closed"":false},{""score"":1.1607,""id"":""682707"",""slug"":""will-yair-lapid-be-the-next-prime-minister-of-israel"",""question"":""Will Yair Lapid be the next Prime Minister of Israel?"",""event_title"":""Who will be the next Prime Minister of Israel after the next election?"",""endDate"":""2026-12-31T00:00:00Z"",""volume"":""853781.8567099995"",""source"":""events_slug_path"",""active"":true,""closed"":false},{""score"":1.1607,""id"":""682712"",""slug"":""will-yair-golan-be-the-next-prime-minister-of-israel"",""question"":""Will Yair Golan be the next Prime Minister of Israel?"",""event_title"":""Who will be the next Prime Minister of Israel after the next election?"",""endDate"":""2026-12-31T00:00:00Z"",""volume"":""1588984.027024005"",""source"":""events_slug_path"",""active"":true,""closed"":false},{""score"":1.1509,""id"":""682708"",""slug"":""will-gadi-eizenkot-be-the-next-prime-minister-of-israel"",""question"":""Will Gadi Eizenkot be the next Prime Minister of Israel?"",""event_title"":""Who will be the next Prime Minister of Israel after the next election?"",""endDate"":""2026-12-31T00:00:00Z"",""volume"":""1120505.9525859999"",""source"":""events_slug_path"",""active"":true,""closed"":false},{""score"":1.1484,""id"":""682711"",""slug"":""will-yossi-cohen-be-the-next-prime-minister-of-israel"",""question"":""Will Yossi Cohen be the next Prime Minister of Israel?"",""event_title"":""Who will be the next Prime Minister of Israel after the next election?"",""endDate"":""2026-12-31T00:00:00Z"",""volume"":""1265518.9111500063"",""source"":""events_slug_path"",""active"":true,""closed"":false}]",AUTO_ACCEPTED: accepted rank=1 score=1.2320 top=1.2320 second=1.1607; score/margin guardrails disabled,,Yariv Levin,,KEPT
215,RSO-0215,37,Next Prime Minister of Israel after next election,Next Prime Minister of Israel after next election — Israel Katz,Will Israel Katz be the next Prime Minister of Israel?,Will Israel Katz be the next Prime Minister of Israel after the next election?,Israel,global_satellite,parliamentary_coalition,israel_next_pm_2026,tracked,global_satellite,multi_outcome_contract,9,Israel Katz,will-israel-katz-be-the-next-prime-minister-of-israel,will-israel-katz-be-the-next-prime-minister-of-israel-after-the-next-election,who-will-be-the-next-prime-minister-of-israel-after-the-next-election,High-volatility parliamentary/coalition PM market.,needs_slug_clob_verification,appears_strong_from_paste,appears_clear_from_paste,Expanded to visible PM outcomes.,682719,81557,0xb25a93dc8c0f28dc404f7ee41cf6788a9de054418bd068740849b4a2995486e9,"Legislative elections are schedule to be held in Israel on October 27, 2026. 

This market will resolve to the next individual who is officially appointed and sworn in as Prime Minister of Israel following the 2026 parliamentary election. If an election is called early, this market will immediately resolve to the individual who is officially appointed and sworn in after that election.

To count for resolution, the individual must be formally sworn in. Any interim or caretaker Prime Minister will not count toward the resolution of this market.

If no such Prime Minister is sworn in by December 31, 2027, 11:59 PM ET, this market will resolve to “Other”.

The primary resolution source for this market will be official information from the Government of Israel; however, a consensus of credible reporting may also be used.",,,2026-12-31T00:00:00Z,true,false,,false,true,"[""Yes"",""No""]","[""49071939739791449726827416712265617396930502300780957239086018273026268436098"",""19043464432761022117798242943058502377099044437371801839246425042395638016765""]","{""Yes"":""49071939739791449726827416712265617396930502300780957239086018273026268436098"",""No"":""19043464432761022117798242943058502377099044437371801839246425042395638016765""}",49071939739791449726827416712265617396930502300780957239086018273026268436098,19043464432761022117798242943058502377099044437371801839246425042395638016765,450250.2552020023,75511.7074,https://polymarket.com/event/will-israel-katz-be-the-next-prime-minister-of-israel,VERIFIED_READY,2026-06-25T20:35:07+00:00,"[{""score"":1.232,""id"":""682719"",""slug"":""will-israel-katz-be-the-next-prime-minister-of-israel"",""question"":""Will Israel Katz be the next Prime Minister of Israel?"",""event_title"":""Who will be the next Prime Minister of Israel after the next election?"",""endDate"":""2026-12-31T00:00:00Z"",""volume"":""450250.2552020023"",""source"":""events_slug_path"",""active"":true,""closed"":false},{""score"":1.1743,""id"":""682720"",""slug"":""will-nir-barkat-be-the-next-prime-minister-of-israel"",""question"":""Will Nir Barkat be the next Prime Minister of Israel?"",""event_title"":""Who will be the next Prime Minister of Israel after the next election?"",""endDate"":""2026-12-31T00:00:00Z"",""volume"":""682918.8697450001"",""source"":""events_slug_path"",""active"":true,""closed"":false},{""score"":1.1563,""id"":""682721"",""slug"":""will-amir-ohana-be-the-next-prime-minister-of-israel"",""question"":""Will Amir Ohana be the next Prime Minister of Israel?"",""event_title"":""Who will be the next Prime Minister of Israel after the next election?"",""endDate"":""2026-12-31T00:00:00Z"",""volume"":""1081946.3849169973"",""source"":""events_slug_path"",""active"":true,""closed"":false},{""score"":1.1557,""id"":""682717"",""slug"":""will-ayelet-shaked-be-the-next-prime-minister-of-israel"",""question"":""Will Ayelet Shaked be the next Prime Minister of Israel?"",""event_title"":""Who will be the next Prime Minister of Israel after the next election?"",""endDate"":""2026-12-31T00:00:00Z"",""volume"":""1149623.390875017"",""source"":""events_slug_path"",""active"":true,""closed"":false},{""score"":1.1473,""id"":""682707"",""slug"":""will-yair-lapid-be-the-next-prime-minister-of-israel"",""question"":""Will Yair Lapid be the next Prime Minister of Israel?"",""event_title"":""Who will be the next Prime Minister of Israel after the next election?"",""endDate"":""2026-12-31T00:00:00Z"",""volume"":""853781.8567099995"",""source"":""events_slug_path"",""active"":true,""closed"":false}]",AUTO_ACCEPTED: accepted rank=1 score=1.2320 top=1.2320 second=1.1743; score/margin guardrails disabled,,Israel Katz,,KEPT
216,RSO-0216,37,Next Prime Minister of Israel after next election,Next Prime Minister of Israel after next election — Amir Ohana,Will Amir Ohana be the next Prime Minister of Israel?,Will Amir Ohana be the next Prime Minister of Israel after the next election?,Israel,global_satellite,parliamentary_coalition,israel_next_pm_2026,tracked,global_satellite,multi_outcome_contract,10,Amir Ohana,will-amir-ohana-be-the-next-prime-minister-of-israel,will-amir-ohana-be-the-next-prime-minister-of-israel-after-the-next-election,who-will-be-the-next-prime-minister-of-israel-after-the-next-election,High-volatility parliamentary/coalition PM market.,needs_slug_clob_verification,appears_strong_from_paste,appears_clear_from_paste,Expanded to visible PM outcomes.,682721,81557,0x8cbdd0c4c6061c9e5c5a94d4a474c1880d0f2ab5ee4704a64af1e77c6d0e18d0,"Legislative elections are schedule to be held in Israel on October 27, 2026. 

This market will resolve to the next individual who is officially appointed and sworn in as Prime Minister of Israel following the 2026 parliamentary election. If an election is called early, this market will immediately resolve to the individual who is officially appointed and sworn in after that election.

To count for resolution, the individual must be formally sworn in. Any interim or caretaker Prime Minister will not count toward the resolution of this market.

If no such Prime Minister is sworn in by December 31, 2027, 11:59 PM ET, this market will resolve to “Other”.

The primary resolution source for this market will be official information from the Government of Israel; however, a consensus of credible reporting may also be used.",,,2026-12-31T00:00:00Z,true,false,,false,true,"[""Yes"",""No""]","[""37479008447091488432468168948590430208783407360102685992956858050228448972626"",""41333421621477427665902688863282016198906123342253538564690329473274114306953""]","{""Yes"":""37479008447091488432468168948590430208783407360102685992956858050228448972626"",""No"":""41333421621477427665902688863282016198906123342253538564690329473274114306953""}",37479008447091488432468168948590430208783407360102685992956858050228448972626,41333421621477427665902688863282016198906123342253538564690329473274114306953,1081946.3849169973,95764.04153,https://polymarket.com/event/will-amir-ohana-be-the-next-prime-minister-of-israel,VERIFIED_READY,2026-06-25T20:35:10+00:00,"[{""score"":1.2309,""id"":""682721"",""slug"":""will-amir-ohana-be-the-next-prime-minister-of-israel"",""question"":""Will Amir Ohana be the next Prime Minister of Israel?"",""event_title"":""Who will be the next Prime Minister of Israel after the next election?"",""endDate"":""2026-12-31T00:00:00Z"",""volume"":""1081946.3849169973"",""source"":""events_slug_path"",""active"":true,""closed"":false},{""score"":1.1737,""id"":""682712"",""slug"":""will-yair-golan-be-the-next-prime-minister-of-israel"",""question"":""Will Yair Golan be the next Prime Minister of Israel?"",""event_title"":""Who will be the next Prime Minister of Israel after the next election?"",""endDate"":""2026-12-31T00:00:00Z"",""volume"":""1588984.027024005"",""source"":""events_slug_path"",""active"":true,""closed"":false},{""score"":1.1556,""id"":""682707"",""slug"":""will-yair-lapid-be-the-next-prime-minister-of-israel"",""question"":""Will Yair Lapid be the next Prime Minister of Israel?"",""event_title"":""Who will be the next Prime Minister of Israel after the next election?"",""endDate"":""2026-12-31T00:00:00Z"",""volume"":""853781.8567099995"",""source"":""events_slug_path"",""active"":true,""closed"":false},{""score"":1.1556,""id"":""682720"",""slug"":""will-nir-barkat-be-the-next-prime-minister-of-israel"",""question"":""Will Nir Barkat be the next Prime Minister of Israel?"",""event_title"":""Who will be the next Prime Minister of Israel after the next election?"",""endDate"":""2026-12-31T00:00:00Z"",""volume"":""682918.8697450001"",""source"":""events_slug_path"",""active"":true,""closed"":false},{""score"":1.1523,""id"":""682711"",""slug"":""will-yossi-cohen-be-the-next-prime-minister-of-israel"",""question"":""Will Yossi Cohen be the next Prime Minister of Israel?"",""event_title"":""Who will be the next Prime Minister of Israel after the next election?"",""endDate"":""2026-12-31T00:00:00Z"",""volume"":""1265518.9111500063"",""source"":""events_slug_path"",""active"":true,""closed"":false}]",AUTO_ACCEPTED: accepted rank=1 score=1.2309 top=1.2309 second=1.1737; score/margin guardrails disabled,,Amir Ohana,,KEPT
217,RSO-0217,37,Next Prime Minister of Israel after next election,Next Prime Minister of Israel after next election — Gideon Sa’ar,Will Gideon Sa’ar be the next Prime Minister of Israel?,Will Gideon Sa’ar be the next Prime Minister of Israel after the next election?,Israel,global_satellite,parliamentary_coalition,israel_next_pm_2026,tracked,global_satellite,multi_outcome_contract,11,Gideon Sa’ar,will-gideon-saar-be-the-next-prime-minister-of-israel,will-gideon-saar-be-the-next-prime-minister-of-israel-after-the-next-election,who-will-be-the-next-prime-minister-of-israel-after-the-next-election,High-volatility parliamentary/coalition PM market.,needs_slug_clob_verification,appears_strong_from_paste,appears_clear_from_paste,Expanded to visible PM outcomes.,682714,81557,0xfb2cb634e693b1758fc78b38b02754472edd728bd22eb4a7023c6f49419c73d6,"Legislative elections are schedule to be held in Israel on October 27, 2026. 

This market will resolve to the next individual who is officially appointed and sworn in as Prime Minister of Israel following the 2026 parliamentary election. If an election is called early, this market will immediately resolve to the individual who is officially appointed and sworn in after that election.

To count for resolution, the individual must be formally sworn in. Any interim or caretaker Prime Minister will not count toward the resolution of this market.

If no such Prime Minister is sworn in by December 31, 2027, 11:59 PM ET, this market will resolve to “Other”.

The primary resolution source for this market will be official information from the Government of Israel; however, a consensus of credible reporting may also be used.",,,2026-12-31T00:00:00Z,true,false,,false,true,"[""Yes"",""No""]","[""113523109301381527088718768250912137532200947193534063249121987336101159734964"",""81875811432969830460135158317591338081684626327054488810775527982906009292091""]","{""Yes"":""113523109301381527088718768250912137532200947193534063249121987336101159734964"",""No"":""81875811432969830460135158317591338081684626327054488810775527982906009292091""}",113523109301381527088718768250912137532200947193534063249121987336101159734964,81875811432969830460135158317591338081684626327054488810775527982906009292091,1275031.6437980016,126409.0192,https://polymarket.com/event/will-gideon-saar-be-the-next-prime-minister-of-israel,VERIFIED_READY,2026-06-25T20:35:14+00:00,"[{""score"":1.2314,""id"":""682714"",""slug"":""will-gideon-saar-be-the-next-prime-minister-of-israel"",""question"":""Will Gideon Sa’ar be the next Prime Minister of Israel?"",""event_title"":""Who will be the next Prime Minister of Israel after the next election?"",""endDate"":""2026-12-31T00:00:00Z"",""volume"":""1275031.6437980016"",""source"":""events_slug_path"",""active"":true,""closed"":false},{""score"":1.1274,""id"":""682721"",""slug"":""will-amir-ohana-be-the-next-prime-minister-of-israel"",""question"":""Will Amir Ohana be the next Prime Minister of Israel?"",""event_title"":""Who will be the next Prime Minister of Israel after the next election?"",""endDate"":""2026-12-31T00:00:00Z"",""volume"":""1081946.3849169973"",""source"":""events_slug_path"",""active"":true,""closed"":false},{""score"":1.1274,""id"":""682720"",""slug"":""will-nir-barkat-be-the-next-prime-minister-of-israel"",""question"":""Will Nir Barkat be the next Prime Minister of Israel?"",""event_title"":""Who will be the next Prime Minister of Israel after the next election?"",""endDate"":""2026-12-31T00:00:00Z"",""volume"":""682918.8697450001"",""source"":""events_slug_path"",""active"":true,""closed"":false},{""score"":1.1242,""id"":""682719"",""slug"":""will-israel-katz-be-the-next-prime-minister-of-israel"",""question"":""Will Israel Katz be the next Prime Minister of Israel?"",""event_title"":""Who will be the next Prime Minister of Israel after the next election?"",""endDate"":""2026-12-31T00:00:00Z"",""volume"":""450250.2552020023"",""source"":""events_slug_path"",""active"":true,""closed"":false},{""score"":1.1207,""id"":""682713"",""slug"":""will-itamar-ben-gvir-be-the-next-prime-minister-of-israel"",""question"":""Will Itamar Ben Gvir be the next Prime Minister of Israel?"",""event_title"":""Who will be the next Prime Minister of Israel after the next election?"",""endDate"":""2026-12-31T00:00:00Z"",""volume"":""1223902.4748420024"",""source"":""events_slug_path"",""active"":true,""closed"":false}]",AUTO_ACCEPTED: accepted rank=1 score=1.2314 top=1.2314 second=1.1274; score/margin guardrails disabled,,Gideon Sa’ar,,KEPT
218,RSO-0218,37,Next Prime Minister of Israel after next election,Next Prime Minister of Israel after next election — Yoaz Hendel,Will Yoaz Hendel be the next Prime Minister of Israel?,Will Yoaz Hendel be the next Prime Minister of Israel after the next election?,Israel,global_satellite,parliamentary_coalition,israel_next_pm_2026,tracked,global_satellite,multi_outcome_contract,12,Yoaz Hendel,will-yoaz-hendel-be-the-next-prime-minister-of-israel,will-yoaz-hendel-be-the-next-prime-minister-of-israel-after-the-next-election,who-will-be-the-next-prime-minister-of-israel-after-the-next-election,High-volatility parliamentary/coalition PM market.,needs_slug_clob_verification,appears_strong_from_paste,appears_clear_from_paste,Expanded to visible PM outcomes.,682718,81557,0x641ee08666fd2c37f890d59b4fd32ad8a23e8500e1ad070e112a90219a4d4bfa,"Legislative elections are schedule to be held in Israel on October 27, 2026. 

This market will resolve to the next individual who is officially appointed and sworn in as Prime Minister of Israel following the 2026 parliamentary election. If an election is called early, this market will immediately resolve to the individual who is officially appointed and sworn in after that election.

To count for resolution, the individual must be formally sworn in. Any interim or caretaker Prime Minister will not count toward the resolution of this market.

If no such Prime Minister is sworn in by December 31, 2027, 11:59 PM ET, this market will resolve to “Other”.

The primary resolution source for this market will be official information from the Government of Israel; however, a consensus of credible reporting may also be used.",,,2026-12-31T00:00:00Z,true,false,,false,true,"[""Yes"",""No""]","[""12118827801400239712815717295403167152230979784826228363180815353568423454582"",""79945828798226657922113774972427013731404658850492622092083091393279328000755""]","{""Yes"":""12118827801400239712815717295403167152230979784826228363180815353568423454582"",""No"":""79945828798226657922113774972427013731404658850492622092083091393279328000755""}",12118827801400239712815717295403167152230979784826228363180815353568423454582,79945828798226657922113774972427013731404658850492622092083091393279328000755,1404304.3770560224,134714.50391,https://polymarket.com/event/will-yoaz-hendel-be-the-next-prime-minister-of-israel,VERIFIED_READY,2026-06-25T20:35:17+00:00,"[{""score"":1.232,""id"":""682718"",""slug"":""will-yoaz-hendel-be-the-next-prime-minister-of-israel"",""question"":""Will Yoaz Hendel be the next Prime Minister of Israel?"",""event_title"":""Who will be the next Prime Minister of Israel after the next election?"",""endDate"":""2026-12-31T00:00:00Z"",""volume"":""1404304.3770560224"",""source"":""events_slug_path"",""active"":true,""closed"":false},{""score"":1.1573,""id"":""682711"",""slug"":""will-yossi-cohen-be-the-next-prime-minister-of-israel"",""question"":""Will Yossi Cohen be the next Prime Minister of Israel?"",""event_title"":""Who will be the next Prime Minister of Israel after the next election?"",""endDate"":""2026-12-31T00:00:00Z"",""volume"":""1265518.9111500063"",""source"":""events_slug_path"",""active"":true,""closed"":false},{""score"":1.1484,""id"":""682715"",""slug"":""will-yariv-levin-be-the-next-prime-minister-of-israel"",""question"":""Will Yariv Levin be the next Prime Minister of Israel?"",""event_title"":""Who will be the next Prime Minister of Israel after the next election?"",""endDate"":""2026-12-31T00:00:00Z"",""volume"":""668955.4592969973"",""source"":""events_slug_path"",""active"":true,""closed"":false},{""score"":1.1427,""id"":""682707"",""slug"":""will-yair-lapid-be-the-next-prime-minister-of-israel"",""question"":""Will Yair Lapid be the next Prime Minister of Israel?"",""event_title"":""Who will be the next Prime Minister of Israel after the next election?"",""endDate"":""2026-12-31T00:00:00Z"",""volume"":""853781.8567099995"",""source"":""events_slug_path"",""active"":true,""closed"":false},{""score"":1.1427,""id"":""682712"",""slug"":""will-yair-golan-be-the-next-prime-minister-of-israel"",""question"":""Will Yair Golan be the next Prime Minister of Israel?"",""event_title"":""Who will be the next Prime Minister of Israel after the next election?"",""endDate"":""2026-12-31T00:00:00Z"",""volume"":""1588984.027024005"",""source"":""events_slug_path"",""active"":true,""closed"":false}]",AUTO_ACCEPTED: accepted rank=1 score=1.2320 top=1.2320 second=1.1573; score/margin guardrails disabled,,Yoaz Hendel,,KEPT
219,RSO-0219,37,Next Prime Minister of Israel after next election,Next Prime Minister of Israel after next election — Yair Lapid,Will Yair Lapid be the next Prime Minister of Israel?,Will Yair Lapid be the next Prime Minister of Israel after the next election?,Israel,global_satellite,parliamentary_coalition,israel_next_pm_2026,tracked,global_satellite,multi_outcome_contract,13,Yair Lapid,will-yair-lapid-be-the-next-prime-minister-of-israel,will-yair-lapid-be-the-next-prime-minister-of-israel-after-the-next-election,who-will-be-the-next-prime-minister-of-israel-after-the-next-election,High-volatility parliamentary/coalition PM market.,needs_slug_clob_verification,appears_strong_from_paste,appears_clear_from_paste,Expanded to visible PM outcomes.,682707,81557,0x45a79193a66e5078a29c625e78e0d4b9a059edef8e206097c48bbfe7eaf9590e,"Legislative elections are schedule to be held in Israel on October 27, 2026. 

This market will resolve to the next individual who is officially appointed and sworn in as Prime Minister of Israel following the 2026 parliamentary election. If an election is called early, this market will immediately resolve to the individual who is officially appointed and sworn in after that election.

To count for resolution, the individual must be formally sworn in. Any interim or caretaker Prime Minister will not count toward the resolution of this market.

If no such Prime Minister is sworn in by December 31, 2027, 11:59 PM ET, this market will resolve to “Other”.

The primary resolution source for this market will be official information from the Government of Israel; however, a consensus of credible reporting may also be used.",,,2026-12-31T00:00:00Z,true,false,,false,true,"[""Yes"",""No""]","[""30912854850866302644106316438153629460678506137655559406260043509960678109607"",""111793355166132295017239163560645146761744336187614021796771100619201573005168""]","{""Yes"":""30912854850866302644106316438153629460678506137655559406260043509960678109607"",""No"":""111793355166132295017239163560645146761744336187614021796771100619201573005168""}",30912854850866302644106316438153629460678506137655559406260043509960678109607,111793355166132295017239163560645146761744336187614021796771100619201573005168,853781.8567099995,122652.14425,https://polymarket.com/event/will-yair-lapid-be-the-next-prime-minister-of-israel,VERIFIED_READY,2026-06-25T20:35:20+00:00,"[{""score"":1.2309,""id"":""682707"",""slug"":""will-yair-lapid-be-the-next-prime-minister-of-israel"",""question"":""Will Yair Lapid be the next Prime Minister of Israel?"",""event_title"":""Who will be the next Prime Minister of Israel after the next election?"",""endDate"":""2026-12-31T00:00:00Z"",""volume"":""853781.8567099995"",""source"":""events_slug_path"",""active"":true,""closed"":false},{""score"":1.1887,""id"":""682712"",""slug"":""will-yair-golan-be-the-next-prime-minister-of-israel"",""question"":""Will Yair Golan be the next Prime Minister of Israel?"",""event_title"":""Who will be the next Prime Minister of Israel after the next election?"",""endDate"":""2026-12-31T00:00:00Z"",""volume"":""1588984.027024005"",""source"":""events_slug_path"",""active"":true,""closed"":false},{""score"":1.1613,""id"":""682715"",""slug"":""will-yariv-levin-be-the-next-prime-minister-of-israel"",""question"":""Will Yariv Levin be the next Prime Minister of Israel?"",""event_title"":""Who will be the next Prime Minister of Israel after the next election?"",""endDate"":""2026-12-31T00:00:00Z"",""volume"":""668955.4592969973"",""source"":""events_slug_path"",""active"":true,""closed"":false},{""score"":1.1556,""id"":""682721"",""slug"":""will-amir-ohana-be-the-next-prime-minister-of-israel"",""question"":""Will Amir Ohana be the next Prime Minister of Israel?"",""event_title"":""Who will be the next Prime Minister of Israel after the next election?"",""endDate"":""2026-12-31T00:00:00Z"",""volume"":""1081946.3849169973"",""source"":""events_slug_path"",""active"":true,""closed"":false},{""score"":1.1465,""id"":""682720"",""slug"":""will-nir-barkat-be-the-next-prime-minister-of-israel"",""question"":""Will Nir Barkat be the next Prime Minister of Israel?"",""event_title"":""Who will be the next Prime Minister of Israel after the next election?"",""endDate"":""2026-12-31T00:00:00Z"",""volume"":""682918.8697450001"",""source"":""events_slug_path"",""active"":true,""closed"":false}]",AUTO_ACCEPTED: accepted rank=1 score=1.2309 top=1.2309 second=1.1887; score/margin guardrails disabled,,Yair Lapid,,KEPT
220,RSO-0220,37,Next Prime Minister of Israel after next election,Next Prime Minister of Israel after next election — Yossi Cohen,Will Yossi Cohen be the next Prime Minister of Israel?,Will Yossi Cohen be the next Prime Minister of Israel after the next election?,Israel,global_satellite,parliamentary_coalition,israel_next_pm_2026,tracked,global_satellite,multi_outcome_contract,14,Yossi Cohen,will-yossi-cohen-be-the-next-prime-minister-of-israel,will-yossi-cohen-be-the-next-prime-minister-of-israel-after-the-next-election,who-will-be-the-next-prime-minister-of-israel-after-the-next-election,High-volatility parliamentary/coalition PM market.,needs_slug_clob_verification,appears_strong_from_paste,appears_clear_from_paste,Expanded to visible PM outcomes.,682711,81557,0xa653be0f150dbe055a532ea02977338bb31f49d1f723b2a48c1f67847a73cb7d,"Legislative elections are schedule to be held in Israel on October 27, 2026. 

This market will resolve to the next individual who is officially appointed and sworn in as Prime Minister of Israel following the 2026 parliamentary election. If an election is called early, this market will immediately resolve to the individual who is officially appointed and sworn in after that election.

To count for resolution, the individual must be formally sworn in. Any interim or caretaker Prime Minister will not count toward the resolution of this market.

If no such Prime Minister is sworn in by December 31, 2027, 11:59 PM ET, this market will resolve to “Other”.

The primary resolution source for this market will be official information from the Government of Israel; however, a consensus of credible reporting may also be used.",,,2026-12-31T00:00:00Z,true,false,,false,true,"[""Yes"",""No""]","[""80908635602471552886049573110321791161186841957249509900771759394573505359926"",""279135026232966548267372221910300904521833390614952028405533756942338898146""]","{""Yes"":""80908635602471552886049573110321791161186841957249509900771759394573505359926"",""No"":""279135026232966548267372221910300904521833390614952028405533756942338898146""}",80908635602471552886049573110321791161186841957249509900771759394573505359926,279135026232966548267372221910300904521833390614952028405533756942338898146,1265518.9111500063,106779.75135,https://polymarket.com/event/will-yossi-cohen-be-the-next-prime-minister-of-israel,VERIFIED_READY,2026-06-25T20:35:23+00:00,"[{""score"":1.232,""id"":""682711"",""slug"":""will-yossi-cohen-be-the-next-prime-minister-of-israel"",""question"":""Will Yossi Cohen be the next Prime Minister of Israel?"",""event_title"":""Who will be the next Prime Minister of Israel after the next election?"",""endDate"":""2026-12-31T00:00:00Z"",""volume"":""1265518.9111500063"",""source"":""events_slug_path"",""active"":true,""closed"":false},{""score"":1.1573,""id"":""682718"",""slug"":""will-yoaz-hendel-be-the-next-prime-minister-of-israel"",""question"":""Will Yoaz Hendel be the next Prime Minister of Israel?"",""event_title"":""Who will be the next Prime Minister of Israel after the next election?"",""endDate"":""2026-12-31T00:00:00Z"",""volume"":""1404304.3770560224"",""source"":""events_slug_path"",""active"":true,""closed"":false},{""score"":1.1517,""id"":""682721"",""slug"":""will-amir-ohana-be-the-next-prime-minister-of-israel"",""question"":""Will Amir Ohana be the next Prime Minister of Israel?"",""event_title"":""Who will be the next Prime Minister of Israel after the next election?"",""endDate"":""2026-12-31T00:00:00Z"",""volume"":""1081946.3849169973"",""source"":""events_slug_path"",""active"":true,""closed"":false},{""score"":1.1484,""id"":""682715"",""slug"":""will-yariv-levin-be-the-next-prime-minister-of-israel"",""question"":""Will Yariv Levin be the next Prime Minister of Israel?"",""event_title"":""Who will be the next Prime Minister of Israel after the next election?"",""endDate"":""2026-12-31T00:00:00Z"",""volume"":""668955.4592969973"",""source"":""events_slug_path"",""active"":true,""closed"":false},{""score"":1.1421,""id"":""682716"",""slug"":""will-moshe-feiglin-be-the-next-prime-minister-of-israel"",""question"":""Will Moshe Feiglin be the next Prime Minister of Israel?"",""event_title"":""Who will be the next Prime Minister of Israel after the next election?"",""endDate"":""2026-12-31T00:00:00Z"",""volume"":""887427.8212770014"",""source"":""events_slug_path"",""active"":true,""closed"":false}]",AUTO_ACCEPTED: accepted rank=1 score=1.2320 top=1.2320 second=1.1573; score/margin guardrails disabled,,Yossi Cohen,,KEPT
221,RSO-0221,37,Next Prime Minister of Israel after next election,Next Prime Minister of Israel after next election — Yair Golan,Will Yair Golan be the next Prime Minister of Israel?,Will Yair Golan be the next Prime Minister of Israel after the next election?,Israel,global_satellite,parliamentary_coalition,israel_next_pm_2026,tracked,global_satellite,multi_outcome_contract,15,Yair Golan,will-yair-golan-be-the-next-prime-minister-of-israel,will-yair-golan-be-the-next-prime-minister-of-israel-after-the-next-election,who-will-be-the-next-prime-minister-of-israel-after-the-next-election,High-volatility parliamentary/coalition PM market.,needs_slug_clob_verification,appears_strong_from_paste,appears_clear_from_paste,Expanded to visible PM outcomes.,682712,81557,0xfcd53c97fef81c4ecad8a97c8c47fdf1ce0a54a0daeff7bae53eaa3a9af343f2,"Legislative elections are schedule to be held in Israel on October 27, 2026. 

This market will resolve to the next individual who is officially appointed and sworn in as Prime Minister of Israel following the 2026 parliamentary election. If an election is called early, this market will immediately resolve to the individual who is officially appointed and sworn in after that election.

To count for resolution, the individual must be formally sworn in. Any interim or caretaker Prime Minister will not count toward the resolution of this market.

If no such Prime Minister is sworn in by December 31, 2027, 11:59 PM ET, this market will resolve to “Other”.

The primary resolution source for this market will be official information from the Government of Israel; however, a consensus of credible reporting may also be used.",,,2026-12-31T00:00:00Z,true,false,,false,true,"[""Yes"",""No""]","[""38003127295883228185689665963602138176190384641897237734105806870773590495970"",""43581484654171741412819396053420951222941194520459214805405618926172095980803""]","{""Yes"":""38003127295883228185689665963602138176190384641897237734105806870773590495970"",""No"":""43581484654171741412819396053420951222941194520459214805405618926172095980803""}",38003127295883228185689665963602138176190384641897237734105806870773590495970,43581484654171741412819396053420951222941194520459214805405618926172095980803,1588984.027024005,79722.52305,https://polymarket.com/event/will-yair-golan-be-the-next-prime-minister-of-israel,VERIFIED_READY,2026-06-25T20:35:26+00:00,"[{""score"":1.2309,""id"":""682712"",""slug"":""will-yair-golan-be-the-next-prime-minister-of-israel"",""question"":""Will Yair Golan be the next Prime Minister of Israel?"",""event_title"":""Who will be the next Prime Minister of Israel after the next election?"",""endDate"":""2026-12-31T00:00:00Z"",""volume"":""1588984.027024005"",""source"":""events_slug_path"",""active"":true,""closed"":false},{""score"":1.1887,""id"":""682707"",""slug"":""will-yair-lapid-be-the-next-prime-minister-of-israel"",""question"":""Will Yair Lapid be the next Prime Minister of Israel?"",""event_title"":""Who will be the next Prime Minister of Israel after the next election?"",""endDate"":""2026-12-31T00:00:00Z"",""volume"":""853781.8567099995"",""source"":""events_slug_path"",""active"":true,""closed"":false},{""score"":1.1737,""id"":""682721"",""slug"":""will-amir-ohana-be-the-next-prime-minister-of-israel"",""question"":""Will Amir Ohana be the next Prime Minister of Israel?"",""event_title"":""Who will be the next Prime Minister of Israel after the next election?"",""endDate"":""2026-12-31T00:00:00Z"",""volume"":""1081946.3849169973"",""source"":""events_slug_path"",""active"":true,""closed"":false},{""score"":1.1613,""id"":""682715"",""slug"":""will-yariv-levin-be-the-next-prime-minister-of-israel"",""question"":""Will Yariv Levin be the next Prime Minister of Israel?"",""event_title"":""Who will be the next Prime Minister of Israel after the next election?"",""endDate"":""2026-12-31T00:00:00Z"",""volume"":""668955.4592969973"",""source"":""events_slug_path"",""active"":true,""closed"":false},{""score"":1.1523,""id"":""682709"",""slug"":""will-benny-gantz-be-the-next-prime-minister-of-israel"",""question"":""Will Benny Gantz be the next Prime Minister of Israel?"",""event_title"":""Who will be the next Prime Minister of Israel after the next election?"",""endDate"":""2026-12-31T00:00:00Z"",""volume"":""1378424.2665830005"",""source"":""events_slug_path"",""active"":true,""closed"":false}]",AUTO_ACCEPTED: accepted rank=1 score=1.2309 top=1.2309 second=1.1887; score/margin guardrails disabled,,Yair Golan,,KEPT
222,RSO-0222,37,Next Prime Minister of Israel after next election,Next Prime Minister of Israel after next election — Nir Barkat,Will Nir Barkat be the next Prime Minister of Israel?,Will Nir Barkat be the next Prime Minister of Israel after the next election?,Israel,global_satellite,parliamentary_coalition,israel_next_pm_2026,tracked,global_satellite,multi_outcome_contract,16,Nir Barkat,will-nir-barkat-be-the-next-prime-minister-of-israel,will-nir-barkat-be-the-next-prime-minister-of-israel-after-the-next-election,who-will-be-the-next-prime-minister-of-israel-after-the-next-election,High-volatility parliamentary/coalition PM market.,needs_slug_clob_verification,appears_strong_from_paste,appears_clear_from_paste,Expanded to visible PM outcomes.,682720,81557,0xd8625515585b5bf81d9c1262a1d2b0212a6f2a7a5c5f6ef6c993f7cc269f92dd,"Legislative elections are schedule to be held in Israel on October 27, 2026. 

This market will resolve to the next individual who is officially appointed and sworn in as Prime Minister of Israel following the 2026 parliamentary election. If an election is called early, this market will immediately resolve to the individual who is officially appointed and sworn in after that election.

To count for resolution, the individual must be formally sworn in. Any interim or caretaker Prime Minister will not count toward the resolution of this market.

If no such Prime Minister is sworn in by December 31, 2027, 11:59 PM ET, this market will resolve to “Other”.

The primary resolution source for this market will be official information from the Government of Israel; however, a consensus of credible reporting may also be used.",,,2026-12-31T00:00:00Z,true,false,,false,true,"[""Yes"",""No""]","[""62339970278220985797814574706934957062291648936534682461243840366141506822305"",""112784945836371382476817217560359453579867358299469098851346726890052495671161""]","{""Yes"":""62339970278220985797814574706934957062291648936534682461243840366141506822305"",""No"":""112784945836371382476817217560359453579867358299469098851346726890052495671161""}",62339970278220985797814574706934957062291648936534682461243840366141506822305,112784945836371382476817217560359453579867358299469098851346726890052495671161,682918.8697450001,77188.63779,https://polymarket.com/event/will-nir-barkat-be-the-next-prime-minister-of-israel,VERIFIED_READY,2026-06-25T20:35:29+00:00,"[{""score"":1.2309,""id"":""682720"",""slug"":""will-nir-barkat-be-the-next-prime-minister-of-israel"",""question"":""Will Nir Barkat be the next Prime Minister of Israel?"",""event_title"":""Who will be the next Prime Minister of Israel after the next election?"",""endDate"":""2026-12-31T00:00:00Z"",""volume"":""682918.8697450001"",""source"":""events_slug_path"",""active"":true,""closed"":false},{""score"":1.1613,""id"":""682719"",""slug"":""will-israel-katz-be-the-next-prime-minister-of-israel"",""question"":""Will Israel Katz be the next Prime Minister of Israel?"",""event_title"":""Who will be the next Prime Minister of Israel after the next election?"",""endDate"":""2026-12-31T00:00:00Z"",""volume"":""450250.2552020023"",""source"":""events_slug_path"",""active"":true,""closed"":false},{""score"":1.1556,""id"":""682721"",""slug"":""will-amir-ohana-be-the-next-prime-minister-of-israel"",""question"":""Will Amir Ohana be the next Prime Minister of Israel?"",""event_title"":""Who will be the next Prime Minister of Israel after the next election?"",""endDate"":""2026-12-31T00:00:00Z"",""volume"":""1081946.3849169973"",""source"":""events_slug_path"",""active"":true,""closed"":false},{""score"":1.1465,""id"":""682707"",""slug"":""will-yair-lapid-be-the-next-prime-minister-of-israel"",""question"":""Will Yair Lapid be the next Prime Minister of Israel?"",""event_title"":""Who will be the next Prime Minister of Israel after the next election?"",""endDate"":""2026-12-31T00:00:00Z"",""volume"":""853781.8567099995"",""source"":""events_slug_path"",""active"":true,""closed"":false},{""score"":1.1465,""id"":""682712"",""slug"":""will-yair-golan-be-the-next-prime-minister-of-israel"",""question"":""Will Yair Golan be the next Prime Minister of Israel?"",""event_title"":""Who will be the next Prime Minister of Israel after the next election?"",""endDate"":""2026-12-31T00:00:00Z"",""volume"":""1588984.027024005"",""source"":""events_slug_path"",""active"":true,""closed"":false}]",AUTO_ACCEPTED: accepted rank=1 score=1.2309 top=1.2309 second=1.1613; score/margin guardrails disabled,,Nir Barkat,,KEPT
223,RSO-0223,37,Next Prime Minister of Israel after next election,Next Prime Minister of Israel after next election — Ayelet Shaked,Will Ayelet Shaked be the next Prime Minister of Israel?,Will Ayelet Shaked be the next Prime Minister of Israel after the next election?,Israel,global_satellite,parliamentary_coalition,israel_next_pm_2026,tracked,global_satellite,multi_outcome_contract,17,Ayelet Shaked,will-ayelet-shaked-be-the-next-prime-minister-of-israel,will-ayelet-shaked-be-the-next-prime-minister-of-israel-after-the-next-election,who-will-be-the-next-prime-minister-of-israel-after-the-next-election,High-volatility parliamentary/coalition PM market.,needs_slug_clob_verification,appears_strong_from_paste,appears_clear_from_paste,Expanded to visible PM outcomes.,682717,81557,0x80a849ac73eefe56d4d613e44b45e32b9f91f0bfc77173b732cffac7daab3b3b,"Legislative elections are schedule to be held in Israel on October 27, 2026. 

This market will resolve to the next individual who is officially appointed and sworn in as Prime Minister of Israel following the 2026 parliamentary election. If an election is called early, this market will immediately resolve to the individual who is officially appointed and sworn in after that election.

To count for resolution, the individual must be formally sworn in. Any interim or caretaker Prime Minister will not count toward the resolution of this market.

If no such Prime Minister is sworn in by December 31, 2027, 11:59 PM ET, this market will resolve to “Other”.

The primary resolution source for this market will be official information from the Government of Israel; however, a consensus of credible reporting may also be used.",,,2026-12-31T00:00:00Z,true,false,,false,true,"[""Yes"",""No""]","[""20847822223909889861535421917104908467512615252569123202591433051136381225081"",""51335026900511121172886671510765892467376178035614364304866967243515317632750""]","{""Yes"":""20847822223909889861535421917104908467512615252569123202591433051136381225081"",""No"":""51335026900511121172886671510765892467376178035614364304866967243515317632750""}",20847822223909889861535421917104908467512615252569123202591433051136381225081,51335026900511121172886671510765892467376178035614364304866967243515317632750,1149623.390875017,195211.38444,https://polymarket.com/event/will-ayelet-shaked-be-the-next-prime-minister-of-israel,VERIFIED_READY,2026-06-25T20:35:32+00:00,"[{""score"":1.234,""id"":""682717"",""slug"":""will-ayelet-shaked-be-the-next-prime-minister-of-israel"",""question"":""Will Ayelet Shaked be the next Prime Minister of Israel?"",""event_title"":""Who will be the next Prime Minister of Israel after the next election?"",""endDate"":""2026-12-31T00:00:00Z"",""volume"":""1149623.390875017"",""source"":""events_slug_path"",""active"":true,""closed"":false},{""score"":1.1352,""id"":""682707"",""slug"":""will-yair-lapid-be-the-next-prime-minister-of-israel"",""question"":""Will Yair Lapid be the next Prime Minister of Israel?"",""event_title"":""Who will be the next Prime Minister of Israel after the next election?"",""endDate"":""2026-12-31T00:00:00Z"",""volume"":""853781.8567099995"",""source"":""events_slug_path"",""active"":true,""closed"":false},{""score"":1.1352,""id"":""682721"",""slug"":""will-amir-ohana-be-the-next-prime-minister-of-israel"",""question"":""Will Amir Ohana be the next Prime Minister of Israel?"",""event_title"":""Who will be the next Prime Minister of Israel after the next election?"",""endDate"":""2026-12-31T00:00:00Z"",""volume"":""1081946.3849169973"",""source"":""events_slug_path"",""active"":true,""closed"":false},{""score"":1.1321,""id"":""682719"",""slug"":""will-israel-katz-be-the-next-prime-minister-of-israel"",""question"":""Will Israel Katz be the next Prime Minister of Israel?"",""event_title"":""Who will be the next Prime Minister of Israel after the next election?"",""endDate"":""2026-12-31T00:00:00Z"",""volume"":""450250.2552020023"",""source"":""events_slug_path"",""active"":true,""closed"":false},{""score"":1.13,""id"":""682714"",""slug"":""will-gideon-saar-be-the-next-prime-minister-of-israel"",""question"":""Will Gideon Sa’ar be the next Prime Minister of Israel?"",""event_title"":""Who will be the next Prime Minister of Israel after the next election?"",""endDate"":""2026-12-31T00:00:00Z"",""volume"":""1275031.6437980016"",""source"":""events_slug_path"",""active"":true,""closed"":false}]",AUTO_ACCEPTED: accepted rank=1 score=1.2340 top=1.2340 second=1.1352; score/margin guardrails disabled,,Ayelet Shaked,,KEPT
224,RSO-0224,37,Next Prime Minister of Israel after next election,Next Prime Minister of Israel after next election — Moshe Feiglin,Will Moshe Feiglin be the next Prime Minister of Israel?,Will Moshe Feiglin be the next Prime Minister of Israel after the next election?,Israel,global_satellite,parliamentary_coalition,israel_next_pm_2026,tracked,global_satellite,multi_outcome_contract,18,Moshe Feiglin,will-moshe-feiglin-be-the-next-prime-minister-of-israel,will-moshe-feiglin-be-the-next-prime-minister-of-israel-after-the-next-election,who-will-be-the-next-prime-minister-of-israel-after-the-next-election,High-volatility parliamentary/coalition PM market.,needs_slug_clob_verification,appears_strong_from_paste,appears_clear_from_paste,Expanded to visible PM outcomes.,682716,81557,0x673db99d92473e9ee854b8a0ec0cff15d156e5c33a13e1e12db7266d33fde4d3,"Legislative elections are schedule to be held in Israel on October 27, 2026. 

This market will resolve to the next individual who is officially appointed and sworn in as Prime Minister of Israel following the 2026 parliamentary election. If an election is called early, this market will immediately resolve to the individual who is officially appointed and sworn in after that election.

To count for resolution, the individual must be formally sworn in. Any interim or caretaker Prime Minister will not count toward the resolution of this market.

If no such Prime Minister is sworn in by December 31, 2027, 11:59 PM ET, this market will resolve to “Other”.

The primary resolution source for this market will be official information from the Government of Israel; however, a consensus of credible reporting may also be used.",,,2026-12-31T00:00:00Z,true,false,,false,true,"[""Yes"",""No""]","[""53508697093100828360254088937709702626357043454735600798387762815121144942132"",""39386316279472057708568031551637704263472919398678226267562598452109247532981""]","{""Yes"":""53508697093100828360254088937709702626357043454735600798387762815121144942132"",""No"":""39386316279472057708568031551637704263472919398678226267562598452109247532981""}",53508697093100828360254088937709702626357043454735600798387762815121144942132,39386316279472057708568031551637704263472919398678226267562598452109247532981,887427.8212770014,105237.73796,https://polymarket.com/event/will-moshe-feiglin-be-the-next-prime-minister-of-israel,VERIFIED_READY,2026-06-25T20:35:35+00:00,"[{""score"":1.234,""id"":""682716"",""slug"":""will-moshe-feiglin-be-the-next-prime-minister-of-israel"",""question"":""Will Moshe Feiglin be the next Prime Minister of Israel?"",""event_title"":""Who will be the next Prime Minister of Israel after the next election?"",""endDate"":""2026-12-31T00:00:00Z"",""volume"":""887427.8212770014"",""source"":""events_slug_path"",""active"":true,""closed"":false},{""score"":1.1409,""id"":""682711"",""slug"":""will-yossi-cohen-be-the-next-prime-minister-of-israel"",""question"":""Will Yossi Cohen be the next Prime Minister of Israel?"",""event_title"":""Who will be the next Prime Minister of Israel after the next election?"",""endDate"":""2026-12-31T00:00:00Z"",""volume"":""1265518.9111500063"",""source"":""events_slug_path"",""active"":true,""closed"":false},{""score"":1.1409,""id"":""682718"",""slug"":""will-yoaz-hendel-be-the-next-prime-minister-of-israel"",""question"":""Will Yoaz Hendel be the next Prime Minister of Israel?"",""event_title"":""Who will be the next Prime Minister of Israel after the next election?"",""endDate"":""2026-12-31T00:00:00Z"",""volume"":""1404304.3770560224"",""source"":""events_slug_path"",""active"":true,""closed"":false},{""score"":1.1352,""id"":""682721"",""slug"":""will-amir-ohana-be-the-next-prime-minister-of-israel"",""question"":""Will Amir Ohana be the next Prime Minister of Israel?"",""event_title"":""Who will be the next Prime Minister of Israel after the next election?"",""endDate"":""2026-12-31T00:00:00Z"",""volume"":""1081946.3849169973"",""source"":""events_slug_path"",""active"":true,""closed"":false},{""score"":1.1321,""id"":""682709"",""slug"":""will-benny-gantz-be-the-next-prime-minister-of-israel"",""question"":""Will Benny Gantz be the next Prime Minister of Israel?"",""event_title"":""Who will be the next Prime Minister of Israel after the next election?"",""endDate"":""2026-12-31T00:00:00Z"",""volume"":""1378424.2665830005"",""source"":""events_slug_path"",""active"":true,""closed"":false}]",AUTO_ACCEPTED: accepted rank=1 score=1.2340 top=1.2340 second=1.1409; score/margin guardrails disabled,,Moshe Feiglin,,KEPT
225,RSO-0225,38,Israeli Legislative Election Winner,Israeli Legislative Election Winner — Likud,Will Likud win the most seats in the 2026 Israeli legislative election?,Will Likud win the Israeli legislative election?,Israel,global_satellite,parliamentary_coalition,israel_most_seats_2026,tracked,global_satellite,multi_outcome_contract,1,Likud,will-likud-win-the-most-seats-in-the-2026-israeli-legislative-election,will-likud-win-the-israeli-legislative-election,israeli-legislative-election-winner,Most-seats counterpart to Israel PM market.,needs_slug_clob_verification,needs_orderbook_check,appears_clear_from_paste,Expanded to all visible party outcomes.,2100981,425728,0xf77fa3e63014f1f76ea4433dac66b3860493ed7f1a9fee3dfbef9104d7f1eee3,"Legislative elections are expected to be held in Israel on October 27, 2026.

This market will resolve according to the political party or coalition that wins the greatest number of seats in the Israeli Knesset as a result of this election.

If the results of this election are not definitively known by June 30, 2027, 11:59 PM ET, this market will resolve to ""Other"".

In the event of a tie between multiple parties or coalitions for the most seats won, this market will resolve in favor of the party or coalition whose candidate list received a greater number of valid votes. In the event that results in a tie, this market will resolve in favor of the party whose listed name appears first in alphabetical order.

This market's resolution will be based solely on the number of seats won by the named party or coalition in the Israeli Knesset.

This market will resolve based on the election results, as indicated by a consensus of credible reporting. If there is ambiguity, this market will resolve based solely on the official results as reported by Israel’s Central Election Committee (Va'adet HaBehirot HaMerkazit) (https://www.gov.il/en/departments/central-elections-committee/govil-landing-page).

The following rules govern the merging, joint contention, and splitting of listed parties:

- If Likud or Together (or any successor party created through a merger) merge with or contest the election jointly with any other party, the option corresponding to Likud or Together will represent the resultant candidate list or merged party. 

Otherwise:

- If a listed party merges with, or contests the election as part of a joint candidate list with, one or more unlisted parties prior to the election, the option corresponding to the listed party will represent all seats won by the merged party or joint candidate list. If a listed party merges with, or contests the election as part of a joint candidate list with, one or more other listed parties prior to the election, the option corresponding to the party which held the most seats in the prior Knesset will represent all seats won by the merged party/joint candidate list. If these rules do not adequately determine which option represents a merged party or joint candidate list, the listed party whose name, as listed in this market, comes first in alphabetical order, will represent all seats won by the merged party or joint candidate list.

- If a listed party splits into multiple parties prior to the election, the option corresponding to the listed party will represent the resulting party that holds the greatest number of seats in the Israeli Knesset as a result of the split. If these rules do not adequately determine which party represents a listed option after a split, the listed option will represent all seats won by the party resulting from the split whose primary English name comes first in alphabetical order.
",,,2026-10-27T00:00:00Z,true,false,,false,true,"[""Yes"",""No""]","[""40530616708770133196461535468385029946615148250396571867031554779644977064648"",""112833774316104951988690985316609270957261648365641646812446420693891587882096""]","{""Yes"":""40530616708770133196461535468385029946615148250396571867031554779644977064648"",""No"":""112833774316104951988690985316609270957261648365641646812446420693891587882096""}",40530616708770133196461535468385029946615148250396571867031554779644977064648,112833774316104951988690985316609270957261648365641646812446420693891587882096,14380.452186,28187.7482,https://polymarket.com/event/will-likud-win-the-most-seats-in-the-2026-israeli-legislative-election,VERIFIED_READY,2026-06-25T20:35:38+00:00,"[{""score"":1.1585,""id"":""2100981"",""slug"":""will-likud-win-the-most-seats-in-the-2026-israeli-legislative-election"",""question"":""Will Likud win the most seats in the 2026 Israeli legislative election?"",""event_title"":""Israeli Legislative Election Winner"",""endDate"":""2026-10-27T00:00:00Z"",""volume"":""14380.452186"",""source"":""events_slug_path"",""active"":true,""closed"":false},{""score"":1.0854,""id"":""2100983"",""slug"":""will-shas-win-the-most-seats-in-the-2026-israeli-legislative-election"",""question"":""Will Shas win the most seats in the 2026 Israeli legislative election?"",""event_title"":""Israeli Legislative Election Winner"",""endDate"":""2026-10-27T00:00:00Z"",""volume"":""1938.692832"",""source"":""events_slug_path"",""active"":true,""closed"":false},{""score"":1.0789,""id"":""2100984"",""slug"":""will-yashar-win-the-most-seats-in-the-2026-israeli-legislative-election"",""question"":""Will Yashar win the most seats in the 2026 Israeli legislative election?"",""event_title"":""Israeli Legislative Election Winner"",""endDate"":""2026-10-27T00:00:00Z"",""volume"":""9361.451514999997"",""source"":""events_slug_path"",""active"":true,""closed"":false},{""score"":1.0738,""id"":""2100986"",""slug"":""will-otzma-yehudit-win-the-most-seats-in-the-2026-israeli-legislative-election"",""question"":""Will Otzma Yehudit win the most seats in the 2026 Israeli legislative election?"",""event_title"":""Israeli Legislative Election Winner"",""endDate"":""2026-10-27T00:00:00Z"",""volume"":""3817.553832"",""source"":""events_slug_path"",""active"":true,""closed"":false},{""score"":1.0708,""id"":""2100982"",""slug"":""will-together-win-the-most-seats-in-the-2026-israeli-legislative-election"",""question"":""Will Together win the most seats in the 2026 Israeli legislative election?"",""event_title"":""Israeli Legislative Election Winner"",""endDate"":""2026-10-27T00:00:00Z"",""volume"":""11509.135664000003"",""source"":""events_slug_path"",""active"":true,""closed"":false}]",AUTO_ACCEPTED: accepted rank=1 score=1.1585 top=1.1585 second=1.0854; score/margin guardrails disabled,,Likud,,KEPT
226,RSO-0226,38,Israeli Legislative Election Winner,Israeli Legislative Election Winner — Yashar,Will Yashar win the most seats in the 2026 Israeli legislative election?,Will Yashar win the Israeli legislative election?,Israel,global_satellite,parliamentary_coalition,israel_most_seats_2026,tracked,global_satellite,multi_outcome_contract,2,Yashar,will-yashar-win-the-most-seats-in-the-2026-israeli-legislative-election,will-yashar-win-the-israeli-legislative-election,israeli-legislative-election-winner,Most-seats counterpart to Israel PM market.,needs_slug_clob_verification,needs_orderbook_check,appears_clear_from_paste,Expanded to all visible party outcomes.,2100984,425728,0xd05da9807740aa0f5bc9e9232daabe87a21e5012c19e283abf414f1c1651118b,"Legislative elections are expected to be held in Israel on October 27, 2026.

This market will resolve according to the political party or coalition that wins the greatest number of seats in the Israeli Knesset as a result of this election.

If the results of this election are not definitively known by June 30, 2027, 11:59 PM ET, this market will resolve to ""Other"".

In the event of a tie between multiple parties or coalitions for the most seats won, this market will resolve in favor of the party or coalition whose candidate list received a greater number of valid votes. In the event that results in a tie, this market will resolve in favor of the party whose listed name appears first in alphabetical order.

This market's resolution will be based solely on the number of seats won by the named party or coalition in the Israeli Knesset.

This market will resolve based on the election results, as indicated by a consensus of credible reporting. If there is ambiguity, this market will resolve based solely on the official results as reported by Israel’s Central Election Committee (Va'adet HaBehirot HaMerkazit) (https://www.gov.il/en/departments/central-elections-committee/govil-landing-page).

The following rules govern the merging, joint contention, and splitting of listed parties:

- If Likud or Together (or any successor party created through a merger) merge with or contest the election jointly with any other party, the option corresponding to Likud or Together will represent the resultant candidate list or merged party. 

Otherwise:

- If a listed party merges with, or contests the election as part of a joint candidate list with, one or more unlisted parties prior to the election, the option corresponding to the listed party will represent all seats won by the merged party or joint candidate list. If a listed party merges with, or contests the election as part of a joint candidate list with, one or more other listed parties prior to the election, the option corresponding to the party which held the most seats in the prior Knesset will represent all seats won by the merged party/joint candidate list. If these rules do not adequately determine which option represents a merged party or joint candidate list, the listed party whose name, as listed in this market, comes first in alphabetical order, will represent all seats won by the merged party or joint candidate list.

- If a listed party splits into multiple parties prior to the election, the option corresponding to the listed party will represent the resulting party that holds the greatest number of seats in the Israeli Knesset as a result of the split. If these rules do not adequately determine which party represents a listed option after a split, the listed option will represent all seats won by the party resulting from the split whose primary English name comes first in alphabetical order.
",,,2026-10-27T00:00:00Z,true,false,,false,true,"[""Yes"",""No""]","[""9025448570994866714151390167666974197623007132973626623412960268955048642964"",""63424755361185170901233281121558927457624032744827678779847584269740504139135""]","{""Yes"":""9025448570994866714151390167666974197623007132973626623412960268955048642964"",""No"":""63424755361185170901233281121558927457624032744827678779847584269740504139135""}",9025448570994866714151390167666974197623007132973626623412960268955048642964,63424755361185170901233281121558927457624032744827678779847584269740504139135,9361.451514999997,25214.077,https://polymarket.com/event/will-yashar-win-the-most-seats-in-the-2026-israeli-legislative-election,VERIFIED_READY,2026-06-25T20:35:41+00:00,"[{""score"":1.1588,""id"":""2100984"",""slug"":""will-yashar-win-the-most-seats-in-the-2026-israeli-legislative-election"",""question"":""Will Yashar win the most seats in the 2026 Israeli legislative election?"",""event_title"":""Israeli Legislative Election Winner"",""endDate"":""2026-10-27T00:00:00Z"",""volume"":""9361.451514999997"",""source"":""events_slug_path"",""active"":true,""closed"":false},{""score"":1.1107,""id"":""2100983"",""slug"":""will-shas-win-the-most-seats-in-the-2026-israeli-legislative-election"",""question"":""Will Shas win the most seats in the 2026 Israeli legislative election?"",""event_title"":""Israeli Legislative Election Winner"",""endDate"":""2026-10-27T00:00:00Z"",""volume"":""1938.692832"",""source"":""events_slug_path"",""active"":true,""closed"":false},{""score"":1.0858,""id"":""2100982"",""slug"":""will-together-win-the-most-seats-in-the-2026-israeli-legislative-election"",""question"":""Will Together win the most seats in the 2026 Israeli legislative election?"",""event_title"":""Israeli Legislative Election Winner"",""endDate"":""2026-10-27T00:00:00Z"",""volume"":""11509.135664000003"",""source"":""events_slug_path"",""active"":true,""closed"":false},{""score"":1.0789,""id"":""2100981"",""slug"":""will-likud-win-the-most-seats-in-the-2026-israeli-legislative-election"",""question"":""Will Likud win the most seats in the 2026 Israeli legislative election?"",""event_title"":""Israeli Legislative Election Winner"",""endDate"":""2026-10-27T00:00:00Z"",""volume"":""14380.452186"",""source"":""events_slug_path"",""active"":true,""closed"":false},{""score"":1.0697,""id"":""2100986"",""slug"":""will-otzma-yehudit-win-the-most-seats-in-the-2026-israeli-legislative-election"",""question"":""Will Otzma Yehudit win the most seats in the 2026 Israeli legislative election?"",""event_title"":""Israeli Legislative Election Winner"",""endDate"":""2026-10-27T00:00:00Z"",""volume"":""3817.553832"",""source"":""events_slug_path"",""active"":true,""closed"":false}]",AUTO_ACCEPTED: accepted rank=1 score=1.1588 top=1.1588 second=1.1107; score/margin guardrails disabled,,Yashar,,KEPT
227,RSO-0227,38,Israeli Legislative Election Winner,Israeli Legislative Election Winner — Together,Will Together win the most seats in the 2026 Israeli legislative election?,Will Together win the Israeli legislative election?,Israel,global_satellite,parliamentary_coalition,israel_most_seats_2026,tracked,global_satellite,multi_outcome_contract,3,Together,will-together-win-the-most-seats-in-the-2026-israeli-legislative-election,will-together-win-the-israeli-legislative-election,israeli-legislative-election-winner,Most-seats counterpart to Israel PM market.,needs_slug_clob_verification,needs_orderbook_check,appears_clear_from_paste,Expanded to all visible party outcomes.,2100982,425728,0x4e9cff8a3aeac036225fedcc98af9b0d55284b3f430b599e7f61b059c1e177af,"Legislative elections are expected to be held in Israel on October 27, 2026.

This market will resolve according to the political party or coalition that wins the greatest number of seats in the Israeli Knesset as a result of this election.

If the results of this election are not definitively known by June 30, 2027, 11:59 PM ET, this market will resolve to ""Other"".

In the event of a tie between multiple parties or coalitions for the most seats won, this market will resolve in favor of the party or coalition whose candidate list received a greater number of valid votes. In the event that results in a tie, this market will resolve in favor of the party whose listed name appears first in alphabetical order.

This market's resolution will be based solely on the number of seats won by the named party or coalition in the Israeli Knesset.

This market will resolve based on the election results, as indicated by a consensus of credible reporting. If there is ambiguity, this market will resolve based solely on the official results as reported by Israel’s Central Election Committee (Va'adet HaBehirot HaMerkazit) (https://www.gov.il/en/departments/central-elections-committee/govil-landing-page).

The following rules govern the merging, joint contention, and splitting of listed parties:

- If Likud or Together (or any successor party created through a merger) merge with or contest the election jointly with any other party, the option corresponding to Likud or Together will represent the resultant candidate list or merged party. 

Otherwise:

- If a listed party merges with, or contests the election as part of a joint candidate list with, one or more unlisted parties prior to the election, the option corresponding to the listed party will represent all seats won by the merged party or joint candidate list. If a listed party merges with, or contests the election as part of a joint candidate list with, one or more other listed parties prior to the election, the option corresponding to the party which held the most seats in the prior Knesset will represent all seats won by the merged party/joint candidate list. If these rules do not adequately determine which option represents a merged party or joint candidate list, the listed party whose name, as listed in this market, comes first in alphabetical order, will represent all seats won by the merged party or joint candidate list.

- If a listed party splits into multiple parties prior to the election, the option corresponding to the listed party will represent the resulting party that holds the greatest number of seats in the Israeli Knesset as a result of the split. If these rules do not adequately determine which party represents a listed option after a split, the listed option will represent all seats won by the party resulting from the split whose primary English name comes first in alphabetical order.
",,,2026-10-27T00:00:00Z,true,false,,false,true,"[""Yes"",""No""]","[""4486291330995931849416559581383425061287287542982906092720569789339786774392"",""17536997240040421052821175590718482940149024324949123126034467190302150640963""]","{""Yes"":""4486291330995931849416559581383425061287287542982906092720569789339786774392"",""No"":""17536997240040421052821175590718482940149024324949123126034467190302150640963""}",4486291330995931849416559581383425061287287542982906092720569789339786774392,17536997240040421052821175590718482940149024324949123126034467190302150640963,11509.135664000003,10477.2321,https://polymarket.com/event/will-together-win-the-most-seats-in-the-2026-israeli-legislative-election,VERIFIED_READY,2026-06-25T20:35:44+00:00,"[{""score"":1.1596,""id"":""2100982"",""slug"":""will-together-win-the-most-seats-in-the-2026-israeli-legislative-election"",""question"":""Will Together win the most seats in the 2026 Israeli legislative election?"",""event_title"":""Israeli Legislative Election Winner"",""endDate"":""2026-10-27T00:00:00Z"",""volume"":""11509.135664000003"",""source"":""events_slug_path"",""active"":true,""closed"":false},{""score"":1.0854,""id"":""2100984"",""slug"":""will-yashar-win-the-most-seats-in-the-2026-israeli-legislative-election"",""question"":""Will Yashar win the most seats in the 2026 Israeli legislative election?"",""event_title"":""Israeli Legislative Election Winner"",""endDate"":""2026-10-27T00:00:00Z"",""volume"":""9361.451514999997"",""source"":""events_slug_path"",""active"":true,""closed"":false},{""score"":1.0821,""id"":""2100983"",""slug"":""will-shas-win-the-most-seats-in-the-2026-israeli-legislative-election"",""question"":""Will Shas win the most seats in the 2026 Israeli legislative election?"",""event_title"":""Israeli Legislative Election Winner"",""endDate"":""2026-10-27T00:00:00Z"",""volume"":""1938.692832"",""source"":""events_slug_path"",""active"":true,""closed"":false},{""score"":1.0796,""id"":""2100985"",""slug"":""will-the-democrats-win-the-most-seats-in-the-2026-israeli-legislative-election"",""question"":""Will The Democrats win the most seats in the 2026 Israeli legislative election?"",""event_title"":""Israeli Legislative Election Winner"",""endDate"":""2026-10-27T00:00:00Z"",""volume"":""2523.714563"",""source"":""events_slug_path"",""active"":true,""closed"":false},{""score"":1.0708,""id"":""2100986"",""slug"":""will-otzma-yehudit-win-the-most-seats-in-the-2026-israeli-legislative-election"",""question"":""Will Otzma Yehudit win the most seats in the 2026 Israeli legislative election?"",""event_title"":""Israeli Legislative Election Winner"",""endDate"":""2026-10-27T00:00:00Z"",""volume"":""3817.553832"",""source"":""events_slug_path"",""active"":true,""closed"":false}]",AUTO_ACCEPTED: accepted rank=1 score=1.1596 top=1.1596 second=1.0854; score/margin guardrails disabled,,Together,,KEPT
228,RSO-0228,38,Israeli Legislative Election Winner,Israeli Legislative Election Winner — Shas,Will Shas win the most seats in the 2026 Israeli legislative election?,Will Shas win the Israeli legislative election?,Israel,global_satellite,parliamentary_coalition,israel_most_seats_2026,tracked,global_satellite,multi_outcome_contract,4,Shas,will-shas-win-the-most-seats-in-the-2026-israeli-legislative-election,will-shas-win-the-israeli-legislative-election,israeli-legislative-election-winner,Most-seats counterpart to Israel PM market.,needs_slug_clob_verification,needs_orderbook_check,appears_clear_from_paste,Expanded to all visible party outcomes.,2100983,425728,0xc3c4b06b71e5a9dec867169d4319a4bf7364d7b0a6c5d6cd048689a207aafc40,"Legislative elections are expected to be held in Israel on October 27, 2026.

This market will resolve according to the political party or coalition that wins the greatest number of seats in the Israeli Knesset as a result of this election.

If the results of this election are not definitively known by June 30, 2027, 11:59 PM ET, this market will resolve to ""Other"".

In the event of a tie between multiple parties or coalitions for the most seats won, this market will resolve in favor of the party or coalition whose candidate list received a greater number of valid votes. In the event that results in a tie, this market will resolve in favor of the party whose listed name appears first in alphabetical order.

This market's resolution will be based solely on the number of seats won by the named party or coalition in the Israeli Knesset.

This market will resolve based on the election results, as indicated by a consensus of credible reporting. If there is ambiguity, this market will resolve based solely on the official results as reported by Israel’s Central Election Committee (Va'adet HaBehirot HaMerkazit) (https://www.gov.il/en/departments/central-elections-committee/govil-landing-page).

The following rules govern the merging, joint contention, and splitting of listed parties:

- If Likud or Together (or any successor party created through a merger) merge with or contest the election jointly with any other party, the option corresponding to Likud or Together will represent the resultant candidate list or merged party. 

Otherwise:

- If a listed party merges with, or contests the election as part of a joint candidate list with, one or more unlisted parties prior to the election, the option corresponding to the listed party will represent all seats won by the merged party or joint candidate list. If a listed party merges with, or contests the election as part of a joint candidate list with, one or more other listed parties prior to the election, the option corresponding to the party which held the most seats in the prior Knesset will represent all seats won by the merged party/joint candidate list. If these rules do not adequately determine which option represents a merged party or joint candidate list, the listed party whose name, as listed in this market, comes first in alphabetical order, will represent all seats won by the merged party or joint candidate list.

- If a listed party splits into multiple parties prior to the election, the option corresponding to the listed party will represent the resulting party that holds the greatest number of seats in the Israeli Knesset as a result of the split. If these rules do not adequately determine which party represents a listed option after a split, the listed option will represent all seats won by the party resulting from the split whose primary English name comes first in alphabetical order.
",,,2026-10-27T00:00:00Z,true,false,,false,true,"[""Yes"",""No""]","[""43025613818662551227164158603793018117245522237166942374881915274782654094251"",""65713030673847254242762729565853723325968848176856485649321612172278764739587""]","{""Yes"":""43025613818662551227164158603793018117245522237166942374881915274782654094251"",""No"":""65713030673847254242762729565853723325968848176856485649321612172278764739587""}",43025613818662551227164158603793018117245522237166942374881915274782654094251,65713030673847254242762729565853723325968848176856485649321612172278764739587,1938.692832,26033.58855,https://polymarket.com/event/will-shas-win-the-most-seats-in-the-2026-israeli-legislative-election,VERIFIED_READY,2026-06-25T20:35:46+00:00,"[{""score"":1.1559,""id"":""2100983"",""slug"":""will-shas-win-the-most-seats-in-the-2026-israeli-legislative-election"",""question"":""Will Shas win the most seats in the 2026 Israeli legislative election?"",""event_title"":""Israeli Legislative Election Winner"",""endDate"":""2026-10-27T00:00:00Z"",""volume"":""1938.692832"",""source"":""events_slug_path"",""active"":true,""closed"":false},{""score"":1.113,""id"":""2100984"",""slug"":""will-yashar-win-the-most-seats-in-the-2026-israeli-legislative-election"",""question"":""Will Yashar win the most seats in the 2026 Israeli legislative election?"",""event_title"":""Israeli Legislative Election Winner"",""endDate"":""2026-10-27T00:00:00Z"",""volume"":""9361.451514999997"",""source"":""events_slug_path"",""active"":true,""closed"":false},{""score"":1.0877,""id"":""2100981"",""slug"":""will-likud-win-the-most-seats-in-the-2026-israeli-legislative-election"",""question"":""Will Likud win the most seats in the 2026 Israeli legislative election?"",""event_title"":""Israeli Legislative Election Winner"",""endDate"":""2026-10-27T00:00:00Z"",""volume"":""14380.452186"",""source"":""events_slug_path"",""active"":true,""closed"":false},{""score"":1.0869,""id"":""2100985"",""slug"":""will-the-democrats-win-the-most-seats-in-the-2026-israeli-legislative-election"",""question"":""Will The Democrats win the most seats in the 2026 Israeli legislative election?"",""event_title"":""Israeli Legislative Election Winner"",""endDate"":""2026-10-27T00:00:00Z"",""volume"":""2523.714563"",""source"":""events_slug_path"",""active"":true,""closed"":false},{""score"":1.0848,""id"":""2100982"",""slug"":""will-together-win-the-most-seats-in-the-2026-israeli-legislative-election"",""question"":""Will Together win the most seats in the 2026 Israeli legislative election?"",""event_title"":""Israeli Legislative Election Winner"",""endDate"":""2026-10-27T00:00:00Z"",""volume"":""11509.135664000003"",""source"":""events_slug_path"",""active"":true,""closed"":false}]",AUTO_ACCEPTED: accepted rank=1 score=1.1559 top=1.1559 second=1.1130; score/margin guardrails disabled,,Shas,,KEPT
229,RSO-0229,38,Israeli Legislative Election Winner,Israeli Legislative Election Winner — The Democrats,Will The Democrats win the most seats in the 2026 Israeli legislative election?,Will The Democrats win the Israeli legislative election?,Israel,global_satellite,parliamentary_coalition,israel_most_seats_2026,tracked,global_satellite,multi_outcome_contract,5,The Democrats,will-the-democrats-win-the-most-seats-in-the-2026-israeli-legislative-election,will-the-democrats-win-the-israeli-legislative-election,israeli-legislative-election-winner,Most-seats counterpart to Israel PM market.,needs_slug_clob_verification,needs_orderbook_check,appears_clear_from_paste,Expanded to all visible party outcomes.,2100985,425728,0x4a48f706471324eb289b2a77a368f7cfc3cdbf899ea320395e9afaa9191570e9,"Legislative elections are expected to be held in Israel on October 27, 2026.

This market will resolve according to the political party or coalition that wins the greatest number of seats in the Israeli Knesset as a result of this election.

If the results of this election are not definitively known by June 30, 2027, 11:59 PM ET, this market will resolve to ""Other"".

In the event of a tie between multiple parties or coalitions for the most seats won, this market will resolve in favor of the party or coalition whose candidate list received a greater number of valid votes. In the event that results in a tie, this market will resolve in favor of the party whose listed name appears first in alphabetical order.

This market's resolution will be based solely on the number of seats won by the named party or coalition in the Israeli Knesset.

This market will resolve based on the election results, as indicated by a consensus of credible reporting. If there is ambiguity, this market will resolve based solely on the official results as reported by Israel’s Central Election Committee (Va'adet HaBehirot HaMerkazit) (https://www.gov.il/en/departments/central-elections-committee/govil-landing-page).

The following rules govern the merging, joint contention, and splitting of listed parties:

- If Likud or Together (or any successor party created through a merger) merge with or contest the election jointly with any other party, the option corresponding to Likud or Together will represent the resultant candidate list or merged party. 

Otherwise:

- If a listed party merges with, or contests the election as part of a joint candidate list with, one or more unlisted parties prior to the election, the option corresponding to the listed party will represent all seats won by the merged party or joint candidate list. If a listed party merges with, or contests the election as part of a joint candidate list with, one or more other listed parties prior to the election, the option corresponding to the party which held the most seats in the prior Knesset will represent all seats won by the merged party/joint candidate list. If these rules do not adequately determine which option represents a merged party or joint candidate list, the listed party whose name, as listed in this market, comes first in alphabetical order, will represent all seats won by the merged party or joint candidate list.

- If a listed party splits into multiple parties prior to the election, the option corresponding to the listed party will represent the resulting party that holds the greatest number of seats in the Israeli Knesset as a result of the split. If these rules do not adequately determine which party represents a listed option after a split, the listed option will represent all seats won by the party resulting from the split whose primary English name comes first in alphabetical order.
",,,2026-10-27T00:00:00Z,true,false,,false,true,"[""Yes"",""No""]","[""13946614065225357961512448593443036356822710705632040528640964889522868467395"",""50830837620768019811417588135983807243138757701992950961648111682756364625634""]","{""Yes"":""13946614065225357961512448593443036356822710705632040528640964889522868467395"",""No"":""50830837620768019811417588135983807243138757701992950961648111682756364625634""}",13946614065225357961512448593443036356822710705632040528640964889522868467395,50830837620768019811417588135983807243138757701992950961648111682756364625634,2523.714563,23013.6982,https://polymarket.com/event/will-the-democrats-win-the-most-seats-in-the-2026-israeli-legislative-election,VERIFIED_READY,2026-06-25T20:35:50+00:00,"[{""score"":1.3445,""id"":""2100985"",""slug"":""will-the-democrats-win-the-most-seats-in-the-2026-israeli-legislative-election"",""question"":""Will The Democrats win the most seats in the 2026 Israeli legislative election?"",""event_title"":""Israeli Legislative Election Winner"",""endDate"":""2026-10-27T00:00:00Z"",""volume"":""2523.714563"",""source"":""events_slug_path"",""active"":true,""closed"":false},{""score"":1.1021,""id"":""565065"",""slug"":""will-the-democrats-win-the-2028-us-presidential-election"",""question"":""Will the Democrats win the 2028 US Presidential Election?"",""event_title"":""Which party wins 2028 US Presidential Election?"",""endDate"":""2028-11-07T00:00:00Z"",""volume"":""825763.4333929997"",""source"":""/events?search"",""active"":true,""closed"":false},{""score"":1.0803,""id"":""2100983"",""slug"":""will-shas-win-the-most-seats-in-the-2026-israeli-legislative-election"",""question"":""Will Shas win the most seats in the 2026 Israeli legislative election?"",""event_title"":""Israeli Legislative Election Winner"",""endDate"":""2026-10-27T00:00:00Z"",""volume"":""1938.692832"",""source"":""events_slug_path"",""active"":true,""closed"":false},{""score"":1.0756,""id"":""2100982"",""slug"":""will-together-win-the-most-seats-in-the-2026-israeli-legislative-election"",""question"":""Will Together win the most seats in the 2026 Israeli legislative election?"",""event_title"":""Israeli Legislative Election Winner"",""endDate"":""2026-10-27T00:00:00Z"",""volume"":""11509.135664000003"",""source"":""events_slug_path"",""active"":true,""closed"":false},{""score"":1.065,""id"":""2100984"",""slug"":""will-yashar-win-the-most-seats-in-the-2026-israeli-legislative-election"",""question"":""Will Yashar win the most seats in the 2026 Israeli legislative election?"",""event_title"":""Israeli Legislative Election Winner"",""endDate"":""2026-10-27T00:00:00Z"",""volume"":""9361.451514999997"",""source"":""events_slug_path"",""active"":true,""closed"":false}]",AUTO_ACCEPTED: accepted rank=1 score=1.3445 top=1.3445 second=1.1021; score/margin guardrails disabled,,democrat|democrats|democratic,,KEPT
230,RSO-0230,38,Israeli Legislative Election Winner,Israeli Legislative Election Winner — Otzma Yehudit,Will Otzma Yehudit win the most seats in the 2026 Israeli legislative election?,Will Otzma Yehudit win the Israeli legislative election?,Israel,global_satellite,parliamentary_coalition,israel_most_seats_2026,tracked,global_satellite,multi_outcome_contract,6,Otzma Yehudit,will-otzma-yehudit-win-the-most-seats-in-the-2026-israeli-legislative-election,will-otzma-yehudit-win-the-israeli-legislative-election,israeli-legislative-election-winner,Most-seats counterpart to Israel PM market.,needs_slug_clob_verification,needs_orderbook_check,appears_clear_from_paste,Expanded to all visible party outcomes.,2100986,425728,0x49b2c8eac865bbac235153824b3490185ff0fdb7305cb053b2ab5b1466bf4f36,"Legislative elections are expected to be held in Israel on October 27, 2026.

This market will resolve according to the political party or coalition that wins the greatest number of seats in the Israeli Knesset as a result of this election.

If the results of this election are not definitively known by June 30, 2027, 11:59 PM ET, this market will resolve to ""Other"".

In the event of a tie between multiple parties or coalitions for the most seats won, this market will resolve in favor of the party or coalition whose candidate list received a greater number of valid votes. In the event that results in a tie, this market will resolve in favor of the party whose listed name appears first in alphabetical order.

This market's resolution will be based solely on the number of seats won by the named party or coalition in the Israeli Knesset.

This market will resolve based on the election results, as indicated by a consensus of credible reporting. If there is ambiguity, this market will resolve based solely on the official results as reported by Israel’s Central Election Committee (Va'adet HaBehirot HaMerkazit) (https://www.gov.il/en/departments/central-elections-committee/govil-landing-page).

The following rules govern the merging, joint contention, and splitting of listed parties:

- If Likud or Together (or any successor party created through a merger) merge with or contest the election jointly with any other party, the option corresponding to Likud or Together will represent the resultant candidate list or merged party. 

Otherwise:

- If a listed party merges with, or contests the election as part of a joint candidate list with, one or more unlisted parties prior to the election, the option corresponding to the listed party will represent all seats won by the merged party or joint candidate list. If a listed party merges with, or contests the election as part of a joint candidate list with, one or more other listed parties prior to the election, the option corresponding to the party which held the most seats in the prior Knesset will represent all seats won by the merged party/joint candidate list. If these rules do not adequately determine which option represents a merged party or joint candidate list, the listed party whose name, as listed in this market, comes first in alphabetical order, will represent all seats won by the merged party or joint candidate list.

- If a listed party splits into multiple parties prior to the election, the option corresponding to the listed party will represent the resulting party that holds the greatest number of seats in the Israeli Knesset as a result of the split. If these rules do not adequately determine which party represents a listed option after a split, the listed option will represent all seats won by the party resulting from the split whose primary English name comes first in alphabetical order.
",,,2026-10-27T00:00:00Z,true,false,,false,true,"[""Yes"",""No""]","[""72928611581150091479894843605103749117561320868375067552073452709256467488450"",""34996004953768740280770497621347778072972005965772017174851526134648807033210""]","{""Yes"":""72928611581150091479894843605103749117561320868375067552073452709256467488450"",""No"":""34996004953768740280770497621347778072972005965772017174851526134648807033210""}",72928611581150091479894843605103749117561320868375067552073452709256467488450,34996004953768740280770497621347778072972005965772017174851526134648807033210,3817.553832,24833.22738,https://polymarket.com/event/will-otzma-yehudit-win-the-most-seats-in-the-2026-israeli-legislative-election,VERIFIED_READY,2026-06-25T20:35:53+00:00,"[{""score"":1.1648,""id"":""2100986"",""slug"":""will-otzma-yehudit-win-the-most-seats-in-the-2026-israeli-legislative-election"",""question"":""Will Otzma Yehudit win the most seats in the 2026 Israeli legislative election?"",""event_title"":""Israeli Legislative Election Winner"",""endDate"":""2026-10-27T00:00:00Z"",""volume"":""3817.553832"",""source"":""events_slug_path"",""active"":true,""closed"":false},{""score"":1.0498,""id"":""2100981"",""slug"":""will-likud-win-the-most-seats-in-the-2026-israeli-legislative-election"",""question"":""Will Likud win the most seats in the 2026 Israeli legislative election?"",""event_title"":""Israeli Legislative Election Winner"",""endDate"":""2026-10-27T00:00:00Z"",""volume"":""14380.452186"",""source"":""events_slug_path"",""active"":true,""closed"":false},{""score"":1.0472,""id"":""2100982"",""slug"":""will-together-win-the-most-seats-in-the-2026-israeli-legislative-election"",""question"":""Will Together win the most seats in the 2026 Israeli legislative election?"",""event_title"":""Israeli Legislative Election Winner"",""endDate"":""2026-10-27T00:00:00Z"",""volume"":""11509.135664000003"",""source"":""events_slug_path"",""active"":true,""closed"":false},{""score"":1.0458,""id"":""2100984"",""slug"":""will-yashar-win-the-most-seats-in-the-2026-israeli-legislative-election"",""question"":""Will Yashar win the most seats in the 2026 Israeli legislative election?"",""event_title"":""Israeli Legislative Election Winner"",""endDate"":""2026-10-27T00:00:00Z"",""volume"":""9361.451514999997"",""source"":""events_slug_path"",""active"":true,""closed"":false},{""score"":1.0423,""id"":""2100983"",""slug"":""will-shas-win-the-most-seats-in-the-2026-israeli-legislative-election"",""question"":""Will Shas win the most seats in the 2026 Israeli legislative election?"",""event_title"":""Israeli Legislative Election Winner"",""endDate"":""2026-10-27T00:00:00Z"",""volume"":""1938.692832"",""source"":""events_slug_path"",""active"":true,""closed"":false}]",AUTO_ACCEPTED: accepted rank=1 score=1.1648 top=1.1648 second=1.0498; score/margin guardrails disabled,,Otzma Yehudit,,KEPT
231,RSO-0231,39,Next Prime Minister of New Zealand,Next Prime Minister of New Zealand — Chris Hipkins,Will Chris Hipkins be the next Prime Minister of New Zealand?,Will Chris Hipkins be the next Prime Minister of New Zealand?,New Zealand,global_satellite,parliamentary_mmp,new_zealand_next_pm_2026,tracked,global_satellite,multi_outcome_contract,1,Chris Hipkins,TODO_VERIFY,will-chris-hipkins-be-the-next-prime-minister-of-new-zealand,next-prime-minister-of-new-zealand,MMP/parliamentary PM satellite market.,needs_v7_topic_gated_resolution,thin_from_paste_check_depth,appears_clear_from_paste,Expanded to all visible PM outcomes.,,,,,,,,,,,,,,,,,,,,,,,,Reset after v6 wrong auto-match; rerun with v7 topic/outcome gates.,new zealand|prime minister,chris|hipkins,,RESET_FOR_V7
232,RSO-0232,39,Next Prime Minister of New Zealand,Next Prime Minister of New Zealand — Christopher Luxon,Will Christopher Luxon be the next Prime Minister of New Zealand?,Will Christopher Luxon be the next Prime Minister of New Zealand?,New Zealand,global_satellite,parliamentary_mmp,new_zealand_next_pm_2026,tracked,global_satellite,multi_outcome_contract,2,Christopher Luxon,TODO_VERIFY,will-christopher-luxon-be-the-next-prime-minister-of-new-zealand,next-prime-minister-of-new-zealand,MMP/parliamentary PM satellite market.,needs_v7_topic_gated_resolution,thin_from_paste_check_depth,appears_clear_from_paste,Expanded to all visible PM outcomes.,,,,,,,,,,,,,,,,,,,,,,,,Reset after v6 wrong auto-match; rerun with v7 topic/outcome gates.,new zealand|prime minister,christopher|luxon,,RESET_FOR_V7
233,RSO-0233,39,Next Prime Minister of New Zealand,Next Prime Minister of New Zealand — Nicola Willis,Will Nicola Willis be the next Prime Minister of New Zealand?,Will Nicola Willis be the next Prime Minister of New Zealand?,New Zealand,global_satellite,parliamentary_mmp,new_zealand_next_pm_2026,tracked,global_satellite,multi_outcome_contract,3,Nicola Willis,TODO_VERIFY,will-nicola-willis-be-the-next-prime-minister-of-new-zealand,next-prime-minister-of-new-zealand,MMP/parliamentary PM satellite market.,needs_v7_topic_gated_resolution,thin_from_paste_check_depth,appears_clear_from_paste,Expanded to all visible PM outcomes.,,,,,,,,,,,,,,,,,,,,,,,,Reset after v6 wrong auto-match; rerun with v7 topic/outcome gates.,new zealand|prime minister,nicola|willis,,RESET_FOR_V7
234,RSO-0234,39,Next Prime Minister of New Zealand,Next Prime Minister of New Zealand — Winston Peters,Will Winston Peters be the next Prime Minister of New Zealand?,Will Winston Peters be the next Prime Minister of New Zealand?,New Zealand,global_satellite,parliamentary_mmp,new_zealand_next_pm_2026,tracked,global_satellite,multi_outcome_contract,4,Winston Peters,TODO_VERIFY,will-winston-peters-be-the-next-prime-minister-of-new-zealand,next-prime-minister-of-new-zealand,MMP/parliamentary PM satellite market.,needs_v7_topic_gated_resolution,thin_from_paste_check_depth,appears_clear_from_paste,Expanded to all visible PM outcomes.,,,,,,,,,,,,,,,,,,,,,,,,Reset after v6 wrong auto-match; rerun with v7 topic/outcome gates.,new zealand|prime minister,winston|peters,,RESET_FOR_V7
235,RSO-0235,39,Next Prime Minister of New Zealand,Next Prime Minister of New Zealand — Carmel Sepuloni,Will Carmel Sepuloni be the next Prime Minister of New Zealand?,Will Carmel Sepuloni be the next Prime Minister of New Zealand?,New Zealand,global_satellite,parliamentary_mmp,new_zealand_next_pm_2026,tracked,global_satellite,multi_outcome_contract,5,Carmel Sepuloni,TODO_VERIFY,will-carmel-sepuloni-be-the-next-prime-minister-of-new-zealand,next-prime-minister-of-new-zealand,MMP/parliamentary PM satellite market.,needs_v7_topic_gated_resolution,thin_from_paste_check_depth,appears_clear_from_paste,Expanded to all visible PM outcomes.,,,,,,,,,,,,,,,,,,,,,,,,Reset after v6 wrong auto-match; rerun with v7 topic/outcome gates.,new zealand|prime minister,carmel|sepuloni,,RESET_FOR_V7
236,RSO-0236,39,Next Prime Minister of New Zealand,Next Prime Minister of New Zealand — Chlöe Swarbrick,Will Chlöe Swarbrick be the next Prime Minister of New Zealand?,Will Chlöe Swarbrick be the next Prime Minister of New Zealand?,New Zealand,global_satellite,parliamentary_mmp,new_zealand_next_pm_2026,tracked,global_satellite,multi_outcome_contract,6,Chlöe Swarbrick,TODO_VERIFY,will-chloe-swarbrick-be-the-next-prime-minister-of-new-zealand,next-prime-minister-of-new-zealand,MMP/parliamentary PM satellite market.,needs_v7_topic_gated_resolution,thin_from_paste_check_depth,appears_clear_from_paste,Expanded to all visible PM outcomes.,,,,,,,,,,,,,,,,,,,,,,,,Reset after v6 wrong auto-match; rerun with v7 topic/outcome gates.,new zealand|prime minister,chloe|chloë|swarbrick,,RESET_FOR_V7
237,RSO-0237,39,Next Prime Minister of New Zealand,Next Prime Minister of New Zealand — David Seymour,Will David Seymour be the next Prime Minister of New Zealand?,Will David Seymour be the next Prime Minister of New Zealand?,New Zealand,global_satellite,parliamentary_mmp,new_zealand_next_pm_2026,tracked,global_satellite,multi_outcome_contract,7,David Seymour,TODO_VERIFY,will-david-seymour-be-the-next-prime-minister-of-new-zealand,next-prime-minister-of-new-zealand,MMP/parliamentary PM satellite market.,needs_v7_topic_gated_resolution,thin_from_paste_check_depth,appears_clear_from_paste,Expanded to all visible PM outcomes.,,,,,,,,,,,,,,,,,,,,,,,,Reset after v6 wrong auto-match; rerun with v7 topic/outcome gates.,new zealand|prime minister,david|seymour,,RESET_FOR_V7
238,RSO-0238,40,New Zealand legislative election winner,New Zealand legislative election winner — Labour Party,Will Labour Party win the most seats in the New Zealand House of Representatives in the 2026 New Zealand legislative election?,Will Labour Party win the most seats in the New Zealand legislative election?,New Zealand,global_satellite,parliamentary_mmp,new_zealand_most_seats_2026,tracked,global_satellite,multi_outcome_contract,1,Labour Party,will-labour-party-win-the-most-seats-in-the-new-zealand-house-of-representatives-in-the-2026-new-zealand-legislative-election,will-labour-party-win-the-most-seats-in-the-new-zealand-legislative-election,new-zealand-legislative-election-winner,Most-seats counterpart to New Zealand PM market.,needs_slug_clob_verification,thin_from_paste_check_depth,appears_clear_from_paste,Expanded to all visible party outcomes.,2116494,431450,0x741d99d33224258ad4536be7adbfdea7cacdaec616ce88e13755bfafde9c6d19,"A general election is scheduled to be held in New Zealand on November 7, 2026.

This market will resolve according to the political party that wins the greatest number of seats in the New Zealand House of Representatives as a result of this election.

If the results of this election are not known definitively by October 31, 2027, 11:59 PM ET, this market will resolve to ""Other"".

In the event of a tie between multiple parties for the most seats won, this market will resolve in favor of the party that received a greater number of valid party list votes. In the event that results in a tie, this market will resolve in favor of the party whose listed name appears first in alphabetical order.

This market's resolution will be based solely on the number of seats won by the named party in the New Zealand House of Representatives in this election.

This market will resolve based on the results of this election as indicated by a consensus of credible reporting. If there is ambiguity, this market will resolve based solely on the official results reported by New Zealand government sources such as the New Zealand Electoral Commission (https://elections.nz/).",,,2026-11-07T00:00:00Z,true,false,,false,true,"[""Yes"",""No""]","[""41173471361536594020935639788423838947538990635956059031105519795147287673278"",""66664231847416356091440659885607753784140104656278724938060919823393730466732""]","{""Yes"":""41173471361536594020935639788423838947538990635956059031105519795147287673278"",""No"":""66664231847416356091440659885607753784140104656278724938060919823393730466732""}",41173471361536594020935639788423838947538990635956059031105519795147287673278,66664231847416356091440659885607753784140104656278724938060919823393730466732,7779.4496659999995,15904.8367,https://polymarket.com/event/will-labour-party-win-the-most-seats-in-the-new-zealand-house-of-representatives-in-the-2026-new-zealand-legislative-election,VERIFIED_READY,2026-06-25T20:36:19+00:00,"[{""score"":1.1166,""id"":""2116494"",""slug"":""will-labour-party-win-the-most-seats-in-the-new-zealand-house-of-representatives-in-the-2026-new-zealand-legislative-election"",""question"":""Will Labour Party win the most seats in the New Zealand House of Representatives in the 2026 New Zealand legislative election?"",""event_title"":""New Zealand legislative election winner?"",""endDate"":""2026-11-07T00:00:00Z"",""volume"":""7779.4496659999995"",""source"":""events_slug_path"",""active"":true,""closed"":false},{""score"":1.0743,""id"":""2116495"",""slug"":""will-green-party-win-the-most-seats-in-the-new-zealand-house-of-representatives-in-the-2026-new-zealand-legislative-election"",""question"":""Will Green Party win the most seats in the New Zealand House of Representatives in the 2026 New Zealand legislative election?"",""event_title"":""New Zealand legislative election winner?"",""endDate"":""2026-11-07T00:00:00Z"",""volume"":""675.042"",""source"":""events_slug_path"",""active"":true,""closed"":false},{""score"":1.0686,""id"":""2116493"",""slug"":""will-national-party-win-the-most-seats-in-the-new-zealand-house-of-representatives-in-the-2026-new-zealand-legislative-election"",""question"":""Will National Party win the most seats in the New Zealand House of Representatives in the 2026 New Zealand legislative election?"",""event_title"":""New Zealand legislative election winner?"",""endDate"":""2026-11-07T00:00:00Z"",""volume"":""8452.183825999999"",""source"":""events_slug_path"",""active"":true,""closed"":false},{""score"":1.062,""id"":""2116497"",""slug"":""will-new-zealand-first-party-win-the-most-seats-in-the-new-zealand-house-of-representatives-in-the-2026-new-zealand-legislative-election"",""question"":""Will New Zealand First Party win the most seats in the New Zealand House of Representatives in the 2026 New Zealand legislative election?"",""event_title"":""New Zealand legislative election winner?"",""endDate"":""2026-11-07T00:00:00Z"",""volume"":""663.74"",""source"":""events_slug_path"",""active"":true,""closed"":false},{""score"":1.0329,""id"":""2116498"",""slug"":""will-te-pti-mori-win-the-most-seats-in-the-new-zealand-house-of-representatives-in-the-2026-new-zealand-legislative-election"",""question"":""Will Te Pāti Māori win the most seats in the New Zealand House of Representatives in the 2026 New Zealand legislative election?"",""event_title"":""New Zealand legislative election winner?"",""endDate"":""2026-11-07T00:00:00Z"",""volume"":""671.46"",""source"":""events_slug_path"",""active"":true,""closed"":false}]",AUTO_ACCEPTED: accepted rank=1 score=1.1166 top=1.1166 second=1.0743; score/margin guardrails disabled,,Labour Party,,KEPT
239,RSO-0239,40,New Zealand legislative election winner,New Zealand legislative election winner — National Party,Will National Party win the most seats in the New Zealand House of Representatives in the 2026 New Zealand legislative election?,Will National Party win the most seats in the New Zealand legislative election?,New Zealand,global_satellite,parliamentary_mmp,new_zealand_most_seats_2026,tracked,global_satellite,multi_outcome_contract,2,National Party,will-national-party-win-the-most-seats-in-the-new-zealand-house-of-representatives-in-the-2026-new-zealand-legislative-election,will-national-party-win-the-most-seats-in-the-new-zealand-legislative-election,new-zealand-legislative-election-winner,Most-seats counterpart to New Zealand PM market.,needs_slug_clob_verification,thin_from_paste_check_depth,appears_clear_from_paste,Expanded to all visible party outcomes.,2116493,431450,0xba155b6be6cabf93bf31dfcc56fe2f4e3e88d16b0d490319c635930f2d9fbd04,"A general election is scheduled to be held in New Zealand on November 7, 2026.

This market will resolve according to the political party that wins the greatest number of seats in the New Zealand House of Representatives as a result of this election.

If the results of this election are not known definitively by October 31, 2027, 11:59 PM ET, this market will resolve to ""Other"".

In the event of a tie between multiple parties for the most seats won, this market will resolve in favor of the party that received a greater number of valid party list votes. In the event that results in a tie, this market will resolve in favor of the party whose listed name appears first in alphabetical order.

This market's resolution will be based solely on the number of seats won by the named party in the New Zealand House of Representatives in this election.

This market will resolve based on the results of this election as indicated by a consensus of credible reporting. If there is ambiguity, this market will resolve based solely on the official results reported by New Zealand government sources such as the New Zealand Electoral Commission (https://elections.nz/).",,,2026-11-07T00:00:00Z,true,false,,false,true,"[""Yes"",""No""]","[""26180671930795783086167354944853320138724504174864059426988212642169432238219"",""109528281960787366259167519549419015523883006138549082473738768120949458572608""]","{""Yes"":""26180671930795783086167354944853320138724504174864059426988212642169432238219"",""No"":""109528281960787366259167519549419015523883006138549082473738768120949458572608""}",26180671930795783086167354944853320138724504174864059426988212642169432238219,109528281960787366259167519549419015523883006138549082473738768120949458572608,8452.183825999999,13762.0923,https://polymarket.com/event/will-national-party-win-the-most-seats-in-the-new-zealand-house-of-representatives-in-the-2026-new-zealand-legislative-election,VERIFIED_READY,2026-06-25T20:36:22+00:00,"[{""score"":1.1183,""id"":""2116493"",""slug"":""will-national-party-win-the-most-seats-in-the-new-zealand-house-of-representatives-in-the-2026-new-zealand-legislative-election"",""question"":""Will National Party win the most seats in the New Zealand House of Representatives in the 2026 New Zealand legislative election?"",""event_title"":""New Zealand legislative election winner?"",""endDate"":""2026-11-07T00:00:00Z"",""volume"":""8452.183825999999"",""source"":""events_slug_path"",""active"":true,""closed"":false},{""score"":1.0735,""id"":""2116494"",""slug"":""will-labour-party-win-the-most-seats-in-the-new-zealand-house-of-representatives-in-the-2026-new-zealand-legislative-election"",""question"":""Will Labour Party win the most seats in the New Zealand House of Representatives in the 2026 New Zealand legislative election?"",""event_title"":""New Zealand legislative election winner?"",""endDate"":""2026-11-07T00:00:00Z"",""volume"":""7779.4496659999995"",""source"":""events_slug_path"",""active"":true,""closed"":false},{""score"":1.0692,""id"":""2116495"",""slug"":""will-green-party-win-the-most-seats-in-the-new-zealand-house-of-representatives-in-the-2026-new-zealand-legislative-election"",""question"":""Will Green Party win the most seats in the New Zealand House of Representatives in the 2026 New Zealand legislative election?"",""event_title"":""New Zealand legislative election winner?"",""endDate"":""2026-11-07T00:00:00Z"",""volume"":""675.042"",""source"":""events_slug_path"",""active"":true,""closed"":false},{""score"":1.0573,""id"":""2116497"",""slug"":""will-new-zealand-first-party-win-the-most-seats-in-the-new-zealand-house-of-representatives-in-the-2026-new-zealand-legislative-election"",""question"":""Will New Zealand First Party win the most seats in the New Zealand House of Representatives in the 2026 New Zealand legislative election?"",""event_title"":""New Zealand legislative election winner?"",""endDate"":""2026-11-07T00:00:00Z"",""volume"":""663.74"",""source"":""events_slug_path"",""active"":true,""closed"":false},{""score"":1.0339,""id"":""2116498"",""slug"":""will-te-pti-mori-win-the-most-seats-in-the-new-zealand-house-of-representatives-in-the-2026-new-zealand-legislative-election"",""question"":""Will Te Pāti Māori win the most seats in the New Zealand House of Representatives in the 2026 New Zealand legislative election?"",""event_title"":""New Zealand legislative election winner?"",""endDate"":""2026-11-07T00:00:00Z"",""volume"":""671.46"",""source"":""events_slug_path"",""active"":true,""closed"":false}]",AUTO_ACCEPTED: accepted rank=1 score=1.1183 top=1.1183 second=1.0735; score/margin guardrails disabled,,National Party,,KEPT
240,RSO-0240,40,New Zealand legislative election winner,New Zealand legislative election winner — New Zealand First Party,Will New Zealand First Party win the most seats in the New Zealand House of Representatives in the 2026 New Zealand legislative election?,Will New Zealand First Party win the most seats in the New Zealand legislative election?,New Zealand,global_satellite,parliamentary_mmp,new_zealand_most_seats_2026,tracked,global_satellite,multi_outcome_contract,3,New Zealand First Party,will-new-zealand-first-party-win-the-most-seats-in-the-new-zealand-house-of-representatives-in-the-2026-new-zealand-legislative-election,will-new-zealand-first-party-win-the-most-seats-in-the-new-zealand-legislative-election,new-zealand-legislative-election-winner,Most-seats counterpart to New Zealand PM market.,needs_slug_clob_verification,thin_from_paste_check_depth,appears_clear_from_paste,Expanded to all visible party outcomes.,2116497,431450,0xcf3de2bd2304559b075b1d83969d67368986ea21d610db929001cecaf0ba433b,"A general election is scheduled to be held in New Zealand on November 7, 2026.

This market will resolve according to the political party that wins the greatest number of seats in the New Zealand House of Representatives as a result of this election.

If the results of this election are not known definitively by October 31, 2027, 11:59 PM ET, this market will resolve to ""Other"".

In the event of a tie between multiple parties for the most seats won, this market will resolve in favor of the party that received a greater number of valid party list votes. In the event that results in a tie, this market will resolve in favor of the party whose listed name appears first in alphabetical order.

This market's resolution will be based solely on the number of seats won by the named party in the New Zealand House of Representatives in this election.

This market will resolve based on the results of this election as indicated by a consensus of credible reporting. If there is ambiguity, this market will resolve based solely on the official results reported by New Zealand government sources such as the New Zealand Electoral Commission (https://elections.nz/).",,,2026-11-07T00:00:00Z,true,false,,false,true,"[""Yes"",""No""]","[""54250030688640506340696163549320679317947609966294018523515464121362285768393"",""21897560450770130907155013665994161608704990655034053378102704721543619000868""]","{""Yes"":""54250030688640506340696163549320679317947609966294018523515464121362285768393"",""No"":""21897560450770130907155013665994161608704990655034053378102704721543619000868""}",54250030688640506340696163549320679317947609966294018523515464121362285768393,21897560450770130907155013665994161608704990655034053378102704721543619000868,663.74,18232.21755,https://polymarket.com/event/will-new-zealand-first-party-win-the-most-seats-in-the-new-zealand-house-of-representatives-in-the-2026-new-zealand-legislative-election,VERIFIED_READY,2026-06-25T20:36:25+00:00,"[{""score"":1.1252,""id"":""2116497"",""slug"":""will-new-zealand-first-party-win-the-most-seats-in-the-new-zealand-house-of-representatives-in-the-2026-new-zealand-legislative-election"",""question"":""Will New Zealand First Party win the most seats in the New Zealand House of Representatives in the 2026 New Zealand legislative election?"",""event_title"":""New Zealand legislative election winner?"",""endDate"":""2026-11-07T00:00:00Z"",""volume"":""663.74"",""source"":""events_slug_path"",""active"":true,""closed"":false},{""score"":1.0576,""id"":""2116494"",""slug"":""will-labour-party-win-the-most-seats-in-the-new-zealand-house-of-representatives-in-the-2026-new-zealand-legislative-election"",""question"":""Will Labour Party win the most seats in the New Zealand House of Representatives in the 2026 New Zealand legislative election?"",""event_title"":""New Zealand legislative election winner?"",""endDate"":""2026-11-07T00:00:00Z"",""volume"":""7779.4496659999995"",""source"":""events_slug_path"",""active"":true,""closed"":false},{""score"":1.0537,""id"":""2116493"",""slug"":""will-national-party-win-the-most-seats-in-the-new-zealand-house-of-representatives-in-the-2026-new-zealand-legislative-election"",""question"":""Will National Party win the most seats in the New Zealand House of Representatives in the 2026 New Zealand legislative election?"",""event_title"":""New Zealand legislative election winner?"",""endDate"":""2026-11-07T00:00:00Z"",""volume"":""8452.183825999999"",""source"":""events_slug_path"",""active"":true,""closed"":false},{""score"":1.0479,""id"":""2116495"",""slug"":""will-green-party-win-the-most-seats-in-the-new-zealand-house-of-representatives-in-the-2026-new-zealand-legislative-election"",""question"":""Will Green Party win the most seats in the New Zealand House of Representatives in the 2026 New Zealand legislative election?"",""event_title"":""New Zealand legislative election winner?"",""endDate"":""2026-11-07T00:00:00Z"",""volume"":""675.042"",""source"":""events_slug_path"",""active"":true,""closed"":false},{""score"":1.0467,""id"":""2116496"",""slug"":""will-act-new-zealand-win-the-most-seats-in-the-new-zealand-house-of-representatives-in-the-2026-new-zealand-legislative-election"",""question"":""Will ACT New Zealand win the most seats in the New Zealand House of Representatives in the 2026 New Zealand legislative election?"",""event_title"":""New Zealand legislative election winner?"",""endDate"":""2026-11-07T00:00:00Z"",""volume"":""683.174"",""source"":""events_slug_path"",""active"":true,""closed"":false}]",AUTO_ACCEPTED: accepted rank=1 score=1.1252 top=1.1252 second=1.0576; score/margin guardrails disabled,,New Zealand First Party,,KEPT
241,RSO-0241,40,New Zealand legislative election winner,New Zealand legislative election winner — Green Party,Will Green Party win the most seats in the New Zealand House of Representatives in the 2026 New Zealand legislative election?,Will Green Party win the most seats in the New Zealand legislative election?,New Zealand,global_satellite,parliamentary_mmp,new_zealand_most_seats_2026,tracked,global_satellite,multi_outcome_contract,4,Green Party,will-green-party-win-the-most-seats-in-the-new-zealand-house-of-representatives-in-the-2026-new-zealand-legislative-election,will-green-party-win-the-most-seats-in-the-new-zealand-legislative-election,new-zealand-legislative-election-winner,Most-seats counterpart to New Zealand PM market.,needs_slug_clob_verification,thin_from_paste_check_depth,appears_clear_from_paste,Expanded to all visible party outcomes.,2116495,431450,0x88188d5f5c9b4c9d6b9b25b69cdc6fc635f629635cacd9f6c1b0190d3382198a,"A general election is scheduled to be held in New Zealand on November 7, 2026.

This market will resolve according to the political party that wins the greatest number of seats in the New Zealand House of Representatives as a result of this election.

If the results of this election are not known definitively by October 31, 2027, 11:59 PM ET, this market will resolve to ""Other"".

In the event of a tie between multiple parties for the most seats won, this market will resolve in favor of the party that received a greater number of valid party list votes. In the event that results in a tie, this market will resolve in favor of the party whose listed name appears first in alphabetical order.

This market's resolution will be based solely on the number of seats won by the named party in the New Zealand House of Representatives in this election.

This market will resolve based on the results of this election as indicated by a consensus of credible reporting. If there is ambiguity, this market will resolve based solely on the official results reported by New Zealand government sources such as the New Zealand Electoral Commission (https://elections.nz/).",,,2026-11-07T00:00:00Z,true,false,,false,true,"[""Yes"",""No""]","[""857700738563620094995568365548281646273066061752493305349670125904783426957"",""2129029324679123912115211633856656850488840632010154848674118191388083654952""]","{""Yes"":""857700738563620094995568365548281646273066061752493305349670125904783426957"",""No"":""2129029324679123912115211633856656850488840632010154848674118191388083654952""}",857700738563620094995568365548281646273066061752493305349670125904783426957,2129029324679123912115211633856656850488840632010154848674118191388083654952,675.042,17303.52529,https://polymarket.com/event/will-green-party-win-the-most-seats-in-the-new-zealand-house-of-representatives-in-the-2026-new-zealand-legislative-election,VERIFIED_READY,2026-06-25T20:36:28+00:00,"[{""score"":1.1151,""id"":""2116495"",""slug"":""will-green-party-win-the-most-seats-in-the-new-zealand-house-of-representatives-in-the-2026-new-zealand-legislative-election"",""question"":""Will Green Party win the most seats in the New Zealand House of Representatives in the 2026 New Zealand legislative election?"",""event_title"":""New Zealand legislative election winner?"",""endDate"":""2026-11-07T00:00:00Z"",""volume"":""675.042"",""source"":""events_slug_path"",""active"":true,""closed"":false},{""score"":1.0753,""id"":""2116494"",""slug"":""will-labour-party-win-the-most-seats-in-the-new-zealand-house-of-representatives-in-the-2026-new-zealand-legislative-election"",""question"":""Will Labour Party win the most seats in the New Zealand House of Representatives in the 2026 New Zealand legislative election?"",""event_title"":""New Zealand legislative election winner?"",""endDate"":""2026-11-07T00:00:00Z"",""volume"":""7779.4496659999995"",""source"":""events_slug_path"",""active"":true,""closed"":false},{""score"":1.0711,""id"":""2116493"",""slug"":""will-national-party-win-the-most-seats-in-the-new-zealand-house-of-representatives-in-the-2026-new-zealand-legislative-election"",""question"":""Will National Party win the most seats in the New Zealand House of Representatives in the 2026 New Zealand legislative election?"",""event_title"":""New Zealand legislative election winner?"",""endDate"":""2026-11-07T00:00:00Z"",""volume"":""8452.183825999999"",""source"":""events_slug_path"",""active"":true,""closed"":false},{""score"":1.0534,""id"":""2116497"",""slug"":""will-new-zealand-first-party-win-the-most-seats-in-the-new-zealand-house-of-representatives-in-the-2026-new-zealand-legislative-election"",""question"":""Will New Zealand First Party win the most seats in the New Zealand House of Representatives in the 2026 New Zealand legislative election?"",""event_title"":""New Zealand legislative election winner?"",""endDate"":""2026-11-07T00:00:00Z"",""volume"":""663.74"",""source"":""events_slug_path"",""active"":true,""closed"":false},{""score"":1.0411,""id"":""2116498"",""slug"":""will-te-pti-mori-win-the-most-seats-in-the-new-zealand-house-of-representatives-in-the-2026-new-zealand-legislative-election"",""question"":""Will Te Pāti Māori win the most seats in the New Zealand House of Representatives in the 2026 New Zealand legislative election?"",""event_title"":""New Zealand legislative election winner?"",""endDate"":""2026-11-07T00:00:00Z"",""volume"":""671.46"",""source"":""events_slug_path"",""active"":true,""closed"":false}]",AUTO_ACCEPTED: accepted rank=1 score=1.1151 top=1.1151 second=1.0753; score/margin guardrails disabled,,Green Party,,KEPT
