market_num,tracking_id,parent_market_num,parent_market_name,market_name,question,search_query,region,bucket,system_type,underlying_event_group,group,tier,outcome_market_kind,outcome_order,primary_outcome_to_track,exact_polymarket_slug,slug_search_hint,parent_slug_search_hint,selected_reason,status,liquidity_ok,rules_ok,notes,gamma_market_id,event_id,condition_id,description_text,rules_text,resolution_source,end_date,active,closed,resolved,archived,enable_order_book,outcomes_json,clob_token_ids_json,outcome_token_map_json,yes_token_id,no_token_id,volume,liquidity,market_url,verification_status,verified_at,candidate_matches_json,resolver_notes,topic_filter_all,outcome_filter_any,cut_reason,fix_action
69,RSO-0069,24,Florida Governor Republican Primary Winner,Florida Governor Republican Primary Winner — Byron Donalds,Will Byron Donalds win the 2028 Republican presidential nomination?,Will Byron Donalds win the Florida Governor Republican Primary?,US,narrative_candidate,us_statewide_primary,florida_gop_governor_primary_2026,tracked,narrative,multi_outcome_contract,1,Byron Donalds,will-byron-donalds-win-the-2028-republican-presidential-nomination,will-byron-donalds-win-the-florida-governor-republican-primary,florida-governor-republican-primary-winner,Online-right/narrative-premium test centered on James Fishback vs Byron Donalds favorite.,needs_slug_clob_verification,appears_strong_from_paste,appears_clear_from_paste,Primary market expanded to all visible candidate outcomes from paste.,561986,31875,0xd1747284d6048b2a3dcfbee489db405f36de18f9590197dd0e5c9f0c246bf050,"This market will resolve to “Yes” if the named individual wins and accepts the 2028 nomination of the Republican Party for U.S. president. Otherwise, this market will resolve to “No”.

The resolution source for this market will be a consensus of official Republican Party sources.

Any replacement of the Republican nominee before election day will not change the resolution of the market.",,,2028-11-07T00:00:00Z,true,false,,false,true,"[""Yes"",""No""]","[""311624663652221737215322113380496984764966764039692273354641152455298576851"",""43292374563904271719486871569114922516560719431752184778538513591321835161630""]","{""Yes"":""311624663652221737215322113380496984764966764039692273354641152455298576851"",""No"":""43292374563904271719486871569114922516560719431752184778538513591321835161630""}",311624663652221737215322113380496984764966764039692273354641152455298576851,43292374563904271719486871569114922516560719431752184778538513591321835161630,44020433.89479236,1694983.55322,https://polymarket.com/event/will-byron-donalds-win-the-2028-republican-presidential-nomination,VERIFIED_READY,2026-06-25T20:27:39+00:00,"[{""score"":1.0594,""id"":""561986"",""slug"":""will-byron-donalds-win-the-2028-republican-presidential-nomination"",""question"":""Will Byron Donalds win the 2028 Republican presidential nomination?"",""event_title"":""Republican Presidential Nominee 2028"",""endDate"":""2028-11-07T00:00:00Z"",""volume"":""44020433.89479236"",""source"":""/events?search"",""active"":true,""closed"":false},{""score"":0.9677,""id"":""561979"",""slug"":""will-ron-desantis-win-the-2028-republican-presidential-nomination"",""question"":""Will Ron DeSantis win the 2028 Republican presidential nomination?"",""event_title"":""Republican Presidential Nominee 2028"",""endDate"":""2028-11-07T00:00:00Z"",""volume"":""14384508.57044968"",""source"":""/events?search"",""active"":true,""closed"":false},{""score"":0.9586,""id"":""561973"",""slug"":""will-donald-trump-win-the-2028-republican-presidential-nomination"",""question"":""Will Donald Trump win the 2028 Republican presidential nomination?"",""event_title"":""Republican Presidential Nominee 2028"",""endDate"":""2028-11-07T00:00:00Z"",""volume"":""8875849.591509977"",""source"":""/events?search"",""active"":true,""closed"":false},{""score"":0.9574,""id"":""562000"",""slug"":""will-rand-paul-win-the-2028-republican-presidential-nomination"",""question"":""Will Rand Paul win the 2028 Republican presidential nomination?"",""event_title"":""Republican Presidential Nominee 2028"",""endDate"":""2028-11-07T00:00:00Z"",""volume"":""18987483.191383053"",""source"":""/events?search"",""active"":true,""closed"":false},{""score"":0.9508,""id"":""561978"",""slug"":""will-donald-trump-jr-win-the-2028-republican-presidential-nomination"",""question"":""Will Donald Trump Jr. win the 2028 Republican presidential nomination?"",""event_title"":""Republican Presidential Nominee 2028"",""endDate"":""2028-11-07T00:00:00Z"",""volume"":""9028763.260873068"",""source"":""/events?search"",""active"":true,""closed"":false}]",AUTO_ACCEPTED: accepted rank=1 score=1.0594 top=1.0594 second=0.9677; score/margin guardrails disabled,,,CUT_BY_USER: fake/not worth tracking,DROPPED
70,RSO-0070,24,Florida Governor Republican Primary Winner,Florida Governor Republican Primary Winner — James Fishback,Will Joe Kent win the 2028 Republican presidential nomination?,Will James Fishback win the Florida Governor Republican Primary?,US,narrative_candidate,us_statewide_primary,florida_gop_governor_primary_2026,tracked,narrative,multi_outcome_contract,2,James Fishback,will-joe-kent-win-the-2028-republican-presidential-nomination,will-james-fishback-win-the-florida-governor-republican-primary,florida-governor-republican-primary-winner,Online-right/narrative-premium test centered on James Fishback vs Byron Donalds favorite.,needs_slug_clob_verification,appears_strong_from_paste,appears_clear_from_paste,Primary market expanded to all visible candidate outcomes from paste.,562007,31875,0xf2cb33c6634ee4676b642e728715c68441fb8d8c90f730ba0b5c3cd1f436a4be,"This market will resolve to “Yes” if the named individual wins and accepts the 2028 nomination of the Republican Party for U.S. president. Otherwise, this market will resolve to “No”.

The resolution source for this market will be a consensus of official Republican Party sources.

Any replacement of the Republican nominee before election day will not change the resolution of the market.",,,2028-11-07T00:00:00Z,true,false,,false,true,"[""Yes"",""No""]","[""79109138136144804495019974949003266649145803384760006308278371005319168843129"",""65030375464178446496570525340832652143777619585997981475842311804446352421562""]","{""Yes"":""79109138136144804495019974949003266649145803384760006308278371005319168843129"",""No"":""65030375464178446496570525340832652143777619585997981475842311804446352421562""}",79109138136144804495019974949003266649145803384760006308278371005319168843129,65030375464178446496570525340832652143777619585997981475842311804446352421562,7805877.925949332,1206431.82765,https://polymarket.com/event/will-joe-kent-win-the-2028-republican-presidential-nomination,VERIFIED_READY,2026-06-25T20:27:42+00:00,"[{""score"":0.9477,""id"":""562007"",""slug"":""will-joe-kent-win-the-2028-republican-presidential-nomination"",""question"":""Will Joe Kent win the 2028 Republican presidential nomination?"",""event_title"":""Republican Presidential Nominee 2028"",""endDate"":""2028-11-07T00:00:00Z"",""volume"":""7805877.925949332"",""source"":""/events?search"",""active"":true,""closed"":false},{""score"":0.9425,""id"":""562002"",""slug"":""will-erika-kirk-win-the-2028-republican-presidential-nomination"",""question"":""Will Erika Kirk win the 2028 Republican presidential nomination?"",""event_title"":""Republican Presidential Nominee 2028"",""endDate"":""2028-11-07T00:00:00Z"",""volume"":""18250080.744761713"",""source"":""/events?search"",""active"":true,""closed"":false},{""score"":0.9425,""id"":""561995"",""slug"":""will-mike-pence-win-the-2028-republican-presidential-nomination"",""question"":""Will Mike Pence win the 2028 Republican presidential nomination?"",""event_title"":""Republican Presidential Nominee 2028"",""endDate"":""2028-11-07T00:00:00Z"",""volume"":""41754676.26409425"",""source"":""/events?search"",""active"":true,""closed"":false},{""score"":0.9415,""id"":""561987"",""slug"":""will-elise-stefanik-win-the-2028-republican-presidential-nomination"",""question"":""Will Elise Stefanik win the 2028 Republican presidential nomination?"",""event_title"":""Republican Presidential Nominee 2028"",""endDate"":""2028-11-07T00:00:00Z"",""volume"":""27418784.46590782"",""source"":""/events?search"",""active"":true,""closed"":false},{""score"":0.94,""id"":""561988"",""slug"":""will-josh-hawley-win-the-2028-republican-presidential-nomination"",""question"":""Will Josh Hawley win the 2028 Republican presidential nomination?"",""event_title"":""Republican Presidential Nominee 2028"",""endDate"":""2028-11-07T00:00:00Z"",""volume"":""19908144.155238505"",""source"":""/events?search"",""active"":true,""closed"":false}]",AUTO_ACCEPTED: accepted rank=1 score=0.9477 top=0.9477 second=0.9425; score/margin guardrails disabled,,,CUT_BY_USER: fake/not worth tracking,DROPPED
71,RSO-0071,24,Florida Governor Republican Primary Winner,Florida Governor Republican Primary Winner — Wilton Simpson,Will Ron DeSantis win the 2028 Republican presidential nomination?,Will Wilton Simpson win the Florida Governor Republican Primary?,US,narrative_candidate,us_statewide_primary,florida_gop_governor_primary_2026,tracked,narrative,multi_outcome_contract,3,Wilton Simpson,will-ron-desantis-win-the-2028-republican-presidential-nomination,will-wilton-simpson-win-the-florida-governor-republican-primary,florida-governor-republican-primary-winner,Online-right/narrative-premium test centered on James Fishback vs Byron Donalds favorite.,needs_slug_clob_verification,appears_strong_from_paste,appears_clear_from_paste,Primary market expanded to all visible candidate outcomes from paste.,561979,31875,0x64d31a2af85518c6718a5757a35b840f08eca20c1e22c0eb1e96ec01cc55b8b6,"This market will resolve to “Yes” if the named individual wins and accepts the 2028 nomination of the Republican Party for U.S. president. Otherwise, this market will resolve to “No”.

The resolution source for this market will be a consensus of official Republican Party sources.

Any replacement of the Republican nominee before election day will not change the resolution of the market.",,,2028-11-07T00:00:00Z,true,false,,false,true,"[""Yes"",""No""]","[""12127975650736113116407758794754973741525044713193258995588171654429754588610"",""95344728193244020854716971584323868633691370479151373416918812532794690491367""]","{""Yes"":""12127975650736113116407758794754973741525044713193258995588171654429754588610"",""No"":""95344728193244020854716971584323868633691370479151373416918812532794690491367""}",12127975650736113116407758794754973741525044713193258995588171654429754588610,95344728193244020854716971584323868633691370479151373416918812532794690491367,14384508.57044968,336541.17607,https://polymarket.com/event/will-ron-desantis-win-the-2028-republican-presidential-nomination,VERIFIED_READY,2026-06-25T20:27:45+00:00,"[{""score"":0.9556,""id"":""561979"",""slug"":""will-ron-desantis-win-the-2028-republican-presidential-nomination"",""question"":""Will Ron DeSantis win the 2028 Republican presidential nomination?"",""event_title"":""Republican Presidential Nominee 2028"",""endDate"":""2028-11-07T00:00:00Z"",""volume"":""14384508.57044968"",""source"":""/events?search"",""active"":true,""closed"":false},{""score"":0.9544,""id"":""561990"",""slug"":""will-elon-musk-win-the-2028-republican-presidential-nomination"",""question"":""Will Elon Musk win the 2028 Republican presidential nomination?"",""event_title"":""Republican Presidential Nominee 2028"",""endDate"":""2028-11-07T00:00:00Z"",""volume"":""28394714.107721843"",""source"":""/events?search"",""active"":true,""closed"":false},{""score"":0.9517,""id"":""561985"",""slug"":""will-brian-kemp-win-the-2028-republican-presidential-nomination"",""question"":""Will Brian Kemp win the 2028 Republican presidential nomination?"",""event_title"":""Republican Presidential Nominee 2028"",""endDate"":""2028-11-07T00:00:00Z"",""volume"":""17267120.803316496"",""source"":""/events?search"",""active"":true,""closed"":false},{""score"":0.9466,""id"":""561973"",""slug"":""will-donald-trump-win-the-2028-republican-presidential-nomination"",""question"":""Will Donald Trump win the 2028 Republican presidential nomination?"",""event_title"":""Republican Presidential Nominee 2028"",""endDate"":""2028-11-07T00:00:00Z"",""volume"":""8875849.591509977"",""source"":""/events?search"",""active"":true,""closed"":false},{""score"":0.944,""id"":""561986"",""slug"":""will-byron-donalds-win-the-2028-republican-presidential-nomination"",""question"":""Will Byron Donalds win the 2028 Republican presidential nomination?"",""event_title"":""Republican Presidential Nominee 2028"",""endDate"":""2028-11-07T00:00:00Z"",""volume"":""44020433.89479236"",""source"":""/events?search"",""active"":true,""closed"":false}]",AUTO_ACCEPTED: accepted rank=1 score=0.9556 top=0.9556 second=0.9544; score/margin guardrails disabled,,,CUT_BY_USER: fake/not worth tracking,DROPPED
72,RSO-0072,24,Florida Governor Republican Primary Winner,Florida Governor Republican Primary Winner — Casey DeSantis,Will Ron DeSantis win the 2028 Republican presidential nomination?,Will Casey DeSantis win the Florida Governor Republican Primary?,US,narrative_candidate,us_statewide_primary,florida_gop_governor_primary_2026,tracked,narrative,multi_outcome_contract,4,Casey DeSantis,will-ron-desantis-win-the-2028-republican-presidential-nomination,will-casey-desantis-win-the-florida-governor-republican-primary,florida-governor-republican-primary-winner,Online-right/narrative-premium test centered on James Fishback vs Byron Donalds favorite.,needs_slug_clob_verification,appears_strong_from_paste,appears_clear_from_paste,Primary market expanded to all visible candidate outcomes from paste.,561979,31875,0x64d31a2af85518c6718a5757a35b840f08eca20c1e22c0eb1e96ec01cc55b8b6,"This market will resolve to “Yes” if the named individual wins and accepts the 2028 nomination of the Republican Party for U.S. president. Otherwise, this market will resolve to “No”.

The resolution source for this market will be a consensus of official Republican Party sources.

Any replacement of the Republican nominee before election day will not change the resolution of the market.",,,2028-11-07T00:00:00Z,true,false,,false,true,"[""Yes"",""No""]","[""12127975650736113116407758794754973741525044713193258995588171654429754588610"",""95344728193244020854716971584323868633691370479151373416918812532794690491367""]","{""Yes"":""12127975650736113116407758794754973741525044713193258995588171654429754588610"",""No"":""95344728193244020854716971584323868633691370479151373416918812532794690491367""}",12127975650736113116407758794754973741525044713193258995588171654429754588610,95344728193244020854716971584323868633691370479151373416918812532794690491367,14384508.57044968,336541.17607,https://polymarket.com/event/will-ron-desantis-win-the-2028-republican-presidential-nomination,VERIFIED_READY,2026-06-25T20:27:48+00:00,"[{""score"":1.0028,""id"":""561979"",""slug"":""will-ron-desantis-win-the-2028-republican-presidential-nomination"",""question"":""Will Ron DeSantis win the 2028 Republican presidential nomination?"",""event_title"":""Republican Presidential Nominee 2028"",""endDate"":""2028-11-07T00:00:00Z"",""volume"":""14384508.57044968"",""source"":""/events?search"",""active"":true,""closed"":false},{""score"":0.9594,""id"":""561987"",""slug"":""will-elise-stefanik-win-the-2028-republican-presidential-nomination"",""question"":""Will Elise Stefanik win the 2028 Republican presidential nomination?"",""event_title"":""Republican Presidential Nominee 2028"",""endDate"":""2028-11-07T00:00:00Z"",""volume"":""27418784.46590782"",""source"":""/events?search"",""active"":true,""closed"":false},{""score"":0.9571,""id"":""562007"",""slug"":""will-joe-kent-win-the-2028-republican-presidential-nomination"",""question"":""Will Joe Kent win the 2028 Republican presidential nomination?"",""event_title"":""Republican Presidential Nominee 2028"",""endDate"":""2028-11-07T00:00:00Z"",""volume"":""7805877.925949332"",""source"":""/events?search"",""active"":true,""closed"":false},{""score"":0.9481,""id"":""561982"",""slug"":""will-sarah-huckabee-sanders-win-the-2028-republican-presidential-nomination"",""question"":""Will Sarah Huckabee Sanders win the 2028 Republican presidential nomination?"",""event_title"":""Republican Presidential Nominee 2028"",""endDate"":""2028-11-07T00:00:00Z"",""volume"":""31843382.587215792"",""source"":""/events?search"",""active"":true,""closed"":false},{""score"":0.9466,""id"":""562001"",""slug"":""will-steve-bannon-win-the-2028-republican-presidential-nomination"",""question"":""Will Steve Bannon win the 2028 Republican presidential nomination?"",""event_title"":""Republican Presidential Nominee 2028"",""endDate"":""2028-11-07T00:00:00Z"",""volume"":""22357122.079401173"",""source"":""/events?search"",""active"":true,""closed"":false}]",AUTO_ACCEPTED: accepted rank=1 score=1.0028 top=1.0028 second=0.9594; score/margin guardrails disabled,,,CUT_BY_USER: fake/not worth tracking,DROPPED
73,RSO-0073,24,Florida Governor Republican Primary Winner,Florida Governor Republican Primary Winner — Matt Gaetz,Will Matt Gaetz win the 2028 Republican presidential nomination?,Will Matt Gaetz win the Florida Governor Republican Primary?,US,narrative_candidate,us_statewide_primary,florida_gop_governor_primary_2026,tracked,narrative,multi_outcome_contract,5,Matt Gaetz,will-matt-gaetz-win-the-2028-republican-presidential-nomination,will-matt-gaetz-win-the-florida-governor-republican-primary,florida-governor-republican-primary-winner,Online-right/narrative-premium test centered on James Fishback vs Byron Donalds favorite.,needs_slug_clob_verification,appears_strong_from_paste,appears_clear_from_paste,Primary market expanded to all visible candidate outcomes from paste.,561991,31875,0xf2cea45ec282af4f302d2ab85ede73678cd692ebf8c3ab6d52bfa5e19f44c553,"This market will resolve to “Yes” if the named individual wins and accepts the 2028 nomination of the Republican Party for U.S. president. Otherwise, this market will resolve to “No”.

The resolution source for this market will be a consensus of official Republican Party sources.

Any replacement of the Republican nominee before election day will not change the resolution of the market.",,,2028-11-07T00:00:00Z,true,false,,false,true,"[""Yes"",""No""]","[""21684611233679565633387313395955873024927822291738934804105644401703825367322"",""84095293813293852486357602606048386507591460335706798271998543834668723932068""]","{""Yes"":""21684611233679565633387313395955873024927822291738934804105644401703825367322"",""No"":""84095293813293852486357602606048386507591460335706798271998543834668723932068""}",21684611233679565633387313395955873024927822291738934804105644401703825367322,84095293813293852486357602606048386507591460335706798271998543834668723932068,19681995.062338613,1845408.02405,https://polymarket.com/event/will-matt-gaetz-win-the-2028-republican-presidential-nomination,VERIFIED_READY,2026-06-25T20:27:51+00:00,"[{""score"":1.0514,""id"":""561991"",""slug"":""will-matt-gaetz-win-the-2028-republican-presidential-nomination"",""question"":""Will Matt Gaetz win the 2028 Republican presidential nomination?"",""event_title"":""Republican Presidential Nominee 2028"",""endDate"":""2028-11-07T00:00:00Z"",""volume"":""19681995.062338613"",""source"":""/events?search"",""active"":true,""closed"":false},{""score"":0.9557,""id"":""562005"",""slug"":""will-thomas-massie-win-the-2028-republican-presidential-nomination"",""question"":""Will Thomas Massie win the 2028 Republican presidential nomination?"",""event_title"":""Republican Presidential Nominee 2028"",""endDate"":""2028-11-07T00:00:00Z"",""volume"":""5625526.526609997"",""source"":""/events?search"",""active"":true,""closed"":false},{""score"":0.9517,""id"":""561992"",""slug"":""will-katie-britt-win-the-2028-republican-presidential-nomination"",""question"":""Will Katie Britt win the 2028 Republican presidential nomination?"",""event_title"":""Republican Presidential Nominee 2028"",""endDate"":""2028-11-07T00:00:00Z"",""volume"":""28452015.39607941"",""source"":""/events?search"",""active"":true,""closed"":false},{""score"":0.9502,""id"":""561989"",""slug"":""will-ted-cruz-win-the-2028-republican-presidential-nomination"",""question"":""Will Ted Cruz win the 2028 Republican presidential nomination?"",""event_title"":""Republican Presidential Nominee 2028"",""endDate"":""2028-11-07T00:00:00Z"",""volume"":""18328574.70673212"",""source"":""/events?search"",""active"":true,""closed"":false},{""score"":0.9475,""id"":""562000"",""slug"":""will-rand-paul-win-the-2028-republican-presidential-nomination"",""question"":""Will Rand Paul win the 2028 Republican presidential nomination?"",""event_title"":""Republican Presidential Nominee 2028"",""endDate"":""2028-11-07T00:00:00Z"",""volume"":""18987483.191383053"",""source"":""/events?search"",""active"":true,""closed"":false}]",AUTO_ACCEPTED: accepted rank=1 score=1.0514 top=1.0514 second=0.9557; score/margin guardrails disabled,,,CUT_BY_USER: fake/not worth tracking,DROPPED
74,RSO-0074,24,Florida Governor Republican Primary Winner,Florida Governor Republican Primary Winner — Jay Collins,Will Marco Rubio win the 2028 Republican presidential nomination?,Will Jay Collins win the Florida Governor Republican Primary?,US,narrative_candidate,us_statewide_primary,florida_gop_governor_primary_2026,tracked,narrative,multi_outcome_contract,6,Jay Collins,will-marco-rubio-win-the-2028-republican-presidential-nomination,will-jay-collins-win-the-florida-governor-republican-primary,florida-governor-republican-primary-winner,Online-right/narrative-premium test centered on James Fishback vs Byron Donalds favorite.,needs_slug_clob_verification,appears_strong_from_paste,appears_clear_from_paste,Primary market expanded to all visible candidate outcomes from paste.,561975,31875,0x21ad31a46bfaa51650766eff6dc69c866959e32d965ffb116020e37694b6317d,"This market will resolve to “Yes” if the named individual wins and accepts the 2028 nomination of the Republican Party for U.S. president. Otherwise, this market will resolve to “No”.

The resolution source for this market will be a consensus of official Republican Party sources.

Any replacement of the Republican nominee before election day will not change the resolution of the market.",,,2028-11-07T00:00:00Z,true,false,,false,true,"[""Yes"",""No""]","[""13565458761220145250977753098276900790902214604876327357986816739576288755859"",""75720156002519829912361786945091022242706922246722836126941546028340974330171""]","{""Yes"":""13565458761220145250977753098276900790902214604876327357986816739576288755859"",""No"":""75720156002519829912361786945091022242706922246722836126941546028340974330171""}",13565458761220145250977753098276900790902214604876327357986816739576288755859,75720156002519829912361786945091022242706922246722836126941546028340974330171,9465199.399296582,228945.55466,https://polymarket.com/event/will-marco-rubio-win-the-2028-republican-presidential-nomination,VERIFIED_READY,2026-06-25T20:27:53+00:00,"[{""score"":0.9487,""id"":""561975"",""slug"":""will-marco-rubio-win-the-2028-republican-presidential-nomination"",""question"":""Will Marco Rubio win the 2028 Republican presidential nomination?"",""event_title"":""Republican Presidential Nominee 2028"",""endDate"":""2028-11-07T00:00:00Z"",""volume"":""9465199.399296582"",""source"":""/events?search"",""active"":true,""closed"":false},{""score"":0.9472,""id"":""562007"",""slug"":""will-joe-kent-win-the-2028-republican-presidential-nomination"",""question"":""Will Joe Kent win the 2028 Republican presidential nomination?"",""event_title"":""Republican Presidential Nominee 2028"",""endDate"":""2028-11-07T00:00:00Z"",""volume"":""7805877.925949332"",""source"":""/events?search"",""active"":true,""closed"":false},{""score"":0.9454,""id"":""561974"",""slug"":""will-jd-vance-win-the-2028-republican-presidential-nomination"",""question"":""Will J.D. Vance win the 2028 Republican presidential nomination?"",""event_title"":""Republican Presidential Nominee 2028"",""endDate"":""2028-11-07T00:00:00Z"",""volume"":""14043053.220121011"",""source"":""/events?search"",""active"":true,""closed"":false},{""score"":0.9445,""id"":""562000"",""slug"":""will-rand-paul-win-the-2028-republican-presidential-nomination"",""question"":""Will Rand Paul win the 2028 Republican presidential nomination?"",""event_title"":""Republican Presidential Nominee 2028"",""endDate"":""2028-11-07T00:00:00Z"",""volume"":""18987483.191383053"",""source"":""/events?search"",""active"":true,""closed"":false},{""score"":0.9419,""id"":""562002"",""slug"":""will-erika-kirk-win-the-2028-republican-presidential-nomination"",""question"":""Will Erika Kirk win the 2028 Republican presidential nomination?"",""event_title"":""Republican Presidential Nominee 2028"",""endDate"":""2028-11-07T00:00:00Z"",""volume"":""18250080.744761713"",""source"":""/events?search"",""active"":true,""closed"":false}]",AUTO_ACCEPTED: accepted rank=1 score=0.9487 top=0.9487 second=0.9472; score/margin guardrails disabled,,,CUT_BY_USER: fake/not worth tracking,DROPPED
75,RSO-0075,24,Florida Governor Republican Primary Winner,Florida Governor Republican Primary Winner — Jimmy Patronis,Will Kim Kardashian win the 2028 Republican presidential nomination?,Will Jimmy Patronis win the Florida Governor Republican Primary?,US,narrative_candidate,us_statewide_primary,florida_gop_governor_primary_2026,tracked,narrative,multi_outcome_contract,7,Jimmy Patronis,will-kim-kardashian-win-the-2028-republican-presidential-nomination,will-jimmy-patronis-win-the-florida-governor-republican-primary,florida-governor-republican-primary-winner,Online-right/narrative-premium test centered on James Fishback vs Byron Donalds favorite.,needs_slug_clob_verification,appears_strong_from_paste,appears_clear_from_paste,Primary market expanded to all visible candidate outcomes from paste.,562003,31875,0x414378275cb214b747245942be889ee1e077c56d1c00eb4d726629c95f22b5a5,"This market will resolve to “Yes” if the named individual wins and accepts the 2028 nomination of the Republican Party for U.S. president. Otherwise, this market will resolve to “No”.

The resolution source for this market will be a consensus of official Republican Party sources.

Any replacement of the Republican nominee before election day will not change the resolution of the market.",,,2028-11-07T00:00:00Z,true,false,,false,true,"[""Yes"",""No""]","[""10651968542740640896482407431367624536081358925965856338872110525887291512129"",""103086387269187122378314827672946076309261054730475021633767467850510078119868""]","{""Yes"":""10651968542740640896482407431367624536081358925965856338872110525887291512129"",""No"":""103086387269187122378314827672946076309261054730475021633767467850510078119868""}",10651968542740640896482407431367624536081358925965856338872110525887291512129,103086387269187122378314827672946076309261054730475021633767467850510078119868,27989556.184287637,2159603.36072,https://polymarket.com/event/will-kim-kardashian-win-the-2028-republican-presidential-nomination,VERIFIED_READY,2026-06-25T20:27:56+00:00,"[{""score"":0.9505,""id"":""562003"",""slug"":""will-kim-kardashian-win-the-2028-republican-presidential-nomination"",""question"":""Will Kim Kardashian win the 2028 Republican presidential nomination?"",""event_title"":""Republican Presidential Nominee 2028"",""endDate"":""2028-11-07T00:00:00Z"",""volume"":""27989556.184287637"",""source"":""/events?search"",""active"":true,""closed"":false},{""score"":0.9466,""id"":""561979"",""slug"":""will-ron-desantis-win-the-2028-republican-presidential-nomination"",""question"":""Will Ron DeSantis win the 2028 Republican presidential nomination?"",""event_title"":""Republican Presidential Nominee 2028"",""endDate"":""2028-11-07T00:00:00Z"",""volume"":""14384508.57044968"",""source"":""/events?search"",""active"":true,""closed"":false},{""score"":0.9459,""id"":""561974"",""slug"":""will-jd-vance-win-the-2028-republican-presidential-nomination"",""question"":""Will J.D. Vance win the 2028 Republican presidential nomination?"",""event_title"":""Republican Presidential Nominee 2028"",""endDate"":""2028-11-07T00:00:00Z"",""volume"":""14043053.220121011"",""source"":""/events?search"",""active"":true,""closed"":false},{""score"":0.944,""id"":""561986"",""slug"":""will-byron-donalds-win-the-2028-republican-presidential-nomination"",""question"":""Will Byron Donalds win the 2028 Republican presidential nomination?"",""event_title"":""Republican Presidential Nominee 2028"",""endDate"":""2028-11-07T00:00:00Z"",""volume"":""44020433.89479236"",""source"":""/events?search"",""active"":true,""closed"":false},{""score"":0.9425,""id"":""562006"",""slug"":""will-eric-trump-win-the-2028-republican-presidential-nomination"",""question"":""Will Eric Trump win the 2028 Republican presidential nomination?"",""event_title"":""Republican Presidential Nominee 2028"",""endDate"":""2028-11-07T00:00:00Z"",""volume"":""9588357.813823294"",""source"":""/events?search"",""active"":true,""closed"":false}]",AUTO_ACCEPTED: accepted rank=1 score=0.9505 top=0.9505 second=0.9466; score/margin guardrails disabled,,,CUT_BY_USER: fake/not worth tracking,DROPPED
104,RSO-0104,27,Brazil Presidential Election First Round: 1st Place,Brazil Presidential Election First Round: 1st Place — Luiz Inácio Lula da Silva,Will Zohran Mamdani win the 2028 US Presidential Election?,Will Luiz Inácio Lula da Silva finish first in the Brazil presidential election first round?,Brazil,brazil_presidential,presidential_two_round,brazil_first_round_first_place_2026,tracked,brazil_core,multi_outcome_contract,1,Luiz Inácio Lula da Silva,will-zohran-mamdani-win-the-2028-us-presidential-election,will-luiz-inacio-lula-da-silva-finish-first-in-the-brazil-presidential-election-first-round,brazil-presidential-election-first-round-1st-place,"User-requested first-round first-place market; not clearly visible in paste, so rows are included for resolver/manual verification.",needs_slug_clob_verification,needs_orderbook_check,needs_manual_review,"If no actual Polymarket event exists, mark this parent market REPLACE.",561256,31552,0xf05b4b55336a4c1c7b44c726911d2b559732cff7bad339084de86ae364dc85f6,"The 2028 US Presidential Election is scheduled to take place on November 7, 2028.

This market will resolve to the person who wins the 2028 US Presidential Election.

The resolution source for this market is the Associated Press, Fox News, and NBC. This market will resolve once all three sources call the race for the same candidate. If all three sources haven’t called the race for the same candidate by the inauguration date (January 20, 2029) this market will resolve based on who is inaugurated.",,,2028-11-07T00:00:00Z,true,false,,false,true,"[""Yes"",""No""]","[""94621929236241392639802280031607240386237812521756048982107414565863464212526"",""37476438367629084207797870684242875797541797912993121111059056752005821579571""]","{""Yes"":""94621929236241392639802280031607240386237812521756048982107414565863464212526"",""No"":""37476438367629084207797870684242875797541797912993121111059056752005821579571""}",94621929236241392639802280031607240386237812521756048982107414565863464212526,37476438367629084207797870684242875797541797912993121111059056752005821579571,20755890.199258473,1786963.16433,https://polymarket.com/event/will-zohran-mamdani-win-the-2028-us-presidential-election,VERIFIED_READY,2026-06-25T20:29:25+00:00,"[{""score"":0.7588,""id"":""561256"",""slug"":""will-zohran-mamdani-win-the-2028-us-presidential-election"",""question"":""Will Zohran Mamdani win the 2028 US Presidential Election?"",""event_title"":""Presidential Election Winner 2028"",""endDate"":""2028-11-07T00:00:00Z"",""volume"":""20755890.199258473"",""source"":""/events?search"",""active"":true,""closed"":false},{""score"":0.7475,""id"":""561233"",""slug"":""will-josh-shapiro-win-the-2028-us-presidential-election"",""question"":""Will Josh Shapiro win the 2028 US Presidential Election?"",""event_title"":""Presidential Election Winner 2028"",""endDate"":""2028-11-07T00:00:00Z"",""volume"":""6794698.663190952"",""source"":""/events?search"",""active"":true,""closed"":false},{""score"":0.7475,""id"":""561246"",""slug"":""will-ron-desantis-win-the-2028-us-presidential-election"",""question"":""Will Ron DeSantis win the 2028 US Presidential Election?"",""event_title"":""Presidential Election Winner 2028"",""endDate"":""2028-11-07T00:00:00Z"",""volume"":""11896129.537173146"",""source"":""/events?search"",""active"":true,""closed"":false},{""score"":0.7453,""id"":""561239"",""slug"":""will-kamala-harris-win-the-2028-us-presidential-election"",""question"":""Will Kamala Harris win the 2028 US Presidential Election?"",""event_title"":""Presidential Election Winner 2028"",""endDate"":""2028-11-07T00:00:00Z"",""volume"":""8027080.815593015"",""source"":""/events?search"",""active"":true,""closed"":false},{""score"":0.7374,""id"":""561242"",""slug"":""will-tulsi-gabbard-win-the-2028-us-presidential-election"",""question"":""Will Tulsi Gabbard win the 2028 US Presidential Election?"",""event_title"":""Presidential Election Winner 2028"",""endDate"":""2028-11-07T00:00:00Z"",""volume"":""32790396.357603867"",""source"":""/events?search"",""active"":true,""closed"":false}]",AUTO_ACCEPTED: accepted rank=1 score=0.7588 top=0.7588 second=0.7475; score/margin guardrails disabled,,,CUT_BY_USER: fake/not worth tracking,DROPPED
105,RSO-0105,27,Brazil Presidential Election First Round: 1st Place,Brazil Presidential Election First Round: 1st Place — Flávio Bolsonaro,Will Ron DeSantis win the 2028 US Presidential Election?,Will Flávio Bolsonaro finish first in the Brazil presidential election first round?,Brazil,brazil_presidential,presidential_two_round,brazil_first_round_first_place_2026,tracked,brazil_core,multi_outcome_contract,2,Flávio Bolsonaro,will-ron-desantis-win-the-2028-us-presidential-election,will-flavio-bolsonaro-finish-first-in-the-brazil-presidential-election-first-round,brazil-presidential-election-first-round-1st-place,"User-requested first-round first-place market; not clearly visible in paste, so rows are included for resolver/manual verification.",needs_slug_clob_verification,needs_orderbook_check,needs_manual_review,"If no actual Polymarket event exists, mark this parent market REPLACE.",561246,31552,0x3367d22cd2a673014f1960742afdf8601040a8ad856dc0a98bd1a44ee99504e2,"The 2028 US Presidential Election is scheduled to take place on November 7, 2028.

This market will resolve to the person who wins the 2028 US Presidential Election.

The resolution source for this market is the Associated Press, Fox News, and NBC. This market will resolve once all three sources call the race for the same candidate. If all three sources haven’t called the race for the same candidate by the inauguration date (January 20, 2029) this market will resolve based on who is inaugurated.",,,2028-11-07T00:00:00Z,true,false,,false,true,"[""Yes"",""No""]","[""104480514270625615787868282411330496385404675495672110015326625654626015018993"",""65724430065358897810064400118831287249960059855415477063660293398018349529272""]","{""Yes"":""104480514270625615787868282411330496385404675495672110015326625654626015018993"",""No"":""65724430065358897810064400118831287249960059855415477063660293398018349529272""}",104480514270625615787868282411330496385404675495672110015326625654626015018993,65724430065358897810064400118831287249960059855415477063660293398018349529272,11896129.537173146,258789.42322,https://polymarket.com/event/will-ron-desantis-win-the-2028-us-presidential-election,VERIFIED_READY,2026-06-25T20:29:28+00:00,"[{""score"":0.7806,""id"":""561246"",""slug"":""will-ron-desantis-win-the-2028-us-presidential-election"",""question"":""Will Ron DeSantis win the 2028 US Presidential Election?"",""event_title"":""Presidential Election Winner 2028"",""endDate"":""2028-11-07T00:00:00Z"",""volume"":""11896129.537173146"",""source"":""/events?search"",""active"":true,""closed"":false},{""score"":0.7797,""id"":""561250"",""slug"":""will-elon-musk-win-the-2028-us-presidential-election"",""question"":""Will Elon Musk win the 2028 US Presidential Election?"",""event_title"":""Presidential Election Winner 2028"",""endDate"":""2028-11-07T00:00:00Z"",""volume"":""25183281.143349368"",""source"":""/events?search"",""active"":true,""closed"":false},{""score"":0.7781,""id"":""561265"",""slug"":""will-jalen-brunson-win-the-2028-us-presidential-election"",""question"":""Will Jalen Brunson win the 2028 US Presidential Election?"",""event_title"":""Presidential Election Winner 2028"",""endDate"":""2028-11-07T00:00:00Z"",""volume"":""1063147.5067930014"",""source"":""/events?search"",""active"":true,""closed"":false},{""score"":0.7781,""id"":""561239"",""slug"":""will-kamala-harris-win-the-2028-us-presidential-election"",""question"":""Will Kamala Harris win the 2028 US Presidential Election?"",""event_title"":""Presidential Election Winner 2028"",""endDate"":""2028-11-07T00:00:00Z"",""volume"":""8027080.815593015"",""source"":""/events?search"",""active"":true,""closed"":false},{""score"":0.7756,""id"":""561238"",""slug"":""will-glenn-youngkin-win-the-2028-us-presidential-election"",""question"":""Will Glenn Youngkin win the 2028 US Presidential Election?"",""event_title"":""Presidential Election Winner 2028"",""endDate"":""2028-11-07T00:00:00Z"",""volume"":""25141277.111819338"",""source"":""/events?search"",""active"":true,""closed"":false}]",AUTO_ACCEPTED: accepted rank=1 score=0.7806 top=0.7806 second=0.7797; score/margin guardrails disabled,,,CUT_BY_USER: fake/not worth tracking,DROPPED
106,RSO-0106,27,Brazil Presidential Election First Round: 1st Place,Brazil Presidential Election First Round: 1st Place — Renan Santos,Will Ron DeSantis win the 2028 US Presidential Election?,Will Renan Santos finish first in the Brazil presidential election first round?,Brazil,brazil_presidential,presidential_two_round,brazil_first_round_first_place_2026,tracked,brazil_core,multi_outcome_contract,3,Renan Santos,will-ron-desantis-win-the-2028-us-presidential-election,will-renan-santos-finish-first-in-the-brazil-presidential-election-first-round,brazil-presidential-election-first-round-1st-place,"User-requested first-round first-place market; not clearly visible in paste, so rows are included for resolver/manual verification.",needs_slug_clob_verification,needs_orderbook_check,needs_manual_review,"If no actual Polymarket event exists, mark this parent market REPLACE.",561246,31552,0x3367d22cd2a673014f1960742afdf8601040a8ad856dc0a98bd1a44ee99504e2,"The 2028 US Presidential Election is scheduled to take place on November 7, 2028.

This market will resolve to the person who wins the 2028 US Presidential Election.

The resolution source for this market is the Associated Press, Fox News, and NBC. This market will resolve once all three sources call the race for the same candidate. If all three sources haven’t called the race for the same candidate by the inauguration date (January 20, 2029) this market will resolve based on who is inaugurated.",,,2028-11-07T00:00:00Z,true,false,,false,true,"[""Yes"",""No""]","[""104480514270625615787868282411330496385404675495672110015326625654626015018993"",""65724430065358897810064400118831287249960059855415477063660293398018349529272""]","{""Yes"":""104480514270625615787868282411330496385404675495672110015326625654626015018993"",""No"":""65724430065358897810064400118831287249960059855415477063660293398018349529272""}",104480514270625615787868282411330496385404675495672110015326625654626015018993,65724430065358897810064400118831287249960059855415477063660293398018349529272,11896129.537173146,258789.42322,https://polymarket.com/event/will-ron-desantis-win-the-2028-us-presidential-election,VERIFIED_READY,2026-06-25T20:29:31+00:00,"[{""score"":0.8155,""id"":""561246"",""slug"":""will-ron-desantis-win-the-2028-us-presidential-election"",""question"":""Will Ron DeSantis win the 2028 US Presidential Election?"",""event_title"":""Presidential Election Winner 2028"",""endDate"":""2028-11-07T00:00:00Z"",""volume"":""11896129.537173146"",""source"":""/events?search"",""active"":true,""closed"":false},{""score"":0.8014,""id"":""561238"",""slug"":""will-glenn-youngkin-win-the-2028-us-presidential-election"",""question"":""Will Glenn Youngkin win the 2028 US Presidential Election?"",""event_title"":""Presidential Election Winner 2028"",""endDate"":""2028-11-07T00:00:00Z"",""volume"":""25141277.111819338"",""source"":""/events?search"",""active"":true,""closed"":false},{""score"":0.7981,""id"":""561233"",""slug"":""will-josh-shapiro-win-the-2028-us-presidential-election"",""question"":""Will Josh Shapiro win the 2028 US Presidential Election?"",""event_title"":""Presidential Election Winner 2028"",""endDate"":""2028-11-07T00:00:00Z"",""volume"":""6794698.663190952"",""source"":""/events?search"",""active"":true,""closed"":false},{""score"":0.7954,""id"":""561240"",""slug"":""will-stephen-smith-win-the-2028-us-presidential-election"",""question"":""Will Stephen Smith win the 2028 US Presidential Election?"",""event_title"":""Presidential Election Winner 2028"",""endDate"":""2028-11-07T00:00:00Z"",""volume"":""32752686.07779678"",""source"":""/events?search"",""active"":true,""closed"":false},{""score"":0.7928,""id"":""561256"",""slug"":""will-zohran-mamdani-win-the-2028-us-presidential-election"",""question"":""Will Zohran Mamdani win the 2028 US Presidential Election?"",""event_title"":""Presidential Election Winner 2028"",""endDate"":""2028-11-07T00:00:00Z"",""volume"":""20755890.199258473"",""source"":""/events?search"",""active"":true,""closed"":false}]",AUTO_ACCEPTED: accepted rank=1 score=0.8155 top=0.8155 second=0.8014; score/margin guardrails disabled,,,CUT_BY_USER: fake/not worth tracking,DROPPED
107,RSO-0107,27,Brazil Presidential Election First Round: 1st Place,Brazil Presidential Election First Round: 1st Place — Michelle Bolsonaro,Will Michelle Obama win the 2028 US Presidential Election?,Will Michelle Bolsonaro finish first in the Brazil presidential election first round?,Brazil,brazil_presidential,presidential_two_round,brazil_first_round_first_place_2026,tracked,brazil_core,multi_outcome_contract,4,Michelle Bolsonaro,will-michelle-obama-win-the-2028-us-presidential-election,will-michelle-bolsonaro-finish-first-in-the-brazil-presidential-election-first-round,brazil-presidential-election-first-round-1st-place,"User-requested first-round first-place market; not clearly visible in paste, so rows are included for resolver/manual verification.",needs_slug_clob_verification,needs_orderbook_check,needs_manual_review,"If no actual Polymarket event exists, mark this parent market REPLACE.",561257,31552,0xbbbece074c2d4010e39e39c85ed67b1131180fcea616073c893fb6beaf51d783,"The 2028 US Presidential Election is scheduled to take place on November 7, 2028.

This market will resolve to the person who wins the 2028 US Presidential Election.

The resolution source for this market is the Associated Press, Fox News, and NBC. This market will resolve once all three sources call the race for the same candidate. If all three sources haven’t called the race for the same candidate by the inauguration date (January 20, 2029) this market will resolve based on who is inaugurated.",,,2028-11-07T00:00:00Z,true,false,,false,true,"[""Yes"",""No""]","[""88521269813605705303364598280494261510300497312149869577251450871617962933121"",""1970496541508335019913900195809032484597886384784144327835472760880523550630""]","{""Yes"":""88521269813605705303364598280494261510300497312149869577251450871617962933121"",""No"":""1970496541508335019913900195809032484597886384784144327835472760880523550630""}",88521269813605705303364598280494261510300497312149869577251450871617962933121,1970496541508335019913900195809032484597886384784144327835472760880523550630,17694603.868053056,1528391.67917,https://polymarket.com/event/will-michelle-obama-win-the-2028-us-presidential-election,VERIFIED_READY,2026-06-25T20:29:35+00:00,"[{""score"":0.833,""id"":""561257"",""slug"":""will-michelle-obama-win-the-2028-us-presidential-election"",""question"":""Will Michelle Obama win the 2028 US Presidential Election?"",""event_title"":""Presidential Election Winner 2028"",""endDate"":""2028-11-07T00:00:00Z"",""volume"":""17694603.868053056"",""source"":""/events?search"",""active"":true,""closed"":false},{""score"":0.7879,""id"":""561250"",""slug"":""will-elon-musk-win-the-2028-us-presidential-election"",""question"":""Will Elon Musk win the 2028 US Presidential Election?"",""event_title"":""Presidential Election Winner 2028"",""endDate"":""2028-11-07T00:00:00Z"",""volume"":""25183281.143349368"",""source"":""/events?search"",""active"":true,""closed"":false},{""score"":0.7862,""id"":""561265"",""slug"":""will-jalen-brunson-win-the-2028-us-presidential-election"",""question"":""Will Jalen Brunson win the 2028 US Presidential Election?"",""event_title"":""Presidential Election Winner 2028"",""endDate"":""2028-11-07T00:00:00Z"",""volume"":""1063147.5067930014"",""source"":""/events?search"",""active"":true,""closed"":false},{""score"":0.7837,""id"":""561238"",""slug"":""will-glenn-youngkin-win-the-2028-us-presidential-election"",""question"":""Will Glenn Youngkin win the 2028 US Presidential Election?"",""event_title"":""Presidential Election Winner 2028"",""endDate"":""2028-11-07T00:00:00Z"",""volume"":""25141277.111819338"",""source"":""/events?search"",""active"":true,""closed"":false},{""score"":0.7837,""id"":""561253"",""slug"":""will-tucker-carlson-win-the-2028-us-presidential-election"",""question"":""Will Tucker Carlson win the 2028 US Presidential Election?"",""event_title"":""Presidential Election Winner 2028"",""endDate"":""2028-11-07T00:00:00Z"",""volume"":""11916794.96884111"",""source"":""/events?search"",""active"":true,""closed"":false}]",AUTO_ACCEPTED: accepted rank=1 score=0.8330 top=0.8330 second=0.7879; score/margin guardrails disabled,,,CUT_BY_USER: fake/not worth tracking,DROPPED
108,RSO-0108,27,Brazil Presidential Election First Round: 1st Place,Brazil Presidential Election First Round: 1st Place — Ronaldo Caiado,Will Ron DeSantis win the 2028 US Presidential Election?,Will Ronaldo Caiado finish first in the Brazil presidential election first round?,Brazil,brazil_presidential,presidential_two_round,brazil_first_round_first_place_2026,tracked,brazil_core,multi_outcome_contract,5,Ronaldo Caiado,will-ron-desantis-win-the-2028-us-presidential-election,will-ronaldo-caiado-finish-first-in-the-brazil-presidential-election-first-round,brazil-presidential-election-first-round-1st-place,"User-requested first-round first-place market; not clearly visible in paste, so rows are included for resolver/manual verification.",needs_slug_clob_verification,needs_orderbook_check,needs_manual_review,"If no actual Polymarket event exists, mark this parent market REPLACE.",561246,31552,0x3367d22cd2a673014f1960742afdf8601040a8ad856dc0a98bd1a44ee99504e2,"The 2028 US Presidential Election is scheduled to take place on November 7, 2028.

This market will resolve to the person who wins the 2028 US Presidential Election.

The resolution source for this market is the Associated Press, Fox News, and NBC. This market will resolve once all three sources call the race for the same candidate. If all three sources haven’t called the race for the same candidate by the inauguration date (January 20, 2029) this market will resolve based on who is inaugurated.",,,2028-11-07T00:00:00Z,true,false,,false,true,"[""Yes"",""No""]","[""104480514270625615787868282411330496385404675495672110015326625654626015018993"",""65724430065358897810064400118831287249960059855415477063660293398018349529272""]","{""Yes"":""104480514270625615787868282411330496385404675495672110015326625654626015018993"",""No"":""65724430065358897810064400118831287249960059855415477063660293398018349529272""}",104480514270625615787868282411330496385404675495672110015326625654626015018993,65724430065358897810064400118831287249960059855415477063660293398018349529272,11896129.537173146,258789.42322,https://polymarket.com/event/will-ron-desantis-win-the-2028-us-presidential-election,VERIFIED_READY,2026-06-25T20:29:37+00:00,"[{""score"":0.8006,""id"":""561246"",""slug"":""will-ron-desantis-win-the-2028-us-presidential-election"",""question"":""Will Ron DeSantis win the 2028 US Presidential Election?"",""event_title"":""Presidential Election Winner 2028"",""endDate"":""2028-11-07T00:00:00Z"",""volume"":""11896129.537173146"",""source"":""/events?search"",""active"":true,""closed"":false},{""score"":0.7953,""id"":""561256"",""slug"":""will-zohran-mamdani-win-the-2028-us-presidential-election"",""question"":""Will Zohran Mamdani win the 2028 US Presidential Election?"",""event_title"":""Presidential Election Winner 2028"",""endDate"":""2028-11-07T00:00:00Z"",""volume"":""20755890.199258473"",""source"":""/events?search"",""active"":true,""closed"":false},{""score"":0.7927,""id"":""561244"",""slug"":""will-donald-trump-jr-win-the-2028-us-presidential-election"",""question"":""Will Donald Trump Jr. win the 2028 US Presidential Election?"",""event_title"":""Presidential Election Winner 2028"",""endDate"":""2028-11-07T00:00:00Z"",""volume"":""13051024.926898785"",""source"":""/events?search"",""active"":true,""closed"":false},{""score"":0.792,""id"":""561233"",""slug"":""will-josh-shapiro-win-the-2028-us-presidential-election"",""question"":""Will Josh Shapiro win the 2028 US Presidential Election?"",""event_title"":""Presidential Election Winner 2028"",""endDate"":""2028-11-07T00:00:00Z"",""volume"":""6794698.663190952"",""source"":""/events?search"",""active"":true,""closed"":false},{""score"":0.792,""id"":""561243"",""slug"":""will-donald-trump-win-the-2028-us-presidential-election"",""question"":""Will Donald Trump win the 2028 US Presidential Election?"",""event_title"":""Presidential Election Winner 2028"",""endDate"":""2028-11-07T00:00:00Z"",""volume"":""8636013.519808222"",""source"":""/events?search"",""active"":true,""closed"":false}]",AUTO_ACCEPTED: accepted rank=1 score=0.8006 top=0.8006 second=0.7953; score/margin guardrails disabled,,,CUT_BY_USER: fake/not worth tracking,DROPPED
109,RSO-0109,27,Brazil Presidential Election First Round: 1st Place,Brazil Presidential Election First Round: 1st Place — Fernando Haddad,Will Zohran Mamdani win the 2028 US Presidential Election?,Will Fernando Haddad finish first in the Brazil presidential election first round?,Brazil,brazil_presidential,presidential_two_round,brazil_first_round_first_place_2026,tracked,brazil_core,multi_outcome_contract,6,Fernando Haddad,will-zohran-mamdani-win-the-2028-us-presidential-election,will-fernando-haddad-finish-first-in-the-brazil-presidential-election-first-round,brazil-presidential-election-first-round-1st-place,"User-requested first-round first-place market; not clearly visible in paste, so rows are included for resolver/manual verification.",needs_slug_clob_verification,needs_orderbook_check,needs_manual_review,"If no actual Polymarket event exists, mark this parent market REPLACE.",561256,31552,0xf05b4b55336a4c1c7b44c726911d2b559732cff7bad339084de86ae364dc85f6,"The 2028 US Presidential Election is scheduled to take place on November 7, 2028.

This market will resolve to the person who wins the 2028 US Presidential Election.

The resolution source for this market is the Associated Press, Fox News, and NBC. This market will resolve once all three sources call the race for the same candidate. If all three sources haven’t called the race for the same candidate by the inauguration date (January 20, 2029) this market will resolve based on who is inaugurated.",,,2028-11-07T00:00:00Z,true,false,,false,true,"[""Yes"",""No""]","[""94621929236241392639802280031607240386237812521756048982107414565863464212526"",""37476438367629084207797870684242875797541797912993121111059056752005821579571""]","{""Yes"":""94621929236241392639802280031607240386237812521756048982107414565863464212526"",""No"":""37476438367629084207797870684242875797541797912993121111059056752005821579571""}",94621929236241392639802280031607240386237812521756048982107414565863464212526,37476438367629084207797870684242875797541797912993121111059056752005821579571,20755890.199258473,1786963.16433,https://polymarket.com/event/will-zohran-mamdani-win-the-2028-us-presidential-election,VERIFIED_READY,2026-06-25T20:29:40+00:00,"[{""score"":0.8092,""id"":""561256"",""slug"":""will-zohran-mamdani-win-the-2028-us-presidential-election"",""question"":""Will Zohran Mamdani win the 2028 US Presidential Election?"",""event_title"":""Presidential Election Winner 2028"",""endDate"":""2028-11-07T00:00:00Z"",""volume"":""20755890.199258473"",""source"":""/events?search"",""active"":true,""closed"":false},{""score"":0.789,""id"":""561233"",""slug"":""will-josh-shapiro-win-the-2028-us-presidential-election"",""question"":""Will Josh Shapiro win the 2028 US Presidential Election?"",""event_title"":""Presidential Election Winner 2028"",""endDate"":""2028-11-07T00:00:00Z"",""volume"":""6794698.663190952"",""source"":""/events?search"",""active"":true,""closed"":false},{""score"":0.789,""id"":""561237"",""slug"":""will-andy-beshear-win-the-2028-us-presidential-election"",""question"":""Will Andy Beshear win the 2028 US Presidential Election?"",""event_title"":""Presidential Election Winner 2028"",""endDate"":""2028-11-07T00:00:00Z"",""volume"":""18546370.296883196"",""source"":""/events?search"",""active"":true,""closed"":false},{""score"":0.7865,""id"":""561239"",""slug"":""will-kamala-harris-win-the-2028-us-presidential-election"",""question"":""Will Kamala Harris win the 2028 US Presidential Election?"",""event_title"":""Presidential Election Winner 2028"",""endDate"":""2028-11-07T00:00:00Z"",""volume"":""8027080.815593015"",""source"":""/events?search"",""active"":true,""closed"":false},{""score"":0.784,""id"":""561238"",""slug"":""will-glenn-youngkin-win-the-2028-us-presidential-election"",""question"":""Will Glenn Youngkin win the 2028 US Presidential Election?"",""event_title"":""Presidential Election Winner 2028"",""endDate"":""2028-11-07T00:00:00Z"",""volume"":""25141277.111819338"",""source"":""/events?search"",""active"":true,""closed"":false}]",AUTO_ACCEPTED: accepted rank=1 score=0.8092 top=0.8092 second=0.7890; score/margin guardrails disabled,,,CUT_BY_USER: fake/not worth tracking,DROPPED
110,RSO-0110,27,Brazil Presidential Election First Round: 1st Place,Brazil Presidential Election First Round: 1st Place — Camilo Santana,Will Ron DeSantis win the 2028 US Presidential Election?,Will Camilo Santana finish first in the Brazil presidential election first round?,Brazil,brazil_presidential,presidential_two_round,brazil_first_round_first_place_2026,tracked,brazil_core,multi_outcome_contract,7,Camilo Santana,will-ron-desantis-win-the-2028-us-presidential-election,will-camilo-santana-finish-first-in-the-brazil-presidential-election-first-round,brazil-presidential-election-first-round-1st-place,"User-requested first-round first-place market; not clearly visible in paste, so rows are included for resolver/manual verification.",needs_slug_clob_verification,needs_orderbook_check,needs_manual_review,"If no actual Polymarket event exists, mark this parent market REPLACE.",561246,31552,0x3367d22cd2a673014f1960742afdf8601040a8ad856dc0a98bd1a44ee99504e2,"The 2028 US Presidential Election is scheduled to take place on November 7, 2028.

This market will resolve to the person who wins the 2028 US Presidential Election.

The resolution source for this market is the Associated Press, Fox News, and NBC. This market will resolve once all three sources call the race for the same candidate. If all three sources haven’t called the race for the same candidate by the inauguration date (January 20, 2029) this market will resolve based on who is inaugurated.",,,2028-11-07T00:00:00Z,true,false,,false,true,"[""Yes"",""No""]","[""104480514270625615787868282411330496385404675495672110015326625654626015018993"",""65724430065358897810064400118831287249960059855415477063660293398018349529272""]","{""Yes"":""104480514270625615787868282411330496385404675495672110015326625654626015018993"",""No"":""65724430065358897810064400118831287249960059855415477063660293398018349529272""}",104480514270625615787868282411330496385404675495672110015326625654626015018993,65724430065358897810064400118831287249960059855415477063660293398018349529272,11896129.537173146,258789.42322,https://polymarket.com/event/will-ron-desantis-win-the-2028-us-presidential-election,VERIFIED_READY,2026-06-25T20:29:43+00:00,"[{""score"":0.8092,""id"":""561246"",""slug"":""will-ron-desantis-win-the-2028-us-presidential-election"",""question"":""Will Ron DeSantis win the 2028 US Presidential Election?"",""event_title"":""Presidential Election Winner 2028"",""endDate"":""2028-11-07T00:00:00Z"",""volume"":""11896129.537173146"",""source"":""/events?search"",""active"":true,""closed"":false},{""score"":0.8,""id"":""561259"",""slug"":""will-ro-khanna-win-the-2028-us-presidential-election"",""question"":""Will Ro Khanna win the 2028 US Presidential Election?"",""event_title"":""Presidential Election Winner 2028"",""endDate"":""2028-11-07T00:00:00Z"",""volume"":""10070554.55494317"",""source"":""/events?search"",""active"":true,""closed"":false},{""score"":0.7979,""id"":""561239"",""slug"":""will-kamala-harris-win-the-2028-us-presidential-election"",""question"":""Will Kamala Harris win the 2028 US Presidential Election?"",""event_title"":""Presidential Election Winner 2028"",""endDate"":""2028-11-07T00:00:00Z"",""volume"":""8027080.815593015"",""source"":""/events?search"",""active"":true,""closed"":false},{""score"":0.792,""id"":""561233"",""slug"":""will-josh-shapiro-win-the-2028-us-presidential-election"",""question"":""Will Josh Shapiro win the 2028 US Presidential Election?"",""event_title"":""Presidential Election Winner 2028"",""endDate"":""2028-11-07T00:00:00Z"",""volume"":""6794698.663190952"",""source"":""/events?search"",""active"":true,""closed"":false},{""score"":0.7843,""id"":""561244"",""slug"":""will-donald-trump-jr-win-the-2028-us-presidential-election"",""question"":""Will Donald Trump Jr. win the 2028 US Presidential Election?"",""event_title"":""Presidential Election Winner 2028"",""endDate"":""2028-11-07T00:00:00Z"",""volume"":""13051024.926898785"",""source"":""/events?search"",""active"":true,""closed"":false}]",AUTO_ACCEPTED: accepted rank=1 score=0.8092 top=0.8092 second=0.8000; score/margin guardrails disabled,,,CUT_BY_USER: fake/not worth tracking,DROPPED
111,RSO-0111,27,Brazil Presidential Election First Round: 1st Place,Brazil Presidential Election First Round: 1st Place — Romeu Zema,Will Ron DeSantis win the 2028 US Presidential Election?,Will Romeu Zema finish first in the Brazil presidential election first round?,Brazil,brazil_presidential,presidential_two_round,brazil_first_round_first_place_2026,tracked,brazil_core,multi_outcome_contract,8,Romeu Zema,will-ron-desantis-win-the-2028-us-presidential-election,will-romeu-zema-finish-first-in-the-brazil-presidential-election-first-round,brazil-presidential-election-first-round-1st-place,"User-requested first-round first-place market; not clearly visible in paste, so rows are included for resolver/manual verification.",needs_slug_clob_verification,needs_orderbook_check,needs_manual_review,"If no actual Polymarket event exists, mark this parent market REPLACE.",561246,31552,0x3367d22cd2a673014f1960742afdf8601040a8ad856dc0a98bd1a44ee99504e2,"The 2028 US Presidential Election is scheduled to take place on November 7, 2028.

This market will resolve to the person who wins the 2028 US Presidential Election.

The resolution source for this market is the Associated Press, Fox News, and NBC. This market will resolve once all three sources call the race for the same candidate. If all three sources haven’t called the race for the same candidate by the inauguration date (January 20, 2029) this market will resolve based on who is inaugurated.",,,2028-11-07T00:00:00Z,true,false,,false,true,"[""Yes"",""No""]","[""104480514270625615787868282411330496385404675495672110015326625654626015018993"",""65724430065358897810064400118831287249960059855415477063660293398018349529272""]","{""Yes"":""104480514270625615787868282411330496385404675495672110015326625654626015018993"",""No"":""65724430065358897810064400118831287249960059855415477063660293398018349529272""}",104480514270625615787868282411330496385404675495672110015326625654626015018993,65724430065358897810064400118831287249960059855415477063660293398018349529272,11896129.537173146,258789.42322,https://polymarket.com/event/will-ron-desantis-win-the-2028-us-presidential-election,VERIFIED_READY,2026-06-25T20:29:46+00:00,"[{""score"":0.8132,""id"":""561246"",""slug"":""will-ron-desantis-win-the-2028-us-presidential-election"",""question"":""Will Ron DeSantis win the 2028 US Presidential Election?"",""event_title"":""Presidential Election Winner 2028"",""endDate"":""2028-11-07T00:00:00Z"",""volume"":""11896129.537173146"",""source"":""/events?search"",""active"":true,""closed"":false},{""score"":0.8044,""id"":""561233"",""slug"":""will-josh-shapiro-win-the-2028-us-presidential-election"",""question"":""Will Josh Shapiro win the 2028 US Presidential Election?"",""event_title"":""Presidential Election Winner 2028"",""endDate"":""2028-11-07T00:00:00Z"",""volume"":""6794698.663190952"",""source"":""/events?search"",""active"":true,""closed"":false},{""score"":0.7989,""id"":""561256"",""slug"":""will-zohran-mamdani-win-the-2028-us-presidential-election"",""question"":""Will Zohran Mamdani win the 2028 US Presidential Election?"",""event_title"":""Presidential Election Winner 2028"",""endDate"":""2028-11-07T00:00:00Z"",""volume"":""20755890.199258473"",""source"":""/events?search"",""active"":true,""closed"":false},{""score"":0.7955,""id"":""561264"",""slug"":""will-pete-hegseth-win-the-2028-us-presidential-election"",""question"":""Will Pete Hegseth win the 2028 US Presidential Election?"",""event_title"":""Presidential Election Winner 2028"",""endDate"":""2028-11-07T00:00:00Z"",""volume"":""7589637.38413005"",""source"":""/events?search"",""active"":true,""closed"":false},{""score"":0.7948,""id"":""561259"",""slug"":""will-ro-khanna-win-the-2028-us-presidential-election"",""question"":""Will Ro Khanna win the 2028 US Presidential Election?"",""event_title"":""Presidential Election Winner 2028"",""endDate"":""2028-11-07T00:00:00Z"",""volume"":""10070554.55494317"",""source"":""/events?search"",""active"":true,""closed"":false}]",AUTO_ACCEPTED: accepted rank=1 score=0.8132 top=0.8132 second=0.8044; score/margin guardrails disabled,,,CUT_BY_USER: fake/not worth tracking,DROPPED
112,RSO-0112,27,Brazil Presidential Election First Round: 1st Place,Brazil Presidential Election First Round: 1st Place — Jair Bolsonaro,Will Ron DeSantis win the 2028 US Presidential Election?,Will Jair Bolsonaro finish first in the Brazil presidential election first round?,Brazil,brazil_presidential,presidential_two_round,brazil_first_round_first_place_2026,tracked,brazil_core,multi_outcome_contract,9,Jair Bolsonaro,will-ron-desantis-win-the-2028-us-presidential-election,will-jair-bolsonaro-finish-first-in-the-brazil-presidential-election-first-round,brazil-presidential-election-first-round-1st-place,"User-requested first-round first-place market; not clearly visible in paste, so rows are included for resolver/manual verification.",needs_slug_clob_verification,needs_orderbook_check,needs_manual_review,"If no actual Polymarket event exists, mark this parent market REPLACE.",561246,31552,0x3367d22cd2a673014f1960742afdf8601040a8ad856dc0a98bd1a44ee99504e2,"The 2028 US Presidential Election is scheduled to take place on November 7, 2028.

This market will resolve to the person who wins the 2028 US Presidential Election.

The resolution source for this market is the Associated Press, Fox News, and NBC. This market will resolve once all three sources call the race for the same candidate. If all three sources haven’t called the race for the same candidate by the inauguration date (January 20, 2029) this market will resolve based on who is inaugurated.",,,2028-11-07T00:00:00Z,true,false,,false,true,"[""Yes"",""No""]","[""104480514270625615787868282411330496385404675495672110015326625654626015018993"",""65724430065358897810064400118831287249960059855415477063660293398018349529272""]","{""Yes"":""104480514270625615787868282411330496385404675495672110015326625654626015018993"",""No"":""65724430065358897810064400118831287249960059855415477063660293398018349529272""}",104480514270625615787868282411330496385404675495672110015326625654626015018993,65724430065358897810064400118831287249960059855415477063660293398018349529272,11896129.537173146,258789.42322,https://polymarket.com/event/will-ron-desantis-win-the-2028-us-presidential-election,VERIFIED_READY,2026-06-25T20:29:49+00:00,"[{""score"":0.8006,""id"":""561246"",""slug"":""will-ron-desantis-win-the-2028-us-presidential-election"",""question"":""Will Ron DeSantis win the 2028 US Presidential Election?"",""event_title"":""Presidential Election Winner 2028"",""endDate"":""2028-11-07T00:00:00Z"",""volume"":""11896129.537173146"",""source"":""/events?search"",""active"":true,""closed"":false},{""score"":0.7979,""id"":""561265"",""slug"":""will-jalen-brunson-win-the-2028-us-presidential-election"",""question"":""Will Jalen Brunson win the 2028 US Presidential Election?"",""event_title"":""Presidential Election Winner 2028"",""endDate"":""2028-11-07T00:00:00Z"",""volume"":""1063147.5067930014"",""source"":""/events?search"",""active"":true,""closed"":false},{""score"":0.7953,""id"":""561262"",""slug"":""will-james-talarico-win-the-2028-us-presidential-election"",""question"":""Will James Talarico win the 2028 US Presidential Election?"",""event_title"":""Presidential Election Winner 2028"",""endDate"":""2028-11-07T00:00:00Z"",""volume"":""5994884.203065039"",""source"":""/events?search"",""active"":true,""closed"":false},{""score"":0.7946,""id"":""561258"",""slug"":""will-jamie-dimon-win-the-2028-us-presidential-election"",""question"":""Will Jamie Dimon win the 2028 US Presidential Election?"",""event_title"":""Presidential Election Winner 2028"",""endDate"":""2028-11-07T00:00:00Z"",""volume"":""10228279.43626309"",""source"":""/events?search"",""active"":true,""closed"":false},{""score"":0.7912,""id"":""561250"",""slug"":""will-elon-musk-win-the-2028-us-presidential-election"",""question"":""Will Elon Musk win the 2028 US Presidential Election?"",""event_title"":""Presidential Election Winner 2028"",""endDate"":""2028-11-07T00:00:00Z"",""volume"":""25183281.143349368"",""source"":""/events?search"",""active"":true,""closed"":false}]",AUTO_ACCEPTED: accepted rank=1 score=0.8006 top=0.8006 second=0.7979; score/margin guardrails disabled,,,CUT_BY_USER: fake/not worth tracking,DROPPED
113,RSO-0113,27,Brazil Presidential Election First Round: 1st Place,Brazil Presidential Election First Round: 1st Place — Geraldo Alckmin,Will Gavin Newsom win the 2028 US Presidential Election?,Will Geraldo Alckmin finish first in the Brazil presidential election first round?,Brazil,brazil_presidential,presidential_two_round,brazil_first_round_first_place_2026,tracked,brazil_core,multi_outcome_contract,10,Geraldo Alckmin,will-gavin-newsom-win-the-2028-us-presidential-election,will-geraldo-alckmin-finish-first-in-the-brazil-presidential-election-first-round,brazil-presidential-election-first-round-1st-place,"User-requested first-round first-place market; not clearly visible in paste, so rows are included for resolver/manual verification.",needs_slug_clob_verification,needs_orderbook_check,needs_manual_review,"If no actual Polymarket event exists, mark this parent market REPLACE.",561230,31552,0x4567b275e6b667a6217f5cb4f06a797d3a1eaf1d0281fb5bc8c75e2046ae7e57,"The 2028 US Presidential Election is scheduled to take place on November 7, 2028.

This market will resolve to the person who wins the 2028 US Presidential Election.

The resolution source for this market is the Associated Press, Fox News, and NBC. This market will resolve once all three sources call the race for the same candidate. If all three sources haven’t called the race for the same candidate by the inauguration date (January 20, 2029) this market will resolve based on who is inaugurated.",,,2028-11-07T00:00:00Z,true,false,,false,true,"[""Yes"",""No""]","[""98250445447699368679516529207365255018790721464590833209064266254238063117329"",""18823838997443878656879952590502524526556504037944392973476854588563571859850""]","{""Yes"":""98250445447699368679516529207365255018790721464590833209064266254238063117329"",""No"":""18823838997443878656879952590502524526556504037944392973476854588563571859850""}",98250445447699368679516529207365255018790721464590833209064266254238063117329,18823838997443878656879952590502524526556504037944392973476854588563571859850,17165767.854817152,426487.26421,https://polymarket.com/event/will-gavin-newsom-win-the-2028-us-presidential-election,VERIFIED_READY,2026-06-25T20:29:51+00:00,"[{""score"":0.7975,""id"":""561230"",""slug"":""will-gavin-newsom-win-the-2028-us-presidential-election"",""question"":""Will Gavin Newsom win the 2028 US Presidential Election?"",""event_title"":""Presidential Election Winner 2028"",""endDate"":""2028-11-07T00:00:00Z"",""volume"":""17165767.854817152"",""source"":""/events?search"",""active"":true,""closed"":false},{""score"":0.7975,""id"":""561246"",""slug"":""will-ron-desantis-win-the-2028-us-presidential-election"",""question"":""Will Ron DeSantis win the 2028 US Presidential Election?"",""event_title"":""Presidential Election Winner 2028"",""endDate"":""2028-11-07T00:00:00Z"",""volume"":""11896129.537173146"",""source"":""/events?search"",""active"":true,""closed"":false},{""score"":0.7969,""id"":""561250"",""slug"":""will-elon-musk-win-the-2028-us-presidential-election"",""question"":""Will Elon Musk win the 2028 US Presidential Election?"",""event_title"":""Presidential Election Winner 2028"",""endDate"":""2028-11-07T00:00:00Z"",""volume"":""25183281.143349368"",""source"":""/events?search"",""active"":true,""closed"":false},{""score"":0.789,""id"":""561233"",""slug"":""will-josh-shapiro-win-the-2028-us-presidential-election"",""question"":""Will Josh Shapiro win the 2028 US Presidential Election?"",""event_title"":""Presidential Election Winner 2028"",""endDate"":""2028-11-07T00:00:00Z"",""volume"":""6794698.663190952"",""source"":""/events?search"",""active"":true,""closed"":false},{""score"":0.789,""id"":""561251"",""slug"":""will-lebron-james-win-the-2028-us-presidential-election"",""question"":""Will LeBron James win the 2028 US Presidential Election?"",""event_title"":""Presidential Election Winner 2028"",""endDate"":""2028-11-07T00:00:00Z"",""volume"":""52903286.223136336"",""source"":""/events?search"",""active"":true,""closed"":false}]",AUTO_ACCEPTED: accepted rank=1 score=0.7975 top=0.7975 second=0.7975; score/margin guardrails disabled,,,CUT_BY_USER: fake/not worth tracking,DROPPED
114,RSO-0114,27,Brazil Presidential Election First Round: 1st Place,Brazil Presidential Election First Round: 1st Place — Tereza Cristina,Will Tucker Carlson win the 2028 US Presidential Election?,Will Tereza Cristina finish first in the Brazil presidential election first round?,Brazil,brazil_presidential,presidential_two_round,brazil_first_round_first_place_2026,tracked,brazil_core,multi_outcome_contract,11,Tereza Cristina,will-tucker-carlson-win-the-2028-us-presidential-election,will-tereza-cristina-finish-first-in-the-brazil-presidential-election-first-round,brazil-presidential-election-first-round-1st-place,"User-requested first-round first-place market; not clearly visible in paste, so rows are included for resolver/manual verification.",needs_slug_clob_verification,needs_orderbook_check,needs_manual_review,"If no actual Polymarket event exists, mark this parent market REPLACE.",561253,31552,0xd94b47bdeba16ae948bfb147bda059f3543d6fca73291644dfff5268bba7a797,"The 2028 US Presidential Election is scheduled to take place on November 7, 2028.

This market will resolve to the person who wins the 2028 US Presidential Election.

The resolution source for this market is the Associated Press, Fox News, and NBC. This market will resolve once all three sources call the race for the same candidate. If all three sources haven’t called the race for the same candidate by the inauguration date (January 20, 2029) this market will resolve based on who is inaugurated.",,,2028-11-07T00:00:00Z,true,false,,false,true,"[""Yes"",""No""]","[""45015916581148592087728250896178171120552786117190685135618507471166113474733"",""5353194854864999214467212176625447374807704051407621946584152368216621932371""]","{""Yes"":""45015916581148592087728250896178171120552786117190685135618507471166113474733"",""No"":""5353194854864999214467212176625447374807704051407621946584152368216621932371""}",45015916581148592087728250896178171120552786117190685135618507471166113474733,5353194854864999214467212176625447374807704051407621946584152368216621932371,11916794.96884111,289149.11332,https://polymarket.com/event/will-tucker-carlson-win-the-2028-us-presidential-election,VERIFIED_READY,2026-06-25T20:29:54+00:00,"[{""score"":0.8008,""id"":""561253"",""slug"":""will-tucker-carlson-win-the-2028-us-presidential-election"",""question"":""Will Tucker Carlson win the 2028 US Presidential Election?"",""event_title"":""Presidential Election Winner 2028"",""endDate"":""2028-11-07T00:00:00Z"",""volume"":""11916794.96884111"",""source"":""/events?search"",""active"":true,""closed"":false},{""score"":0.7949,""id"":""561240"",""slug"":""will-stephen-smith-win-the-2028-us-presidential-election"",""question"":""Will Stephen Smith win the 2028 US Presidential Election?"",""event_title"":""Presidential Election Winner 2028"",""endDate"":""2028-11-07T00:00:00Z"",""volume"":""32752686.07779678"",""source"":""/events?search"",""active"":true,""closed"":false},{""score"":0.789,""id"":""561230"",""slug"":""will-gavin-newsom-win-the-2028-us-presidential-election"",""question"":""Will Gavin Newsom win the 2028 US Presidential Election?"",""event_title"":""Presidential Election Winner 2028"",""endDate"":""2028-11-07T00:00:00Z"",""volume"":""17165767.854817152"",""source"":""/events?search"",""active"":true,""closed"":false},{""score"":0.789,""id"":""561264"",""slug"":""will-pete-hegseth-win-the-2028-us-presidential-election"",""question"":""Will Pete Hegseth win the 2028 US Presidential Election?"",""event_title"":""Presidential Election Winner 2028"",""endDate"":""2028-11-07T00:00:00Z"",""volume"":""7589637.38413005"",""source"":""/events?search"",""active"":true,""closed"":false},{""score"":0.7851,""id"":""565065"",""slug"":""will-the-democrats-win-the-2028-us-presidential-election"",""question"":""Will the Democrats win the 2028 US Presidential Election?"",""event_title"":""Which party wins 2028 US Presidential Election?"",""endDate"":""2028-11-07T00:00:00Z"",""volume"":""825763.4333929997"",""source"":""/events?search"",""active"":true,""closed"":false}]",AUTO_ACCEPTED: accepted rank=1 score=0.8008 top=0.8008 second=0.7949; score/margin guardrails disabled,,,CUT_BY_USER: fake/not worth tracking,DROPPED
115,RSO-0115,27,Brazil Presidential Election First Round: 1st Place,Brazil Presidential Election First Round: 1st Place — Tarcisio de Freitas,Will Ron DeSantis win the 2028 US Presidential Election?,Will Tarcisio de Freitas finish first in the Brazil presidential election first round?,Brazil,brazil_presidential,presidential_two_round,brazil_first_round_first_place_2026,tracked,brazil_core,multi_outcome_contract,12,Tarcisio de Freitas,will-ron-desantis-win-the-2028-us-presidential-election,will-tarcisio-de-freitas-finish-first-in-the-brazil-presidential-election-first-round,brazil-presidential-election-first-round-1st-place,"User-requested first-round first-place market; not clearly visible in paste, so rows are included for resolver/manual verification.",needs_slug_clob_verification,needs_orderbook_check,needs_manual_review,"If no actual Polymarket event exists, mark this parent market REPLACE.",561246,31552,0x3367d22cd2a673014f1960742afdf8601040a8ad856dc0a98bd1a44ee99504e2,"The 2028 US Presidential Election is scheduled to take place on November 7, 2028.

This market will resolve to the person who wins the 2028 US Presidential Election.

The resolution source for this market is the Associated Press, Fox News, and NBC. This market will resolve once all three sources call the race for the same candidate. If all three sources haven’t called the race for the same candidate by the inauguration date (January 20, 2029) this market will resolve based on who is inaugurated.",,,2028-11-07T00:00:00Z,true,false,,false,true,"[""Yes"",""No""]","[""104480514270625615787868282411330496385404675495672110015326625654626015018993"",""65724430065358897810064400118831287249960059855415477063660293398018349529272""]","{""Yes"":""104480514270625615787868282411330496385404675495672110015326625654626015018993"",""No"":""65724430065358897810064400118831287249960059855415477063660293398018349529272""}",104480514270625615787868282411330496385404675495672110015326625654626015018993,65724430065358897810064400118831287249960059855415477063660293398018349529272,11896129.537173146,258789.42322,https://polymarket.com/event/will-ron-desantis-win-the-2028-us-presidential-election,VERIFIED_READY,2026-06-25T20:29:57+00:00,"[{""score"":0.7804,""id"":""561246"",""slug"":""will-ron-desantis-win-the-2028-us-presidential-election"",""question"":""Will Ron DeSantis win the 2028 US Presidential Election?"",""event_title"":""Presidential Election Winner 2028"",""endDate"":""2028-11-07T00:00:00Z"",""volume"":""11896129.537173146"",""source"":""/events?search"",""active"":true,""closed"":false},{""score"":0.78,""id"":""565064"",""slug"":""will-the-republicans-win-the-2028-us-presidential-election"",""question"":""Will the Republicans win the 2028 US Presidential Election?"",""event_title"":""Which party wins 2028 US Presidential Election?"",""endDate"":""2028-11-07T00:00:00Z"",""volume"":""1045498.7324869944"",""source"":""/events?search"",""active"":true,""closed"":false},{""score"":0.7768,""id"":""565065"",""slug"":""will-the-democrats-win-the-2028-us-presidential-election"",""question"":""Will the Democrats win the 2028 US Presidential Election?"",""event_title"":""Which party wins 2028 US Presidential Election?"",""endDate"":""2028-11-07T00:00:00Z"",""volume"":""825763.4333929997"",""source"":""/events?search"",""active"":true,""closed"":false},{""score"":0.7721,""id"":""561233"",""slug"":""will-josh-shapiro-win-the-2028-us-presidential-election"",""question"":""Will Josh Shapiro win the 2028 US Presidential Election?"",""event_title"":""Presidential Election Winner 2028"",""endDate"":""2028-11-07T00:00:00Z"",""volume"":""6794698.663190952"",""source"":""/events?search"",""active"":true,""closed"":false},{""score"":0.7721,""id"":""561264"",""slug"":""will-pete-hegseth-win-the-2028-us-presidential-election"",""question"":""Will Pete Hegseth win the 2028 US Presidential Election?"",""event_title"":""Presidential Election Winner 2028"",""endDate"":""2028-11-07T00:00:00Z"",""volume"":""7589637.38413005"",""source"":""/events?search"",""active"":true,""closed"":false}]",AUTO_ACCEPTED: accepted rank=1 score=0.7804 top=0.7804 second=0.7800; score/margin guardrails disabled,,,CUT_BY_USER: fake/not worth tracking,DROPPED
116,RSO-0116,27,Brazil Presidential Election First Round: 1st Place,Brazil Presidential Election First Round: 1st Place — Eduardo Bolsonaro,Will Ron DeSantis win the 2028 US Presidential Election?,Will Eduardo Bolsonaro finish first in the Brazil presidential election first round?,Brazil,brazil_presidential,presidential_two_round,brazil_first_round_first_place_2026,tracked,brazil_core,multi_outcome_contract,13,Eduardo Bolsonaro,will-ron-desantis-win-the-2028-us-presidential-election,will-eduardo-bolsonaro-finish-first-in-the-brazil-presidential-election-first-round,brazil-presidential-election-first-round-1st-place,"User-requested first-round first-place market; not clearly visible in paste, so rows are included for resolver/manual verification.",needs_slug_clob_verification,needs_orderbook_check,needs_manual_review,"If no actual Polymarket event exists, mark this parent market REPLACE.",561246,31552,0x3367d22cd2a673014f1960742afdf8601040a8ad856dc0a98bd1a44ee99504e2,"The 2028 US Presidential Election is scheduled to take place on November 7, 2028.

This market will resolve to the person who wins the 2028 US Presidential Election.

The resolution source for this market is the Associated Press, Fox News, and NBC. This market will resolve once all three sources call the race for the same candidate. If all three sources haven’t called the race for the same candidate by the inauguration date (January 20, 2029) this market will resolve based on who is inaugurated.",,,2028-11-07T00:00:00Z,true,false,,false,true,"[""Yes"",""No""]","[""104480514270625615787868282411330496385404675495672110015326625654626015018993"",""65724430065358897810064400118831287249960059855415477063660293398018349529272""]","{""Yes"":""104480514270625615787868282411330496385404675495672110015326625654626015018993"",""No"":""65724430065358897810064400118831287249960059855415477063660293398018349529272""}",104480514270625615787868282411330496385404675495672110015326625654626015018993,65724430065358897810064400118831287249960059855415477063660293398018349529272,11896129.537173146,258789.42322,https://polymarket.com/event/will-ron-desantis-win-the-2028-us-presidential-election,VERIFIED_READY,2026-06-25T20:30:01+00:00,"[{""score"":0.7916,""id"":""561246"",""slug"":""will-ron-desantis-win-the-2028-us-presidential-election"",""question"":""Will Ron DeSantis win the 2028 US Presidential Election?"",""event_title"":""Presidential Election Winner 2028"",""endDate"":""2028-11-07T00:00:00Z"",""volume"":""11896129.537173146"",""source"":""/events?search"",""active"":true,""closed"":false},{""score"":0.7909,""id"":""561250"",""slug"":""will-elon-musk-win-the-2028-us-presidential-election"",""question"":""Will Elon Musk win the 2028 US Presidential Election?"",""event_title"":""Presidential Election Winner 2028"",""endDate"":""2028-11-07T00:00:00Z"",""volume"":""25183281.143349368"",""source"":""/events?search"",""active"":true,""closed"":false},{""score"":0.7866,""id"":""561253"",""slug"":""will-tucker-carlson-win-the-2028-us-presidential-election"",""question"":""Will Tucker Carlson win the 2028 US Presidential Election?"",""event_title"":""Presidential Election Winner 2028"",""endDate"":""2028-11-07T00:00:00Z"",""volume"":""11916794.96884111"",""source"":""/events?search"",""active"":true,""closed"":false},{""score"":0.7857,""id"":""561234"",""slug"":""will-marco-rubio-win-the-2028-us-presidential-election"",""question"":""Will Marco Rubio win the 2028 US Presidential Election?"",""event_title"":""Presidential Election Winner 2028"",""endDate"":""2028-11-07T00:00:00Z"",""volume"":""10779789.88985898"",""source"":""/events?search"",""active"":true,""closed"":false},{""score"":0.7807,""id"":""561265"",""slug"":""will-jalen-brunson-win-the-2028-us-presidential-election"",""question"":""Will Jalen Brunson win the 2028 US Presidential Election?"",""event_title"":""Presidential Election Winner 2028"",""endDate"":""2028-11-07T00:00:00Z"",""volume"":""1063147.5067930014"",""source"":""/events?search"",""active"":true,""closed"":false}]",AUTO_ACCEPTED: accepted rank=1 score=0.7916 top=0.7916 second=0.7909; score/margin guardrails disabled,,,CUT_BY_USER: fake/not worth tracking,DROPPED
117,RSO-0117,27,Brazil Presidential Election First Round: 1st Place,Brazil Presidential Election First Round: 1st Place — Aldo Rebelo,Will Andy Beshear win the 2028 US Presidential Election?,Will Aldo Rebelo finish first in the Brazil presidential election first round?,Brazil,brazil_presidential,presidential_two_round,brazil_first_round_first_place_2026,tracked,brazil_core,multi_outcome_contract,14,Aldo Rebelo,will-andy-beshear-win-the-2028-us-presidential-election,will-aldo-rebelo-finish-first-in-the-brazil-presidential-election-first-round,brazil-presidential-election-first-round-1st-place,"User-requested first-round first-place market; not clearly visible in paste, so rows are included for resolver/manual verification.",needs_slug_clob_verification,needs_orderbook_check,needs_manual_review,"If no actual Polymarket event exists, mark this parent market REPLACE.",561237,31552,0x09ad4955c170d46c6d80b5f554435b19e229ff7dbe55370892b64782336cc3b9,"The 2028 US Presidential Election is scheduled to take place on November 7, 2028.

This market will resolve to the person who wins the 2028 US Presidential Election.

The resolution source for this market is the Associated Press, Fox News, and NBC. This market will resolve once all three sources call the race for the same candidate. If all three sources haven’t called the race for the same candidate by the inauguration date (January 20, 2029) this market will resolve based on who is inaugurated.",,,2028-11-07T00:00:00Z,true,false,,false,true,"[""Yes"",""No""]","[""50507496430692162923857760920722624157737138256097150616293040054748564876552"",""53112547591746110422238703365888013497196468199611167129486770819598374380742""]","{""Yes"":""50507496430692162923857760920722624157737138256097150616293040054748564876552"",""No"":""53112547591746110422238703365888013497196468199611167129486770819598374380742""}",50507496430692162923857760920722624157737138256097150616293040054748564876552,53112547591746110422238703365888013497196468199611167129486770819598374380742,18546370.296883196,454451.06328,https://polymarket.com/event/will-andy-beshear-win-the-2028-us-presidential-election,VERIFIED_READY,2026-06-25T20:30:04+00:00,"[{""score"":0.81,""id"":""561237"",""slug"":""will-andy-beshear-win-the-2028-us-presidential-election"",""question"":""Will Andy Beshear win the 2028 US Presidential Election?"",""event_title"":""Presidential Election Winner 2028"",""endDate"":""2028-11-07T00:00:00Z"",""volume"":""18546370.296883196"",""source"":""/events?search"",""active"":true,""closed"":false},{""score"":0.804,""id"":""561234"",""slug"":""will-marco-rubio-win-the-2028-us-presidential-election"",""question"":""Will Marco Rubio win the 2028 US Presidential Election?"",""event_title"":""Presidential Election Winner 2028"",""endDate"":""2028-11-07T00:00:00Z"",""volume"":""10779789.88985898"",""source"":""/events?search"",""active"":true,""closed"":false},{""score"":0.8012,""id"":""561233"",""slug"":""will-josh-shapiro-win-the-2028-us-presidential-election"",""question"":""Will Josh Shapiro win the 2028 US Presidential Election?"",""event_title"":""Presidential Election Winner 2028"",""endDate"":""2028-11-07T00:00:00Z"",""volume"":""6794698.663190952"",""source"":""/events?search"",""active"":true,""closed"":false},{""score"":0.8006,""id"":""561250"",""slug"":""will-elon-musk-win-the-2028-us-presidential-election"",""question"":""Will Elon Musk win the 2028 US Presidential Election?"",""event_title"":""Presidential Election Winner 2028"",""endDate"":""2028-11-07T00:00:00Z"",""volume"":""25183281.143349368"",""source"":""/events?search"",""active"":true,""closed"":false},{""score"":0.7985,""id"":""561239"",""slug"":""will-kamala-harris-win-the-2028-us-presidential-election"",""question"":""Will Kamala Harris win the 2028 US Presidential Election?"",""event_title"":""Presidential Election Winner 2028"",""endDate"":""2028-11-07T00:00:00Z"",""volume"":""8027080.815593015"",""source"":""/events?search"",""active"":true,""closed"":false}]",AUTO_ACCEPTED: accepted rank=1 score=0.8100 top=0.8100 second=0.8040; score/margin guardrails disabled,,,CUT_BY_USER: fake/not worth tracking,DROPPED
118,RSO-0118,27,Brazil Presidential Election First Round: 1st Place,Brazil Presidential Election First Round: 1st Place — Helder Barbalho,Will Michelle Obama win the 2028 US Presidential Election?,Will Helder Barbalho finish first in the Brazil presidential election first round?,Brazil,brazil_presidential,presidential_two_round,brazil_first_round_first_place_2026,tracked,brazil_core,multi_outcome_contract,15,Helder Barbalho,will-michelle-obama-win-the-2028-us-presidential-election,will-helder-barbalho-finish-first-in-the-brazil-presidential-election-first-round,brazil-presidential-election-first-round-1st-place,"User-requested first-round first-place market; not clearly visible in paste, so rows are included for resolver/manual verification.",needs_slug_clob_verification,needs_orderbook_check,needs_manual_review,"If no actual Polymarket event exists, mark this parent market REPLACE.",561257,31552,0xbbbece074c2d4010e39e39c85ed67b1131180fcea616073c893fb6beaf51d783,"The 2028 US Presidential Election is scheduled to take place on November 7, 2028.

This market will resolve to the person who wins the 2028 US Presidential Election.

The resolution source for this market is the Associated Press, Fox News, and NBC. This market will resolve once all three sources call the race for the same candidate. If all three sources haven’t called the race for the same candidate by the inauguration date (January 20, 2029) this market will resolve based on who is inaugurated.",,,2028-11-07T00:00:00Z,true,false,,false,true,"[""Yes"",""No""]","[""88521269813605705303364598280494261510300497312149869577251450871617962933121"",""1970496541508335019913900195809032484597886384784144327835472760880523550630""]","{""Yes"":""88521269813605705303364598280494261510300497312149869577251450871617962933121"",""No"":""1970496541508335019913900195809032484597886384784144327835472760880523550630""}",88521269813605705303364598280494261510300497312149869577251450871617962933121,1970496541508335019913900195809032484597886384784144327835472760880523550630,17694603.868053056,1528391.67917,https://polymarket.com/event/will-michelle-obama-win-the-2028-us-presidential-election,VERIFIED_READY,2026-06-25T20:30:06+00:00,"[{""score"":0.8008,""id"":""561257"",""slug"":""will-michelle-obama-win-the-2028-us-presidential-election"",""question"":""Will Michelle Obama win the 2028 US Presidential Election?"",""event_title"":""Presidential Election Winner 2028"",""endDate"":""2028-11-07T00:00:00Z"",""volume"":""17694603.868053056"",""source"":""/events?search"",""active"":true,""closed"":false},{""score"":0.7924,""id"":""561253"",""slug"":""will-tucker-carlson-win-the-2028-us-presidential-election"",""question"":""Will Tucker Carlson win the 2028 US Presidential Election?"",""event_title"":""Presidential Election Winner 2028"",""endDate"":""2028-11-07T00:00:00Z"",""volume"":""11916794.96884111"",""source"":""/events?search"",""active"":true,""closed"":false},{""score"":0.7916,""id"":""561249"",""slug"":""will-greg-abbott-win-the-2028-us-presidential-election"",""question"":""Will Greg Abbott win the 2028 US Presidential Election?"",""event_title"":""Presidential Election Winner 2028"",""endDate"":""2028-11-07T00:00:00Z"",""volume"":""34633535.89338098"",""source"":""/events?search"",""active"":true,""closed"":false},{""score"":0.789,""id"":""561233"",""slug"":""will-josh-shapiro-win-the-2028-us-presidential-election"",""question"":""Will Josh Shapiro win the 2028 US Presidential Election?"",""event_title"":""Presidential Election Winner 2028"",""endDate"":""2028-11-07T00:00:00Z"",""volume"":""6794698.663190952"",""source"":""/events?search"",""active"":true,""closed"":false},{""score"":0.789,""id"":""561246"",""slug"":""will-ron-desantis-win-the-2028-us-presidential-election"",""question"":""Will Ron DeSantis win the 2028 US Presidential Election?"",""event_title"":""Presidential Election Winner 2028"",""endDate"":""2028-11-07T00:00:00Z"",""volume"":""11896129.537173146"",""source"":""/events?search"",""active"":true,""closed"":false}]",AUTO_ACCEPTED: accepted rank=1 score=0.8008 top=0.8008 second=0.7924; score/margin guardrails disabled,,,CUT_BY_USER: fake/not worth tracking,DROPPED
119,RSO-0119,27,Brazil Presidential Election First Round: 1st Place,Brazil Presidential Election First Round: 1st Place — Ratinho Júnior,Will Gavin Newsom win the 2028 US Presidential Election?,Will Ratinho Júnior finish first in the Brazil presidential election first round?,Brazil,brazil_presidential,presidential_two_round,brazil_first_round_first_place_2026,tracked,brazil_core,multi_outcome_contract,16,Ratinho Júnior,will-gavin-newsom-win-the-2028-us-presidential-election,will-ratinho-junior-finish-first-in-the-brazil-presidential-election-first-round,brazil-presidential-election-first-round-1st-place,"User-requested first-round first-place market; not clearly visible in paste, so rows are included for resolver/manual verification.",needs_slug_clob_verification,needs_orderbook_check,needs_manual_review,"If no actual Polymarket event exists, mark this parent market REPLACE.",561230,31552,0x4567b275e6b667a6217f5cb4f06a797d3a1eaf1d0281fb5bc8c75e2046ae7e57,"The 2028 US Presidential Election is scheduled to take place on November 7, 2028.

This market will resolve to the person who wins the 2028 US Presidential Election.

The resolution source for this market is the Associated Press, Fox News, and NBC. This market will resolve once all three sources call the race for the same candidate. If all three sources haven’t called the race for the same candidate by the inauguration date (January 20, 2029) this market will resolve based on who is inaugurated.",,,2028-11-07T00:00:00Z,true,false,,false,true,"[""Yes"",""No""]","[""98250445447699368679516529207365255018790721464590833209064266254238063117329"",""18823838997443878656879952590502524526556504037944392973476854588563571859850""]","{""Yes"":""98250445447699368679516529207365255018790721464590833209064266254238063117329"",""No"":""18823838997443878656879952590502524526556504037944392973476854588563571859850""}",98250445447699368679516529207365255018790721464590833209064266254238063117329,18823838997443878656879952590502524526556504037944392973476854588563571859850,17165767.854817152,426487.26421,https://polymarket.com/event/will-gavin-newsom-win-the-2028-us-presidential-election,VERIFIED_READY,2026-06-25T20:30:10+00:00,"[{""score"":0.792,""id"":""561230"",""slug"":""will-gavin-newsom-win-the-2028-us-presidential-election"",""question"":""Will Gavin Newsom win the 2028 US Presidential Election?"",""event_title"":""Presidential Election Winner 2028"",""endDate"":""2028-11-07T00:00:00Z"",""volume"":""17165767.854817152"",""source"":""/events?search"",""active"":true,""closed"":false},{""score"":0.792,""id"":""561233"",""slug"":""will-josh-shapiro-win-the-2028-us-presidential-election"",""question"":""Will Josh Shapiro win the 2028 US Presidential Election?"",""event_title"":""Presidential Election Winner 2028"",""endDate"":""2028-11-07T00:00:00Z"",""volume"":""6794698.663190952"",""source"":""/events?search"",""active"":true,""closed"":false},{""score"":0.7869,""id"":""561256"",""slug"":""will-zohran-mamdani-win-the-2028-us-presidential-election"",""question"":""Will Zohran Mamdani win the 2028 US Presidential Election?"",""event_title"":""Presidential Election Winner 2028"",""endDate"":""2028-11-07T00:00:00Z"",""volume"":""20755890.199258473"",""source"":""/events?search"",""active"":true,""closed"":false},{""score"":0.786,""id"":""561234"",""slug"":""will-marco-rubio-win-the-2028-us-presidential-election"",""question"":""Will Marco Rubio win the 2028 US Presidential Election?"",""event_title"":""Presidential Election Winner 2028"",""endDate"":""2028-11-07T00:00:00Z"",""volume"":""10779789.88985898"",""source"":""/events?search"",""active"":true,""closed"":false},{""score"":0.7773,""id"":""561245"",""slug"":""will-nikki-haley-win-the-2028-us-presidential-election"",""question"":""Will Nikki Haley win the 2028 US Presidential Election?"",""event_title"":""Presidential Election Winner 2028"",""endDate"":""2028-11-07T00:00:00Z"",""volume"":""27710382.579419293"",""source"":""/events?search"",""active"":true,""closed"":false}]",AUTO_ACCEPTED: accepted rank=1 score=0.7920 top=0.7920 second=0.7920; score/margin guardrails disabled,,,CUT_BY_USER: fake/not worth tracking,DROPPED
120,RSO-0120,27,Brazil Presidential Election First Round: 1st Place,Brazil Presidential Election First Round: 1st Place — Eduardo Leite,Will Jamie Dimon win the 2028 US Presidential Election?,Will Eduardo Leite finish first in the Brazil presidential election first round?,Brazil,brazil_presidential,presidential_two_round,brazil_first_round_first_place_2026,tracked,brazil_core,multi_outcome_contract,17,Eduardo Leite,will-jamie-dimon-win-the-2028-us-presidential-election,will-eduardo-leite-finish-first-in-the-brazil-presidential-election-first-round,brazil-presidential-election-first-round-1st-place,"User-requested first-round first-place market; not clearly visible in paste, so rows are included for resolver/manual verification.",needs_slug_clob_verification,needs_orderbook_check,needs_manual_review,"If no actual Polymarket event exists, mark this parent market REPLACE.",561258,31552,0xa9549c44687993a9a154347c6907092341459b927efaa3f2b49009ca2c4e40a1,"The 2028 US Presidential Election is scheduled to take place on November 7, 2028.

This market will resolve to the person who wins the 2028 US Presidential Election.

The resolution source for this market is the Associated Press, Fox News, and NBC. This market will resolve once all three sources call the race for the same candidate. If all three sources haven’t called the race for the same candidate by the inauguration date (January 20, 2029) this market will resolve based on who is inaugurated.",,,2028-11-07T00:00:00Z,true,false,,false,true,"[""Yes"",""No""]","[""23692929455124171734375794579007643086071570310019729232490607671061438183936"",""30050897091642315762983745166096629857367320723415212749446858994810226049012""]","{""Yes"":""23692929455124171734375794579007643086071570310019729232490607671061438183936"",""No"":""30050897091642315762983745166096629857367320723415212749446858994810226049012""}",23692929455124171734375794579007643086071570310019729232490607671061438183936,30050897091642315762983745166096629857367320723415212749446858994810226049012,10228279.43626309,897842.15108,https://polymarket.com/event/will-jamie-dimon-win-the-2028-us-presidential-election,VERIFIED_READY,2026-06-25T20:30:13+00:00,"[{""score"":0.7977,""id"":""561258"",""slug"":""will-jamie-dimon-win-the-2028-us-presidential-election"",""question"":""Will Jamie Dimon win the 2028 US Presidential Election?"",""event_title"":""Presidential Election Winner 2028"",""endDate"":""2028-11-07T00:00:00Z"",""volume"":""10228279.43626309"",""source"":""/events?search"",""active"":true,""closed"":false},{""score"":0.795,""id"":""561233"",""slug"":""will-josh-shapiro-win-the-2028-us-presidential-election"",""question"":""Will Josh Shapiro win the 2028 US Presidential Election?"",""event_title"":""Presidential Election Winner 2028"",""endDate"":""2028-11-07T00:00:00Z"",""volume"":""6794698.663190952"",""source"":""/events?search"",""active"":true,""closed"":false},{""score"":0.795,""id"":""561264"",""slug"":""will-pete-hegseth-win-the-2028-us-presidential-election"",""question"":""Will Pete Hegseth win the 2028 US Presidential Election?"",""event_title"":""Presidential Election Winner 2028"",""endDate"":""2028-11-07T00:00:00Z"",""volume"":""7589637.38413005"",""source"":""/events?search"",""active"":true,""closed"":false},{""score"":0.7924,""id"":""561265"",""slug"":""will-jalen-brunson-win-the-2028-us-presidential-election"",""question"":""Will Jalen Brunson win the 2028 US Presidential Election?"",""event_title"":""Presidential Election Winner 2028"",""endDate"":""2028-11-07T00:00:00Z"",""volume"":""1063147.5067930014"",""source"":""/events?search"",""active"":true,""closed"":false},{""score"":0.7898,""id"":""561232"",""slug"":""will-pete-buttigieg-win-the-2028-us-presidential-election"",""question"":""Will Pete Buttigieg win the 2028 US Presidential Election?"",""event_title"":""Presidential Election Winner 2028"",""endDate"":""2028-11-07T00:00:00Z"",""volume"":""4763905.056184949"",""source"":""/events?search"",""active"":true,""closed"":false}]",AUTO_ACCEPTED: accepted rank=1 score=0.7977 top=0.7977 second=0.7950; score/margin guardrails disabled,,,CUT_BY_USER: fake/not worth tracking,DROPPED
