market_num,tracking_id,parent_market_num,parent_market_name,market_name,question,search_query,region,bucket,system_type,underlying_event_group,group,tier,outcome_market_kind,outcome_order,primary_outcome_to_track,exact_polymarket_slug,slug_search_hint,parent_slug_search_hint,selected_reason,status,liquidity_ok,rules_ok,notes,gamma_market_id,event_id,condition_id,description_text,rules_text,resolution_source,end_date,active,closed,resolved,archived,enable_order_book,outcomes_json,clob_token_ids_json,outcome_token_map_json,yes_token_id,no_token_id,volume,liquidity,market_url,verification_status,verified_at,candidate_matches_json,resolver_notes
1,RSO-0001,1,"Senate control, 2026","Senate control, 2026 — Republican Party",Will the Republican Party control the Senate after the 2026 Midterm elections?,Will the Republican Party control the Senate after the 2026 Midterm elections?,US,us_national,us_federal,us_senate_control_2026,tracked,core_us,binary_complement_contract,1,Republican Party,will-the-republican-party-control-the-senate-after-the-2026-midterm-elections,will-the-republican-party-control-the-senate-after-the-2026-midterm-elections,which-party-will-win-the-senate-in-2026,Macro Senate control anchor; high-volume central US midterm thesis market.,needs_slug_clob_verification,appears_strong_from_paste,appears_clear_from_paste,Complement outcomes; analyze under same event group.,562794,32224,0x86bfb53af7250a40928975c551d12c185b762fa4ce0b40c6a64a50c946d72587,"This market will resolve according to the party that controls the Senate following the 2026 U.S. Senate elections scheduled for November 3, 2026.

Senate control is defined as having more than half of the voting Senate members, or half of the voting Senate members and the Vice Presidency.

If the outcome of this election is ambiguous given the above rules, this market will remain open until the Majority Leader of the US Senate is selected following the 2026 US general election, at which point it will resolve to the party the majority leader is affiliated with at the time of their election to that position. If the elected majority leader does not caucus with any listed party this market will resolve “Other”.

Determination of which party controls the Senate after the 2026 US Senate elections will be based on a consensus of credible reporting, or if there is ambiguity, final federal and/or state election authority certification or other final official determination of the 2026 election results.",,,2026-11-03T00:00:00Z,true,false,,false,true,"[""Yes"",""No""]","[""51939490109676186832507970701169130490548061087912630009168726706475001411420"",""108587038225191871355030577171066853142535232042155117887981453750193713427381""]","{""Yes"":""51939490109676186832507970701169130490548061087912630009168726706475001411420"",""No"":""108587038225191871355030577171066853142535232042155117887981453750193713427381""}",51939490109676186832507970701169130490548061087912630009168726706475001411420,108587038225191871355030577171066853142535232042155117887981453750193713427381,1308930.158923012,164824.368,https://polymarket.com/event/will-the-republican-party-control-the-senate-after-the-2026-midterm-elections,VERIFIED_READY,2026-06-25T19:31:23+00:00,"[{""score"":1.04,""id"":""562794"",""slug"":""will-the-republican-party-control-the-senate-after-the-2026-midterm-elections"",""question"":""Will the Republican Party control the Senate after the 2026 Midterm elections?"",""event_title"":""Which party will win the Senate in 2026?"",""endDate"":""2026-11-03T00:00:00Z"",""volume"":""1308930.158923012"",""source"":""/events?search"",""active"":true,""closed"":false},{""score"":0.9837,""id"":""562803"",""slug"":""will-the-republican-party-control-the-house-after-the-2026-midterm-elections"",""question"":""Will the Republican Party control the House after the 2026 Midterm elections?"",""event_title"":""Which party will win the House in 2026?"",""endDate"":""2026-11-03T00:00:00Z"",""volume"":""3456201.5151959434"",""source"":""/events?search"",""active"":true,""closed"":false},{""score"":0.9609,""id"":""562793"",""slug"":""will-the-democratic-party-control-the-senate-after-the-2026-midterm-elections"",""question"":""Will the Democratic Party control the Senate after the 2026 Midterm elections?"",""event_title"":""Which party will win the Senate in 2026?"",""endDate"":""2026-11-03T00:00:00Z"",""volume"":""1476430.5579370107"",""source"":""/events?search"",""active"":true,""closed"":false},{""score"":0.9043,""id"":""562802"",""slug"":""will-the-democratic-party-control-the-house-after-the-2026-midterm-elections"",""question"":""Will the Democratic Party control the House after the 2026 Midterm elections?"",""event_title"":""Which party will win the House in 2026?"",""endDate"":""2026-11-03T00:00:00Z"",""volume"":""4185811.6013039355"",""source"":""/events?search"",""active"":true,""closed"":false},{""score"":0.8877,""id"":""562801"",""slug"":""will-another-party-control-the-senate-after-the-2026-midterm-elections-615"",""question"":""Will another party control the Senate after the 2026 Midterm elections?"",""event_title"":""Which party will win the Senate in 2026?"",""endDate"":""2026-11-03T00:00:00Z"",""volume"":""0"",""source"":""/events?search"",""active"":false,""closed"":false}]",Accepted candidate rank 1 with fuzzy_score=1.0400.
2,RSO-0002,1,"Senate control, 2026","Senate control, 2026 — Democratic Party",Will the Democratic Party control the Senate after the 2026 Midterm elections?,Will the Democratic Party control the Senate after the 2026 Midterm elections?,US,us_national,us_federal,us_senate_control_2026,tracked,core_us,binary_complement_contract,2,Democratic Party,will-the-democratic-party-control-the-senate-after-the-2026-midterm-elections,will-the-democratic-party-control-the-senate-after-the-2026-midterm-elections,which-party-will-win-the-senate-in-2026,Macro Senate control anchor; high-volume central US midterm thesis market.,needs_slug_clob_verification,appears_strong_from_paste,appears_clear_from_paste,Complement outcomes; analyze under same event group.,562793,32224,0x307a1ed89d60b61002dd5bbf00e1408c5ed2ab3fcdb056191ca7ef9bc34d38f3,"This market will resolve according to the party that controls the Senate following the 2026 U.S. Senate elections scheduled for November 3, 2026.

Senate control is defined as having more than half of the voting Senate members, or half of the voting Senate members and the Vice Presidency.

If the outcome of this election is ambiguous given the above rules, this market will remain open until the Majority Leader of the US Senate is selected following the 2026 US general election, at which point it will resolve to the party the majority leader is affiliated with at the time of their election to that position. If the elected majority leader does not caucus with any listed party this market will resolve “Other”.

Determination of which party controls the Senate after the 2026 US Senate elections will be based on a consensus of credible reporting, or if there is ambiguity, final federal and/or state election authority certification or other final official determination of the 2026 election results.",,,2026-11-03T00:00:00Z,true,false,,false,true,"[""Yes"",""No""]","[""113287701564209339913693347405685749986285999146352375265161592243948562084773"",""107118433685650702332040991454078902188473746599223732907923581436160160612542""]","{""Yes"":""113287701564209339913693347405685749986285999146352375265161592243948562084773"",""No"":""107118433685650702332040991454078902188473746599223732907923581436160160612542""}",113287701564209339913693347405685749986285999146352375265161592243948562084773,107118433685650702332040991454078902188473746599223732907923581436160160612542,1476430.5579370107,194430.3111,https://polymarket.com/event/will-the-democratic-party-control-the-senate-after-the-2026-midterm-elections,VERIFIED_READY,2026-06-25T19:31:35+00:00,"[{""score"":1.04,""id"":""562793"",""slug"":""will-the-democratic-party-control-the-senate-after-the-2026-midterm-elections"",""question"":""Will the Democratic Party control the Senate after the 2026 Midterm elections?"",""event_title"":""Which party will win the Senate in 2026?"",""endDate"":""2026-11-03T00:00:00Z"",""volume"":""1476430.5579370107"",""source"":""/events?search"",""active"":true,""closed"":false},{""score"":0.9837,""id"":""562802"",""slug"":""will-the-democratic-party-control-the-house-after-the-2026-midterm-elections"",""question"":""Will the Democratic Party control the House after the 2026 Midterm elections?"",""event_title"":""Which party will win the House in 2026?"",""endDate"":""2026-11-03T00:00:00Z"",""volume"":""4185811.6013039355"",""source"":""/events?search"",""active"":true,""closed"":false},{""score"":0.9609,""id"":""562794"",""slug"":""will-the-republican-party-control-the-senate-after-the-2026-midterm-elections"",""question"":""Will the Republican Party control the Senate after the 2026 Midterm elections?"",""event_title"":""Which party will win the Senate in 2026?"",""endDate"":""2026-11-03T00:00:00Z"",""volume"":""1308930.158923012"",""source"":""/events?search"",""active"":true,""closed"":false},{""score"":0.9043,""id"":""562803"",""slug"":""will-the-republican-party-control-the-house-after-the-2026-midterm-elections"",""question"":""Will the Republican Party control the House after the 2026 Midterm elections?"",""event_title"":""Which party will win the House in 2026?"",""endDate"":""2026-11-03T00:00:00Z"",""volume"":""3456201.5151959434"",""source"":""/events?search"",""active"":true,""closed"":false},{""score"":0.8877,""id"":""562801"",""slug"":""will-another-party-control-the-senate-after-the-2026-midterm-elections-615"",""question"":""Will another party control the Senate after the 2026 Midterm elections?"",""event_title"":""Which party will win the Senate in 2026?"",""endDate"":""2026-11-03T00:00:00Z"",""volume"":""0"",""source"":""/events?search"",""active"":false,""closed"":false}]",Accepted candidate rank 1 with fuzzy_score=1.0400.
3,RSO-0003,2,"House control, 2026","House control, 2026 — Republican Party",Will the Republican Party control the House after the 2026 Midterm elections?,Will the Republican Party control the House after the 2026 Midterm elections?,US,us_national,us_federal,us_house_control_2026,tracked,core_us,binary_complement_contract,1,Republican Party,will-the-republican-party-control-the-house-after-the-2026-midterm-elections,will-the-republican-party-control-the-house-after-the-2026-midterm-elections,which-party-will-win-the-house-in-2026,Macro House control anchor; high-volume central US midterm thesis market.,needs_slug_clob_verification,appears_strong_from_paste,appears_clear_from_paste,Complement outcomes; analyze under same event group.,562803,32225,0x4e4f77e7dbf4cab666e9a1943674d7ae66348e862df03ea6f44b11eb95731928,"This market will resolve according to the party that controls the House of Representatives following the 2026 U.S. House elections scheduled for November 3, 2026.

House control is defined as having more than half of the voting members of the U.S. House of Representatives.

If the outcome of this election is ambiguous given the above rules, this market will remain open until the Speaker of the House is selected following the 2026 U.S. general election, at which point it will resolve to the party the Speaker is affiliated with at the time of their election to that position. If the elected Speaker does not caucus with any listed party this market will resolve “Other”.

Determination of which party controls the House after the 2026 U.S. House elections will be based on a consensus of credible reporting, or if there is ambiguity, final federal and/or state election authority certification or other final official determination of the 2026 election results.",,,2026-11-03T00:00:00Z,true,false,,false,true,"[""Yes"",""No""]","[""65139230827417363158752884968303867495725894165574887635816574090175320800482"",""17371217118862125782438074585166210555214661810823929795910191856905580975576""]","{""Yes"":""65139230827417363158752884968303867495725894165574887635816574090175320800482"",""No"":""17371217118862125782438074585166210555214661810823929795910191856905580975576""}",65139230827417363158752884968303867495725894165574887635816574090175320800482,17371217118862125782438074585166210555214661810823929795910191856905580975576,3456201.5151959434,389706.002,https://polymarket.com/event/will-the-republican-party-control-the-house-after-the-2026-midterm-elections,VERIFIED_READY,2026-06-25T19:35:20+00:00,"[{""score"":1.0391,""id"":""562803"",""slug"":""will-the-republican-party-control-the-house-after-the-2026-midterm-elections"",""question"":""Will the Republican Party control the House after the 2026 Midterm elections?"",""event_title"":""Which party will win the House in 2026?"",""endDate"":""2026-11-03T00:00:00Z"",""volume"":""3456201.5151959434"",""source"":""/events?search"",""active"":true,""closed"":false},{""score"":0.989,""id"":""562794"",""slug"":""will-the-republican-party-control-the-senate-after-the-2026-midterm-elections"",""question"":""Will the Republican Party control the Senate after the 2026 Midterm elections?"",""event_title"":""Which party will win the Senate in 2026?"",""endDate"":""2026-11-03T00:00:00Z"",""volume"":""1308930.158923012"",""source"":""/events?search"",""active"":true,""closed"":false},{""score"":0.9593,""id"":""562802"",""slug"":""will-the-democratic-party-control-the-house-after-the-2026-midterm-elections"",""question"":""Will the Democratic Party control the House after the 2026 Midterm elections?"",""event_title"":""Which party will win the House in 2026?"",""endDate"":""2026-11-03T00:00:00Z"",""volume"":""4185811.6013039355"",""source"":""/events?search"",""active"":true,""closed"":false},{""score"":0.9095,""id"":""562793"",""slug"":""will-the-democratic-party-control-the-senate-after-the-2026-midterm-elections"",""question"":""Will the Democratic Party control the Senate after the 2026 Midterm elections?"",""event_title"":""Which party will win the Senate in 2026?"",""endDate"":""2026-11-03T00:00:00Z"",""volume"":""1476430.5579370107"",""source"":""/events?search"",""active"":true,""closed"":false},{""score"":0.886,""id"":""562810"",""slug"":""will-another-party-control-the-house-after-the-2026-midterm-elections-693"",""question"":""Will another party control the House after the 2026 Midterm elections?"",""event_title"":""Which party will win the House in 2026?"",""endDate"":""2025-07-11T00:00:00Z"",""volume"":""0"",""source"":""/events?search"",""active"":false,""closed"":false}]",Accepted candidate rank 1 with fuzzy_score=1.0391.
4,RSO-0004,2,"House control, 2026","House control, 2026 — Democratic Party",Will the Democratic Party control the House after the 2026 Midterm elections?,Will the Democratic Party control the House after the 2026 Midterm elections?,US,us_national,us_federal,us_house_control_2026,tracked,core_us,binary_complement_contract,2,Democratic Party,will-the-democratic-party-control-the-house-after-the-2026-midterm-elections,will-the-democratic-party-control-the-house-after-the-2026-midterm-elections,which-party-will-win-the-house-in-2026,Macro House control anchor; high-volume central US midterm thesis market.,needs_slug_clob_verification,appears_strong_from_paste,appears_clear_from_paste,Complement outcomes; analyze under same event group.,562802,32225,0xd5d9fc47718bd553592d126b1fa5e87183d27f3936975b0c04cc0f2dec1f1bb4,"This market will resolve according to the party that controls the House of Representatives following the 2026 U.S. House elections scheduled for November 3, 2026.

House control is defined as having more than half of the voting members of the U.S. House of Representatives.

If the outcome of this election is ambiguous given the above rules, this market will remain open until the Speaker of the House is selected following the 2026 U.S. general election, at which point it will resolve to the party the Speaker is affiliated with at the time of their election to that position. If the elected Speaker does not caucus with any listed party this market will resolve “Other”.

Determination of which party controls the House after the 2026 U.S. House elections will be based on a consensus of credible reporting, or if there is ambiguity, final federal and/or state election authority certification or other final official determination of the 2026 election results.",,,2026-11-03T00:00:00Z,true,false,,false,true,"[""Yes"",""No""]","[""83247781037352156539108067944461291821683755894607244160607042790356561625563"",""33156410999665902694791064431724433042010245771106314074312009703157423879038""]","{""Yes"":""83247781037352156539108067944461291821683755894607244160607042790356561625563"",""No"":""33156410999665902694791064431724433042010245771106314074312009703157423879038""}",83247781037352156539108067944461291821683755894607244160607042790356561625563,33156410999665902694791064431724433042010245771106314074312009703157423879038,4185811.6013039355,376086.6071,https://polymarket.com/event/will-the-democratic-party-control-the-house-after-the-2026-midterm-elections,VERIFIED_READY,2026-06-25T19:35:32+00:00,"[{""score"":1.0391,""id"":""562802"",""slug"":""will-the-democratic-party-control-the-house-after-the-2026-midterm-elections"",""question"":""Will the Democratic Party control the House after the 2026 Midterm elections?"",""event_title"":""Which party will win the House in 2026?"",""endDate"":""2026-11-03T00:00:00Z"",""volume"":""4185811.6013039355"",""source"":""/events?search"",""active"":true,""closed"":false},{""score"":0.989,""id"":""562793"",""slug"":""will-the-democratic-party-control-the-senate-after-the-2026-midterm-elections"",""question"":""Will the Democratic Party control the Senate after the 2026 Midterm elections?"",""event_title"":""Which party will win the Senate in 2026?"",""endDate"":""2026-11-03T00:00:00Z"",""volume"":""1476430.5579370107"",""source"":""/events?search"",""active"":true,""closed"":false},{""score"":0.9593,""id"":""562803"",""slug"":""will-the-republican-party-control-the-house-after-the-2026-midterm-elections"",""question"":""Will the Republican Party control the House after the 2026 Midterm elections?"",""event_title"":""Which party will win the House in 2026?"",""endDate"":""2026-11-03T00:00:00Z"",""volume"":""3456201.5151959434"",""source"":""/events?search"",""active"":true,""closed"":false},{""score"":0.9095,""id"":""562794"",""slug"":""will-the-republican-party-control-the-senate-after-the-2026-midterm-elections"",""question"":""Will the Republican Party control the Senate after the 2026 Midterm elections?"",""event_title"":""Which party will win the Senate in 2026?"",""endDate"":""2026-11-03T00:00:00Z"",""volume"":""1308930.158923012"",""source"":""/events?search"",""active"":true,""closed"":false},{""score"":0.886,""id"":""562810"",""slug"":""will-another-party-control-the-house-after-the-2026-midterm-elections-693"",""question"":""Will another party control the House after the 2026 Midterm elections?"",""event_title"":""Which party will win the House in 2026?"",""endDate"":""2025-07-11T00:00:00Z"",""volume"":""0"",""source"":""/events?search"",""active"":false,""closed"":false}]",Accepted candidate rank 1 with fuzzy_score=1.0391.
5,RSO-0005,3,Republican House seats after 2026 midterms,Republican House seats after 2026 midterms — Below 190,Will the Republican Party hold below 190 House seats after the 2026 midterm elections?,Will the Republican Party hold below 190 House seats after the 2026 midterm elections?,US,us_national,us_federal,us_house_seat_range_2026,tracked,core_us,range_contract,1,Below 190,will-the-republican-party-hold-below-190-house-seats-after-the-2026-midterm-elections,will-the-republican-party-hold-below-190-house-seats-after-the-2026-midterm-elections,republican-house-seats-after-the-2026-midterm-elections,House seat distribution / majority-size market; split into every bracket to avoid collapsing a range event into one row.,needs_slug_clob_verification,needs_orderbook_check,appears_clear_from_paste,Range event expanded to one row per bracket.,919489,103166,0xa2e43598547f2e90e3eee195812c8814202b9b66f6c540d7e15a265cbe93f68f,"The 2026 midterm elections are scheduled to be held on November 3, 2026.

This market will resolve according to the number of seats held by the Republican Party in the US House of Representatives as a result of the 2026 midterm elections.

This market will resolve based on the results of all US House of Representatives elections, including special elections, that are scheduled to occur in November 2026 as of October 31, 2026. If a required runoff for any such election could change the market’s outcome, the market will remain open until that runoff is conclusively called by this market’s resolution sources.

A candidate's party will be determined by their ballot-listed or otherwise identifiable affiliation with that party at the time all of the 2026 House elections are conclusively called by this market's resolution sources.

The resolution source for this market is the Associated Press, Fox News, and NBC. This market will resolve once all three sources have conclusively called all US House of Representatives elections. If all three sources do not achieve consensus in calling the relevant races for this market, it will resolve based on the official certification.",,,2026-11-03T00:00:00Z,true,false,,false,true,"[""Yes"",""No""]","[""106321904011141120286469207995805275978977204556483905903452161304048552011252"",""94230171906841915106704029803563020420374657103436346471561700926244621209762""]","{""Yes"":""106321904011141120286469207995805275978977204556483905903452161304048552011252"",""No"":""94230171906841915106704029803563020420374657103436346471561700926244621209762""}",106321904011141120286469207995805275978977204556483905903452161304048552011252,94230171906841915106704029803563020420374657103436346471561700926244621209762,22003.404290999988,9426.5008,https://polymarket.com/event/will-the-republican-party-hold-below-190-house-seats-after-the-2026-midterm-elections,VERIFIED_READY,2026-06-25T19:35:46+00:00,"[{""score"":0.9431,""id"":""919489"",""slug"":""will-the-republican-party-hold-below-190-house-seats-after-the-2026-midterm-elections"",""question"":""Will the Republican Party hold below 190 House seats after the 2026 midterm elections?"",""event_title"":"""",""endDate"":""2026-11-03T00:00:00Z"",""volume"":""22003.404290999988"",""source"":""markets_slug_query"",""active"":true,""closed"":false},{""score"":0.8763,""id"":""562803"",""slug"":""will-the-republican-party-control-the-house-after-the-2026-midterm-elections"",""question"":""Will the Republican Party control the House after the 2026 Midterm elections?"",""event_title"":""Which party will win the House in 2026?"",""endDate"":""2026-11-03T00:00:00Z"",""volume"":""3456201.5151959434"",""source"":""/events?search"",""active"":true,""closed"":false},{""score"":0.8539,""id"":""562794"",""slug"":""will-the-republican-party-control-the-senate-after-the-2026-midterm-elections"",""question"":""Will the Republican Party control the Senate after the 2026 Midterm elections?"",""event_title"":""Which party will win the Senate in 2026?"",""endDate"":""2026-11-03T00:00:00Z"",""volume"":""1308930.158923012"",""source"":""/events?search"",""active"":true,""closed"":false},{""score"":0.8043,""id"":""562802"",""slug"":""will-the-democratic-party-control-the-house-after-the-2026-midterm-elections"",""question"":""Will the Democratic Party control the House after the 2026 Midterm elections?"",""event_title"":""Which party will win the House in 2026?"",""endDate"":""2026-11-03T00:00:00Z"",""volume"":""4185811.6013039355"",""source"":""/events?search"",""active"":true,""closed"":false},{""score"":0.7823,""id"":""562793"",""slug"":""will-the-democratic-party-control-the-senate-after-the-2026-midterm-elections"",""question"":""Will the Democratic Party control the Senate after the 2026 Midterm elections?"",""event_title"":""Which party will win the Senate in 2026?"",""endDate"":""2026-11-03T00:00:00Z"",""volume"":""1476430.5579370107"",""source"":""/events?search"",""active"":true,""closed"":false}]",Accepted candidate rank 1 with fuzzy_score=0.9431.
6,RSO-0006,3,Republican House seats after 2026 midterms,Republican House seats after 2026 midterms — 190-194,Will the Republican Party hold between 190 and 194 House seats after the 2026 midterm elections?,Will the Republican Party hold between 190 and 194 House seats after the 2026 midterm elections?,US,us_national,us_federal,us_house_seat_range_2026,tracked,core_us,range_contract,2,190-194,will-the-republican-party-hold-between-190-and-194-house-seats-after-the-2026-midterm-elections,will-the-republican-party-hold-between-190-and-194-house-seats-after-the-2026-midterm-elections,republican-house-seats-after-the-2026-midterm-elections,House seat distribution / majority-size market; split into every bracket to avoid collapsing a range event into one row.,needs_slug_clob_verification,needs_orderbook_check,appears_clear_from_paste,Range event expanded to one row per bracket.,919490,103166,0x18cc1dd29f0b816135d5337cebae4d1f8b42a2c8b951e893936f35fd235ecc94,"The 2026 midterm elections are scheduled to be held on November 3, 2026.

This market will resolve according to the number of seats held by the Republican Party in the US House of Representatives as a result of the 2026 midterm elections.

This market will resolve based on the results of all US House of Representatives elections, including special elections, that are scheduled to occur in November 2026 as of October 31, 2026. If a required runoff for any such election could change the market’s outcome, the market will remain open until that runoff is conclusively called by this market’s resolution sources.

A candidate's party will be determined by their ballot-listed or otherwise identifiable affiliation with that party at the time all of the 2026 House elections are conclusively called by this market's resolution sources.

The resolution source for this market is the Associated Press, Fox News, and NBC. This market will resolve once all three sources have conclusively called all US House of Representatives elections. If all three sources do not achieve consensus in calling the relevant races for this market, it will resolve based on the official certification.",,,2026-11-03T00:00:00Z,true,false,,false,true,"[""Yes"",""No""]","[""28563039514548428320768176747354466148898869862983186828076262234559578730437"",""39274759637512251349899918315825402156591164583296512759737487181303980304481""]","{""Yes"":""28563039514548428320768176747354466148898869862983186828076262234559578730437"",""No"":""39274759637512251349899918315825402156591164583296512759737487181303980304481""}",28563039514548428320768176747354466148898869862983186828076262234559578730437,39274759637512251349899918315825402156591164583296512759737487181303980304481,10314.481388000002,17788.8667,https://polymarket.com/event/will-the-republican-party-hold-between-190-and-194-house-seats-after-the-2026-midterm-elections,VERIFIED_READY,2026-06-25T19:35:58+00:00,"[{""score"":0.9428,""id"":""919490"",""slug"":""will-the-republican-party-hold-between-190-and-194-house-seats-after-the-2026-midterm-elections"",""question"":""Will the Republican Party hold between 190 and 194 House seats after the 2026 midterm elections?"",""event_title"":"""",""endDate"":""2026-11-03T00:00:00Z"",""volume"":""10314.481388000002"",""source"":""markets_slug_query"",""active"":true,""closed"":false},{""score"":0.8267,""id"":""562803"",""slug"":""will-the-republican-party-control-the-house-after-the-2026-midterm-elections"",""question"":""Will the Republican Party control the House after the 2026 Midterm elections?"",""event_title"":""Which party will win the House in 2026?"",""endDate"":""2026-11-03T00:00:00Z"",""volume"":""3456201.5151959434"",""source"":""/events?search"",""active"":true,""closed"":false},{""score"":0.8116,""id"":""562794"",""slug"":""will-the-republican-party-control-the-senate-after-the-2026-midterm-elections"",""question"":""Will the Republican Party control the Senate after the 2026 Midterm elections?"",""event_title"":""Which party will win the Senate in 2026?"",""endDate"":""2026-11-03T00:00:00Z"",""volume"":""1308930.158923012"",""source"":""/events?search"",""active"":true,""closed"":false},{""score"":0.7601,""id"":""562802"",""slug"":""will-the-democratic-party-control-the-house-after-the-2026-midterm-elections"",""question"":""Will the Democratic Party control the House after the 2026 Midterm elections?"",""event_title"":""Which party will win the House in 2026?"",""endDate"":""2026-11-03T00:00:00Z"",""volume"":""4185811.6013039355"",""source"":""/events?search"",""active"":true,""closed"":false},{""score"":0.7453,""id"":""562793"",""slug"":""will-the-democratic-party-control-the-senate-after-the-2026-midterm-elections"",""question"":""Will the Democratic Party control the Senate after the 2026 Midterm elections?"",""event_title"":""Which party will win the Senate in 2026?"",""endDate"":""2026-11-03T00:00:00Z"",""volume"":""1476430.5579370107"",""source"":""/events?search"",""active"":true,""closed"":false}]",Accepted candidate rank 1 with fuzzy_score=0.9428.
7,RSO-0007,3,Republican House seats after 2026 midterms,Republican House seats after 2026 midterms — 195-199,Will the Republican Party hold between 195 and 199 House seats after the 2026 midterm elections?,Will the Republican Party hold between 195 and 199 House seats after the 2026 midterm elections?,US,us_national,us_federal,us_house_seat_range_2026,tracked,core_us,range_contract,3,195-199,will-the-republican-party-hold-between-195-and-199-house-seats-after-the-2026-midterm-elections,will-the-republican-party-hold-between-195-and-199-house-seats-after-the-2026-midterm-elections,republican-house-seats-after-the-2026-midterm-elections,House seat distribution / majority-size market; split into every bracket to avoid collapsing a range event into one row.,needs_slug_clob_verification,needs_orderbook_check,appears_clear_from_paste,Range event expanded to one row per bracket.,919491,103166,0xa6af312109c285d70f39a4f8d8e3d4a2e7e12bcabe5ab03527396a3a1377925d,"The 2026 midterm elections are scheduled to be held on November 3, 2026.

This market will resolve according to the number of seats held by the Republican Party in the US House of Representatives as a result of the 2026 midterm elections.

This market will resolve based on the results of all US House of Representatives elections, including special elections, that are scheduled to occur in November 2026 as of October 31, 2026. If a required runoff for any such election could change the market’s outcome, the market will remain open until that runoff is conclusively called by this market’s resolution sources.

A candidate's party will be determined by their ballot-listed or otherwise identifiable affiliation with that party at the time all of the 2026 House elections are conclusively called by this market's resolution sources.

The resolution source for this market is the Associated Press, Fox News, and NBC. This market will resolve once all three sources have conclusively called all US House of Representatives elections. If all three sources do not achieve consensus in calling the relevant races for this market, it will resolve based on the official certification.",,,2026-11-03T00:00:00Z,true,false,,false,true,"[""Yes"",""No""]","[""115193834526916935745756977772378619467834046854963255708898687971795314424675"",""65987535647596362321220801366147935730786543051104441957847323449315063332845""]","{""Yes"":""115193834526916935745756977772378619467834046854963255708898687971795314424675"",""No"":""65987535647596362321220801366147935730786543051104441957847323449315063332845""}",115193834526916935745756977772378619467834046854963255708898687971795314424675,65987535647596362321220801366147935730786543051104441957847323449315063332845,30108.46548199999,16409.6908,https://polymarket.com/event/will-the-republican-party-hold-between-195-and-199-house-seats-after-the-2026-midterm-elections,VERIFIED_READY,2026-06-25T19:37:43+00:00,"[{""score"":0.9447,""id"":""919491"",""slug"":""will-the-republican-party-hold-between-195-and-199-house-seats-after-the-2026-midterm-elections"",""question"":""Will the Republican Party hold between 195 and 199 House seats after the 2026 midterm elections?"",""event_title"":"""",""endDate"":""2026-11-03T00:00:00Z"",""volume"":""30108.46548199999"",""source"":""markets_slug_query"",""active"":true,""closed"":false},{""score"":0.8267,""id"":""562803"",""slug"":""will-the-republican-party-control-the-house-after-the-2026-midterm-elections"",""question"":""Will the Republican Party control the House after the 2026 Midterm elections?"",""event_title"":""Which party will win the House in 2026?"",""endDate"":""2026-11-03T00:00:00Z"",""volume"":""3456201.5151959434"",""source"":""/events?search"",""active"":true,""closed"":false},{""score"":0.8116,""id"":""562794"",""slug"":""will-the-republican-party-control-the-senate-after-the-2026-midterm-elections"",""question"":""Will the Republican Party control the Senate after the 2026 Midterm elections?"",""event_title"":""Which party will win the Senate in 2026?"",""endDate"":""2026-11-03T00:00:00Z"",""volume"":""1308930.158923012"",""source"":""/events?search"",""active"":true,""closed"":false},{""score"":0.7601,""id"":""562802"",""slug"":""will-the-democratic-party-control-the-house-after-the-2026-midterm-elections"",""question"":""Will the Democratic Party control the House after the 2026 Midterm elections?"",""event_title"":""Which party will win the House in 2026?"",""endDate"":""2026-11-03T00:00:00Z"",""volume"":""4185811.6013039355"",""source"":""/events?search"",""active"":true,""closed"":false},{""score"":0.7453,""id"":""562793"",""slug"":""will-the-democratic-party-control-the-senate-after-the-2026-midterm-elections"",""question"":""Will the Democratic Party control the Senate after the 2026 Midterm elections?"",""event_title"":""Which party will win the Senate in 2026?"",""endDate"":""2026-11-03T00:00:00Z"",""volume"":""1476430.5579370107"",""source"":""/events?search"",""active"":true,""closed"":false}]",Accepted candidate rank 1 with fuzzy_score=0.9447.
8,RSO-0008,3,Republican House seats after 2026 midterms,Republican House seats after 2026 midterms — 200-204,Will the Republican Party hold between 200 and 204 House seats after the 2026 midterm elections?,Will the Republican Party hold between 200 and 204 House seats after the 2026 midterm elections?,US,us_national,us_federal,us_house_seat_range_2026,tracked,core_us,range_contract,4,200-204,will-the-republican-party-hold-between-200-and-204-house-seats-after-the-2026-midterm-elections,will-the-republican-party-hold-between-200-and-204-house-seats-after-the-2026-midterm-elections,republican-house-seats-after-the-2026-midterm-elections,House seat distribution / majority-size market; split into every bracket to avoid collapsing a range event into one row.,needs_slug_clob_verification,needs_orderbook_check,appears_clear_from_paste,Range event expanded to one row per bracket.,919492,103166,0x7ff4e4b2f389acdd96ef18bb34684b9219a972b7ef0cde5856d28f5d5325f3d4,"The 2026 midterm elections are scheduled to be held on November 3, 2026.

This market will resolve according to the number of seats held by the Republican Party in the US House of Representatives as a result of the 2026 midterm elections.

This market will resolve based on the results of all US House of Representatives elections, including special elections, that are scheduled to occur in November 2026 as of October 31, 2026. If a required runoff for any such election could change the market’s outcome, the market will remain open until that runoff is conclusively called by this market’s resolution sources.

A candidate's party will be determined by their ballot-listed or otherwise identifiable affiliation with that party at the time all of the 2026 House elections are conclusively called by this market's resolution sources.

The resolution source for this market is the Associated Press, Fox News, and NBC. This market will resolve once all three sources have conclusively called all US House of Representatives elections. If all three sources do not achieve consensus in calling the relevant races for this market, it will resolve based on the official certification.",,,2026-11-03T00:00:00Z,true,false,,false,true,"[""Yes"",""No""]","[""72002069499527925398637560287453277989370912181886433715927009264225913591577"",""66528408760708879746002787389405554394995959656331652859367394447910291935169""]","{""Yes"":""72002069499527925398637560287453277989370912181886433715927009264225913591577"",""No"":""66528408760708879746002787389405554394995959656331652859367394447910291935169""}",72002069499527925398637560287453277989370912181886433715927009264225913591577,66528408760708879746002787389405554394995959656331652859367394447910291935169,23245.749587,17510.22222,https://polymarket.com/event/will-the-republican-party-hold-between-200-and-204-house-seats-after-the-2026-midterm-elections,VERIFIED_READY,2026-06-25T19:37:56+00:00,"[{""score"":0.9441,""id"":""919492"",""slug"":""will-the-republican-party-hold-between-200-and-204-house-seats-after-the-2026-midterm-elections"",""question"":""Will the Republican Party hold between 200 and 204 House seats after the 2026 midterm elections?"",""event_title"":"""",""endDate"":""2026-11-03T00:00:00Z"",""volume"":""23245.749587"",""source"":""markets_slug_query"",""active"":true,""closed"":false},{""score"":0.8267,""id"":""562803"",""slug"":""will-the-republican-party-control-the-house-after-the-2026-midterm-elections"",""question"":""Will the Republican Party control the House after the 2026 Midterm elections?"",""event_title"":""Which party will win the House in 2026?"",""endDate"":""2026-11-03T00:00:00Z"",""volume"":""3456201.5151959434"",""source"":""/events?search"",""active"":true,""closed"":false},{""score"":0.8116,""id"":""562794"",""slug"":""will-the-republican-party-control-the-senate-after-the-2026-midterm-elections"",""question"":""Will the Republican Party control the Senate after the 2026 Midterm elections?"",""event_title"":""Which party will win the Senate in 2026?"",""endDate"":""2026-11-03T00:00:00Z"",""volume"":""1308930.158923012"",""source"":""/events?search"",""active"":true,""closed"":false},{""score"":0.7601,""id"":""562802"",""slug"":""will-the-democratic-party-control-the-house-after-the-2026-midterm-elections"",""question"":""Will the Democratic Party control the House after the 2026 Midterm elections?"",""event_title"":""Which party will win the House in 2026?"",""endDate"":""2026-11-03T00:00:00Z"",""volume"":""4185811.6013039355"",""source"":""/events?search"",""active"":true,""closed"":false},{""score"":0.7453,""id"":""562793"",""slug"":""will-the-democratic-party-control-the-senate-after-the-2026-midterm-elections"",""question"":""Will the Democratic Party control the Senate after the 2026 Midterm elections?"",""event_title"":""Which party will win the Senate in 2026?"",""endDate"":""2026-11-03T00:00:00Z"",""volume"":""1476430.5579370107"",""source"":""/events?search"",""active"":true,""closed"":false}]",Accepted candidate rank 1 with fuzzy_score=0.9441.
9,RSO-0009,3,Republican House seats after 2026 midterms,Republican House seats after 2026 midterms — 205-209,Will the Republican Party hold between 205 and 209 House seats after the 2026 midterm elections?,Will the Republican Party hold between 205 and 209 House seats after the 2026 midterm elections?,US,us_national,us_federal,us_house_seat_range_2026,tracked,core_us,range_contract,5,205-209,will-the-republican-party-hold-between-205-and-209-house-seats-after-the-2026-midterm-elections,will-the-republican-party-hold-between-205-and-209-house-seats-after-the-2026-midterm-elections,republican-house-seats-after-the-2026-midterm-elections,House seat distribution / majority-size market; split into every bracket to avoid collapsing a range event into one row.,needs_slug_clob_verification,needs_orderbook_check,appears_clear_from_paste,Range event expanded to one row per bracket.,919493,103166,0x55f8333c05a9693135c74efeb660c473d9b7a46c02be73ce828914313dda5faf,"The 2026 midterm elections are scheduled to be held on November 3, 2026.

This market will resolve according to the number of seats held by the Republican Party in the US House of Representatives as a result of the 2026 midterm elections.

This market will resolve based on the results of all US House of Representatives elections, including special elections, that are scheduled to occur in November 2026 as of October 31, 2026. If a required runoff for any such election could change the market’s outcome, the market will remain open until that runoff is conclusively called by this market’s resolution sources.

A candidate's party will be determined by their ballot-listed or otherwise identifiable affiliation with that party at the time all of the 2026 House elections are conclusively called by this market's resolution sources.

The resolution source for this market is the Associated Press, Fox News, and NBC. This market will resolve once all three sources have conclusively called all US House of Representatives elections. If all three sources do not achieve consensus in calling the relevant races for this market, it will resolve based on the official certification.",,,2026-11-03T00:00:00Z,true,false,,false,true,"[""Yes"",""No""]","[""29313994937981195788931635785989333043799554756927714294439868926183474951020"",""38515434750888545847964877796875941330219019129192747539033962822760342783210""]","{""Yes"":""29313994937981195788931635785989333043799554756927714294439868926183474951020"",""No"":""38515434750888545847964877796875941330219019129192747539033962822760342783210""}",29313994937981195788931635785989333043799554756927714294439868926183474951020,38515434750888545847964877796875941330219019129192747539033962822760342783210,37108.021496999965,19059.73907,https://polymarket.com/event/will-the-republican-party-hold-between-205-and-209-house-seats-after-the-2026-midterm-elections,VERIFIED_READY,2026-06-25T19:38:04+00:00,"[{""score"":0.9456,""id"":""919493"",""slug"":""will-the-republican-party-hold-between-205-and-209-house-seats-after-the-2026-midterm-elections"",""question"":""Will the Republican Party hold between 205 and 209 House seats after the 2026 midterm elections?"",""event_title"":"""",""endDate"":""2026-11-03T00:00:00Z"",""volume"":""37108.021496999965"",""source"":""markets_slug_query"",""active"":true,""closed"":false},{""score"":0.8267,""id"":""562803"",""slug"":""will-the-republican-party-control-the-house-after-the-2026-midterm-elections"",""question"":""Will the Republican Party control the House after the 2026 Midterm elections?"",""event_title"":""Which party will win the House in 2026?"",""endDate"":""2026-11-03T00:00:00Z"",""volume"":""3456201.5151959434"",""source"":""/events?search"",""active"":true,""closed"":false},{""score"":0.8116,""id"":""562794"",""slug"":""will-the-republican-party-control-the-senate-after-the-2026-midterm-elections"",""question"":""Will the Republican Party control the Senate after the 2026 Midterm elections?"",""event_title"":""Which party will win the Senate in 2026?"",""endDate"":""2026-11-03T00:00:00Z"",""volume"":""1308930.158923012"",""source"":""/events?search"",""active"":true,""closed"":false},{""score"":0.7601,""id"":""562802"",""slug"":""will-the-democratic-party-control-the-house-after-the-2026-midterm-elections"",""question"":""Will the Democratic Party control the House after the 2026 Midterm elections?"",""event_title"":""Which party will win the House in 2026?"",""endDate"":""2026-11-03T00:00:00Z"",""volume"":""4185811.6013039355"",""source"":""/events?search"",""active"":true,""closed"":false},{""score"":0.7453,""id"":""562793"",""slug"":""will-the-democratic-party-control-the-senate-after-the-2026-midterm-elections"",""question"":""Will the Democratic Party control the Senate after the 2026 Midterm elections?"",""event_title"":""Which party will win the Senate in 2026?"",""endDate"":""2026-11-03T00:00:00Z"",""volume"":""1476430.5579370107"",""source"":""/events?search"",""active"":true,""closed"":false}]",Accepted candidate rank 1 with fuzzy_score=0.9456.
10,RSO-0010,3,Republican House seats after 2026 midterms,Republican House seats after 2026 midterms — 210-214,Will the Republican Party hold between 210 and 214 House seats after the 2026 midterm elections?,Will the Republican Party hold between 210 and 214 House seats after the 2026 midterm elections?,US,us_national,us_federal,us_house_seat_range_2026,tracked,core_us,range_contract,6,210-214,will-the-republican-party-hold-between-210-and-214-house-seats-after-the-2026-midterm-elections,will-the-republican-party-hold-between-210-and-214-house-seats-after-the-2026-midterm-elections,republican-house-seats-after-the-2026-midterm-elections,House seat distribution / majority-size market; split into every bracket to avoid collapsing a range event into one row.,needs_slug_clob_verification,needs_orderbook_check,appears_clear_from_paste,Range event expanded to one row per bracket.,919494,103166,0xf301c0842eeb33bd0a7718e4775bfb98b326a28bf837e18d65057e3516a5f6cb,"The 2026 midterm elections are scheduled to be held on November 3, 2026.

This market will resolve according to the number of seats held by the Republican Party in the US House of Representatives as a result of the 2026 midterm elections.

This market will resolve based on the results of all US House of Representatives elections, including special elections, that are scheduled to occur in November 2026 as of October 31, 2026. If a required runoff for any such election could change the market’s outcome, the market will remain open until that runoff is conclusively called by this market’s resolution sources.

A candidate's party will be determined by their ballot-listed or otherwise identifiable affiliation with that party at the time all of the 2026 House elections are conclusively called by this market's resolution sources.

The resolution source for this market is the Associated Press, Fox News, and NBC. This market will resolve once all three sources have conclusively called all US House of Representatives elections. If all three sources do not achieve consensus in calling the relevant races for this market, it will resolve based on the official certification.",,,2026-11-03T00:00:00Z,true,false,,false,true,"[""Yes"",""No""]","[""54380927206833851183661949055792883595494421437547231435217946779970572480742"",""110334111190613046174315727636743894246666688511202093200521779677485248024173""]","{""Yes"":""54380927206833851183661949055792883595494421437547231435217946779970572480742"",""No"":""110334111190613046174315727636743894246666688511202093200521779677485248024173""}",54380927206833851183661949055792883595494421437547231435217946779970572480742,110334111190613046174315727636743894246666688511202093200521779677485248024173,13943.095681999996,18194.15148,https://polymarket.com/event/will-the-republican-party-hold-between-210-and-214-house-seats-after-the-2026-midterm-elections,VERIFIED_READY,2026-06-25T19:38:24+00:00,"[{""score"":0.9432,""id"":""919494"",""slug"":""will-the-republican-party-hold-between-210-and-214-house-seats-after-the-2026-midterm-elections"",""question"":""Will the Republican Party hold between 210 and 214 House seats after the 2026 midterm elections?"",""event_title"":"""",""endDate"":""2026-11-03T00:00:00Z"",""volume"":""13943.095681999996"",""source"":""markets_slug_query"",""active"":true,""closed"":false},{""score"":0.8267,""id"":""562803"",""slug"":""will-the-republican-party-control-the-house-after-the-2026-midterm-elections"",""question"":""Will the Republican Party control the House after the 2026 Midterm elections?"",""event_title"":""Which party will win the House in 2026?"",""endDate"":""2026-11-03T00:00:00Z"",""volume"":""3456201.5151959434"",""source"":""/events?search"",""active"":true,""closed"":false},{""score"":0.8116,""id"":""562794"",""slug"":""will-the-republican-party-control-the-senate-after-the-2026-midterm-elections"",""question"":""Will the Republican Party control the Senate after the 2026 Midterm elections?"",""event_title"":""Which party will win the Senate in 2026?"",""endDate"":""2026-11-03T00:00:00Z"",""volume"":""1308930.158923012"",""source"":""/events?search"",""active"":true,""closed"":false},{""score"":0.7601,""id"":""562802"",""slug"":""will-the-democratic-party-control-the-house-after-the-2026-midterm-elections"",""question"":""Will the Democratic Party control the House after the 2026 Midterm elections?"",""event_title"":""Which party will win the House in 2026?"",""endDate"":""2026-11-03T00:00:00Z"",""volume"":""4185811.6013039355"",""source"":""/events?search"",""active"":true,""closed"":false},{""score"":0.7453,""id"":""562793"",""slug"":""will-the-democratic-party-control-the-senate-after-the-2026-midterm-elections"",""question"":""Will the Democratic Party control the Senate after the 2026 Midterm elections?"",""event_title"":""Which party will win the Senate in 2026?"",""endDate"":""2026-11-03T00:00:00Z"",""volume"":""1476430.5579370107"",""source"":""/events?search"",""active"":true,""closed"":false}]",Accepted candidate rank 1 with fuzzy_score=0.9432.
11,RSO-0011,3,Republican House seats after 2026 midterms,Republican House seats after 2026 midterms — 215-219,Will the Republican Party hold between 215 and 219 House seats after the 2026 midterm elections?,Will the Republican Party hold between 215 and 219 House seats after the 2026 midterm elections?,US,us_national,us_federal,us_house_seat_range_2026,tracked,core_us,range_contract,7,215-219,will-the-republican-party-hold-between-215-and-219-house-seats-after-the-2026-midterm-elections,will-the-republican-party-hold-between-215-and-219-house-seats-after-the-2026-midterm-elections,republican-house-seats-after-the-2026-midterm-elections,House seat distribution / majority-size market; split into every bracket to avoid collapsing a range event into one row.,needs_slug_clob_verification,needs_orderbook_check,appears_clear_from_paste,Range event expanded to one row per bracket.,919495,103166,0x0d8711f5f475002d8236dcf4c848882aee7a2f34a515dda6ff0623906bf862a3,"The 2026 midterm elections are scheduled to be held on November 3, 2026.

This market will resolve according to the number of seats held by the Republican Party in the US House of Representatives as a result of the 2026 midterm elections.

This market will resolve based on the results of all US House of Representatives elections, including special elections, that are scheduled to occur in November 2026 as of October 31, 2026. If a required runoff for any such election could change the market’s outcome, the market will remain open until that runoff is conclusively called by this market’s resolution sources.

A candidate's party will be determined by their ballot-listed or otherwise identifiable affiliation with that party at the time all of the 2026 House elections are conclusively called by this market's resolution sources.

The resolution source for this market is the Associated Press, Fox News, and NBC. This market will resolve once all three sources have conclusively called all US House of Representatives elections. If all three sources do not achieve consensus in calling the relevant races for this market, it will resolve based on the official certification.",,,2026-11-03T00:00:00Z,true,false,,false,true,"[""Yes"",""No""]","[""60694193343700070785132990153245047299390401777230625432234093346484633438371"",""59860109123676053199254235534652049329662026065366938978908805757220236513496""]","{""Yes"":""60694193343700070785132990153245047299390401777230625432234093346484633438371"",""No"":""59860109123676053199254235534652049329662026065366938978908805757220236513496""}",60694193343700070785132990153245047299390401777230625432234093346484633438371,59860109123676053199254235534652049329662026065366938978908805757220236513496,10840.227775000003,20008.2975,https://polymarket.com/event/will-the-republican-party-hold-between-215-and-219-house-seats-after-the-2026-midterm-elections,VERIFIED_READY,2026-06-25T19:38:32+00:00,"[{""score"":0.9431,""id"":""919495"",""slug"":""will-the-republican-party-hold-between-215-and-219-house-seats-after-the-2026-midterm-elections"",""question"":""Will the Republican Party hold between 215 and 219 House seats after the 2026 midterm elections?"",""event_title"":"""",""endDate"":""2026-11-03T00:00:00Z"",""volume"":""10840.227775000003"",""source"":""markets_slug_query"",""active"":true,""closed"":false},{""score"":0.8267,""id"":""562803"",""slug"":""will-the-republican-party-control-the-house-after-the-2026-midterm-elections"",""question"":""Will the Republican Party control the House after the 2026 Midterm elections?"",""event_title"":""Which party will win the House in 2026?"",""endDate"":""2026-11-03T00:00:00Z"",""volume"":""3456201.5151959434"",""source"":""/events?search"",""active"":true,""closed"":false},{""score"":0.8116,""id"":""562794"",""slug"":""will-the-republican-party-control-the-senate-after-the-2026-midterm-elections"",""question"":""Will the Republican Party control the Senate after the 2026 Midterm elections?"",""event_title"":""Which party will win the Senate in 2026?"",""endDate"":""2026-11-03T00:00:00Z"",""volume"":""1308930.158923012"",""source"":""/events?search"",""active"":true,""closed"":false},{""score"":0.7601,""id"":""562802"",""slug"":""will-the-democratic-party-control-the-house-after-the-2026-midterm-elections"",""question"":""Will the Democratic Party control the House after the 2026 Midterm elections?"",""event_title"":""Which party will win the House in 2026?"",""endDate"":""2026-11-03T00:00:00Z"",""volume"":""4185811.6013039355"",""source"":""/events?search"",""active"":true,""closed"":false},{""score"":0.7453,""id"":""562793"",""slug"":""will-the-democratic-party-control-the-senate-after-the-2026-midterm-elections"",""question"":""Will the Democratic Party control the Senate after the 2026 Midterm elections?"",""event_title"":""Which party will win the Senate in 2026?"",""endDate"":""2026-11-03T00:00:00Z"",""volume"":""1476430.5579370107"",""source"":""/events?search"",""active"":true,""closed"":false}]",Accepted candidate rank 1 with fuzzy_score=0.9431.
12,RSO-0012,3,Republican House seats after 2026 midterms,Republican House seats after 2026 midterms — 220-224,Will the Republican Party hold between 220 and 224 House seats after the 2026 midterm elections?,Will the Republican Party hold between 220 and 224 House seats after the 2026 midterm elections?,US,us_national,us_federal,us_house_seat_range_2026,tracked,core_us,range_contract,8,220-224,will-the-republican-party-hold-between-220-and-224-house-seats-after-the-2026-midterm-elections,will-the-republican-party-hold-between-220-and-224-house-seats-after-the-2026-midterm-elections,republican-house-seats-after-the-2026-midterm-elections,House seat distribution / majority-size market; split into every bracket to avoid collapsing a range event into one row.,needs_slug_clob_verification,needs_orderbook_check,appears_clear_from_paste,Range event expanded to one row per bracket.,919496,103166,0xba093f5c98e6c7d389a18ad4849ce5e82c2238f6daaf40755c1399d093e9a8f4,"The 2026 midterm elections are scheduled to be held on November 3, 2026.

This market will resolve according to the number of seats held by the Republican Party in the US House of Representatives as a result of the 2026 midterm elections.

This market will resolve based on the results of all US House of Representatives elections, including special elections, that are scheduled to occur in November 2026 as of October 31, 2026. If a required runoff for any such election could change the market’s outcome, the market will remain open until that runoff is conclusively called by this market’s resolution sources.

A candidate's party will be determined by their ballot-listed or otherwise identifiable affiliation with that party at the time all of the 2026 House elections are conclusively called by this market's resolution sources.

The resolution source for this market is the Associated Press, Fox News, and NBC. This market will resolve once all three sources have conclusively called all US House of Representatives elections. If all three sources do not achieve consensus in calling the relevant races for this market, it will resolve based on the official certification.",,,2026-11-03T00:00:00Z,true,false,,false,true,"[""Yes"",""No""]","[""11440416578482803281113271939006595670566573058595214243294246034853366786529"",""67790918385319184564424852441617824833811367946536396674083189262452510026941""]","{""Yes"":""11440416578482803281113271939006595670566573058595214243294246034853366786529"",""No"":""67790918385319184564424852441617824833811367946536396674083189262452510026941""}",11440416578482803281113271939006595670566573058595214243294246034853366786529,67790918385319184564424852441617824833811367946536396674083189262452510026941,55435.203018999986,19450.3634,https://polymarket.com/event/will-the-republican-party-hold-between-220-and-224-house-seats-after-the-2026-midterm-elections,VERIFIED_READY,2026-06-25T19:38:40+00:00,"[{""score"":0.9475,""id"":""919496"",""slug"":""will-the-republican-party-hold-between-220-and-224-house-seats-after-the-2026-midterm-elections"",""question"":""Will the Republican Party hold between 220 and 224 House seats after the 2026 midterm elections?"",""event_title"":"""",""endDate"":""2026-11-03T00:00:00Z"",""volume"":""55435.203018999986"",""source"":""markets_slug_query"",""active"":true,""closed"":false},{""score"":0.8267,""id"":""562803"",""slug"":""will-the-republican-party-control-the-house-after-the-2026-midterm-elections"",""question"":""Will the Republican Party control the House after the 2026 Midterm elections?"",""event_title"":""Which party will win the House in 2026?"",""endDate"":""2026-11-03T00:00:00Z"",""volume"":""3456201.5151959434"",""source"":""/events?search"",""active"":true,""closed"":false},{""score"":0.8116,""id"":""562794"",""slug"":""will-the-republican-party-control-the-senate-after-the-2026-midterm-elections"",""question"":""Will the Republican Party control the Senate after the 2026 Midterm elections?"",""event_title"":""Which party will win the Senate in 2026?"",""endDate"":""2026-11-03T00:00:00Z"",""volume"":""1308930.158923012"",""source"":""/events?search"",""active"":true,""closed"":false},{""score"":0.7601,""id"":""562802"",""slug"":""will-the-democratic-party-control-the-house-after-the-2026-midterm-elections"",""question"":""Will the Democratic Party control the House after the 2026 Midterm elections?"",""event_title"":""Which party will win the House in 2026?"",""endDate"":""2026-11-03T00:00:00Z"",""volume"":""4185811.6013039355"",""source"":""/events?search"",""active"":true,""closed"":false},{""score"":0.7453,""id"":""562793"",""slug"":""will-the-democratic-party-control-the-senate-after-the-2026-midterm-elections"",""question"":""Will the Democratic Party control the Senate after the 2026 Midterm elections?"",""event_title"":""Which party will win the Senate in 2026?"",""endDate"":""2026-11-03T00:00:00Z"",""volume"":""1476430.5579370107"",""source"":""/events?search"",""active"":true,""closed"":false}]",Accepted candidate rank 1 with fuzzy_score=0.9475.
13,RSO-0013,3,Republican House seats after 2026 midterms,Republican House seats after 2026 midterms — 225-229,Will the Republican Party hold between 225 and 229 House seats after the 2026 midterm elections?,Will the Republican Party hold between 225 and 229 House seats after the 2026 midterm elections?,US,us_national,us_federal,us_house_seat_range_2026,tracked,core_us,range_contract,9,225-229,will-the-republican-party-hold-between-225-and-229-house-seats-after-the-2026-midterm-elections,will-the-republican-party-hold-between-225-and-229-house-seats-after-the-2026-midterm-elections,republican-house-seats-after-the-2026-midterm-elections,House seat distribution / majority-size market; split into every bracket to avoid collapsing a range event into one row.,needs_slug_clob_verification,needs_orderbook_check,appears_clear_from_paste,Range event expanded to one row per bracket.,919497,103166,0x2a576fa3ba72588ab56857b87e870f31f2c2e3e0a3e88943ebd207a8952af3f1,"The 2026 midterm elections are scheduled to be held on November 3, 2026.

This market will resolve according to the number of seats held by the Republican Party in the US House of Representatives as a result of the 2026 midterm elections.

This market will resolve based on the results of all US House of Representatives elections, including special elections, that are scheduled to occur in November 2026 as of October 31, 2026. If a required runoff for any such election could change the market’s outcome, the market will remain open until that runoff is conclusively called by this market’s resolution sources.

A candidate's party will be determined by their ballot-listed or otherwise identifiable affiliation with that party at the time all of the 2026 House elections are conclusively called by this market's resolution sources.

The resolution source for this market is the Associated Press, Fox News, and NBC. This market will resolve once all three sources have conclusively called all US House of Representatives elections. If all three sources do not achieve consensus in calling the relevant races for this market, it will resolve based on the official certification.",,,2026-11-03T00:00:00Z,true,false,,false,true,"[""Yes"",""No""]","[""44021367593004066376259961625159230858755451295969387051970594277311771462296"",""67816032949186533412421864503612087286486092505831280280755920461531557325427""]","{""Yes"":""44021367593004066376259961625159230858755451295969387051970594277311771462296"",""No"":""67816032949186533412421864503612087286486092505831280280755920461531557325427""}",44021367593004066376259961625159230858755451295969387051970594277311771462296,67816032949186533412421864503612087286486092505831280280755920461531557325427,24065.725367999985,18321.83563,https://polymarket.com/event/will-the-republican-party-hold-between-225-and-229-house-seats-after-the-2026-midterm-elections,VERIFIED_READY,2026-06-25T19:38:48+00:00,"[{""score"":0.9442,""id"":""919497"",""slug"":""will-the-republican-party-hold-between-225-and-229-house-seats-after-the-2026-midterm-elections"",""question"":""Will the Republican Party hold between 225 and 229 House seats after the 2026 midterm elections?"",""event_title"":"""",""endDate"":""2026-11-03T00:00:00Z"",""volume"":""24065.725367999985"",""source"":""markets_slug_query"",""active"":true,""closed"":false},{""score"":0.8267,""id"":""562803"",""slug"":""will-the-republican-party-control-the-house-after-the-2026-midterm-elections"",""question"":""Will the Republican Party control the House after the 2026 Midterm elections?"",""event_title"":""Which party will win the House in 2026?"",""endDate"":""2026-11-03T00:00:00Z"",""volume"":""3456201.5151959434"",""source"":""/events?search"",""active"":true,""closed"":false},{""score"":0.8116,""id"":""562794"",""slug"":""will-the-republican-party-control-the-senate-after-the-2026-midterm-elections"",""question"":""Will the Republican Party control the Senate after the 2026 Midterm elections?"",""event_title"":""Which party will win the Senate in 2026?"",""endDate"":""2026-11-03T00:00:00Z"",""volume"":""1308930.158923012"",""source"":""/events?search"",""active"":true,""closed"":false},{""score"":0.7601,""id"":""562802"",""slug"":""will-the-democratic-party-control-the-house-after-the-2026-midterm-elections"",""question"":""Will the Democratic Party control the House after the 2026 Midterm elections?"",""event_title"":""Which party will win the House in 2026?"",""endDate"":""2026-11-03T00:00:00Z"",""volume"":""4185811.6013039355"",""source"":""/events?search"",""active"":true,""closed"":false},{""score"":0.7453,""id"":""562793"",""slug"":""will-the-democratic-party-control-the-senate-after-the-2026-midterm-elections"",""question"":""Will the Democratic Party control the Senate after the 2026 Midterm elections?"",""event_title"":""Which party will win the Senate in 2026?"",""endDate"":""2026-11-03T00:00:00Z"",""volume"":""1476430.5579370107"",""source"":""/events?search"",""active"":true,""closed"":false}]",Accepted candidate rank 1 with fuzzy_score=0.9442.
14,RSO-0014,3,Republican House seats after 2026 midterms,Republican House seats after 2026 midterms — 230+,Will the Republican Party hold 230 or more House seats after the 2026 midterm elections?,Will the Republican Party hold 230 or more House seats after the 2026 midterm elections?,US,us_national,us_federal,us_house_seat_range_2026,tracked,core_us,range_contract,10,230+,will-the-republican-party-hold-230-or-more-house-seats-after-the-2026-midterm-elections,will-the-republican-party-hold-230-or-more-house-seats-after-the-2026-midterm-elections,republican-house-seats-after-the-2026-midterm-elections,House seat distribution / majority-size market; split into every bracket to avoid collapsing a range event into one row.,needs_slug_clob_verification,needs_orderbook_check,appears_clear_from_paste,Range event expanded to one row per bracket.,919498,103166,0x217a8a10e4ec9f7d12d5b94024d4853f326c9b0de14b119b62d8b779f67d8111,"The 2026 midterm elections are scheduled to be held on November 3, 2026.

This market will resolve according to the number of seats held by the Republican Party in the US House of Representatives as a result of the 2026 midterm elections.

This market will resolve based on the results of all US House of Representatives elections, including special elections, that are scheduled to occur in November 2026 as of October 31, 2026. If a required runoff for any such election could change the market’s outcome, the market will remain open until that runoff is conclusively called by this market’s resolution sources.

A candidate's party will be determined by their ballot-listed or otherwise identifiable affiliation with that party at the time all of the 2026 House elections are conclusively called by this market's resolution sources.

The resolution source for this market is the Associated Press, Fox News, and NBC. This market will resolve once all three sources have conclusively called all US House of Representatives elections. If all three sources do not achieve consensus in calling the relevant races for this market, it will resolve based on the official certification.",,,2026-11-03T00:00:00Z,true,false,,false,true,"[""Yes"",""No""]","[""93609386279271538145284495213602532023820232074612322223448573915979176212698"",""45803325288002379969942662352687524027847343561080939869741462398048092192065""]","{""Yes"":""93609386279271538145284495213602532023820232074612322223448573915979176212698"",""No"":""45803325288002379969942662352687524027847343561080939869741462398048092192065""}",93609386279271538145284495213602532023820232074612322223448573915979176212698,45803325288002379969942662352687524027847343561080939869741462398048092192065,29355.39957300002,22302.92828,https://polymarket.com/event/will-the-republican-party-hold-230-or-more-house-seats-after-the-2026-midterm-elections,VERIFIED_READY,2026-06-25T19:39:12+00:00,"[{""score"":0.9452,""id"":""919498"",""slug"":""will-the-republican-party-hold-230-or-more-house-seats-after-the-2026-midterm-elections"",""question"":""Will the Republican Party hold 230 or more House seats after the 2026 midterm elections?"",""event_title"":"""",""endDate"":""2026-11-03T00:00:00Z"",""volume"":""29355.39957300002"",""source"":""markets_slug_query"",""active"":true,""closed"":false},{""score"":0.8589,""id"":""562803"",""slug"":""will-the-republican-party-control-the-house-after-the-2026-midterm-elections"",""question"":""Will the Republican Party control the House after the 2026 Midterm elections?"",""event_title"":""Which party will win the House in 2026?"",""endDate"":""2026-11-03T00:00:00Z"",""volume"":""3456201.5151959434"",""source"":""/events?search"",""active"":true,""closed"":false},{""score"":0.8362,""id"":""562794"",""slug"":""will-the-republican-party-control-the-senate-after-the-2026-midterm-elections"",""question"":""Will the Republican Party control the Senate after the 2026 Midterm elections?"",""event_title"":""Which party will win the Senate in 2026?"",""endDate"":""2026-11-03T00:00:00Z"",""volume"":""1308930.158923012"",""source"":""/events?search"",""active"":true,""closed"":false},{""score"":0.7888,""id"":""562802"",""slug"":""will-the-democratic-party-control-the-house-after-the-2026-midterm-elections"",""question"":""Will the Democratic Party control the House after the 2026 Midterm elections?"",""event_title"":""Which party will win the House in 2026?"",""endDate"":""2026-11-03T00:00:00Z"",""volume"":""4185811.6013039355"",""source"":""/events?search"",""active"":true,""closed"":false},{""score"":0.7664,""id"":""562793"",""slug"":""will-the-democratic-party-control-the-senate-after-the-2026-midterm-elections"",""question"":""Will the Democratic Party control the Senate after the 2026 Midterm elections?"",""event_title"":""Which party will win the Senate in 2026?"",""endDate"":""2026-11-03T00:00:00Z"",""volume"":""1476430.5579370107"",""source"":""/events?search"",""active"":true,""closed"":false}]",Accepted candidate rank 1 with fuzzy_score=0.9452.
15,RSO-0015,4,Republican Senate seats after 2026 midterms,Republican Senate seats after 2026 midterms — ≤47,Will the Republican Party hold 47 or fewer Senate seats after the 2026 midterm elections?,Will the Republican Party hold 47 or fewer Senate seats after the 2026 midterm elections?,US,us_national,us_federal,us_senate_seat_range_2026,tracked,core_us,range_contract,1,≤47,will-the-republican-party-hold-47-or-fewer-senate-seats-after-the-2026-midterm-elections,will-the-republican-party-hold-47-or-fewer-senate-seats-after-the-2026-midterm-elections,republican-senate-seats-after-the-2026-midterm-elections,Senate seat distribution / majority-size market; split into every bracket.,needs_slug_clob_verification,appears_strong_from_paste,appears_clear_from_paste,Range event expanded to one row per bracket.,943819,106193,0x46c862237fc39f6357ce2efa748274e4539c1ffe60cd6a89e3fe689373fa27a8,"The 2026 midterm elections are scheduled to be held on November 3, 2026.

This market will resolve according to the number of seats held by the Republican Party in the US Senate as a result of the 2026 midterm elections.

This market will resolve based on the results of all Senate elections, including special elections, that are scheduled to occur in November 2026 as of October 31, 2026. If a required runoff for any such election could change the market’s outcome, the market will remain open until that runoff is conclusively called by this market’s resolution sources.

If a Senate seat is vacant but a corresponding election is not held in November 2026, the seat will be considered held by the party of the seat's most recent incumbent.

A candidate's party will be determined by their ballot-listed or otherwise identifiable affiliation with that party at the time all of the 2026 Senate elections are conclusively called by this market's resolution sources. A candidate without a ballot-listed affiliation to either the Democratic or Republican parties will be considered a member of one of these parties based on the party with which they most recently expressed their intent to caucus at the time all of the Senate elections are conclusively called by this market's resolution sources.

The resolution source for this market is the Associated Press, Fox News, and NBC. This market will resolve once all three sources have conclusively called all Senate elections. If all three sources do not achieve consensus in calling the relevant races for this market, it will resolve based on the official certification.",,,,true,false,,false,true,"[""Yes"",""No""]","[""89624669145341997724697326849445716755183665898947701894080018635919612252707"",""66439326791754631222128498834722529254569967665962764508265153666276400777966""]","{""Yes"":""89624669145341997724697326849445716755183665898947701894080018635919612252707"",""No"":""66439326791754631222128498834722529254569967665962764508265153666276400777966""}",89624669145341997724697326849445716755183665898947701894080018635919612252707,66439326791754631222128498834722529254569967665962764508265153666276400777966,125511.9775859998,24810.5725,https://polymarket.com/event/will-the-republican-party-hold-47-or-fewer-senate-seats-after-the-2026-midterm-elections,VERIFIED_READY,2026-06-25T19:39:34+00:00,"[{""score"":0.955,""id"":""943819"",""slug"":""will-the-republican-party-hold-47-or-fewer-senate-seats-after-the-2026-midterm-elections"",""question"":""Will the Republican Party hold 47 or fewer Senate seats after the 2026 midterm elections?"",""event_title"":"""",""endDate"":"""",""volume"":""125511.9775859998"",""source"":""markets_slug_query"",""active"":true,""closed"":false},{""score"":0.861,""id"":""562794"",""slug"":""will-the-republican-party-control-the-senate-after-the-2026-midterm-elections"",""question"":""Will the Republican Party control the Senate after the 2026 Midterm elections?"",""event_title"":""Which party will win the Senate in 2026?"",""endDate"":""2026-11-03T00:00:00Z"",""volume"":""1308930.158923012"",""source"":""/events?search"",""active"":true,""closed"":false},{""score"":0.7918,""id"":""562803"",""slug"":""will-the-republican-party-control-the-house-after-the-2026-midterm-elections"",""question"":""Will the Republican Party control the House after the 2026 Midterm elections?"",""event_title"":""Which party will win the House in 2026?"",""endDate"":""2026-11-03T00:00:00Z"",""volume"":""3456201.5151959434"",""source"":""/events?search"",""active"":true,""closed"":false},{""score"":0.7916,""id"":""562793"",""slug"":""will-the-democratic-party-control-the-senate-after-the-2026-midterm-elections"",""question"":""Will the Democratic Party control the Senate after the 2026 Midterm elections?"",""event_title"":""Which party will win the Senate in 2026?"",""endDate"":""2026-11-03T00:00:00Z"",""volume"":""1476430.5579370107"",""source"":""/events?search"",""active"":true,""closed"":false},{""score"":0.722,""id"":""562802"",""slug"":""will-the-democratic-party-control-the-house-after-the-2026-midterm-elections"",""question"":""Will the Democratic Party control the House after the 2026 Midterm elections?"",""event_title"":""Which party will win the House in 2026?"",""endDate"":""2026-11-03T00:00:00Z"",""volume"":""4185811.6013039355"",""source"":""/events?search"",""active"":true,""closed"":false}]",Accepted candidate rank 1 with fuzzy_score=0.9550.
16,RSO-0016,4,Republican Senate seats after 2026 midterms,Republican Senate seats after 2026 midterms — 48,Will the Republican Party hold exactly 48 Senate seats after the 2026 midterm elections?,Will the Republican Party hold exactly 48 Senate seats after the 2026 midterm elections?,US,us_national,us_federal,us_senate_seat_range_2026,tracked,core_us,range_contract,2,48,will-the-republican-party-hold-exactly-48-senate-seats-after-the-2026-midterm-elections,will-the-republican-party-hold-exactly-48-senate-seats-after-the-2026-midterm-elections,republican-senate-seats-after-the-2026-midterm-elections,Senate seat distribution / majority-size market; split into every bracket.,needs_slug_clob_verification,appears_strong_from_paste,appears_clear_from_paste,Range event expanded to one row per bracket.,,,,,,,,,,,,,,,,,,,,,,,,REPAIRED_QUERY_RESET: previous search/verification was unreliable or not executable; rerun with resolver v4.
17,RSO-0017,4,Republican Senate seats after 2026 midterms,Republican Senate seats after 2026 midterms — 49,Will the Republican Party hold exactly 49 Senate seats after the 2026 midterm elections?,Will the Republican Party hold exactly 49 Senate seats after the 2026 midterm elections?,US,us_national,us_federal,us_senate_seat_range_2026,tracked,core_us,range_contract,3,49,will-the-republican-party-hold-exactly-49-senate-seats-after-the-2026-midterm-elections,will-the-republican-party-hold-exactly-49-senate-seats-after-the-2026-midterm-elections,republican-senate-seats-after-the-2026-midterm-elections,Senate seat distribution / majority-size market; split into every bracket.,needs_slug_clob_verification,appears_strong_from_paste,appears_clear_from_paste,Range event expanded to one row per bracket.,,,,,,,,,,,,,,,,,,,,,,,,REPAIRED_QUERY_RESET: previous search/verification was unreliable or not executable; rerun with resolver v4.
18,RSO-0018,4,Republican Senate seats after 2026 midterms,Republican Senate seats after 2026 midterms — 50,Will the Republican Party hold exactly 50 Senate seats after the 2026 midterm elections?,Will the Republican Party hold exactly 50 Senate seats after the 2026 midterm elections?,US,us_national,us_federal,us_senate_seat_range_2026,tracked,core_us,range_contract,4,50,will-the-republican-party-hold-exactly-50-senate-seats-after-the-2026-midterm-elections,will-the-republican-party-hold-exactly-50-senate-seats-after-the-2026-midterm-elections,republican-senate-seats-after-the-2026-midterm-elections,Senate seat distribution / majority-size market; split into every bracket.,needs_slug_clob_verification,appears_strong_from_paste,appears_clear_from_paste,Range event expanded to one row per bracket.,,,,,,,,,,,,,,,,,,,,,,,,REPAIRED_QUERY_RESET: previous search/verification was unreliable or not executable; rerun with resolver v4.
19,RSO-0019,4,Republican Senate seats after 2026 midterms,Republican Senate seats after 2026 midterms — 51,Will the Republican Party hold exactly 51 Senate seats after the 2026 midterm elections?,Will the Republican Party hold exactly 51 Senate seats after the 2026 midterm elections?,US,us_national,us_federal,us_senate_seat_range_2026,tracked,core_us,range_contract,5,51,will-the-republican-party-hold-exactly-51-senate-seats-after-the-2026-midterm-elections,will-the-republican-party-hold-exactly-51-senate-seats-after-the-2026-midterm-elections,republican-senate-seats-after-the-2026-midterm-elections,Senate seat distribution / majority-size market; split into every bracket.,needs_slug_clob_verification,appears_strong_from_paste,appears_clear_from_paste,Range event expanded to one row per bracket.,,,,,,,,,,,,,,,,,,,,,,,,REPAIRED_QUERY_RESET: previous search/verification was unreliable or not executable; rerun with resolver v4.
20,RSO-0020,4,Republican Senate seats after 2026 midterms,Republican Senate seats after 2026 midterms — 52,Will the Republican Party hold exactly 52 Senate seats after the 2026 midterm elections?,Will the Republican Party hold exactly 52 Senate seats after the 2026 midterm elections?,US,us_national,us_federal,us_senate_seat_range_2026,tracked,core_us,range_contract,6,52,will-the-republican-party-hold-exactly-52-senate-seats-after-the-2026-midterm-elections,will-the-republican-party-hold-exactly-52-senate-seats-after-the-2026-midterm-elections,republican-senate-seats-after-the-2026-midterm-elections,Senate seat distribution / majority-size market; split into every bracket.,needs_slug_clob_verification,appears_strong_from_paste,appears_clear_from_paste,Range event expanded to one row per bracket.,,,,,,,,,,,,,,,,,,,,,,,,REPAIRED_QUERY_RESET: previous search/verification was unreliable or not executable; rerun with resolver v4.
21,RSO-0021,4,Republican Senate seats after 2026 midterms,Republican Senate seats after 2026 midterms — 53,Will the Republican Party hold exactly 53 Senate seats after the 2026 midterm elections?,Will the Republican Party hold exactly 53 Senate seats after the 2026 midterm elections?,US,us_national,us_federal,us_senate_seat_range_2026,tracked,core_us,range_contract,7,53,will-the-republican-party-hold-exactly-53-senate-seats-after-the-2026-midterm-elections,will-the-republican-party-hold-exactly-53-senate-seats-after-the-2026-midterm-elections,republican-senate-seats-after-the-2026-midterm-elections,Senate seat distribution / majority-size market; split into every bracket.,needs_slug_clob_verification,appears_strong_from_paste,appears_clear_from_paste,Range event expanded to one row per bracket.,943825,106193,0x812d9ea644c58f1e889643bbd9184e9c5fdacbba55d1f9fef2eb2d55ce5dc1c2,"The 2026 midterm elections are scheduled to be held on November 3, 2026.

This market will resolve according to the number of seats held by the Republican Party in the US Senate as a result of the 2026 midterm elections.

This market will resolve based on the results of all Senate elections, including special elections, that are scheduled to occur in November 2026 as of October 31, 2026. If a required runoff for any such election could change the market’s outcome, the market will remain open until that runoff is conclusively called by this market’s resolution sources.

If a Senate seat is vacant but a corresponding election is not held in November 2026, the seat will be considered held by the party of the seat's most recent incumbent.

A candidate's party will be determined by their ballot-listed or otherwise identifiable affiliation with that party at the time all of the 2026 Senate elections are conclusively called by this market's resolution sources. A candidate without a ballot-listed affiliation to either the Democratic or Republican parties will be considered a member of one of these parties based on the party with which they most recently expressed their intent to caucus at the time all of the Senate elections are conclusively called by this market's resolution sources.

The resolution source for this market is the Associated Press, Fox News, and NBC. This market will resolve once all three sources have conclusively called all Senate elections. If all three sources do not achieve consensus in calling the relevant races for this market, it will resolve based on the official certification.",,,,true,false,,false,true,"[""Yes"",""No""]","[""15394416147421266264002744586901575755411758481406494583013250092373628427765"",""51652121934144824562853249102089070841475746480599657498165556956159317976766""]","{""Yes"":""15394416147421266264002744586901575755411758481406494583013250092373628427765"",""No"":""51652121934144824562853249102089070841475746480599657498165556956159317976766""}",15394416147421266264002744586901575755411758481406494583013250092373628427765,51652121934144824562853249102089070841475746480599657498165556956159317976766,65210.82655800001,39696.34153,https://polymarket.com/event/will-the-republican-party-hold-exactly-53-senate-seats-after-the-2026-midterm-elections,VERIFIED_READY,2026-06-25T19:44:18+00:00,"[{""score"":0.9505,""id"":""943825"",""slug"":""will-the-republican-party-hold-exactly-53-senate-seats-after-the-2026-midterm-elections"",""question"":""Will the Republican Party hold exactly 53 Senate seats after the 2026 midterm elections?"",""event_title"":"""",""endDate"":"""",""volume"":""65210.82655800001"",""source"":""markets_slug_query"",""active"":true,""closed"":false},{""score"":0.8746,""id"":""562794"",""slug"":""will-the-republican-party-control-the-senate-after-the-2026-midterm-elections"",""question"":""Will the Republican Party control the Senate after the 2026 Midterm elections?"",""event_title"":""Which party will win the Senate in 2026?"",""endDate"":""2026-11-03T00:00:00Z"",""volume"":""1308930.158923012"",""source"":""/events?search"",""active"":true,""closed"":false},{""score"":0.8037,""id"":""562793"",""slug"":""will-the-democratic-party-control-the-senate-after-the-2026-midterm-elections"",""question"":""Will the Democratic Party control the Senate after the 2026 Midterm elections?"",""event_title"":""Which party will win the Senate in 2026?"",""endDate"":""2026-11-03T00:00:00Z"",""volume"":""1476430.5579370107"",""source"":""/events?search"",""active"":true,""closed"":false},{""score"":0.8023,""id"":""562803"",""slug"":""will-the-republican-party-control-the-house-after-the-2026-midterm-elections"",""question"":""Will the Republican Party control the House after the 2026 Midterm elections?"",""event_title"":""Which party will win the House in 2026?"",""endDate"":""2026-11-03T00:00:00Z"",""volume"":""3456201.5151959434"",""source"":""/events?search"",""active"":true,""closed"":false},{""score"":0.7311,""id"":""562802"",""slug"":""will-the-democratic-party-control-the-house-after-the-2026-midterm-elections"",""question"":""Will the Democratic Party control the House after the 2026 Midterm elections?"",""event_title"":""Which party will win the House in 2026?"",""endDate"":""2026-11-03T00:00:00Z"",""volume"":""4185811.6013039355"",""source"":""/events?search"",""active"":true,""closed"":false}]",Accepted candidate rank 1 with fuzzy_score=0.9505.
22,RSO-0022,4,Republican Senate seats after 2026 midterms,Republican Senate seats after 2026 midterms — 54,Will the Republican Party hold exactly 54 Senate seats after the 2026 midterm elections?,Will the Republican Party hold exactly 54 Senate seats after the 2026 midterm elections?,US,us_national,us_federal,us_senate_seat_range_2026,tracked,core_us,range_contract,8,54,will-the-republican-party-hold-exactly-54-senate-seats-after-the-2026-midterm-elections,will-the-republican-party-hold-exactly-54-senate-seats-after-the-2026-midterm-elections,republican-senate-seats-after-the-2026-midterm-elections,Senate seat distribution / majority-size market; split into every bracket.,needs_slug_clob_verification,appears_strong_from_paste,appears_clear_from_paste,Range event expanded to one row per bracket.,943826,106193,0x38fa3007c7be18a217849262667e39266341cb2fd7b5f8da75472b0a9e420480,"The 2026 midterm elections are scheduled to be held on November 3, 2026.

This market will resolve according to the number of seats held by the Republican Party in the US Senate as a result of the 2026 midterm elections.

This market will resolve based on the results of all Senate elections, including special elections, that are scheduled to occur in November 2026 as of October 31, 2026. If a required runoff for any such election could change the market’s outcome, the market will remain open until that runoff is conclusively called by this market’s resolution sources.

If a Senate seat is vacant but a corresponding election is not held in November 2026, the seat will be considered held by the party of the seat's most recent incumbent.

A candidate's party will be determined by their ballot-listed or otherwise identifiable affiliation with that party at the time all of the 2026 Senate elections are conclusively called by this market's resolution sources. A candidate without a ballot-listed affiliation to either the Democratic or Republican parties will be considered a member of one of these parties based on the party with which they most recently expressed their intent to caucus at the time all of the Senate elections are conclusively called by this market's resolution sources.

The resolution source for this market is the Associated Press, Fox News, and NBC. This market will resolve once all three sources have conclusively called all Senate elections. If all three sources do not achieve consensus in calling the relevant races for this market, it will resolve based on the official certification.",,,,true,false,,false,true,"[""Yes"",""No""]","[""13278443981418985302116823794751942747516190107446009911143426402863687470127"",""35453446494954669727391179421215158696079986575205656692876790390540762254549""]","{""Yes"":""13278443981418985302116823794751942747516190107446009911143426402863687470127"",""No"":""35453446494954669727391179421215158696079986575205656692876790390540762254549""}",13278443981418985302116823794751942747516190107446009911143426402863687470127,35453446494954669727391179421215158696079986575205656692876790390540762254549,754002.4319679982,39798.52033,https://polymarket.com/event/will-the-republican-party-hold-exactly-54-senate-seats-after-the-2026-midterm-elections,VERIFIED_READY,2026-06-25T19:44:28+00:00,"[{""score"":0.99,""id"":""943826"",""slug"":""will-the-republican-party-hold-exactly-54-senate-seats-after-the-2026-midterm-elections"",""question"":""Will the Republican Party hold exactly 54 Senate seats after the 2026 midterm elections?"",""event_title"":"""",""endDate"":"""",""volume"":""754002.4319679982"",""source"":""markets_slug_query"",""active"":true,""closed"":false},{""score"":0.8746,""id"":""562794"",""slug"":""will-the-republican-party-control-the-senate-after-the-2026-midterm-elections"",""question"":""Will the Republican Party control the Senate after the 2026 Midterm elections?"",""event_title"":""Which party will win the Senate in 2026?"",""endDate"":""2026-11-03T00:00:00Z"",""volume"":""1308930.158923012"",""source"":""/events?search"",""active"":true,""closed"":false},{""score"":0.8037,""id"":""562793"",""slug"":""will-the-democratic-party-control-the-senate-after-the-2026-midterm-elections"",""question"":""Will the Democratic Party control the Senate after the 2026 Midterm elections?"",""event_title"":""Which party will win the Senate in 2026?"",""endDate"":""2026-11-03T00:00:00Z"",""volume"":""1476430.5579370107"",""source"":""/events?search"",""active"":true,""closed"":false},{""score"":0.8023,""id"":""562803"",""slug"":""will-the-republican-party-control-the-house-after-the-2026-midterm-elections"",""question"":""Will the Republican Party control the House after the 2026 Midterm elections?"",""event_title"":""Which party will win the House in 2026?"",""endDate"":""2026-11-03T00:00:00Z"",""volume"":""3456201.5151959434"",""source"":""/events?search"",""active"":true,""closed"":false},{""score"":0.7311,""id"":""562802"",""slug"":""will-the-democratic-party-control-the-house-after-the-2026-midterm-elections"",""question"":""Will the Democratic Party control the House after the 2026 Midterm elections?"",""event_title"":""Which party will win the House in 2026?"",""endDate"":""2026-11-03T00:00:00Z"",""volume"":""4185811.6013039355"",""source"":""/events?search"",""active"":true,""closed"":false}]",Accepted candidate rank 1 with fuzzy_score=0.9900.
23,RSO-0023,4,Republican Senate seats after 2026 midterms,Republican Senate seats after 2026 midterms — 55,Will the Republican Party hold exactly 55 Senate seats after the 2026 midterm elections?,Will the Republican Party hold exactly 55 Senate seats after the 2026 midterm elections?,US,us_national,us_federal,us_senate_seat_range_2026,tracked,core_us,range_contract,9,55,will-the-republican-party-hold-exactly-55-senate-seats-after-the-2026-midterm-elections,will-the-republican-party-hold-exactly-55-senate-seats-after-the-2026-midterm-elections,republican-senate-seats-after-the-2026-midterm-elections,Senate seat distribution / majority-size market; split into every bracket.,needs_slug_clob_verification,appears_strong_from_paste,appears_clear_from_paste,Range event expanded to one row per bracket.,943827,106193,0x77051d8ddec1e312de90cdf2ce026ce1c4df4c1c264cfa1525e55995b542fb0c,"The 2026 midterm elections are scheduled to be held on November 3, 2026.

This market will resolve according to the number of seats held by the Republican Party in the US Senate as a result of the 2026 midterm elections.

This market will resolve based on the results of all Senate elections, including special elections, that are scheduled to occur in November 2026 as of October 31, 2026. If a required runoff for any such election could change the market’s outcome, the market will remain open until that runoff is conclusively called by this market’s resolution sources.

If a Senate seat is vacant but a corresponding election is not held in November 2026, the seat will be considered held by the party of the seat's most recent incumbent.

A candidate's party will be determined by their ballot-listed or otherwise identifiable affiliation with that party at the time all of the 2026 Senate elections are conclusively called by this market's resolution sources. A candidate without a ballot-listed affiliation to either the Democratic or Republican parties will be considered a member of one of these parties based on the party with which they most recently expressed their intent to caucus at the time all of the Senate elections are conclusively called by this market's resolution sources.

The resolution source for this market is the Associated Press, Fox News, and NBC. This market will resolve once all three sources have conclusively called all Senate elections. If all three sources do not achieve consensus in calling the relevant races for this market, it will resolve based on the official certification.",,,,true,false,,false,true,"[""Yes"",""No""]","[""10750997471908598562514411969554157596465059745769943341362824315243580377116"",""62299570834003834920520020470738659357768540384959250342968479321265112764664""]","{""Yes"":""10750997471908598562514411969554157596465059745769943341362824315243580377116"",""No"":""62299570834003834920520020470738659357768540384959250342968479321265112764664""}",10750997471908598562514411969554157596465059745769943341362824315243580377116,62299570834003834920520020470738659357768540384959250342968479321265112764664,427970.7960360006,40128.2935,https://polymarket.com/event/will-the-republican-party-hold-exactly-55-senate-seats-after-the-2026-midterm-elections,VERIFIED_READY,2026-06-25T19:44:36+00:00,"[{""score"":0.9868,""id"":""943827"",""slug"":""will-the-republican-party-hold-exactly-55-senate-seats-after-the-2026-midterm-elections"",""question"":""Will the Republican Party hold exactly 55 Senate seats after the 2026 midterm elections?"",""event_title"":"""",""endDate"":"""",""volume"":""427970.7960360006"",""source"":""markets_slug_query"",""active"":true,""closed"":false},{""score"":0.8746,""id"":""562794"",""slug"":""will-the-republican-party-control-the-senate-after-the-2026-midterm-elections"",""question"":""Will the Republican Party control the Senate after the 2026 Midterm elections?"",""event_title"":""Which party will win the Senate in 2026?"",""endDate"":""2026-11-03T00:00:00Z"",""volume"":""1308930.158923012"",""source"":""/events?search"",""active"":true,""closed"":false},{""score"":0.8037,""id"":""562793"",""slug"":""will-the-democratic-party-control-the-senate-after-the-2026-midterm-elections"",""question"":""Will the Democratic Party control the Senate after the 2026 Midterm elections?"",""event_title"":""Which party will win the Senate in 2026?"",""endDate"":""2026-11-03T00:00:00Z"",""volume"":""1476430.5579370107"",""source"":""/events?search"",""active"":true,""closed"":false},{""score"":0.8023,""id"":""562803"",""slug"":""will-the-republican-party-control-the-house-after-the-2026-midterm-elections"",""question"":""Will the Republican Party control the House after the 2026 Midterm elections?"",""event_title"":""Which party will win the House in 2026?"",""endDate"":""2026-11-03T00:00:00Z"",""volume"":""3456201.5151959434"",""source"":""/events?search"",""active"":true,""closed"":false},{""score"":0.7311,""id"":""562802"",""slug"":""will-the-democratic-party-control-the-house-after-the-2026-midterm-elections"",""question"":""Will the Democratic Party control the House after the 2026 Midterm elections?"",""event_title"":""Which party will win the House in 2026?"",""endDate"":""2026-11-03T00:00:00Z"",""volume"":""4185811.6013039355"",""source"":""/events?search"",""active"":true,""closed"":false}]",Accepted candidate rank 1 with fuzzy_score=0.9868.
24,RSO-0024,4,Republican Senate seats after 2026 midterms,Republican Senate seats after 2026 midterms — 56,Will the Republican Party hold exactly 56 Senate seats after the 2026 midterm elections?,Will the Republican Party hold exactly 56 Senate seats after the 2026 midterm elections?,US,us_national,us_federal,us_senate_seat_range_2026,tracked,core_us,range_contract,10,56,will-the-republican-party-hold-exactly-56-senate-seats-after-the-2026-midterm-elections,will-the-republican-party-hold-exactly-56-senate-seats-after-the-2026-midterm-elections,republican-senate-seats-after-the-2026-midterm-elections,Senate seat distribution / majority-size market; split into every bracket.,needs_slug_clob_verification,appears_strong_from_paste,appears_clear_from_paste,Range event expanded to one row per bracket.,943828,106193,0xe831d837e17278de50029fcf609d1c72338ed4e1352ce8a4fb7406ddef3c63ad,"The 2026 midterm elections are scheduled to be held on November 3, 2026.

This market will resolve according to the number of seats held by the Republican Party in the US Senate as a result of the 2026 midterm elections.

This market will resolve based on the results of all Senate elections, including special elections, that are scheduled to occur in November 2026 as of October 31, 2026. If a required runoff for any such election could change the market’s outcome, the market will remain open until that runoff is conclusively called by this market’s resolution sources.

If a Senate seat is vacant but a corresponding election is not held in November 2026, the seat will be considered held by the party of the seat's most recent incumbent.

A candidate's party will be determined by their ballot-listed or otherwise identifiable affiliation with that party at the time all of the 2026 Senate elections are conclusively called by this market's resolution sources. A candidate without a ballot-listed affiliation to either the Democratic or Republican parties will be considered a member of one of these parties based on the party with which they most recently expressed their intent to caucus at the time all of the Senate elections are conclusively called by this market's resolution sources.

The resolution source for this market is the Associated Press, Fox News, and NBC. This market will resolve once all three sources have conclusively called all Senate elections. If all three sources do not achieve consensus in calling the relevant races for this market, it will resolve based on the official certification.",,,,true,false,,false,true,"[""Yes"",""No""]","[""9273056014077248525737106426866852410841224250259842453481519298611852217348"",""70648508043777497410819489556436841786158428513370941466618831682337797647773""]","{""Yes"":""9273056014077248525737106426866852410841224250259842453481519298611852217348"",""No"":""70648508043777497410819489556436841786158428513370941466618831682337797647773""}",9273056014077248525737106426866852410841224250259842453481519298611852217348,70648508043777497410819489556436841786158428513370941466618831682337797647773,180308.72641099946,34662.34086,https://polymarket.com/event/will-the-republican-party-hold-exactly-56-senate-seats-after-the-2026-midterm-elections,VERIFIED_READY,2026-06-25T19:44:43+00:00,"[{""score"":0.9615,""id"":""943828"",""slug"":""will-the-republican-party-hold-exactly-56-senate-seats-after-the-2026-midterm-elections"",""question"":""Will the Republican Party hold exactly 56 Senate seats after the 2026 midterm elections?"",""event_title"":"""",""endDate"":"""",""volume"":""180308.72641099946"",""source"":""markets_slug_query"",""active"":true,""closed"":false},{""score"":0.8746,""id"":""562794"",""slug"":""will-the-republican-party-control-the-senate-after-the-2026-midterm-elections"",""question"":""Will the Republican Party control the Senate after the 2026 Midterm elections?"",""event_title"":""Which party will win the Senate in 2026?"",""endDate"":""2026-11-03T00:00:00Z"",""volume"":""1308930.158923012"",""source"":""/events?search"",""active"":true,""closed"":false},{""score"":0.8037,""id"":""562793"",""slug"":""will-the-democratic-party-control-the-senate-after-the-2026-midterm-elections"",""question"":""Will the Democratic Party control the Senate after the 2026 Midterm elections?"",""event_title"":""Which party will win the Senate in 2026?"",""endDate"":""2026-11-03T00:00:00Z"",""volume"":""1476430.5579370107"",""source"":""/events?search"",""active"":true,""closed"":false},{""score"":0.8023,""id"":""562803"",""slug"":""will-the-republican-party-control-the-house-after-the-2026-midterm-elections"",""question"":""Will the Republican Party control the House after the 2026 Midterm elections?"",""event_title"":""Which party will win the House in 2026?"",""endDate"":""2026-11-03T00:00:00Z"",""volume"":""3456201.5151959434"",""source"":""/events?search"",""active"":true,""closed"":false},{""score"":0.7311,""id"":""562802"",""slug"":""will-the-democratic-party-control-the-house-after-the-2026-midterm-elections"",""question"":""Will the Democratic Party control the House after the 2026 Midterm elections?"",""event_title"":""Which party will win the House in 2026?"",""endDate"":""2026-11-03T00:00:00Z"",""volume"":""4185811.6013039355"",""source"":""/events?search"",""active"":true,""closed"":false}]",Accepted candidate rank 1 with fuzzy_score=0.9615.
25,RSO-0025,4,Republican Senate seats after 2026 midterms,Republican Senate seats after 2026 midterms — 57+,Will the Republican Party hold 57 or more Senate seats after the 2026 midterm elections?,Will the Republican Party hold 57 or more Senate seats after the 2026 midterm elections?,US,us_national,us_federal,us_senate_seat_range_2026,tracked,core_us,range_contract,11,57+,will-the-republican-party-hold-57-or-more-senate-seats-after-the-2026-midterm-elections,will-the-republican-party-hold-57-or-more-senate-seats-after-the-2026-midterm-elections,republican-senate-seats-after-the-2026-midterm-elections,Senate seat distribution / majority-size market; split into every bracket.,needs_slug_clob_verification,appears_strong_from_paste,appears_clear_from_paste,Range event expanded to one row per bracket.,943829,106193,0x5d763463cd2a9bd939d49bbb5b4bbaf5fc2cd9ecee5966e6fcce0b6de57179fc,"The 2026 midterm elections are scheduled to be held on November 3, 2026.

This market will resolve according to the number of seats held by the Republican Party in the US Senate as a result of the 2026 midterm elections.

This market will resolve based on the results of all Senate elections, including special elections, that are scheduled to occur in November 2026 as of October 31, 2026. If a required runoff for any such election could change the market’s outcome, the market will remain open until that runoff is conclusively called by this market’s resolution sources.

If a Senate seat is vacant but a corresponding election is not held in November 2026, the seat will be considered held by the party of the seat's most recent incumbent.

A candidate's party will be determined by their ballot-listed or otherwise identifiable affiliation with that party at the time all of the 2026 Senate elections are conclusively called by this market's resolution sources. A candidate without a ballot-listed affiliation to either the Democratic or Republican parties will be considered a member of one of these parties based on the party with which they most recently expressed their intent to caucus at the time all of the Senate elections are conclusively called by this market's resolution sources.

The resolution source for this market is the Associated Press, Fox News, and NBC. This market will resolve once all three sources have conclusively called all Senate elections. If all three sources do not achieve consensus in calling the relevant races for this market, it will resolve based on the official certification.",,,,true,false,,false,true,"[""Yes"",""No""]","[""106446804142822856909456712516050968287728263341329924913008459244064245181608"",""105728801462246018106841070340476781150433351186716389333116738721229102852693""]","{""Yes"":""106446804142822856909456712516050968287728263341329924913008459244064245181608"",""No"":""105728801462246018106841070340476781150433351186716389333116738721229102852693""}",106446804142822856909456712516050968287728263341329924913008459244064245181608,105728801462246018106841070340476781150433351186716389333116738721229102852693,106758.077137,47556.29216,https://polymarket.com/event/will-the-republican-party-hold-57-or-more-senate-seats-after-the-2026-midterm-elections,VERIFIED_READY,2026-06-25T19:44:51+00:00,"[{""score"":0.9554,""id"":""943829"",""slug"":""will-the-republican-party-hold-57-or-more-senate-seats-after-the-2026-midterm-elections"",""question"":""Will the Republican Party hold 57 or more Senate seats after the 2026 midterm elections?"",""event_title"":"""",""endDate"":"""",""volume"":""106758.077137"",""source"":""markets_slug_query"",""active"":true,""closed"":false},{""score"":0.8647,""id"":""562794"",""slug"":""will-the-republican-party-control-the-senate-after-the-2026-midterm-elections"",""question"":""Will the Republican Party control the Senate after the 2026 Midterm elections?"",""event_title"":""Which party will win the Senate in 2026?"",""endDate"":""2026-11-03T00:00:00Z"",""volume"":""1308930.158923012"",""source"":""/events?search"",""active"":true,""closed"":false},{""score"":0.7949,""id"":""562793"",""slug"":""will-the-democratic-party-control-the-senate-after-the-2026-midterm-elections"",""question"":""Will the Democratic Party control the Senate after the 2026 Midterm elections?"",""event_title"":""Which party will win the Senate in 2026?"",""endDate"":""2026-11-03T00:00:00Z"",""volume"":""1476430.5579370107"",""source"":""/events?search"",""active"":true,""closed"":false},{""score"":0.7935,""id"":""562803"",""slug"":""will-the-republican-party-control-the-house-after-the-2026-midterm-elections"",""question"":""Will the Republican Party control the House after the 2026 Midterm elections?"",""event_title"":""Which party will win the House in 2026?"",""endDate"":""2026-11-03T00:00:00Z"",""volume"":""3456201.5151959434"",""source"":""/events?search"",""active"":true,""closed"":false},{""score"":0.7234,""id"":""562802"",""slug"":""will-the-democratic-party-control-the-house-after-the-2026-midterm-elections"",""question"":""Will the Democratic Party control the House after the 2026 Midterm elections?"",""event_title"":""Which party will win the House in 2026?"",""endDate"":""2026-11-03T00:00:00Z"",""volume"":""4185811.6013039355"",""source"":""/events?search"",""active"":true,""closed"":false}]",Accepted candidate rank 1 with fuzzy_score=0.9554.
26,RSO-0026,5,Maine Senate Election Winner,Maine Senate Election Winner — Democrat,Will the Democrats win the Maine Senate race in 2026?,Maine Senate Election Winner Democrat,US,us_senate,us_statewide,maine_senate_2026,tracked,core_us,binary_complement_contract,1,Democrat,will-the-democrats-win-the-maine-senate-race-in-2026,maine-senate-election-winner-democrat,maine-senate-election-winner,US Senate race-specific market; central to Senate-control decomposition.,needs_slug_clob_verification,needs_orderbook_check,appears_clear_from_paste,State Senate outcome row.,630772,57650,0x66bbf6d55e0296278858b3147689f3df9259374f158f9f028b608baa322a639c,"This market will resolve according to the winner of the 2026 midterm Maine U.S. Senate election, inclusive of any run-offs.

A candidate shall be considered to represent a party in the event that he or she is the nominee of the party in question. Candidates other than the Democratic or Republican nominee (e.g., Greens, Libertarian, independent) may be added at a later date.

Candidates who run as independents will not be encompassed by the “Democrat” or “Republican” options regardless of any affiliation they may have with the party.

The resolution source for this market is the Associated Press, Fox News, and NBC. This market will resolve once all three sources call the race for the same candidate. If all three sources haven’t called the race in this state for the same candidate, this market will resolve based on the official certification.",,,,true,false,,false,true,"[""Yes"",""No""]","[""7589880081658059374445882095611024032084645048848237404312287942463647821549"",""6136336712352911156426560180855478229745540927722899997193789497766196705020""]","{""Yes"":""7589880081658059374445882095611024032084645048848237404312287942463647821549"",""No"":""6136336712352911156426560180855478229745540927722899997193789497766196705020""}",7589880081658059374445882095611024032084645048848237404312287942463647821549,6136336712352911156426560180855478229745540927722899997193789497766196705020,348952.6032560004,55637.3674,https://polymarket.com/event/will-the-democrats-win-the-maine-senate-race-in-2026,VERIFIED_READY,2026-06-25T19:50:50+00:00,"[{""score"":0.6249,""id"":""630772"",""slug"":""will-the-democrats-win-the-maine-senate-race-in-2026"",""question"":""Will the Democrats win the Maine Senate race in 2026?"",""event_title"":""Maine Senate Election Winner"",""endDate"":"""",""volume"":""348952.6032560004"",""source"":""events_slug_path"",""active"":true,""closed"":false},{""score"":0.6058,""id"":""630773"",""slug"":""will-the-republicans-win-the-maine-senate-race-in-2026"",""question"":""Will the Republicans win the Maine Senate race in 2026?"",""event_title"":""Maine Senate Election Winner"",""endDate"":"""",""volume"":""217892.4659280002"",""source"":""events_slug_path"",""active"":true,""closed"":false},{""score"":0.5792,""id"":""630774"",""slug"":""will-person-a-win-the-maine-senate-race-in-2026"",""question"":""Will Person A win the Maine Senate race in 2026?"",""event_title"":""Maine Senate Election Winner"",""endDate"":"""",""volume"":""0"",""source"":""events_slug_path"",""active"":false,""closed"":false},{""score"":0.5792,""id"":""630776"",""slug"":""will-person-c-win-the-maine-senate-race-in-2026"",""question"":""Will Person C win the Maine Senate race in 2026?"",""event_title"":""Maine Senate Election Winner"",""endDate"":"""",""volume"":""0"",""source"":""events_slug_path"",""active"":false,""closed"":false},{""score"":0.5792,""id"":""630778"",""slug"":""will-person-e-win-the-maine-senate-race-in-2026"",""question"":""Will Person E win the Maine Senate race in 2026?"",""event_title"":""Maine Senate Election Winner"",""endDate"":"""",""volume"":""0"",""source"":""events_slug_path"",""active"":false,""closed"":false}]",Accepted candidate rank 1 with fuzzy_score=0.6249.
27,RSO-0027,5,Maine Senate Election Winner,Maine Senate Election Winner — Republican,Will the Republicans win the Maine Senate race in 2026?,Maine Senate Election Winner Republican,US,us_senate,us_statewide,maine_senate_2026,tracked,core_us,binary_complement_contract,2,Republican,will-the-republicans-win-the-maine-senate-race-in-2026,maine-senate-election-winner-republican,maine-senate-election-winner,US Senate race-specific market; central to Senate-control decomposition.,needs_slug_clob_verification,needs_orderbook_check,appears_clear_from_paste,State Senate outcome row.,630773,57650,0x2c00cb09722a0f0501c5e49131b898ed57bb5c075db4dc2bcbc14908f45b8c48,"This market will resolve according to the winner of the 2026 midterm Maine U.S. Senate election, inclusive of any run-offs.

A candidate shall be considered to represent a party in the event that he or she is the nominee of the party in question. Candidates other than the Democratic or Republican nominee (e.g., Greens, Libertarian, independent) may be added at a later date.

Candidates who run as independents will not be encompassed by the “Democrat” or “Republican” options regardless of any affiliation they may have with the party.

The resolution source for this market is the Associated Press, Fox News, and NBC. This market will resolve once all three sources call the race for the same candidate. If all three sources haven’t called the race in this state for the same candidate, this market will resolve based on the official certification.",,,,true,false,,false,true,"[""Yes"",""No""]","[""2142948285506077695096498341598672159464223074468931276310105532825810210121"",""43295283577056639281694071578249936735369407445693289764095672178175084599787""]","{""Yes"":""2142948285506077695096498341598672159464223074468931276310105532825810210121"",""No"":""43295283577056639281694071578249936735369407445693289764095672178175084599787""}",2142948285506077695096498341598672159464223074468931276310105532825810210121,43295283577056639281694071578249936735369407445693289764095672178175084599787,217892.4659280002,49759.257,https://polymarket.com/event/will-the-republicans-win-the-maine-senate-race-in-2026,VERIFIED_READY,2026-06-25T19:51:09+00:00,"[{""score"":0.6169,""id"":""630772"",""slug"":""will-the-democrats-win-the-maine-senate-race-in-2026"",""question"":""Will the Democrats win the Maine Senate race in 2026?"",""event_title"":""Maine Senate Election Winner"",""endDate"":"""",""volume"":""348952.6032560004"",""source"":""events_slug_path"",""active"":true,""closed"":false},{""score"":0.598,""id"":""630773"",""slug"":""will-the-republicans-win-the-maine-senate-race-in-2026"",""question"":""Will the Republicans win the Maine Senate race in 2026?"",""event_title"":""Maine Senate Election Winner"",""endDate"":"""",""volume"":""217892.4659280002"",""source"":""events_slug_path"",""active"":true,""closed"":false},{""score"":0.5706,""id"":""630774"",""slug"":""will-person-a-win-the-maine-senate-race-in-2026"",""question"":""Will Person A win the Maine Senate race in 2026?"",""event_title"":""Maine Senate Election Winner"",""endDate"":"""",""volume"":""0"",""source"":""events_slug_path"",""active"":false,""closed"":false},{""score"":0.5706,""id"":""630776"",""slug"":""will-person-c-win-the-maine-senate-race-in-2026"",""question"":""Will Person C win the Maine Senate race in 2026?"",""event_title"":""Maine Senate Election Winner"",""endDate"":"""",""volume"":""0"",""source"":""events_slug_path"",""active"":false,""closed"":false},{""score"":0.5706,""id"":""630778"",""slug"":""will-person-e-win-the-maine-senate-race-in-2026"",""question"":""Will Person E win the Maine Senate race in 2026?"",""event_title"":""Maine Senate Election Winner"",""endDate"":"""",""volume"":""0"",""source"":""events_slug_path"",""active"":false,""closed"":false}]",Accepted candidate rank 2 with fuzzy_score=0.5980.
28,RSO-0028,6,Texas Senate Election Winner,Texas Senate Election Winner — Ken Paxton (R),Will the Republicans win the Texas Senate race in 2026?,Texas Senate Election Winner Ken Paxton (R),US,us_senate,us_statewide,texas_senate_2026,tracked,core_us,binary_complement_contract,1,Ken Paxton (R),will-the-republicans-win-the-texas-senate-race-in-2026,texas-senate-election-winner-ken-paxton-r,texas-senate-election-winner,US Senate race-specific market; central to Senate-control decomposition.,needs_slug_clob_verification,needs_orderbook_check,appears_clear_from_paste,State Senate outcome row.,630964,57672,0x94521176f57d2ce81dde01e0b7699ca4279423042d37ed53908f0c8bfefe7e14,"This market will resolve according to the winner of the 2026 midterm Texas U.S. Senate election, inclusive of any run-offs.

A candidate shall be considered to represent a party in the event that he or she is the nominee of the party in question. Candidates other than the Democratic or Republican nominee (e.g., Greens, Libertarian, independent) may be added at a later date.

Candidates who run as independents will not be encompassed by the “Democrat” or “Republican” options regardless of any affiliation they may have with the party.

The resolution source for this market is the Associated Press, Fox News, and NBC. This market will resolve once all three sources call the race for the same candidate. If all three sources haven’t called the race in this state for the same candidate, this market will resolve based on the official certification.",,,,true,false,,false,true,"[""Yes"",""No""]","[""21265207456609426291246075480390336499088453711419597084147957999650569091884"",""9846414914422486942750462555692240718767368950832862364324602361738794436048""]","{""Yes"":""21265207456609426291246075480390336499088453711419597084147957999650569091884"",""No"":""9846414914422486942750462555692240718767368950832862364324602361738794436048""}",21265207456609426291246075480390336499088453711419597084147957999650569091884,9846414914422486942750462555692240718767368950832862364324602361738794436048,302597.4057009986,46884.8308,https://polymarket.com/event/will-the-republicans-win-the-texas-senate-race-in-2026,VERIFIED_READY,2026-06-25T19:52:07+00:00,"[{""score"":0.5721,""id"":""630964"",""slug"":""will-the-republicans-win-the-texas-senate-race-in-2026"",""question"":""Will the Republicans win the Texas Senate race in 2026?"",""event_title"":""Texas Senate Election Winner"",""endDate"":"""",""volume"":""302597.4057009986"",""source"":""events_slug_path"",""active"":true,""closed"":false},{""score"":0.5703,""id"":""630963"",""slug"":""will-the-democrats-win-the-texas-senate-race-in-2026"",""question"":""Will the Democrats win the Texas Senate race in 2026?"",""event_title"":""Texas Senate Election Winner"",""endDate"":"""",""volume"":""237397.2869730001"",""source"":""events_slug_path"",""active"":true,""closed"":false},{""score"":0.5356,""id"":""630966"",""slug"":""will-person-b-win-the-texas-senate-race-in-2026"",""question"":""Will Person B win the Texas Senate race in 2026?"",""event_title"":""Texas Senate Election Winner"",""endDate"":"""",""volume"":""0"",""source"":""events_slug_path"",""active"":false,""closed"":false},{""score"":0.5356,""id"":""630968"",""slug"":""will-person-d-win-the-texas-senate-race-in-2026"",""question"":""Will Person D win the Texas Senate race in 2026?"",""event_title"":""Texas Senate Election Winner"",""endDate"":"""",""volume"":""0"",""source"":""events_slug_path"",""active"":false,""closed"":false},{""score"":0.5356,""id"":""630970"",""slug"":""will-person-f-win-the-texas-senate-race-in-2026"",""question"":""Will Person F win the Texas Senate race in 2026?"",""event_title"":""Texas Senate Election Winner"",""endDate"":"""",""volume"":""0"",""source"":""events_slug_path"",""active"":false,""closed"":false}]",Accepted candidate rank 1 with fuzzy_score=0.5721.
29,RSO-0029,6,Texas Senate Election Winner,Texas Senate Election Winner — James Talarico (D),Will the Democrats win the Texas Senate race in 2026?,Texas Senate Election Winner James Talarico (D),US,us_senate,us_statewide,texas_senate_2026,tracked,core_us,binary_complement_contract,2,James Talarico (D),will-the-democrats-win-the-texas-senate-race-in-2026,texas-senate-election-winner-james-talarico-d,texas-senate-election-winner,US Senate race-specific market; central to Senate-control decomposition.,needs_slug_clob_verification,needs_orderbook_check,appears_clear_from_paste,State Senate outcome row.,630963,57672,0x34918035a590555ba1fb1d6a019d766ab6e557d63e7f3140b63b4550eee7f417,"This market will resolve according to the winner of the 2026 midterm Texas U.S. Senate election, inclusive of any run-offs.

A candidate shall be considered to represent a party in the event that he or she is the nominee of the party in question. Candidates other than the Democratic or Republican nominee (e.g., Greens, Libertarian, independent) may be added at a later date.

Candidates who run as independents will not be encompassed by the “Democrat” or “Republican” options regardless of any affiliation they may have with the party.

The resolution source for this market is the Associated Press, Fox News, and NBC. This market will resolve once all three sources call the race for the same candidate. If all three sources haven’t called the race in this state for the same candidate, this market will resolve based on the official certification.",,,,true,false,,false,true,"[""Yes"",""No""]","[""15290572385458522370285732869432740297199321382471116558439914335588167718663"",""25172545206000541692667496253531562288536270988826888609620735617040533835056""]","{""Yes"":""15290572385458522370285732869432740297199321382471116558439914335588167718663"",""No"":""25172545206000541692667496253531562288536270988826888609620735617040533835056""}",15290572385458522370285732869432740297199321382471116558439914335588167718663,25172545206000541692667496253531562288536270988826888609620735617040533835056,237397.2869730001,44618.7887,https://polymarket.com/event/will-the-democrats-win-the-texas-senate-race-in-2026,VERIFIED_READY,2026-06-25T19:52:20+00:00,"[{""score"":0.5719,""id"":""561262"",""slug"":""will-james-talarico-win-the-2028-us-presidential-election"",""question"":""Will James Talarico win the 2028 US Presidential Election?"",""event_title"":""Presidential Election Winner 2028"",""endDate"":""2028-11-07T00:00:00Z"",""volume"":""5994882.610440039"",""source"":""/events?search"",""active"":true,""closed"":false},{""score"":0.5582,""id"":""630964"",""slug"":""will-the-republicans-win-the-texas-senate-race-in-2026"",""question"":""Will the Republicans win the Texas Senate race in 2026?"",""event_title"":""Texas Senate Election Winner"",""endDate"":"""",""volume"":""302597.4057009986"",""source"":""events_slug_path"",""active"":true,""closed"":false},{""score"":0.5561,""id"":""630963"",""slug"":""will-the-democrats-win-the-texas-senate-race-in-2026"",""question"":""Will the Democrats win the Texas Senate race in 2026?"",""event_title"":""Texas Senate Election Winner"",""endDate"":"""",""volume"":""237397.2869730001"",""source"":""events_slug_path"",""active"":true,""closed"":false},{""score"":0.5203,""id"":""630966"",""slug"":""will-person-b-win-the-texas-senate-race-in-2026"",""question"":""Will Person B win the Texas Senate race in 2026?"",""event_title"":""Texas Senate Election Winner"",""endDate"":"""",""volume"":""0"",""source"":""events_slug_path"",""active"":false,""closed"":false},{""score"":0.5203,""id"":""630968"",""slug"":""will-person-d-win-the-texas-senate-race-in-2026"",""question"":""Will Person D win the Texas Senate race in 2026?"",""event_title"":""Texas Senate Election Winner"",""endDate"":"""",""volume"":""0"",""source"":""events_slug_path"",""active"":false,""closed"":false}]",Accepted candidate rank 3 with fuzzy_score=0.5561.
30,RSO-0030,7,Alaska Senate Election Winner,Alaska Senate Election Winner — Mary Peltola,Will Mary Peltola win the Alaska Senate race in 2026?,Alaska Senate Election Winner Mary Peltola,US,us_senate,us_statewide,alaska_senate_2026,tracked,core_us,multi_outcome_contract,1,Mary Peltola,will-mary-peltola-win-the-alaska-senate-race-in-2026,alaska-senate-election-winner-mary-peltola,alaska-senate-election-winner,US Senate race-specific market; central to Senate-control decomposition.,needs_slug_clob_verification,needs_orderbook_check,appears_clear_from_paste,State Senate outcome row.,634976,59233,0x19d2ff72e389d190c183e6b114817301d29eba651d67d75a38ee201a05188fd9,"This market will resolve according to the winner of the 2026 midterm Alaska U.S. Senate election, inclusive of any run-offs, currently scheduled for November 3, 2026.

If the results of the election are not confirmed by July 31, 2027, this market will resolve to ""Other"".

The resolution source for this market is the Associated Press, Fox News, and NBC. This market will resolve once all three sources call the race for the same candidate. If all three sources haven’t called the race in this state for the same candidate, this market will resolve based on official certification.",,,2026-11-03T00:00:00Z,true,false,,false,true,"[""Yes"",""No""]","[""72139607190315861034411702195742538105117960260100800877125381826122747504258"",""38274379050640062523611849065721372699838119672720475300345842413156391540232""]","{""Yes"":""72139607190315861034411702195742538105117960260100800877125381826122747504258"",""No"":""38274379050640062523611849065721372699838119672720475300345842413156391540232""}",72139607190315861034411702195742538105117960260100800877125381826122747504258,38274379050640062523611849065721372699838119672720475300345842413156391540232,169276.6230240002,19707.0908,https://polymarket.com/event/will-mary-peltola-win-the-alaska-senate-race-in-2026,VERIFIED_READY,2026-06-25T19:52:29+00:00,"[{""score"":0.6395,""id"":""634976"",""slug"":""will-mary-peltola-win-the-alaska-senate-race-in-2026"",""question"":""Will Mary Peltola win the Alaska Senate race in 2026?"",""event_title"":""Alaska Senate Election Winner"",""endDate"":""2026-11-03T00:00:00Z"",""volume"":""169276.6230240002"",""source"":""events_slug_path"",""active"":true,""closed"":false},{""score"":0.5655,""id"":""634975"",""slug"":""will-ann-diener-win-the-alaska-senate-race-in-2026"",""question"":""Will Ann Diener win the Alaska Senate race in 2026?"",""event_title"":""Alaska Senate Election Winner"",""endDate"":""2026-11-03T00:00:00Z"",""volume"":""34205.89757799998"",""source"":""events_slug_path"",""active"":true,""closed"":false},{""score"":0.5646,""id"":""634974"",""slug"":""will-dan-sullivan-win-the-alaska-senate-race-in-2026"",""question"":""Will Dan Sullivan win the Alaska Senate race in 2026?"",""event_title"":""Alaska Senate Election Winner"",""endDate"":""2026-11-03T00:00:00Z"",""volume"":""95557.14264899994"",""source"":""events_slug_path"",""active"":true,""closed"":false},{""score"":0.5559,""id"":""634977"",""slug"":""will-dustin-darden-win-the-alaska-senate-race-in-2026"",""question"":""Will Dustin Darden win the Alaska Senate race in 2026?"",""event_title"":""Alaska Senate Election Winner"",""endDate"":""2026-11-03T00:00:00Z"",""volume"":""21931.347311999973"",""source"":""events_slug_path"",""active"":true,""closed"":false},{""score"":0.551,""id"":""634978"",""slug"":""will-richard-grayson-win-the-alaska-senate-race-in-2026"",""question"":""Will Richard Grayson win the Alaska Senate race in 2026?"",""event_title"":""Alaska Senate Election Winner"",""endDate"":""2026-11-03T00:00:00Z"",""volume"":""21549.327520999992"",""source"":""events_slug_path"",""active"":true,""closed"":false}]",Accepted candidate rank 1 with fuzzy_score=0.6395.
31,RSO-0031,7,Alaska Senate Election Winner,Alaska Senate Election Winner — Dan Sullivan,Will Dan Sullivan win the Alaska Senate race in 2026?,Alaska Senate Election Winner Dan Sullivan,US,us_senate,us_statewide,alaska_senate_2026,tracked,core_us,multi_outcome_contract,2,Dan Sullivan,will-dan-sullivan-win-the-alaska-senate-race-in-2026,alaska-senate-election-winner-dan-sullivan,alaska-senate-election-winner,US Senate race-specific market; central to Senate-control decomposition.,needs_slug_clob_verification,needs_orderbook_check,appears_clear_from_paste,State Senate outcome row.,634974,59233,0x741bb46008b72234857c5118c8365ab3c2f69dbf28b30b59de04f173b8a778de,"This market will resolve according to the winner of the 2026 midterm Alaska U.S. Senate election, inclusive of any run-offs, currently scheduled for November 3, 2026.

If the results of the election are not confirmed by July 31, 2027, this market will resolve to ""Other"".

The resolution source for this market is the Associated Press, Fox News, and NBC. This market will resolve once all three sources call the race for the same candidate. If all three sources haven’t called the race in this state for the same candidate, this market will resolve based on official certification.",,,2026-11-03T00:00:00Z,true,false,,false,true,"[""Yes"",""No""]","[""2618138322856109565904469085316346602627882727483900432328802655317079880335"",""64264976954058187238724333554507208255303776435657387002861226761784169752307""]","{""Yes"":""2618138322856109565904469085316346602627882727483900432328802655317079880335"",""No"":""64264976954058187238724333554507208255303776435657387002861226761784169752307""}",2618138322856109565904469085316346602627882727483900432328802655317079880335,64264976954058187238724333554507208255303776435657387002861226761784169752307,95557.14264899994,10377.6922,https://polymarket.com/event/will-dan-sullivan-win-the-alaska-senate-race-in-2026,VERIFIED_READY,2026-06-25T19:52:34+00:00,"[{""score"":0.6312,""id"":""634974"",""slug"":""will-dan-sullivan-win-the-alaska-senate-race-in-2026"",""question"":""Will Dan Sullivan win the Alaska Senate race in 2026?"",""event_title"":""Alaska Senate Election Winner"",""endDate"":""2026-11-03T00:00:00Z"",""volume"":""95557.14264899994"",""source"":""events_slug_path"",""active"":true,""closed"":false},{""score"":0.5729,""id"":""634976"",""slug"":""will-mary-peltola-win-the-alaska-senate-race-in-2026"",""question"":""Will Mary Peltola win the Alaska Senate race in 2026?"",""event_title"":""Alaska Senate Election Winner"",""endDate"":""2026-11-03T00:00:00Z"",""volume"":""169276.6230240002"",""source"":""events_slug_path"",""active"":true,""closed"":false},{""score"":0.5655,""id"":""634975"",""slug"":""will-ann-diener-win-the-alaska-senate-race-in-2026"",""question"":""Will Ann Diener win the Alaska Senate race in 2026?"",""event_title"":""Alaska Senate Election Winner"",""endDate"":""2026-11-03T00:00:00Z"",""volume"":""34205.89757799998"",""source"":""events_slug_path"",""active"":true,""closed"":false},{""score"":0.5559,""id"":""634977"",""slug"":""will-dustin-darden-win-the-alaska-senate-race-in-2026"",""question"":""Will Dustin Darden win the Alaska Senate race in 2026?"",""event_title"":""Alaska Senate Election Winner"",""endDate"":""2026-11-03T00:00:00Z"",""volume"":""21931.347311999973"",""source"":""events_slug_path"",""active"":true,""closed"":false},{""score"":0.551,""id"":""634978"",""slug"":""will-richard-grayson-win-the-alaska-senate-race-in-2026"",""question"":""Will Richard Grayson win the Alaska Senate race in 2026?"",""event_title"":""Alaska Senate Election Winner"",""endDate"":""2026-11-03T00:00:00Z"",""volume"":""21549.327520999992"",""source"":""events_slug_path"",""active"":true,""closed"":false}]",Accepted candidate rank 1 with fuzzy_score=0.6312.
32,RSO-0032,7,Alaska Senate Election Winner,Alaska Senate Election Winner — Dustin Darden,Will Dustin Darden win the Alaska Senate race in 2026?,Alaska Senate Election Winner Dustin Darden,US,us_senate,us_statewide,alaska_senate_2026,tracked,core_us,multi_outcome_contract,3,Dustin Darden,will-dustin-darden-win-the-alaska-senate-race-in-2026,alaska-senate-election-winner-dustin-darden,alaska-senate-election-winner,US Senate race-specific market; central to Senate-control decomposition.,needs_slug_clob_verification,needs_orderbook_check,appears_clear_from_paste,State Senate outcome row.,634977,59233,0xec751bd3e1cf4d22a1dee41ee85c7304bdb7b6ed6dccc807e88ef2603b4a6449,"This market will resolve according to the winner of the 2026 midterm Alaska U.S. Senate election, inclusive of any run-offs, currently scheduled for November 3, 2026.

If the results of the election are not confirmed by July 31, 2027, this market will resolve to ""Other"".

The resolution source for this market is the Associated Press, Fox News, and NBC. This market will resolve once all three sources call the race for the same candidate. If all three sources haven’t called the race in this state for the same candidate, this market will resolve based on official certification.",,,2026-11-03T00:00:00Z,true,false,,false,true,"[""Yes"",""No""]","[""29311755935786363205680204536643787054260832125056777867606384726291200747800"",""111132744939015293345579629653521058184443656082780857026315550111238286737914""]","{""Yes"":""29311755935786363205680204536643787054260832125056777867606384726291200747800"",""No"":""111132744939015293345579629653521058184443656082780857026315550111238286737914""}",29311755935786363205680204536643787054260832125056777867606384726291200747800,111132744939015293345579629653521058184443656082780857026315550111238286737914,21931.347311999973,23666.90916,https://polymarket.com/event/will-dustin-darden-win-the-alaska-senate-race-in-2026,VERIFIED_READY,2026-06-25T19:58:30+00:00,"[{""score"":0.6324,""id"":""634977"",""slug"":""will-dustin-darden-win-the-alaska-senate-race-in-2026"",""question"":""Will Dustin Darden win the Alaska Senate race in 2026?"",""event_title"":""Alaska Senate Election Winner"",""endDate"":""2026-11-03T00:00:00Z"",""volume"":""21931.347311999973"",""source"":""events_slug_path"",""active"":true,""closed"":false},{""score"":0.5828,""id"":""634976"",""slug"":""will-mary-peltola-win-the-alaska-senate-race-in-2026"",""question"":""Will Mary Peltola win the Alaska Senate race in 2026?"",""event_title"":""Alaska Senate Election Winner"",""endDate"":""2026-11-03T00:00:00Z"",""volume"":""169276.6230240002"",""source"":""events_slug_path"",""active"":true,""closed"":false},{""score"":0.5756,""id"":""634975"",""slug"":""will-ann-diener-win-the-alaska-senate-race-in-2026"",""question"":""Will Ann Diener win the Alaska Senate race in 2026?"",""event_title"":""Alaska Senate Election Winner"",""endDate"":""2026-11-03T00:00:00Z"",""volume"":""34205.89757799998"",""source"":""events_slug_path"",""active"":true,""closed"":false},{""score"":0.5745,""id"":""634974"",""slug"":""will-dan-sullivan-win-the-alaska-senate-race-in-2026"",""question"":""Will Dan Sullivan win the Alaska Senate race in 2026?"",""event_title"":""Alaska Senate Election Winner"",""endDate"":""2026-11-03T00:00:00Z"",""volume"":""95557.14264899994"",""source"":""events_slug_path"",""active"":true,""closed"":false},{""score"":0.5607,""id"":""634978"",""slug"":""will-richard-grayson-win-the-alaska-senate-race-in-2026"",""question"":""Will Richard Grayson win the Alaska Senate race in 2026?"",""event_title"":""Alaska Senate Election Winner"",""endDate"":""2026-11-03T00:00:00Z"",""volume"":""21549.327520999992"",""source"":""events_slug_path"",""active"":true,""closed"":false}]",Accepted candidate rank 1 with fuzzy_score=0.6324.
33,RSO-0033,7,Alaska Senate Election Winner,Alaska Senate Election Winner — Ann Diener,Will Ann Diener win the Alaska Senate race in 2026?,Alaska Senate Election Winner Ann Diener,US,us_senate,us_statewide,alaska_senate_2026,tracked,core_us,multi_outcome_contract,4,Ann Diener,will-ann-diener-win-the-alaska-senate-race-in-2026,alaska-senate-election-winner-ann-diener,alaska-senate-election-winner,US Senate race-specific market; central to Senate-control decomposition.,needs_slug_clob_verification,needs_orderbook_check,appears_clear_from_paste,State Senate outcome row.,634975,59233,0xa26ab383a1f115fa8d2b0fcbac29bcd6a9843ec8c1d160b0a122917230c3c96a,"This market will resolve according to the winner of the 2026 midterm Alaska U.S. Senate election, inclusive of any run-offs, currently scheduled for November 3, 2026.

If the results of the election are not confirmed by July 31, 2027, this market will resolve to ""Other"".

The resolution source for this market is the Associated Press, Fox News, and NBC. This market will resolve once all three sources call the race for the same candidate. If all three sources haven’t called the race in this state for the same candidate, this market will resolve based on official certification.",,,2026-11-03T00:00:00Z,true,false,,false,true,"[""Yes"",""No""]","[""20310786951537091150920478212676759242565921145568245906943451694162568762258"",""48713763040486181338331079866717596249762656714232229227842124521446386366432""]","{""Yes"":""20310786951537091150920478212676759242565921145568245906943451694162568762258"",""No"":""48713763040486181338331079866717596249762656714232229227842124521446386366432""}",20310786951537091150920478212676759242565921145568245906943451694162568762258,48713763040486181338331079866717596249762656714232229227842124521446386366432,34205.89757799998,26715.28635,https://polymarket.com/event/will-ann-diener-win-the-alaska-senate-race-in-2026,VERIFIED_READY,2026-06-25T19:58:45+00:00,"[{""score"":0.6402,""id"":""634975"",""slug"":""will-ann-diener-win-the-alaska-senate-race-in-2026"",""question"":""Will Ann Diener win the Alaska Senate race in 2026?"",""event_title"":""Alaska Senate Election Winner"",""endDate"":""2026-11-03T00:00:00Z"",""volume"":""34205.89757799998"",""source"":""events_slug_path"",""active"":true,""closed"":false},{""score"":0.5806,""id"":""634976"",""slug"":""will-mary-peltola-win-the-alaska-senate-race-in-2026"",""question"":""Will Mary Peltola win the Alaska Senate race in 2026?"",""event_title"":""Alaska Senate Election Winner"",""endDate"":""2026-11-03T00:00:00Z"",""volume"":""169276.6230240002"",""source"":""events_slug_path"",""active"":true,""closed"":false},{""score"":0.5722,""id"":""634974"",""slug"":""will-dan-sullivan-win-the-alaska-senate-race-in-2026"",""question"":""Will Dan Sullivan win the Alaska Senate race in 2026?"",""event_title"":""Alaska Senate Election Winner"",""endDate"":""2026-11-03T00:00:00Z"",""volume"":""95557.14264899994"",""source"":""events_slug_path"",""active"":true,""closed"":false},{""score"":0.5636,""id"":""634977"",""slug"":""will-dustin-darden-win-the-alaska-senate-race-in-2026"",""question"":""Will Dustin Darden win the Alaska Senate race in 2026?"",""event_title"":""Alaska Senate Election Winner"",""endDate"":""2026-11-03T00:00:00Z"",""volume"":""21931.347311999973"",""source"":""events_slug_path"",""active"":true,""closed"":false},{""score"":0.5584,""id"":""634978"",""slug"":""will-richard-grayson-win-the-alaska-senate-race-in-2026"",""question"":""Will Richard Grayson win the Alaska Senate race in 2026?"",""event_title"":""Alaska Senate Election Winner"",""endDate"":""2026-11-03T00:00:00Z"",""volume"":""21549.327520999992"",""source"":""events_slug_path"",""active"":true,""closed"":false}]",Accepted candidate rank 1 with fuzzy_score=0.6402.
34,RSO-0034,7,Alaska Senate Election Winner,Alaska Senate Election Winner — Richard Grayson,Will Richard Grayson win the Alaska Senate race in 2026?,Alaska Senate Election Winner Richard Grayson,US,us_senate,us_statewide,alaska_senate_2026,tracked,core_us,multi_outcome_contract,5,Richard Grayson,will-richard-grayson-win-the-alaska-senate-race-in-2026,alaska-senate-election-winner-richard-grayson,alaska-senate-election-winner,US Senate race-specific market; central to Senate-control decomposition.,needs_slug_clob_verification,needs_orderbook_check,appears_clear_from_paste,State Senate outcome row.,634978,59233,0x998ee2bd25cea8e07eaf1b1f1be82ba6c3ecfd74c28a87497786103d84fd06d8,"This market will resolve according to the winner of the 2026 midterm Alaska U.S. Senate election, inclusive of any run-offs, currently scheduled for November 3, 2026.

If the results of the election are not confirmed by July 31, 2027, this market will resolve to ""Other"".

The resolution source for this market is the Associated Press, Fox News, and NBC. This market will resolve once all three sources call the race for the same candidate. If all three sources haven’t called the race in this state for the same candidate, this market will resolve based on official certification.",,,2026-11-03T00:00:00Z,true,false,,false,true,"[""Yes"",""No""]","[""59588004575158257289531312065982350985369269880352045258164216668046489178917"",""11471799481163674496775067856640475180065538077790138430250870270740237488281""]","{""Yes"":""59588004575158257289531312065982350985369269880352045258164216668046489178917"",""No"":""11471799481163674496775067856640475180065538077790138430250870270740237488281""}",59588004575158257289531312065982350985369269880352045258164216668046489178917,11471799481163674496775067856640475180065538077790138430250870270740237488281,21549.327520999992,25776.04759,https://polymarket.com/event/will-richard-grayson-win-the-alaska-senate-race-in-2026,VERIFIED_READY,2026-06-25T19:58:50+00:00,"[{""score"":0.6071,""id"":""634978"",""slug"":""will-richard-grayson-win-the-alaska-senate-race-in-2026"",""question"":""Will Richard Grayson win the Alaska Senate race in 2026?"",""event_title"":""Alaska Senate Election Winner"",""endDate"":""2026-11-03T00:00:00Z"",""volume"":""21549.327520999992"",""source"":""events_slug_path"",""active"":true,""closed"":false},{""score"":0.5618,""id"":""634976"",""slug"":""will-mary-peltola-win-the-alaska-senate-race-in-2026"",""question"":""Will Mary Peltola win the Alaska Senate race in 2026?"",""event_title"":""Alaska Senate Election Winner"",""endDate"":""2026-11-03T00:00:00Z"",""volume"":""169276.6230240002"",""source"":""events_slug_path"",""active"":true,""closed"":false},{""score"":0.5541,""id"":""634975"",""slug"":""will-ann-diener-win-the-alaska-senate-race-in-2026"",""question"":""Will Ann Diener win the Alaska Senate race in 2026?"",""event_title"":""Alaska Senate Election Winner"",""endDate"":""2026-11-03T00:00:00Z"",""volume"":""34205.89757799998"",""source"":""events_slug_path"",""active"":true,""closed"":false},{""score"":0.5534,""id"":""634974"",""slug"":""will-dan-sullivan-win-the-alaska-senate-race-in-2026"",""question"":""Will Dan Sullivan win the Alaska Senate race in 2026?"",""event_title"":""Alaska Senate Election Winner"",""endDate"":""2026-11-03T00:00:00Z"",""volume"":""95557.14264899994"",""source"":""events_slug_path"",""active"":true,""closed"":false},{""score"":0.545,""id"":""634977"",""slug"":""will-dustin-darden-win-the-alaska-senate-race-in-2026"",""question"":""Will Dustin Darden win the Alaska Senate race in 2026?"",""event_title"":""Alaska Senate Election Winner"",""endDate"":""2026-11-03T00:00:00Z"",""volume"":""21931.347311999973"",""source"":""events_slug_path"",""active"":true,""closed"":false}]",Accepted candidate rank 1 with fuzzy_score=0.6071.
35,RSO-0035,8,Nebraska Senate Election Winner,Nebraska Senate Election Winner — Republican,Will the Republicans win the Nebraska Senate race in 2026?,Nebraska Senate Election Winner Republican,US,us_senate,us_statewide,nebraska_senate_2026,tracked,core_us,multi_outcome_contract,1,Republican,will-the-republicans-win-the-nebraska-senate-race-in-2026,nebraska-senate-election-winner-republican,nebraska-senate-election-winner,US Senate race-specific market; central to Senate-control decomposition.,needs_slug_clob_verification,needs_orderbook_check,appears_clear_from_paste,State Senate outcome row.,634892,59204,0x71e9f5312aac62bdc9b87fa8d171fa929eca6243d815298c4c7d61303f7d53dd,"This market will resolve according to the winner of the 2026 midterm Nebraska U.S. Senate election, inclusive of any run-offs.

A candidate shall be considered to represent a party in the event that he or she is the nominee of the party in question. Candidates other than the Democratic or Republican nominee (e.g., Greens, Libertarian, independent) may be added at a later date.

Candidates who run as independents will not be encompassed by the “Democrat” or “Republican” options regardless of any affiliation they may have with the party.

The resolution source for this market is the Associated Press, Fox News, and NBC. This market will resolve once all three sources call the race for the same candidate. If all three sources haven’t called the race in this state for the same candidate, this market will resolve based on the official certification.",,,2026-11-03T00:00:00Z,true,false,,false,true,"[""Yes"",""No""]","[""92576281548134350814800877416860562553699794074017301653635964206220838638047"",""20545755397554366279105844241414821565747450256261992143596340747510834590543""]","{""Yes"":""92576281548134350814800877416860562553699794074017301653635964206220838638047"",""No"":""20545755397554366279105844241414821565747450256261992143596340747510834590543""}",92576281548134350814800877416860562553699794074017301653635964206220838638047,20545755397554366279105844241414821565747450256261992143596340747510834590543,54887.20501600041,11684.2595,https://polymarket.com/event/will-the-republicans-win-the-nebraska-senate-race-in-2026,VERIFIED_READY,2026-06-25T19:58:59+00:00,"[{""score"":0.6138,""id"":""634891"",""slug"":""will-the-democrats-win-the-nebraska-senate-race-in-2026"",""question"":""Will the Democrats win the Nebraska Senate race in 2026?"",""event_title"":""Nebraska Senate Election Winner  "",""endDate"":""2026-11-03T00:00:00Z"",""volume"":""78076.397688"",""source"":""events_slug_path"",""active"":true,""closed"":false},{""score"":0.6042,""id"":""634892"",""slug"":""will-the-republicans-win-the-nebraska-senate-race-in-2026"",""question"":""Will the Republicans win the Nebraska Senate race in 2026?"",""event_title"":""Nebraska Senate Election Winner  "",""endDate"":""2026-11-03T00:00:00Z"",""volume"":""54887.20501600041"",""source"":""events_slug_path"",""active"":true,""closed"":false},{""score"":0.6027,""id"":""634893"",""slug"":""will-an-independent-win-the-nebraska-senate-race-in-2026"",""question"":""Will an independent win the Nebraska Senate race in 2026?"",""event_title"":""Nebraska Senate Election Winner  "",""endDate"":""2026-11-03T00:00:00Z"",""volume"":""10456.072055000002"",""source"":""events_slug_path"",""active"":true,""closed"":false},{""score"":0.5975,""id"":""634895"",""slug"":""will-person-c-win-the-nebraska-senate-race-in-2026"",""question"":""Will Person C win the Nebraska Senate race in 2026?"",""event_title"":""Nebraska Senate Election Winner  "",""endDate"":""2026-11-03T00:00:00Z"",""volume"":""0"",""source"":""events_slug_path"",""active"":false,""closed"":false},{""score"":0.5975,""id"":""634897"",""slug"":""will-person-e-win-the-nebraska-senate-race-in-2026"",""question"":""Will Person E win the Nebraska Senate race in 2026?"",""event_title"":""Nebraska Senate Election Winner  "",""endDate"":""2026-11-03T00:00:00Z"",""volume"":""0"",""source"":""events_slug_path"",""active"":false,""closed"":false}]",Accepted candidate rank 2 with fuzzy_score=0.6042.
36,RSO-0036,8,Nebraska Senate Election Winner,Nebraska Senate Election Winner — Independent,Will an independent win the Nebraska Senate race in 2026?,Nebraska Senate Election Winner Independent,US,us_senate,us_statewide,nebraska_senate_2026,tracked,core_us,multi_outcome_contract,2,Independent,will-an-independent-win-the-nebraska-senate-race-in-2026,nebraska-senate-election-winner-independent,nebraska-senate-election-winner,US Senate race-specific market; central to Senate-control decomposition.,needs_slug_clob_verification,needs_orderbook_check,appears_clear_from_paste,State Senate outcome row.,634893,59204,0x5554740293afa7aafd5fed10fd2de43a898e2884c1f98bd65185e703f371b9db,"This market will resolve according to the winner of the 2026 midterm Nebraska U.S. Senate election, inclusive of any run-offs.

A candidate shall be considered to represent a party in the event that he or she is the nominee of the party in question. Candidates other than the Democratic or Republican nominee (e.g., Greens, Libertarian, independent) may be added at a later date.

Candidates who run as independents will not be encompassed by the “Democrat” or “Republican” options regardless of any affiliation they may have with the party.

The resolution source for this market is the Associated Press, Fox News, and NBC. This market will resolve once all three sources call the race for the same candidate. If all three sources haven’t called the race in this state for the same candidate, this market will resolve based on the official certification.",,,2026-11-03T00:00:00Z,true,false,,false,true,"[""Yes"",""No""]","[""47975366268282823322598946778919483335780002591367838795894307024076579116518"",""89524111316754281233016446935787527194216234343076592935555965327756401377156""]","{""Yes"":""47975366268282823322598946778919483335780002591367838795894307024076579116518"",""No"":""89524111316754281233016446935787527194216234343076592935555965327756401377156""}",47975366268282823322598946778919483335780002591367838795894307024076579116518,89524111316754281233016446935787527194216234343076592935555965327756401377156,10456.072055000002,13825.0654,https://polymarket.com/event/will-an-independent-win-the-nebraska-senate-race-in-2026,VERIFIED_READY,2026-06-25T19:59:04+00:00,"[{""score"":0.6388,""id"":""634893"",""slug"":""will-an-independent-win-the-nebraska-senate-race-in-2026"",""question"":""Will an independent win the Nebraska Senate race in 2026?"",""event_title"":""Nebraska Senate Election Winner  "",""endDate"":""2026-11-03T00:00:00Z"",""volume"":""10456.072055000002"",""source"":""events_slug_path"",""active"":true,""closed"":false},{""score"":0.6099,""id"":""634891"",""slug"":""will-the-democrats-win-the-nebraska-senate-race-in-2026"",""question"":""Will the Democrats win the Nebraska Senate race in 2026?"",""event_title"":""Nebraska Senate Election Winner  "",""endDate"":""2026-11-03T00:00:00Z"",""volume"":""78076.397688"",""source"":""events_slug_path"",""active"":true,""closed"":false},{""score"":0.6004,""id"":""634892"",""slug"":""will-the-republicans-win-the-nebraska-senate-race-in-2026"",""question"":""Will the Republicans win the Nebraska Senate race in 2026?"",""event_title"":""Nebraska Senate Election Winner  "",""endDate"":""2026-11-03T00:00:00Z"",""volume"":""54887.20501600041"",""source"":""events_slug_path"",""active"":true,""closed"":false},{""score"":0.5934,""id"":""634895"",""slug"":""will-person-c-win-the-nebraska-senate-race-in-2026"",""question"":""Will Person C win the Nebraska Senate race in 2026?"",""event_title"":""Nebraska Senate Election Winner  "",""endDate"":""2026-11-03T00:00:00Z"",""volume"":""0"",""source"":""events_slug_path"",""active"":false,""closed"":false},{""score"":0.5934,""id"":""634897"",""slug"":""will-person-e-win-the-nebraska-senate-race-in-2026"",""question"":""Will Person E win the Nebraska Senate race in 2026?"",""event_title"":""Nebraska Senate Election Winner  "",""endDate"":""2026-11-03T00:00:00Z"",""volume"":""0"",""source"":""events_slug_path"",""active"":false,""closed"":false}]",Accepted candidate rank 1 with fuzzy_score=0.6388.
37,RSO-0037,8,Nebraska Senate Election Winner,Nebraska Senate Election Winner — Democrat,Will the Democrats win the Nebraska Senate race in 2026?,Nebraska Senate Election Winner Democrat,US,us_senate,us_statewide,nebraska_senate_2026,tracked,core_us,multi_outcome_contract,3,Democrat,will-the-democrats-win-the-nebraska-senate-race-in-2026,nebraska-senate-election-winner-democrat,nebraska-senate-election-winner,US Senate race-specific market; central to Senate-control decomposition.,needs_slug_clob_verification,needs_orderbook_check,appears_clear_from_paste,State Senate outcome row.,634891,59204,0x12ac475399b12fd74917ccf0e29ce338eb4fc76c066cc8b56d01d2f9a2b17597,"This market will resolve according to the winner of the 2026 midterm Nebraska U.S. Senate election, inclusive of any run-offs.

A candidate shall be considered to represent a party in the event that he or she is the nominee of the party in question. Candidates other than the Democratic or Republican nominee (e.g., Greens, Libertarian, independent) may be added at a later date.

Candidates who run as independents will not be encompassed by the “Democrat” or “Republican” options regardless of any affiliation they may have with the party.

The resolution source for this market is the Associated Press, Fox News, and NBC. This market will resolve once all three sources call the race for the same candidate. If all three sources haven’t called the race in this state for the same candidate, this market will resolve based on the official certification.",,,2026-11-03T00:00:00Z,true,false,,false,true,"[""Yes"",""No""]","[""55269299240433422758148290868724152324629587438760275683104577693660207425448"",""81262665299593332402996254810488669553080330014117799642811352427402737700753""]","{""Yes"":""55269299240433422758148290868724152324629587438760275683104577693660207425448"",""No"":""81262665299593332402996254810488669553080330014117799642811352427402737700753""}",55269299240433422758148290868724152324629587438760275683104577693660207425448,81262665299593332402996254810488669553080330014117799642811352427402737700753,78076.397688,30350.22264,https://polymarket.com/event/will-the-democrats-win-the-nebraska-senate-race-in-2026,VERIFIED_READY,2026-06-25T19:59:10+00:00,"[{""score"":0.6219,""id"":""634891"",""slug"":""will-the-democrats-win-the-nebraska-senate-race-in-2026"",""question"":""Will the Democrats win the Nebraska Senate race in 2026?"",""event_title"":""Nebraska Senate Election Winner  "",""endDate"":""2026-11-03T00:00:00Z"",""volume"":""78076.397688"",""source"":""events_slug_path"",""active"":true,""closed"":false},{""score"":0.612,""id"":""634892"",""slug"":""will-the-republicans-win-the-nebraska-senate-race-in-2026"",""question"":""Will the Republicans win the Nebraska Senate race in 2026?"",""event_title"":""Nebraska Senate Election Winner  "",""endDate"":""2026-11-03T00:00:00Z"",""volume"":""54887.20501600041"",""source"":""events_slug_path"",""active"":true,""closed"":false},{""score"":0.6106,""id"":""634893"",""slug"":""will-an-independent-win-the-nebraska-senate-race-in-2026"",""question"":""Will an independent win the Nebraska Senate race in 2026?"",""event_title"":""Nebraska Senate Election Winner  "",""endDate"":""2026-11-03T00:00:00Z"",""volume"":""10456.072055000002"",""source"":""events_slug_path"",""active"":true,""closed"":false},{""score"":0.6062,""id"":""634895"",""slug"":""will-person-c-win-the-nebraska-senate-race-in-2026"",""question"":""Will Person C win the Nebraska Senate race in 2026?"",""event_title"":""Nebraska Senate Election Winner  "",""endDate"":""2026-11-03T00:00:00Z"",""volume"":""0"",""source"":""events_slug_path"",""active"":false,""closed"":false},{""score"":0.6062,""id"":""634897"",""slug"":""will-person-e-win-the-nebraska-senate-race-in-2026"",""question"":""Will Person E win the Nebraska Senate race in 2026?"",""event_title"":""Nebraska Senate Election Winner  "",""endDate"":""2026-11-03T00:00:00Z"",""volume"":""0"",""source"":""events_slug_path"",""active"":false,""closed"":false}]",Accepted candidate rank 1 with fuzzy_score=0.6219.
38,RSO-0038,9,Michigan Senate Election Winner,Michigan Senate Election Winner — Democrat,Will the Democrats win the Michigan Senate race in 2026?,Michigan Senate Election Winner Democrat,US,us_senate,us_statewide,michigan_senate_2026,tracked,core_us,binary_complement_contract,1,Democrat,will-the-democrats-win-the-michigan-senate-race-in-2026,michigan-senate-election-winner-democrat,michigan-senate-election-winner,US Senate race-specific market; central to Senate-control decomposition.,needs_slug_clob_verification,needs_orderbook_check,appears_clear_from_paste,State Senate outcome row.,630805,57658,0xbfeb6d4cf3eab6071e204219b0647c8224d63a12778df467311b5f2a4b3a5bd4,"This market will resolve according to the winner of the 2026 midterm Michigan U.S. Senate election, inclusive of any run-offs.

A candidate shall be considered to represent a party in the event that he or she is the nominee of the party in question. Candidates other than the Democratic or Republican nominee (e.g., Greens, Libertarian, independent) may be added at a later date.

Candidates who run as independents will not be encompassed by the “Democrat” or “Republican” options regardless of any affiliation they may have with the party.

The resolution source for this market is the Associated Press, Fox News, and NBC. This market will resolve once all three sources call the race for the same candidate. If all three sources haven’t called the race in this state for the same candidate, this market will resolve based on the official certification.",,,,true,false,,false,true,"[""Yes"",""No""]","[""71772627544132140586824126381855151743830987860593343955509593715269534710061"",""64025664961497419708095468282573682984741903075312816516046832361290996190088""]","{""Yes"":""71772627544132140586824126381855151743830987860593343955509593715269534710061"",""No"":""64025664961497419708095468282573682984741903075312816516046832361290996190088""}",71772627544132140586824126381855151743830987860593343955509593715269534710061,64025664961497419708095468282573682984741903075312816516046832361290996190088,83753.38247100009,8365.3341,https://polymarket.com/event/will-the-democrats-win-the-michigan-senate-race-in-2026,VERIFIED_READY,2026-06-25T20:00:37+00:00,"[{""score"":0.6202,""id"":""630805"",""slug"":""will-the-democrats-win-the-michigan-senate-race-in-2026"",""question"":""Will the Democrats win the Michigan Senate race in 2026?"",""event_title"":""Michigan Senate Election Winner"",""endDate"":"""",""volume"":""83753.38247100009"",""source"":""events_slug_path"",""active"":true,""closed"":false},{""score"":0.6097,""id"":""630806"",""slug"":""will-the-republicans-win-the-michigan-senate-race-in-2026"",""question"":""Will the Republicans win the Michigan Senate race in 2026?"",""event_title"":""Michigan Senate Election Winner"",""endDate"":"""",""volume"":""34386.76773300002"",""source"":""events_slug_path"",""active"":true,""closed"":false},{""score"":0.6062,""id"":""630808"",""slug"":""will-person-b-win-the-michigan-senate-race-in-2026"",""question"":""Will Person B win the Michigan Senate race in 2026?"",""event_title"":""Michigan Senate Election Winner"",""endDate"":"""",""volume"":""0"",""source"":""events_slug_path"",""active"":false,""closed"":false},{""score"":0.6062,""id"":""630810"",""slug"":""will-person-d-win-the-michigan-senate-race-in-2026"",""question"":""Will Person D win the Michigan Senate race in 2026?"",""event_title"":""Michigan Senate Election Winner"",""endDate"":"""",""volume"":""0"",""source"":""events_slug_path"",""active"":false,""closed"":false},{""score"":0.6062,""id"":""630812"",""slug"":""will-person-f-win-the-michigan-senate-race-in-2026"",""question"":""Will Person F win the Michigan Senate race in 2026?"",""event_title"":""Michigan Senate Election Winner"",""endDate"":"""",""volume"":""0"",""source"":""events_slug_path"",""active"":false,""closed"":false}]",Accepted candidate rank 1 with fuzzy_score=0.6202.
39,RSO-0039,9,Michigan Senate Election Winner,Michigan Senate Election Winner — Republican,Will the Republicans win the Michigan Senate race in 2026?,Michigan Senate Election Winner Republican,US,us_senate,us_statewide,michigan_senate_2026,tracked,core_us,binary_complement_contract,2,Republican,will-the-republicans-win-the-michigan-senate-race-in-2026,michigan-senate-election-winner-republican,michigan-senate-election-winner,US Senate race-specific market; central to Senate-control decomposition.,needs_slug_clob_verification,needs_orderbook_check,appears_clear_from_paste,State Senate outcome row.,630806,57658,0x3fd189cac9280dfc49a07115581e8d4c9e0b7e1c1e8580a44e9ff3d74e39cf2d,"This market will resolve according to the winner of the 2026 midterm Michigan U.S. Senate election, inclusive of any run-offs.

A candidate shall be considered to represent a party in the event that he or she is the nominee of the party in question. Candidates other than the Democratic or Republican nominee (e.g., Greens, Libertarian, independent) may be added at a later date.

Candidates who run as independents will not be encompassed by the “Democrat” or “Republican” options regardless of any affiliation they may have with the party.

The resolution source for this market is the Associated Press, Fox News, and NBC. This market will resolve once all three sources call the race for the same candidate. If all three sources haven’t called the race in this state for the same candidate, this market will resolve based on the official certification.",,,,true,false,,false,true,"[""Yes"",""No""]","[""1046980875306043125128331871114794349002409233139736033870402475326170083426"",""71610581811588451243087930916572592402913705975252472987256607890992191263885""]","{""Yes"":""1046980875306043125128331871114794349002409233139736033870402475326170083426"",""No"":""71610581811588451243087930916572592402913705975252472987256607890992191263885""}",1046980875306043125128331871114794349002409233139736033870402475326170083426,71610581811588451243087930916572592402913705975252472987256607890992191263885,34386.76773300002,9039.8942,https://polymarket.com/event/will-the-republicans-win-the-michigan-senate-race-in-2026,VERIFIED_READY,2026-06-25T20:00:46+00:00,"[{""score"":0.6122,""id"":""630805"",""slug"":""will-the-democrats-win-the-michigan-senate-race-in-2026"",""question"":""Will the Democrats win the Michigan Senate race in 2026?"",""event_title"":""Michigan Senate Election Winner"",""endDate"":"""",""volume"":""83753.38247100009"",""source"":""events_slug_path"",""active"":true,""closed"":false},{""score"":0.6019,""id"":""630806"",""slug"":""will-the-republicans-win-the-michigan-senate-race-in-2026"",""question"":""Will the Republicans win the Michigan Senate race in 2026?"",""event_title"":""Michigan Senate Election Winner"",""endDate"":"""",""volume"":""34386.76773300002"",""source"":""events_slug_path"",""active"":true,""closed"":false},{""score"":0.5975,""id"":""630808"",""slug"":""will-person-b-win-the-michigan-senate-race-in-2026"",""question"":""Will Person B win the Michigan Senate race in 2026?"",""event_title"":""Michigan Senate Election Winner"",""endDate"":"""",""volume"":""0"",""source"":""events_slug_path"",""active"":false,""closed"":false},{""score"":0.5975,""id"":""630810"",""slug"":""will-person-d-win-the-michigan-senate-race-in-2026"",""question"":""Will Person D win the Michigan Senate race in 2026?"",""event_title"":""Michigan Senate Election Winner"",""endDate"":"""",""volume"":""0"",""source"":""events_slug_path"",""active"":false,""closed"":false},{""score"":0.5975,""id"":""630812"",""slug"":""will-person-f-win-the-michigan-senate-race-in-2026"",""question"":""Will Person F win the Michigan Senate race in 2026?"",""event_title"":""Michigan Senate Election Winner"",""endDate"":"""",""volume"":""0"",""source"":""events_slug_path"",""active"":false,""closed"":false}]",Accepted candidate rank 2 with fuzzy_score=0.6019.
40,RSO-0040,10,Ohio Senate Election Winner,Ohio Senate Election Winner — Sherrod Brown (D),Will the Democrats win the Ohio Senate race in 2026?,Ohio Senate Election Winner Sherrod Brown (D),US,us_senate,us_statewide,ohio_senate_2026,tracked,core_us,binary_complement_contract,1,Sherrod Brown (D),will-the-democrats-win-the-ohio-senate-race-in-2026,ohio-senate-election-winner-sherrod-brown-d,ohio-senate-election-winner,US Senate race-specific market; central to Senate-control decomposition.,needs_slug_clob_verification,needs_orderbook_check,appears_clear_from_paste,State Senate outcome row.,631057,57682,0x968a1a79e001d49fa3ee1429e3b95eb01797587740f86d4e6becf3ab1b275bfb,"This market will resolve according to the winner of the 2026 Ohio U.S. Senate special election currently scheduled for November 3, inclusive of any run-offs.

A candidate shall be considered to represent a party in the event that he or she is the nominee of the party in question. Candidates other than the Democratic or Republican nominee (e.g., Greens, Libertarian, independent) may be added at a later date.

Candidates who run as independents will not be encompassed by the “Democrat” or “Republican” options regardless of any affiliation they may have with the party.

The resolution source for this market is the Associated Press, Fox News, and NBC. This market will resolve once all three sources call the race for the same candidate. If all three sources haven’t called the race in this state for the same candidate, this market will resolve based on the official certification.",,,,true,false,,false,true,"[""Yes"",""No""]","[""83018072688154066292491996133599479395547801317505487833443670253228061205312"",""79825167762459488478206414509755176562349257846652439268369145558426777722770""]","{""Yes"":""83018072688154066292491996133599479395547801317505487833443670253228061205312"",""No"":""79825167762459488478206414509755176562349257846652439268369145558426777722770""}",83018072688154066292491996133599479395547801317505487833443670253228061205312,79825167762459488478206414509755176562349257846652439268369145558426777722770,54414.61162699986,22665.0731,https://polymarket.com/event/will-the-democrats-win-the-ohio-senate-race-in-2026,VERIFIED_READY,2026-06-25T20:00:57+00:00,"[{""score"":0.543,""id"":""610381"",""slug"":""ukraine-election-held-by-june-30-2026-465-757"",""question"":""Ukraine election held by June 30, 2026?"",""event_title"":""Ukraine election held by...?"",""endDate"":""2025-12-31T12:00:00Z"",""volume"":""670797.1260719997"",""source"":""/events?search"",""active"":true,""closed"":false},{""score"":0.5295,""id"":""631057"",""slug"":""will-the-democrats-win-the-ohio-senate-race-in-2026"",""question"":""Will the Democrats win the Ohio Senate race in 2026?"",""event_title"":""Ohio Senate Election Winner"",""endDate"":"""",""volume"":""54414.61162699986"",""source"":""events_slug_path"",""active"":true,""closed"":false},{""score"":0.5233,""id"":""631058"",""slug"":""will-the-republicans-win-the-ohio-senate-race-in-2026"",""question"":""Will the Republicans win the Ohio Senate race in 2026?"",""event_title"":""Ohio Senate Election Winner"",""endDate"":"""",""volume"":""37997.243318999965"",""source"":""events_slug_path"",""active"":true,""closed"":false},{""score"":0.5149,""id"":""517548"",""slug"":""will-the-next-uk-election-be-called-by-march-31"",""question"":""Will the next UK election be called by March 31?"",""event_title"":""UK election called by...?"",""endDate"":""2025-03-31T12:00:00Z"",""volume"":""577431.026465"",""source"":""/events?search"",""active"":true,""closed"":true},{""score"":0.5142,""id"":""631059"",""slug"":""will-person-a-win-the-ohio-senate-race-in-2026"",""question"":""Will Person A win the Ohio Senate race in 2026?"",""event_title"":""Ohio Senate Election Winner"",""endDate"":"""",""volume"":""0"",""source"":""events_slug_path"",""active"":false,""closed"":false}]",Accepted candidate rank 2 with fuzzy_score=0.5295.
41,RSO-0041,10,Ohio Senate Election Winner,Ohio Senate Election Winner — Jon Husted (R),Will the Republicans win the Ohio Senate race in 2026?,Ohio Senate Election Winner Jon Husted (R),US,us_senate,us_statewide,ohio_senate_2026,tracked,core_us,binary_complement_contract,2,Jon Husted (R),will-the-republicans-win-the-ohio-senate-race-in-2026,ohio-senate-election-winner-jon-husted-r,ohio-senate-election-winner,US Senate race-specific market; central to Senate-control decomposition.,needs_slug_clob_verification,needs_orderbook_check,appears_clear_from_paste,State Senate outcome row.,631058,57682,0x771873c365f87bffd990644e4b688aebc1be7f18396d2eab64b996ff66e88669,"This market will resolve according to the winner of the 2026 Ohio U.S. Senate special election currently scheduled for November 3, inclusive of any run-offs.

A candidate shall be considered to represent a party in the event that he or she is the nominee of the party in question. Candidates other than the Democratic or Republican nominee (e.g., Greens, Libertarian, independent) may be added at a later date.

Candidates who run as independents will not be encompassed by the “Democrat” or “Republican” options regardless of any affiliation they may have with the party.

The resolution source for this market is the Associated Press, Fox News, and NBC. This market will resolve once all three sources call the race for the same candidate. If all three sources haven’t called the race in this state for the same candidate, this market will resolve based on the official certification.",,,,true,false,,false,true,"[""Yes"",""No""]","[""69908185249078099348466099388148864764525845923415294308139153388799352317616"",""23913381536137166406579511315285934624565002001604591688105636176511254870797""]","{""Yes"":""69908185249078099348466099388148864764525845923415294308139153388799352317616"",""No"":""23913381536137166406579511315285934624565002001604591688105636176511254870797""}",69908185249078099348466099388148864764525845923415294308139153388799352317616,23913381536137166406579511315285934624565002001604591688105636176511254870797,37997.243318999965,23114.7832,https://polymarket.com/event/will-the-republicans-win-the-ohio-senate-race-in-2026,VERIFIED_READY,2026-06-25T20:01:07+00:00,"[{""score"":0.5402,""id"":""631057"",""slug"":""will-the-democrats-win-the-ohio-senate-race-in-2026"",""question"":""Will the Democrats win the Ohio Senate race in 2026?"",""event_title"":""Ohio Senate Election Winner"",""endDate"":"""",""volume"":""54414.61162699986"",""source"":""events_slug_path"",""active"":true,""closed"":false},{""score"":0.5337,""id"":""631058"",""slug"":""will-the-republicans-win-the-ohio-senate-race-in-2026"",""question"":""Will the Republicans win the Ohio Senate race in 2026?"",""event_title"":""Ohio Senate Election Winner"",""endDate"":"""",""volume"":""37997.243318999965"",""source"":""events_slug_path"",""active"":true,""closed"":false},{""score"":0.5258,""id"":""631059"",""slug"":""will-person-a-win-the-ohio-senate-race-in-2026"",""question"":""Will Person A win the Ohio Senate race in 2026?"",""event_title"":""Ohio Senate Election Winner"",""endDate"":"""",""volume"":""0"",""source"":""events_slug_path"",""active"":false,""closed"":false},{""score"":0.5258,""id"":""631061"",""slug"":""will-person-c-win-the-ohio-senate-race-in-2026"",""question"":""Will Person C win the Ohio Senate race in 2026?"",""event_title"":""Ohio Senate Election Winner"",""endDate"":"""",""volume"":""0"",""source"":""events_slug_path"",""active"":false,""closed"":false},{""score"":0.5258,""id"":""631063"",""slug"":""will-person-e-win-the-ohio-senate-race-in-2026"",""question"":""Will Person E win the Ohio Senate race in 2026?"",""event_title"":""Ohio Senate Election Winner"",""endDate"":"""",""volume"":""0"",""source"":""events_slug_path"",""active"":false,""closed"":false}]",Accepted candidate rank 2 with fuzzy_score=0.5337.
42,RSO-0042,11,North Carolina Senate Election Winner,North Carolina Senate Election Winner — Roy Cooper (D),Will the Democrats win the North Carolina Senate race in 2026?,North Carolina Senate Election Winner Roy Cooper (D),US,us_senate,us_statewide,north_carolina_senate_2026,tracked,core_us,binary_complement_contract,1,Roy Cooper (D),will-the-democrats-win-the-north-carolina-senate-race-in-2026,north-carolina-senate-election-winner-roy-cooper-d,north-carolina-senate-election-winner,US Senate race-specific market; central to Senate-control decomposition.,needs_slug_clob_verification,needs_orderbook_check,appears_clear_from_paste,State Senate outcome row.,630883,57664,0x129dbcb7d39ff8df5f0d7685a2db6400b5db37d3963914486fbb7fd2bc96a923,"This market will resolve according to the winner of the 2026 midterm North Carolina U.S. Senate election, inclusive of any run-offs.

A candidate shall be considered to represent a party in the event that he or she is the nominee of the party in question. Candidates other than the Democratic or Republican nominee (e.g., Greens, Libertarian, independent) may be added at a later date.

Candidates who run as independents will not be encompassed by the “Democrat” or “Republican” options regardless of any affiliation they may have with the party.

The resolution source for this market is the Associated Press, Fox News, and NBC. This market will resolve once all three sources call the race for the same candidate. If all three sources haven’t called the race in this state for the same candidate, this market will resolve based on the official certification.",,,,true,false,,false,true,"[""Yes"",""No""]","[""107151098936186723859677628536733880558851060002514795735761427447010628440047"",""111394826590193310622075208085123253955586587501538476190057516703346418362600""]","{""Yes"":""107151098936186723859677628536733880558851060002514795735761427447010628440047"",""No"":""111394826590193310622075208085123253955586587501538476190057516703346418362600""}",107151098936186723859677628536733880558851060002514795735761427447010628440047,111394826590193310622075208085123253955586587501538476190057516703346418362600,29356.945144999987,14257.6772,https://polymarket.com/event/will-the-democrats-win-the-north-carolina-senate-race-in-2026,VERIFIED_READY,2026-06-25T20:01:51+00:00,"[{""score"":0.6268,""id"":""630883"",""slug"":""will-the-democrats-win-the-north-carolina-senate-race-in-2026"",""question"":""Will the Democrats win the North Carolina Senate race in 2026?"",""event_title"":""North Carolina Senate Election Winner"",""endDate"":"""",""volume"":""29356.945144999987"",""source"":""events_slug_path"",""active"":true,""closed"":false},{""score"":0.6232,""id"":""630884"",""slug"":""will-the-republicans-win-the-north-carolina-senate-race-in-2026"",""question"":""Will the Republicans win the North Carolina Senate race in 2026?"",""event_title"":""North Carolina Senate Election Winner"",""endDate"":"""",""volume"":""42053.417130000045"",""source"":""events_slug_path"",""active"":true,""closed"":false},{""score"":0.6168,""id"":""630885"",""slug"":""will-person-a-win-the-north-carolina-senate-race-in-2026"",""question"":""Will Person A win the North Carolina Senate race in 2026?"",""event_title"":""North Carolina Senate Election Winner"",""endDate"":"""",""volume"":""0"",""source"":""events_slug_path"",""active"":false,""closed"":false},{""score"":0.6168,""id"":""630887"",""slug"":""will-person-c-win-the-north-carolina-senate-race-in-2026"",""question"":""Will Person C win the North Carolina Senate race in 2026?"",""event_title"":""North Carolina Senate Election Winner"",""endDate"":"""",""volume"":""0"",""source"":""events_slug_path"",""active"":false,""closed"":false},{""score"":0.6168,""id"":""630889"",""slug"":""will-person-e-win-the-north-carolina-senate-race-in-2026"",""question"":""Will Person E win the North Carolina Senate race in 2026?"",""event_title"":""North Carolina Senate Election Winner"",""endDate"":"""",""volume"":""0"",""source"":""events_slug_path"",""active"":false,""closed"":false}]",Accepted candidate rank 1 with fuzzy_score=0.6268.
43,RSO-0043,11,North Carolina Senate Election Winner,North Carolina Senate Election Winner — Michael Whatley (R),Will the Republicans win the North Carolina Senate race in 2026?,North Carolina Senate Election Winner Michael Whatley (R),US,us_senate,us_statewide,north_carolina_senate_2026,tracked,core_us,binary_complement_contract,2,Michael Whatley (R),will-the-republicans-win-the-north-carolina-senate-race-in-2026,north-carolina-senate-election-winner-michael-whatley-r,north-carolina-senate-election-winner,US Senate race-specific market; central to Senate-control decomposition.,needs_slug_clob_verification,needs_orderbook_check,appears_clear_from_paste,State Senate outcome row.,630884,57664,0xd59f25520a8c0ea44a9c9741a97c8c3d769e21f1479b9a14e1a9d475e91f522a,"This market will resolve according to the winner of the 2026 midterm North Carolina U.S. Senate election, inclusive of any run-offs.

A candidate shall be considered to represent a party in the event that he or she is the nominee of the party in question. Candidates other than the Democratic or Republican nominee (e.g., Greens, Libertarian, independent) may be added at a later date.

Candidates who run as independents will not be encompassed by the “Democrat” or “Republican” options regardless of any affiliation they may have with the party.

The resolution source for this market is the Associated Press, Fox News, and NBC. This market will resolve once all three sources call the race for the same candidate. If all three sources haven’t called the race in this state for the same candidate, this market will resolve based on the official certification.",,,,true,false,,false,true,"[""Yes"",""No""]","[""62831517509825405761763142539845746280269675872170259538293560849475982647892"",""66273785459475184474276423059036741814958495126134511275805524603240865775761""]","{""Yes"":""62831517509825405761763142539845746280269675872170259538293560849475982647892"",""No"":""66273785459475184474276423059036741814958495126134511275805524603240865775761""}",62831517509825405761763142539845746280269675872170259538293560849475982647892,66273785459475184474276423059036741814958495126134511275805524603240865775761,42053.417130000045,19909.5413,https://polymarket.com/event/will-the-republicans-win-the-north-carolina-senate-race-in-2026,VERIFIED_READY,2026-06-25T20:01:57+00:00,"[{""score"":0.609,""id"":""630883"",""slug"":""will-the-democrats-win-the-north-carolina-senate-race-in-2026"",""question"":""Will the Democrats win the North Carolina Senate race in 2026?"",""event_title"":""North Carolina Senate Election Winner"",""endDate"":"""",""volume"":""29356.945144999987"",""source"":""events_slug_path"",""active"":true,""closed"":false},{""score"":0.6059,""id"":""630884"",""slug"":""will-the-republicans-win-the-north-carolina-senate-race-in-2026"",""question"":""Will the Republicans win the North Carolina Senate race in 2026?"",""event_title"":""North Carolina Senate Election Winner"",""endDate"":"""",""volume"":""42053.417130000045"",""source"":""events_slug_path"",""active"":true,""closed"":false},{""score"":0.5978,""id"":""630885"",""slug"":""will-person-a-win-the-north-carolina-senate-race-in-2026"",""question"":""Will Person A win the North Carolina Senate race in 2026?"",""event_title"":""North Carolina Senate Election Winner"",""endDate"":"""",""volume"":""0"",""source"":""events_slug_path"",""active"":false,""closed"":false},{""score"":0.5978,""id"":""630887"",""slug"":""will-person-c-win-the-north-carolina-senate-race-in-2026"",""question"":""Will Person C win the North Carolina Senate race in 2026?"",""event_title"":""North Carolina Senate Election Winner"",""endDate"":"""",""volume"":""0"",""source"":""events_slug_path"",""active"":false,""closed"":false},{""score"":0.5978,""id"":""630889"",""slug"":""will-person-e-win-the-north-carolina-senate-race-in-2026"",""question"":""Will Person E win the North Carolina Senate race in 2026?"",""event_title"":""North Carolina Senate Election Winner"",""endDate"":"""",""volume"":""0"",""source"":""events_slug_path"",""active"":false,""closed"":false}]",Accepted candidate rank 2 with fuzzy_score=0.6059.
44,RSO-0044,12,Georgia Senate Election Winner,Georgia Senate Election Winner — Democrat,Will the Democrats win the Georgia Senate race in 2026?,Georgia Senate Election Winner Democrat,US,us_senate,us_statewide,georgia_senate_2026,tracked,core_us,binary_complement_contract,1,Democrat,will-the-democrats-win-the-georgia-senate-race-in-2026,georgia-senate-election-winner-democrat,georgia-senate-election-winner,US Senate race-specific market; central to Senate-control decomposition.,needs_slug_clob_verification,needs_orderbook_check,appears_clear_from_paste,State Senate outcome row.,630692,57642,0x3c5b93b91196c8db64e63c424979da8cfbf44a4501afd70d2480ee28fbf306a2,"This market will resolve according to the winner of the 2026 midterm Georgia U.S. Senate election, inclusive of any run-offs.

A candidate shall be considered to represent a party in the event that he or she is the nominee of the party in question. Candidates other than the Democratic or Republican nominee (e.g., Greens, Libertarian, independent) may be added at a later date.

Candidates who run as independents will not be encompassed by the “Democrat” or “Republican” options regardless of any affiliation they may have with the party.

The resolution source for this market is the Associated Press, Fox News, and NBC. This market will resolve once all three sources call the race for the same candidate. If all three sources haven’t called the race in this state for the same candidate, this market will resolve based on the official certification.",,,,true,false,,false,true,"[""Yes"",""No""]","[""21024219148268989748704207701411444044468128261642675917026452687231462203167"",""35836144845762083734936716777818582913796871841916057482479347577598882811767""]","{""Yes"":""21024219148268989748704207701411444044468128261642675917026452687231462203167"",""No"":""35836144845762083734936716777818582913796871841916057482479347577598882811767""}",21024219148268989748704207701411444044468128261642675917026452687231462203167,35836144845762083734936716777818582913796871841916057482479347577598882811767,11653.662024000005,22820.8097,https://polymarket.com/event/will-the-democrats-win-the-georgia-senate-race-in-2026,VERIFIED_READY,2026-06-25T20:02:02+00:00,"[{""score"":0.606,""id"":""630692"",""slug"":""will-the-democrats-win-the-georgia-senate-race-in-2026"",""question"":""Will the Democrats win the Georgia Senate race in 2026?"",""event_title"":""Georgia Senate Election Winner"",""endDate"":"""",""volume"":""11653.662024000005"",""source"":""events_slug_path"",""active"":true,""closed"":false},{""score"":0.6014,""id"":""630693"",""slug"":""will-the-republicans-win-the-georgia-senate-race-in-2026"",""question"":""Will the Republicans win the Georgia Senate race in 2026?"",""event_title"":""Georgia Senate Election Winner"",""endDate"":"""",""volume"":""20420.76153300001"",""source"":""events_slug_path"",""active"":true,""closed"":false},{""score"":0.5976,""id"":""630697"",""slug"":""will-person-d-win-the-georgia-senate-race-in-2026"",""question"":""Will Person D win the Georgia Senate race in 2026?"",""event_title"":""Georgia Senate Election Winner"",""endDate"":"""",""volume"":""0"",""source"":""events_slug_path"",""active"":false,""closed"":false},{""score"":0.5976,""id"":""630701"",""slug"":""will-person-h-win-the-georgia-senate-race-in-2026"",""question"":""Will Person H win the Georgia Senate race in 2026?"",""event_title"":""Georgia Senate Election Winner"",""endDate"":"""",""volume"":""0"",""source"":""events_slug_path"",""active"":false,""closed"":false},{""score"":0.5976,""id"":""630695"",""slug"":""will-person-b-win-the-georgia-senate-race-in-2026"",""question"":""Will Person B win the Georgia Senate race in 2026?"",""event_title"":""Georgia Senate Election Winner"",""endDate"":"""",""volume"":""0"",""source"":""events_slug_path"",""active"":false,""closed"":false}]",Accepted candidate rank 1 with fuzzy_score=0.6060.
45,RSO-0045,12,Georgia Senate Election Winner,Georgia Senate Election Winner — Republican,Will the Republicans win the Georgia Senate race in 2026?,Georgia Senate Election Winner Republican,US,us_senate,us_statewide,georgia_senate_2026,tracked,core_us,binary_complement_contract,2,Republican,will-the-republicans-win-the-georgia-senate-race-in-2026,georgia-senate-election-winner-republican,georgia-senate-election-winner,US Senate race-specific market; central to Senate-control decomposition.,needs_slug_clob_verification,needs_orderbook_check,appears_clear_from_paste,State Senate outcome row.,630693,57642,0x54e4e816cc5868e2f933c6bbc597e3313bdad382be3ecf7eaa4d8fa5c3f1a1bd,"This market will resolve according to the winner of the 2026 midterm Georgia U.S. Senate election, inclusive of any run-offs.

A candidate shall be considered to represent a party in the event that he or she is the nominee of the party in question. Candidates other than the Democratic or Republican nominee (e.g., Greens, Libertarian, independent) may be added at a later date.

Candidates who run as independents will not be encompassed by the “Democrat” or “Republican” options regardless of any affiliation they may have with the party.

The resolution source for this market is the Associated Press, Fox News, and NBC. This market will resolve once all three sources call the race for the same candidate. If all three sources haven’t called the race in this state for the same candidate, this market will resolve based on the official certification.",,,,true,false,,false,true,"[""Yes"",""No""]","[""43777191461245536274027792855557351629362906569064322165760098912770293918104"",""61124290990237905740819218004087985253159695156484630843664573685734418084158""]","{""Yes"":""43777191461245536274027792855557351629362906569064322165760098912770293918104"",""No"":""61124290990237905740819218004087985253159695156484630843664573685734418084158""}",43777191461245536274027792855557351629362906569064322165760098912770293918104,61124290990237905740819218004087985253159695156484630843664573685734418084158,20420.76153300001,24063.54507,https://polymarket.com/event/will-the-republicans-win-the-georgia-senate-race-in-2026,VERIFIED_READY,2026-06-25T20:02:07+00:00,"[{""score"":0.598,""id"":""630692"",""slug"":""will-the-democrats-win-the-georgia-senate-race-in-2026"",""question"":""Will the Democrats win the Georgia Senate race in 2026?"",""event_title"":""Georgia Senate Election Winner"",""endDate"":"""",""volume"":""11653.662024000005"",""source"":""events_slug_path"",""active"":true,""closed"":false},{""score"":0.5936,""id"":""630693"",""slug"":""will-the-republicans-win-the-georgia-senate-race-in-2026"",""question"":""Will the Republicans win the Georgia Senate race in 2026?"",""event_title"":""Georgia Senate Election Winner"",""endDate"":"""",""volume"":""20420.76153300001"",""source"":""events_slug_path"",""active"":true,""closed"":false},{""score"":0.589,""id"":""630697"",""slug"":""will-person-d-win-the-georgia-senate-race-in-2026"",""question"":""Will Person D win the Georgia Senate race in 2026?"",""event_title"":""Georgia Senate Election Winner"",""endDate"":"""",""volume"":""0"",""source"":""events_slug_path"",""active"":false,""closed"":false},{""score"":0.589,""id"":""630701"",""slug"":""will-person-h-win-the-georgia-senate-race-in-2026"",""question"":""Will Person H win the Georgia Senate race in 2026?"",""event_title"":""Georgia Senate Election Winner"",""endDate"":"""",""volume"":""0"",""source"":""events_slug_path"",""active"":false,""closed"":false},{""score"":0.589,""id"":""630695"",""slug"":""will-person-b-win-the-georgia-senate-race-in-2026"",""question"":""Will Person B win the Georgia Senate race in 2026?"",""event_title"":""Georgia Senate Election Winner"",""endDate"":"""",""volume"":""0"",""source"":""events_slug_path"",""active"":false,""closed"":false}]",Accepted candidate rank 2 with fuzzy_score=0.5936.
46,RSO-0046,13,New Hampshire Senate Election Winner,New Hampshire Senate Election Winner — Democrat,Will the Democrats win the New Hampshire Senate race in 2026?,New Hampshire Senate Election Winner Democrat,US,us_senate,us_statewide,new_hampshire_senate_2026,tracked,core_us,binary_complement_contract,1,Democrat,will-the-democrats-win-the-new-hampshire-senate-race-in-2026,new-hampshire-senate-election-winner-democrat,new-hampshire-senate-election-winner,US Senate race-specific market; central to Senate-control decomposition.,needs_slug_clob_verification,needs_orderbook_check,appears_clear_from_paste,State Senate outcome row.,630844,57661,0xfc5c740e4617eb9908ceada7c91bfbe1cd41f172d703ef811d544e60a7a70bb5,"This market will resolve according to the winner of the 2026 midterm New Hampshire U.S. Senate election, inclusive of any run-offs.

A candidate shall be considered to represent a party in the event that he or she is the nominee of the party in question. Candidates other than the Democratic or Republican nominee (e.g., Greens, Libertarian, independent) may be added at a later date.

Candidates who run as independents will not be encompassed by the “Democrat” or “Republican” options regardless of any affiliation they may have with the party.

The resolution source for this market is the Associated Press, Fox News, and NBC. This market will resolve once all three sources call the race for the same candidate. If all three sources haven’t called the race in this state for the same candidate, this market will resolve based on the official certification.",,,,true,false,,false,true,"[""Yes"",""No""]","[""82410058691149830741200014405570918770267839390767234397030380747995715352939"",""28709552853916742051233428360468180906283732902940871675642481670799666825242""]","{""Yes"":""82410058691149830741200014405570918770267839390767234397030380747995715352939"",""No"":""28709552853916742051233428360468180906283732902940871675642481670799666825242""}",82410058691149830741200014405570918770267839390767234397030380747995715352939,28709552853916742051233428360468180906283732902940871675642481670799666825242,20308.387777,12568.6802,https://polymarket.com/event/will-the-democrats-win-the-new-hampshire-senate-race-in-2026,VERIFIED_READY,2026-06-25T20:03:31+00:00,"[{""score"":0.6584,""id"":""630844"",""slug"":""will-the-democrats-win-the-new-hampshire-senate-race-in-2026"",""question"":""Will the Democrats win the New Hampshire Senate race in 2026?"",""event_title"":""New Hampshire Senate Election Winner"",""endDate"":"""",""volume"":""20308.387777"",""source"":""events_slug_path"",""active"":true,""closed"":false},{""score"":0.6516,""id"":""630845"",""slug"":""will-the-republicans-win-the-new-hampshire-senate-race-in-2026"",""question"":""Will the Republicans win the New Hampshire Senate race in 2026?"",""event_title"":""New Hampshire Senate Election Winner"",""endDate"":"""",""volume"":""9697.540265000003"",""source"":""events_slug_path"",""active"":true,""closed"":false},{""score"":0.6506,""id"":""630846"",""slug"":""will-person-a-win-the-new-hampshire-senate-race-in-2026"",""question"":""Will Person A win the New Hampshire Senate race in 2026?"",""event_title"":""New Hampshire Senate Election Winner"",""endDate"":"""",""volume"":""0"",""source"":""events_slug_path"",""active"":false,""closed"":false},{""score"":0.6506,""id"":""630848"",""slug"":""will-person-c-win-the-new-hampshire-senate-race-in-2026"",""question"":""Will Person C win the New Hampshire Senate race in 2026?"",""event_title"":""New Hampshire Senate Election Winner"",""endDate"":"""",""volume"":""0"",""source"":""events_slug_path"",""active"":false,""closed"":false},{""score"":0.6506,""id"":""630850"",""slug"":""will-person-e-win-the-new-hampshire-senate-race-in-2026"",""question"":""Will Person E win the New Hampshire Senate race in 2026?"",""event_title"":""New Hampshire Senate Election Winner"",""endDate"":"""",""volume"":""0"",""source"":""events_slug_path"",""active"":false,""closed"":false}]",Accepted candidate rank 1 with fuzzy_score=0.6584.
47,RSO-0047,13,New Hampshire Senate Election Winner,New Hampshire Senate Election Winner — Republican,Will the Republicans win the New Hampshire Senate race in 2026?,New Hampshire Senate Election Winner Republican,US,us_senate,us_statewide,new_hampshire_senate_2026,tracked,core_us,binary_complement_contract,2,Republican,will-the-republicans-win-the-new-hampshire-senate-race-in-2026,new-hampshire-senate-election-winner-republican,new-hampshire-senate-election-winner,US Senate race-specific market; central to Senate-control decomposition.,needs_slug_clob_verification,needs_orderbook_check,appears_clear_from_paste,State Senate outcome row.,630845,57661,0x57599a84bf50c94b958adb020aa2a25bf02e26453e500d3b739d86e6b783774c,"This market will resolve according to the winner of the 2026 midterm New Hampshire U.S. Senate election, inclusive of any run-offs.

A candidate shall be considered to represent a party in the event that he or she is the nominee of the party in question. Candidates other than the Democratic or Republican nominee (e.g., Greens, Libertarian, independent) may be added at a later date.

Candidates who run as independents will not be encompassed by the “Democrat” or “Republican” options regardless of any affiliation they may have with the party.

The resolution source for this market is the Associated Press, Fox News, and NBC. This market will resolve once all three sources call the race for the same candidate. If all three sources haven’t called the race in this state for the same candidate, this market will resolve based on the official certification.",,,,true,false,,false,true,"[""Yes"",""No""]","[""62227089537100115269143206481757249285124282589590263790284791475153705872216"",""58757590052289479996371632351141005979216013605386057994994985198930000872621""]","{""Yes"":""62227089537100115269143206481757249285124282589590263790284791475153705872216"",""No"":""58757590052289479996371632351141005979216013605386057994994985198930000872621""}",62227089537100115269143206481757249285124282589590263790284791475153705872216,58757590052289479996371632351141005979216013605386057994994985198930000872621,9697.540265000003,13710.0657,https://polymarket.com/event/will-the-republicans-win-the-new-hampshire-senate-race-in-2026,VERIFIED_READY,2026-06-25T20:03:37+00:00,"[{""score"":0.6504,""id"":""630844"",""slug"":""will-the-democrats-win-the-new-hampshire-senate-race-in-2026"",""question"":""Will the Democrats win the New Hampshire Senate race in 2026?"",""event_title"":""New Hampshire Senate Election Winner"",""endDate"":"""",""volume"":""20308.387777"",""source"":""events_slug_path"",""active"":true,""closed"":false},{""score"":0.6439,""id"":""630845"",""slug"":""will-the-republicans-win-the-new-hampshire-senate-race-in-2026"",""question"":""Will the Republicans win the New Hampshire Senate race in 2026?"",""event_title"":""New Hampshire Senate Election Winner"",""endDate"":"""",""volume"":""9697.540265000003"",""source"":""events_slug_path"",""active"":true,""closed"":false},{""score"":0.642,""id"":""630846"",""slug"":""will-person-a-win-the-new-hampshire-senate-race-in-2026"",""question"":""Will Person A win the New Hampshire Senate race in 2026?"",""event_title"":""New Hampshire Senate Election Winner"",""endDate"":"""",""volume"":""0"",""source"":""events_slug_path"",""active"":false,""closed"":false},{""score"":0.642,""id"":""630848"",""slug"":""will-person-c-win-the-new-hampshire-senate-race-in-2026"",""question"":""Will Person C win the New Hampshire Senate race in 2026?"",""event_title"":""New Hampshire Senate Election Winner"",""endDate"":"""",""volume"":""0"",""source"":""events_slug_path"",""active"":false,""closed"":false},{""score"":0.642,""id"":""630850"",""slug"":""will-person-e-win-the-new-hampshire-senate-race-in-2026"",""question"":""Will Person E win the New Hampshire Senate race in 2026?"",""event_title"":""New Hampshire Senate Election Winner"",""endDate"":"""",""volume"":""0"",""source"":""events_slug_path"",""active"":false,""closed"":false}]",Accepted candidate rank 2 with fuzzy_score=0.6439.
48,RSO-0048,14,Iowa Senate Election Winner,Iowa Senate Election Winner — Republican,Will the Republicans win the Iowa Senate race in 2026?,Iowa Senate Election Winner Republican,US,us_senate,us_statewide,iowa_senate_2026,tracked,core_us,binary_complement_contract,1,Republican,will-the-republicans-win-the-iowa-senate-race-in-2026,iowa-senate-election-winner-republican,iowa-senate-election-winner,US Senate race-specific market; central to Senate-control decomposition.,needs_slug_clob_verification,needs_orderbook_check,appears_clear_from_paste,State Senate outcome row.,630734,57647,0x38a1025bfc56539ed1ff8fdd468283d55cf9002412decd61aa8d6c578c7d01a2,"This market will resolve according to the winner of the 2026 midterm Iowa U.S. Senate election, inclusive of any run-offs.

A candidate shall be considered to represent a party in the event that he or she is the nominee of the party in question. Candidates other than the Democratic or Republican nominee (e.g., Greens, Libertarian, independent) may be added at a later date.

Candidates who run as independents will not be encompassed by the “Democrat” or “Republican” options regardless of any affiliation they may have with the party.

The resolution source for this market is the Associated Press, Fox News, and NBC. This market will resolve once all three sources call the race for the same candidate. If all three sources haven’t called the race in this state for the same candidate, this market will resolve based on the official certification.",,,,true,false,,false,true,"[""Yes"",""No""]","[""107844449523890311740907586041395758413047559802389895859202256336422357556837"",""45697952169290210733788647908439282215277461482653377209044144054693714912010""]","{""Yes"":""107844449523890311740907586041395758413047559802389895859202256336422357556837"",""No"":""45697952169290210733788647908439282215277461482653377209044144054693714912010""}",107844449523890311740907586041395758413047559802389895859202256336422357556837,45697952169290210733788647908439282215277461482653377209044144054693714912010,58720.30188900018,15352.3798,https://polymarket.com/event/will-the-republicans-win-the-iowa-senate-race-in-2026,VERIFIED_READY,2026-06-25T20:03:43+00:00,"[{""score"":0.5748,""id"":""630733"",""slug"":""will-the-democrats-win-the-iowa-senate-race-in-2026"",""question"":""Will the Democrats win the Iowa Senate race in 2026?"",""event_title"":""Iowa Senate Election Winner"",""endDate"":"""",""volume"":""66014.64294200014"",""source"":""events_slug_path"",""active"":true,""closed"":false},{""score"":0.5691,""id"":""630734"",""slug"":""will-the-republicans-win-the-iowa-senate-race-in-2026"",""question"":""Will the Republicans win the Iowa Senate race in 2026?"",""event_title"":""Iowa Senate Election Winner"",""endDate"":"""",""volume"":""58720.30188900018"",""source"":""events_slug_path"",""active"":true,""closed"":false},{""score"":0.5607,""id"":""630735"",""slug"":""will-person-a-win-the-iowa-senate-race-in-2026"",""question"":""Will Person A win the Iowa Senate race in 2026?"",""event_title"":""Iowa Senate Election Winner"",""endDate"":"""",""volume"":""0"",""source"":""events_slug_path"",""active"":false,""closed"":false},{""score"":0.5607,""id"":""630739"",""slug"":""will-person-e-win-the-iowa-senate-race-in-2026"",""question"":""Will Person E win the Iowa Senate race in 2026?"",""event_title"":""Iowa Senate Election Winner"",""endDate"":"""",""volume"":""0"",""source"":""events_slug_path"",""active"":false,""closed"":false},{""score"":0.5607,""id"":""630743"",""slug"":""will-person-i-win-the-iowa-senate-race-in-2026"",""question"":""Will Person I win the Iowa Senate race in 2026?"",""event_title"":""Iowa Senate Election Winner"",""endDate"":"""",""volume"":""0"",""source"":""events_slug_path"",""active"":false,""closed"":false}]",Accepted candidate rank 2 with fuzzy_score=0.5691.
49,RSO-0049,14,Iowa Senate Election Winner,Iowa Senate Election Winner — Democrat,Will the Democrats win the Iowa Senate race in 2026?,Iowa Senate Election Winner Democrat,US,us_senate,us_statewide,iowa_senate_2026,tracked,core_us,binary_complement_contract,2,Democrat,will-the-democrats-win-the-iowa-senate-race-in-2026,iowa-senate-election-winner-democrat,iowa-senate-election-winner,US Senate race-specific market; central to Senate-control decomposition.,needs_slug_clob_verification,needs_orderbook_check,appears_clear_from_paste,State Senate outcome row.,630733,57647,0xd50c016598c499fceea10a1a714e48d9b4953487fe215daeaf916068fae722f1,"This market will resolve according to the winner of the 2026 midterm Iowa U.S. Senate election, inclusive of any run-offs.

A candidate shall be considered to represent a party in the event that he or she is the nominee of the party in question. Candidates other than the Democratic or Republican nominee (e.g., Greens, Libertarian, independent) may be added at a later date.

Candidates who run as independents will not be encompassed by the “Democrat” or “Republican” options regardless of any affiliation they may have with the party.

The resolution source for this market is the Associated Press, Fox News, and NBC. This market will resolve once all three sources call the race for the same candidate. If all three sources haven’t called the race in this state for the same candidate, this market will resolve based on the official certification.",,,,true,false,,false,true,"[""Yes"",""No""]","[""90689690530039118737607894922148077480097700217322320781526913496162509181445"",""105412116375859456386463067772529895223931027977055063584054608854983174999392""]","{""Yes"":""90689690530039118737607894922148077480097700217322320781526913496162509181445"",""No"":""105412116375859456386463067772529895223931027977055063584054608854983174999392""}",90689690530039118737607894922148077480097700217322320781526913496162509181445,105412116375859456386463067772529895223931027977055063584054608854983174999392,66014.64294200014,14475.3066,https://polymarket.com/event/will-the-democrats-win-the-iowa-senate-race-in-2026,VERIFIED_READY,2026-06-25T20:03:49+00:00,"[{""score"":0.5828,""id"":""630733"",""slug"":""will-the-democrats-win-the-iowa-senate-race-in-2026"",""question"":""Will the Democrats win the Iowa Senate race in 2026?"",""event_title"":""Iowa Senate Election Winner"",""endDate"":"""",""volume"":""66014.64294200014"",""source"":""events_slug_path"",""active"":true,""closed"":false},{""score"":0.5768,""id"":""630734"",""slug"":""will-the-republicans-win-the-iowa-senate-race-in-2026"",""question"":""Will the Republicans win the Iowa Senate race in 2026?"",""event_title"":""Iowa Senate Election Winner"",""endDate"":"""",""volume"":""58720.30188900018"",""source"":""events_slug_path"",""active"":true,""closed"":false},{""score"":0.5694,""id"":""630735"",""slug"":""will-person-a-win-the-iowa-senate-race-in-2026"",""question"":""Will Person A win the Iowa Senate race in 2026?"",""event_title"":""Iowa Senate Election Winner"",""endDate"":"""",""volume"":""0"",""source"":""events_slug_path"",""active"":false,""closed"":false},{""score"":0.5694,""id"":""630739"",""slug"":""will-person-e-win-the-iowa-senate-race-in-2026"",""question"":""Will Person E win the Iowa Senate race in 2026?"",""event_title"":""Iowa Senate Election Winner"",""endDate"":"""",""volume"":""0"",""source"":""events_slug_path"",""active"":false,""closed"":false},{""score"":0.5694,""id"":""630743"",""slug"":""will-person-i-win-the-iowa-senate-race-in-2026"",""question"":""Will Person I win the Iowa Senate race in 2026?"",""event_title"":""Iowa Senate Election Winner"",""endDate"":"""",""volume"":""0"",""source"":""events_slug_path"",""active"":false,""closed"":false}]",Accepted candidate rank 1 with fuzzy_score=0.5828.
50,RSO-0050,15,Arizona Governor Election Winner,Arizona Governor Election Winner — Democrat,Will the Democrats win the Arizona Governor race in 2026?,Will the Democrats win the Arizona Governor race in 2026?,US,us_governor,us_statewide,arizona_governor_2026,tracked,core_us,binary_complement_contract,1,Democrat,will-the-democrats-win-the-arizona-governor-race-in-2026,will-the-democrats-win-the-arizona-governor-race-in-2026,arizona-governor-election-winner,US House/governor race market; adds state/district-level variation beyond Senate control.,needs_slug_clob_verification,needs_orderbook_check,appears_clear_from_paste,State/district outcome row.,,,,,,,,,,,,,,,,,,,,,,,,REPAIRED_QUERY_RESET: previous search/verification was unreliable or not executable; rerun with resolver v4.
51,RSO-0051,15,Arizona Governor Election Winner,Arizona Governor Election Winner — Republican,Will the Republicans win the Arizona Governor race in 2026?,Will the Republicans win the Arizona Governor race in 2026?,US,us_governor,us_statewide,arizona_governor_2026,tracked,core_us,binary_complement_contract,2,Republican,will-the-republicans-win-the-arizona-governor-race-in-2026,will-the-republicans-win-the-arizona-governor-race-in-2026,arizona-governor-election-winner,US House/governor race market; adds state/district-level variation beyond Senate control.,needs_slug_clob_verification,needs_orderbook_check,appears_clear_from_paste,State/district outcome row.,,,,,,,,,,,,,,,,,,,,,,,,REPAIRED_QUERY_RESET: previous search/verification was unreliable or not executable; rerun with resolver v4.
52,RSO-0052,16,Michigan Governor Election Winner,Michigan Governor Election Winner — Democrat,Will the Democrats win the Michigan Governor race in 2026?,Will the Democrats win the Michigan Governor race in 2026?,US,us_governor,us_statewide,michigan_governor_2026,tracked,core_us,multi_outcome_contract,1,Democrat,will-the-democrats-win-the-michigan-governor-race-in-2026,will-the-democrats-win-the-michigan-governor-race-in-2026,michigan-governor-election-winner,US House/governor race market; adds state/district-level variation beyond Senate control.,needs_slug_clob_verification,needs_orderbook_check,appears_clear_from_paste,State/district outcome row.,,,,,,,,,,,,,,,,,,,,,,,,REPAIRED_QUERY_RESET: previous search/verification was unreliable or not executable; rerun with resolver v4.
53,RSO-0053,16,Michigan Governor Election Winner,Michigan Governor Election Winner — Republican,Will the Republicans win the Michigan Governor race in 2026?,Will the Republicans win the Michigan Governor race in 2026?,US,us_governor,us_statewide,michigan_governor_2026,tracked,core_us,multi_outcome_contract,2,Republican,will-the-republicans-win-the-michigan-governor-race-in-2026,will-the-republicans-win-the-michigan-governor-race-in-2026,michigan-governor-election-winner,US House/governor race market; adds state/district-level variation beyond Senate control.,needs_slug_clob_verification,needs_orderbook_check,appears_clear_from_paste,State/district outcome row.,,,,,,,,,,,,,,,,,,,,,,,,REPAIRED_QUERY_RESET: previous search/verification was unreliable or not executable; rerun with resolver v4.
54,RSO-0054,16,Michigan Governor Election Winner,Michigan Governor Election Winner — Independent,Will an independent win the Michigan Governor race in 2026?,Will an independent win the Michigan Governor race in 2026?,US,us_governor,us_statewide,michigan_governor_2026,tracked,core_us,multi_outcome_contract,3,Independent,will-an-independent-win-the-michigan-governor-race-in-2026,will-an-independent-win-the-michigan-governor-race-in-2026,michigan-governor-election-winner,US House/governor race market; adds state/district-level variation beyond Senate control.,needs_slug_clob_verification,needs_orderbook_check,appears_clear_from_paste,State/district outcome row.,,,,,,,,,,,,,,,,,,,,,,,,REPAIRED_QUERY_RESET: previous search/verification was unreliable or not executable; rerun with resolver v4.
55,RSO-0055,17,WA-04 House Election Winner,WA-04 House Election Winner — Republican Party,Will the Republicans win the WA-04 House race in 2026?,Will the Republicans win the WA-04 House race in 2026?,US,us_house,us_district,wa_04_house_2026,tracked,core_us,binary_complement_contract,1,Republican Party,will-the-republicans-win-the-wa-04-house-race-in-2026,will-the-republicans-win-the-wa-04-house-race-in-2026,wa-04-house-election-winner,US House/governor race market; adds state/district-level variation beyond Senate control.,needs_slug_clob_verification,needs_orderbook_check,appears_clear_from_paste,State/district outcome row.,,,,,,,,,,,,,,,,,,,,,,,,REPAIRED_QUERY_RESET: previous search/verification was unreliable or not executable; rerun with resolver v4.
56,RSO-0056,17,WA-04 House Election Winner,WA-04 House Election Winner — Democratic Party,Will the Democrats win the WA-04 House race in 2026?,Will the Democrats win the WA-04 House race in 2026?,US,us_house,us_district,wa_04_house_2026,tracked,core_us,binary_complement_contract,2,Democratic Party,will-the-democrats-win-the-wa-04-house-race-in-2026,will-the-democrats-win-the-wa-04-house-race-in-2026,wa-04-house-election-winner,US House/governor race market; adds state/district-level variation beyond Senate control.,needs_slug_clob_verification,needs_orderbook_check,appears_clear_from_paste,State/district outcome row.,,,,,,,,,,,,,,,,,,,,,,,,REPAIRED_QUERY_RESET: previous search/verification was unreliable or not executable; rerun with resolver v4.
57,RSO-0057,18,NE-02 House Election Winner,NE-02 House Election Winner — Democratic Party,Will the Democrats win the NE-02 House race in 2026?,Will the Democrats win the NE-02 House race in 2026?,US,us_house,us_district,ne_02_house_2026,tracked,core_us,binary_complement_contract,1,Democratic Party,will-the-democrats-win-the-ne-02-house-race-in-2026,will-the-democrats-win-the-ne-02-house-race-in-2026,ne-02-house-election-winner,US House/governor race market; adds state/district-level variation beyond Senate control.,needs_slug_clob_verification,needs_orderbook_check,appears_clear_from_paste,State/district outcome row.,,,,,,,,,,,,,,,,,,,,,,,,REPAIRED_QUERY_RESET: previous search/verification was unreliable or not executable; rerun with resolver v4.
58,RSO-0058,18,NE-02 House Election Winner,NE-02 House Election Winner — Republican Party,Will the Republicans win the NE-02 House race in 2026?,Will the Republicans win the NE-02 House race in 2026?,US,us_house,us_district,ne_02_house_2026,tracked,core_us,binary_complement_contract,2,Republican Party,will-the-republicans-win-the-ne-02-house-race-in-2026,will-the-republicans-win-the-ne-02-house-race-in-2026,ne-02-house-election-winner,US House/governor race market; adds state/district-level variation beyond Senate control.,needs_slug_clob_verification,needs_orderbook_check,appears_clear_from_paste,State/district outcome row.,,,,,,,,,,,,,,,,,,,,,,,,REPAIRED_QUERY_RESET: previous search/verification was unreliable or not executable; rerun with resolver v4.
59,RSO-0059,19,PA-10 House Election Winner,PA-10 House Election Winner — Democratic Party,Will the Democrats win the PA-10 House race in 2026?,Will the Democrats win the PA-10 House race in 2026?,US,us_house,us_district,pa_10_house_2026,tracked,core_us,binary_complement_contract,1,Democratic Party,will-the-democrats-win-the-pa-10-house-race-in-2026,will-the-democrats-win-the-pa-10-house-race-in-2026,pa-10-house-election-winner,US House/governor race market; adds state/district-level variation beyond Senate control.,needs_slug_clob_verification,needs_orderbook_check,appears_clear_from_paste,State/district outcome row.,,,,,,,,,,,,,,,,,,,,,,,,REPAIRED_QUERY_RESET: previous search/verification was unreliable or not executable; rerun with resolver v4.
60,RSO-0060,19,PA-10 House Election Winner,PA-10 House Election Winner — Republican Party,Will the Republicans win the PA-10 House race in 2026?,Will the Republicans win the PA-10 House race in 2026?,US,us_house,us_district,pa_10_house_2026,tracked,core_us,binary_complement_contract,2,Republican Party,will-the-republicans-win-the-pa-10-house-race-in-2026,will-the-republicans-win-the-pa-10-house-race-in-2026,pa-10-house-election-winner,US House/governor race market; adds state/district-level variation beyond Senate control.,needs_slug_clob_verification,needs_orderbook_check,appears_clear_from_paste,State/district outcome row.,,,,,,,,,,,,,,,,,,,,,,,,REPAIRED_QUERY_RESET: previous search/verification was unreliable or not executable; rerun with resolver v4.
61,RSO-0061,20,Ohio Governor Election Winner,Ohio Governor Election Winner — Republican,Will the Republicans win the Ohio Governor race in 2026?,Will the Republicans win the Ohio Governor race in 2026?,US,us_governor,us_statewide,ohio_governor_2026,tracked,core_us,binary_complement_contract,1,Republican,will-the-republicans-win-the-ohio-governor-race-in-2026,will-the-republicans-win-the-ohio-governor-race-in-2026,ohio-governor-election-winner,US House/governor race market; adds state/district-level variation beyond Senate control.,needs_slug_clob_verification,needs_orderbook_check,appears_clear_from_paste,State/district outcome row.,,,,,,,,,,,,,,,,,,,,,,,,REPAIRED_QUERY_RESET: previous search/verification was unreliable or not executable; rerun with resolver v4.
62,RSO-0062,20,Ohio Governor Election Winner,Ohio Governor Election Winner — Democrat,Will the Democrats win the Ohio Governor race in 2026?,Will the Democrats win the Ohio Governor race in 2026?,US,us_governor,us_statewide,ohio_governor_2026,tracked,core_us,binary_complement_contract,2,Democrat,will-the-democrats-win-the-ohio-governor-race-in-2026,will-the-democrats-win-the-ohio-governor-race-in-2026,ohio-governor-election-winner,US House/governor race market; adds state/district-level variation beyond Senate control.,needs_slug_clob_verification,needs_orderbook_check,appears_clear_from_paste,State/district outcome row.,,,,,,,,,,,,,,,,,,,,,,,,REPAIRED_QUERY_RESET: previous search/verification was unreliable or not executable; rerun with resolver v4.
63,RSO-0063,21,Georgia Governor Election Winner,Georgia Governor Election Winner — Democrat,Will the Democrats win the Georgia Governor race in 2026?,Will the Democrats win the Georgia Governor race in 2026?,US,us_governor,us_statewide,georgia_governor_2026,tracked,core_us,binary_complement_contract,1,Democrat,will-the-democrats-win-the-georgia-governor-race-in-2026,will-the-democrats-win-the-georgia-governor-race-in-2026,georgia-governor-election-winner,US House/governor race market; adds state/district-level variation beyond Senate control.,needs_slug_clob_verification,needs_orderbook_check,appears_clear_from_paste,State/district outcome row.,,,,,,,,,,,,,,,,,,,,,,,,REPAIRED_QUERY_RESET: previous search/verification was unreliable or not executable; rerun with resolver v4.
64,RSO-0064,21,Georgia Governor Election Winner,Georgia Governor Election Winner — Republican,Will the Republicans win the Georgia Governor race in 2026?,Will the Republicans win the Georgia Governor race in 2026?,US,us_governor,us_statewide,georgia_governor_2026,tracked,core_us,binary_complement_contract,2,Republican,will-the-republicans-win-the-georgia-governor-race-in-2026,will-the-republicans-win-the-georgia-governor-race-in-2026,georgia-governor-election-winner,US House/governor race market; adds state/district-level variation beyond Senate control.,needs_slug_clob_verification,needs_orderbook_check,appears_clear_from_paste,State/district outcome row.,,,,,,,,,,,,,,,,,,,,,,,,REPAIRED_QUERY_RESET: previous search/verification was unreliable or not executable; rerun with resolver v4.
65,RSO-0065,22,Nevada Governor Election Winner,Nevada Governor Election Winner — Democrat,Will the Democrats win the Nevada Governor race in 2026?,Will the Democrats win the Nevada Governor race in 2026?,US,us_governor,us_statewide,nevada_governor_2026,tracked,core_us,binary_complement_contract,1,Democrat,will-the-democrats-win-the-nevada-governor-race-in-2026,will-the-democrats-win-the-nevada-governor-race-in-2026,nevada-governor-election-winner,US House/governor race market; adds state/district-level variation beyond Senate control.,needs_slug_clob_verification,needs_orderbook_check,appears_clear_from_paste,State/district outcome row.,,,,,,,,,,,,,,,,,,,,,,,,REPAIRED_QUERY_RESET: previous search/verification was unreliable or not executable; rerun with resolver v4.
66,RSO-0066,22,Nevada Governor Election Winner,Nevada Governor Election Winner — Republican,Will the Republicans win the Nevada Governor race in 2026?,Will the Republicans win the Nevada Governor race in 2026?,US,us_governor,us_statewide,nevada_governor_2026,tracked,core_us,binary_complement_contract,2,Republican,will-the-republicans-win-the-nevada-governor-race-in-2026,will-the-republicans-win-the-nevada-governor-race-in-2026,nevada-governor-election-winner,US House/governor race market; adds state/district-level variation beyond Senate control.,needs_slug_clob_verification,needs_orderbook_check,appears_clear_from_paste,State/district outcome row.,,,,,,,,,,,,,,,,,,,,,,,,REPAIRED_QUERY_RESET: previous search/verification was unreliable or not executable; rerun with resolver v4.
67,RSO-0067,23,NY-13 House Election Winner / Darializa Avila Chevalier proxy,NY-13 House Election Winner / Darializa Avila Chevalier proxy — Democratic Party,Will the Democrats win the NY-13 House race in 2026?,Will the Democrats win the NY-13 House race in 2026?,US,narrative_candidate,us_district,ny_13_house_darializa_proxy_2026,tracked,narrative,binary_complement_contract,1,Democratic Party,will-the-democrats-win-the-ny-13-house-race-in-2026,will-the-democrats-win-the-ny-13-house-race-in-2026,ny-13-house-election-winner,Narrative/progressive controversy proxy; market is party-level NY-13 general election rather than candidate-name-specific.,needs_slug_clob_verification,needs_orderbook_check,appears_clear_from_paste,This is a party-level proxy for Darializa; verify whether a more candidate-specific market exists.,,,,,,,,,,,,,,,,,,,,,,,,REPAIRED_QUERY_RESET: previous search/verification was unreliable or not executable; rerun with resolver v4.
68,RSO-0068,23,NY-13 House Election Winner / Darializa Avila Chevalier proxy,NY-13 House Election Winner / Darializa Avila Chevalier proxy — Republican Party,Will the Republicans win the NY-13 House race in 2026?,Will the Republicans win the NY-13 House race in 2026?,US,narrative_candidate,us_district,ny_13_house_darializa_proxy_2026,tracked,narrative,binary_complement_contract,2,Republican Party,will-the-republicans-win-the-ny-13-house-race-in-2026,will-the-republicans-win-the-ny-13-house-race-in-2026,ny-13-house-election-winner,Narrative/progressive controversy proxy; market is party-level NY-13 general election rather than candidate-name-specific.,needs_slug_clob_verification,needs_orderbook_check,appears_clear_from_paste,This is a party-level proxy for Darializa; verify whether a more candidate-specific market exists.,,,,,,,,,,,,,,,,,,,,,,,,REPAIRED_QUERY_RESET: previous search/verification was unreliable or not executable; rerun with resolver v4.
69,RSO-0069,24,Florida Governor Republican Primary Winner,Florida Governor Republican Primary Winner — Byron Donalds,Will Byron Donalds win the Florida Governor Republican Primary?,Will Byron Donalds win the Florida Governor Republican Primary?,US,narrative_candidate,us_statewide_primary,florida_gop_governor_primary_2026,tracked,narrative,multi_outcome_contract,1,Byron Donalds,will-byron-donalds-win-the-florida-governor-republican-primary,will-byron-donalds-win-the-florida-governor-republican-primary,florida-governor-republican-primary-winner,Online-right/narrative-premium test centered on James Fishback vs Byron Donalds favorite.,needs_slug_clob_verification,appears_strong_from_paste,appears_clear_from_paste,Primary market expanded to all visible candidate outcomes from paste.,,,,,,,,,,,,,,,,,,,,,,,,REPAIRED_QUERY_RESET: previous search/verification was unreliable or not executable; rerun with resolver v4.
70,RSO-0070,24,Florida Governor Republican Primary Winner,Florida Governor Republican Primary Winner — James Fishback,Will James Fishback win the Florida Governor Republican Primary?,Will James Fishback win the Florida Governor Republican Primary?,US,narrative_candidate,us_statewide_primary,florida_gop_governor_primary_2026,tracked,narrative,multi_outcome_contract,2,James Fishback,will-james-fishback-win-the-florida-governor-republican-primary,will-james-fishback-win-the-florida-governor-republican-primary,florida-governor-republican-primary-winner,Online-right/narrative-premium test centered on James Fishback vs Byron Donalds favorite.,needs_slug_clob_verification,appears_strong_from_paste,appears_clear_from_paste,Primary market expanded to all visible candidate outcomes from paste.,,,,,,,,,,,,,,,,,,,,,,,,REPAIRED_QUERY_RESET: previous search/verification was unreliable or not executable; rerun with resolver v4.
71,RSO-0071,24,Florida Governor Republican Primary Winner,Florida Governor Republican Primary Winner — Wilton Simpson,Will Wilton Simpson win the Florida Governor Republican Primary?,Will Wilton Simpson win the Florida Governor Republican Primary?,US,narrative_candidate,us_statewide_primary,florida_gop_governor_primary_2026,tracked,narrative,multi_outcome_contract,3,Wilton Simpson,will-wilton-simpson-win-the-florida-governor-republican-primary,will-wilton-simpson-win-the-florida-governor-republican-primary,florida-governor-republican-primary-winner,Online-right/narrative-premium test centered on James Fishback vs Byron Donalds favorite.,needs_slug_clob_verification,appears_strong_from_paste,appears_clear_from_paste,Primary market expanded to all visible candidate outcomes from paste.,,,,,,,,,,,,,,,,,,,,,,,,REPAIRED_QUERY_RESET: previous search/verification was unreliable or not executable; rerun with resolver v4.
72,RSO-0072,24,Florida Governor Republican Primary Winner,Florida Governor Republican Primary Winner — Casey DeSantis,Will Casey DeSantis win the Florida Governor Republican Primary?,Will Casey DeSantis win the Florida Governor Republican Primary?,US,narrative_candidate,us_statewide_primary,florida_gop_governor_primary_2026,tracked,narrative,multi_outcome_contract,4,Casey DeSantis,will-casey-desantis-win-the-florida-governor-republican-primary,will-casey-desantis-win-the-florida-governor-republican-primary,florida-governor-republican-primary-winner,Online-right/narrative-premium test centered on James Fishback vs Byron Donalds favorite.,needs_slug_clob_verification,appears_strong_from_paste,appears_clear_from_paste,Primary market expanded to all visible candidate outcomes from paste.,,,,,,,,,,,,,,,,,,,,,,,,REPAIRED_QUERY_RESET: previous search/verification was unreliable or not executable; rerun with resolver v4.
73,RSO-0073,24,Florida Governor Republican Primary Winner,Florida Governor Republican Primary Winner — Matt Gaetz,Will Matt Gaetz win the Florida Governor Republican Primary?,Will Matt Gaetz win the Florida Governor Republican Primary?,US,narrative_candidate,us_statewide_primary,florida_gop_governor_primary_2026,tracked,narrative,multi_outcome_contract,5,Matt Gaetz,will-matt-gaetz-win-the-florida-governor-republican-primary,will-matt-gaetz-win-the-florida-governor-republican-primary,florida-governor-republican-primary-winner,Online-right/narrative-premium test centered on James Fishback vs Byron Donalds favorite.,needs_slug_clob_verification,appears_strong_from_paste,appears_clear_from_paste,Primary market expanded to all visible candidate outcomes from paste.,,,,,,,,,,,,,,,,,,,,,,,,REPAIRED_QUERY_RESET: previous search/verification was unreliable or not executable; rerun with resolver v4.
74,RSO-0074,24,Florida Governor Republican Primary Winner,Florida Governor Republican Primary Winner — Jay Collins,Will Jay Collins win the Florida Governor Republican Primary?,Will Jay Collins win the Florida Governor Republican Primary?,US,narrative_candidate,us_statewide_primary,florida_gop_governor_primary_2026,tracked,narrative,multi_outcome_contract,6,Jay Collins,will-jay-collins-win-the-florida-governor-republican-primary,will-jay-collins-win-the-florida-governor-republican-primary,florida-governor-republican-primary-winner,Online-right/narrative-premium test centered on James Fishback vs Byron Donalds favorite.,needs_slug_clob_verification,appears_strong_from_paste,appears_clear_from_paste,Primary market expanded to all visible candidate outcomes from paste.,,,,,,,,,,,,,,,,,,,,,,,,REPAIRED_QUERY_RESET: previous search/verification was unreliable or not executable; rerun with resolver v4.
75,RSO-0075,24,Florida Governor Republican Primary Winner,Florida Governor Republican Primary Winner — Jimmy Patronis,Will Jimmy Patronis win the Florida Governor Republican Primary?,Will Jimmy Patronis win the Florida Governor Republican Primary?,US,narrative_candidate,us_statewide_primary,florida_gop_governor_primary_2026,tracked,narrative,multi_outcome_contract,7,Jimmy Patronis,will-jimmy-patronis-win-the-florida-governor-republican-primary,will-jimmy-patronis-win-the-florida-governor-republican-primary,florida-governor-republican-primary-winner,Online-right/narrative-premium test centered on James Fishback vs Byron Donalds favorite.,needs_slug_clob_verification,appears_strong_from_paste,appears_clear_from_paste,Primary market expanded to all visible candidate outcomes from paste.,,,,,,,,,,,,,,,,,,,,,,,,REPAIRED_QUERY_RESET: previous search/verification was unreliable or not executable; rerun with resolver v4.
76,RSO-0076,25,Brazil Presidential Election,Brazil Presidential Election — Luiz Inácio Lula da Silva,Will Luiz Inácio Lula da Silva win the Brazil Presidential Election?,Will Luiz Inácio Lula da Silva win the Brazil Presidential Election?,Brazil,brazil_presidential,presidential_two_round,brazil_president_winner_2026,tracked,brazil_core,multi_outcome_contract,1,Luiz Inácio Lula da Silva,will-luiz-inacio-lula-da-silva-win-the-brazil-presidential-election,will-luiz-inacio-lula-da-silva-win-the-brazil-presidential-election,brazil-presidential-election,Core Brazil presidential winner market; high-volume global election sample.,needs_slug_clob_verification,appears_strong_from_paste,appears_clear_from_paste,Visible candidate outcomes from pasted market. Add Other later only if resolver finds token.,,,,,,,,,,,,,,,,,,,,,,,,REPAIRED_QUERY_RESET: previous search/verification was unreliable or not executable; rerun with resolver v4.
77,RSO-0077,25,Brazil Presidential Election,Brazil Presidential Election — Flávio Bolsonaro,Will Flávio Bolsonaro win the Brazil Presidential Election?,Will Flávio Bolsonaro win the Brazil Presidential Election?,Brazil,brazil_presidential,presidential_two_round,brazil_president_winner_2026,tracked,brazil_core,multi_outcome_contract,2,Flávio Bolsonaro,will-flavio-bolsonaro-win-the-brazil-presidential-election,will-flavio-bolsonaro-win-the-brazil-presidential-election,brazil-presidential-election,Core Brazil presidential winner market; high-volume global election sample.,needs_slug_clob_verification,appears_strong_from_paste,appears_clear_from_paste,Visible candidate outcomes from pasted market. Add Other later only if resolver finds token.,,,,,,,,,,,,,,,,,,,,,,,,REPAIRED_QUERY_RESET: previous search/verification was unreliable or not executable; rerun with resolver v4.
78,RSO-0078,25,Brazil Presidential Election,Brazil Presidential Election — Renan Santos,Will Renan Santos win the Brazil Presidential Election?,Will Renan Santos win the Brazil Presidential Election?,Brazil,brazil_presidential,presidential_two_round,brazil_president_winner_2026,tracked,brazil_core,multi_outcome_contract,3,Renan Santos,will-renan-santos-win-the-brazil-presidential-election,will-renan-santos-win-the-brazil-presidential-election,brazil-presidential-election,Core Brazil presidential winner market; high-volume global election sample.,needs_slug_clob_verification,appears_strong_from_paste,appears_clear_from_paste,Visible candidate outcomes from pasted market. Add Other later only if resolver finds token.,,,,,,,,,,,,,,,,,,,,,,,,REPAIRED_QUERY_RESET: previous search/verification was unreliable or not executable; rerun with resolver v4.
79,RSO-0079,25,Brazil Presidential Election,Brazil Presidential Election — Michelle Bolsonaro,Will Michelle Bolsonaro win the Brazil Presidential Election?,Will Michelle Bolsonaro win the Brazil Presidential Election?,Brazil,brazil_presidential,presidential_two_round,brazil_president_winner_2026,tracked,brazil_core,multi_outcome_contract,4,Michelle Bolsonaro,will-michelle-bolsonaro-win-the-brazil-presidential-election,will-michelle-bolsonaro-win-the-brazil-presidential-election,brazil-presidential-election,Core Brazil presidential winner market; high-volume global election sample.,needs_slug_clob_verification,appears_strong_from_paste,appears_clear_from_paste,Visible candidate outcomes from pasted market. Add Other later only if resolver finds token.,,,,,,,,,,,,,,,,,,,,,,,,REPAIRED_QUERY_RESET: previous search/verification was unreliable or not executable; rerun with resolver v4.
80,RSO-0080,25,Brazil Presidential Election,Brazil Presidential Election — Ronaldo Caiado,Will Ronaldo Caiado win the Brazil Presidential Election?,Will Ronaldo Caiado win the Brazil Presidential Election?,Brazil,brazil_presidential,presidential_two_round,brazil_president_winner_2026,tracked,brazil_core,multi_outcome_contract,5,Ronaldo Caiado,will-ronaldo-caiado-win-the-brazil-presidential-election,will-ronaldo-caiado-win-the-brazil-presidential-election,brazil-presidential-election,Core Brazil presidential winner market; high-volume global election sample.,needs_slug_clob_verification,appears_strong_from_paste,appears_clear_from_paste,Visible candidate outcomes from pasted market. Add Other later only if resolver finds token.,,,,,,,,,,,,,,,,,,,,,,,,REPAIRED_QUERY_RESET: previous search/verification was unreliable or not executable; rerun with resolver v4.
81,RSO-0081,25,Brazil Presidential Election,Brazil Presidential Election — Fernando Haddad,Will Fernando Haddad win the Brazil Presidential Election?,Will Fernando Haddad win the Brazil Presidential Election?,Brazil,brazil_presidential,presidential_two_round,brazil_president_winner_2026,tracked,brazil_core,multi_outcome_contract,6,Fernando Haddad,will-fernando-haddad-win-the-brazil-presidential-election,will-fernando-haddad-win-the-brazil-presidential-election,brazil-presidential-election,Core Brazil presidential winner market; high-volume global election sample.,needs_slug_clob_verification,appears_strong_from_paste,appears_clear_from_paste,Visible candidate outcomes from pasted market. Add Other later only if resolver finds token.,,,,,,,,,,,,,,,,,,,,,,,,REPAIRED_QUERY_RESET: previous search/verification was unreliable or not executable; rerun with resolver v4.
82,RSO-0082,25,Brazil Presidential Election,Brazil Presidential Election — Camilo Santana,Will Camilo Santana win the Brazil Presidential Election?,Will Camilo Santana win the Brazil Presidential Election?,Brazil,brazil_presidential,presidential_two_round,brazil_president_winner_2026,tracked,brazil_core,multi_outcome_contract,7,Camilo Santana,will-camilo-santana-win-the-brazil-presidential-election,will-camilo-santana-win-the-brazil-presidential-election,brazil-presidential-election,Core Brazil presidential winner market; high-volume global election sample.,needs_slug_clob_verification,appears_strong_from_paste,appears_clear_from_paste,Visible candidate outcomes from pasted market. Add Other later only if resolver finds token.,,,,,,,,,,,,,,,,,,,,,,,,REPAIRED_QUERY_RESET: previous search/verification was unreliable or not executable; rerun with resolver v4.
83,RSO-0083,25,Brazil Presidential Election,Brazil Presidential Election — Romeu Zema,Will Romeu Zema win the Brazil Presidential Election?,Will Romeu Zema win the Brazil Presidential Election?,Brazil,brazil_presidential,presidential_two_round,brazil_president_winner_2026,tracked,brazil_core,multi_outcome_contract,8,Romeu Zema,will-romeu-zema-win-the-brazil-presidential-election,will-romeu-zema-win-the-brazil-presidential-election,brazil-presidential-election,Core Brazil presidential winner market; high-volume global election sample.,needs_slug_clob_verification,appears_strong_from_paste,appears_clear_from_paste,Visible candidate outcomes from pasted market. Add Other later only if resolver finds token.,,,,,,,,,,,,,,,,,,,,,,,,REPAIRED_QUERY_RESET: previous search/verification was unreliable or not executable; rerun with resolver v4.
84,RSO-0084,25,Brazil Presidential Election,Brazil Presidential Election — Jair Bolsonaro,Will Jair Bolsonaro win the Brazil Presidential Election?,Will Jair Bolsonaro win the Brazil Presidential Election?,Brazil,brazil_presidential,presidential_two_round,brazil_president_winner_2026,tracked,brazil_core,multi_outcome_contract,9,Jair Bolsonaro,will-jair-bolsonaro-win-the-brazil-presidential-election,will-jair-bolsonaro-win-the-brazil-presidential-election,brazil-presidential-election,Core Brazil presidential winner market; high-volume global election sample.,needs_slug_clob_verification,appears_strong_from_paste,appears_clear_from_paste,Visible candidate outcomes from pasted market. Add Other later only if resolver finds token.,,,,,,,,,,,,,,,,,,,,,,,,REPAIRED_QUERY_RESET: previous search/verification was unreliable or not executable; rerun with resolver v4.
85,RSO-0085,25,Brazil Presidential Election,Brazil Presidential Election — Geraldo Alckmin,Will Geraldo Alckmin win the Brazil Presidential Election?,Will Geraldo Alckmin win the Brazil Presidential Election?,Brazil,brazil_presidential,presidential_two_round,brazil_president_winner_2026,tracked,brazil_core,multi_outcome_contract,10,Geraldo Alckmin,will-geraldo-alckmin-win-the-brazil-presidential-election,will-geraldo-alckmin-win-the-brazil-presidential-election,brazil-presidential-election,Core Brazil presidential winner market; high-volume global election sample.,needs_slug_clob_verification,appears_strong_from_paste,appears_clear_from_paste,Visible candidate outcomes from pasted market. Add Other later only if resolver finds token.,,,,,,,,,,,,,,,,,,,,,,,,REPAIRED_QUERY_RESET: previous search/verification was unreliable or not executable; rerun with resolver v4.
86,RSO-0086,25,Brazil Presidential Election,Brazil Presidential Election — Tereza Cristina,Will Tereza Cristina win the Brazil Presidential Election?,Will Tereza Cristina win the Brazil Presidential Election?,Brazil,brazil_presidential,presidential_two_round,brazil_president_winner_2026,tracked,brazil_core,multi_outcome_contract,11,Tereza Cristina,will-tereza-cristina-win-the-brazil-presidential-election,will-tereza-cristina-win-the-brazil-presidential-election,brazil-presidential-election,Core Brazil presidential winner market; high-volume global election sample.,needs_slug_clob_verification,appears_strong_from_paste,appears_clear_from_paste,Visible candidate outcomes from pasted market. Add Other later only if resolver finds token.,,,,,,,,,,,,,,,,,,,,,,,,REPAIRED_QUERY_RESET: previous search/verification was unreliable or not executable; rerun with resolver v4.
87,RSO-0087,25,Brazil Presidential Election,Brazil Presidential Election — Tarcisio de Freitas,Will Tarcisio de Freitas win the Brazil Presidential Election?,Will Tarcisio de Freitas win the Brazil Presidential Election?,Brazil,brazil_presidential,presidential_two_round,brazil_president_winner_2026,tracked,brazil_core,multi_outcome_contract,12,Tarcisio de Freitas,will-tarcisio-de-freitas-win-the-brazil-presidential-election,will-tarcisio-de-freitas-win-the-brazil-presidential-election,brazil-presidential-election,Core Brazil presidential winner market; high-volume global election sample.,needs_slug_clob_verification,appears_strong_from_paste,appears_clear_from_paste,Visible candidate outcomes from pasted market. Add Other later only if resolver finds token.,,,,,,,,,,,,,,,,,,,,,,,,REPAIRED_QUERY_RESET: previous search/verification was unreliable or not executable; rerun with resolver v4.
88,RSO-0088,25,Brazil Presidential Election,Brazil Presidential Election — Eduardo Bolsonaro,Will Eduardo Bolsonaro win the Brazil Presidential Election?,Will Eduardo Bolsonaro win the Brazil Presidential Election?,Brazil,brazil_presidential,presidential_two_round,brazil_president_winner_2026,tracked,brazil_core,multi_outcome_contract,13,Eduardo Bolsonaro,will-eduardo-bolsonaro-win-the-brazil-presidential-election,will-eduardo-bolsonaro-win-the-brazil-presidential-election,brazil-presidential-election,Core Brazil presidential winner market; high-volume global election sample.,needs_slug_clob_verification,appears_strong_from_paste,appears_clear_from_paste,Visible candidate outcomes from pasted market. Add Other later only if resolver finds token.,,,,,,,,,,,,,,,,,,,,,,,,REPAIRED_QUERY_RESET: previous search/verification was unreliable or not executable; rerun with resolver v4.
89,RSO-0089,25,Brazil Presidential Election,Brazil Presidential Election — Aldo Rebelo,Will Aldo Rebelo win the Brazil Presidential Election?,Will Aldo Rebelo win the Brazil Presidential Election?,Brazil,brazil_presidential,presidential_two_round,brazil_president_winner_2026,tracked,brazil_core,multi_outcome_contract,14,Aldo Rebelo,will-aldo-rebelo-win-the-brazil-presidential-election,will-aldo-rebelo-win-the-brazil-presidential-election,brazil-presidential-election,Core Brazil presidential winner market; high-volume global election sample.,needs_slug_clob_verification,appears_strong_from_paste,appears_clear_from_paste,Visible candidate outcomes from pasted market. Add Other later only if resolver finds token.,,,,,,,,,,,,,,,,,,,,,,,,REPAIRED_QUERY_RESET: previous search/verification was unreliable or not executable; rerun with resolver v4.
90,RSO-0090,25,Brazil Presidential Election,Brazil Presidential Election — Helder Barbalho,Will Helder Barbalho win the Brazil Presidential Election?,Will Helder Barbalho win the Brazil Presidential Election?,Brazil,brazil_presidential,presidential_two_round,brazil_president_winner_2026,tracked,brazil_core,multi_outcome_contract,15,Helder Barbalho,will-helder-barbalho-win-the-brazil-presidential-election,will-helder-barbalho-win-the-brazil-presidential-election,brazil-presidential-election,Core Brazil presidential winner market; high-volume global election sample.,needs_slug_clob_verification,appears_strong_from_paste,appears_clear_from_paste,Visible candidate outcomes from pasted market. Add Other later only if resolver finds token.,,,,,,,,,,,,,,,,,,,,,,,,REPAIRED_QUERY_RESET: previous search/verification was unreliable or not executable; rerun with resolver v4.
91,RSO-0091,25,Brazil Presidential Election,Brazil Presidential Election — Ratinho Júnior,Will Ratinho Júnior win the Brazil Presidential Election?,Will Ratinho Júnior win the Brazil Presidential Election?,Brazil,brazil_presidential,presidential_two_round,brazil_president_winner_2026,tracked,brazil_core,multi_outcome_contract,16,Ratinho Júnior,will-ratinho-junior-win-the-brazil-presidential-election,will-ratinho-junior-win-the-brazil-presidential-election,brazil-presidential-election,Core Brazil presidential winner market; high-volume global election sample.,needs_slug_clob_verification,appears_strong_from_paste,appears_clear_from_paste,Visible candidate outcomes from pasted market. Add Other later only if resolver finds token.,,,,,,,,,,,,,,,,,,,,,,,,REPAIRED_QUERY_RESET: previous search/verification was unreliable or not executable; rerun with resolver v4.
92,RSO-0092,25,Brazil Presidential Election,Brazil Presidential Election — Eduardo Leite,Will Eduardo Leite win the Brazil Presidential Election?,Will Eduardo Leite win the Brazil Presidential Election?,Brazil,brazil_presidential,presidential_two_round,brazil_president_winner_2026,tracked,brazil_core,multi_outcome_contract,17,Eduardo Leite,will-eduardo-leite-win-the-brazil-presidential-election,will-eduardo-leite-win-the-brazil-presidential-election,brazil-presidential-election,Core Brazil presidential winner market; high-volume global election sample.,needs_slug_clob_verification,appears_strong_from_paste,appears_clear_from_paste,Visible candidate outcomes from pasted market. Add Other later only if resolver finds token.,,,,,,,,,,,,,,,,,,,,,,,,REPAIRED_QUERY_RESET: previous search/verification was unreliable or not executable; rerun with resolver v4.
93,RSO-0093,26,Brazil Presidential Election First Round: Margin of Victory,Brazil Presidential Election First Round: Margin of Victory — Lula da Silva 15%+,Brazil Presidential Election First Round: Margin of Victory — Lula da Silva 15%+,Brazil Presidential Election First Round: Margin of Victory — Lula da Silva 15%+,Brazil,brazil_presidential,presidential_two_round,brazil_first_round_margin_2026,tracked,brazil_core,range_contract,1,Lula da Silva 15%+,brazil-presidential-election-first-round-margin-of-victory-lula-da-silva-15-plus,brazil-presidential-election-first-round-margin-of-victory-lula-da-silva-15-plus,brazil-presidential-election-first-round-margin-of-victory,First-round margin distribution; split to each bracket/outcome.,needs_slug_clob_verification,needs_orderbook_check,appears_clear_from_paste,Range/candidate victory event expanded to all visible outcomes.,,,,,,,,,,,,,,,,,,,,,,,,REPAIRED_QUERY_RESET: previous search/verification was unreliable or not executable; rerun with resolver v4.
94,RSO-0094,26,Brazil Presidential Election First Round: Margin of Victory,Brazil Presidential Election First Round: Margin of Victory — Lula da Silva 10-15%,Brazil Presidential Election First Round: Margin of Victory — Lula da Silva 10-15%,Brazil Presidential Election First Round: Margin of Victory — Lula da Silva 10-15%,Brazil,brazil_presidential,presidential_two_round,brazil_first_round_margin_2026,tracked,brazil_core,range_contract,2,Lula da Silva 10-15%,brazil-presidential-election-first-round-margin-of-victory-lula-da-silva-10-15,brazil-presidential-election-first-round-margin-of-victory-lula-da-silva-10-15,brazil-presidential-election-first-round-margin-of-victory,First-round margin distribution; split to each bracket/outcome.,needs_slug_clob_verification,needs_orderbook_check,appears_clear_from_paste,Range/candidate victory event expanded to all visible outcomes.,,,,,,,,,,,,,,,,,,,,,,,,REPAIRED_QUERY_RESET: previous search/verification was unreliable or not executable; rerun with resolver v4.
95,RSO-0095,26,Brazil Presidential Election First Round: Margin of Victory,Brazil Presidential Election First Round: Margin of Victory — Lula da Silva 5-10%,Brazil Presidential Election First Round: Margin of Victory — Lula da Silva 5-10%,Brazil Presidential Election First Round: Margin of Victory — Lula da Silva 5-10%,Brazil,brazil_presidential,presidential_two_round,brazil_first_round_margin_2026,tracked,brazil_core,range_contract,3,Lula da Silva 5-10%,brazil-presidential-election-first-round-margin-of-victory-lula-da-silva-5-10,brazil-presidential-election-first-round-margin-of-victory-lula-da-silva-5-10,brazil-presidential-election-first-round-margin-of-victory,First-round margin distribution; split to each bracket/outcome.,needs_slug_clob_verification,needs_orderbook_check,appears_clear_from_paste,Range/candidate victory event expanded to all visible outcomes.,,,,,,,,,,,,,,,,,,,,,,,,REPAIRED_QUERY_RESET: previous search/verification was unreliable or not executable; rerun with resolver v4.
96,RSO-0096,26,Brazil Presidential Election First Round: Margin of Victory,Brazil Presidential Election First Round: Margin of Victory — Lula da Silva <5%,Brazil Presidential Election First Round: Margin of Victory — Lula da Silva <5%,Brazil Presidential Election First Round: Margin of Victory — Lula da Silva <5%,Brazil,brazil_presidential,presidential_two_round,brazil_first_round_margin_2026,tracked,brazil_core,range_contract,4,Lula da Silva <5%,brazil-presidential-election-first-round-margin-of-victory-lula-da-silva-less-than-5,brazil-presidential-election-first-round-margin-of-victory-lula-da-silva-less-than-5,brazil-presidential-election-first-round-margin-of-victory,First-round margin distribution; split to each bracket/outcome.,needs_slug_clob_verification,needs_orderbook_check,appears_clear_from_paste,Range/candidate victory event expanded to all visible outcomes.,,,,,,,,,,,,,,,,,,,,,,,,REPAIRED_QUERY_RESET: previous search/verification was unreliable or not executable; rerun with resolver v4.
97,RSO-0097,26,Brazil Presidential Election First Round: Margin of Victory,Brazil Presidential Election First Round: Margin of Victory — Flávio Bolsonaro 10%+,Brazil Presidential Election First Round: Margin of Victory — Flávio Bolsonaro 10%+,Brazil Presidential Election First Round: Margin of Victory — Flávio Bolsonaro 10%+,Brazil,brazil_presidential,presidential_two_round,brazil_first_round_margin_2026,tracked,brazil_core,range_contract,5,Flávio Bolsonaro 10%+,brazil-presidential-election-first-round-margin-of-victory-flavio-bolsonaro-10-plus,brazil-presidential-election-first-round-margin-of-victory-flavio-bolsonaro-10-plus,brazil-presidential-election-first-round-margin-of-victory,First-round margin distribution; split to each bracket/outcome.,needs_slug_clob_verification,needs_orderbook_check,appears_clear_from_paste,Range/candidate victory event expanded to all visible outcomes.,,,,,,,,,,,,,,,,,,,,,,,,REPAIRED_QUERY_RESET: previous search/verification was unreliable or not executable; rerun with resolver v4.
98,RSO-0098,26,Brazil Presidential Election First Round: Margin of Victory,Brazil Presidential Election First Round: Margin of Victory — Flávio Bolsonaro 5-10%,Brazil Presidential Election First Round: Margin of Victory — Flávio Bolsonaro 5-10%,Brazil Presidential Election First Round: Margin of Victory — Flávio Bolsonaro 5-10%,Brazil,brazil_presidential,presidential_two_round,brazil_first_round_margin_2026,tracked,brazil_core,range_contract,6,Flávio Bolsonaro 5-10%,brazil-presidential-election-first-round-margin-of-victory-flavio-bolsonaro-5-10,brazil-presidential-election-first-round-margin-of-victory-flavio-bolsonaro-5-10,brazil-presidential-election-first-round-margin-of-victory,First-round margin distribution; split to each bracket/outcome.,needs_slug_clob_verification,needs_orderbook_check,appears_clear_from_paste,Range/candidate victory event expanded to all visible outcomes.,,,,,,,,,,,,,,,,,,,,,,,,REPAIRED_QUERY_RESET: previous search/verification was unreliable or not executable; rerun with resolver v4.
99,RSO-0099,26,Brazil Presidential Election First Round: Margin of Victory,Brazil Presidential Election First Round: Margin of Victory — Flávio Bolsonaro <5%,Brazil Presidential Election First Round: Margin of Victory — Flávio Bolsonaro <5%,Brazil Presidential Election First Round: Margin of Victory — Flávio Bolsonaro <5%,Brazil,brazil_presidential,presidential_two_round,brazil_first_round_margin_2026,tracked,brazil_core,range_contract,7,Flávio Bolsonaro <5%,brazil-presidential-election-first-round-margin-of-victory-flavio-bolsonaro-less-than-5,brazil-presidential-election-first-round-margin-of-victory-flavio-bolsonaro-less-than-5,brazil-presidential-election-first-round-margin-of-victory,First-round margin distribution; split to each bracket/outcome.,needs_slug_clob_verification,needs_orderbook_check,appears_clear_from_paste,Range/candidate victory event expanded to all visible outcomes.,,,,,,,,,,,,,,,,,,,,,,,,REPAIRED_QUERY_RESET: previous search/verification was unreliable or not executable; rerun with resolver v4.
100,RSO-0100,26,Brazil Presidential Election First Round: Margin of Victory,Brazil Presidential Election First Round: Margin of Victory — Renan Santos Victory,Brazil Presidential Election First Round: Margin of Victory — Renan Santos Victory,Brazil Presidential Election First Round: Margin of Victory — Renan Santos Victory,Brazil,brazil_presidential,presidential_two_round,brazil_first_round_margin_2026,tracked,brazil_core,range_contract,8,Renan Santos Victory,brazil-presidential-election-first-round-margin-of-victory-renan-santos-victory,brazil-presidential-election-first-round-margin-of-victory-renan-santos-victory,brazil-presidential-election-first-round-margin-of-victory,First-round margin distribution; split to each bracket/outcome.,needs_slug_clob_verification,needs_orderbook_check,appears_clear_from_paste,Range/candidate victory event expanded to all visible outcomes.,,,,,,,,,,,,,,,,,,,,,,,,REPAIRED_QUERY_RESET: previous search/verification was unreliable or not executable; rerun with resolver v4.
101,RSO-0101,26,Brazil Presidential Election First Round: Margin of Victory,Brazil Presidential Election First Round: Margin of Victory — Tarcisio de Freitas Victory,Brazil Presidential Election First Round: Margin of Victory — Tarcisio de Freitas Victory,Brazil Presidential Election First Round: Margin of Victory — Tarcisio de Freitas Victory,Brazil,brazil_presidential,presidential_two_round,brazil_first_round_margin_2026,tracked,brazil_core,range_contract,9,Tarcisio de Freitas Victory,brazil-presidential-election-first-round-margin-of-victory-tarcisio-de-freitas-victory,brazil-presidential-election-first-round-margin-of-victory-tarcisio-de-freitas-victory,brazil-presidential-election-first-round-margin-of-victory,First-round margin distribution; split to each bracket/outcome.,needs_slug_clob_verification,needs_orderbook_check,appears_clear_from_paste,Range/candidate victory event expanded to all visible outcomes.,,,,,,,,,,,,,,,,,,,,,,,,REPAIRED_QUERY_RESET: previous search/verification was unreliable or not executable; rerun with resolver v4.
102,RSO-0102,26,Brazil Presidential Election First Round: Margin of Victory,Brazil Presidential Election First Round: Margin of Victory — Ratinho Júnior Victory,Brazil Presidential Election First Round: Margin of Victory — Ratinho Júnior Victory,Brazil Presidential Election First Round: Margin of Victory — Ratinho Júnior Victory,Brazil,brazil_presidential,presidential_two_round,brazil_first_round_margin_2026,tracked,brazil_core,range_contract,10,Ratinho Júnior Victory,brazil-presidential-election-first-round-margin-of-victory-ratinho-junior-victory,brazil-presidential-election-first-round-margin-of-victory-ratinho-junior-victory,brazil-presidential-election-first-round-margin-of-victory,First-round margin distribution; split to each bracket/outcome.,needs_slug_clob_verification,needs_orderbook_check,appears_clear_from_paste,Range/candidate victory event expanded to all visible outcomes.,,,,,,,,,,,,,,,,,,,,,,,,REPAIRED_QUERY_RESET: previous search/verification was unreliable or not executable; rerun with resolver v4.
103,RSO-0103,26,Brazil Presidential Election First Round: Margin of Victory,Brazil Presidential Election First Round: Margin of Victory — Other,Brazil Presidential Election First Round: Margin of Victory — Other,Brazil Presidential Election First Round: Margin of Victory — Other,Brazil,brazil_presidential,presidential_two_round,brazil_first_round_margin_2026,tracked,brazil_core,range_contract,11,Other,brazil-presidential-election-first-round-margin-of-victory-other,brazil-presidential-election-first-round-margin-of-victory-other,brazil-presidential-election-first-round-margin-of-victory,First-round margin distribution; split to each bracket/outcome.,needs_slug_clob_verification,needs_orderbook_check,appears_clear_from_paste,Range/candidate victory event expanded to all visible outcomes.,,,,,,,,,,,,,,,,,,,,,,,,REPAIRED_QUERY_RESET: previous search/verification was unreliable or not executable; rerun with resolver v4.
104,RSO-0104,27,Brazil Presidential Election First Round: 1st Place,Brazil Presidential Election First Round: 1st Place — Luiz Inácio Lula da Silva,Will Luiz Inácio Lula da Silva finish first in the Brazil presidential election first round?,Will Luiz Inácio Lula da Silva finish first in the Brazil presidential election first round?,Brazil,brazil_presidential,presidential_two_round,brazil_first_round_first_place_2026,tracked,brazil_core,multi_outcome_contract,1,Luiz Inácio Lula da Silva,will-luiz-inacio-lula-da-silva-finish-first-in-the-brazil-presidential-election-first-round,will-luiz-inacio-lula-da-silva-finish-first-in-the-brazil-presidential-election-first-round,brazil-presidential-election-first-round-1st-place,"User-requested first-round first-place market; not clearly visible in paste, so rows are included for resolver/manual verification.",needs_slug_clob_verification,needs_orderbook_check,needs_manual_review,"If no actual Polymarket event exists, mark this parent market REPLACE.",,,,,,,,,,,,,,,,,,,,,,,,REPAIRED_QUERY_RESET: previous search/verification was unreliable or not executable; rerun with resolver v4.
105,RSO-0105,27,Brazil Presidential Election First Round: 1st Place,Brazil Presidential Election First Round: 1st Place — Flávio Bolsonaro,Will Flávio Bolsonaro finish first in the Brazil presidential election first round?,Will Flávio Bolsonaro finish first in the Brazil presidential election first round?,Brazil,brazil_presidential,presidential_two_round,brazil_first_round_first_place_2026,tracked,brazil_core,multi_outcome_contract,2,Flávio Bolsonaro,will-flavio-bolsonaro-finish-first-in-the-brazil-presidential-election-first-round,will-flavio-bolsonaro-finish-first-in-the-brazil-presidential-election-first-round,brazil-presidential-election-first-round-1st-place,"User-requested first-round first-place market; not clearly visible in paste, so rows are included for resolver/manual verification.",needs_slug_clob_verification,needs_orderbook_check,needs_manual_review,"If no actual Polymarket event exists, mark this parent market REPLACE.",,,,,,,,,,,,,,,,,,,,,,,,REPAIRED_QUERY_RESET: previous search/verification was unreliable or not executable; rerun with resolver v4.
106,RSO-0106,27,Brazil Presidential Election First Round: 1st Place,Brazil Presidential Election First Round: 1st Place — Renan Santos,Will Renan Santos finish first in the Brazil presidential election first round?,Will Renan Santos finish first in the Brazil presidential election first round?,Brazil,brazil_presidential,presidential_two_round,brazil_first_round_first_place_2026,tracked,brazil_core,multi_outcome_contract,3,Renan Santos,will-renan-santos-finish-first-in-the-brazil-presidential-election-first-round,will-renan-santos-finish-first-in-the-brazil-presidential-election-first-round,brazil-presidential-election-first-round-1st-place,"User-requested first-round first-place market; not clearly visible in paste, so rows are included for resolver/manual verification.",needs_slug_clob_verification,needs_orderbook_check,needs_manual_review,"If no actual Polymarket event exists, mark this parent market REPLACE.",,,,,,,,,,,,,,,,,,,,,,,,REPAIRED_QUERY_RESET: previous search/verification was unreliable or not executable; rerun with resolver v4.
107,RSO-0107,27,Brazil Presidential Election First Round: 1st Place,Brazil Presidential Election First Round: 1st Place — Michelle Bolsonaro,Will Michelle Bolsonaro finish first in the Brazil presidential election first round?,Will Michelle Bolsonaro finish first in the Brazil presidential election first round?,Brazil,brazil_presidential,presidential_two_round,brazil_first_round_first_place_2026,tracked,brazil_core,multi_outcome_contract,4,Michelle Bolsonaro,will-michelle-bolsonaro-finish-first-in-the-brazil-presidential-election-first-round,will-michelle-bolsonaro-finish-first-in-the-brazil-presidential-election-first-round,brazil-presidential-election-first-round-1st-place,"User-requested first-round first-place market; not clearly visible in paste, so rows are included for resolver/manual verification.",needs_slug_clob_verification,needs_orderbook_check,needs_manual_review,"If no actual Polymarket event exists, mark this parent market REPLACE.",,,,,,,,,,,,,,,,,,,,,,,,REPAIRED_QUERY_RESET: previous search/verification was unreliable or not executable; rerun with resolver v4.
108,RSO-0108,27,Brazil Presidential Election First Round: 1st Place,Brazil Presidential Election First Round: 1st Place — Ronaldo Caiado,Will Ronaldo Caiado finish first in the Brazil presidential election first round?,Will Ronaldo Caiado finish first in the Brazil presidential election first round?,Brazil,brazil_presidential,presidential_two_round,brazil_first_round_first_place_2026,tracked,brazil_core,multi_outcome_contract,5,Ronaldo Caiado,will-ronaldo-caiado-finish-first-in-the-brazil-presidential-election-first-round,will-ronaldo-caiado-finish-first-in-the-brazil-presidential-election-first-round,brazil-presidential-election-first-round-1st-place,"User-requested first-round first-place market; not clearly visible in paste, so rows are included for resolver/manual verification.",needs_slug_clob_verification,needs_orderbook_check,needs_manual_review,"If no actual Polymarket event exists, mark this parent market REPLACE.",,,,,,,,,,,,,,,,,,,,,,,,REPAIRED_QUERY_RESET: previous search/verification was unreliable or not executable; rerun with resolver v4.
109,RSO-0109,27,Brazil Presidential Election First Round: 1st Place,Brazil Presidential Election First Round: 1st Place — Fernando Haddad,Will Fernando Haddad finish first in the Brazil presidential election first round?,Will Fernando Haddad finish first in the Brazil presidential election first round?,Brazil,brazil_presidential,presidential_two_round,brazil_first_round_first_place_2026,tracked,brazil_core,multi_outcome_contract,6,Fernando Haddad,will-fernando-haddad-finish-first-in-the-brazil-presidential-election-first-round,will-fernando-haddad-finish-first-in-the-brazil-presidential-election-first-round,brazil-presidential-election-first-round-1st-place,"User-requested first-round first-place market; not clearly visible in paste, so rows are included for resolver/manual verification.",needs_slug_clob_verification,needs_orderbook_check,needs_manual_review,"If no actual Polymarket event exists, mark this parent market REPLACE.",,,,,,,,,,,,,,,,,,,,,,,,REPAIRED_QUERY_RESET: previous search/verification was unreliable or not executable; rerun with resolver v4.
110,RSO-0110,27,Brazil Presidential Election First Round: 1st Place,Brazil Presidential Election First Round: 1st Place — Camilo Santana,Will Camilo Santana finish first in the Brazil presidential election first round?,Will Camilo Santana finish first in the Brazil presidential election first round?,Brazil,brazil_presidential,presidential_two_round,brazil_first_round_first_place_2026,tracked,brazil_core,multi_outcome_contract,7,Camilo Santana,will-camilo-santana-finish-first-in-the-brazil-presidential-election-first-round,will-camilo-santana-finish-first-in-the-brazil-presidential-election-first-round,brazil-presidential-election-first-round-1st-place,"User-requested first-round first-place market; not clearly visible in paste, so rows are included for resolver/manual verification.",needs_slug_clob_verification,needs_orderbook_check,needs_manual_review,"If no actual Polymarket event exists, mark this parent market REPLACE.",,,,,,,,,,,,,,,,,,,,,,,,REPAIRED_QUERY_RESET: previous search/verification was unreliable or not executable; rerun with resolver v4.
111,RSO-0111,27,Brazil Presidential Election First Round: 1st Place,Brazil Presidential Election First Round: 1st Place — Romeu Zema,Will Romeu Zema finish first in the Brazil presidential election first round?,Will Romeu Zema finish first in the Brazil presidential election first round?,Brazil,brazil_presidential,presidential_two_round,brazil_first_round_first_place_2026,tracked,brazil_core,multi_outcome_contract,8,Romeu Zema,will-romeu-zema-finish-first-in-the-brazil-presidential-election-first-round,will-romeu-zema-finish-first-in-the-brazil-presidential-election-first-round,brazil-presidential-election-first-round-1st-place,"User-requested first-round first-place market; not clearly visible in paste, so rows are included for resolver/manual verification.",needs_slug_clob_verification,needs_orderbook_check,needs_manual_review,"If no actual Polymarket event exists, mark this parent market REPLACE.",,,,,,,,,,,,,,,,,,,,,,,,REPAIRED_QUERY_RESET: previous search/verification was unreliable or not executable; rerun with resolver v4.
112,RSO-0112,27,Brazil Presidential Election First Round: 1st Place,Brazil Presidential Election First Round: 1st Place — Jair Bolsonaro,Will Jair Bolsonaro finish first in the Brazil presidential election first round?,Will Jair Bolsonaro finish first in the Brazil presidential election first round?,Brazil,brazil_presidential,presidential_two_round,brazil_first_round_first_place_2026,tracked,brazil_core,multi_outcome_contract,9,Jair Bolsonaro,will-jair-bolsonaro-finish-first-in-the-brazil-presidential-election-first-round,will-jair-bolsonaro-finish-first-in-the-brazil-presidential-election-first-round,brazil-presidential-election-first-round-1st-place,"User-requested first-round first-place market; not clearly visible in paste, so rows are included for resolver/manual verification.",needs_slug_clob_verification,needs_orderbook_check,needs_manual_review,"If no actual Polymarket event exists, mark this parent market REPLACE.",,,,,,,,,,,,,,,,,,,,,,,,REPAIRED_QUERY_RESET: previous search/verification was unreliable or not executable; rerun with resolver v4.
113,RSO-0113,27,Brazil Presidential Election First Round: 1st Place,Brazil Presidential Election First Round: 1st Place — Geraldo Alckmin,Will Geraldo Alckmin finish first in the Brazil presidential election first round?,Will Geraldo Alckmin finish first in the Brazil presidential election first round?,Brazil,brazil_presidential,presidential_two_round,brazil_first_round_first_place_2026,tracked,brazil_core,multi_outcome_contract,10,Geraldo Alckmin,will-geraldo-alckmin-finish-first-in-the-brazil-presidential-election-first-round,will-geraldo-alckmin-finish-first-in-the-brazil-presidential-election-first-round,brazil-presidential-election-first-round-1st-place,"User-requested first-round first-place market; not clearly visible in paste, so rows are included for resolver/manual verification.",needs_slug_clob_verification,needs_orderbook_check,needs_manual_review,"If no actual Polymarket event exists, mark this parent market REPLACE.",,,,,,,,,,,,,,,,,,,,,,,,REPAIRED_QUERY_RESET: previous search/verification was unreliable or not executable; rerun with resolver v4.
114,RSO-0114,27,Brazil Presidential Election First Round: 1st Place,Brazil Presidential Election First Round: 1st Place — Tereza Cristina,Will Tereza Cristina finish first in the Brazil presidential election first round?,Will Tereza Cristina finish first in the Brazil presidential election first round?,Brazil,brazil_presidential,presidential_two_round,brazil_first_round_first_place_2026,tracked,brazil_core,multi_outcome_contract,11,Tereza Cristina,will-tereza-cristina-finish-first-in-the-brazil-presidential-election-first-round,will-tereza-cristina-finish-first-in-the-brazil-presidential-election-first-round,brazil-presidential-election-first-round-1st-place,"User-requested first-round first-place market; not clearly visible in paste, so rows are included for resolver/manual verification.",needs_slug_clob_verification,needs_orderbook_check,needs_manual_review,"If no actual Polymarket event exists, mark this parent market REPLACE.",,,,,,,,,,,,,,,,,,,,,,,,REPAIRED_QUERY_RESET: previous search/verification was unreliable or not executable; rerun with resolver v4.
115,RSO-0115,27,Brazil Presidential Election First Round: 1st Place,Brazil Presidential Election First Round: 1st Place — Tarcisio de Freitas,Will Tarcisio de Freitas finish first in the Brazil presidential election first round?,Will Tarcisio de Freitas finish first in the Brazil presidential election first round?,Brazil,brazil_presidential,presidential_two_round,brazil_first_round_first_place_2026,tracked,brazil_core,multi_outcome_contract,12,Tarcisio de Freitas,will-tarcisio-de-freitas-finish-first-in-the-brazil-presidential-election-first-round,will-tarcisio-de-freitas-finish-first-in-the-brazil-presidential-election-first-round,brazil-presidential-election-first-round-1st-place,"User-requested first-round first-place market; not clearly visible in paste, so rows are included for resolver/manual verification.",needs_slug_clob_verification,needs_orderbook_check,needs_manual_review,"If no actual Polymarket event exists, mark this parent market REPLACE.",,,,,,,,,,,,,,,,,,,,,,,,REPAIRED_QUERY_RESET: previous search/verification was unreliable or not executable; rerun with resolver v4.
116,RSO-0116,27,Brazil Presidential Election First Round: 1st Place,Brazil Presidential Election First Round: 1st Place — Eduardo Bolsonaro,Will Eduardo Bolsonaro finish first in the Brazil presidential election first round?,Will Eduardo Bolsonaro finish first in the Brazil presidential election first round?,Brazil,brazil_presidential,presidential_two_round,brazil_first_round_first_place_2026,tracked,brazil_core,multi_outcome_contract,13,Eduardo Bolsonaro,will-eduardo-bolsonaro-finish-first-in-the-brazil-presidential-election-first-round,will-eduardo-bolsonaro-finish-first-in-the-brazil-presidential-election-first-round,brazil-presidential-election-first-round-1st-place,"User-requested first-round first-place market; not clearly visible in paste, so rows are included for resolver/manual verification.",needs_slug_clob_verification,needs_orderbook_check,needs_manual_review,"If no actual Polymarket event exists, mark this parent market REPLACE.",,,,,,,,,,,,,,,,,,,,,,,,REPAIRED_QUERY_RESET: previous search/verification was unreliable or not executable; rerun with resolver v4.
117,RSO-0117,27,Brazil Presidential Election First Round: 1st Place,Brazil Presidential Election First Round: 1st Place — Aldo Rebelo,Will Aldo Rebelo finish first in the Brazil presidential election first round?,Will Aldo Rebelo finish first in the Brazil presidential election first round?,Brazil,brazil_presidential,presidential_two_round,brazil_first_round_first_place_2026,tracked,brazil_core,multi_outcome_contract,14,Aldo Rebelo,will-aldo-rebelo-finish-first-in-the-brazil-presidential-election-first-round,will-aldo-rebelo-finish-first-in-the-brazil-presidential-election-first-round,brazil-presidential-election-first-round-1st-place,"User-requested first-round first-place market; not clearly visible in paste, so rows are included for resolver/manual verification.",needs_slug_clob_verification,needs_orderbook_check,needs_manual_review,"If no actual Polymarket event exists, mark this parent market REPLACE.",,,,,,,,,,,,,,,,,,,,,,,,REPAIRED_QUERY_RESET: previous search/verification was unreliable or not executable; rerun with resolver v4.
118,RSO-0118,27,Brazil Presidential Election First Round: 1st Place,Brazil Presidential Election First Round: 1st Place — Helder Barbalho,Will Helder Barbalho finish first in the Brazil presidential election first round?,Will Helder Barbalho finish first in the Brazil presidential election first round?,Brazil,brazil_presidential,presidential_two_round,brazil_first_round_first_place_2026,tracked,brazil_core,multi_outcome_contract,15,Helder Barbalho,will-helder-barbalho-finish-first-in-the-brazil-presidential-election-first-round,will-helder-barbalho-finish-first-in-the-brazil-presidential-election-first-round,brazil-presidential-election-first-round-1st-place,"User-requested first-round first-place market; not clearly visible in paste, so rows are included for resolver/manual verification.",needs_slug_clob_verification,needs_orderbook_check,needs_manual_review,"If no actual Polymarket event exists, mark this parent market REPLACE.",,,,,,,,,,,,,,,,,,,,,,,,REPAIRED_QUERY_RESET: previous search/verification was unreliable or not executable; rerun with resolver v4.
119,RSO-0119,27,Brazil Presidential Election First Round: 1st Place,Brazil Presidential Election First Round: 1st Place — Ratinho Júnior,Will Ratinho Júnior finish first in the Brazil presidential election first round?,Will Ratinho Júnior finish first in the Brazil presidential election first round?,Brazil,brazil_presidential,presidential_two_round,brazil_first_round_first_place_2026,tracked,brazil_core,multi_outcome_contract,16,Ratinho Júnior,will-ratinho-junior-finish-first-in-the-brazil-presidential-election-first-round,will-ratinho-junior-finish-first-in-the-brazil-presidential-election-first-round,brazil-presidential-election-first-round-1st-place,"User-requested first-round first-place market; not clearly visible in paste, so rows are included for resolver/manual verification.",needs_slug_clob_verification,needs_orderbook_check,needs_manual_review,"If no actual Polymarket event exists, mark this parent market REPLACE.",,,,,,,,,,,,,,,,,,,,,,,,REPAIRED_QUERY_RESET: previous search/verification was unreliable or not executable; rerun with resolver v4.
120,RSO-0120,27,Brazil Presidential Election First Round: 1st Place,Brazil Presidential Election First Round: 1st Place — Eduardo Leite,Will Eduardo Leite finish first in the Brazil presidential election first round?,Will Eduardo Leite finish first in the Brazil presidential election first round?,Brazil,brazil_presidential,presidential_two_round,brazil_first_round_first_place_2026,tracked,brazil_core,multi_outcome_contract,17,Eduardo Leite,will-eduardo-leite-finish-first-in-the-brazil-presidential-election-first-round,will-eduardo-leite-finish-first-in-the-brazil-presidential-election-first-round,brazil-presidential-election-first-round-1st-place,"User-requested first-round first-place market; not clearly visible in paste, so rows are included for resolver/manual verification.",needs_slug_clob_verification,needs_orderbook_check,needs_manual_review,"If no actual Polymarket event exists, mark this parent market REPLACE.",,,,,,,,,,,,,,,,,,,,,,,,REPAIRED_QUERY_RESET: previous search/verification was unreliable or not executable; rerun with resolver v4.
121,RSO-0121,28,Brazil Presidential Election First Round: 2nd Place,Brazil Presidential Election First Round: 2nd Place — Flávio Bolsonaro,Will Flávio Bolsonaro finish second in the Brazil presidential election first round?,Will Flávio Bolsonaro finish second in the Brazil presidential election first round?,Brazil,brazil_presidential,presidential_two_round,brazil_first_round_second_place_2026,tracked,brazil_core,multi_outcome_contract,1,Flávio Bolsonaro,will-flavio-bolsonaro-finish-second-in-the-brazil-presidential-election-first-round,will-flavio-bolsonaro-finish-second-in-the-brazil-presidential-election-first-round,brazil-presidential-election-first-round-2nd-place,First-round second-place market; important runoff-composition signal.,needs_slug_clob_verification,appears_strong_from_paste,appears_clear_from_paste,Expanded to all visible candidate outcomes.,,,,,,,,,,,,,,,,,,,,,,,,REPAIRED_QUERY_RESET: previous search/verification was unreliable or not executable; rerun with resolver v4.
122,RSO-0122,28,Brazil Presidential Election First Round: 2nd Place,Brazil Presidential Election First Round: 2nd Place — Renan Santos,Will Renan Santos finish second in the Brazil presidential election first round?,Will Renan Santos finish second in the Brazil presidential election first round?,Brazil,brazil_presidential,presidential_two_round,brazil_first_round_second_place_2026,tracked,brazil_core,multi_outcome_contract,2,Renan Santos,will-renan-santos-finish-second-in-the-brazil-presidential-election-first-round,will-renan-santos-finish-second-in-the-brazil-presidential-election-first-round,brazil-presidential-election-first-round-2nd-place,First-round second-place market; important runoff-composition signal.,needs_slug_clob_verification,appears_strong_from_paste,appears_clear_from_paste,Expanded to all visible candidate outcomes.,,,,,,,,,,,,,,,,,,,,,,,,REPAIRED_QUERY_RESET: previous search/verification was unreliable or not executable; rerun with resolver v4.
123,RSO-0123,28,Brazil Presidential Election First Round: 2nd Place,Brazil Presidential Election First Round: 2nd Place — Luiz Inácio Lula da Silva,Will Luiz Inácio Lula da Silva finish second in the Brazil presidential election first round?,Will Luiz Inácio Lula da Silva finish second in the Brazil presidential election first round?,Brazil,brazil_presidential,presidential_two_round,brazil_first_round_second_place_2026,tracked,brazil_core,multi_outcome_contract,3,Luiz Inácio Lula da Silva,will-luiz-inacio-lula-da-silva-finish-second-in-the-brazil-presidential-election-first-round,will-luiz-inacio-lula-da-silva-finish-second-in-the-brazil-presidential-election-first-round,brazil-presidential-election-first-round-2nd-place,First-round second-place market; important runoff-composition signal.,needs_slug_clob_verification,appears_strong_from_paste,appears_clear_from_paste,Expanded to all visible candidate outcomes.,,,,,,,,,,,,,,,,,,,,,,,,REPAIRED_QUERY_RESET: previous search/verification was unreliable or not executable; rerun with resolver v4.
124,RSO-0124,28,Brazil Presidential Election First Round: 2nd Place,Brazil Presidential Election First Round: 2nd Place — Romeu Zema,Will Romeu Zema finish second in the Brazil presidential election first round?,Will Romeu Zema finish second in the Brazil presidential election first round?,Brazil,brazil_presidential,presidential_two_round,brazil_first_round_second_place_2026,tracked,brazil_core,multi_outcome_contract,4,Romeu Zema,will-romeu-zema-finish-second-in-the-brazil-presidential-election-first-round,will-romeu-zema-finish-second-in-the-brazil-presidential-election-first-round,brazil-presidential-election-first-round-2nd-place,First-round second-place market; important runoff-composition signal.,needs_slug_clob_verification,appears_strong_from_paste,appears_clear_from_paste,Expanded to all visible candidate outcomes.,,,,,,,,,,,,,,,,,,,,,,,,REPAIRED_QUERY_RESET: previous search/verification was unreliable or not executable; rerun with resolver v4.
125,RSO-0125,28,Brazil Presidential Election First Round: 2nd Place,Brazil Presidential Election First Round: 2nd Place — Michelle Bolsonaro,Will Michelle Bolsonaro finish second in the Brazil presidential election first round?,Will Michelle Bolsonaro finish second in the Brazil presidential election first round?,Brazil,brazil_presidential,presidential_two_round,brazil_first_round_second_place_2026,tracked,brazil_core,multi_outcome_contract,5,Michelle Bolsonaro,will-michelle-bolsonaro-finish-second-in-the-brazil-presidential-election-first-round,will-michelle-bolsonaro-finish-second-in-the-brazil-presidential-election-first-round,brazil-presidential-election-first-round-2nd-place,First-round second-place market; important runoff-composition signal.,needs_slug_clob_verification,appears_strong_from_paste,appears_clear_from_paste,Expanded to all visible candidate outcomes.,,,,,,,,,,,,,,,,,,,,,,,,REPAIRED_QUERY_RESET: previous search/verification was unreliable or not executable; rerun with resolver v4.
126,RSO-0126,28,Brazil Presidential Election First Round: 2nd Place,Brazil Presidential Election First Round: 2nd Place — Fernando Haddad,Will Fernando Haddad finish second in the Brazil presidential election first round?,Will Fernando Haddad finish second in the Brazil presidential election first round?,Brazil,brazil_presidential,presidential_two_round,brazil_first_round_second_place_2026,tracked,brazil_core,multi_outcome_contract,6,Fernando Haddad,will-fernando-haddad-finish-second-in-the-brazil-presidential-election-first-round,will-fernando-haddad-finish-second-in-the-brazil-presidential-election-first-round,brazil-presidential-election-first-round-2nd-place,First-round second-place market; important runoff-composition signal.,needs_slug_clob_verification,appears_strong_from_paste,appears_clear_from_paste,Expanded to all visible candidate outcomes.,,,,,,,,,,,,,,,,,,,,,,,,REPAIRED_QUERY_RESET: previous search/verification was unreliable or not executable; rerun with resolver v4.
127,RSO-0127,28,Brazil Presidential Election First Round: 2nd Place,Brazil Presidential Election First Round: 2nd Place — Camilo Santana,Will Camilo Santana finish second in the Brazil presidential election first round?,Will Camilo Santana finish second in the Brazil presidential election first round?,Brazil,brazil_presidential,presidential_two_round,brazil_first_round_second_place_2026,tracked,brazil_core,multi_outcome_contract,7,Camilo Santana,will-camilo-santana-finish-second-in-the-brazil-presidential-election-first-round,will-camilo-santana-finish-second-in-the-brazil-presidential-election-first-round,brazil-presidential-election-first-round-2nd-place,First-round second-place market; important runoff-composition signal.,needs_slug_clob_verification,appears_strong_from_paste,appears_clear_from_paste,Expanded to all visible candidate outcomes.,,,,,,,,,,,,,,,,,,,,,,,,REPAIRED_QUERY_RESET: previous search/verification was unreliable or not executable; rerun with resolver v4.
128,RSO-0128,28,Brazil Presidential Election First Round: 2nd Place,Brazil Presidential Election First Round: 2nd Place — Ronaldo Caiado,Will Ronaldo Caiado finish second in the Brazil presidential election first round?,Will Ronaldo Caiado finish second in the Brazil presidential election first round?,Brazil,brazil_presidential,presidential_two_round,brazil_first_round_second_place_2026,tracked,brazil_core,multi_outcome_contract,8,Ronaldo Caiado,will-ronaldo-caiado-finish-second-in-the-brazil-presidential-election-first-round,will-ronaldo-caiado-finish-second-in-the-brazil-presidential-election-first-round,brazil-presidential-election-first-round-2nd-place,First-round second-place market; important runoff-composition signal.,needs_slug_clob_verification,appears_strong_from_paste,appears_clear_from_paste,Expanded to all visible candidate outcomes.,,,,,,,,,,,,,,,,,,,,,,,,REPAIRED_QUERY_RESET: previous search/verification was unreliable or not executable; rerun with resolver v4.
129,RSO-0129,28,Brazil Presidential Election First Round: 2nd Place,Brazil Presidential Election First Round: 2nd Place — Geraldo Alckmin,Will Geraldo Alckmin finish second in the Brazil presidential election first round?,Will Geraldo Alckmin finish second in the Brazil presidential election first round?,Brazil,brazil_presidential,presidential_two_round,brazil_first_round_second_place_2026,tracked,brazil_core,multi_outcome_contract,9,Geraldo Alckmin,will-geraldo-alckmin-finish-second-in-the-brazil-presidential-election-first-round,will-geraldo-alckmin-finish-second-in-the-brazil-presidential-election-first-round,brazil-presidential-election-first-round-2nd-place,First-round second-place market; important runoff-composition signal.,needs_slug_clob_verification,appears_strong_from_paste,appears_clear_from_paste,Expanded to all visible candidate outcomes.,,,,,,,,,,,,,,,,,,,,,,,,REPAIRED_QUERY_RESET: previous search/verification was unreliable or not executable; rerun with resolver v4.
130,RSO-0130,28,Brazil Presidential Election First Round: 2nd Place,Brazil Presidential Election First Round: 2nd Place — Tereza Cristina,Will Tereza Cristina finish second in the Brazil presidential election first round?,Will Tereza Cristina finish second in the Brazil presidential election first round?,Brazil,brazil_presidential,presidential_two_round,brazil_first_round_second_place_2026,tracked,brazil_core,multi_outcome_contract,10,Tereza Cristina,will-tereza-cristina-finish-second-in-the-brazil-presidential-election-first-round,will-tereza-cristina-finish-second-in-the-brazil-presidential-election-first-round,brazil-presidential-election-first-round-2nd-place,First-round second-place market; important runoff-composition signal.,needs_slug_clob_verification,appears_strong_from_paste,appears_clear_from_paste,Expanded to all visible candidate outcomes.,,,,,,,,,,,,,,,,,,,,,,,,REPAIRED_QUERY_RESET: previous search/verification was unreliable or not executable; rerun with resolver v4.
131,RSO-0131,28,Brazil Presidential Election First Round: 2nd Place,Brazil Presidential Election First Round: 2nd Place — Jair Bolsonaro,Will Jair Bolsonaro finish second in the Brazil presidential election first round?,Will Jair Bolsonaro finish second in the Brazil presidential election first round?,Brazil,brazil_presidential,presidential_two_round,brazil_first_round_second_place_2026,tracked,brazil_core,multi_outcome_contract,11,Jair Bolsonaro,will-jair-bolsonaro-finish-second-in-the-brazil-presidential-election-first-round,will-jair-bolsonaro-finish-second-in-the-brazil-presidential-election-first-round,brazil-presidential-election-first-round-2nd-place,First-round second-place market; important runoff-composition signal.,needs_slug_clob_verification,appears_strong_from_paste,appears_clear_from_paste,Expanded to all visible candidate outcomes.,,,,,,,,,,,,,,,,,,,,,,,,REPAIRED_QUERY_RESET: previous search/verification was unreliable or not executable; rerun with resolver v4.
132,RSO-0132,28,Brazil Presidential Election First Round: 2nd Place,Brazil Presidential Election First Round: 2nd Place — Ratinho Júnior,Will Ratinho Júnior finish second in the Brazil presidential election first round?,Will Ratinho Júnior finish second in the Brazil presidential election first round?,Brazil,brazil_presidential,presidential_two_round,brazil_first_round_second_place_2026,tracked,brazil_core,multi_outcome_contract,12,Ratinho Júnior,will-ratinho-junior-finish-second-in-the-brazil-presidential-election-first-round,will-ratinho-junior-finish-second-in-the-brazil-presidential-election-first-round,brazil-presidential-election-first-round-2nd-place,First-round second-place market; important runoff-composition signal.,needs_slug_clob_verification,appears_strong_from_paste,appears_clear_from_paste,Expanded to all visible candidate outcomes.,,,,,,,,,,,,,,,,,,,,,,,,REPAIRED_QUERY_RESET: previous search/verification was unreliable or not executable; rerun with resolver v4.
133,RSO-0133,28,Brazil Presidential Election First Round: 2nd Place,Brazil Presidential Election First Round: 2nd Place — Eduardo Bolsonaro,Will Eduardo Bolsonaro finish second in the Brazil presidential election first round?,Will Eduardo Bolsonaro finish second in the Brazil presidential election first round?,Brazil,brazil_presidential,presidential_two_round,brazil_first_round_second_place_2026,tracked,brazil_core,multi_outcome_contract,13,Eduardo Bolsonaro,will-eduardo-bolsonaro-finish-second-in-the-brazil-presidential-election-first-round,will-eduardo-bolsonaro-finish-second-in-the-brazil-presidential-election-first-round,brazil-presidential-election-first-round-2nd-place,First-round second-place market; important runoff-composition signal.,needs_slug_clob_verification,appears_strong_from_paste,appears_clear_from_paste,Expanded to all visible candidate outcomes.,,,,,,,,,,,,,,,,,,,,,,,,REPAIRED_QUERY_RESET: previous search/verification was unreliable or not executable; rerun with resolver v4.
134,RSO-0134,28,Brazil Presidential Election First Round: 2nd Place,Brazil Presidential Election First Round: 2nd Place — Aldo Rebelo,Will Aldo Rebelo finish second in the Brazil presidential election first round?,Will Aldo Rebelo finish second in the Brazil presidential election first round?,Brazil,brazil_presidential,presidential_two_round,brazil_first_round_second_place_2026,tracked,brazil_core,multi_outcome_contract,14,Aldo Rebelo,will-aldo-rebelo-finish-second-in-the-brazil-presidential-election-first-round,will-aldo-rebelo-finish-second-in-the-brazil-presidential-election-first-round,brazil-presidential-election-first-round-2nd-place,First-round second-place market; important runoff-composition signal.,needs_slug_clob_verification,appears_strong_from_paste,appears_clear_from_paste,Expanded to all visible candidate outcomes.,,,,,,,,,,,,,,,,,,,,,,,,REPAIRED_QUERY_RESET: previous search/verification was unreliable or not executable; rerun with resolver v4.
135,RSO-0135,28,Brazil Presidential Election First Round: 2nd Place,Brazil Presidential Election First Round: 2nd Place — Tarcisio de Freitas,Will Tarcisio de Freitas finish second in the Brazil presidential election first round?,Will Tarcisio de Freitas finish second in the Brazil presidential election first round?,Brazil,brazil_presidential,presidential_two_round,brazil_first_round_second_place_2026,tracked,brazil_core,multi_outcome_contract,15,Tarcisio de Freitas,will-tarcisio-de-freitas-finish-second-in-the-brazil-presidential-election-first-round,will-tarcisio-de-freitas-finish-second-in-the-brazil-presidential-election-first-round,brazil-presidential-election-first-round-2nd-place,First-round second-place market; important runoff-composition signal.,needs_slug_clob_verification,appears_strong_from_paste,appears_clear_from_paste,Expanded to all visible candidate outcomes.,,,,,,,,,,,,,,,,,,,,,,,,REPAIRED_QUERY_RESET: previous search/verification was unreliable or not executable; rerun with resolver v4.
136,RSO-0136,28,Brazil Presidential Election First Round: 2nd Place,Brazil Presidential Election First Round: 2nd Place — Eduardo Leite,Will Eduardo Leite finish second in the Brazil presidential election first round?,Will Eduardo Leite finish second in the Brazil presidential election first round?,Brazil,brazil_presidential,presidential_two_round,brazil_first_round_second_place_2026,tracked,brazil_core,multi_outcome_contract,16,Eduardo Leite,will-eduardo-leite-finish-second-in-the-brazil-presidential-election-first-round,will-eduardo-leite-finish-second-in-the-brazil-presidential-election-first-round,brazil-presidential-election-first-round-2nd-place,First-round second-place market; important runoff-composition signal.,needs_slug_clob_verification,appears_strong_from_paste,appears_clear_from_paste,Expanded to all visible candidate outcomes.,,,,,,,,,,,,,,,,,,,,,,,,REPAIRED_QUERY_RESET: previous search/verification was unreliable or not executable; rerun with resolver v4.
137,RSO-0137,28,Brazil Presidential Election First Round: 2nd Place,Brazil Presidential Election First Round: 2nd Place — Helder Barbalho,Will Helder Barbalho finish second in the Brazil presidential election first round?,Will Helder Barbalho finish second in the Brazil presidential election first round?,Brazil,brazil_presidential,presidential_two_round,brazil_first_round_second_place_2026,tracked,brazil_core,multi_outcome_contract,17,Helder Barbalho,will-helder-barbalho-finish-second-in-the-brazil-presidential-election-first-round,will-helder-barbalho-finish-second-in-the-brazil-presidential-election-first-round,brazil-presidential-election-first-round-2nd-place,First-round second-place market; important runoff-composition signal.,needs_slug_clob_verification,appears_strong_from_paste,appears_clear_from_paste,Expanded to all visible candidate outcomes.,,,,,,,,,,,,,,,,,,,,,,,,REPAIRED_QUERY_RESET: previous search/verification was unreliable or not executable; rerun with resolver v4.
138,RSO-0138,29,Brazil Presidential Election First Round: 3rd Place,Brazil Presidential Election First Round: 3rd Place — Renan Santos,Will Renan Santos finish third in the Brazil presidential election first round?,Will Renan Santos finish third in the Brazil presidential election first round?,Brazil,brazil_presidential,presidential_two_round,brazil_first_round_third_place_2026,tracked,brazil_core,multi_outcome_contract,1,Renan Santos,will-renan-santos-finish-third-in-the-brazil-presidential-election-first-round,will-renan-santos-finish-third-in-the-brazil-presidential-election-first-round,brazil-presidential-election-first-round-3rd-place,First-round third-place market; tests field fragmentation beyond Lula/Flávio.,needs_slug_clob_verification,appears_strong_from_paste,appears_clear_from_paste,Expanded to all visible candidate outcomes.,,,,,,,,,,,,,,,,,,,,,,,,REPAIRED_QUERY_RESET: previous search/verification was unreliable or not executable; rerun with resolver v4.
139,RSO-0139,29,Brazil Presidential Election First Round: 3rd Place,Brazil Presidential Election First Round: 3rd Place — Ronaldo Caiado,Will Ronaldo Caiado finish third in the Brazil presidential election first round?,Will Ronaldo Caiado finish third in the Brazil presidential election first round?,Brazil,brazil_presidential,presidential_two_round,brazil_first_round_third_place_2026,tracked,brazil_core,multi_outcome_contract,2,Ronaldo Caiado,will-ronaldo-caiado-finish-third-in-the-brazil-presidential-election-first-round,will-ronaldo-caiado-finish-third-in-the-brazil-presidential-election-first-round,brazil-presidential-election-first-round-3rd-place,First-round third-place market; tests field fragmentation beyond Lula/Flávio.,needs_slug_clob_verification,appears_strong_from_paste,appears_clear_from_paste,Expanded to all visible candidate outcomes.,,,,,,,,,,,,,,,,,,,,,,,,REPAIRED_QUERY_RESET: previous search/verification was unreliable or not executable; rerun with resolver v4.
140,RSO-0140,29,Brazil Presidential Election First Round: 3rd Place,Brazil Presidential Election First Round: 3rd Place — Romeu Zema,Will Romeu Zema finish third in the Brazil presidential election first round?,Will Romeu Zema finish third in the Brazil presidential election first round?,Brazil,brazil_presidential,presidential_two_round,brazil_first_round_third_place_2026,tracked,brazil_core,multi_outcome_contract,3,Romeu Zema,will-romeu-zema-finish-third-in-the-brazil-presidential-election-first-round,will-romeu-zema-finish-third-in-the-brazil-presidential-election-first-round,brazil-presidential-election-first-round-3rd-place,First-round third-place market; tests field fragmentation beyond Lula/Flávio.,needs_slug_clob_verification,appears_strong_from_paste,appears_clear_from_paste,Expanded to all visible candidate outcomes.,,,,,,,,,,,,,,,,,,,,,,,,REPAIRED_QUERY_RESET: previous search/verification was unreliable or not executable; rerun with resolver v4.
141,RSO-0141,29,Brazil Presidential Election First Round: 3rd Place,Brazil Presidential Election First Round: 3rd Place — Flávio Bolsonaro,Will Flávio Bolsonaro finish third in the Brazil presidential election first round?,Will Flávio Bolsonaro finish third in the Brazil presidential election first round?,Brazil,brazil_presidential,presidential_two_round,brazil_first_round_third_place_2026,tracked,brazil_core,multi_outcome_contract,4,Flávio Bolsonaro,will-flavio-bolsonaro-finish-third-in-the-brazil-presidential-election-first-round,will-flavio-bolsonaro-finish-third-in-the-brazil-presidential-election-first-round,brazil-presidential-election-first-round-3rd-place,First-round third-place market; tests field fragmentation beyond Lula/Flávio.,needs_slug_clob_verification,appears_strong_from_paste,appears_clear_from_paste,Expanded to all visible candidate outcomes.,,,,,,,,,,,,,,,,,,,,,,,,REPAIRED_QUERY_RESET: previous search/verification was unreliable or not executable; rerun with resolver v4.
142,RSO-0142,29,Brazil Presidential Election First Round: 3rd Place,Brazil Presidential Election First Round: 3rd Place — Fernando Haddad,Will Fernando Haddad finish third in the Brazil presidential election first round?,Will Fernando Haddad finish third in the Brazil presidential election first round?,Brazil,brazil_presidential,presidential_two_round,brazil_first_round_third_place_2026,tracked,brazil_core,multi_outcome_contract,5,Fernando Haddad,will-fernando-haddad-finish-third-in-the-brazil-presidential-election-first-round,will-fernando-haddad-finish-third-in-the-brazil-presidential-election-first-round,brazil-presidential-election-first-round-3rd-place,First-round third-place market; tests field fragmentation beyond Lula/Flávio.,needs_slug_clob_verification,appears_strong_from_paste,appears_clear_from_paste,Expanded to all visible candidate outcomes.,,,,,,,,,,,,,,,,,,,,,,,,REPAIRED_QUERY_RESET: previous search/verification was unreliable or not executable; rerun with resolver v4.
143,RSO-0143,29,Brazil Presidential Election First Round: 3rd Place,Brazil Presidential Election First Round: 3rd Place — Michelle Bolsonaro,Will Michelle Bolsonaro finish third in the Brazil presidential election first round?,Will Michelle Bolsonaro finish third in the Brazil presidential election first round?,Brazil,brazil_presidential,presidential_two_round,brazil_first_round_third_place_2026,tracked,brazil_core,multi_outcome_contract,6,Michelle Bolsonaro,will-michelle-bolsonaro-finish-third-in-the-brazil-presidential-election-first-round,will-michelle-bolsonaro-finish-third-in-the-brazil-presidential-election-first-round,brazil-presidential-election-first-round-3rd-place,First-round third-place market; tests field fragmentation beyond Lula/Flávio.,needs_slug_clob_verification,appears_strong_from_paste,appears_clear_from_paste,Expanded to all visible candidate outcomes.,,,,,,,,,,,,,,,,,,,,,,,,REPAIRED_QUERY_RESET: previous search/verification was unreliable or not executable; rerun with resolver v4.
144,RSO-0144,29,Brazil Presidential Election First Round: 3rd Place,Brazil Presidential Election First Round: 3rd Place — Luiz Inácio Lula da Silva,Will Luiz Inácio Lula da Silva finish third in the Brazil presidential election first round?,Will Luiz Inácio Lula da Silva finish third in the Brazil presidential election first round?,Brazil,brazil_presidential,presidential_two_round,brazil_first_round_third_place_2026,tracked,brazil_core,multi_outcome_contract,7,Luiz Inácio Lula da Silva,will-luiz-inacio-lula-da-silva-finish-third-in-the-brazil-presidential-election-first-round,will-luiz-inacio-lula-da-silva-finish-third-in-the-brazil-presidential-election-first-round,brazil-presidential-election-first-round-3rd-place,First-round third-place market; tests field fragmentation beyond Lula/Flávio.,needs_slug_clob_verification,appears_strong_from_paste,appears_clear_from_paste,Expanded to all visible candidate outcomes.,,,,,,,,,,,,,,,,,,,,,,,,REPAIRED_QUERY_RESET: previous search/verification was unreliable or not executable; rerun with resolver v4.
145,RSO-0145,29,Brazil Presidential Election First Round: 3rd Place,Brazil Presidential Election First Round: 3rd Place — Camilo Santana,Will Camilo Santana finish third in the Brazil presidential election first round?,Will Camilo Santana finish third in the Brazil presidential election first round?,Brazil,brazil_presidential,presidential_two_round,brazil_first_round_third_place_2026,tracked,brazil_core,multi_outcome_contract,8,Camilo Santana,will-camilo-santana-finish-third-in-the-brazil-presidential-election-first-round,will-camilo-santana-finish-third-in-the-brazil-presidential-election-first-round,brazil-presidential-election-first-round-3rd-place,First-round third-place market; tests field fragmentation beyond Lula/Flávio.,needs_slug_clob_verification,appears_strong_from_paste,appears_clear_from_paste,Expanded to all visible candidate outcomes.,,,,,,,,,,,,,,,,,,,,,,,,REPAIRED_QUERY_RESET: previous search/verification was unreliable or not executable; rerun with resolver v4.
146,RSO-0146,29,Brazil Presidential Election First Round: 3rd Place,Brazil Presidential Election First Round: 3rd Place — Eduardo Bolsonaro,Will Eduardo Bolsonaro finish third in the Brazil presidential election first round?,Will Eduardo Bolsonaro finish third in the Brazil presidential election first round?,Brazil,brazil_presidential,presidential_two_round,brazil_first_round_third_place_2026,tracked,brazil_core,multi_outcome_contract,9,Eduardo Bolsonaro,will-eduardo-bolsonaro-finish-third-in-the-brazil-presidential-election-first-round,will-eduardo-bolsonaro-finish-third-in-the-brazil-presidential-election-first-round,brazil-presidential-election-first-round-3rd-place,First-round third-place market; tests field fragmentation beyond Lula/Flávio.,needs_slug_clob_verification,appears_strong_from_paste,appears_clear_from_paste,Expanded to all visible candidate outcomes.,,,,,,,,,,,,,,,,,,,,,,,,REPAIRED_QUERY_RESET: previous search/verification was unreliable or not executable; rerun with resolver v4.
147,RSO-0147,29,Brazil Presidential Election First Round: 3rd Place,Brazil Presidential Election First Round: 3rd Place — Aldo Rebelo,Will Aldo Rebelo finish third in the Brazil presidential election first round?,Will Aldo Rebelo finish third in the Brazil presidential election first round?,Brazil,brazil_presidential,presidential_two_round,brazil_first_round_third_place_2026,tracked,brazil_core,multi_outcome_contract,10,Aldo Rebelo,will-aldo-rebelo-finish-third-in-the-brazil-presidential-election-first-round,will-aldo-rebelo-finish-third-in-the-brazil-presidential-election-first-round,brazil-presidential-election-first-round-3rd-place,First-round third-place market; tests field fragmentation beyond Lula/Flávio.,needs_slug_clob_verification,appears_strong_from_paste,appears_clear_from_paste,Expanded to all visible candidate outcomes.,,,,,,,,,,,,,,,,,,,,,,,,REPAIRED_QUERY_RESET: previous search/verification was unreliable or not executable; rerun with resolver v4.
148,RSO-0148,29,Brazil Presidential Election First Round: 3rd Place,Brazil Presidential Election First Round: 3rd Place — Tarcisio de Freitas,Will Tarcisio de Freitas finish third in the Brazil presidential election first round?,Will Tarcisio de Freitas finish third in the Brazil presidential election first round?,Brazil,brazil_presidential,presidential_two_round,brazil_first_round_third_place_2026,tracked,brazil_core,multi_outcome_contract,11,Tarcisio de Freitas,will-tarcisio-de-freitas-finish-third-in-the-brazil-presidential-election-first-round,will-tarcisio-de-freitas-finish-third-in-the-brazil-presidential-election-first-round,brazil-presidential-election-first-round-3rd-place,First-round third-place market; tests field fragmentation beyond Lula/Flávio.,needs_slug_clob_verification,appears_strong_from_paste,appears_clear_from_paste,Expanded to all visible candidate outcomes.,,,,,,,,,,,,,,,,,,,,,,,,REPAIRED_QUERY_RESET: previous search/verification was unreliable or not executable; rerun with resolver v4.
149,RSO-0149,29,Brazil Presidential Election First Round: 3rd Place,Brazil Presidential Election First Round: 3rd Place — Jair Bolsonaro,Will Jair Bolsonaro finish third in the Brazil presidential election first round?,Will Jair Bolsonaro finish third in the Brazil presidential election first round?,Brazil,brazil_presidential,presidential_two_round,brazil_first_round_third_place_2026,tracked,brazil_core,multi_outcome_contract,12,Jair Bolsonaro,will-jair-bolsonaro-finish-third-in-the-brazil-presidential-election-first-round,will-jair-bolsonaro-finish-third-in-the-brazil-presidential-election-first-round,brazil-presidential-election-first-round-3rd-place,First-round third-place market; tests field fragmentation beyond Lula/Flávio.,needs_slug_clob_verification,appears_strong_from_paste,appears_clear_from_paste,Expanded to all visible candidate outcomes.,,,,,,,,,,,,,,,,,,,,,,,,REPAIRED_QUERY_RESET: previous search/verification was unreliable or not executable; rerun with resolver v4.
150,RSO-0150,29,Brazil Presidential Election First Round: 3rd Place,Brazil Presidential Election First Round: 3rd Place — Ratinho Júnior,Will Ratinho Júnior finish third in the Brazil presidential election first round?,Will Ratinho Júnior finish third in the Brazil presidential election first round?,Brazil,brazil_presidential,presidential_two_round,brazil_first_round_third_place_2026,tracked,brazil_core,multi_outcome_contract,13,Ratinho Júnior,will-ratinho-junior-finish-third-in-the-brazil-presidential-election-first-round,will-ratinho-junior-finish-third-in-the-brazil-presidential-election-first-round,brazil-presidential-election-first-round-3rd-place,First-round third-place market; tests field fragmentation beyond Lula/Flávio.,needs_slug_clob_verification,appears_strong_from_paste,appears_clear_from_paste,Expanded to all visible candidate outcomes.,,,,,,,,,,,,,,,,,,,,,,,,REPAIRED_QUERY_RESET: previous search/verification was unreliable or not executable; rerun with resolver v4.
151,RSO-0151,29,Brazil Presidential Election First Round: 3rd Place,Brazil Presidential Election First Round: 3rd Place — Geraldo Alckmin,Will Geraldo Alckmin finish third in the Brazil presidential election first round?,Will Geraldo Alckmin finish third in the Brazil presidential election first round?,Brazil,brazil_presidential,presidential_two_round,brazil_first_round_third_place_2026,tracked,brazil_core,multi_outcome_contract,14,Geraldo Alckmin,will-geraldo-alckmin-finish-third-in-the-brazil-presidential-election-first-round,will-geraldo-alckmin-finish-third-in-the-brazil-presidential-election-first-round,brazil-presidential-election-first-round-3rd-place,First-round third-place market; tests field fragmentation beyond Lula/Flávio.,needs_slug_clob_verification,appears_strong_from_paste,appears_clear_from_paste,Expanded to all visible candidate outcomes.,,,,,,,,,,,,,,,,,,,,,,,,REPAIRED_QUERY_RESET: previous search/verification was unreliable or not executable; rerun with resolver v4.
152,RSO-0152,29,Brazil Presidential Election First Round: 3rd Place,Brazil Presidential Election First Round: 3rd Place — Tereza Cristina,Will Tereza Cristina finish third in the Brazil presidential election first round?,Will Tereza Cristina finish third in the Brazil presidential election first round?,Brazil,brazil_presidential,presidential_two_round,brazil_first_round_third_place_2026,tracked,brazil_core,multi_outcome_contract,15,Tereza Cristina,will-tereza-cristina-finish-third-in-the-brazil-presidential-election-first-round,will-tereza-cristina-finish-third-in-the-brazil-presidential-election-first-round,brazil-presidential-election-first-round-3rd-place,First-round third-place market; tests field fragmentation beyond Lula/Flávio.,needs_slug_clob_verification,appears_strong_from_paste,appears_clear_from_paste,Expanded to all visible candidate outcomes.,,,,,,,,,,,,,,,,,,,,,,,,REPAIRED_QUERY_RESET: previous search/verification was unreliable or not executable; rerun with resolver v4.
153,RSO-0153,29,Brazil Presidential Election First Round: 3rd Place,Brazil Presidential Election First Round: 3rd Place — Eduardo Leite,Will Eduardo Leite finish third in the Brazil presidential election first round?,Will Eduardo Leite finish third in the Brazil presidential election first round?,Brazil,brazil_presidential,presidential_two_round,brazil_first_round_third_place_2026,tracked,brazil_core,multi_outcome_contract,16,Eduardo Leite,will-eduardo-leite-finish-third-in-the-brazil-presidential-election-first-round,will-eduardo-leite-finish-third-in-the-brazil-presidential-election-first-round,brazil-presidential-election-first-round-3rd-place,First-round third-place market; tests field fragmentation beyond Lula/Flávio.,needs_slug_clob_verification,appears_strong_from_paste,appears_clear_from_paste,Expanded to all visible candidate outcomes.,,,,,,,,,,,,,,,,,,,,,,,,REPAIRED_QUERY_RESET: previous search/verification was unreliable or not executable; rerun with resolver v4.
154,RSO-0154,29,Brazil Presidential Election First Round: 3rd Place,Brazil Presidential Election First Round: 3rd Place — Helder Barbalho,Will Helder Barbalho finish third in the Brazil presidential election first round?,Will Helder Barbalho finish third in the Brazil presidential election first round?,Brazil,brazil_presidential,presidential_two_round,brazil_first_round_third_place_2026,tracked,brazil_core,multi_outcome_contract,17,Helder Barbalho,will-helder-barbalho-finish-third-in-the-brazil-presidential-election-first-round,will-helder-barbalho-finish-third-in-the-brazil-presidential-election-first-round,brazil-presidential-election-first-round-3rd-place,First-round third-place market; tests field fragmentation beyond Lula/Flávio.,needs_slug_clob_verification,appears_strong_from_paste,appears_clear_from_paste,Expanded to all visible candidate outcomes.,,,,,,,,,,,,,,,,,,,,,,,,REPAIRED_QUERY_RESET: previous search/verification was unreliable or not executable; rerun with resolver v4.
155,RSO-0155,30,São Paulo Governor Election Winner,São Paulo Governor Election Winner — Tarcísio de Freitas,Will Tarcísio de Freitas win the São Paulo Governor election?,Will Tarcísio de Freitas win the São Paulo Governor election?,Brazil,brazil_state,state_governor_two_round,sao_paulo_governor_2026,tracked,brazil_core,multi_outcome_contract,1,Tarcísio de Freitas,will-tarcisio-de-freitas-win-the-sao-paulo-governor-election,will-tarcisio-de-freitas-win-the-sao-paulo-governor-election,sao-paulo-governor-election-winner,Brazil state-level governor market; diversifies Brazil away from only presidential markets.,needs_slug_clob_verification,appears_ok_from_paste,appears_clear_from_paste,Expanded to all visible candidate outcomes.,,,,,,,,,,,,,,,,,,,,,,,,REPAIRED_QUERY_RESET: previous search/verification was unreliable or not executable; rerun with resolver v4.
156,RSO-0156,30,São Paulo Governor Election Winner,São Paulo Governor Election Winner — Fernando Haddad,Will Fernando Haddad win the São Paulo Governor election?,Will Fernando Haddad win the São Paulo Governor election?,Brazil,brazil_state,state_governor_two_round,sao_paulo_governor_2026,tracked,brazil_core,multi_outcome_contract,2,Fernando Haddad,will-fernando-haddad-win-the-sao-paulo-governor-election,will-fernando-haddad-win-the-sao-paulo-governor-election,sao-paulo-governor-election-winner,Brazil state-level governor market; diversifies Brazil away from only presidential markets.,needs_slug_clob_verification,appears_ok_from_paste,appears_clear_from_paste,Expanded to all visible candidate outcomes.,,,,,,,,,,,,,,,,,,,,,,,,REPAIRED_QUERY_RESET: previous search/verification was unreliable or not executable; rerun with resolver v4.
157,RSO-0157,30,São Paulo Governor Election Winner,São Paulo Governor Election Winner — Kim Kataguiri,Will Kim Kataguiri win the São Paulo Governor election?,Will Kim Kataguiri win the São Paulo Governor election?,Brazil,brazil_state,state_governor_two_round,sao_paulo_governor_2026,tracked,brazil_core,multi_outcome_contract,3,Kim Kataguiri,will-kim-kataguiri-win-the-sao-paulo-governor-election,will-kim-kataguiri-win-the-sao-paulo-governor-election,sao-paulo-governor-election-winner,Brazil state-level governor market; diversifies Brazil away from only presidential markets.,needs_slug_clob_verification,appears_ok_from_paste,appears_clear_from_paste,Expanded to all visible candidate outcomes.,,,,,,,,,,,,,,,,,,,,,,,,REPAIRED_QUERY_RESET: previous search/verification was unreliable or not executable; rerun with resolver v4.
158,RSO-0158,30,São Paulo Governor Election Winner,São Paulo Governor Election Winner — Márcio França,Will Márcio França win the São Paulo Governor election?,Will Márcio França win the São Paulo Governor election?,Brazil,brazil_state,state_governor_two_round,sao_paulo_governor_2026,tracked,brazil_core,multi_outcome_contract,4,Márcio França,will-marcio-franca-win-the-sao-paulo-governor-election,will-marcio-franca-win-the-sao-paulo-governor-election,sao-paulo-governor-election-winner,Brazil state-level governor market; diversifies Brazil away from only presidential markets.,needs_slug_clob_verification,appears_ok_from_paste,appears_clear_from_paste,Expanded to all visible candidate outcomes.,,,,,,,,,,,,,,,,,,,,,,,,REPAIRED_QUERY_RESET: previous search/verification was unreliable or not executable; rerun with resolver v4.
159,RSO-0159,30,São Paulo Governor Election Winner,São Paulo Governor Election Winner — Erika Hilton,Will Erika Hilton win the São Paulo Governor election?,Will Erika Hilton win the São Paulo Governor election?,Brazil,brazil_state,state_governor_two_round,sao_paulo_governor_2026,tracked,brazil_core,multi_outcome_contract,5,Erika Hilton,will-erika-hilton-win-the-sao-paulo-governor-election,will-erika-hilton-win-the-sao-paulo-governor-election,sao-paulo-governor-election-winner,Brazil state-level governor market; diversifies Brazil away from only presidential markets.,needs_slug_clob_verification,appears_ok_from_paste,appears_clear_from_paste,Expanded to all visible candidate outcomes.,,,,,,,,,,,,,,,,,,,,,,,,REPAIRED_QUERY_RESET: previous search/verification was unreliable or not executable; rerun with resolver v4.
160,RSO-0160,31,Next Prime Minister of Sweden,Next Prime Minister of Sweden — Magdalena Andersson,Will Magdalena Andersson be the next Prime Minister of Sweden?,Will Magdalena Andersson be the next Prime Minister of Sweden?,Sweden,global_satellite,parliamentary_coalition,sweden_pm_2026,tracked,global_satellite,multi_outcome_contract,1,Magdalena Andersson,will-magdalena-andersson-be-the-next-prime-minister-of-sweden,will-magdalena-andersson-be-the-next-prime-minister-of-sweden,next-prime-minister-of-sweden,Parliamentary/coalition satellite market; tests PM outcome vs party-seat outcome.,needs_slug_clob_verification,appears_strong_from_paste,appears_clear_from_paste,Expanded to all visible PM outcomes.,,,,,,,,,,,,,,,,,,,,,,,,REPAIRED_QUERY_RESET: previous search/verification was unreliable or not executable; rerun with resolver v4.
161,RSO-0161,31,Next Prime Minister of Sweden,Next Prime Minister of Sweden — Ulf Kristersson,Will Ulf Kristersson be the next Prime Minister of Sweden?,Will Ulf Kristersson be the next Prime Minister of Sweden?,Sweden,global_satellite,parliamentary_coalition,sweden_pm_2026,tracked,global_satellite,multi_outcome_contract,2,Ulf Kristersson,will-ulf-kristersson-be-the-next-prime-minister-of-sweden,will-ulf-kristersson-be-the-next-prime-minister-of-sweden,next-prime-minister-of-sweden,Parliamentary/coalition satellite market; tests PM outcome vs party-seat outcome.,needs_slug_clob_verification,appears_strong_from_paste,appears_clear_from_paste,Expanded to all visible PM outcomes.,,,,,,,,,,,,,,,,,,,,,,,,REPAIRED_QUERY_RESET: previous search/verification was unreliable or not executable; rerun with resolver v4.
162,RSO-0162,31,Next Prime Minister of Sweden,Next Prime Minister of Sweden — Jimmie Åkesson,Will Jimmie Åkesson be the next Prime Minister of Sweden?,Will Jimmie Åkesson be the next Prime Minister of Sweden?,Sweden,global_satellite,parliamentary_coalition,sweden_pm_2026,tracked,global_satellite,multi_outcome_contract,3,Jimmie Åkesson,will-jimmie-akesson-be-the-next-prime-minister-of-sweden,will-jimmie-akesson-be-the-next-prime-minister-of-sweden,next-prime-minister-of-sweden,Parliamentary/coalition satellite market; tests PM outcome vs party-seat outcome.,needs_slug_clob_verification,appears_strong_from_paste,appears_clear_from_paste,Expanded to all visible PM outcomes.,,,,,,,,,,,,,,,,,,,,,,,,REPAIRED_QUERY_RESET: previous search/verification was unreliable or not executable; rerun with resolver v4.
163,RSO-0163,31,Next Prime Minister of Sweden,Next Prime Minister of Sweden — Ebba Busch,Will Ebba Busch be the next Prime Minister of Sweden?,Will Ebba Busch be the next Prime Minister of Sweden?,Sweden,global_satellite,parliamentary_coalition,sweden_pm_2026,tracked,global_satellite,multi_outcome_contract,4,Ebba Busch,will-ebba-busch-be-the-next-prime-minister-of-sweden,will-ebba-busch-be-the-next-prime-minister-of-sweden,next-prime-minister-of-sweden,Parliamentary/coalition satellite market; tests PM outcome vs party-seat outcome.,needs_slug_clob_verification,appears_strong_from_paste,appears_clear_from_paste,Expanded to all visible PM outcomes.,,,,,,,,,,,,,,,,,,,,,,,,REPAIRED_QUERY_RESET: previous search/verification was unreliable or not executable; rerun with resolver v4.
164,RSO-0164,31,Next Prime Minister of Sweden,Next Prime Minister of Sweden — Anna-Karin Hatt,Will Anna-Karin Hatt be the next Prime Minister of Sweden?,Will Anna-Karin Hatt be the next Prime Minister of Sweden?,Sweden,global_satellite,parliamentary_coalition,sweden_pm_2026,tracked,global_satellite,multi_outcome_contract,5,Anna-Karin Hatt,will-anna-karin-hatt-be-the-next-prime-minister-of-sweden,will-anna-karin-hatt-be-the-next-prime-minister-of-sweden,next-prime-minister-of-sweden,Parliamentary/coalition satellite market; tests PM outcome vs party-seat outcome.,needs_slug_clob_verification,appears_strong_from_paste,appears_clear_from_paste,Expanded to all visible PM outcomes.,,,,,,,,,,,,,,,,,,,,,,,,REPAIRED_QUERY_RESET: previous search/verification was unreliable or not executable; rerun with resolver v4.
165,RSO-0165,31,Next Prime Minister of Sweden,Next Prime Minister of Sweden — Nooshi Dadgostar,Will Nooshi Dadgostar be the next Prime Minister of Sweden?,Will Nooshi Dadgostar be the next Prime Minister of Sweden?,Sweden,global_satellite,parliamentary_coalition,sweden_pm_2026,tracked,global_satellite,multi_outcome_contract,6,Nooshi Dadgostar,will-nooshi-dadgostar-be-the-next-prime-minister-of-sweden,will-nooshi-dadgostar-be-the-next-prime-minister-of-sweden,next-prime-minister-of-sweden,Parliamentary/coalition satellite market; tests PM outcome vs party-seat outcome.,needs_slug_clob_verification,appears_strong_from_paste,appears_clear_from_paste,Expanded to all visible PM outcomes.,,,,,,,,,,,,,,,,,,,,,,,,REPAIRED_QUERY_RESET: previous search/verification was unreliable or not executable; rerun with resolver v4.
166,RSO-0166,31,Next Prime Minister of Sweden,Next Prime Minister of Sweden — Amanda Lind,Will Amanda Lind be the next Prime Minister of Sweden?,Will Amanda Lind be the next Prime Minister of Sweden?,Sweden,global_satellite,parliamentary_coalition,sweden_pm_2026,tracked,global_satellite,multi_outcome_contract,7,Amanda Lind,will-amanda-lind-be-the-next-prime-minister-of-sweden,will-amanda-lind-be-the-next-prime-minister-of-sweden,next-prime-minister-of-sweden,Parliamentary/coalition satellite market; tests PM outcome vs party-seat outcome.,needs_slug_clob_verification,appears_strong_from_paste,appears_clear_from_paste,Expanded to all visible PM outcomes.,,,,,,,,,,,,,,,,,,,,,,,,REPAIRED_QUERY_RESET: previous search/verification was unreliable or not executable; rerun with resolver v4.
167,RSO-0167,31,Next Prime Minister of Sweden,Next Prime Minister of Sweden — Simona Mohamsson,Will Simona Mohamsson be the next Prime Minister of Sweden?,Will Simona Mohamsson be the next Prime Minister of Sweden?,Sweden,global_satellite,parliamentary_coalition,sweden_pm_2026,tracked,global_satellite,multi_outcome_contract,8,Simona Mohamsson,will-simona-mohamsson-be-the-next-prime-minister-of-sweden,will-simona-mohamsson-be-the-next-prime-minister-of-sweden,next-prime-minister-of-sweden,Parliamentary/coalition satellite market; tests PM outcome vs party-seat outcome.,needs_slug_clob_verification,appears_strong_from_paste,appears_clear_from_paste,Expanded to all visible PM outcomes.,,,,,,,,,,,,,,,,,,,,,,,,REPAIRED_QUERY_RESET: previous search/verification was unreliable or not executable; rerun with resolver v4.
168,RSO-0168,31,Next Prime Minister of Sweden,Next Prime Minister of Sweden — Daniel Helldén,Will Daniel Helldén be the next Prime Minister of Sweden?,Will Daniel Helldén be the next Prime Minister of Sweden?,Sweden,global_satellite,parliamentary_coalition,sweden_pm_2026,tracked,global_satellite,multi_outcome_contract,9,Daniel Helldén,will-daniel-hellden-be-the-next-prime-minister-of-sweden,will-daniel-hellden-be-the-next-prime-minister-of-sweden,next-prime-minister-of-sweden,Parliamentary/coalition satellite market; tests PM outcome vs party-seat outcome.,needs_slug_clob_verification,appears_strong_from_paste,appears_clear_from_paste,Expanded to all visible PM outcomes.,,,,,,,,,,,,,,,,,,,,,,,,REPAIRED_QUERY_RESET: previous search/verification was unreliable or not executable; rerun with resolver v4.
169,RSO-0169,31,Next Prime Minister of Sweden,Next Prime Minister of Sweden — Elisabeth Thand Ringqvist,Will Elisabeth Thand Ringqvist be the next Prime Minister of Sweden?,Will Elisabeth Thand Ringqvist be the next Prime Minister of Sweden?,Sweden,global_satellite,parliamentary_coalition,sweden_pm_2026,tracked,global_satellite,multi_outcome_contract,10,Elisabeth Thand Ringqvist,will-elisabeth-thand-ringqvist-be-the-next-prime-minister-of-sweden,will-elisabeth-thand-ringqvist-be-the-next-prime-minister-of-sweden,next-prime-minister-of-sweden,Parliamentary/coalition satellite market; tests PM outcome vs party-seat outcome.,needs_slug_clob_verification,appears_strong_from_paste,appears_clear_from_paste,Expanded to all visible PM outcomes.,,,,,,,,,,,,,,,,,,,,,,,,REPAIRED_QUERY_RESET: previous search/verification was unreliable or not executable; rerun with resolver v4.
170,RSO-0170,32,Sweden Parliamentary Election Winner,Sweden Parliamentary Election Winner — Swedish Social Democratic Party (S),Will Swedish Social Democratic Party win the most seats in the Sweden parliamentary election?,Will Swedish Social Democratic Party win the most seats in the Sweden parliamentary election?,Sweden,global_satellite,parliamentary_coalition,sweden_most_seats_2026,tracked,global_satellite,multi_outcome_contract,1,Swedish Social Democratic Party (S),will-swedish-social-democratic-party-win-the-most-seats-in-the-sweden-parliamentary-election,will-swedish-social-democratic-party-win-the-most-seats-in-the-sweden-parliamentary-election,sweden-parliamentary-election-winner,Most-seats counterpart to Sweden PM market.,needs_slug_clob_verification,appears_strong_from_paste,appears_clear_from_paste,Expanded to visible party outcomes; resolver may reveal more parties.,,,,,,,,,,,,,,,,,,,,,,,,REPAIRED_QUERY_RESET: previous search/verification was unreliable or not executable; rerun with resolver v4.
171,RSO-0171,32,Sweden Parliamentary Election Winner,Sweden Parliamentary Election Winner — Sweden Democrats (SD),Will Sweden Democrats (SD) win the most seats in the Sweden parliamentary election?,Will Sweden Democrats (SD) win the most seats in the Sweden parliamentary election?,Sweden,global_satellite,parliamentary_coalition,sweden_most_seats_2026,tracked,global_satellite,multi_outcome_contract,2,Sweden Democrats (SD),will-sweden-democrats-sd-win-the-most-seats-in-the-sweden-parliamentary-election,will-sweden-democrats-sd-win-the-most-seats-in-the-sweden-parliamentary-election,sweden-parliamentary-election-winner,Most-seats counterpart to Sweden PM market.,needs_slug_clob_verification,appears_strong_from_paste,appears_clear_from_paste,Expanded to visible party outcomes; resolver may reveal more parties.,,,,,,,,,,,,,,,,,,,,,,,,REPAIRED_QUERY_RESET: previous search/verification was unreliable or not executable; rerun with resolver v4.
172,RSO-0172,32,Sweden Parliamentary Election Winner,Sweden Parliamentary Election Winner — Green Party (MP),Will Green Party (MP) win the most seats in the Sweden parliamentary election?,Will Green Party (MP) win the most seats in the Sweden parliamentary election?,Sweden,global_satellite,parliamentary_coalition,sweden_most_seats_2026,tracked,global_satellite,multi_outcome_contract,3,Green Party (MP),will-green-party-mp-win-the-most-seats-in-the-sweden-parliamentary-election,will-green-party-mp-win-the-most-seats-in-the-sweden-parliamentary-election,sweden-parliamentary-election-winner,Most-seats counterpart to Sweden PM market.,needs_slug_clob_verification,appears_strong_from_paste,appears_clear_from_paste,Expanded to visible party outcomes; resolver may reveal more parties.,,,,,,,,,,,,,,,,,,,,,,,,REPAIRED_QUERY_RESET: previous search/verification was unreliable or not executable; rerun with resolver v4.
173,RSO-0173,32,Sweden Parliamentary Election Winner,Sweden Parliamentary Election Winner — Christian Democrats (KD),Will Christian Democrats (KD) win the most seats in the Sweden parliamentary election?,Will Christian Democrats (KD) win the most seats in the Sweden parliamentary election?,Sweden,global_satellite,parliamentary_coalition,sweden_most_seats_2026,tracked,global_satellite,multi_outcome_contract,4,Christian Democrats (KD),will-christian-democrats-kd-win-the-most-seats-in-the-sweden-parliamentary-election,will-christian-democrats-kd-win-the-most-seats-in-the-sweden-parliamentary-election,sweden-parliamentary-election-winner,Most-seats counterpart to Sweden PM market.,needs_slug_clob_verification,appears_strong_from_paste,appears_clear_from_paste,Expanded to visible party outcomes; resolver may reveal more parties.,,,,,,,,,,,,,,,,,,,,,,,,REPAIRED_QUERY_RESET: previous search/verification was unreliable or not executable; rerun with resolver v4.
174,RSO-0174,33,Next Premier of Quebec,Next Premier of Quebec — Paul St-Pierre Plamondon,Will Paul St-Pierre Plamondon be the next Premier of Quebec?,Will Paul St-Pierre Plamondon be the next Premier of Quebec?,Canada,global_satellite,provincial_parliamentary,quebec_next_premier_2026,tracked,global_satellite,multi_outcome_contract,1,Paul St-Pierre Plamondon,will-paul-st-pierre-plamondon-be-the-next-premier-of-quebec,will-paul-st-pierre-plamondon-be-the-next-premier-of-quebec,next-premier-of-quebec,Canadian provincial executive satellite market.,needs_slug_clob_verification,needs_orderbook_check,appears_clear_from_paste,Expanded to all visible premier outcomes.,,,,,,,,,,,,,,,,,,,,,,,,REPAIRED_QUERY_RESET: previous search/verification was unreliable or not executable; rerun with resolver v4.
175,RSO-0175,33,Next Premier of Quebec,Next Premier of Quebec — Charles Milliard,Will Charles Milliard be the next Premier of Quebec?,Will Charles Milliard be the next Premier of Quebec?,Canada,global_satellite,provincial_parliamentary,quebec_next_premier_2026,tracked,global_satellite,multi_outcome_contract,2,Charles Milliard,will-charles-milliard-be-the-next-premier-of-quebec,will-charles-milliard-be-the-next-premier-of-quebec,next-premier-of-quebec,Canadian provincial executive satellite market.,needs_slug_clob_verification,needs_orderbook_check,appears_clear_from_paste,Expanded to all visible premier outcomes.,,,,,,,,,,,,,,,,,,,,,,,,REPAIRED_QUERY_RESET: previous search/verification was unreliable or not executable; rerun with resolver v4.
176,RSO-0176,33,Next Premier of Quebec,Next Premier of Quebec — Christine Fréchette,Will Christine Fréchette be the next Premier of Quebec?,Will Christine Fréchette be the next Premier of Quebec?,Canada,global_satellite,provincial_parliamentary,quebec_next_premier_2026,tracked,global_satellite,multi_outcome_contract,3,Christine Fréchette,will-christine-frechette-be-the-next-premier-of-quebec,will-christine-frechette-be-the-next-premier-of-quebec,next-premier-of-quebec,Canadian provincial executive satellite market.,needs_slug_clob_verification,needs_orderbook_check,appears_clear_from_paste,Expanded to all visible premier outcomes.,,,,,,,,,,,,,,,,,,,,,,,,REPAIRED_QUERY_RESET: previous search/verification was unreliable or not executable; rerun with resolver v4.
177,RSO-0177,33,Next Premier of Quebec,Next Premier of Quebec — Bernard Drainville,Will Bernard Drainville be the next Premier of Quebec?,Will Bernard Drainville be the next Premier of Quebec?,Canada,global_satellite,provincial_parliamentary,quebec_next_premier_2026,tracked,global_satellite,multi_outcome_contract,4,Bernard Drainville,will-bernard-drainville-be-the-next-premier-of-quebec,will-bernard-drainville-be-the-next-premier-of-quebec,next-premier-of-quebec,Canadian provincial executive satellite market.,needs_slug_clob_verification,needs_orderbook_check,appears_clear_from_paste,Expanded to all visible premier outcomes.,,,,,,,,,,,,,,,,,,,,,,,,REPAIRED_QUERY_RESET: previous search/verification was unreliable or not executable; rerun with resolver v4.
178,RSO-0178,33,Next Premier of Quebec,Next Premier of Quebec — Ruba Ghazal,Will Ruba Ghazal be the next Premier of Quebec?,Will Ruba Ghazal be the next Premier of Quebec?,Canada,global_satellite,provincial_parliamentary,quebec_next_premier_2026,tracked,global_satellite,multi_outcome_contract,5,Ruba Ghazal,will-ruba-ghazal-be-the-next-premier-of-quebec,will-ruba-ghazal-be-the-next-premier-of-quebec,next-premier-of-quebec,Canadian provincial executive satellite market.,needs_slug_clob_verification,needs_orderbook_check,appears_clear_from_paste,Expanded to all visible premier outcomes.,,,,,,,,,,,,,,,,,,,,,,,,REPAIRED_QUERY_RESET: previous search/verification was unreliable or not executable; rerun with resolver v4.
179,RSO-0179,33,Next Premier of Quebec,Next Premier of Quebec — Sol Zanetti,Will Sol Zanetti be the next Premier of Quebec?,Will Sol Zanetti be the next Premier of Quebec?,Canada,global_satellite,provincial_parliamentary,quebec_next_premier_2026,tracked,global_satellite,multi_outcome_contract,6,Sol Zanetti,will-sol-zanetti-be-the-next-premier-of-quebec,will-sol-zanetti-be-the-next-premier-of-quebec,next-premier-of-quebec,Canadian provincial executive satellite market.,needs_slug_clob_verification,needs_orderbook_check,appears_clear_from_paste,Expanded to all visible premier outcomes.,,,,,,,,,,,,,,,,,,,,,,,,REPAIRED_QUERY_RESET: previous search/verification was unreliable or not executable; rerun with resolver v4.
180,RSO-0180,33,Next Premier of Quebec,Next Premier of Quebec — Éric Duhaime,Will Éric Duhaime be the next Premier of Quebec?,Will Éric Duhaime be the next Premier of Quebec?,Canada,global_satellite,provincial_parliamentary,quebec_next_premier_2026,tracked,global_satellite,multi_outcome_contract,7,Éric Duhaime,will-eric-duhaime-be-the-next-premier-of-quebec,will-eric-duhaime-be-the-next-premier-of-quebec,next-premier-of-quebec,Canadian provincial executive satellite market.,needs_slug_clob_verification,needs_orderbook_check,appears_clear_from_paste,Expanded to all visible premier outcomes.,,,,,,,,,,,,,,,,,,,,,,,,REPAIRED_QUERY_RESET: previous search/verification was unreliable or not executable; rerun with resolver v4.
181,RSO-0181,34,Quebec General Election Winner,Quebec General Election Winner — PQ,Will PQ win the Quebec General Election?,Will PQ win the Quebec General Election?,Canada,global_satellite,provincial_parliamentary,quebec_general_election_winner_2026,tracked,global_satellite,multi_outcome_contract,1,PQ,will-pq-win-the-quebec-general-election,will-pq-win-the-quebec-general-election,quebec-general-election-winner,Canadian provincial most-seats/party winner market.,needs_slug_clob_verification,appears_ok_from_paste,appears_clear_from_paste,Expanded to all visible party outcomes.,,,,,,,,,,,,,,,,,,,,,,,,REPAIRED_QUERY_RESET: previous search/verification was unreliable or not executable; rerun with resolver v4.
182,RSO-0182,34,Quebec General Election Winner,Quebec General Election Winner — PLQ,Will PLQ win the Quebec General Election?,Will PLQ win the Quebec General Election?,Canada,global_satellite,provincial_parliamentary,quebec_general_election_winner_2026,tracked,global_satellite,multi_outcome_contract,2,PLQ,will-plq-win-the-quebec-general-election,will-plq-win-the-quebec-general-election,quebec-general-election-winner,Canadian provincial most-seats/party winner market.,needs_slug_clob_verification,appears_ok_from_paste,appears_clear_from_paste,Expanded to all visible party outcomes.,,,,,,,,,,,,,,,,,,,,,,,,REPAIRED_QUERY_RESET: previous search/verification was unreliable or not executable; rerun with resolver v4.
183,RSO-0183,34,Quebec General Election Winner,Quebec General Election Winner — CAQ,Will CAQ win the Quebec General Election?,Will CAQ win the Quebec General Election?,Canada,global_satellite,provincial_parliamentary,quebec_general_election_winner_2026,tracked,global_satellite,multi_outcome_contract,3,CAQ,will-caq-win-the-quebec-general-election,will-caq-win-the-quebec-general-election,quebec-general-election-winner,Canadian provincial most-seats/party winner market.,needs_slug_clob_verification,appears_ok_from_paste,appears_clear_from_paste,Expanded to all visible party outcomes.,,,,,,,,,,,,,,,,,,,,,,,,REPAIRED_QUERY_RESET: previous search/verification was unreliable or not executable; rerun with resolver v4.
184,RSO-0184,34,Quebec General Election Winner,Quebec General Election Winner — PCQ,Will PCQ win the Quebec General Election?,Will PCQ win the Quebec General Election?,Canada,global_satellite,provincial_parliamentary,quebec_general_election_winner_2026,tracked,global_satellite,multi_outcome_contract,4,PCQ,will-pcq-win-the-quebec-general-election,will-pcq-win-the-quebec-general-election,quebec-general-election-winner,Canadian provincial most-seats/party winner market.,needs_slug_clob_verification,appears_ok_from_paste,appears_clear_from_paste,Expanded to all visible party outcomes.,,,,,,,,,,,,,,,,,,,,,,,,REPAIRED_QUERY_RESET: previous search/verification was unreliable or not executable; rerun with resolver v4.
185,RSO-0185,34,Quebec General Election Winner,Quebec General Election Winner — QS,Will QS win the Quebec General Election?,Will QS win the Quebec General Election?,Canada,global_satellite,provincial_parliamentary,quebec_general_election_winner_2026,tracked,global_satellite,multi_outcome_contract,5,QS,will-qs-win-the-quebec-general-election,will-qs-win-the-quebec-general-election,quebec-general-election-winner,Canadian provincial most-seats/party winner market.,needs_slug_clob_verification,appears_ok_from_paste,appears_clear_from_paste,Expanded to all visible party outcomes.,,,,,,,,,,,,,,,,,,,,,,,,REPAIRED_QUERY_RESET: previous search/verification was unreliable or not executable; rerun with resolver v4.
186,RSO-0186,34,Quebec General Election Winner,Quebec General Election Winner — PVQ,Will PVQ win the Quebec General Election?,Will PVQ win the Quebec General Election?,Canada,global_satellite,provincial_parliamentary,quebec_general_election_winner_2026,tracked,global_satellite,multi_outcome_contract,6,PVQ,will-pvq-win-the-quebec-general-election,will-pvq-win-the-quebec-general-election,quebec-general-election-winner,Canadian provincial most-seats/party winner market.,needs_slug_clob_verification,appears_ok_from_paste,appears_clear_from_paste,Expanded to all visible party outcomes.,,,,,,,,,,,,,,,,,,,,,,,,REPAIRED_QUERY_RESET: previous search/verification was unreliable or not executable; rerun with resolver v4.
187,RSO-0187,35,Toronto Mayoral Election Winner,Toronto Mayoral Election Winner — Olivia Chow,Will Olivia Chow win the Toronto Mayoral Election?,Will Olivia Chow win the Toronto Mayoral Election?,Canada,global_satellite,municipal,toronto_mayor_2026,tracked,global_satellite,multi_outcome_contract,1,Olivia Chow,will-olivia-chow-win-the-toronto-mayoral-election,will-olivia-chow-win-the-toronto-mayoral-election,toronto-mayoral-election-winner,Municipal executive satellite market; tests local-election forecasting.,needs_slug_clob_verification,appears_ok_from_paste,appears_clear_from_paste,Expanded to all visible candidate outcomes.,,,,,,,,,,,,,,,,,,,,,,,,REPAIRED_QUERY_RESET: previous search/verification was unreliable or not executable; rerun with resolver v4.
188,RSO-0188,35,Toronto Mayoral Election Winner,Toronto Mayoral Election Winner — Brad Bradford,Will Brad Bradford win the Toronto Mayoral Election?,Will Brad Bradford win the Toronto Mayoral Election?,Canada,global_satellite,municipal,toronto_mayor_2026,tracked,global_satellite,multi_outcome_contract,2,Brad Bradford,will-brad-bradford-win-the-toronto-mayoral-election,will-brad-bradford-win-the-toronto-mayoral-election,toronto-mayoral-election-winner,Municipal executive satellite market; tests local-election forecasting.,needs_slug_clob_verification,appears_ok_from_paste,appears_clear_from_paste,Expanded to all visible candidate outcomes.,,,,,,,,,,,,,,,,,,,,,,,,REPAIRED_QUERY_RESET: previous search/verification was unreliable or not executable; rerun with resolver v4.
189,RSO-0189,35,Toronto Mayoral Election Winner,Toronto Mayoral Election Winner — Michael Ford,Will Michael Ford win the Toronto Mayoral Election?,Will Michael Ford win the Toronto Mayoral Election?,Canada,global_satellite,municipal,toronto_mayor_2026,tracked,global_satellite,multi_outcome_contract,3,Michael Ford,will-michael-ford-win-the-toronto-mayoral-election,will-michael-ford-win-the-toronto-mayoral-election,toronto-mayoral-election-winner,Municipal executive satellite market; tests local-election forecasting.,needs_slug_clob_verification,appears_ok_from_paste,appears_clear_from_paste,Expanded to all visible candidate outcomes.,,,,,,,,,,,,,,,,,,,,,,,,REPAIRED_QUERY_RESET: previous search/verification was unreliable or not executable; rerun with resolver v4.
190,RSO-0190,35,Toronto Mayoral Election Winner,Toronto Mayoral Election Winner — Anthony Furey,Will Anthony Furey win the Toronto Mayoral Election?,Will Anthony Furey win the Toronto Mayoral Election?,Canada,global_satellite,municipal,toronto_mayor_2026,tracked,global_satellite,multi_outcome_contract,4,Anthony Furey,will-anthony-furey-win-the-toronto-mayoral-election,will-anthony-furey-win-the-toronto-mayoral-election,toronto-mayoral-election-winner,Municipal executive satellite market; tests local-election forecasting.,needs_slug_clob_verification,appears_ok_from_paste,appears_clear_from_paste,Expanded to all visible candidate outcomes.,,,,,,,,,,,,,,,,,,,,,,,,REPAIRED_QUERY_RESET: previous search/verification was unreliable or not executable; rerun with resolver v4.
191,RSO-0191,35,Toronto Mayoral Election Winner,Toronto Mayoral Election Winner — Kevin Clarke,Will Kevin Clarke win the Toronto Mayoral Election?,Will Kevin Clarke win the Toronto Mayoral Election?,Canada,global_satellite,municipal,toronto_mayor_2026,tracked,global_satellite,multi_outcome_contract,5,Kevin Clarke,will-kevin-clarke-win-the-toronto-mayoral-election,will-kevin-clarke-win-the-toronto-mayoral-election,toronto-mayoral-election-winner,Municipal executive satellite market; tests local-election forecasting.,needs_slug_clob_verification,appears_ok_from_paste,appears_clear_from_paste,Expanded to all visible candidate outcomes.,,,,,,,,,,,,,,,,,,,,,,,,REPAIRED_QUERY_RESET: previous search/verification was unreliable or not executable; rerun with resolver v4.
192,RSO-0192,35,Toronto Mayoral Election Winner,Toronto Mayoral Election Winner — Ana Bailão,Will Ana Bailão win the Toronto Mayoral Election?,Will Ana Bailão win the Toronto Mayoral Election?,Canada,global_satellite,municipal,toronto_mayor_2026,tracked,global_satellite,multi_outcome_contract,6,Ana Bailão,will-ana-bailao-win-the-toronto-mayoral-election,will-ana-bailao-win-the-toronto-mayoral-election,toronto-mayoral-election-winner,Municipal executive satellite market; tests local-election forecasting.,needs_slug_clob_verification,appears_ok_from_paste,appears_clear_from_paste,Expanded to all visible candidate outcomes.,,,,,,,,,,,,,,,,,,,,,,,,REPAIRED_QUERY_RESET: previous search/verification was unreliable or not executable; rerun with resolver v4.
193,RSO-0193,35,Toronto Mayoral Election Winner,Toronto Mayoral Election Winner — Marco Mendicino,Will Marco Mendicino win the Toronto Mayoral Election?,Will Marco Mendicino win the Toronto Mayoral Election?,Canada,global_satellite,municipal,toronto_mayor_2026,tracked,global_satellite,multi_outcome_contract,7,Marco Mendicino,will-marco-mendicino-win-the-toronto-mayoral-election,will-marco-mendicino-win-the-toronto-mayoral-election,toronto-mayoral-election-winner,Municipal executive satellite market; tests local-election forecasting.,needs_slug_clob_verification,appears_ok_from_paste,appears_clear_from_paste,Expanded to all visible candidate outcomes.,,,,,,,,,,,,,,,,,,,,,,,,REPAIRED_QUERY_RESET: previous search/verification was unreliable or not executable; rerun with resolver v4.
194,RSO-0194,35,Toronto Mayoral Election Winner,Toronto Mayoral Election Winner — John Tory,Will John Tory win the Toronto Mayoral Election?,Will John Tory win the Toronto Mayoral Election?,Canada,global_satellite,municipal,toronto_mayor_2026,tracked,global_satellite,multi_outcome_contract,8,John Tory,will-john-tory-win-the-toronto-mayoral-election,will-john-tory-win-the-toronto-mayoral-election,toronto-mayoral-election-winner,Municipal executive satellite market; tests local-election forecasting.,needs_slug_clob_verification,appears_ok_from_paste,appears_clear_from_paste,Expanded to all visible candidate outcomes.,,,,,,,,,,,,,,,,,,,,,,,,REPAIRED_QUERY_RESET: previous search/verification was unreliable or not executable; rerun with resolver v4.
195,RSO-0195,36,Vancouver Mayoral Election Winner,Vancouver Mayoral Election Winner — Kareem Allam,Will Kareem Allam win the Vancouver Mayoral Election?,Will Kareem Allam win the Vancouver Mayoral Election?,Canada,global_satellite,municipal,vancouver_mayor_2026,tracked,global_satellite,multi_outcome_contract,1,Kareem Allam,will-kareem-allam-win-the-vancouver-mayoral-election,will-kareem-allam-win-the-vancouver-mayoral-election,vancouver-mayoral-election-winner,Municipal executive satellite market; tests local-election forecasting outside Toronto.,needs_slug_clob_verification,appears_ok_from_paste,appears_clear_from_paste,Expanded to all visible candidate outcomes.,,,,,,,,,,,,,,,,,,,,,,,,REPAIRED_QUERY_RESET: previous search/verification was unreliable or not executable; rerun with resolver v4.
196,RSO-0196,36,Vancouver Mayoral Election Winner,Vancouver Mayoral Election Winner — Ken Sim,Will Ken Sim win the Vancouver Mayoral Election?,Will Ken Sim win the Vancouver Mayoral Election?,Canada,global_satellite,municipal,vancouver_mayor_2026,tracked,global_satellite,multi_outcome_contract,2,Ken Sim,will-ken-sim-win-the-vancouver-mayoral-election,will-ken-sim-win-the-vancouver-mayoral-election,vancouver-mayoral-election-winner,Municipal executive satellite market; tests local-election forecasting outside Toronto.,needs_slug_clob_verification,appears_ok_from_paste,appears_clear_from_paste,Expanded to all visible candidate outcomes.,,,,,,,,,,,,,,,,,,,,,,,,REPAIRED_QUERY_RESET: previous search/verification was unreliable or not executable; rerun with resolver v4.
197,RSO-0197,36,Vancouver Mayoral Election Winner,Vancouver Mayoral Election Winner — Pete Fry,Will Pete Fry win the Vancouver Mayoral Election?,Will Pete Fry win the Vancouver Mayoral Election?,Canada,global_satellite,municipal,vancouver_mayor_2026,tracked,global_satellite,multi_outcome_contract,3,Pete Fry,will-pete-fry-win-the-vancouver-mayoral-election,will-pete-fry-win-the-vancouver-mayoral-election,vancouver-mayoral-election-winner,Municipal executive satellite market; tests local-election forecasting outside Toronto.,needs_slug_clob_verification,appears_ok_from_paste,appears_clear_from_paste,Expanded to all visible candidate outcomes.,,,,,,,,,,,,,,,,,,,,,,,,REPAIRED_QUERY_RESET: previous search/verification was unreliable or not executable; rerun with resolver v4.
198,RSO-0198,36,Vancouver Mayoral Election Winner,Vancouver Mayoral Election Winner — William Azaroff,Will William Azaroff win the Vancouver Mayoral Election?,Will William Azaroff win the Vancouver Mayoral Election?,Canada,global_satellite,municipal,vancouver_mayor_2026,tracked,global_satellite,multi_outcome_contract,4,William Azaroff,will-william-azaroff-win-the-vancouver-mayoral-election,will-william-azaroff-win-the-vancouver-mayoral-election,vancouver-mayoral-election-winner,Municipal executive satellite market; tests local-election forecasting outside Toronto.,needs_slug_clob_verification,appears_ok_from_paste,appears_clear_from_paste,Expanded to all visible candidate outcomes.,,,,,,,,,,,,,,,,,,,,,,,,REPAIRED_QUERY_RESET: previous search/verification was unreliable or not executable; rerun with resolver v4.
199,RSO-0199,36,Vancouver Mayoral Election Winner,Vancouver Mayoral Election Winner — Colleen Hardwick,Will Colleen Hardwick win the Vancouver Mayoral Election?,Will Colleen Hardwick win the Vancouver Mayoral Election?,Canada,global_satellite,municipal,vancouver_mayor_2026,tracked,global_satellite,multi_outcome_contract,5,Colleen Hardwick,will-colleen-hardwick-win-the-vancouver-mayoral-election,will-colleen-hardwick-win-the-vancouver-mayoral-election,vancouver-mayoral-election-winner,Municipal executive satellite market; tests local-election forecasting outside Toronto.,needs_slug_clob_verification,appears_ok_from_paste,appears_clear_from_paste,Expanded to all visible candidate outcomes.,,,,,,,,,,,,,,,,,,,,,,,,REPAIRED_QUERY_RESET: previous search/verification was unreliable or not executable; rerun with resolver v4.
200,RSO-0200,36,Vancouver Mayoral Election Winner,Vancouver Mayoral Election Winner — John Coupar,Will John Coupar win the Vancouver Mayoral Election?,Will John Coupar win the Vancouver Mayoral Election?,Canada,global_satellite,municipal,vancouver_mayor_2026,tracked,global_satellite,multi_outcome_contract,6,John Coupar,will-john-coupar-win-the-vancouver-mayoral-election,will-john-coupar-win-the-vancouver-mayoral-election,vancouver-mayoral-election-winner,Municipal executive satellite market; tests local-election forecasting outside Toronto.,needs_slug_clob_verification,appears_ok_from_paste,appears_clear_from_paste,Expanded to all visible candidate outcomes.,,,,,,,,,,,,,,,,,,,,,,,,REPAIRED_QUERY_RESET: previous search/verification was unreliable or not executable; rerun with resolver v4.
201,RSO-0201,36,Vancouver Mayoral Election Winner,Vancouver Mayoral Election Winner — Rebecca Bligh,Will Rebecca Bligh win the Vancouver Mayoral Election?,Will Rebecca Bligh win the Vancouver Mayoral Election?,Canada,global_satellite,municipal,vancouver_mayor_2026,tracked,global_satellite,multi_outcome_contract,7,Rebecca Bligh,will-rebecca-bligh-win-the-vancouver-mayoral-election,will-rebecca-bligh-win-the-vancouver-mayoral-election,vancouver-mayoral-election-winner,Municipal executive satellite market; tests local-election forecasting outside Toronto.,needs_slug_clob_verification,appears_ok_from_paste,appears_clear_from_paste,Expanded to all visible candidate outcomes.,,,,,,,,,,,,,,,,,,,,,,,,REPAIRED_QUERY_RESET: previous search/verification was unreliable or not executable; rerun with resolver v4.
202,RSO-0202,36,Vancouver Mayoral Election Winner,Vancouver Mayoral Election Winner — Sean Orr,Will Sean Orr win the Vancouver Mayoral Election?,Will Sean Orr win the Vancouver Mayoral Election?,Canada,global_satellite,municipal,vancouver_mayor_2026,tracked,global_satellite,multi_outcome_contract,8,Sean Orr,will-sean-orr-win-the-vancouver-mayoral-election,will-sean-orr-win-the-vancouver-mayoral-election,vancouver-mayoral-election-winner,Municipal executive satellite market; tests local-election forecasting outside Toronto.,needs_slug_clob_verification,appears_ok_from_paste,appears_clear_from_paste,Expanded to all visible candidate outcomes.,,,,,,,,,,,,,,,,,,,,,,,,REPAIRED_QUERY_RESET: previous search/verification was unreliable or not executable; rerun with resolver v4.
203,RSO-0203,36,Vancouver Mayoral Election Winner,Vancouver Mayoral Election Winner — Amanda Burrows,Will Amanda Burrows win the Vancouver Mayoral Election?,Will Amanda Burrows win the Vancouver Mayoral Election?,Canada,global_satellite,municipal,vancouver_mayor_2026,tracked,global_satellite,multi_outcome_contract,9,Amanda Burrows,will-amanda-burrows-win-the-vancouver-mayoral-election,will-amanda-burrows-win-the-vancouver-mayoral-election,vancouver-mayoral-election-winner,Municipal executive satellite market; tests local-election forecasting outside Toronto.,needs_slug_clob_verification,appears_ok_from_paste,appears_clear_from_paste,Expanded to all visible candidate outcomes.,,,,,,,,,,,,,,,,,,,,,,,,REPAIRED_QUERY_RESET: previous search/verification was unreliable or not executable; rerun with resolver v4.
204,RSO-0204,36,Vancouver Mayoral Election Winner,Vancouver Mayoral Election Winner — Tim Louis,Will Tim Louis win the Vancouver Mayoral Election?,Will Tim Louis win the Vancouver Mayoral Election?,Canada,global_satellite,municipal,vancouver_mayor_2026,tracked,global_satellite,multi_outcome_contract,10,Tim Louis,will-tim-louis-win-the-vancouver-mayoral-election,will-tim-louis-win-the-vancouver-mayoral-election,vancouver-mayoral-election-winner,Municipal executive satellite market; tests local-election forecasting outside Toronto.,needs_slug_clob_verification,appears_ok_from_paste,appears_clear_from_paste,Expanded to all visible candidate outcomes.,,,,,,,,,,,,,,,,,,,,,,,,REPAIRED_QUERY_RESET: previous search/verification was unreliable or not executable; rerun with resolver v4.
205,RSO-0205,36,Vancouver Mayoral Election Winner,Vancouver Mayoral Election Winner — Fred Harding,Will Fred Harding win the Vancouver Mayoral Election?,Will Fred Harding win the Vancouver Mayoral Election?,Canada,global_satellite,municipal,vancouver_mayor_2026,tracked,global_satellite,multi_outcome_contract,11,Fred Harding,will-fred-harding-win-the-vancouver-mayoral-election,will-fred-harding-win-the-vancouver-mayoral-election,vancouver-mayoral-election-winner,Municipal executive satellite market; tests local-election forecasting outside Toronto.,needs_slug_clob_verification,appears_ok_from_paste,appears_clear_from_paste,Expanded to all visible candidate outcomes.,,,,,,,,,,,,,,,,,,,,,,,,REPAIRED_QUERY_RESET: previous search/verification was unreliable or not executable; rerun with resolver v4.
206,RSO-0206,36,Vancouver Mayoral Election Winner,Vancouver Mayoral Election Winner — Kirk LaPointe,Will Kirk LaPointe win the Vancouver Mayoral Election?,Will Kirk LaPointe win the Vancouver Mayoral Election?,Canada,global_satellite,municipal,vancouver_mayor_2026,tracked,global_satellite,multi_outcome_contract,12,Kirk LaPointe,will-kirk-lapointe-win-the-vancouver-mayoral-election,will-kirk-lapointe-win-the-vancouver-mayoral-election,vancouver-mayoral-election-winner,Municipal executive satellite market; tests local-election forecasting outside Toronto.,needs_slug_clob_verification,appears_ok_from_paste,appears_clear_from_paste,Expanded to all visible candidate outcomes.,,,,,,,,,,,,,,,,,,,,,,,,REPAIRED_QUERY_RESET: previous search/verification was unreliable or not executable; rerun with resolver v4.
207,RSO-0207,37,Next Prime Minister of Israel after next election,Next Prime Minister of Israel after next election — Gadi Eizenkot,Will Gadi Eizenkot be the next Prime Minister of Israel after the next election?,Will Gadi Eizenkot be the next Prime Minister of Israel after the next election?,Israel,global_satellite,parliamentary_coalition,israel_next_pm_2026,tracked,global_satellite,multi_outcome_contract,1,Gadi Eizenkot,will-gadi-eizenkot-be-the-next-prime-minister-of-israel-after-the-next-election,will-gadi-eizenkot-be-the-next-prime-minister-of-israel-after-the-next-election,who-will-be-the-next-prime-minister-of-israel-after-the-next-election,High-volatility parliamentary/coalition PM market.,needs_slug_clob_verification,appears_strong_from_paste,appears_clear_from_paste,Expanded to visible PM outcomes.,,,,,,,,,,,,,,,,,,,,,,,,REPAIRED_QUERY_RESET: previous search/verification was unreliable or not executable; rerun with resolver v4.
208,RSO-0208,37,Next Prime Minister of Israel after next election,Next Prime Minister of Israel after next election — Benjamin Netanyahu,Will Benjamin Netanyahu be the next Prime Minister of Israel after the next election?,Will Benjamin Netanyahu be the next Prime Minister of Israel after the next election?,Israel,global_satellite,parliamentary_coalition,israel_next_pm_2026,tracked,global_satellite,multi_outcome_contract,2,Benjamin Netanyahu,will-benjamin-netanyahu-be-the-next-prime-minister-of-israel-after-the-next-election,will-benjamin-netanyahu-be-the-next-prime-minister-of-israel-after-the-next-election,who-will-be-the-next-prime-minister-of-israel-after-the-next-election,High-volatility parliamentary/coalition PM market.,needs_slug_clob_verification,appears_strong_from_paste,appears_clear_from_paste,Expanded to visible PM outcomes.,,,,,,,,,,,,,,,,,,,,,,,,REPAIRED_QUERY_RESET: previous search/verification was unreliable or not executable; rerun with resolver v4.
209,RSO-0209,37,Next Prime Minister of Israel after next election,Next Prime Minister of Israel after next election — Naftali Bennett,Will Naftali Bennett be the next Prime Minister of Israel after the next election?,Will Naftali Bennett be the next Prime Minister of Israel after the next election?,Israel,global_satellite,parliamentary_coalition,israel_next_pm_2026,tracked,global_satellite,multi_outcome_contract,3,Naftali Bennett,will-naftali-bennett-be-the-next-prime-minister-of-israel-after-the-next-election,will-naftali-bennett-be-the-next-prime-minister-of-israel-after-the-next-election,who-will-be-the-next-prime-minister-of-israel-after-the-next-election,High-volatility parliamentary/coalition PM market.,needs_slug_clob_verification,appears_strong_from_paste,appears_clear_from_paste,Expanded to visible PM outcomes.,,,,,,,,,,,,,,,,,,,,,,,,REPAIRED_QUERY_RESET: previous search/verification was unreliable or not executable; rerun with resolver v4.
210,RSO-0210,37,Next Prime Minister of Israel after next election,Next Prime Minister of Israel after next election — Avigdor Lieberman,Will Avigdor Lieberman be the next Prime Minister of Israel after the next election?,Will Avigdor Lieberman be the next Prime Minister of Israel after the next election?,Israel,global_satellite,parliamentary_coalition,israel_next_pm_2026,tracked,global_satellite,multi_outcome_contract,4,Avigdor Lieberman,will-avigdor-lieberman-be-the-next-prime-minister-of-israel-after-the-next-election,will-avigdor-lieberman-be-the-next-prime-minister-of-israel-after-the-next-election,who-will-be-the-next-prime-minister-of-israel-after-the-next-election,High-volatility parliamentary/coalition PM market.,needs_slug_clob_verification,appears_strong_from_paste,appears_clear_from_paste,Expanded to visible PM outcomes.,,,,,,,,,,,,,,,,,,,,,,,,REPAIRED_QUERY_RESET: previous search/verification was unreliable or not executable; rerun with resolver v4.
211,RSO-0211,37,Next Prime Minister of Israel after next election,Next Prime Minister of Israel after next election — Itamar Ben Gvir,Will Itamar Ben Gvir be the next Prime Minister of Israel after the next election?,Will Itamar Ben Gvir be the next Prime Minister of Israel after the next election?,Israel,global_satellite,parliamentary_coalition,israel_next_pm_2026,tracked,global_satellite,multi_outcome_contract,5,Itamar Ben Gvir,will-itamar-ben-gvir-be-the-next-prime-minister-of-israel-after-the-next-election,will-itamar-ben-gvir-be-the-next-prime-minister-of-israel-after-the-next-election,who-will-be-the-next-prime-minister-of-israel-after-the-next-election,High-volatility parliamentary/coalition PM market.,needs_slug_clob_verification,appears_strong_from_paste,appears_clear_from_paste,Expanded to visible PM outcomes.,,,,,,,,,,,,,,,,,,,,,,,,REPAIRED_QUERY_RESET: previous search/verification was unreliable or not executable; rerun with resolver v4.
212,RSO-0212,37,Next Prime Minister of Israel after next election,Next Prime Minister of Israel after next election — Benny Gantz,Will Benny Gantz be the next Prime Minister of Israel after the next election?,Will Benny Gantz be the next Prime Minister of Israel after the next election?,Israel,global_satellite,parliamentary_coalition,israel_next_pm_2026,tracked,global_satellite,multi_outcome_contract,6,Benny Gantz,will-benny-gantz-be-the-next-prime-minister-of-israel-after-the-next-election,will-benny-gantz-be-the-next-prime-minister-of-israel-after-the-next-election,who-will-be-the-next-prime-minister-of-israel-after-the-next-election,High-volatility parliamentary/coalition PM market.,needs_slug_clob_verification,appears_strong_from_paste,appears_clear_from_paste,Expanded to visible PM outcomes.,,,,,,,,,,,,,,,,,,,,,,,,REPAIRED_QUERY_RESET: previous search/verification was unreliable or not executable; rerun with resolver v4.
213,RSO-0213,37,Next Prime Minister of Israel after next election,Next Prime Minister of Israel after next election — Gilad Erdan,Will Gilad Erdan be the next Prime Minister of Israel after the next election?,Will Gilad Erdan be the next Prime Minister of Israel after the next election?,Israel,global_satellite,parliamentary_coalition,israel_next_pm_2026,tracked,global_satellite,multi_outcome_contract,7,Gilad Erdan,will-gilad-erdan-be-the-next-prime-minister-of-israel-after-the-next-election,will-gilad-erdan-be-the-next-prime-minister-of-israel-after-the-next-election,who-will-be-the-next-prime-minister-of-israel-after-the-next-election,High-volatility parliamentary/coalition PM market.,needs_slug_clob_verification,appears_strong_from_paste,appears_clear_from_paste,Expanded to visible PM outcomes.,,,,,,,,,,,,,,,,,,,,,,,,REPAIRED_QUERY_RESET: previous search/verification was unreliable or not executable; rerun with resolver v4.
214,RSO-0214,37,Next Prime Minister of Israel after next election,Next Prime Minister of Israel after next election — Yariv Levin,Will Yariv Levin be the next Prime Minister of Israel after the next election?,Will Yariv Levin be the next Prime Minister of Israel after the next election?,Israel,global_satellite,parliamentary_coalition,israel_next_pm_2026,tracked,global_satellite,multi_outcome_contract,8,Yariv Levin,will-yariv-levin-be-the-next-prime-minister-of-israel-after-the-next-election,will-yariv-levin-be-the-next-prime-minister-of-israel-after-the-next-election,who-will-be-the-next-prime-minister-of-israel-after-the-next-election,High-volatility parliamentary/coalition PM market.,needs_slug_clob_verification,appears_strong_from_paste,appears_clear_from_paste,Expanded to visible PM outcomes.,,,,,,,,,,,,,,,,,,,,,,,,REPAIRED_QUERY_RESET: previous search/verification was unreliable or not executable; rerun with resolver v4.
215,RSO-0215,37,Next Prime Minister of Israel after next election,Next Prime Minister of Israel after next election — Israel Katz,Will Israel Katz be the next Prime Minister of Israel after the next election?,Will Israel Katz be the next Prime Minister of Israel after the next election?,Israel,global_satellite,parliamentary_coalition,israel_next_pm_2026,tracked,global_satellite,multi_outcome_contract,9,Israel Katz,will-israel-katz-be-the-next-prime-minister-of-israel-after-the-next-election,will-israel-katz-be-the-next-prime-minister-of-israel-after-the-next-election,who-will-be-the-next-prime-minister-of-israel-after-the-next-election,High-volatility parliamentary/coalition PM market.,needs_slug_clob_verification,appears_strong_from_paste,appears_clear_from_paste,Expanded to visible PM outcomes.,,,,,,,,,,,,,,,,,,,,,,,,REPAIRED_QUERY_RESET: previous search/verification was unreliable or not executable; rerun with resolver v4.
216,RSO-0216,37,Next Prime Minister of Israel after next election,Next Prime Minister of Israel after next election — Amir Ohana,Will Amir Ohana be the next Prime Minister of Israel after the next election?,Will Amir Ohana be the next Prime Minister of Israel after the next election?,Israel,global_satellite,parliamentary_coalition,israel_next_pm_2026,tracked,global_satellite,multi_outcome_contract,10,Amir Ohana,will-amir-ohana-be-the-next-prime-minister-of-israel-after-the-next-election,will-amir-ohana-be-the-next-prime-minister-of-israel-after-the-next-election,who-will-be-the-next-prime-minister-of-israel-after-the-next-election,High-volatility parliamentary/coalition PM market.,needs_slug_clob_verification,appears_strong_from_paste,appears_clear_from_paste,Expanded to visible PM outcomes.,,,,,,,,,,,,,,,,,,,,,,,,REPAIRED_QUERY_RESET: previous search/verification was unreliable or not executable; rerun with resolver v4.
217,RSO-0217,37,Next Prime Minister of Israel after next election,Next Prime Minister of Israel after next election — Gideon Sa’ar,Will Gideon Sa’ar be the next Prime Minister of Israel after the next election?,Will Gideon Sa’ar be the next Prime Minister of Israel after the next election?,Israel,global_satellite,parliamentary_coalition,israel_next_pm_2026,tracked,global_satellite,multi_outcome_contract,11,Gideon Sa’ar,will-gideon-saar-be-the-next-prime-minister-of-israel-after-the-next-election,will-gideon-saar-be-the-next-prime-minister-of-israel-after-the-next-election,who-will-be-the-next-prime-minister-of-israel-after-the-next-election,High-volatility parliamentary/coalition PM market.,needs_slug_clob_verification,appears_strong_from_paste,appears_clear_from_paste,Expanded to visible PM outcomes.,,,,,,,,,,,,,,,,,,,,,,,,REPAIRED_QUERY_RESET: previous search/verification was unreliable or not executable; rerun with resolver v4.
218,RSO-0218,37,Next Prime Minister of Israel after next election,Next Prime Minister of Israel after next election — Yoaz Hendel,Will Yoaz Hendel be the next Prime Minister of Israel after the next election?,Will Yoaz Hendel be the next Prime Minister of Israel after the next election?,Israel,global_satellite,parliamentary_coalition,israel_next_pm_2026,tracked,global_satellite,multi_outcome_contract,12,Yoaz Hendel,will-yoaz-hendel-be-the-next-prime-minister-of-israel-after-the-next-election,will-yoaz-hendel-be-the-next-prime-minister-of-israel-after-the-next-election,who-will-be-the-next-prime-minister-of-israel-after-the-next-election,High-volatility parliamentary/coalition PM market.,needs_slug_clob_verification,appears_strong_from_paste,appears_clear_from_paste,Expanded to visible PM outcomes.,,,,,,,,,,,,,,,,,,,,,,,,REPAIRED_QUERY_RESET: previous search/verification was unreliable or not executable; rerun with resolver v4.
219,RSO-0219,37,Next Prime Minister of Israel after next election,Next Prime Minister of Israel after next election — Yair Lapid,Will Yair Lapid be the next Prime Minister of Israel after the next election?,Will Yair Lapid be the next Prime Minister of Israel after the next election?,Israel,global_satellite,parliamentary_coalition,israel_next_pm_2026,tracked,global_satellite,multi_outcome_contract,13,Yair Lapid,will-yair-lapid-be-the-next-prime-minister-of-israel-after-the-next-election,will-yair-lapid-be-the-next-prime-minister-of-israel-after-the-next-election,who-will-be-the-next-prime-minister-of-israel-after-the-next-election,High-volatility parliamentary/coalition PM market.,needs_slug_clob_verification,appears_strong_from_paste,appears_clear_from_paste,Expanded to visible PM outcomes.,,,,,,,,,,,,,,,,,,,,,,,,REPAIRED_QUERY_RESET: previous search/verification was unreliable or not executable; rerun with resolver v4.
220,RSO-0220,37,Next Prime Minister of Israel after next election,Next Prime Minister of Israel after next election — Yossi Cohen,Will Yossi Cohen be the next Prime Minister of Israel after the next election?,Will Yossi Cohen be the next Prime Minister of Israel after the next election?,Israel,global_satellite,parliamentary_coalition,israel_next_pm_2026,tracked,global_satellite,multi_outcome_contract,14,Yossi Cohen,will-yossi-cohen-be-the-next-prime-minister-of-israel-after-the-next-election,will-yossi-cohen-be-the-next-prime-minister-of-israel-after-the-next-election,who-will-be-the-next-prime-minister-of-israel-after-the-next-election,High-volatility parliamentary/coalition PM market.,needs_slug_clob_verification,appears_strong_from_paste,appears_clear_from_paste,Expanded to visible PM outcomes.,,,,,,,,,,,,,,,,,,,,,,,,REPAIRED_QUERY_RESET: previous search/verification was unreliable or not executable; rerun with resolver v4.
221,RSO-0221,37,Next Prime Minister of Israel after next election,Next Prime Minister of Israel after next election — Yair Golan,Will Yair Golan be the next Prime Minister of Israel after the next election?,Will Yair Golan be the next Prime Minister of Israel after the next election?,Israel,global_satellite,parliamentary_coalition,israel_next_pm_2026,tracked,global_satellite,multi_outcome_contract,15,Yair Golan,will-yair-golan-be-the-next-prime-minister-of-israel-after-the-next-election,will-yair-golan-be-the-next-prime-minister-of-israel-after-the-next-election,who-will-be-the-next-prime-minister-of-israel-after-the-next-election,High-volatility parliamentary/coalition PM market.,needs_slug_clob_verification,appears_strong_from_paste,appears_clear_from_paste,Expanded to visible PM outcomes.,,,,,,,,,,,,,,,,,,,,,,,,REPAIRED_QUERY_RESET: previous search/verification was unreliable or not executable; rerun with resolver v4.
222,RSO-0222,37,Next Prime Minister of Israel after next election,Next Prime Minister of Israel after next election — Nir Barkat,Will Nir Barkat be the next Prime Minister of Israel after the next election?,Will Nir Barkat be the next Prime Minister of Israel after the next election?,Israel,global_satellite,parliamentary_coalition,israel_next_pm_2026,tracked,global_satellite,multi_outcome_contract,16,Nir Barkat,will-nir-barkat-be-the-next-prime-minister-of-israel-after-the-next-election,will-nir-barkat-be-the-next-prime-minister-of-israel-after-the-next-election,who-will-be-the-next-prime-minister-of-israel-after-the-next-election,High-volatility parliamentary/coalition PM market.,needs_slug_clob_verification,appears_strong_from_paste,appears_clear_from_paste,Expanded to visible PM outcomes.,,,,,,,,,,,,,,,,,,,,,,,,REPAIRED_QUERY_RESET: previous search/verification was unreliable or not executable; rerun with resolver v4.
223,RSO-0223,37,Next Prime Minister of Israel after next election,Next Prime Minister of Israel after next election — Ayelet Shaked,Will Ayelet Shaked be the next Prime Minister of Israel after the next election?,Will Ayelet Shaked be the next Prime Minister of Israel after the next election?,Israel,global_satellite,parliamentary_coalition,israel_next_pm_2026,tracked,global_satellite,multi_outcome_contract,17,Ayelet Shaked,will-ayelet-shaked-be-the-next-prime-minister-of-israel-after-the-next-election,will-ayelet-shaked-be-the-next-prime-minister-of-israel-after-the-next-election,who-will-be-the-next-prime-minister-of-israel-after-the-next-election,High-volatility parliamentary/coalition PM market.,needs_slug_clob_verification,appears_strong_from_paste,appears_clear_from_paste,Expanded to visible PM outcomes.,,,,,,,,,,,,,,,,,,,,,,,,REPAIRED_QUERY_RESET: previous search/verification was unreliable or not executable; rerun with resolver v4.
224,RSO-0224,37,Next Prime Minister of Israel after next election,Next Prime Minister of Israel after next election — Moshe Feiglin,Will Moshe Feiglin be the next Prime Minister of Israel after the next election?,Will Moshe Feiglin be the next Prime Minister of Israel after the next election?,Israel,global_satellite,parliamentary_coalition,israel_next_pm_2026,tracked,global_satellite,multi_outcome_contract,18,Moshe Feiglin,will-moshe-feiglin-be-the-next-prime-minister-of-israel-after-the-next-election,will-moshe-feiglin-be-the-next-prime-minister-of-israel-after-the-next-election,who-will-be-the-next-prime-minister-of-israel-after-the-next-election,High-volatility parliamentary/coalition PM market.,needs_slug_clob_verification,appears_strong_from_paste,appears_clear_from_paste,Expanded to visible PM outcomes.,,,,,,,,,,,,,,,,,,,,,,,,REPAIRED_QUERY_RESET: previous search/verification was unreliable or not executable; rerun with resolver v4.
225,RSO-0225,38,Israeli Legislative Election Winner,Israeli Legislative Election Winner — Likud,Will Likud win the Israeli legislative election?,Will Likud win the Israeli legislative election?,Israel,global_satellite,parliamentary_coalition,israel_most_seats_2026,tracked,global_satellite,multi_outcome_contract,1,Likud,will-likud-win-the-israeli-legislative-election,will-likud-win-the-israeli-legislative-election,israeli-legislative-election-winner,Most-seats counterpart to Israel PM market.,needs_slug_clob_verification,needs_orderbook_check,appears_clear_from_paste,Expanded to all visible party outcomes.,,,,,,,,,,,,,,,,,,,,,,,,REPAIRED_QUERY_RESET: previous search/verification was unreliable or not executable; rerun with resolver v4.
226,RSO-0226,38,Israeli Legislative Election Winner,Israeli Legislative Election Winner — Yashar,Will Yashar win the Israeli legislative election?,Will Yashar win the Israeli legislative election?,Israel,global_satellite,parliamentary_coalition,israel_most_seats_2026,tracked,global_satellite,multi_outcome_contract,2,Yashar,will-yashar-win-the-israeli-legislative-election,will-yashar-win-the-israeli-legislative-election,israeli-legislative-election-winner,Most-seats counterpart to Israel PM market.,needs_slug_clob_verification,needs_orderbook_check,appears_clear_from_paste,Expanded to all visible party outcomes.,,,,,,,,,,,,,,,,,,,,,,,,REPAIRED_QUERY_RESET: previous search/verification was unreliable or not executable; rerun with resolver v4.
227,RSO-0227,38,Israeli Legislative Election Winner,Israeli Legislative Election Winner — Together,Will Together win the Israeli legislative election?,Will Together win the Israeli legislative election?,Israel,global_satellite,parliamentary_coalition,israel_most_seats_2026,tracked,global_satellite,multi_outcome_contract,3,Together,will-together-win-the-israeli-legislative-election,will-together-win-the-israeli-legislative-election,israeli-legislative-election-winner,Most-seats counterpart to Israel PM market.,needs_slug_clob_verification,needs_orderbook_check,appears_clear_from_paste,Expanded to all visible party outcomes.,,,,,,,,,,,,,,,,,,,,,,,,REPAIRED_QUERY_RESET: previous search/verification was unreliable or not executable; rerun with resolver v4.
228,RSO-0228,38,Israeli Legislative Election Winner,Israeli Legislative Election Winner — Shas,Will Shas win the Israeli legislative election?,Will Shas win the Israeli legislative election?,Israel,global_satellite,parliamentary_coalition,israel_most_seats_2026,tracked,global_satellite,multi_outcome_contract,4,Shas,will-shas-win-the-israeli-legislative-election,will-shas-win-the-israeli-legislative-election,israeli-legislative-election-winner,Most-seats counterpart to Israel PM market.,needs_slug_clob_verification,needs_orderbook_check,appears_clear_from_paste,Expanded to all visible party outcomes.,,,,,,,,,,,,,,,,,,,,,,,,REPAIRED_QUERY_RESET: previous search/verification was unreliable or not executable; rerun with resolver v4.
229,RSO-0229,38,Israeli Legislative Election Winner,Israeli Legislative Election Winner — The Democrats,Will The Democrats win the Israeli legislative election?,Will The Democrats win the Israeli legislative election?,Israel,global_satellite,parliamentary_coalition,israel_most_seats_2026,tracked,global_satellite,multi_outcome_contract,5,The Democrats,will-the-democrats-win-the-israeli-legislative-election,will-the-democrats-win-the-israeli-legislative-election,israeli-legislative-election-winner,Most-seats counterpart to Israel PM market.,needs_slug_clob_verification,needs_orderbook_check,appears_clear_from_paste,Expanded to all visible party outcomes.,,,,,,,,,,,,,,,,,,,,,,,,REPAIRED_QUERY_RESET: previous search/verification was unreliable or not executable; rerun with resolver v4.
230,RSO-0230,38,Israeli Legislative Election Winner,Israeli Legislative Election Winner — Otzma Yehudit,Will Otzma Yehudit win the Israeli legislative election?,Will Otzma Yehudit win the Israeli legislative election?,Israel,global_satellite,parliamentary_coalition,israel_most_seats_2026,tracked,global_satellite,multi_outcome_contract,6,Otzma Yehudit,will-otzma-yehudit-win-the-israeli-legislative-election,will-otzma-yehudit-win-the-israeli-legislative-election,israeli-legislative-election-winner,Most-seats counterpart to Israel PM market.,needs_slug_clob_verification,needs_orderbook_check,appears_clear_from_paste,Expanded to all visible party outcomes.,,,,,,,,,,,,,,,,,,,,,,,,REPAIRED_QUERY_RESET: previous search/verification was unreliable or not executable; rerun with resolver v4.
231,RSO-0231,39,Next Prime Minister of New Zealand,Next Prime Minister of New Zealand — Chris Hipkins,Will Chris Hipkins be the next Prime Minister of New Zealand?,Will Chris Hipkins be the next Prime Minister of New Zealand?,New Zealand,global_satellite,parliamentary_mmp,new_zealand_next_pm_2026,tracked,global_satellite,multi_outcome_contract,1,Chris Hipkins,will-chris-hipkins-be-the-next-prime-minister-of-new-zealand,will-chris-hipkins-be-the-next-prime-minister-of-new-zealand,next-prime-minister-of-new-zealand,MMP/parliamentary PM satellite market.,needs_slug_clob_verification,thin_from_paste_check_depth,appears_clear_from_paste,Expanded to all visible PM outcomes.,,,,,,,,,,,,,,,,,,,,,,,,REPAIRED_QUERY_RESET: previous search/verification was unreliable or not executable; rerun with resolver v4.
232,RSO-0232,39,Next Prime Minister of New Zealand,Next Prime Minister of New Zealand — Christopher Luxon,Will Christopher Luxon be the next Prime Minister of New Zealand?,Will Christopher Luxon be the next Prime Minister of New Zealand?,New Zealand,global_satellite,parliamentary_mmp,new_zealand_next_pm_2026,tracked,global_satellite,multi_outcome_contract,2,Christopher Luxon,will-christopher-luxon-be-the-next-prime-minister-of-new-zealand,will-christopher-luxon-be-the-next-prime-minister-of-new-zealand,next-prime-minister-of-new-zealand,MMP/parliamentary PM satellite market.,needs_slug_clob_verification,thin_from_paste_check_depth,appears_clear_from_paste,Expanded to all visible PM outcomes.,,,,,,,,,,,,,,,,,,,,,,,,REPAIRED_QUERY_RESET: previous search/verification was unreliable or not executable; rerun with resolver v4.
233,RSO-0233,39,Next Prime Minister of New Zealand,Next Prime Minister of New Zealand — Nicola Willis,Will Nicola Willis be the next Prime Minister of New Zealand?,Will Nicola Willis be the next Prime Minister of New Zealand?,New Zealand,global_satellite,parliamentary_mmp,new_zealand_next_pm_2026,tracked,global_satellite,multi_outcome_contract,3,Nicola Willis,will-nicola-willis-be-the-next-prime-minister-of-new-zealand,will-nicola-willis-be-the-next-prime-minister-of-new-zealand,next-prime-minister-of-new-zealand,MMP/parliamentary PM satellite market.,needs_slug_clob_verification,thin_from_paste_check_depth,appears_clear_from_paste,Expanded to all visible PM outcomes.,,,,,,,,,,,,,,,,,,,,,,,,REPAIRED_QUERY_RESET: previous search/verification was unreliable or not executable; rerun with resolver v4.
234,RSO-0234,39,Next Prime Minister of New Zealand,Next Prime Minister of New Zealand — Winston Peters,Will Winston Peters be the next Prime Minister of New Zealand?,Will Winston Peters be the next Prime Minister of New Zealand?,New Zealand,global_satellite,parliamentary_mmp,new_zealand_next_pm_2026,tracked,global_satellite,multi_outcome_contract,4,Winston Peters,will-winston-peters-be-the-next-prime-minister-of-new-zealand,will-winston-peters-be-the-next-prime-minister-of-new-zealand,next-prime-minister-of-new-zealand,MMP/parliamentary PM satellite market.,needs_slug_clob_verification,thin_from_paste_check_depth,appears_clear_from_paste,Expanded to all visible PM outcomes.,,,,,,,,,,,,,,,,,,,,,,,,REPAIRED_QUERY_RESET: previous search/verification was unreliable or not executable; rerun with resolver v4.
235,RSO-0235,39,Next Prime Minister of New Zealand,Next Prime Minister of New Zealand — Carmel Sepuloni,Will Carmel Sepuloni be the next Prime Minister of New Zealand?,Will Carmel Sepuloni be the next Prime Minister of New Zealand?,New Zealand,global_satellite,parliamentary_mmp,new_zealand_next_pm_2026,tracked,global_satellite,multi_outcome_contract,5,Carmel Sepuloni,will-carmel-sepuloni-be-the-next-prime-minister-of-new-zealand,will-carmel-sepuloni-be-the-next-prime-minister-of-new-zealand,next-prime-minister-of-new-zealand,MMP/parliamentary PM satellite market.,needs_slug_clob_verification,thin_from_paste_check_depth,appears_clear_from_paste,Expanded to all visible PM outcomes.,,,,,,,,,,,,,,,,,,,,,,,,REPAIRED_QUERY_RESET: previous search/verification was unreliable or not executable; rerun with resolver v4.
236,RSO-0236,39,Next Prime Minister of New Zealand,Next Prime Minister of New Zealand — Chlöe Swarbrick,Will Chlöe Swarbrick be the next Prime Minister of New Zealand?,Will Chlöe Swarbrick be the next Prime Minister of New Zealand?,New Zealand,global_satellite,parliamentary_mmp,new_zealand_next_pm_2026,tracked,global_satellite,multi_outcome_contract,6,Chlöe Swarbrick,will-chloe-swarbrick-be-the-next-prime-minister-of-new-zealand,will-chloe-swarbrick-be-the-next-prime-minister-of-new-zealand,next-prime-minister-of-new-zealand,MMP/parliamentary PM satellite market.,needs_slug_clob_verification,thin_from_paste_check_depth,appears_clear_from_paste,Expanded to all visible PM outcomes.,,,,,,,,,,,,,,,,,,,,,,,,REPAIRED_QUERY_RESET: previous search/verification was unreliable or not executable; rerun with resolver v4.
237,RSO-0237,39,Next Prime Minister of New Zealand,Next Prime Minister of New Zealand — David Seymour,Will David Seymour be the next Prime Minister of New Zealand?,Will David Seymour be the next Prime Minister of New Zealand?,New Zealand,global_satellite,parliamentary_mmp,new_zealand_next_pm_2026,tracked,global_satellite,multi_outcome_contract,7,David Seymour,will-david-seymour-be-the-next-prime-minister-of-new-zealand,will-david-seymour-be-the-next-prime-minister-of-new-zealand,next-prime-minister-of-new-zealand,MMP/parliamentary PM satellite market.,needs_slug_clob_verification,thin_from_paste_check_depth,appears_clear_from_paste,Expanded to all visible PM outcomes.,,,,,,,,,,,,,,,,,,,,,,,,REPAIRED_QUERY_RESET: previous search/verification was unreliable or not executable; rerun with resolver v4.
238,RSO-0238,40,New Zealand legislative election winner,New Zealand legislative election winner — Labour Party,Will Labour Party win the most seats in the New Zealand legislative election?,Will Labour Party win the most seats in the New Zealand legislative election?,New Zealand,global_satellite,parliamentary_mmp,new_zealand_most_seats_2026,tracked,global_satellite,multi_outcome_contract,1,Labour Party,will-labour-party-win-the-most-seats-in-the-new-zealand-legislative-election,will-labour-party-win-the-most-seats-in-the-new-zealand-legislative-election,new-zealand-legislative-election-winner,Most-seats counterpart to New Zealand PM market.,needs_slug_clob_verification,thin_from_paste_check_depth,appears_clear_from_paste,Expanded to all visible party outcomes.,,,,,,,,,,,,,,,,,,,,,,,,REPAIRED_QUERY_RESET: previous search/verification was unreliable or not executable; rerun with resolver v4.
239,RSO-0239,40,New Zealand legislative election winner,New Zealand legislative election winner — National Party,Will National Party win the most seats in the New Zealand legislative election?,Will National Party win the most seats in the New Zealand legislative election?,New Zealand,global_satellite,parliamentary_mmp,new_zealand_most_seats_2026,tracked,global_satellite,multi_outcome_contract,2,National Party,will-national-party-win-the-most-seats-in-the-new-zealand-legislative-election,will-national-party-win-the-most-seats-in-the-new-zealand-legislative-election,new-zealand-legislative-election-winner,Most-seats counterpart to New Zealand PM market.,needs_slug_clob_verification,thin_from_paste_check_depth,appears_clear_from_paste,Expanded to all visible party outcomes.,,,,,,,,,,,,,,,,,,,,,,,,REPAIRED_QUERY_RESET: previous search/verification was unreliable or not executable; rerun with resolver v4.
240,RSO-0240,40,New Zealand legislative election winner,New Zealand legislative election winner — New Zealand First Party,Will New Zealand First Party win the most seats in the New Zealand legislative election?,Will New Zealand First Party win the most seats in the New Zealand legislative election?,New Zealand,global_satellite,parliamentary_mmp,new_zealand_most_seats_2026,tracked,global_satellite,multi_outcome_contract,3,New Zealand First Party,will-new-zealand-first-party-win-the-most-seats-in-the-new-zealand-legislative-election,will-new-zealand-first-party-win-the-most-seats-in-the-new-zealand-legislative-election,new-zealand-legislative-election-winner,Most-seats counterpart to New Zealand PM market.,needs_slug_clob_verification,thin_from_paste_check_depth,appears_clear_from_paste,Expanded to all visible party outcomes.,,,,,,,,,,,,,,,,,,,,,,,,REPAIRED_QUERY_RESET: previous search/verification was unreliable or not executable; rerun with resolver v4.
241,RSO-0241,40,New Zealand legislative election winner,New Zealand legislative election winner — Green Party,Will Green Party win the most seats in the New Zealand legislative election?,Will Green Party win the most seats in the New Zealand legislative election?,New Zealand,global_satellite,parliamentary_mmp,new_zealand_most_seats_2026,tracked,global_satellite,multi_outcome_contract,4,Green Party,will-green-party-win-the-most-seats-in-the-new-zealand-legislative-election,will-green-party-win-the-most-seats-in-the-new-zealand-legislative-election,new-zealand-legislative-election-winner,Most-seats counterpart to New Zealand PM market.,needs_slug_clob_verification,thin_from_paste_check_depth,appears_clear_from_paste,Expanded to all visible party outcomes.,,,,,,,,,,,,,,,,,,,,,,,,REPAIRED_QUERY_RESET: previous search/verification was unreliable or not executable; rerun with resolver v4.
