market_num,tracking_id,parent_market_num,parent_market_name,market_name,question,search_query,region,bucket,system_type,underlying_event_group,group,tier,outcome_market_kind,outcome_order,primary_outcome_to_track,exact_polymarket_slug,slug_search_hint,parent_slug_search_hint,selected_reason,status,liquidity_ok,rules_ok,notes,gamma_market_id,event_id,condition_id,description_text,rules_text,resolution_source,end_date,active,closed,resolved,archived,enable_order_book,outcomes_json,clob_token_ids_json,outcome_token_map_json,yes_token_id,no_token_id,volume,liquidity,market_url,verification_status,verified_at,candidate_matches_json,resolver_notes
1,RSO-0001,1,"Senate control, 2026","Senate control, 2026 — Republican Party",Will the Republican Party control the Senate after the 2026 Midterm elections?,Will the Republican Party control the Senate after the 2026 Midterm elections?,US,us_national,us_federal,us_senate_control_2026,tracked,core_us,binary_complement_contract,1,Republican Party,will-the-republican-party-control-the-senate-after-the-2026-midterm-elections,will-the-republican-party-control-the-senate-after-the-2026-midterm-elections,which-party-will-win-the-senate-in-2026,Macro Senate control anchor; high-volume central US midterm thesis market.,needs_slug_clob_verification,appears_strong_from_paste,appears_clear_from_paste,Complement outcomes; analyze under same event group.,562794,32224,0x86bfb53af7250a40928975c551d12c185b762fa4ce0b40c6a64a50c946d72587,"This market will resolve according to the party that controls the Senate following the 2026 U.S. Senate elections scheduled for November 3, 2026.

Senate control is defined as having more than half of the voting Senate members, or half of the voting Senate members and the Vice Presidency.

If the outcome of this election is ambiguous given the above rules, this market will remain open until the Majority Leader of the US Senate is selected following the 2026 US general election, at which point it will resolve to the party the majority leader is affiliated with at the time of their election to that position. If the elected majority leader does not caucus with any listed party this market will resolve “Other”.

Determination of which party controls the Senate after the 2026 US Senate elections will be based on a consensus of credible reporting, or if there is ambiguity, final federal and/or state election authority certification or other final official determination of the 2026 election results.",,,2026-11-03T00:00:00Z,true,false,,false,true,"[""Yes"",""No""]","[""51939490109676186832507970701169130490548061087912630009168726706475001411420"",""108587038225191871355030577171066853142535232042155117887981453750193713427381""]","{""Yes"":""51939490109676186832507970701169130490548061087912630009168726706475001411420"",""No"":""108587038225191871355030577171066853142535232042155117887981453750193713427381""}",51939490109676186832507970701169130490548061087912630009168726706475001411420,108587038225191871355030577171066853142535232042155117887981453750193713427381,1308930.158923012,164824.368,https://polymarket.com/event/will-the-republican-party-control-the-senate-after-the-2026-midterm-elections,VERIFIED_READY,2026-06-25T19:31:23+00:00,"[{""score"":1.04,""id"":""562794"",""slug"":""will-the-republican-party-control-the-senate-after-the-2026-midterm-elections"",""question"":""Will the Republican Party control the Senate after the 2026 Midterm elections?"",""event_title"":""Which party will win the Senate in 2026?"",""endDate"":""2026-11-03T00:00:00Z"",""volume"":""1308930.158923012"",""source"":""/events?search"",""active"":true,""closed"":false},{""score"":0.9837,""id"":""562803"",""slug"":""will-the-republican-party-control-the-house-after-the-2026-midterm-elections"",""question"":""Will the Republican Party control the House after the 2026 Midterm elections?"",""event_title"":""Which party will win the House in 2026?"",""endDate"":""2026-11-03T00:00:00Z"",""volume"":""3456201.5151959434"",""source"":""/events?search"",""active"":true,""closed"":false},{""score"":0.9609,""id"":""562793"",""slug"":""will-the-democratic-party-control-the-senate-after-the-2026-midterm-elections"",""question"":""Will the Democratic Party control the Senate after the 2026 Midterm elections?"",""event_title"":""Which party will win the Senate in 2026?"",""endDate"":""2026-11-03T00:00:00Z"",""volume"":""1476430.5579370107"",""source"":""/events?search"",""active"":true,""closed"":false},{""score"":0.9043,""id"":""562802"",""slug"":""will-the-democratic-party-control-the-house-after-the-2026-midterm-elections"",""question"":""Will the Democratic Party control the House after the 2026 Midterm elections?"",""event_title"":""Which party will win the House in 2026?"",""endDate"":""2026-11-03T00:00:00Z"",""volume"":""4185811.6013039355"",""source"":""/events?search"",""active"":true,""closed"":false},{""score"":0.8877,""id"":""562801"",""slug"":""will-another-party-control-the-senate-after-the-2026-midterm-elections-615"",""question"":""Will another party control the Senate after the 2026 Midterm elections?"",""event_title"":""Which party will win the Senate in 2026?"",""endDate"":""2026-11-03T00:00:00Z"",""volume"":""0"",""source"":""/events?search"",""active"":false,""closed"":false}]",Accepted candidate rank 1 with fuzzy_score=1.0400.
2,RSO-0002,1,"Senate control, 2026","Senate control, 2026 — Democratic Party",Will the Democratic Party control the Senate after the 2026 Midterm elections?,Will the Democratic Party control the Senate after the 2026 Midterm elections?,US,us_national,us_federal,us_senate_control_2026,tracked,core_us,binary_complement_contract,2,Democratic Party,will-the-democratic-party-control-the-senate-after-the-2026-midterm-elections,will-the-democratic-party-control-the-senate-after-the-2026-midterm-elections,which-party-will-win-the-senate-in-2026,Macro Senate control anchor; high-volume central US midterm thesis market.,needs_slug_clob_verification,appears_strong_from_paste,appears_clear_from_paste,Complement outcomes; analyze under same event group.,562793,32224,0x307a1ed89d60b61002dd5bbf00e1408c5ed2ab3fcdb056191ca7ef9bc34d38f3,"This market will resolve according to the party that controls the Senate following the 2026 U.S. Senate elections scheduled for November 3, 2026.

Senate control is defined as having more than half of the voting Senate members, or half of the voting Senate members and the Vice Presidency.

If the outcome of this election is ambiguous given the above rules, this market will remain open until the Majority Leader of the US Senate is selected following the 2026 US general election, at which point it will resolve to the party the majority leader is affiliated with at the time of their election to that position. If the elected majority leader does not caucus with any listed party this market will resolve “Other”.

Determination of which party controls the Senate after the 2026 US Senate elections will be based on a consensus of credible reporting, or if there is ambiguity, final federal and/or state election authority certification or other final official determination of the 2026 election results.",,,2026-11-03T00:00:00Z,true,false,,false,true,"[""Yes"",""No""]","[""113287701564209339913693347405685749986285999146352375265161592243948562084773"",""107118433685650702332040991454078902188473746599223732907923581436160160612542""]","{""Yes"":""113287701564209339913693347405685749986285999146352375265161592243948562084773"",""No"":""107118433685650702332040991454078902188473746599223732907923581436160160612542""}",113287701564209339913693347405685749986285999146352375265161592243948562084773,107118433685650702332040991454078902188473746599223732907923581436160160612542,1476430.5579370107,194430.3111,https://polymarket.com/event/will-the-democratic-party-control-the-senate-after-the-2026-midterm-elections,VERIFIED_READY,2026-06-25T19:31:35+00:00,"[{""score"":1.04,""id"":""562793"",""slug"":""will-the-democratic-party-control-the-senate-after-the-2026-midterm-elections"",""question"":""Will the Democratic Party control the Senate after the 2026 Midterm elections?"",""event_title"":""Which party will win the Senate in 2026?"",""endDate"":""2026-11-03T00:00:00Z"",""volume"":""1476430.5579370107"",""source"":""/events?search"",""active"":true,""closed"":false},{""score"":0.9837,""id"":""562802"",""slug"":""will-the-democratic-party-control-the-house-after-the-2026-midterm-elections"",""question"":""Will the Democratic Party control the House after the 2026 Midterm elections?"",""event_title"":""Which party will win the House in 2026?"",""endDate"":""2026-11-03T00:00:00Z"",""volume"":""4185811.6013039355"",""source"":""/events?search"",""active"":true,""closed"":false},{""score"":0.9609,""id"":""562794"",""slug"":""will-the-republican-party-control-the-senate-after-the-2026-midterm-elections"",""question"":""Will the Republican Party control the Senate after the 2026 Midterm elections?"",""event_title"":""Which party will win the Senate in 2026?"",""endDate"":""2026-11-03T00:00:00Z"",""volume"":""1308930.158923012"",""source"":""/events?search"",""active"":true,""closed"":false},{""score"":0.9043,""id"":""562803"",""slug"":""will-the-republican-party-control-the-house-after-the-2026-midterm-elections"",""question"":""Will the Republican Party control the House after the 2026 Midterm elections?"",""event_title"":""Which party will win the House in 2026?"",""endDate"":""2026-11-03T00:00:00Z"",""volume"":""3456201.5151959434"",""source"":""/events?search"",""active"":true,""closed"":false},{""score"":0.8877,""id"":""562801"",""slug"":""will-another-party-control-the-senate-after-the-2026-midterm-elections-615"",""question"":""Will another party control the Senate after the 2026 Midterm elections?"",""event_title"":""Which party will win the Senate in 2026?"",""endDate"":""2026-11-03T00:00:00Z"",""volume"":""0"",""source"":""/events?search"",""active"":false,""closed"":false}]",Accepted candidate rank 1 with fuzzy_score=1.0400.
3,RSO-0003,2,"House control, 2026","House control, 2026 — Republican Party",Will the Republican Party control the House after the 2026 Midterm elections?,Will the Republican Party control the House after the 2026 Midterm elections?,US,us_national,us_federal,us_house_control_2026,tracked,core_us,binary_complement_contract,1,Republican Party,will-the-republican-party-control-the-house-after-the-2026-midterm-elections,will-the-republican-party-control-the-house-after-the-2026-midterm-elections,which-party-will-win-the-house-in-2026,Macro House control anchor; high-volume central US midterm thesis market.,needs_slug_clob_verification,appears_strong_from_paste,appears_clear_from_paste,Complement outcomes; analyze under same event group.,562803,32225,0x4e4f77e7dbf4cab666e9a1943674d7ae66348e862df03ea6f44b11eb95731928,"This market will resolve according to the party that controls the House of Representatives following the 2026 U.S. House elections scheduled for November 3, 2026.

House control is defined as having more than half of the voting members of the U.S. House of Representatives.

If the outcome of this election is ambiguous given the above rules, this market will remain open until the Speaker of the House is selected following the 2026 U.S. general election, at which point it will resolve to the party the Speaker is affiliated with at the time of their election to that position. If the elected Speaker does not caucus with any listed party this market will resolve “Other”.

Determination of which party controls the House after the 2026 U.S. House elections will be based on a consensus of credible reporting, or if there is ambiguity, final federal and/or state election authority certification or other final official determination of the 2026 election results.",,,2026-11-03T00:00:00Z,true,false,,false,true,"[""Yes"",""No""]","[""65139230827417363158752884968303867495725894165574887635816574090175320800482"",""17371217118862125782438074585166210555214661810823929795910191856905580975576""]","{""Yes"":""65139230827417363158752884968303867495725894165574887635816574090175320800482"",""No"":""17371217118862125782438074585166210555214661810823929795910191856905580975576""}",65139230827417363158752884968303867495725894165574887635816574090175320800482,17371217118862125782438074585166210555214661810823929795910191856905580975576,3456201.5151959434,389706.002,https://polymarket.com/event/will-the-republican-party-control-the-house-after-the-2026-midterm-elections,VERIFIED_READY,2026-06-25T19:35:20+00:00,"[{""score"":1.0391,""id"":""562803"",""slug"":""will-the-republican-party-control-the-house-after-the-2026-midterm-elections"",""question"":""Will the Republican Party control the House after the 2026 Midterm elections?"",""event_title"":""Which party will win the House in 2026?"",""endDate"":""2026-11-03T00:00:00Z"",""volume"":""3456201.5151959434"",""source"":""/events?search"",""active"":true,""closed"":false},{""score"":0.989,""id"":""562794"",""slug"":""will-the-republican-party-control-the-senate-after-the-2026-midterm-elections"",""question"":""Will the Republican Party control the Senate after the 2026 Midterm elections?"",""event_title"":""Which party will win the Senate in 2026?"",""endDate"":""2026-11-03T00:00:00Z"",""volume"":""1308930.158923012"",""source"":""/events?search"",""active"":true,""closed"":false},{""score"":0.9593,""id"":""562802"",""slug"":""will-the-democratic-party-control-the-house-after-the-2026-midterm-elections"",""question"":""Will the Democratic Party control the House after the 2026 Midterm elections?"",""event_title"":""Which party will win the House in 2026?"",""endDate"":""2026-11-03T00:00:00Z"",""volume"":""4185811.6013039355"",""source"":""/events?search"",""active"":true,""closed"":false},{""score"":0.9095,""id"":""562793"",""slug"":""will-the-democratic-party-control-the-senate-after-the-2026-midterm-elections"",""question"":""Will the Democratic Party control the Senate after the 2026 Midterm elections?"",""event_title"":""Which party will win the Senate in 2026?"",""endDate"":""2026-11-03T00:00:00Z"",""volume"":""1476430.5579370107"",""source"":""/events?search"",""active"":true,""closed"":false},{""score"":0.886,""id"":""562810"",""slug"":""will-another-party-control-the-house-after-the-2026-midterm-elections-693"",""question"":""Will another party control the House after the 2026 Midterm elections?"",""event_title"":""Which party will win the House in 2026?"",""endDate"":""2025-07-11T00:00:00Z"",""volume"":""0"",""source"":""/events?search"",""active"":false,""closed"":false}]",Accepted candidate rank 1 with fuzzy_score=1.0391.
4,RSO-0004,2,"House control, 2026","House control, 2026 — Democratic Party",Will the Democratic Party control the House after the 2026 Midterm elections?,Will the Democratic Party control the House after the 2026 Midterm elections?,US,us_national,us_federal,us_house_control_2026,tracked,core_us,binary_complement_contract,2,Democratic Party,will-the-democratic-party-control-the-house-after-the-2026-midterm-elections,will-the-democratic-party-control-the-house-after-the-2026-midterm-elections,which-party-will-win-the-house-in-2026,Macro House control anchor; high-volume central US midterm thesis market.,needs_slug_clob_verification,appears_strong_from_paste,appears_clear_from_paste,Complement outcomes; analyze under same event group.,562802,32225,0xd5d9fc47718bd553592d126b1fa5e87183d27f3936975b0c04cc0f2dec1f1bb4,"This market will resolve according to the party that controls the House of Representatives following the 2026 U.S. House elections scheduled for November 3, 2026.

House control is defined as having more than half of the voting members of the U.S. House of Representatives.

If the outcome of this election is ambiguous given the above rules, this market will remain open until the Speaker of the House is selected following the 2026 U.S. general election, at which point it will resolve to the party the Speaker is affiliated with at the time of their election to that position. If the elected Speaker does not caucus with any listed party this market will resolve “Other”.

Determination of which party controls the House after the 2026 U.S. House elections will be based on a consensus of credible reporting, or if there is ambiguity, final federal and/or state election authority certification or other final official determination of the 2026 election results.",,,2026-11-03T00:00:00Z,true,false,,false,true,"[""Yes"",""No""]","[""83247781037352156539108067944461291821683755894607244160607042790356561625563"",""33156410999665902694791064431724433042010245771106314074312009703157423879038""]","{""Yes"":""83247781037352156539108067944461291821683755894607244160607042790356561625563"",""No"":""33156410999665902694791064431724433042010245771106314074312009703157423879038""}",83247781037352156539108067944461291821683755894607244160607042790356561625563,33156410999665902694791064431724433042010245771106314074312009703157423879038,4185811.6013039355,376086.6071,https://polymarket.com/event/will-the-democratic-party-control-the-house-after-the-2026-midterm-elections,VERIFIED_READY,2026-06-25T19:35:32+00:00,"[{""score"":1.0391,""id"":""562802"",""slug"":""will-the-democratic-party-control-the-house-after-the-2026-midterm-elections"",""question"":""Will the Democratic Party control the House after the 2026 Midterm elections?"",""event_title"":""Which party will win the House in 2026?"",""endDate"":""2026-11-03T00:00:00Z"",""volume"":""4185811.6013039355"",""source"":""/events?search"",""active"":true,""closed"":false},{""score"":0.989,""id"":""562793"",""slug"":""will-the-democratic-party-control-the-senate-after-the-2026-midterm-elections"",""question"":""Will the Democratic Party control the Senate after the 2026 Midterm elections?"",""event_title"":""Which party will win the Senate in 2026?"",""endDate"":""2026-11-03T00:00:00Z"",""volume"":""1476430.5579370107"",""source"":""/events?search"",""active"":true,""closed"":false},{""score"":0.9593,""id"":""562803"",""slug"":""will-the-republican-party-control-the-house-after-the-2026-midterm-elections"",""question"":""Will the Republican Party control the House after the 2026 Midterm elections?"",""event_title"":""Which party will win the House in 2026?"",""endDate"":""2026-11-03T00:00:00Z"",""volume"":""3456201.5151959434"",""source"":""/events?search"",""active"":true,""closed"":false},{""score"":0.9095,""id"":""562794"",""slug"":""will-the-republican-party-control-the-senate-after-the-2026-midterm-elections"",""question"":""Will the Republican Party control the Senate after the 2026 Midterm elections?"",""event_title"":""Which party will win the Senate in 2026?"",""endDate"":""2026-11-03T00:00:00Z"",""volume"":""1308930.158923012"",""source"":""/events?search"",""active"":true,""closed"":false},{""score"":0.886,""id"":""562810"",""slug"":""will-another-party-control-the-house-after-the-2026-midterm-elections-693"",""question"":""Will another party control the House after the 2026 Midterm elections?"",""event_title"":""Which party will win the House in 2026?"",""endDate"":""2025-07-11T00:00:00Z"",""volume"":""0"",""source"":""/events?search"",""active"":false,""closed"":false}]",Accepted candidate rank 1 with fuzzy_score=1.0391.
5,RSO-0005,3,Republican House seats after 2026 midterms,Republican House seats after 2026 midterms — Below 190,Will the Republican Party hold below 190 House seats after the 2026 midterm elections?,Will the Republican Party hold below 190 House seats after the 2026 midterm elections?,US,us_national,us_federal,us_house_seat_range_2026,tracked,core_us,range_contract,1,Below 190,will-the-republican-party-hold-below-190-house-seats-after-the-2026-midterm-elections,will-the-republican-party-hold-below-190-house-seats-after-the-2026-midterm-elections,republican-house-seats-after-the-2026-midterm-elections,House seat distribution / majority-size market; split into every bracket to avoid collapsing a range event into one row.,needs_slug_clob_verification,needs_orderbook_check,appears_clear_from_paste,Range event expanded to one row per bracket.,919489,103166,0xa2e43598547f2e90e3eee195812c8814202b9b66f6c540d7e15a265cbe93f68f,"The 2026 midterm elections are scheduled to be held on November 3, 2026.

This market will resolve according to the number of seats held by the Republican Party in the US House of Representatives as a result of the 2026 midterm elections.

This market will resolve based on the results of all US House of Representatives elections, including special elections, that are scheduled to occur in November 2026 as of October 31, 2026. If a required runoff for any such election could change the market’s outcome, the market will remain open until that runoff is conclusively called by this market’s resolution sources.

A candidate's party will be determined by their ballot-listed or otherwise identifiable affiliation with that party at the time all of the 2026 House elections are conclusively called by this market's resolution sources.

The resolution source for this market is the Associated Press, Fox News, and NBC. This market will resolve once all three sources have conclusively called all US House of Representatives elections. If all three sources do not achieve consensus in calling the relevant races for this market, it will resolve based on the official certification.",,,2026-11-03T00:00:00Z,true,false,,false,true,"[""Yes"",""No""]","[""106321904011141120286469207995805275978977204556483905903452161304048552011252"",""94230171906841915106704029803563020420374657103436346471561700926244621209762""]","{""Yes"":""106321904011141120286469207995805275978977204556483905903452161304048552011252"",""No"":""94230171906841915106704029803563020420374657103436346471561700926244621209762""}",106321904011141120286469207995805275978977204556483905903452161304048552011252,94230171906841915106704029803563020420374657103436346471561700926244621209762,22003.404290999988,9426.5008,https://polymarket.com/event/will-the-republican-party-hold-below-190-house-seats-after-the-2026-midterm-elections,VERIFIED_READY,2026-06-25T19:35:46+00:00,"[{""score"":0.9431,""id"":""919489"",""slug"":""will-the-republican-party-hold-below-190-house-seats-after-the-2026-midterm-elections"",""question"":""Will the Republican Party hold below 190 House seats after the 2026 midterm elections?"",""event_title"":"""",""endDate"":""2026-11-03T00:00:00Z"",""volume"":""22003.404290999988"",""source"":""markets_slug_query"",""active"":true,""closed"":false},{""score"":0.8763,""id"":""562803"",""slug"":""will-the-republican-party-control-the-house-after-the-2026-midterm-elections"",""question"":""Will the Republican Party control the House after the 2026 Midterm elections?"",""event_title"":""Which party will win the House in 2026?"",""endDate"":""2026-11-03T00:00:00Z"",""volume"":""3456201.5151959434"",""source"":""/events?search"",""active"":true,""closed"":false},{""score"":0.8539,""id"":""562794"",""slug"":""will-the-republican-party-control-the-senate-after-the-2026-midterm-elections"",""question"":""Will the Republican Party control the Senate after the 2026 Midterm elections?"",""event_title"":""Which party will win the Senate in 2026?"",""endDate"":""2026-11-03T00:00:00Z"",""volume"":""1308930.158923012"",""source"":""/events?search"",""active"":true,""closed"":false},{""score"":0.8043,""id"":""562802"",""slug"":""will-the-democratic-party-control-the-house-after-the-2026-midterm-elections"",""question"":""Will the Democratic Party control the House after the 2026 Midterm elections?"",""event_title"":""Which party will win the House in 2026?"",""endDate"":""2026-11-03T00:00:00Z"",""volume"":""4185811.6013039355"",""source"":""/events?search"",""active"":true,""closed"":false},{""score"":0.7823,""id"":""562793"",""slug"":""will-the-democratic-party-control-the-senate-after-the-2026-midterm-elections"",""question"":""Will the Democratic Party control the Senate after the 2026 Midterm elections?"",""event_title"":""Which party will win the Senate in 2026?"",""endDate"":""2026-11-03T00:00:00Z"",""volume"":""1476430.5579370107"",""source"":""/events?search"",""active"":true,""closed"":false}]",Accepted candidate rank 1 with fuzzy_score=0.9431.
6,RSO-0006,3,Republican House seats after 2026 midterms,Republican House seats after 2026 midterms — 190-194,Will the Republican Party hold between 190 and 194 House seats after the 2026 midterm elections?,Will the Republican Party hold between 190 and 194 House seats after the 2026 midterm elections?,US,us_national,us_federal,us_house_seat_range_2026,tracked,core_us,range_contract,2,190-194,will-the-republican-party-hold-between-190-and-194-house-seats-after-the-2026-midterm-elections,will-the-republican-party-hold-between-190-and-194-house-seats-after-the-2026-midterm-elections,republican-house-seats-after-the-2026-midterm-elections,House seat distribution / majority-size market; split into every bracket to avoid collapsing a range event into one row.,needs_slug_clob_verification,needs_orderbook_check,appears_clear_from_paste,Range event expanded to one row per bracket.,919490,103166,0x18cc1dd29f0b816135d5337cebae4d1f8b42a2c8b951e893936f35fd235ecc94,"The 2026 midterm elections are scheduled to be held on November 3, 2026.

This market will resolve according to the number of seats held by the Republican Party in the US House of Representatives as a result of the 2026 midterm elections.

This market will resolve based on the results of all US House of Representatives elections, including special elections, that are scheduled to occur in November 2026 as of October 31, 2026. If a required runoff for any such election could change the market’s outcome, the market will remain open until that runoff is conclusively called by this market’s resolution sources.

A candidate's party will be determined by their ballot-listed or otherwise identifiable affiliation with that party at the time all of the 2026 House elections are conclusively called by this market's resolution sources.

The resolution source for this market is the Associated Press, Fox News, and NBC. This market will resolve once all three sources have conclusively called all US House of Representatives elections. If all three sources do not achieve consensus in calling the relevant races for this market, it will resolve based on the official certification.",,,2026-11-03T00:00:00Z,true,false,,false,true,"[""Yes"",""No""]","[""28563039514548428320768176747354466148898869862983186828076262234559578730437"",""39274759637512251349899918315825402156591164583296512759737487181303980304481""]","{""Yes"":""28563039514548428320768176747354466148898869862983186828076262234559578730437"",""No"":""39274759637512251349899918315825402156591164583296512759737487181303980304481""}",28563039514548428320768176747354466148898869862983186828076262234559578730437,39274759637512251349899918315825402156591164583296512759737487181303980304481,10314.481388000002,17788.8667,https://polymarket.com/event/will-the-republican-party-hold-between-190-and-194-house-seats-after-the-2026-midterm-elections,VERIFIED_READY,2026-06-25T19:35:58+00:00,"[{""score"":0.9428,""id"":""919490"",""slug"":""will-the-republican-party-hold-between-190-and-194-house-seats-after-the-2026-midterm-elections"",""question"":""Will the Republican Party hold between 190 and 194 House seats after the 2026 midterm elections?"",""event_title"":"""",""endDate"":""2026-11-03T00:00:00Z"",""volume"":""10314.481388000002"",""source"":""markets_slug_query"",""active"":true,""closed"":false},{""score"":0.8267,""id"":""562803"",""slug"":""will-the-republican-party-control-the-house-after-the-2026-midterm-elections"",""question"":""Will the Republican Party control the House after the 2026 Midterm elections?"",""event_title"":""Which party will win the House in 2026?"",""endDate"":""2026-11-03T00:00:00Z"",""volume"":""3456201.5151959434"",""source"":""/events?search"",""active"":true,""closed"":false},{""score"":0.8116,""id"":""562794"",""slug"":""will-the-republican-party-control-the-senate-after-the-2026-midterm-elections"",""question"":""Will the Republican Party control the Senate after the 2026 Midterm elections?"",""event_title"":""Which party will win the Senate in 2026?"",""endDate"":""2026-11-03T00:00:00Z"",""volume"":""1308930.158923012"",""source"":""/events?search"",""active"":true,""closed"":false},{""score"":0.7601,""id"":""562802"",""slug"":""will-the-democratic-party-control-the-house-after-the-2026-midterm-elections"",""question"":""Will the Democratic Party control the House after the 2026 Midterm elections?"",""event_title"":""Which party will win the House in 2026?"",""endDate"":""2026-11-03T00:00:00Z"",""volume"":""4185811.6013039355"",""source"":""/events?search"",""active"":true,""closed"":false},{""score"":0.7453,""id"":""562793"",""slug"":""will-the-democratic-party-control-the-senate-after-the-2026-midterm-elections"",""question"":""Will the Democratic Party control the Senate after the 2026 Midterm elections?"",""event_title"":""Which party will win the Senate in 2026?"",""endDate"":""2026-11-03T00:00:00Z"",""volume"":""1476430.5579370107"",""source"":""/events?search"",""active"":true,""closed"":false}]",Accepted candidate rank 1 with fuzzy_score=0.9428.
7,RSO-0007,3,Republican House seats after 2026 midterms,Republican House seats after 2026 midterms — 195-199,Will the Republican Party hold between 195 and 199 House seats after the 2026 midterm elections?,Will the Republican Party hold between 195 and 199 House seats after the 2026 midterm elections?,US,us_national,us_federal,us_house_seat_range_2026,tracked,core_us,range_contract,3,195-199,will-the-republican-party-hold-between-195-and-199-house-seats-after-the-2026-midterm-elections,will-the-republican-party-hold-between-195-and-199-house-seats-after-the-2026-midterm-elections,republican-house-seats-after-the-2026-midterm-elections,House seat distribution / majority-size market; split into every bracket to avoid collapsing a range event into one row.,needs_slug_clob_verification,needs_orderbook_check,appears_clear_from_paste,Range event expanded to one row per bracket.,919491,103166,0xa6af312109c285d70f39a4f8d8e3d4a2e7e12bcabe5ab03527396a3a1377925d,"The 2026 midterm elections are scheduled to be held on November 3, 2026.

This market will resolve according to the number of seats held by the Republican Party in the US House of Representatives as a result of the 2026 midterm elections.

This market will resolve based on the results of all US House of Representatives elections, including special elections, that are scheduled to occur in November 2026 as of October 31, 2026. If a required runoff for any such election could change the market’s outcome, the market will remain open until that runoff is conclusively called by this market’s resolution sources.

A candidate's party will be determined by their ballot-listed or otherwise identifiable affiliation with that party at the time all of the 2026 House elections are conclusively called by this market's resolution sources.

The resolution source for this market is the Associated Press, Fox News, and NBC. This market will resolve once all three sources have conclusively called all US House of Representatives elections. If all three sources do not achieve consensus in calling the relevant races for this market, it will resolve based on the official certification.",,,2026-11-03T00:00:00Z,true,false,,false,true,"[""Yes"",""No""]","[""115193834526916935745756977772378619467834046854963255708898687971795314424675"",""65987535647596362321220801366147935730786543051104441957847323449315063332845""]","{""Yes"":""115193834526916935745756977772378619467834046854963255708898687971795314424675"",""No"":""65987535647596362321220801366147935730786543051104441957847323449315063332845""}",115193834526916935745756977772378619467834046854963255708898687971795314424675,65987535647596362321220801366147935730786543051104441957847323449315063332845,30108.46548199999,16409.6908,https://polymarket.com/event/will-the-republican-party-hold-between-195-and-199-house-seats-after-the-2026-midterm-elections,VERIFIED_READY,2026-06-25T19:37:43+00:00,"[{""score"":0.9447,""id"":""919491"",""slug"":""will-the-republican-party-hold-between-195-and-199-house-seats-after-the-2026-midterm-elections"",""question"":""Will the Republican Party hold between 195 and 199 House seats after the 2026 midterm elections?"",""event_title"":"""",""endDate"":""2026-11-03T00:00:00Z"",""volume"":""30108.46548199999"",""source"":""markets_slug_query"",""active"":true,""closed"":false},{""score"":0.8267,""id"":""562803"",""slug"":""will-the-republican-party-control-the-house-after-the-2026-midterm-elections"",""question"":""Will the Republican Party control the House after the 2026 Midterm elections?"",""event_title"":""Which party will win the House in 2026?"",""endDate"":""2026-11-03T00:00:00Z"",""volume"":""3456201.5151959434"",""source"":""/events?search"",""active"":true,""closed"":false},{""score"":0.8116,""id"":""562794"",""slug"":""will-the-republican-party-control-the-senate-after-the-2026-midterm-elections"",""question"":""Will the Republican Party control the Senate after the 2026 Midterm elections?"",""event_title"":""Which party will win the Senate in 2026?"",""endDate"":""2026-11-03T00:00:00Z"",""volume"":""1308930.158923012"",""source"":""/events?search"",""active"":true,""closed"":false},{""score"":0.7601,""id"":""562802"",""slug"":""will-the-democratic-party-control-the-house-after-the-2026-midterm-elections"",""question"":""Will the Democratic Party control the House after the 2026 Midterm elections?"",""event_title"":""Which party will win the House in 2026?"",""endDate"":""2026-11-03T00:00:00Z"",""volume"":""4185811.6013039355"",""source"":""/events?search"",""active"":true,""closed"":false},{""score"":0.7453,""id"":""562793"",""slug"":""will-the-democratic-party-control-the-senate-after-the-2026-midterm-elections"",""question"":""Will the Democratic Party control the Senate after the 2026 Midterm elections?"",""event_title"":""Which party will win the Senate in 2026?"",""endDate"":""2026-11-03T00:00:00Z"",""volume"":""1476430.5579370107"",""source"":""/events?search"",""active"":true,""closed"":false}]",Accepted candidate rank 1 with fuzzy_score=0.9447.
8,RSO-0008,3,Republican House seats after 2026 midterms,Republican House seats after 2026 midterms — 200-204,Will the Republican Party hold between 200 and 204 House seats after the 2026 midterm elections?,Will the Republican Party hold between 200 and 204 House seats after the 2026 midterm elections?,US,us_national,us_federal,us_house_seat_range_2026,tracked,core_us,range_contract,4,200-204,will-the-republican-party-hold-between-200-and-204-house-seats-after-the-2026-midterm-elections,will-the-republican-party-hold-between-200-and-204-house-seats-after-the-2026-midterm-elections,republican-house-seats-after-the-2026-midterm-elections,House seat distribution / majority-size market; split into every bracket to avoid collapsing a range event into one row.,needs_slug_clob_verification,needs_orderbook_check,appears_clear_from_paste,Range event expanded to one row per bracket.,919492,103166,0x7ff4e4b2f389acdd96ef18bb34684b9219a972b7ef0cde5856d28f5d5325f3d4,"The 2026 midterm elections are scheduled to be held on November 3, 2026.

This market will resolve according to the number of seats held by the Republican Party in the US House of Representatives as a result of the 2026 midterm elections.

This market will resolve based on the results of all US House of Representatives elections, including special elections, that are scheduled to occur in November 2026 as of October 31, 2026. If a required runoff for any such election could change the market’s outcome, the market will remain open until that runoff is conclusively called by this market’s resolution sources.

A candidate's party will be determined by their ballot-listed or otherwise identifiable affiliation with that party at the time all of the 2026 House elections are conclusively called by this market's resolution sources.

The resolution source for this market is the Associated Press, Fox News, and NBC. This market will resolve once all three sources have conclusively called all US House of Representatives elections. If all three sources do not achieve consensus in calling the relevant races for this market, it will resolve based on the official certification.",,,2026-11-03T00:00:00Z,true,false,,false,true,"[""Yes"",""No""]","[""72002069499527925398637560287453277989370912181886433715927009264225913591577"",""66528408760708879746002787389405554394995959656331652859367394447910291935169""]","{""Yes"":""72002069499527925398637560287453277989370912181886433715927009264225913591577"",""No"":""66528408760708879746002787389405554394995959656331652859367394447910291935169""}",72002069499527925398637560287453277989370912181886433715927009264225913591577,66528408760708879746002787389405554394995959656331652859367394447910291935169,23245.749587,17510.22222,https://polymarket.com/event/will-the-republican-party-hold-between-200-and-204-house-seats-after-the-2026-midterm-elections,VERIFIED_READY,2026-06-25T19:37:56+00:00,"[{""score"":0.9441,""id"":""919492"",""slug"":""will-the-republican-party-hold-between-200-and-204-house-seats-after-the-2026-midterm-elections"",""question"":""Will the Republican Party hold between 200 and 204 House seats after the 2026 midterm elections?"",""event_title"":"""",""endDate"":""2026-11-03T00:00:00Z"",""volume"":""23245.749587"",""source"":""markets_slug_query"",""active"":true,""closed"":false},{""score"":0.8267,""id"":""562803"",""slug"":""will-the-republican-party-control-the-house-after-the-2026-midterm-elections"",""question"":""Will the Republican Party control the House after the 2026 Midterm elections?"",""event_title"":""Which party will win the House in 2026?"",""endDate"":""2026-11-03T00:00:00Z"",""volume"":""3456201.5151959434"",""source"":""/events?search"",""active"":true,""closed"":false},{""score"":0.8116,""id"":""562794"",""slug"":""will-the-republican-party-control-the-senate-after-the-2026-midterm-elections"",""question"":""Will the Republican Party control the Senate after the 2026 Midterm elections?"",""event_title"":""Which party will win the Senate in 2026?"",""endDate"":""2026-11-03T00:00:00Z"",""volume"":""1308930.158923012"",""source"":""/events?search"",""active"":true,""closed"":false},{""score"":0.7601,""id"":""562802"",""slug"":""will-the-democratic-party-control-the-house-after-the-2026-midterm-elections"",""question"":""Will the Democratic Party control the House after the 2026 Midterm elections?"",""event_title"":""Which party will win the House in 2026?"",""endDate"":""2026-11-03T00:00:00Z"",""volume"":""4185811.6013039355"",""source"":""/events?search"",""active"":true,""closed"":false},{""score"":0.7453,""id"":""562793"",""slug"":""will-the-democratic-party-control-the-senate-after-the-2026-midterm-elections"",""question"":""Will the Democratic Party control the Senate after the 2026 Midterm elections?"",""event_title"":""Which party will win the Senate in 2026?"",""endDate"":""2026-11-03T00:00:00Z"",""volume"":""1476430.5579370107"",""source"":""/events?search"",""active"":true,""closed"":false}]",Accepted candidate rank 1 with fuzzy_score=0.9441.
9,RSO-0009,3,Republican House seats after 2026 midterms,Republican House seats after 2026 midterms — 205-209,Will the Republican Party hold between 205 and 209 House seats after the 2026 midterm elections?,Will the Republican Party hold between 205 and 209 House seats after the 2026 midterm elections?,US,us_national,us_federal,us_house_seat_range_2026,tracked,core_us,range_contract,5,205-209,will-the-republican-party-hold-between-205-and-209-house-seats-after-the-2026-midterm-elections,will-the-republican-party-hold-between-205-and-209-house-seats-after-the-2026-midterm-elections,republican-house-seats-after-the-2026-midterm-elections,House seat distribution / majority-size market; split into every bracket to avoid collapsing a range event into one row.,needs_slug_clob_verification,needs_orderbook_check,appears_clear_from_paste,Range event expanded to one row per bracket.,919493,103166,0x55f8333c05a9693135c74efeb660c473d9b7a46c02be73ce828914313dda5faf,"The 2026 midterm elections are scheduled to be held on November 3, 2026.

This market will resolve according to the number of seats held by the Republican Party in the US House of Representatives as a result of the 2026 midterm elections.

This market will resolve based on the results of all US House of Representatives elections, including special elections, that are scheduled to occur in November 2026 as of October 31, 2026. If a required runoff for any such election could change the market’s outcome, the market will remain open until that runoff is conclusively called by this market’s resolution sources.

A candidate's party will be determined by their ballot-listed or otherwise identifiable affiliation with that party at the time all of the 2026 House elections are conclusively called by this market's resolution sources.

The resolution source for this market is the Associated Press, Fox News, and NBC. This market will resolve once all three sources have conclusively called all US House of Representatives elections. If all three sources do not achieve consensus in calling the relevant races for this market, it will resolve based on the official certification.",,,2026-11-03T00:00:00Z,true,false,,false,true,"[""Yes"",""No""]","[""29313994937981195788931635785989333043799554756927714294439868926183474951020"",""38515434750888545847964877796875941330219019129192747539033962822760342783210""]","{""Yes"":""29313994937981195788931635785989333043799554756927714294439868926183474951020"",""No"":""38515434750888545847964877796875941330219019129192747539033962822760342783210""}",29313994937981195788931635785989333043799554756927714294439868926183474951020,38515434750888545847964877796875941330219019129192747539033962822760342783210,37108.021496999965,19059.73907,https://polymarket.com/event/will-the-republican-party-hold-between-205-and-209-house-seats-after-the-2026-midterm-elections,VERIFIED_READY,2026-06-25T19:38:04+00:00,"[{""score"":0.9456,""id"":""919493"",""slug"":""will-the-republican-party-hold-between-205-and-209-house-seats-after-the-2026-midterm-elections"",""question"":""Will the Republican Party hold between 205 and 209 House seats after the 2026 midterm elections?"",""event_title"":"""",""endDate"":""2026-11-03T00:00:00Z"",""volume"":""37108.021496999965"",""source"":""markets_slug_query"",""active"":true,""closed"":false},{""score"":0.8267,""id"":""562803"",""slug"":""will-the-republican-party-control-the-house-after-the-2026-midterm-elections"",""question"":""Will the Republican Party control the House after the 2026 Midterm elections?"",""event_title"":""Which party will win the House in 2026?"",""endDate"":""2026-11-03T00:00:00Z"",""volume"":""3456201.5151959434"",""source"":""/events?search"",""active"":true,""closed"":false},{""score"":0.8116,""id"":""562794"",""slug"":""will-the-republican-party-control-the-senate-after-the-2026-midterm-elections"",""question"":""Will the Republican Party control the Senate after the 2026 Midterm elections?"",""event_title"":""Which party will win the Senate in 2026?"",""endDate"":""2026-11-03T00:00:00Z"",""volume"":""1308930.158923012"",""source"":""/events?search"",""active"":true,""closed"":false},{""score"":0.7601,""id"":""562802"",""slug"":""will-the-democratic-party-control-the-house-after-the-2026-midterm-elections"",""question"":""Will the Democratic Party control the House after the 2026 Midterm elections?"",""event_title"":""Which party will win the House in 2026?"",""endDate"":""2026-11-03T00:00:00Z"",""volume"":""4185811.6013039355"",""source"":""/events?search"",""active"":true,""closed"":false},{""score"":0.7453,""id"":""562793"",""slug"":""will-the-democratic-party-control-the-senate-after-the-2026-midterm-elections"",""question"":""Will the Democratic Party control the Senate after the 2026 Midterm elections?"",""event_title"":""Which party will win the Senate in 2026?"",""endDate"":""2026-11-03T00:00:00Z"",""volume"":""1476430.5579370107"",""source"":""/events?search"",""active"":true,""closed"":false}]",Accepted candidate rank 1 with fuzzy_score=0.9456.
10,RSO-0010,3,Republican House seats after 2026 midterms,Republican House seats after 2026 midterms — 210-214,Will the Republican Party hold between 210 and 214 House seats after the 2026 midterm elections?,Will the Republican Party hold between 210 and 214 House seats after the 2026 midterm elections?,US,us_national,us_federal,us_house_seat_range_2026,tracked,core_us,range_contract,6,210-214,will-the-republican-party-hold-between-210-and-214-house-seats-after-the-2026-midterm-elections,will-the-republican-party-hold-between-210-and-214-house-seats-after-the-2026-midterm-elections,republican-house-seats-after-the-2026-midterm-elections,House seat distribution / majority-size market; split into every bracket to avoid collapsing a range event into one row.,needs_slug_clob_verification,needs_orderbook_check,appears_clear_from_paste,Range event expanded to one row per bracket.,919494,103166,0xf301c0842eeb33bd0a7718e4775bfb98b326a28bf837e18d65057e3516a5f6cb,"The 2026 midterm elections are scheduled to be held on November 3, 2026.

This market will resolve according to the number of seats held by the Republican Party in the US House of Representatives as a result of the 2026 midterm elections.

This market will resolve based on the results of all US House of Representatives elections, including special elections, that are scheduled to occur in November 2026 as of October 31, 2026. If a required runoff for any such election could change the market’s outcome, the market will remain open until that runoff is conclusively called by this market’s resolution sources.

A candidate's party will be determined by their ballot-listed or otherwise identifiable affiliation with that party at the time all of the 2026 House elections are conclusively called by this market's resolution sources.

The resolution source for this market is the Associated Press, Fox News, and NBC. This market will resolve once all three sources have conclusively called all US House of Representatives elections. If all three sources do not achieve consensus in calling the relevant races for this market, it will resolve based on the official certification.",,,2026-11-03T00:00:00Z,true,false,,false,true,"[""Yes"",""No""]","[""54380927206833851183661949055792883595494421437547231435217946779970572480742"",""110334111190613046174315727636743894246666688511202093200521779677485248024173""]","{""Yes"":""54380927206833851183661949055792883595494421437547231435217946779970572480742"",""No"":""110334111190613046174315727636743894246666688511202093200521779677485248024173""}",54380927206833851183661949055792883595494421437547231435217946779970572480742,110334111190613046174315727636743894246666688511202093200521779677485248024173,13943.095681999996,18194.15148,https://polymarket.com/event/will-the-republican-party-hold-between-210-and-214-house-seats-after-the-2026-midterm-elections,VERIFIED_READY,2026-06-25T19:38:24+00:00,"[{""score"":0.9432,""id"":""919494"",""slug"":""will-the-republican-party-hold-between-210-and-214-house-seats-after-the-2026-midterm-elections"",""question"":""Will the Republican Party hold between 210 and 214 House seats after the 2026 midterm elections?"",""event_title"":"""",""endDate"":""2026-11-03T00:00:00Z"",""volume"":""13943.095681999996"",""source"":""markets_slug_query"",""active"":true,""closed"":false},{""score"":0.8267,""id"":""562803"",""slug"":""will-the-republican-party-control-the-house-after-the-2026-midterm-elections"",""question"":""Will the Republican Party control the House after the 2026 Midterm elections?"",""event_title"":""Which party will win the House in 2026?"",""endDate"":""2026-11-03T00:00:00Z"",""volume"":""3456201.5151959434"",""source"":""/events?search"",""active"":true,""closed"":false},{""score"":0.8116,""id"":""562794"",""slug"":""will-the-republican-party-control-the-senate-after-the-2026-midterm-elections"",""question"":""Will the Republican Party control the Senate after the 2026 Midterm elections?"",""event_title"":""Which party will win the Senate in 2026?"",""endDate"":""2026-11-03T00:00:00Z"",""volume"":""1308930.158923012"",""source"":""/events?search"",""active"":true,""closed"":false},{""score"":0.7601,""id"":""562802"",""slug"":""will-the-democratic-party-control-the-house-after-the-2026-midterm-elections"",""question"":""Will the Democratic Party control the House after the 2026 Midterm elections?"",""event_title"":""Which party will win the House in 2026?"",""endDate"":""2026-11-03T00:00:00Z"",""volume"":""4185811.6013039355"",""source"":""/events?search"",""active"":true,""closed"":false},{""score"":0.7453,""id"":""562793"",""slug"":""will-the-democratic-party-control-the-senate-after-the-2026-midterm-elections"",""question"":""Will the Democratic Party control the Senate after the 2026 Midterm elections?"",""event_title"":""Which party will win the Senate in 2026?"",""endDate"":""2026-11-03T00:00:00Z"",""volume"":""1476430.5579370107"",""source"":""/events?search"",""active"":true,""closed"":false}]",Accepted candidate rank 1 with fuzzy_score=0.9432.
11,RSO-0011,3,Republican House seats after 2026 midterms,Republican House seats after 2026 midterms — 215-219,Will the Republican Party hold between 215 and 219 House seats after the 2026 midterm elections?,Will the Republican Party hold between 215 and 219 House seats after the 2026 midterm elections?,US,us_national,us_federal,us_house_seat_range_2026,tracked,core_us,range_contract,7,215-219,will-the-republican-party-hold-between-215-and-219-house-seats-after-the-2026-midterm-elections,will-the-republican-party-hold-between-215-and-219-house-seats-after-the-2026-midterm-elections,republican-house-seats-after-the-2026-midterm-elections,House seat distribution / majority-size market; split into every bracket to avoid collapsing a range event into one row.,needs_slug_clob_verification,needs_orderbook_check,appears_clear_from_paste,Range event expanded to one row per bracket.,919495,103166,0x0d8711f5f475002d8236dcf4c848882aee7a2f34a515dda6ff0623906bf862a3,"The 2026 midterm elections are scheduled to be held on November 3, 2026.

This market will resolve according to the number of seats held by the Republican Party in the US House of Representatives as a result of the 2026 midterm elections.

This market will resolve based on the results of all US House of Representatives elections, including special elections, that are scheduled to occur in November 2026 as of October 31, 2026. If a required runoff for any such election could change the market’s outcome, the market will remain open until that runoff is conclusively called by this market’s resolution sources.

A candidate's party will be determined by their ballot-listed or otherwise identifiable affiliation with that party at the time all of the 2026 House elections are conclusively called by this market's resolution sources.

The resolution source for this market is the Associated Press, Fox News, and NBC. This market will resolve once all three sources have conclusively called all US House of Representatives elections. If all three sources do not achieve consensus in calling the relevant races for this market, it will resolve based on the official certification.",,,2026-11-03T00:00:00Z,true,false,,false,true,"[""Yes"",""No""]","[""60694193343700070785132990153245047299390401777230625432234093346484633438371"",""59860109123676053199254235534652049329662026065366938978908805757220236513496""]","{""Yes"":""60694193343700070785132990153245047299390401777230625432234093346484633438371"",""No"":""59860109123676053199254235534652049329662026065366938978908805757220236513496""}",60694193343700070785132990153245047299390401777230625432234093346484633438371,59860109123676053199254235534652049329662026065366938978908805757220236513496,10840.227775000003,20008.2975,https://polymarket.com/event/will-the-republican-party-hold-between-215-and-219-house-seats-after-the-2026-midterm-elections,VERIFIED_READY,2026-06-25T19:38:32+00:00,"[{""score"":0.9431,""id"":""919495"",""slug"":""will-the-republican-party-hold-between-215-and-219-house-seats-after-the-2026-midterm-elections"",""question"":""Will the Republican Party hold between 215 and 219 House seats after the 2026 midterm elections?"",""event_title"":"""",""endDate"":""2026-11-03T00:00:00Z"",""volume"":""10840.227775000003"",""source"":""markets_slug_query"",""active"":true,""closed"":false},{""score"":0.8267,""id"":""562803"",""slug"":""will-the-republican-party-control-the-house-after-the-2026-midterm-elections"",""question"":""Will the Republican Party control the House after the 2026 Midterm elections?"",""event_title"":""Which party will win the House in 2026?"",""endDate"":""2026-11-03T00:00:00Z"",""volume"":""3456201.5151959434"",""source"":""/events?search"",""active"":true,""closed"":false},{""score"":0.8116,""id"":""562794"",""slug"":""will-the-republican-party-control-the-senate-after-the-2026-midterm-elections"",""question"":""Will the Republican Party control the Senate after the 2026 Midterm elections?"",""event_title"":""Which party will win the Senate in 2026?"",""endDate"":""2026-11-03T00:00:00Z"",""volume"":""1308930.158923012"",""source"":""/events?search"",""active"":true,""closed"":false},{""score"":0.7601,""id"":""562802"",""slug"":""will-the-democratic-party-control-the-house-after-the-2026-midterm-elections"",""question"":""Will the Democratic Party control the House after the 2026 Midterm elections?"",""event_title"":""Which party will win the House in 2026?"",""endDate"":""2026-11-03T00:00:00Z"",""volume"":""4185811.6013039355"",""source"":""/events?search"",""active"":true,""closed"":false},{""score"":0.7453,""id"":""562793"",""slug"":""will-the-democratic-party-control-the-senate-after-the-2026-midterm-elections"",""question"":""Will the Democratic Party control the Senate after the 2026 Midterm elections?"",""event_title"":""Which party will win the Senate in 2026?"",""endDate"":""2026-11-03T00:00:00Z"",""volume"":""1476430.5579370107"",""source"":""/events?search"",""active"":true,""closed"":false}]",Accepted candidate rank 1 with fuzzy_score=0.9431.
12,RSO-0012,3,Republican House seats after 2026 midterms,Republican House seats after 2026 midterms — 220-224,Will the Republican Party hold between 220 and 224 House seats after the 2026 midterm elections?,Will the Republican Party hold between 220 and 224 House seats after the 2026 midterm elections?,US,us_national,us_federal,us_house_seat_range_2026,tracked,core_us,range_contract,8,220-224,will-the-republican-party-hold-between-220-and-224-house-seats-after-the-2026-midterm-elections,will-the-republican-party-hold-between-220-and-224-house-seats-after-the-2026-midterm-elections,republican-house-seats-after-the-2026-midterm-elections,House seat distribution / majority-size market; split into every bracket to avoid collapsing a range event into one row.,needs_slug_clob_verification,needs_orderbook_check,appears_clear_from_paste,Range event expanded to one row per bracket.,919496,103166,0xba093f5c98e6c7d389a18ad4849ce5e82c2238f6daaf40755c1399d093e9a8f4,"The 2026 midterm elections are scheduled to be held on November 3, 2026.

This market will resolve according to the number of seats held by the Republican Party in the US House of Representatives as a result of the 2026 midterm elections.

This market will resolve based on the results of all US House of Representatives elections, including special elections, that are scheduled to occur in November 2026 as of October 31, 2026. If a required runoff for any such election could change the market’s outcome, the market will remain open until that runoff is conclusively called by this market’s resolution sources.

A candidate's party will be determined by their ballot-listed or otherwise identifiable affiliation with that party at the time all of the 2026 House elections are conclusively called by this market's resolution sources.

The resolution source for this market is the Associated Press, Fox News, and NBC. This market will resolve once all three sources have conclusively called all US House of Representatives elections. If all three sources do not achieve consensus in calling the relevant races for this market, it will resolve based on the official certification.",,,2026-11-03T00:00:00Z,true,false,,false,true,"[""Yes"",""No""]","[""11440416578482803281113271939006595670566573058595214243294246034853366786529"",""67790918385319184564424852441617824833811367946536396674083189262452510026941""]","{""Yes"":""11440416578482803281113271939006595670566573058595214243294246034853366786529"",""No"":""67790918385319184564424852441617824833811367946536396674083189262452510026941""}",11440416578482803281113271939006595670566573058595214243294246034853366786529,67790918385319184564424852441617824833811367946536396674083189262452510026941,55435.203018999986,19450.3634,https://polymarket.com/event/will-the-republican-party-hold-between-220-and-224-house-seats-after-the-2026-midterm-elections,VERIFIED_READY,2026-06-25T19:38:40+00:00,"[{""score"":0.9475,""id"":""919496"",""slug"":""will-the-republican-party-hold-between-220-and-224-house-seats-after-the-2026-midterm-elections"",""question"":""Will the Republican Party hold between 220 and 224 House seats after the 2026 midterm elections?"",""event_title"":"""",""endDate"":""2026-11-03T00:00:00Z"",""volume"":""55435.203018999986"",""source"":""markets_slug_query"",""active"":true,""closed"":false},{""score"":0.8267,""id"":""562803"",""slug"":""will-the-republican-party-control-the-house-after-the-2026-midterm-elections"",""question"":""Will the Republican Party control the House after the 2026 Midterm elections?"",""event_title"":""Which party will win the House in 2026?"",""endDate"":""2026-11-03T00:00:00Z"",""volume"":""3456201.5151959434"",""source"":""/events?search"",""active"":true,""closed"":false},{""score"":0.8116,""id"":""562794"",""slug"":""will-the-republican-party-control-the-senate-after-the-2026-midterm-elections"",""question"":""Will the Republican Party control the Senate after the 2026 Midterm elections?"",""event_title"":""Which party will win the Senate in 2026?"",""endDate"":""2026-11-03T00:00:00Z"",""volume"":""1308930.158923012"",""source"":""/events?search"",""active"":true,""closed"":false},{""score"":0.7601,""id"":""562802"",""slug"":""will-the-democratic-party-control-the-house-after-the-2026-midterm-elections"",""question"":""Will the Democratic Party control the House after the 2026 Midterm elections?"",""event_title"":""Which party will win the House in 2026?"",""endDate"":""2026-11-03T00:00:00Z"",""volume"":""4185811.6013039355"",""source"":""/events?search"",""active"":true,""closed"":false},{""score"":0.7453,""id"":""562793"",""slug"":""will-the-democratic-party-control-the-senate-after-the-2026-midterm-elections"",""question"":""Will the Democratic Party control the Senate after the 2026 Midterm elections?"",""event_title"":""Which party will win the Senate in 2026?"",""endDate"":""2026-11-03T00:00:00Z"",""volume"":""1476430.5579370107"",""source"":""/events?search"",""active"":true,""closed"":false}]",Accepted candidate rank 1 with fuzzy_score=0.9475.
13,RSO-0013,3,Republican House seats after 2026 midterms,Republican House seats after 2026 midterms — 225-229,Will the Republican Party hold between 225 and 229 House seats after the 2026 midterm elections?,Will the Republican Party hold between 225 and 229 House seats after the 2026 midterm elections?,US,us_national,us_federal,us_house_seat_range_2026,tracked,core_us,range_contract,9,225-229,will-the-republican-party-hold-between-225-and-229-house-seats-after-the-2026-midterm-elections,will-the-republican-party-hold-between-225-and-229-house-seats-after-the-2026-midterm-elections,republican-house-seats-after-the-2026-midterm-elections,House seat distribution / majority-size market; split into every bracket to avoid collapsing a range event into one row.,needs_slug_clob_verification,needs_orderbook_check,appears_clear_from_paste,Range event expanded to one row per bracket.,919497,103166,0x2a576fa3ba72588ab56857b87e870f31f2c2e3e0a3e88943ebd207a8952af3f1,"The 2026 midterm elections are scheduled to be held on November 3, 2026.

This market will resolve according to the number of seats held by the Republican Party in the US House of Representatives as a result of the 2026 midterm elections.

This market will resolve based on the results of all US House of Representatives elections, including special elections, that are scheduled to occur in November 2026 as of October 31, 2026. If a required runoff for any such election could change the market’s outcome, the market will remain open until that runoff is conclusively called by this market’s resolution sources.

A candidate's party will be determined by their ballot-listed or otherwise identifiable affiliation with that party at the time all of the 2026 House elections are conclusively called by this market's resolution sources.

The resolution source for this market is the Associated Press, Fox News, and NBC. This market will resolve once all three sources have conclusively called all US House of Representatives elections. If all three sources do not achieve consensus in calling the relevant races for this market, it will resolve based on the official certification.",,,2026-11-03T00:00:00Z,true,false,,false,true,"[""Yes"",""No""]","[""44021367593004066376259961625159230858755451295969387051970594277311771462296"",""67816032949186533412421864503612087286486092505831280280755920461531557325427""]","{""Yes"":""44021367593004066376259961625159230858755451295969387051970594277311771462296"",""No"":""67816032949186533412421864503612087286486092505831280280755920461531557325427""}",44021367593004066376259961625159230858755451295969387051970594277311771462296,67816032949186533412421864503612087286486092505831280280755920461531557325427,24065.725367999985,18321.83563,https://polymarket.com/event/will-the-republican-party-hold-between-225-and-229-house-seats-after-the-2026-midterm-elections,VERIFIED_READY,2026-06-25T19:38:48+00:00,"[{""score"":0.9442,""id"":""919497"",""slug"":""will-the-republican-party-hold-between-225-and-229-house-seats-after-the-2026-midterm-elections"",""question"":""Will the Republican Party hold between 225 and 229 House seats after the 2026 midterm elections?"",""event_title"":"""",""endDate"":""2026-11-03T00:00:00Z"",""volume"":""24065.725367999985"",""source"":""markets_slug_query"",""active"":true,""closed"":false},{""score"":0.8267,""id"":""562803"",""slug"":""will-the-republican-party-control-the-house-after-the-2026-midterm-elections"",""question"":""Will the Republican Party control the House after the 2026 Midterm elections?"",""event_title"":""Which party will win the House in 2026?"",""endDate"":""2026-11-03T00:00:00Z"",""volume"":""3456201.5151959434"",""source"":""/events?search"",""active"":true,""closed"":false},{""score"":0.8116,""id"":""562794"",""slug"":""will-the-republican-party-control-the-senate-after-the-2026-midterm-elections"",""question"":""Will the Republican Party control the Senate after the 2026 Midterm elections?"",""event_title"":""Which party will win the Senate in 2026?"",""endDate"":""2026-11-03T00:00:00Z"",""volume"":""1308930.158923012"",""source"":""/events?search"",""active"":true,""closed"":false},{""score"":0.7601,""id"":""562802"",""slug"":""will-the-democratic-party-control-the-house-after-the-2026-midterm-elections"",""question"":""Will the Democratic Party control the House after the 2026 Midterm elections?"",""event_title"":""Which party will win the House in 2026?"",""endDate"":""2026-11-03T00:00:00Z"",""volume"":""4185811.6013039355"",""source"":""/events?search"",""active"":true,""closed"":false},{""score"":0.7453,""id"":""562793"",""slug"":""will-the-democratic-party-control-the-senate-after-the-2026-midterm-elections"",""question"":""Will the Democratic Party control the Senate after the 2026 Midterm elections?"",""event_title"":""Which party will win the Senate in 2026?"",""endDate"":""2026-11-03T00:00:00Z"",""volume"":""1476430.5579370107"",""source"":""/events?search"",""active"":true,""closed"":false}]",Accepted candidate rank 1 with fuzzy_score=0.9442.
14,RSO-0014,3,Republican House seats after 2026 midterms,Republican House seats after 2026 midterms — 230+,Will the Republican Party hold 230 or more House seats after the 2026 midterm elections?,Will the Republican Party hold 230 or more House seats after the 2026 midterm elections?,US,us_national,us_federal,us_house_seat_range_2026,tracked,core_us,range_contract,10,230+,will-the-republican-party-hold-230-or-more-house-seats-after-the-2026-midterm-elections,will-the-republican-party-hold-230-or-more-house-seats-after-the-2026-midterm-elections,republican-house-seats-after-the-2026-midterm-elections,House seat distribution / majority-size market; split into every bracket to avoid collapsing a range event into one row.,needs_slug_clob_verification,needs_orderbook_check,appears_clear_from_paste,Range event expanded to one row per bracket.,919498,103166,0x217a8a10e4ec9f7d12d5b94024d4853f326c9b0de14b119b62d8b779f67d8111,"The 2026 midterm elections are scheduled to be held on November 3, 2026.

This market will resolve according to the number of seats held by the Republican Party in the US House of Representatives as a result of the 2026 midterm elections.

This market will resolve based on the results of all US House of Representatives elections, including special elections, that are scheduled to occur in November 2026 as of October 31, 2026. If a required runoff for any such election could change the market’s outcome, the market will remain open until that runoff is conclusively called by this market’s resolution sources.

A candidate's party will be determined by their ballot-listed or otherwise identifiable affiliation with that party at the time all of the 2026 House elections are conclusively called by this market's resolution sources.

The resolution source for this market is the Associated Press, Fox News, and NBC. This market will resolve once all three sources have conclusively called all US House of Representatives elections. If all three sources do not achieve consensus in calling the relevant races for this market, it will resolve based on the official certification.",,,2026-11-03T00:00:00Z,true,false,,false,true,"[""Yes"",""No""]","[""93609386279271538145284495213602532023820232074612322223448573915979176212698"",""45803325288002379969942662352687524027847343561080939869741462398048092192065""]","{""Yes"":""93609386279271538145284495213602532023820232074612322223448573915979176212698"",""No"":""45803325288002379969942662352687524027847343561080939869741462398048092192065""}",93609386279271538145284495213602532023820232074612322223448573915979176212698,45803325288002379969942662352687524027847343561080939869741462398048092192065,29355.39957300002,22302.92828,https://polymarket.com/event/will-the-republican-party-hold-230-or-more-house-seats-after-the-2026-midterm-elections,VERIFIED_READY,2026-06-25T19:39:12+00:00,"[{""score"":0.9452,""id"":""919498"",""slug"":""will-the-republican-party-hold-230-or-more-house-seats-after-the-2026-midterm-elections"",""question"":""Will the Republican Party hold 230 or more House seats after the 2026 midterm elections?"",""event_title"":"""",""endDate"":""2026-11-03T00:00:00Z"",""volume"":""29355.39957300002"",""source"":""markets_slug_query"",""active"":true,""closed"":false},{""score"":0.8589,""id"":""562803"",""slug"":""will-the-republican-party-control-the-house-after-the-2026-midterm-elections"",""question"":""Will the Republican Party control the House after the 2026 Midterm elections?"",""event_title"":""Which party will win the House in 2026?"",""endDate"":""2026-11-03T00:00:00Z"",""volume"":""3456201.5151959434"",""source"":""/events?search"",""active"":true,""closed"":false},{""score"":0.8362,""id"":""562794"",""slug"":""will-the-republican-party-control-the-senate-after-the-2026-midterm-elections"",""question"":""Will the Republican Party control the Senate after the 2026 Midterm elections?"",""event_title"":""Which party will win the Senate in 2026?"",""endDate"":""2026-11-03T00:00:00Z"",""volume"":""1308930.158923012"",""source"":""/events?search"",""active"":true,""closed"":false},{""score"":0.7888,""id"":""562802"",""slug"":""will-the-democratic-party-control-the-house-after-the-2026-midterm-elections"",""question"":""Will the Democratic Party control the House after the 2026 Midterm elections?"",""event_title"":""Which party will win the House in 2026?"",""endDate"":""2026-11-03T00:00:00Z"",""volume"":""4185811.6013039355"",""source"":""/events?search"",""active"":true,""closed"":false},{""score"":0.7664,""id"":""562793"",""slug"":""will-the-democratic-party-control-the-senate-after-the-2026-midterm-elections"",""question"":""Will the Democratic Party control the Senate after the 2026 Midterm elections?"",""event_title"":""Which party will win the Senate in 2026?"",""endDate"":""2026-11-03T00:00:00Z"",""volume"":""1476430.5579370107"",""source"":""/events?search"",""active"":true,""closed"":false}]",Accepted candidate rank 1 with fuzzy_score=0.9452.
15,RSO-0015,4,Republican Senate seats after 2026 midterms,Republican Senate seats after 2026 midterms — ≤47,Will the Republican Party hold 47 or fewer Senate seats after the 2026 midterm elections?,Will the Republican Party hold 47 or fewer Senate seats after the 2026 midterm elections?,US,us_national,us_federal,us_senate_seat_range_2026,tracked,core_us,range_contract,1,≤47,will-the-republican-party-hold-47-or-fewer-senate-seats-after-the-2026-midterm-elections,will-the-republican-party-hold-47-or-fewer-senate-seats-after-the-2026-midterm-elections,republican-senate-seats-after-the-2026-midterm-elections,Senate seat distribution / majority-size market; split into every bracket.,needs_slug_clob_verification,appears_strong_from_paste,appears_clear_from_paste,Range event expanded to one row per bracket.,943819,106193,0x46c862237fc39f6357ce2efa748274e4539c1ffe60cd6a89e3fe689373fa27a8,"The 2026 midterm elections are scheduled to be held on November 3, 2026.

This market will resolve according to the number of seats held by the Republican Party in the US Senate as a result of the 2026 midterm elections.

This market will resolve based on the results of all Senate elections, including special elections, that are scheduled to occur in November 2026 as of October 31, 2026. If a required runoff for any such election could change the market’s outcome, the market will remain open until that runoff is conclusively called by this market’s resolution sources.

If a Senate seat is vacant but a corresponding election is not held in November 2026, the seat will be considered held by the party of the seat's most recent incumbent.

A candidate's party will be determined by their ballot-listed or otherwise identifiable affiliation with that party at the time all of the 2026 Senate elections are conclusively called by this market's resolution sources. A candidate without a ballot-listed affiliation to either the Democratic or Republican parties will be considered a member of one of these parties based on the party with which they most recently expressed their intent to caucus at the time all of the Senate elections are conclusively called by this market's resolution sources.

The resolution source for this market is the Associated Press, Fox News, and NBC. This market will resolve once all three sources have conclusively called all Senate elections. If all three sources do not achieve consensus in calling the relevant races for this market, it will resolve based on the official certification.",,,,true,false,,false,true,"[""Yes"",""No""]","[""89624669145341997724697326849445716755183665898947701894080018635919612252707"",""66439326791754631222128498834722529254569967665962764508265153666276400777966""]","{""Yes"":""89624669145341997724697326849445716755183665898947701894080018635919612252707"",""No"":""66439326791754631222128498834722529254569967665962764508265153666276400777966""}",89624669145341997724697326849445716755183665898947701894080018635919612252707,66439326791754631222128498834722529254569967665962764508265153666276400777966,125511.9775859998,24810.5725,https://polymarket.com/event/will-the-republican-party-hold-47-or-fewer-senate-seats-after-the-2026-midterm-elections,VERIFIED_READY,2026-06-25T19:39:34+00:00,"[{""score"":0.955,""id"":""943819"",""slug"":""will-the-republican-party-hold-47-or-fewer-senate-seats-after-the-2026-midterm-elections"",""question"":""Will the Republican Party hold 47 or fewer Senate seats after the 2026 midterm elections?"",""event_title"":"""",""endDate"":"""",""volume"":""125511.9775859998"",""source"":""markets_slug_query"",""active"":true,""closed"":false},{""score"":0.861,""id"":""562794"",""slug"":""will-the-republican-party-control-the-senate-after-the-2026-midterm-elections"",""question"":""Will the Republican Party control the Senate after the 2026 Midterm elections?"",""event_title"":""Which party will win the Senate in 2026?"",""endDate"":""2026-11-03T00:00:00Z"",""volume"":""1308930.158923012"",""source"":""/events?search"",""active"":true,""closed"":false},{""score"":0.7918,""id"":""562803"",""slug"":""will-the-republican-party-control-the-house-after-the-2026-midterm-elections"",""question"":""Will the Republican Party control the House after the 2026 Midterm elections?"",""event_title"":""Which party will win the House in 2026?"",""endDate"":""2026-11-03T00:00:00Z"",""volume"":""3456201.5151959434"",""source"":""/events?search"",""active"":true,""closed"":false},{""score"":0.7916,""id"":""562793"",""slug"":""will-the-democratic-party-control-the-senate-after-the-2026-midterm-elections"",""question"":""Will the Democratic Party control the Senate after the 2026 Midterm elections?"",""event_title"":""Which party will win the Senate in 2026?"",""endDate"":""2026-11-03T00:00:00Z"",""volume"":""1476430.5579370107"",""source"":""/events?search"",""active"":true,""closed"":false},{""score"":0.722,""id"":""562802"",""slug"":""will-the-democratic-party-control-the-house-after-the-2026-midterm-elections"",""question"":""Will the Democratic Party control the House after the 2026 Midterm elections?"",""event_title"":""Which party will win the House in 2026?"",""endDate"":""2026-11-03T00:00:00Z"",""volume"":""4185811.6013039355"",""source"":""/events?search"",""active"":true,""closed"":false}]",Accepted candidate rank 1 with fuzzy_score=0.9550.
16,RSO-0016,4,Republican Senate seats after 2026 midterms,Republican Senate seats after 2026 midterms — 48,Republican Senate seats after the 2026 midterm elections?,Will the Republican Party hold exactly 48 Senate seats after the 2026 midterm elections?,US,us_national,us_federal,us_senate_seat_range_2026,tracked,core_us,range_contract,2,48,TODO_VERIFY,will-the-republican-party-hold-exactly-48-senate-seats-after-the-2026-midterm-elections,republican-senate-seats-after-the-2026-midterm-elections,Senate seat distribution / majority-size market; split into every bracket.,needs_slug_clob_verification,appears_strong_from_paste,appears_clear_from_paste,Range event expanded to one row per bracket.,,,,,,,,,,,,,,,,,,,,,NEEDS_MANUAL_REVIEW,,"[{""score"":0.8746,""id"":""562794"",""slug"":""will-the-republican-party-control-the-senate-after-the-2026-midterm-elections"",""question"":""Will the Republican Party control the Senate after the 2026 Midterm elections?"",""event_title"":""Which party will win the Senate in 2026?"",""endDate"":""2026-11-03T00:00:00Z"",""volume"":""1308930.158923012"",""source"":""/events?search"",""active"":true,""closed"":false},{""score"":0.8037,""id"":""562793"",""slug"":""will-the-democratic-party-control-the-senate-after-the-2026-midterm-elections"",""question"":""Will the Democratic Party control the Senate after the 2026 Midterm elections?"",""event_title"":""Which party will win the Senate in 2026?"",""endDate"":""2026-11-03T00:00:00Z"",""volume"":""1476430.5579370107"",""source"":""/events?search"",""active"":true,""closed"":false},{""score"":0.8023,""id"":""562803"",""slug"":""will-the-republican-party-control-the-house-after-the-2026-midterm-elections"",""question"":""Will the Republican Party control the House after the 2026 Midterm elections?"",""event_title"":""Which party will win the House in 2026?"",""endDate"":""2026-11-03T00:00:00Z"",""volume"":""3456201.5151959434"",""source"":""/events?search"",""active"":true,""closed"":false},{""score"":0.7311,""id"":""562802"",""slug"":""will-the-democratic-party-control-the-house-after-the-2026-midterm-elections"",""question"":""Will the Democratic Party control the House after the 2026 Midterm elections?"",""event_title"":""Which party will win the House in 2026?"",""endDate"":""2026-11-03T00:00:00Z"",""volume"":""4185811.6013039355"",""source"":""/events?search"",""active"":true,""closed"":false},{""score"":0.7274,""id"":""562801"",""slug"":""will-another-party-control-the-senate-after-the-2026-midterm-elections-615"",""question"":""Will another party control the Senate after the 2026 Midterm elections?"",""event_title"":""Which party will win the Senate in 2026?"",""endDate"":""2026-11-03T00:00:00Z"",""volume"":""0"",""source"":""/events?search"",""active"":false,""closed"":false}]",User marked row as needing manual review.
17,RSO-0017,4,Republican Senate seats after 2026 midterms,Republican Senate seats after 2026 midterms — 49,Republican Senate seats after the 2026 midterm elections?,Will the Republican Party hold exactly 49 Senate seats after the 2026 midterm elections?,US,us_national,us_federal,us_senate_seat_range_2026,tracked,core_us,range_contract,3,49,TODO_VERIFY,will-the-republican-party-hold-exactly-49-senate-seats-after-the-2026-midterm-elections,republican-senate-seats-after-the-2026-midterm-elections,Senate seat distribution / majority-size market; split into every bracket.,needs_slug_clob_verification,appears_strong_from_paste,appears_clear_from_paste,Range event expanded to one row per bracket.,,,,,,,,,,,,,,,,,,,,,NEEDS_MANUAL_REVIEW,,"[{""score"":0.8746,""id"":""562794"",""slug"":""will-the-republican-party-control-the-senate-after-the-2026-midterm-elections"",""question"":""Will the Republican Party control the Senate after the 2026 Midterm elections?"",""event_title"":""Which party will win the Senate in 2026?"",""endDate"":""2026-11-03T00:00:00Z"",""volume"":""1308930.158923012"",""source"":""/events?search"",""active"":true,""closed"":false},{""score"":0.8037,""id"":""562793"",""slug"":""will-the-democratic-party-control-the-senate-after-the-2026-midterm-elections"",""question"":""Will the Democratic Party control the Senate after the 2026 Midterm elections?"",""event_title"":""Which party will win the Senate in 2026?"",""endDate"":""2026-11-03T00:00:00Z"",""volume"":""1476430.5579370107"",""source"":""/events?search"",""active"":true,""closed"":false},{""score"":0.8023,""id"":""562803"",""slug"":""will-the-republican-party-control-the-house-after-the-2026-midterm-elections"",""question"":""Will the Republican Party control the House after the 2026 Midterm elections?"",""event_title"":""Which party will win the House in 2026?"",""endDate"":""2026-11-03T00:00:00Z"",""volume"":""3456201.5151959434"",""source"":""/events?search"",""active"":true,""closed"":false},{""score"":0.7311,""id"":""562802"",""slug"":""will-the-democratic-party-control-the-house-after-the-2026-midterm-elections"",""question"":""Will the Democratic Party control the House after the 2026 Midterm elections?"",""event_title"":""Which party will win the House in 2026?"",""endDate"":""2026-11-03T00:00:00Z"",""volume"":""4185811.6013039355"",""source"":""/events?search"",""active"":true,""closed"":false},{""score"":0.7274,""id"":""562801"",""slug"":""will-another-party-control-the-senate-after-the-2026-midterm-elections-615"",""question"":""Will another party control the Senate after the 2026 Midterm elections?"",""event_title"":""Which party will win the Senate in 2026?"",""endDate"":""2026-11-03T00:00:00Z"",""volume"":""0"",""source"":""/events?search"",""active"":false,""closed"":false}]",User marked row as needing manual review.
18,RSO-0018,4,Republican Senate seats after 2026 midterms,Republican Senate seats after 2026 midterms — 50,Republican Senate seats after the 2026 midterm elections?,Will the Republican Party hold exactly 50 Senate seats after the 2026 midterm elections?,US,us_national,us_federal,us_senate_seat_range_2026,tracked,core_us,range_contract,4,50,TODO_VERIFY,will-the-republican-party-hold-exactly-50-senate-seats-after-the-2026-midterm-elections,republican-senate-seats-after-the-2026-midterm-elections,Senate seat distribution / majority-size market; split into every bracket.,needs_slug_clob_verification,appears_strong_from_paste,appears_clear_from_paste,Range event expanded to one row per bracket.,,,,,,,,,,,,,,,,,,,,,NEEDS_MANUAL_REVIEW,,"[{""score"":0.8746,""id"":""562794"",""slug"":""will-the-republican-party-control-the-senate-after-the-2026-midterm-elections"",""question"":""Will the Republican Party control the Senate after the 2026 Midterm elections?"",""event_title"":""Which party will win the Senate in 2026?"",""endDate"":""2026-11-03T00:00:00Z"",""volume"":""1308930.158923012"",""source"":""/events?search"",""active"":true,""closed"":false},{""score"":0.8037,""id"":""562793"",""slug"":""will-the-democratic-party-control-the-senate-after-the-2026-midterm-elections"",""question"":""Will the Democratic Party control the Senate after the 2026 Midterm elections?"",""event_title"":""Which party will win the Senate in 2026?"",""endDate"":""2026-11-03T00:00:00Z"",""volume"":""1476430.5579370107"",""source"":""/events?search"",""active"":true,""closed"":false},{""score"":0.8023,""id"":""562803"",""slug"":""will-the-republican-party-control-the-house-after-the-2026-midterm-elections"",""question"":""Will the Republican Party control the House after the 2026 Midterm elections?"",""event_title"":""Which party will win the House in 2026?"",""endDate"":""2026-11-03T00:00:00Z"",""volume"":""3456201.5151959434"",""source"":""/events?search"",""active"":true,""closed"":false},{""score"":0.7311,""id"":""562802"",""slug"":""will-the-democratic-party-control-the-house-after-the-2026-midterm-elections"",""question"":""Will the Democratic Party control the House after the 2026 Midterm elections?"",""event_title"":""Which party will win the House in 2026?"",""endDate"":""2026-11-03T00:00:00Z"",""volume"":""4185811.6013039355"",""source"":""/events?search"",""active"":true,""closed"":false},{""score"":0.7274,""id"":""562801"",""slug"":""will-another-party-control-the-senate-after-the-2026-midterm-elections-615"",""question"":""Will another party control the Senate after the 2026 Midterm elections?"",""event_title"":""Which party will win the Senate in 2026?"",""endDate"":""2026-11-03T00:00:00Z"",""volume"":""0"",""source"":""/events?search"",""active"":false,""closed"":false}]",User marked row as needing manual review.
19,RSO-0019,4,Republican Senate seats after 2026 midterms,Republican Senate seats after 2026 midterms — 51,Republican Senate seats after the 2026 midterm elections?,Will the Republican Party hold exactly 51 Senate seats after the 2026 midterm elections?,US,us_national,us_federal,us_senate_seat_range_2026,tracked,core_us,range_contract,5,51,TODO_VERIFY,will-the-republican-party-hold-exactly-51-senate-seats-after-the-2026-midterm-elections,republican-senate-seats-after-the-2026-midterm-elections,Senate seat distribution / majority-size market; split into every bracket.,needs_slug_clob_verification,appears_strong_from_paste,appears_clear_from_paste,Range event expanded to one row per bracket.,,,,,,,,,,,,,,,,,,,,,NEEDS_MANUAL_REVIEW,,"[{""score"":0.8746,""id"":""562794"",""slug"":""will-the-republican-party-control-the-senate-after-the-2026-midterm-elections"",""question"":""Will the Republican Party control the Senate after the 2026 Midterm elections?"",""event_title"":""Which party will win the Senate in 2026?"",""endDate"":""2026-11-03T00:00:00Z"",""volume"":""1308930.158923012"",""source"":""/events?search"",""active"":true,""closed"":false},{""score"":0.8037,""id"":""562793"",""slug"":""will-the-democratic-party-control-the-senate-after-the-2026-midterm-elections"",""question"":""Will the Democratic Party control the Senate after the 2026 Midterm elections?"",""event_title"":""Which party will win the Senate in 2026?"",""endDate"":""2026-11-03T00:00:00Z"",""volume"":""1476430.5579370107"",""source"":""/events?search"",""active"":true,""closed"":false},{""score"":0.8023,""id"":""562803"",""slug"":""will-the-republican-party-control-the-house-after-the-2026-midterm-elections"",""question"":""Will the Republican Party control the House after the 2026 Midterm elections?"",""event_title"":""Which party will win the House in 2026?"",""endDate"":""2026-11-03T00:00:00Z"",""volume"":""3456201.5151959434"",""source"":""/events?search"",""active"":true,""closed"":false},{""score"":0.7311,""id"":""562802"",""slug"":""will-the-democratic-party-control-the-house-after-the-2026-midterm-elections"",""question"":""Will the Democratic Party control the House after the 2026 Midterm elections?"",""event_title"":""Which party will win the House in 2026?"",""endDate"":""2026-11-03T00:00:00Z"",""volume"":""4185811.6013039355"",""source"":""/events?search"",""active"":true,""closed"":false},{""score"":0.7274,""id"":""562801"",""slug"":""will-another-party-control-the-senate-after-the-2026-midterm-elections-615"",""question"":""Will another party control the Senate after the 2026 Midterm elections?"",""event_title"":""Which party will win the Senate in 2026?"",""endDate"":""2026-11-03T00:00:00Z"",""volume"":""0"",""source"":""/events?search"",""active"":false,""closed"":false}]",User marked row as needing manual review.
20,RSO-0020,4,Republican Senate seats after 2026 midterms,Republican Senate seats after 2026 midterms — 52,Republican Senate seats after the 2026 midterm elections?,Will the Republican Party hold exactly 52 Senate seats after the 2026 midterm elections?,US,us_national,us_federal,us_senate_seat_range_2026,tracked,core_us,range_contract,6,52,TODO_VERIFY,will-the-republican-party-hold-exactly-52-senate-seats-after-the-2026-midterm-elections,republican-senate-seats-after-the-2026-midterm-elections,Senate seat distribution / majority-size market; split into every bracket.,needs_slug_clob_verification,appears_strong_from_paste,appears_clear_from_paste,Range event expanded to one row per bracket.,,,,,,,,,,,,,,,,,,,,,NEEDS_MANUAL_REVIEW,,"[{""score"":0.8746,""id"":""562794"",""slug"":""will-the-republican-party-control-the-senate-after-the-2026-midterm-elections"",""question"":""Will the Republican Party control the Senate after the 2026 Midterm elections?"",""event_title"":""Which party will win the Senate in 2026?"",""endDate"":""2026-11-03T00:00:00Z"",""volume"":""1308930.158923012"",""source"":""/events?search"",""active"":true,""closed"":false},{""score"":0.8037,""id"":""562793"",""slug"":""will-the-democratic-party-control-the-senate-after-the-2026-midterm-elections"",""question"":""Will the Democratic Party control the Senate after the 2026 Midterm elections?"",""event_title"":""Which party will win the Senate in 2026?"",""endDate"":""2026-11-03T00:00:00Z"",""volume"":""1476430.5579370107"",""source"":""/events?search"",""active"":true,""closed"":false},{""score"":0.8023,""id"":""562803"",""slug"":""will-the-republican-party-control-the-house-after-the-2026-midterm-elections"",""question"":""Will the Republican Party control the House after the 2026 Midterm elections?"",""event_title"":""Which party will win the House in 2026?"",""endDate"":""2026-11-03T00:00:00Z"",""volume"":""3456201.5151959434"",""source"":""/events?search"",""active"":true,""closed"":false},{""score"":0.7311,""id"":""562802"",""slug"":""will-the-democratic-party-control-the-house-after-the-2026-midterm-elections"",""question"":""Will the Democratic Party control the House after the 2026 Midterm elections?"",""event_title"":""Which party will win the House in 2026?"",""endDate"":""2026-11-03T00:00:00Z"",""volume"":""4185811.6013039355"",""source"":""/events?search"",""active"":true,""closed"":false},{""score"":0.7274,""id"":""562801"",""slug"":""will-another-party-control-the-senate-after-the-2026-midterm-elections-615"",""question"":""Will another party control the Senate after the 2026 Midterm elections?"",""event_title"":""Which party will win the Senate in 2026?"",""endDate"":""2026-11-03T00:00:00Z"",""volume"":""0"",""source"":""/events?search"",""active"":false,""closed"":false}]",User marked row as needing manual review.
21,RSO-0021,4,Republican Senate seats after 2026 midterms,Republican Senate seats after 2026 midterms — 53,Will the Republican Party hold exactly 53 Senate seats after the 2026 midterm elections?,Will the Republican Party hold exactly 53 Senate seats after the 2026 midterm elections?,US,us_national,us_federal,us_senate_seat_range_2026,tracked,core_us,range_contract,7,53,will-the-republican-party-hold-exactly-53-senate-seats-after-the-2026-midterm-elections,will-the-republican-party-hold-exactly-53-senate-seats-after-the-2026-midterm-elections,republican-senate-seats-after-the-2026-midterm-elections,Senate seat distribution / majority-size market; split into every bracket.,needs_slug_clob_verification,appears_strong_from_paste,appears_clear_from_paste,Range event expanded to one row per bracket.,943825,106193,0x812d9ea644c58f1e889643bbd9184e9c5fdacbba55d1f9fef2eb2d55ce5dc1c2,"The 2026 midterm elections are scheduled to be held on November 3, 2026.

This market will resolve according to the number of seats held by the Republican Party in the US Senate as a result of the 2026 midterm elections.

This market will resolve based on the results of all Senate elections, including special elections, that are scheduled to occur in November 2026 as of October 31, 2026. If a required runoff for any such election could change the market’s outcome, the market will remain open until that runoff is conclusively called by this market’s resolution sources.

If a Senate seat is vacant but a corresponding election is not held in November 2026, the seat will be considered held by the party of the seat's most recent incumbent.

A candidate's party will be determined by their ballot-listed or otherwise identifiable affiliation with that party at the time all of the 2026 Senate elections are conclusively called by this market's resolution sources. A candidate without a ballot-listed affiliation to either the Democratic or Republican parties will be considered a member of one of these parties based on the party with which they most recently expressed their intent to caucus at the time all of the Senate elections are conclusively called by this market's resolution sources.

The resolution source for this market is the Associated Press, Fox News, and NBC. This market will resolve once all three sources have conclusively called all Senate elections. If all three sources do not achieve consensus in calling the relevant races for this market, it will resolve based on the official certification.",,,,true,false,,false,true,"[""Yes"",""No""]","[""15394416147421266264002744586901575755411758481406494583013250092373628427765"",""51652121934144824562853249102089070841475746480599657498165556956159317976766""]","{""Yes"":""15394416147421266264002744586901575755411758481406494583013250092373628427765"",""No"":""51652121934144824562853249102089070841475746480599657498165556956159317976766""}",15394416147421266264002744586901575755411758481406494583013250092373628427765,51652121934144824562853249102089070841475746480599657498165556956159317976766,65210.82655800001,39696.34153,https://polymarket.com/event/will-the-republican-party-hold-exactly-53-senate-seats-after-the-2026-midterm-elections,VERIFIED_READY,2026-06-25T19:44:18+00:00,"[{""score"":0.9505,""id"":""943825"",""slug"":""will-the-republican-party-hold-exactly-53-senate-seats-after-the-2026-midterm-elections"",""question"":""Will the Republican Party hold exactly 53 Senate seats after the 2026 midterm elections?"",""event_title"":"""",""endDate"":"""",""volume"":""65210.82655800001"",""source"":""markets_slug_query"",""active"":true,""closed"":false},{""score"":0.8746,""id"":""562794"",""slug"":""will-the-republican-party-control-the-senate-after-the-2026-midterm-elections"",""question"":""Will the Republican Party control the Senate after the 2026 Midterm elections?"",""event_title"":""Which party will win the Senate in 2026?"",""endDate"":""2026-11-03T00:00:00Z"",""volume"":""1308930.158923012"",""source"":""/events?search"",""active"":true,""closed"":false},{""score"":0.8037,""id"":""562793"",""slug"":""will-the-democratic-party-control-the-senate-after-the-2026-midterm-elections"",""question"":""Will the Democratic Party control the Senate after the 2026 Midterm elections?"",""event_title"":""Which party will win the Senate in 2026?"",""endDate"":""2026-11-03T00:00:00Z"",""volume"":""1476430.5579370107"",""source"":""/events?search"",""active"":true,""closed"":false},{""score"":0.8023,""id"":""562803"",""slug"":""will-the-republican-party-control-the-house-after-the-2026-midterm-elections"",""question"":""Will the Republican Party control the House after the 2026 Midterm elections?"",""event_title"":""Which party will win the House in 2026?"",""endDate"":""2026-11-03T00:00:00Z"",""volume"":""3456201.5151959434"",""source"":""/events?search"",""active"":true,""closed"":false},{""score"":0.7311,""id"":""562802"",""slug"":""will-the-democratic-party-control-the-house-after-the-2026-midterm-elections"",""question"":""Will the Democratic Party control the House after the 2026 Midterm elections?"",""event_title"":""Which party will win the House in 2026?"",""endDate"":""2026-11-03T00:00:00Z"",""volume"":""4185811.6013039355"",""source"":""/events?search"",""active"":true,""closed"":false}]",Accepted candidate rank 1 with fuzzy_score=0.9505.
22,RSO-0022,4,Republican Senate seats after 2026 midterms,Republican Senate seats after 2026 midterms — 54,Will the Republican Party hold exactly 54 Senate seats after the 2026 midterm elections?,Will the Republican Party hold exactly 54 Senate seats after the 2026 midterm elections?,US,us_national,us_federal,us_senate_seat_range_2026,tracked,core_us,range_contract,8,54,will-the-republican-party-hold-exactly-54-senate-seats-after-the-2026-midterm-elections,will-the-republican-party-hold-exactly-54-senate-seats-after-the-2026-midterm-elections,republican-senate-seats-after-the-2026-midterm-elections,Senate seat distribution / majority-size market; split into every bracket.,needs_slug_clob_verification,appears_strong_from_paste,appears_clear_from_paste,Range event expanded to one row per bracket.,943826,106193,0x38fa3007c7be18a217849262667e39266341cb2fd7b5f8da75472b0a9e420480,"The 2026 midterm elections are scheduled to be held on November 3, 2026.

This market will resolve according to the number of seats held by the Republican Party in the US Senate as a result of the 2026 midterm elections.

This market will resolve based on the results of all Senate elections, including special elections, that are scheduled to occur in November 2026 as of October 31, 2026. If a required runoff for any such election could change the market’s outcome, the market will remain open until that runoff is conclusively called by this market’s resolution sources.

If a Senate seat is vacant but a corresponding election is not held in November 2026, the seat will be considered held by the party of the seat's most recent incumbent.

A candidate's party will be determined by their ballot-listed or otherwise identifiable affiliation with that party at the time all of the 2026 Senate elections are conclusively called by this market's resolution sources. A candidate without a ballot-listed affiliation to either the Democratic or Republican parties will be considered a member of one of these parties based on the party with which they most recently expressed their intent to caucus at the time all of the Senate elections are conclusively called by this market's resolution sources.

The resolution source for this market is the Associated Press, Fox News, and NBC. This market will resolve once all three sources have conclusively called all Senate elections. If all three sources do not achieve consensus in calling the relevant races for this market, it will resolve based on the official certification.",,,,true,false,,false,true,"[""Yes"",""No""]","[""13278443981418985302116823794751942747516190107446009911143426402863687470127"",""35453446494954669727391179421215158696079986575205656692876790390540762254549""]","{""Yes"":""13278443981418985302116823794751942747516190107446009911143426402863687470127"",""No"":""35453446494954669727391179421215158696079986575205656692876790390540762254549""}",13278443981418985302116823794751942747516190107446009911143426402863687470127,35453446494954669727391179421215158696079986575205656692876790390540762254549,754002.4319679982,39798.52033,https://polymarket.com/event/will-the-republican-party-hold-exactly-54-senate-seats-after-the-2026-midterm-elections,VERIFIED_READY,2026-06-25T19:44:28+00:00,"[{""score"":0.99,""id"":""943826"",""slug"":""will-the-republican-party-hold-exactly-54-senate-seats-after-the-2026-midterm-elections"",""question"":""Will the Republican Party hold exactly 54 Senate seats after the 2026 midterm elections?"",""event_title"":"""",""endDate"":"""",""volume"":""754002.4319679982"",""source"":""markets_slug_query"",""active"":true,""closed"":false},{""score"":0.8746,""id"":""562794"",""slug"":""will-the-republican-party-control-the-senate-after-the-2026-midterm-elections"",""question"":""Will the Republican Party control the Senate after the 2026 Midterm elections?"",""event_title"":""Which party will win the Senate in 2026?"",""endDate"":""2026-11-03T00:00:00Z"",""volume"":""1308930.158923012"",""source"":""/events?search"",""active"":true,""closed"":false},{""score"":0.8037,""id"":""562793"",""slug"":""will-the-democratic-party-control-the-senate-after-the-2026-midterm-elections"",""question"":""Will the Democratic Party control the Senate after the 2026 Midterm elections?"",""event_title"":""Which party will win the Senate in 2026?"",""endDate"":""2026-11-03T00:00:00Z"",""volume"":""1476430.5579370107"",""source"":""/events?search"",""active"":true,""closed"":false},{""score"":0.8023,""id"":""562803"",""slug"":""will-the-republican-party-control-the-house-after-the-2026-midterm-elections"",""question"":""Will the Republican Party control the House after the 2026 Midterm elections?"",""event_title"":""Which party will win the House in 2026?"",""endDate"":""2026-11-03T00:00:00Z"",""volume"":""3456201.5151959434"",""source"":""/events?search"",""active"":true,""closed"":false},{""score"":0.7311,""id"":""562802"",""slug"":""will-the-democratic-party-control-the-house-after-the-2026-midterm-elections"",""question"":""Will the Democratic Party control the House after the 2026 Midterm elections?"",""event_title"":""Which party will win the House in 2026?"",""endDate"":""2026-11-03T00:00:00Z"",""volume"":""4185811.6013039355"",""source"":""/events?search"",""active"":true,""closed"":false}]",Accepted candidate rank 1 with fuzzy_score=0.9900.
23,RSO-0023,4,Republican Senate seats after 2026 midterms,Republican Senate seats after 2026 midterms — 55,Will the Republican Party hold exactly 55 Senate seats after the 2026 midterm elections?,Will the Republican Party hold exactly 55 Senate seats after the 2026 midterm elections?,US,us_national,us_federal,us_senate_seat_range_2026,tracked,core_us,range_contract,9,55,will-the-republican-party-hold-exactly-55-senate-seats-after-the-2026-midterm-elections,will-the-republican-party-hold-exactly-55-senate-seats-after-the-2026-midterm-elections,republican-senate-seats-after-the-2026-midterm-elections,Senate seat distribution / majority-size market; split into every bracket.,needs_slug_clob_verification,appears_strong_from_paste,appears_clear_from_paste,Range event expanded to one row per bracket.,943827,106193,0x77051d8ddec1e312de90cdf2ce026ce1c4df4c1c264cfa1525e55995b542fb0c,"The 2026 midterm elections are scheduled to be held on November 3, 2026.

This market will resolve according to the number of seats held by the Republican Party in the US Senate as a result of the 2026 midterm elections.

This market will resolve based on the results of all Senate elections, including special elections, that are scheduled to occur in November 2026 as of October 31, 2026. If a required runoff for any such election could change the market’s outcome, the market will remain open until that runoff is conclusively called by this market’s resolution sources.

If a Senate seat is vacant but a corresponding election is not held in November 2026, the seat will be considered held by the party of the seat's most recent incumbent.

A candidate's party will be determined by their ballot-listed or otherwise identifiable affiliation with that party at the time all of the 2026 Senate elections are conclusively called by this market's resolution sources. A candidate without a ballot-listed affiliation to either the Democratic or Republican parties will be considered a member of one of these parties based on the party with which they most recently expressed their intent to caucus at the time all of the Senate elections are conclusively called by this market's resolution sources.

The resolution source for this market is the Associated Press, Fox News, and NBC. This market will resolve once all three sources have conclusively called all Senate elections. If all three sources do not achieve consensus in calling the relevant races for this market, it will resolve based on the official certification.",,,,true,false,,false,true,"[""Yes"",""No""]","[""10750997471908598562514411969554157596465059745769943341362824315243580377116"",""62299570834003834920520020470738659357768540384959250342968479321265112764664""]","{""Yes"":""10750997471908598562514411969554157596465059745769943341362824315243580377116"",""No"":""62299570834003834920520020470738659357768540384959250342968479321265112764664""}",10750997471908598562514411969554157596465059745769943341362824315243580377116,62299570834003834920520020470738659357768540384959250342968479321265112764664,427970.7960360006,40128.2935,https://polymarket.com/event/will-the-republican-party-hold-exactly-55-senate-seats-after-the-2026-midterm-elections,VERIFIED_READY,2026-06-25T19:44:36+00:00,"[{""score"":0.9868,""id"":""943827"",""slug"":""will-the-republican-party-hold-exactly-55-senate-seats-after-the-2026-midterm-elections"",""question"":""Will the Republican Party hold exactly 55 Senate seats after the 2026 midterm elections?"",""event_title"":"""",""endDate"":"""",""volume"":""427970.7960360006"",""source"":""markets_slug_query"",""active"":true,""closed"":false},{""score"":0.8746,""id"":""562794"",""slug"":""will-the-republican-party-control-the-senate-after-the-2026-midterm-elections"",""question"":""Will the Republican Party control the Senate after the 2026 Midterm elections?"",""event_title"":""Which party will win the Senate in 2026?"",""endDate"":""2026-11-03T00:00:00Z"",""volume"":""1308930.158923012"",""source"":""/events?search"",""active"":true,""closed"":false},{""score"":0.8037,""id"":""562793"",""slug"":""will-the-democratic-party-control-the-senate-after-the-2026-midterm-elections"",""question"":""Will the Democratic Party control the Senate after the 2026 Midterm elections?"",""event_title"":""Which party will win the Senate in 2026?"",""endDate"":""2026-11-03T00:00:00Z"",""volume"":""1476430.5579370107"",""source"":""/events?search"",""active"":true,""closed"":false},{""score"":0.8023,""id"":""562803"",""slug"":""will-the-republican-party-control-the-house-after-the-2026-midterm-elections"",""question"":""Will the Republican Party control the House after the 2026 Midterm elections?"",""event_title"":""Which party will win the House in 2026?"",""endDate"":""2026-11-03T00:00:00Z"",""volume"":""3456201.5151959434"",""source"":""/events?search"",""active"":true,""closed"":false},{""score"":0.7311,""id"":""562802"",""slug"":""will-the-democratic-party-control-the-house-after-the-2026-midterm-elections"",""question"":""Will the Democratic Party control the House after the 2026 Midterm elections?"",""event_title"":""Which party will win the House in 2026?"",""endDate"":""2026-11-03T00:00:00Z"",""volume"":""4185811.6013039355"",""source"":""/events?search"",""active"":true,""closed"":false}]",Accepted candidate rank 1 with fuzzy_score=0.9868.
24,RSO-0024,4,Republican Senate seats after 2026 midterms,Republican Senate seats after 2026 midterms — 56,Will the Republican Party hold exactly 56 Senate seats after the 2026 midterm elections?,Will the Republican Party hold exactly 56 Senate seats after the 2026 midterm elections?,US,us_national,us_federal,us_senate_seat_range_2026,tracked,core_us,range_contract,10,56,will-the-republican-party-hold-exactly-56-senate-seats-after-the-2026-midterm-elections,will-the-republican-party-hold-exactly-56-senate-seats-after-the-2026-midterm-elections,republican-senate-seats-after-the-2026-midterm-elections,Senate seat distribution / majority-size market; split into every bracket.,needs_slug_clob_verification,appears_strong_from_paste,appears_clear_from_paste,Range event expanded to one row per bracket.,943828,106193,0xe831d837e17278de50029fcf609d1c72338ed4e1352ce8a4fb7406ddef3c63ad,"The 2026 midterm elections are scheduled to be held on November 3, 2026.

This market will resolve according to the number of seats held by the Republican Party in the US Senate as a result of the 2026 midterm elections.

This market will resolve based on the results of all Senate elections, including special elections, that are scheduled to occur in November 2026 as of October 31, 2026. If a required runoff for any such election could change the market’s outcome, the market will remain open until that runoff is conclusively called by this market’s resolution sources.

If a Senate seat is vacant but a corresponding election is not held in November 2026, the seat will be considered held by the party of the seat's most recent incumbent.

A candidate's party will be determined by their ballot-listed or otherwise identifiable affiliation with that party at the time all of the 2026 Senate elections are conclusively called by this market's resolution sources. A candidate without a ballot-listed affiliation to either the Democratic or Republican parties will be considered a member of one of these parties based on the party with which they most recently expressed their intent to caucus at the time all of the Senate elections are conclusively called by this market's resolution sources.

The resolution source for this market is the Associated Press, Fox News, and NBC. This market will resolve once all three sources have conclusively called all Senate elections. If all three sources do not achieve consensus in calling the relevant races for this market, it will resolve based on the official certification.",,,,true,false,,false,true,"[""Yes"",""No""]","[""9273056014077248525737106426866852410841224250259842453481519298611852217348"",""70648508043777497410819489556436841786158428513370941466618831682337797647773""]","{""Yes"":""9273056014077248525737106426866852410841224250259842453481519298611852217348"",""No"":""70648508043777497410819489556436841786158428513370941466618831682337797647773""}",9273056014077248525737106426866852410841224250259842453481519298611852217348,70648508043777497410819489556436841786158428513370941466618831682337797647773,180308.72641099946,34662.34086,https://polymarket.com/event/will-the-republican-party-hold-exactly-56-senate-seats-after-the-2026-midterm-elections,VERIFIED_READY,2026-06-25T19:44:43+00:00,"[{""score"":0.9615,""id"":""943828"",""slug"":""will-the-republican-party-hold-exactly-56-senate-seats-after-the-2026-midterm-elections"",""question"":""Will the Republican Party hold exactly 56 Senate seats after the 2026 midterm elections?"",""event_title"":"""",""endDate"":"""",""volume"":""180308.72641099946"",""source"":""markets_slug_query"",""active"":true,""closed"":false},{""score"":0.8746,""id"":""562794"",""slug"":""will-the-republican-party-control-the-senate-after-the-2026-midterm-elections"",""question"":""Will the Republican Party control the Senate after the 2026 Midterm elections?"",""event_title"":""Which party will win the Senate in 2026?"",""endDate"":""2026-11-03T00:00:00Z"",""volume"":""1308930.158923012"",""source"":""/events?search"",""active"":true,""closed"":false},{""score"":0.8037,""id"":""562793"",""slug"":""will-the-democratic-party-control-the-senate-after-the-2026-midterm-elections"",""question"":""Will the Democratic Party control the Senate after the 2026 Midterm elections?"",""event_title"":""Which party will win the Senate in 2026?"",""endDate"":""2026-11-03T00:00:00Z"",""volume"":""1476430.5579370107"",""source"":""/events?search"",""active"":true,""closed"":false},{""score"":0.8023,""id"":""562803"",""slug"":""will-the-republican-party-control-the-house-after-the-2026-midterm-elections"",""question"":""Will the Republican Party control the House after the 2026 Midterm elections?"",""event_title"":""Which party will win the House in 2026?"",""endDate"":""2026-11-03T00:00:00Z"",""volume"":""3456201.5151959434"",""source"":""/events?search"",""active"":true,""closed"":false},{""score"":0.7311,""id"":""562802"",""slug"":""will-the-democratic-party-control-the-house-after-the-2026-midterm-elections"",""question"":""Will the Democratic Party control the House after the 2026 Midterm elections?"",""event_title"":""Which party will win the House in 2026?"",""endDate"":""2026-11-03T00:00:00Z"",""volume"":""4185811.6013039355"",""source"":""/events?search"",""active"":true,""closed"":false}]",Accepted candidate rank 1 with fuzzy_score=0.9615.
25,RSO-0025,4,Republican Senate seats after 2026 midterms,Republican Senate seats after 2026 midterms — 57+,Will the Republican Party hold 57 or more Senate seats after the 2026 midterm elections?,Will the Republican Party hold 57 or more Senate seats after the 2026 midterm elections?,US,us_national,us_federal,us_senate_seat_range_2026,tracked,core_us,range_contract,11,57+,will-the-republican-party-hold-57-or-more-senate-seats-after-the-2026-midterm-elections,will-the-republican-party-hold-57-or-more-senate-seats-after-the-2026-midterm-elections,republican-senate-seats-after-the-2026-midterm-elections,Senate seat distribution / majority-size market; split into every bracket.,needs_slug_clob_verification,appears_strong_from_paste,appears_clear_from_paste,Range event expanded to one row per bracket.,943829,106193,0x5d763463cd2a9bd939d49bbb5b4bbaf5fc2cd9ecee5966e6fcce0b6de57179fc,"The 2026 midterm elections are scheduled to be held on November 3, 2026.

This market will resolve according to the number of seats held by the Republican Party in the US Senate as a result of the 2026 midterm elections.

This market will resolve based on the results of all Senate elections, including special elections, that are scheduled to occur in November 2026 as of October 31, 2026. If a required runoff for any such election could change the market’s outcome, the market will remain open until that runoff is conclusively called by this market’s resolution sources.

If a Senate seat is vacant but a corresponding election is not held in November 2026, the seat will be considered held by the party of the seat's most recent incumbent.

A candidate's party will be determined by their ballot-listed or otherwise identifiable affiliation with that party at the time all of the 2026 Senate elections are conclusively called by this market's resolution sources. A candidate without a ballot-listed affiliation to either the Democratic or Republican parties will be considered a member of one of these parties based on the party with which they most recently expressed their intent to caucus at the time all of the Senate elections are conclusively called by this market's resolution sources.

The resolution source for this market is the Associated Press, Fox News, and NBC. This market will resolve once all three sources have conclusively called all Senate elections. If all three sources do not achieve consensus in calling the relevant races for this market, it will resolve based on the official certification.",,,,true,false,,false,true,"[""Yes"",""No""]","[""106446804142822856909456712516050968287728263341329924913008459244064245181608"",""105728801462246018106841070340476781150433351186716389333116738721229102852693""]","{""Yes"":""106446804142822856909456712516050968287728263341329924913008459244064245181608"",""No"":""105728801462246018106841070340476781150433351186716389333116738721229102852693""}",106446804142822856909456712516050968287728263341329924913008459244064245181608,105728801462246018106841070340476781150433351186716389333116738721229102852693,106758.077137,47556.29216,https://polymarket.com/event/will-the-republican-party-hold-57-or-more-senate-seats-after-the-2026-midterm-elections,VERIFIED_READY,2026-06-25T19:44:51+00:00,"[{""score"":0.9554,""id"":""943829"",""slug"":""will-the-republican-party-hold-57-or-more-senate-seats-after-the-2026-midterm-elections"",""question"":""Will the Republican Party hold 57 or more Senate seats after the 2026 midterm elections?"",""event_title"":"""",""endDate"":"""",""volume"":""106758.077137"",""source"":""markets_slug_query"",""active"":true,""closed"":false},{""score"":0.8647,""id"":""562794"",""slug"":""will-the-republican-party-control-the-senate-after-the-2026-midterm-elections"",""question"":""Will the Republican Party control the Senate after the 2026 Midterm elections?"",""event_title"":""Which party will win the Senate in 2026?"",""endDate"":""2026-11-03T00:00:00Z"",""volume"":""1308930.158923012"",""source"":""/events?search"",""active"":true,""closed"":false},{""score"":0.7949,""id"":""562793"",""slug"":""will-the-democratic-party-control-the-senate-after-the-2026-midterm-elections"",""question"":""Will the Democratic Party control the Senate after the 2026 Midterm elections?"",""event_title"":""Which party will win the Senate in 2026?"",""endDate"":""2026-11-03T00:00:00Z"",""volume"":""1476430.5579370107"",""source"":""/events?search"",""active"":true,""closed"":false},{""score"":0.7935,""id"":""562803"",""slug"":""will-the-republican-party-control-the-house-after-the-2026-midterm-elections"",""question"":""Will the Republican Party control the House after the 2026 Midterm elections?"",""event_title"":""Which party will win the House in 2026?"",""endDate"":""2026-11-03T00:00:00Z"",""volume"":""3456201.5151959434"",""source"":""/events?search"",""active"":true,""closed"":false},{""score"":0.7234,""id"":""562802"",""slug"":""will-the-democratic-party-control-the-house-after-the-2026-midterm-elections"",""question"":""Will the Democratic Party control the House after the 2026 Midterm elections?"",""event_title"":""Which party will win the House in 2026?"",""endDate"":""2026-11-03T00:00:00Z"",""volume"":""4185811.6013039355"",""source"":""/events?search"",""active"":true,""closed"":false}]",Accepted candidate rank 1 with fuzzy_score=0.9554.
26,RSO-0026,5,Maine Senate Election Winner,Maine Senate Election Winner — Democrat,Maine Senate Election Winner,Maine Senate Election Winner Democrat,US,us_senate,us_statewide,maine_senate_2026,tracked,core_us,binary_complement_contract,1,Democrat,TODO_VERIFY,maine-senate-election-winner-democrat,maine-senate-election-winner,US Senate race-specific market; central to Senate-control decomposition.,needs_slug_clob_verification,needs_orderbook_check,appears_clear_from_paste,State Senate outcome row.,,,,,,,,,,,,,,,,,,,,,NEEDS_MANUAL_REVIEW,,"[{""score"":0.5607,""id"":""561247"",""slug"":""will-tim-walz-win-the-2028-us-presidential-election"",""question"":""Will Tim Walz win the 2028 US Presidential Election?"",""event_title"":""Presidential Election Winner 2028"",""endDate"":""2028-11-07T00:00:00Z"",""volume"":""42609306.38191696"",""source"":""/events?search"",""active"":true,""closed"":false},{""score"":0.5514,""id"":""561234"",""slug"":""will-marco-rubio-win-the-2028-us-presidential-election"",""question"":""Will Marco Rubio win the 2028 US Presidential Election?"",""event_title"":""Presidential Election Winner 2028"",""endDate"":""2028-11-07T00:00:00Z"",""volume"":""10779789.88985898"",""source"":""/events?search"",""active"":true,""closed"":false},{""score"":0.5459,""id"":""561229"",""slug"":""will-jd-vance-win-the-2028-us-presidential-election"",""question"":""Will JD Vance win the 2028 US Presidential Election?"",""event_title"":""Presidential Election Winner 2028"",""endDate"":""2028-11-07T00:00:00Z"",""volume"":""14342256.812621908"",""source"":""/events?search"",""active"":true,""closed"":false},{""score"":0.5456,""id"":""561239"",""slug"":""will-kamala-harris-win-the-2028-us-presidential-election"",""question"":""Will Kamala Harris win the 2028 US Presidential Election?"",""event_title"":""Presidential Election Winner 2028"",""endDate"":""2028-11-07T00:00:00Z"",""volume"":""8027048.815593015"",""source"":""/events?search"",""active"":true,""closed"":false},{""score"":0.5456,""id"":""561260"",""slug"":""will-thomas-massie-win-the-2028-us-presidential-election"",""question"":""Will Thomas Massie win the 2028 US Presidential Election?"",""event_title"":""Presidential Election Winner 2028"",""endDate"":""2028-11-07T00:00:00Z"",""volume"":""7464311.179659937"",""source"":""/events?search"",""active"":true,""closed"":false}]",User marked row as needing manual review.
27,RSO-0027,5,Maine Senate Election Winner,Maine Senate Election Winner — Republican,Maine Senate Election Winner,Maine Senate Election Winner Republican,US,us_senate,us_statewide,maine_senate_2026,tracked,core_us,binary_complement_contract,2,Republican,TODO_VERIFY,maine-senate-election-winner-republican,maine-senate-election-winner,US Senate race-specific market; central to Senate-control decomposition.,needs_slug_clob_verification,needs_orderbook_check,appears_clear_from_paste,State Senate outcome row.,,,,,,,,,,,,,,,,,,,,,NEEDS_MANUAL_REVIEW,,"[{""score"":0.5528,""id"":""561247"",""slug"":""will-tim-walz-win-the-2028-us-presidential-election"",""question"":""Will Tim Walz win the 2028 US Presidential Election?"",""event_title"":""Presidential Election Winner 2028"",""endDate"":""2028-11-07T00:00:00Z"",""volume"":""42609306.38191696"",""source"":""/events?search"",""active"":true,""closed"":false},{""score"":0.5439,""id"":""561234"",""slug"":""will-marco-rubio-win-the-2028-us-presidential-election"",""question"":""Will Marco Rubio win the 2028 US Presidential Election?"",""event_title"":""Presidential Election Winner 2028"",""endDate"":""2028-11-07T00:00:00Z"",""volume"":""10779789.88985898"",""source"":""/events?search"",""active"":true,""closed"":false},{""score"":0.5383,""id"":""561229"",""slug"":""will-jd-vance-win-the-2028-us-presidential-election"",""question"":""Will JD Vance win the 2028 US Presidential Election?"",""event_title"":""Presidential Election Winner 2028"",""endDate"":""2028-11-07T00:00:00Z"",""volume"":""14342256.812621908"",""source"":""/events?search"",""active"":true,""closed"":false},{""score"":0.5383,""id"":""561239"",""slug"":""will-kamala-harris-win-the-2028-us-presidential-election"",""question"":""Will Kamala Harris win the 2028 US Presidential Election?"",""event_title"":""Presidential Election Winner 2028"",""endDate"":""2028-11-07T00:00:00Z"",""volume"":""8027060.815593015"",""source"":""/events?search"",""active"":true,""closed"":false},{""score"":0.5383,""id"":""561260"",""slug"":""will-thomas-massie-win-the-2028-us-presidential-election"",""question"":""Will Thomas Massie win the 2028 US Presidential Election?"",""event_title"":""Presidential Election Winner 2028"",""endDate"":""2028-11-07T00:00:00Z"",""volume"":""7464311.179659937"",""source"":""/events?search"",""active"":true,""closed"":false}]",User marked row as needing manual review.
28,RSO-0028,6,Texas Senate Election Winner,Texas Senate Election Winner — Ken Paxton (R),Texas Senate Election Winner,Texas Senate Election Winner Ken Paxton (R),US,us_senate,us_statewide,texas_senate_2026,tracked,core_us,binary_complement_contract,1,Ken Paxton (R),TODO_VERIFY,texas-senate-election-winner-ken-paxton-r,texas-senate-election-winner,US Senate race-specific market; central to Senate-control decomposition.,needs_slug_clob_verification,needs_orderbook_check,appears_clear_from_paste,State Senate outcome row.,,,,,,,,,,,,,,,,,,,,,NEEDS_MANUAL_REVIEW,,"[{""score"":0.5063,""id"":""561229"",""slug"":""will-jd-vance-win-the-2028-us-presidential-election"",""question"":""Will JD Vance win the 2028 US Presidential Election?"",""event_title"":""Presidential Election Winner 2028"",""endDate"":""2028-11-07T00:00:00Z"",""volume"":""14342256.812621908"",""source"":""/events?search"",""active"":true,""closed"":false},{""score"":0.5063,""id"":""561247"",""slug"":""will-tim-walz-win-the-2028-us-presidential-election"",""question"":""Will Tim Walz win the 2028 US Presidential Election?"",""event_title"":""Presidential Election Winner 2028"",""endDate"":""2028-11-07T00:00:00Z"",""volume"":""42609306.38191696"",""source"":""/events?search"",""active"":true,""closed"":false},{""score"":0.5049,""id"":""561253"",""slug"":""will-tucker-carlson-win-the-2028-us-presidential-election"",""question"":""Will Tucker Carlson win the 2028 US Presidential Election?"",""event_title"":""Presidential Election Winner 2028"",""endDate"":""2028-11-07T00:00:00Z"",""volume"":""11916794.96884111"",""source"":""/events?search"",""active"":true,""closed"":false},{""score"":0.5038,""id"":""561250"",""slug"":""will-elon-musk-win-the-2028-us-presidential-election"",""question"":""Will Elon Musk win the 2028 US Presidential Election?"",""event_title"":""Presidential Election Winner 2028"",""endDate"":""2028-11-07T00:00:00Z"",""volume"":""25183278.925635368"",""source"":""/events?search"",""active"":true,""closed"":false},{""score"":0.5038,""id"":""561259"",""slug"":""will-ro-khanna-win-the-2028-us-presidential-election"",""question"":""Will Ro Khanna win the 2028 US Presidential Election?"",""event_title"":""Presidential Election Winner 2028"",""endDate"":""2028-11-07T00:00:00Z"",""volume"":""10070554.55494317"",""source"":""/events?search"",""active"":true,""closed"":false}]",User marked row as needing manual review.
29,RSO-0029,6,Texas Senate Election Winner,Texas Senate Election Winner — James Talarico (D),Texas Senate Election Winner,Texas Senate Election Winner James Talarico (D),US,us_senate,us_statewide,texas_senate_2026,tracked,core_us,binary_complement_contract,2,James Talarico (D),TODO_VERIFY,texas-senate-election-winner-james-talarico-d,texas-senate-election-winner,US Senate race-specific market; central to Senate-control decomposition.,needs_slug_clob_verification,needs_orderbook_check,appears_clear_from_paste,State Senate outcome row.,,,,,,,,,,,,,,,,,,,,,NEEDS_MANUAL_REVIEW,,"[{""score"":0.5719,""id"":""561262"",""slug"":""will-james-talarico-win-the-2028-us-presidential-election"",""question"":""Will James Talarico win the 2028 US Presidential Election?"",""event_title"":""Presidential Election Winner 2028"",""endDate"":""2028-11-07T00:00:00Z"",""volume"":""5994882.610440039"",""source"":""/events?search"",""active"":true,""closed"":false},{""score"":0.5174,""id"":""561251"",""slug"":""will-lebron-james-win-the-2028-us-presidential-election"",""question"":""Will LeBron James win the 2028 US Presidential Election?"",""event_title"":""Presidential Election Winner 2028"",""endDate"":""2028-11-07T00:00:00Z"",""volume"":""52903286.223136336"",""source"":""/events?search"",""active"":true,""closed"":false},{""score"":0.5036,""id"":""517548"",""slug"":""will-the-next-uk-election-be-called-by-march-31"",""question"":""Will the next UK election be called by March 31?"",""event_title"":""UK election called by...?"",""endDate"":""2025-03-31T12:00:00Z"",""volume"":""577431.026465"",""source"":""/events?search"",""active"":true,""closed"":true},{""score"":0.4933,""id"":""561229"",""slug"":""will-jd-vance-win-the-2028-us-presidential-election"",""question"":""Will JD Vance win the 2028 US Presidential Election?"",""event_title"":""Presidential Election Winner 2028"",""endDate"":""2028-11-07T00:00:00Z"",""volume"":""14342256.812621908"",""source"":""/events?search"",""active"":true,""closed"":false},{""score"":0.4933,""id"":""561247"",""slug"":""will-tim-walz-win-the-2028-us-presidential-election"",""question"":""Will Tim Walz win the 2028 US Presidential Election?"",""event_title"":""Presidential Election Winner 2028"",""endDate"":""2028-11-07T00:00:00Z"",""volume"":""42609306.38191696"",""source"":""/events?search"",""active"":true,""closed"":false}]",User marked row as needing manual review.
30,RSO-0030,7,Alaska Senate Election Winner,Alaska Senate Election Winner — Mary Peltola,Alaska Senate Election Winner,Alaska Senate Election Winner Mary Peltola,US,us_senate,us_statewide,alaska_senate_2026,tracked,core_us,multi_outcome_contract,1,Mary Peltola,TODO_VERIFY,alaska-senate-election-winner-mary-peltola,alaska-senate-election-winner,US Senate race-specific market; central to Senate-control decomposition.,needs_slug_clob_verification,needs_orderbook_check,appears_clear_from_paste,State Senate outcome row.,,,,,,,,,,,,,,,,,,,,,NEEDS_MANUAL_REVIEW,,"[{""score"":0.4961,""id"":""561239"",""slug"":""will-kamala-harris-win-the-2028-us-presidential-election"",""question"":""Will Kamala Harris win the 2028 US Presidential Election?"",""event_title"":""Presidential Election Winner 2028"",""endDate"":""2028-11-07T00:00:00Z"",""volume"":""8027060.815593015"",""source"":""/events?search"",""active"":true,""closed"":false},{""score"":0.495,""id"":""561247"",""slug"":""will-tim-walz-win-the-2028-us-presidential-election"",""question"":""Will Tim Walz win the 2028 US Presidential Election?"",""event_title"":""Presidential Election Winner 2028"",""endDate"":""2028-11-07T00:00:00Z"",""volume"":""42609306.38191696"",""source"":""/events?search"",""active"":true,""closed"":false},{""score"":0.4937,""id"":""561262"",""slug"":""will-james-talarico-win-the-2028-us-presidential-election"",""question"":""Will James Talarico win the 2028 US Presidential Election?"",""event_title"":""Presidential Election Winner 2028"",""endDate"":""2028-11-07T00:00:00Z"",""volume"":""5994882.610440039"",""source"":""/events?search"",""active"":true,""closed"":false},{""score"":0.4906,""id"":""610381"",""slug"":""ukraine-election-held-by-june-30-2026-465-757"",""question"":""Ukraine election held by June 30, 2026?"",""event_title"":""Ukraine election held by...?"",""endDate"":""2025-12-31T12:00:00Z"",""volume"":""670797.1260719997"",""source"":""/events?search"",""active"":true,""closed"":false},{""score"":0.4875,""id"":""561245"",""slug"":""will-nikki-haley-win-the-2028-us-presidential-election"",""question"":""Will Nikki Haley win the 2028 US Presidential Election?"",""event_title"":""Presidential Election Winner 2028"",""endDate"":""2028-11-07T00:00:00Z"",""volume"":""27710379.239419293"",""source"":""/events?search"",""active"":true,""closed"":false}]",User marked row as needing manual review.
31,RSO-0031,7,Alaska Senate Election Winner,Alaska Senate Election Winner — Dan Sullivan,Alaska Senate Election Winner,Alaska Senate Election Winner Dan Sullivan,US,us_senate,us_statewide,alaska_senate_2026,tracked,core_us,multi_outcome_contract,2,Dan Sullivan,TODO_VERIFY,alaska-senate-election-winner-dan-sullivan,alaska-senate-election-winner,US Senate race-specific market; central to Senate-control decomposition.,needs_slug_clob_verification,needs_orderbook_check,appears_clear_from_paste,State Senate outcome row.,,,,,,,,,,,,,,,,,,,,,,,"[{""score"":0.4961,""id"":""561239"",""slug"":""will-kamala-harris-win-the-2028-us-presidential-election"",""question"":""Will Kamala Harris win the 2028 US Presidential Election?"",""event_title"":""Presidential Election Winner 2028"",""endDate"":""2028-11-07T00:00:00Z"",""volume"":""8027060.815593015"",""source"":""/events?search"",""active"":true,""closed"":false},{""score"":0.495,""id"":""561247"",""slug"":""will-tim-walz-win-the-2028-us-presidential-election"",""question"":""Will Tim Walz win the 2028 US Presidential Election?"",""event_title"":""Presidential Election Winner 2028"",""endDate"":""2028-11-07T00:00:00Z"",""volume"":""42609306.38191696"",""source"":""/events?search"",""active"":true,""closed"":false},{""score"":0.4937,""id"":""561262"",""slug"":""will-james-talarico-win-the-2028-us-presidential-election"",""question"":""Will James Talarico win the 2028 US Presidential Election?"",""event_title"":""Presidential Election Winner 2028"",""endDate"":""2028-11-07T00:00:00Z"",""volume"":""5994882.610440039"",""source"":""/events?search"",""active"":true,""closed"":false},{""score"":0.4906,""id"":""610381"",""slug"":""ukraine-election-held-by-june-30-2026-465-757"",""question"":""Ukraine election held by June 30, 2026?"",""event_title"":""Ukraine election held by...?"",""endDate"":""2025-12-31T12:00:00Z"",""volume"":""670797.1260719997"",""source"":""/events?search"",""active"":true,""closed"":false},{""score"":0.4875,""id"":""561245"",""slug"":""will-nikki-haley-win-the-2028-us-presidential-election"",""question"":""Will Nikki Haley win the 2028 US Presidential Election?"",""event_title"":""Presidential Election Winner 2028"",""endDate"":""2028-11-07T00:00:00Z"",""volume"":""27710379.239419293"",""source"":""/events?search"",""active"":true,""closed"":false}]",
32,RSO-0032,7,Alaska Senate Election Winner,Alaska Senate Election Winner — Dustin Darden,Alaska Senate Election Winner,Alaska Senate Election Winner Dustin Darden,US,us_senate,us_statewide,alaska_senate_2026,tracked,core_us,multi_outcome_contract,3,Dustin Darden,TODO_VERIFY,alaska-senate-election-winner-dustin-darden,alaska-senate-election-winner,US Senate race-specific market; central to Senate-control decomposition.,needs_slug_clob_verification,needs_orderbook_check,appears_clear_from_paste,State Senate outcome row.,,,,,,,,,,,,,,,,,,,,,,,,
33,RSO-0033,7,Alaska Senate Election Winner,Alaska Senate Election Winner — Ann Diener,Alaska Senate Election Winner,Alaska Senate Election Winner Ann Diener,US,us_senate,us_statewide,alaska_senate_2026,tracked,core_us,multi_outcome_contract,4,Ann Diener,TODO_VERIFY,alaska-senate-election-winner-ann-diener,alaska-senate-election-winner,US Senate race-specific market; central to Senate-control decomposition.,needs_slug_clob_verification,needs_orderbook_check,appears_clear_from_paste,State Senate outcome row.,,,,,,,,,,,,,,,,,,,,,,,,
34,RSO-0034,7,Alaska Senate Election Winner,Alaska Senate Election Winner — Richard Grayson,Alaska Senate Election Winner,Alaska Senate Election Winner Richard Grayson,US,us_senate,us_statewide,alaska_senate_2026,tracked,core_us,multi_outcome_contract,5,Richard Grayson,TODO_VERIFY,alaska-senate-election-winner-richard-grayson,alaska-senate-election-winner,US Senate race-specific market; central to Senate-control decomposition.,needs_slug_clob_verification,needs_orderbook_check,appears_clear_from_paste,State Senate outcome row.,,,,,,,,,,,,,,,,,,,,,,,,
35,RSO-0035,8,Nebraska Senate Election Winner,Nebraska Senate Election Winner — Republican,Nebraska Senate Election Winner,Nebraska Senate Election Winner Republican,US,us_senate,us_statewide,nebraska_senate_2026,tracked,core_us,multi_outcome_contract,1,Republican,TODO_VERIFY,nebraska-senate-election-winner-republican,nebraska-senate-election-winner,US Senate race-specific market; central to Senate-control decomposition.,needs_slug_clob_verification,needs_orderbook_check,appears_clear_from_paste,State Senate outcome row.,,,,,,,,,,,,,,,,,,,,,,,,
36,RSO-0036,8,Nebraska Senate Election Winner,Nebraska Senate Election Winner — Independent,Nebraska Senate Election Winner,Nebraska Senate Election Winner Independent,US,us_senate,us_statewide,nebraska_senate_2026,tracked,core_us,multi_outcome_contract,2,Independent,TODO_VERIFY,nebraska-senate-election-winner-independent,nebraska-senate-election-winner,US Senate race-specific market; central to Senate-control decomposition.,needs_slug_clob_verification,needs_orderbook_check,appears_clear_from_paste,State Senate outcome row.,,,,,,,,,,,,,,,,,,,,,,,,
37,RSO-0037,8,Nebraska Senate Election Winner,Nebraska Senate Election Winner — Democrat,Nebraska Senate Election Winner,Nebraska Senate Election Winner Democrat,US,us_senate,us_statewide,nebraska_senate_2026,tracked,core_us,multi_outcome_contract,3,Democrat,TODO_VERIFY,nebraska-senate-election-winner-democrat,nebraska-senate-election-winner,US Senate race-specific market; central to Senate-control decomposition.,needs_slug_clob_verification,needs_orderbook_check,appears_clear_from_paste,State Senate outcome row.,,,,,,,,,,,,,,,,,,,,,,,,
38,RSO-0038,9,Michigan Senate Election Winner,Michigan Senate Election Winner — Democrat,Michigan Senate Election Winner,Michigan Senate Election Winner Democrat,US,us_senate,us_statewide,michigan_senate_2026,tracked,core_us,binary_complement_contract,1,Democrat,TODO_VERIFY,michigan-senate-election-winner-democrat,michigan-senate-election-winner,US Senate race-specific market; central to Senate-control decomposition.,needs_slug_clob_verification,needs_orderbook_check,appears_clear_from_paste,State Senate outcome row.,,,,,,,,,,,,,,,,,,,,,,,,
39,RSO-0039,9,Michigan Senate Election Winner,Michigan Senate Election Winner — Republican,Michigan Senate Election Winner,Michigan Senate Election Winner Republican,US,us_senate,us_statewide,michigan_senate_2026,tracked,core_us,binary_complement_contract,2,Republican,TODO_VERIFY,michigan-senate-election-winner-republican,michigan-senate-election-winner,US Senate race-specific market; central to Senate-control decomposition.,needs_slug_clob_verification,needs_orderbook_check,appears_clear_from_paste,State Senate outcome row.,,,,,,,,,,,,,,,,,,,,,,,,
40,RSO-0040,10,Ohio Senate Election Winner,Ohio Senate Election Winner — Sherrod Brown (D),Ohio Senate Election Winner,Ohio Senate Election Winner Sherrod Brown (D),US,us_senate,us_statewide,ohio_senate_2026,tracked,core_us,binary_complement_contract,1,Sherrod Brown (D),TODO_VERIFY,ohio-senate-election-winner-sherrod-brown-d,ohio-senate-election-winner,US Senate race-specific market; central to Senate-control decomposition.,needs_slug_clob_verification,needs_orderbook_check,appears_clear_from_paste,State Senate outcome row.,,,,,,,,,,,,,,,,,,,,,,,,
41,RSO-0041,10,Ohio Senate Election Winner,Ohio Senate Election Winner — Jon Husted (R),Ohio Senate Election Winner,Ohio Senate Election Winner Jon Husted (R),US,us_senate,us_statewide,ohio_senate_2026,tracked,core_us,binary_complement_contract,2,Jon Husted (R),TODO_VERIFY,ohio-senate-election-winner-jon-husted-r,ohio-senate-election-winner,US Senate race-specific market; central to Senate-control decomposition.,needs_slug_clob_verification,needs_orderbook_check,appears_clear_from_paste,State Senate outcome row.,,,,,,,,,,,,,,,,,,,,,,,,
42,RSO-0042,11,North Carolina Senate Election Winner,North Carolina Senate Election Winner — Roy Cooper (D),North Carolina Senate Election Winner,North Carolina Senate Election Winner Roy Cooper (D),US,us_senate,us_statewide,north_carolina_senate_2026,tracked,core_us,binary_complement_contract,1,Roy Cooper (D),TODO_VERIFY,north-carolina-senate-election-winner-roy-cooper-d,north-carolina-senate-election-winner,US Senate race-specific market; central to Senate-control decomposition.,needs_slug_clob_verification,needs_orderbook_check,appears_clear_from_paste,State Senate outcome row.,,,,,,,,,,,,,,,,,,,,,,,,
43,RSO-0043,11,North Carolina Senate Election Winner,North Carolina Senate Election Winner — Michael Whatley (R),North Carolina Senate Election Winner,North Carolina Senate Election Winner Michael Whatley (R),US,us_senate,us_statewide,north_carolina_senate_2026,tracked,core_us,binary_complement_contract,2,Michael Whatley (R),TODO_VERIFY,north-carolina-senate-election-winner-michael-whatley-r,north-carolina-senate-election-winner,US Senate race-specific market; central to Senate-control decomposition.,needs_slug_clob_verification,needs_orderbook_check,appears_clear_from_paste,State Senate outcome row.,,,,,,,,,,,,,,,,,,,,,,,,
44,RSO-0044,12,Georgia Senate Election Winner,Georgia Senate Election Winner — Democrat,Georgia Senate Election Winner,Georgia Senate Election Winner Democrat,US,us_senate,us_statewide,georgia_senate_2026,tracked,core_us,binary_complement_contract,1,Democrat,TODO_VERIFY,georgia-senate-election-winner-democrat,georgia-senate-election-winner,US Senate race-specific market; central to Senate-control decomposition.,needs_slug_clob_verification,needs_orderbook_check,appears_clear_from_paste,State Senate outcome row.,,,,,,,,,,,,,,,,,,,,,,,,
45,RSO-0045,12,Georgia Senate Election Winner,Georgia Senate Election Winner — Republican,Georgia Senate Election Winner,Georgia Senate Election Winner Republican,US,us_senate,us_statewide,georgia_senate_2026,tracked,core_us,binary_complement_contract,2,Republican,TODO_VERIFY,georgia-senate-election-winner-republican,georgia-senate-election-winner,US Senate race-specific market; central to Senate-control decomposition.,needs_slug_clob_verification,needs_orderbook_check,appears_clear_from_paste,State Senate outcome row.,,,,,,,,,,,,,,,,,,,,,,,,
46,RSO-0046,13,New Hampshire Senate Election Winner,New Hampshire Senate Election Winner — Democrat,New Hampshire Senate Election Winner,New Hampshire Senate Election Winner Democrat,US,us_senate,us_statewide,new_hampshire_senate_2026,tracked,core_us,binary_complement_contract,1,Democrat,TODO_VERIFY,new-hampshire-senate-election-winner-democrat,new-hampshire-senate-election-winner,US Senate race-specific market; central to Senate-control decomposition.,needs_slug_clob_verification,needs_orderbook_check,appears_clear_from_paste,State Senate outcome row.,,,,,,,,,,,,,,,,,,,,,,,,
47,RSO-0047,13,New Hampshire Senate Election Winner,New Hampshire Senate Election Winner — Republican,New Hampshire Senate Election Winner,New Hampshire Senate Election Winner Republican,US,us_senate,us_statewide,new_hampshire_senate_2026,tracked,core_us,binary_complement_contract,2,Republican,TODO_VERIFY,new-hampshire-senate-election-winner-republican,new-hampshire-senate-election-winner,US Senate race-specific market; central to Senate-control decomposition.,needs_slug_clob_verification,needs_orderbook_check,appears_clear_from_paste,State Senate outcome row.,,,,,,,,,,,,,,,,,,,,,,,,
48,RSO-0048,14,Iowa Senate Election Winner,Iowa Senate Election Winner — Republican,Iowa Senate Election Winner,Iowa Senate Election Winner Republican,US,us_senate,us_statewide,iowa_senate_2026,tracked,core_us,binary_complement_contract,1,Republican,TODO_VERIFY,iowa-senate-election-winner-republican,iowa-senate-election-winner,US Senate race-specific market; central to Senate-control decomposition.,needs_slug_clob_verification,needs_orderbook_check,appears_clear_from_paste,State Senate outcome row.,,,,,,,,,,,,,,,,,,,,,,,,
49,RSO-0049,14,Iowa Senate Election Winner,Iowa Senate Election Winner — Democrat,Iowa Senate Election Winner,Iowa Senate Election Winner Democrat,US,us_senate,us_statewide,iowa_senate_2026,tracked,core_us,binary_complement_contract,2,Democrat,TODO_VERIFY,iowa-senate-election-winner-democrat,iowa-senate-election-winner,US Senate race-specific market; central to Senate-control decomposition.,needs_slug_clob_verification,needs_orderbook_check,appears_clear_from_paste,State Senate outcome row.,,,,,,,,,,,,,,,,,,,,,,,,
50,RSO-0050,15,Arizona Governor Election Winner,Arizona Governor Election Winner — Democrat,Arizona Governor Election Winner,Arizona Governor Election Winner Democrat,US,us_governor,us_statewide,arizona_governor_2026,tracked,core_us,binary_complement_contract,1,Democrat,TODO_VERIFY,arizona-governor-election-winner-democrat,arizona-governor-election-winner,US House/governor race market; adds state/district-level variation beyond Senate control.,needs_slug_clob_verification,needs_orderbook_check,appears_clear_from_paste,State/district outcome row.,,,,,,,,,,,,,,,,,,,,,,,,
51,RSO-0051,15,Arizona Governor Election Winner,Arizona Governor Election Winner — Republican,Arizona Governor Election Winner,Arizona Governor Election Winner Republican,US,us_governor,us_statewide,arizona_governor_2026,tracked,core_us,binary_complement_contract,2,Republican,TODO_VERIFY,arizona-governor-election-winner-republican,arizona-governor-election-winner,US House/governor race market; adds state/district-level variation beyond Senate control.,needs_slug_clob_verification,needs_orderbook_check,appears_clear_from_paste,State/district outcome row.,,,,,,,,,,,,,,,,,,,,,,,,
52,RSO-0052,16,Michigan Governor Election Winner,Michigan Governor Election Winner — Democrat,Michigan Governor Election Winner,Michigan Governor Election Winner Democrat,US,us_governor,us_statewide,michigan_governor_2026,tracked,core_us,multi_outcome_contract,1,Democrat,TODO_VERIFY,michigan-governor-election-winner-democrat,michigan-governor-election-winner,US House/governor race market; adds state/district-level variation beyond Senate control.,needs_slug_clob_verification,needs_orderbook_check,appears_clear_from_paste,State/district outcome row.,,,,,,,,,,,,,,,,,,,,,,,,
53,RSO-0053,16,Michigan Governor Election Winner,Michigan Governor Election Winner — Republican,Michigan Governor Election Winner,Michigan Governor Election Winner Republican,US,us_governor,us_statewide,michigan_governor_2026,tracked,core_us,multi_outcome_contract,2,Republican,TODO_VERIFY,michigan-governor-election-winner-republican,michigan-governor-election-winner,US House/governor race market; adds state/district-level variation beyond Senate control.,needs_slug_clob_verification,needs_orderbook_check,appears_clear_from_paste,State/district outcome row.,,,,,,,,,,,,,,,,,,,,,,,,
54,RSO-0054,16,Michigan Governor Election Winner,Michigan Governor Election Winner — Independent,Michigan Governor Election Winner,Michigan Governor Election Winner Independent,US,us_governor,us_statewide,michigan_governor_2026,tracked,core_us,multi_outcome_contract,3,Independent,TODO_VERIFY,michigan-governor-election-winner-independent,michigan-governor-election-winner,US House/governor race market; adds state/district-level variation beyond Senate control.,needs_slug_clob_verification,needs_orderbook_check,appears_clear_from_paste,State/district outcome row.,,,,,,,,,,,,,,,,,,,,,,,,
55,RSO-0055,17,WA-04 House Election Winner,WA-04 House Election Winner — Republican Party,WA-04 House Election Winner,WA-04 House Election Winner Republican Party,US,us_house,us_district,wa_04_house_2026,tracked,core_us,binary_complement_contract,1,Republican Party,TODO_VERIFY,wa-04-house-election-winner-republican-party,wa-04-house-election-winner,US House/governor race market; adds state/district-level variation beyond Senate control.,needs_slug_clob_verification,needs_orderbook_check,appears_clear_from_paste,State/district outcome row.,,,,,,,,,,,,,,,,,,,,,,,,
56,RSO-0056,17,WA-04 House Election Winner,WA-04 House Election Winner — Democratic Party,WA-04 House Election Winner,WA-04 House Election Winner Democratic Party,US,us_house,us_district,wa_04_house_2026,tracked,core_us,binary_complement_contract,2,Democratic Party,TODO_VERIFY,wa-04-house-election-winner-democratic-party,wa-04-house-election-winner,US House/governor race market; adds state/district-level variation beyond Senate control.,needs_slug_clob_verification,needs_orderbook_check,appears_clear_from_paste,State/district outcome row.,,,,,,,,,,,,,,,,,,,,,,,,
57,RSO-0057,18,NE-02 House Election Winner,NE-02 House Election Winner — Democratic Party,NE-02 House Election Winner,NE-02 House Election Winner Democratic Party,US,us_house,us_district,ne_02_house_2026,tracked,core_us,binary_complement_contract,1,Democratic Party,TODO_VERIFY,ne-02-house-election-winner-democratic-party,ne-02-house-election-winner,US House/governor race market; adds state/district-level variation beyond Senate control.,needs_slug_clob_verification,needs_orderbook_check,appears_clear_from_paste,State/district outcome row.,,,,,,,,,,,,,,,,,,,,,,,,
58,RSO-0058,18,NE-02 House Election Winner,NE-02 House Election Winner — Republican Party,NE-02 House Election Winner,NE-02 House Election Winner Republican Party,US,us_house,us_district,ne_02_house_2026,tracked,core_us,binary_complement_contract,2,Republican Party,TODO_VERIFY,ne-02-house-election-winner-republican-party,ne-02-house-election-winner,US House/governor race market; adds state/district-level variation beyond Senate control.,needs_slug_clob_verification,needs_orderbook_check,appears_clear_from_paste,State/district outcome row.,,,,,,,,,,,,,,,,,,,,,,,,
59,RSO-0059,19,PA-10 House Election Winner,PA-10 House Election Winner — Democratic Party,PA-10 House Election Winner,PA-10 House Election Winner Democratic Party,US,us_house,us_district,pa_10_house_2026,tracked,core_us,binary_complement_contract,1,Democratic Party,TODO_VERIFY,pa-10-house-election-winner-democratic-party,pa-10-house-election-winner,US House/governor race market; adds state/district-level variation beyond Senate control.,needs_slug_clob_verification,needs_orderbook_check,appears_clear_from_paste,State/district outcome row.,,,,,,,,,,,,,,,,,,,,,,,,
60,RSO-0060,19,PA-10 House Election Winner,PA-10 House Election Winner — Republican Party,PA-10 House Election Winner,PA-10 House Election Winner Republican Party,US,us_house,us_district,pa_10_house_2026,tracked,core_us,binary_complement_contract,2,Republican Party,TODO_VERIFY,pa-10-house-election-winner-republican-party,pa-10-house-election-winner,US House/governor race market; adds state/district-level variation beyond Senate control.,needs_slug_clob_verification,needs_orderbook_check,appears_clear_from_paste,State/district outcome row.,,,,,,,,,,,,,,,,,,,,,,,,
61,RSO-0061,20,Ohio Governor Election Winner,Ohio Governor Election Winner — Republican,Ohio Governor Election Winner,Ohio Governor Election Winner Republican,US,us_governor,us_statewide,ohio_governor_2026,tracked,core_us,binary_complement_contract,1,Republican,TODO_VERIFY,ohio-governor-election-winner-republican,ohio-governor-election-winner,US House/governor race market; adds state/district-level variation beyond Senate control.,needs_slug_clob_verification,needs_orderbook_check,appears_clear_from_paste,State/district outcome row.,,,,,,,,,,,,,,,,,,,,,,,,
62,RSO-0062,20,Ohio Governor Election Winner,Ohio Governor Election Winner — Democrat,Ohio Governor Election Winner,Ohio Governor Election Winner Democrat,US,us_governor,us_statewide,ohio_governor_2026,tracked,core_us,binary_complement_contract,2,Democrat,TODO_VERIFY,ohio-governor-election-winner-democrat,ohio-governor-election-winner,US House/governor race market; adds state/district-level variation beyond Senate control.,needs_slug_clob_verification,needs_orderbook_check,appears_clear_from_paste,State/district outcome row.,,,,,,,,,,,,,,,,,,,,,,,,
63,RSO-0063,21,Georgia Governor Election Winner,Georgia Governor Election Winner — Democrat,Georgia Governor Election Winner,Georgia Governor Election Winner Democrat,US,us_governor,us_statewide,georgia_governor_2026,tracked,core_us,binary_complement_contract,1,Democrat,TODO_VERIFY,georgia-governor-election-winner-democrat,georgia-governor-election-winner,US House/governor race market; adds state/district-level variation beyond Senate control.,needs_slug_clob_verification,needs_orderbook_check,appears_clear_from_paste,State/district outcome row.,,,,,,,,,,,,,,,,,,,,,,,,
64,RSO-0064,21,Georgia Governor Election Winner,Georgia Governor Election Winner — Republican,Georgia Governor Election Winner,Georgia Governor Election Winner Republican,US,us_governor,us_statewide,georgia_governor_2026,tracked,core_us,binary_complement_contract,2,Republican,TODO_VERIFY,georgia-governor-election-winner-republican,georgia-governor-election-winner,US House/governor race market; adds state/district-level variation beyond Senate control.,needs_slug_clob_verification,needs_orderbook_check,appears_clear_from_paste,State/district outcome row.,,,,,,,,,,,,,,,,,,,,,,,,
65,RSO-0065,22,Nevada Governor Election Winner,Nevada Governor Election Winner — Democrat,Nevada Governor Election Winner,Nevada Governor Election Winner Democrat,US,us_governor,us_statewide,nevada_governor_2026,tracked,core_us,binary_complement_contract,1,Democrat,TODO_VERIFY,nevada-governor-election-winner-democrat,nevada-governor-election-winner,US House/governor race market; adds state/district-level variation beyond Senate control.,needs_slug_clob_verification,needs_orderbook_check,appears_clear_from_paste,State/district outcome row.,,,,,,,,,,,,,,,,,,,,,,,,
66,RSO-0066,22,Nevada Governor Election Winner,Nevada Governor Election Winner — Republican,Nevada Governor Election Winner,Nevada Governor Election Winner Republican,US,us_governor,us_statewide,nevada_governor_2026,tracked,core_us,binary_complement_contract,2,Republican,TODO_VERIFY,nevada-governor-election-winner-republican,nevada-governor-election-winner,US House/governor race market; adds state/district-level variation beyond Senate control.,needs_slug_clob_verification,needs_orderbook_check,appears_clear_from_paste,State/district outcome row.,,,,,,,,,,,,,,,,,,,,,,,,
67,RSO-0067,23,NY-13 House Election Winner / Darializa Avila Chevalier proxy,NY-13 House Election Winner / Darializa Avila Chevalier proxy — Democratic Party,NY-13 House Election Winner,NY-13 House Election Winner Democratic Party,US,narrative_candidate,us_district,ny_13_house_darializa_proxy_2026,tracked,narrative,binary_complement_contract,1,Democratic Party,TODO_VERIFY,ny-13-house-election-winner-democratic-party,ny-13-house-election-winner,Narrative/progressive controversy proxy; market is party-level NY-13 general election rather than candidate-name-specific.,needs_slug_clob_verification,needs_orderbook_check,appears_clear_from_paste,This is a party-level proxy for Darializa; verify whether a more candidate-specific market exists.,,,,,,,,,,,,,,,,,,,,,,,,
68,RSO-0068,23,NY-13 House Election Winner / Darializa Avila Chevalier proxy,NY-13 House Election Winner / Darializa Avila Chevalier proxy — Republican Party,NY-13 House Election Winner,NY-13 House Election Winner Republican Party,US,narrative_candidate,us_district,ny_13_house_darializa_proxy_2026,tracked,narrative,binary_complement_contract,2,Republican Party,TODO_VERIFY,ny-13-house-election-winner-republican-party,ny-13-house-election-winner,Narrative/progressive controversy proxy; market is party-level NY-13 general election rather than candidate-name-specific.,needs_slug_clob_verification,needs_orderbook_check,appears_clear_from_paste,This is a party-level proxy for Darializa; verify whether a more candidate-specific market exists.,,,,,,,,,,,,,,,,,,,,,,,,
69,RSO-0069,24,Florida Governor Republican Primary Winner,Florida Governor Republican Primary Winner — Byron Donalds,Florida Governor Republican Primary Winner,Florida Governor Republican Primary Winner Byron Donalds,US,narrative_candidate,us_statewide_primary,florida_gop_governor_primary_2026,tracked,narrative,multi_outcome_contract,1,Byron Donalds,TODO_VERIFY,florida-governor-republican-primary-winner-byron-donalds,florida-governor-republican-primary-winner,Online-right/narrative-premium test centered on James Fishback vs Byron Donalds favorite.,needs_slug_clob_verification,appears_strong_from_paste,appears_clear_from_paste,Primary market expanded to all visible candidate outcomes from paste.,,,,,,,,,,,,,,,,,,,,,,,,
70,RSO-0070,24,Florida Governor Republican Primary Winner,Florida Governor Republican Primary Winner — James Fishback,Florida Governor Republican Primary Winner,Florida Governor Republican Primary Winner James Fishback,US,narrative_candidate,us_statewide_primary,florida_gop_governor_primary_2026,tracked,narrative,multi_outcome_contract,2,James Fishback,TODO_VERIFY,florida-governor-republican-primary-winner-james-fishback,florida-governor-republican-primary-winner,Online-right/narrative-premium test centered on James Fishback vs Byron Donalds favorite.,needs_slug_clob_verification,appears_strong_from_paste,appears_clear_from_paste,Primary market expanded to all visible candidate outcomes from paste.,,,,,,,,,,,,,,,,,,,,,,,,
71,RSO-0071,24,Florida Governor Republican Primary Winner,Florida Governor Republican Primary Winner — Wilton Simpson,Florida Governor Republican Primary Winner,Florida Governor Republican Primary Winner Wilton Simpson,US,narrative_candidate,us_statewide_primary,florida_gop_governor_primary_2026,tracked,narrative,multi_outcome_contract,3,Wilton Simpson,TODO_VERIFY,florida-governor-republican-primary-winner-wilton-simpson,florida-governor-republican-primary-winner,Online-right/narrative-premium test centered on James Fishback vs Byron Donalds favorite.,needs_slug_clob_verification,appears_strong_from_paste,appears_clear_from_paste,Primary market expanded to all visible candidate outcomes from paste.,,,,,,,,,,,,,,,,,,,,,,,,
72,RSO-0072,24,Florida Governor Republican Primary Winner,Florida Governor Republican Primary Winner — Casey DeSantis,Florida Governor Republican Primary Winner,Florida Governor Republican Primary Winner Casey DeSantis,US,narrative_candidate,us_statewide_primary,florida_gop_governor_primary_2026,tracked,narrative,multi_outcome_contract,4,Casey DeSantis,TODO_VERIFY,florida-governor-republican-primary-winner-casey-desantis,florida-governor-republican-primary-winner,Online-right/narrative-premium test centered on James Fishback vs Byron Donalds favorite.,needs_slug_clob_verification,appears_strong_from_paste,appears_clear_from_paste,Primary market expanded to all visible candidate outcomes from paste.,,,,,,,,,,,,,,,,,,,,,,,,
73,RSO-0073,24,Florida Governor Republican Primary Winner,Florida Governor Republican Primary Winner — Matt Gaetz,Florida Governor Republican Primary Winner,Florida Governor Republican Primary Winner Matt Gaetz,US,narrative_candidate,us_statewide_primary,florida_gop_governor_primary_2026,tracked,narrative,multi_outcome_contract,5,Matt Gaetz,TODO_VERIFY,florida-governor-republican-primary-winner-matt-gaetz,florida-governor-republican-primary-winner,Online-right/narrative-premium test centered on James Fishback vs Byron Donalds favorite.,needs_slug_clob_verification,appears_strong_from_paste,appears_clear_from_paste,Primary market expanded to all visible candidate outcomes from paste.,,,,,,,,,,,,,,,,,,,,,,,,
74,RSO-0074,24,Florida Governor Republican Primary Winner,Florida Governor Republican Primary Winner — Jay Collins,Florida Governor Republican Primary Winner,Florida Governor Republican Primary Winner Jay Collins,US,narrative_candidate,us_statewide_primary,florida_gop_governor_primary_2026,tracked,narrative,multi_outcome_contract,6,Jay Collins,TODO_VERIFY,florida-governor-republican-primary-winner-jay-collins,florida-governor-republican-primary-winner,Online-right/narrative-premium test centered on James Fishback vs Byron Donalds favorite.,needs_slug_clob_verification,appears_strong_from_paste,appears_clear_from_paste,Primary market expanded to all visible candidate outcomes from paste.,,,,,,,,,,,,,,,,,,,,,,,,
75,RSO-0075,24,Florida Governor Republican Primary Winner,Florida Governor Republican Primary Winner — Jimmy Patronis,Florida Governor Republican Primary Winner,Florida Governor Republican Primary Winner Jimmy Patronis,US,narrative_candidate,us_statewide_primary,florida_gop_governor_primary_2026,tracked,narrative,multi_outcome_contract,7,Jimmy Patronis,TODO_VERIFY,florida-governor-republican-primary-winner-jimmy-patronis,florida-governor-republican-primary-winner,Online-right/narrative-premium test centered on James Fishback vs Byron Donalds favorite.,needs_slug_clob_verification,appears_strong_from_paste,appears_clear_from_paste,Primary market expanded to all visible candidate outcomes from paste.,,,,,,,,,,,,,,,,,,,,,,,,
76,RSO-0076,25,Brazil Presidential Election,Brazil Presidential Election — Luiz Inácio Lula da Silva,Brazil Presidential Election,Brazil Presidential Election Luiz Inácio Lula da Silva,Brazil,brazil_presidential,presidential_two_round,brazil_president_winner_2026,tracked,brazil_core,multi_outcome_contract,1,Luiz Inácio Lula da Silva,TODO_VERIFY,brazil-presidential-election-luiz-in-cio-lula-da-silva,brazil-presidential-election,Core Brazil presidential winner market; high-volume global election sample.,needs_slug_clob_verification,appears_strong_from_paste,appears_clear_from_paste,Visible candidate outcomes from pasted market. Add Other later only if resolver finds token.,,,,,,,,,,,,,,,,,,,,,,,,
77,RSO-0077,25,Brazil Presidential Election,Brazil Presidential Election — Flávio Bolsonaro,Brazil Presidential Election,Brazil Presidential Election Flávio Bolsonaro,Brazil,brazil_presidential,presidential_two_round,brazil_president_winner_2026,tracked,brazil_core,multi_outcome_contract,2,Flávio Bolsonaro,TODO_VERIFY,brazil-presidential-election-fl-vio-bolsonaro,brazil-presidential-election,Core Brazil presidential winner market; high-volume global election sample.,needs_slug_clob_verification,appears_strong_from_paste,appears_clear_from_paste,Visible candidate outcomes from pasted market. Add Other later only if resolver finds token.,,,,,,,,,,,,,,,,,,,,,,,,
78,RSO-0078,25,Brazil Presidential Election,Brazil Presidential Election — Renan Santos,Brazil Presidential Election,Brazil Presidential Election Renan Santos,Brazil,brazil_presidential,presidential_two_round,brazil_president_winner_2026,tracked,brazil_core,multi_outcome_contract,3,Renan Santos,TODO_VERIFY,brazil-presidential-election-renan-santos,brazil-presidential-election,Core Brazil presidential winner market; high-volume global election sample.,needs_slug_clob_verification,appears_strong_from_paste,appears_clear_from_paste,Visible candidate outcomes from pasted market. Add Other later only if resolver finds token.,,,,,,,,,,,,,,,,,,,,,,,,
79,RSO-0079,25,Brazil Presidential Election,Brazil Presidential Election — Michelle Bolsonaro,Brazil Presidential Election,Brazil Presidential Election Michelle Bolsonaro,Brazil,brazil_presidential,presidential_two_round,brazil_president_winner_2026,tracked,brazil_core,multi_outcome_contract,4,Michelle Bolsonaro,TODO_VERIFY,brazil-presidential-election-michelle-bolsonaro,brazil-presidential-election,Core Brazil presidential winner market; high-volume global election sample.,needs_slug_clob_verification,appears_strong_from_paste,appears_clear_from_paste,Visible candidate outcomes from pasted market. Add Other later only if resolver finds token.,,,,,,,,,,,,,,,,,,,,,,,,
80,RSO-0080,25,Brazil Presidential Election,Brazil Presidential Election — Ronaldo Caiado,Brazil Presidential Election,Brazil Presidential Election Ronaldo Caiado,Brazil,brazil_presidential,presidential_two_round,brazil_president_winner_2026,tracked,brazil_core,multi_outcome_contract,5,Ronaldo Caiado,TODO_VERIFY,brazil-presidential-election-ronaldo-caiado,brazil-presidential-election,Core Brazil presidential winner market; high-volume global election sample.,needs_slug_clob_verification,appears_strong_from_paste,appears_clear_from_paste,Visible candidate outcomes from pasted market. Add Other later only if resolver finds token.,,,,,,,,,,,,,,,,,,,,,,,,
81,RSO-0081,25,Brazil Presidential Election,Brazil Presidential Election — Fernando Haddad,Brazil Presidential Election,Brazil Presidential Election Fernando Haddad,Brazil,brazil_presidential,presidential_two_round,brazil_president_winner_2026,tracked,brazil_core,multi_outcome_contract,6,Fernando Haddad,TODO_VERIFY,brazil-presidential-election-fernando-haddad,brazil-presidential-election,Core Brazil presidential winner market; high-volume global election sample.,needs_slug_clob_verification,appears_strong_from_paste,appears_clear_from_paste,Visible candidate outcomes from pasted market. Add Other later only if resolver finds token.,,,,,,,,,,,,,,,,,,,,,,,,
82,RSO-0082,25,Brazil Presidential Election,Brazil Presidential Election — Camilo Santana,Brazil Presidential Election,Brazil Presidential Election Camilo Santana,Brazil,brazil_presidential,presidential_two_round,brazil_president_winner_2026,tracked,brazil_core,multi_outcome_contract,7,Camilo Santana,TODO_VERIFY,brazil-presidential-election-camilo-santana,brazil-presidential-election,Core Brazil presidential winner market; high-volume global election sample.,needs_slug_clob_verification,appears_strong_from_paste,appears_clear_from_paste,Visible candidate outcomes from pasted market. Add Other later only if resolver finds token.,,,,,,,,,,,,,,,,,,,,,,,,
83,RSO-0083,25,Brazil Presidential Election,Brazil Presidential Election — Romeu Zema,Brazil Presidential Election,Brazil Presidential Election Romeu Zema,Brazil,brazil_presidential,presidential_two_round,brazil_president_winner_2026,tracked,brazil_core,multi_outcome_contract,8,Romeu Zema,TODO_VERIFY,brazil-presidential-election-romeu-zema,brazil-presidential-election,Core Brazil presidential winner market; high-volume global election sample.,needs_slug_clob_verification,appears_strong_from_paste,appears_clear_from_paste,Visible candidate outcomes from pasted market. Add Other later only if resolver finds token.,,,,,,,,,,,,,,,,,,,,,,,,
84,RSO-0084,25,Brazil Presidential Election,Brazil Presidential Election — Jair Bolsonaro,Brazil Presidential Election,Brazil Presidential Election Jair Bolsonaro,Brazil,brazil_presidential,presidential_two_round,brazil_president_winner_2026,tracked,brazil_core,multi_outcome_contract,9,Jair Bolsonaro,TODO_VERIFY,brazil-presidential-election-jair-bolsonaro,brazil-presidential-election,Core Brazil presidential winner market; high-volume global election sample.,needs_slug_clob_verification,appears_strong_from_paste,appears_clear_from_paste,Visible candidate outcomes from pasted market. Add Other later only if resolver finds token.,,,,,,,,,,,,,,,,,,,,,,,,
85,RSO-0085,25,Brazil Presidential Election,Brazil Presidential Election — Geraldo Alckmin,Brazil Presidential Election,Brazil Presidential Election Geraldo Alckmin,Brazil,brazil_presidential,presidential_two_round,brazil_president_winner_2026,tracked,brazil_core,multi_outcome_contract,10,Geraldo Alckmin,TODO_VERIFY,brazil-presidential-election-geraldo-alckmin,brazil-presidential-election,Core Brazil presidential winner market; high-volume global election sample.,needs_slug_clob_verification,appears_strong_from_paste,appears_clear_from_paste,Visible candidate outcomes from pasted market. Add Other later only if resolver finds token.,,,,,,,,,,,,,,,,,,,,,,,,
86,RSO-0086,25,Brazil Presidential Election,Brazil Presidential Election — Tereza Cristina,Brazil Presidential Election,Brazil Presidential Election Tereza Cristina,Brazil,brazil_presidential,presidential_two_round,brazil_president_winner_2026,tracked,brazil_core,multi_outcome_contract,11,Tereza Cristina,TODO_VERIFY,brazil-presidential-election-tereza-cristina,brazil-presidential-election,Core Brazil presidential winner market; high-volume global election sample.,needs_slug_clob_verification,appears_strong_from_paste,appears_clear_from_paste,Visible candidate outcomes from pasted market. Add Other later only if resolver finds token.,,,,,,,,,,,,,,,,,,,,,,,,
87,RSO-0087,25,Brazil Presidential Election,Brazil Presidential Election — Tarcisio de Freitas,Brazil Presidential Election,Brazil Presidential Election Tarcisio de Freitas,Brazil,brazil_presidential,presidential_two_round,brazil_president_winner_2026,tracked,brazil_core,multi_outcome_contract,12,Tarcisio de Freitas,TODO_VERIFY,brazil-presidential-election-tarcisio-de-freitas,brazil-presidential-election,Core Brazil presidential winner market; high-volume global election sample.,needs_slug_clob_verification,appears_strong_from_paste,appears_clear_from_paste,Visible candidate outcomes from pasted market. Add Other later only if resolver finds token.,,,,,,,,,,,,,,,,,,,,,,,,
88,RSO-0088,25,Brazil Presidential Election,Brazil Presidential Election — Eduardo Bolsonaro,Brazil Presidential Election,Brazil Presidential Election Eduardo Bolsonaro,Brazil,brazil_presidential,presidential_two_round,brazil_president_winner_2026,tracked,brazil_core,multi_outcome_contract,13,Eduardo Bolsonaro,TODO_VERIFY,brazil-presidential-election-eduardo-bolsonaro,brazil-presidential-election,Core Brazil presidential winner market; high-volume global election sample.,needs_slug_clob_verification,appears_strong_from_paste,appears_clear_from_paste,Visible candidate outcomes from pasted market. Add Other later only if resolver finds token.,,,,,,,,,,,,,,,,,,,,,,,,
89,RSO-0089,25,Brazil Presidential Election,Brazil Presidential Election — Aldo Rebelo,Brazil Presidential Election,Brazil Presidential Election Aldo Rebelo,Brazil,brazil_presidential,presidential_two_round,brazil_president_winner_2026,tracked,brazil_core,multi_outcome_contract,14,Aldo Rebelo,TODO_VERIFY,brazil-presidential-election-aldo-rebelo,brazil-presidential-election,Core Brazil presidential winner market; high-volume global election sample.,needs_slug_clob_verification,appears_strong_from_paste,appears_clear_from_paste,Visible candidate outcomes from pasted market. Add Other later only if resolver finds token.,,,,,,,,,,,,,,,,,,,,,,,,
90,RSO-0090,25,Brazil Presidential Election,Brazil Presidential Election — Helder Barbalho,Brazil Presidential Election,Brazil Presidential Election Helder Barbalho,Brazil,brazil_presidential,presidential_two_round,brazil_president_winner_2026,tracked,brazil_core,multi_outcome_contract,15,Helder Barbalho,TODO_VERIFY,brazil-presidential-election-helder-barbalho,brazil-presidential-election,Core Brazil presidential winner market; high-volume global election sample.,needs_slug_clob_verification,appears_strong_from_paste,appears_clear_from_paste,Visible candidate outcomes from pasted market. Add Other later only if resolver finds token.,,,,,,,,,,,,,,,,,,,,,,,,
91,RSO-0091,25,Brazil Presidential Election,Brazil Presidential Election — Ratinho Júnior,Brazil Presidential Election,Brazil Presidential Election Ratinho Júnior,Brazil,brazil_presidential,presidential_two_round,brazil_president_winner_2026,tracked,brazil_core,multi_outcome_contract,16,Ratinho Júnior,TODO_VERIFY,brazil-presidential-election-ratinho-j-nior,brazil-presidential-election,Core Brazil presidential winner market; high-volume global election sample.,needs_slug_clob_verification,appears_strong_from_paste,appears_clear_from_paste,Visible candidate outcomes from pasted market. Add Other later only if resolver finds token.,,,,,,,,,,,,,,,,,,,,,,,,
92,RSO-0092,25,Brazil Presidential Election,Brazil Presidential Election — Eduardo Leite,Brazil Presidential Election,Brazil Presidential Election Eduardo Leite,Brazil,brazil_presidential,presidential_two_round,brazil_president_winner_2026,tracked,brazil_core,multi_outcome_contract,17,Eduardo Leite,TODO_VERIFY,brazil-presidential-election-eduardo-leite,brazil-presidential-election,Core Brazil presidential winner market; high-volume global election sample.,needs_slug_clob_verification,appears_strong_from_paste,appears_clear_from_paste,Visible candidate outcomes from pasted market. Add Other later only if resolver finds token.,,,,,,,,,,,,,,,,,,,,,,,,
93,RSO-0093,26,Brazil Presidential Election First Round: Margin of Victory,Brazil Presidential Election First Round: Margin of Victory — Lula da Silva 15%+,Brazil Presidential Election First Round: Margin of Victory,Brazil Presidential Election First Round: Margin of Victory Lula da Silva 15%+,Brazil,brazil_presidential,presidential_two_round,brazil_first_round_margin_2026,tracked,brazil_core,range_contract,1,Lula da Silva 15%+,TODO_VERIFY,brazil-presidential-election-first-round-margin-of-victory-lula-da-silva-15-plus,brazil-presidential-election-first-round-margin-of-victory,First-round margin distribution; split to each bracket/outcome.,needs_slug_clob_verification,needs_orderbook_check,appears_clear_from_paste,Range/candidate victory event expanded to all visible outcomes.,,,,,,,,,,,,,,,,,,,,,,,,
94,RSO-0094,26,Brazil Presidential Election First Round: Margin of Victory,Brazil Presidential Election First Round: Margin of Victory — Lula da Silva 10-15%,Brazil Presidential Election First Round: Margin of Victory,Brazil Presidential Election First Round: Margin of Victory Lula da Silva 10-15%,Brazil,brazil_presidential,presidential_two_round,brazil_first_round_margin_2026,tracked,brazil_core,range_contract,2,Lula da Silva 10-15%,TODO_VERIFY,brazil-presidential-election-first-round-margin-of-victory-lula-da-silva-10-15,brazil-presidential-election-first-round-margin-of-victory,First-round margin distribution; split to each bracket/outcome.,needs_slug_clob_verification,needs_orderbook_check,appears_clear_from_paste,Range/candidate victory event expanded to all visible outcomes.,,,,,,,,,,,,,,,,,,,,,,,,
95,RSO-0095,26,Brazil Presidential Election First Round: Margin of Victory,Brazil Presidential Election First Round: Margin of Victory — Lula da Silva 5-10%,Brazil Presidential Election First Round: Margin of Victory,Brazil Presidential Election First Round: Margin of Victory Lula da Silva 5-10%,Brazil,brazil_presidential,presidential_two_round,brazil_first_round_margin_2026,tracked,brazil_core,range_contract,3,Lula da Silva 5-10%,TODO_VERIFY,brazil-presidential-election-first-round-margin-of-victory-lula-da-silva-5-10,brazil-presidential-election-first-round-margin-of-victory,First-round margin distribution; split to each bracket/outcome.,needs_slug_clob_verification,needs_orderbook_check,appears_clear_from_paste,Range/candidate victory event expanded to all visible outcomes.,,,,,,,,,,,,,,,,,,,,,,,,
96,RSO-0096,26,Brazil Presidential Election First Round: Margin of Victory,Brazil Presidential Election First Round: Margin of Victory — Lula da Silva <5%,Brazil Presidential Election First Round: Margin of Victory,Brazil Presidential Election First Round: Margin of Victory Lula da Silva <5%,Brazil,brazil_presidential,presidential_two_round,brazil_first_round_margin_2026,tracked,brazil_core,range_contract,4,Lula da Silva <5%,TODO_VERIFY,brazil-presidential-election-first-round-margin-of-victory-lula-da-silva-lt-5,brazil-presidential-election-first-round-margin-of-victory,First-round margin distribution; split to each bracket/outcome.,needs_slug_clob_verification,needs_orderbook_check,appears_clear_from_paste,Range/candidate victory event expanded to all visible outcomes.,,,,,,,,,,,,,,,,,,,,,,,,
97,RSO-0097,26,Brazil Presidential Election First Round: Margin of Victory,Brazil Presidential Election First Round: Margin of Victory — Flávio Bolsonaro 10%+,Brazil Presidential Election First Round: Margin of Victory,Brazil Presidential Election First Round: Margin of Victory Flávio Bolsonaro 10%+,Brazil,brazil_presidential,presidential_two_round,brazil_first_round_margin_2026,tracked,brazil_core,range_contract,5,Flávio Bolsonaro 10%+,TODO_VERIFY,brazil-presidential-election-first-round-margin-of-victory-fl-vio-bolsonaro-10-plus,brazil-presidential-election-first-round-margin-of-victory,First-round margin distribution; split to each bracket/outcome.,needs_slug_clob_verification,needs_orderbook_check,appears_clear_from_paste,Range/candidate victory event expanded to all visible outcomes.,,,,,,,,,,,,,,,,,,,,,,,,
98,RSO-0098,26,Brazil Presidential Election First Round: Margin of Victory,Brazil Presidential Election First Round: Margin of Victory — Flávio Bolsonaro 5-10%,Brazil Presidential Election First Round: Margin of Victory,Brazil Presidential Election First Round: Margin of Victory Flávio Bolsonaro 5-10%,Brazil,brazil_presidential,presidential_two_round,brazil_first_round_margin_2026,tracked,brazil_core,range_contract,6,Flávio Bolsonaro 5-10%,TODO_VERIFY,brazil-presidential-election-first-round-margin-of-victory-fl-vio-bolsonaro-5-10,brazil-presidential-election-first-round-margin-of-victory,First-round margin distribution; split to each bracket/outcome.,needs_slug_clob_verification,needs_orderbook_check,appears_clear_from_paste,Range/candidate victory event expanded to all visible outcomes.,,,,,,,,,,,,,,,,,,,,,,,,
99,RSO-0099,26,Brazil Presidential Election First Round: Margin of Victory,Brazil Presidential Election First Round: Margin of Victory — Flávio Bolsonaro <5%,Brazil Presidential Election First Round: Margin of Victory,Brazil Presidential Election First Round: Margin of Victory Flávio Bolsonaro <5%,Brazil,brazil_presidential,presidential_two_round,brazil_first_round_margin_2026,tracked,brazil_core,range_contract,7,Flávio Bolsonaro <5%,TODO_VERIFY,brazil-presidential-election-first-round-margin-of-victory-fl-vio-bolsonaro-lt-5,brazil-presidential-election-first-round-margin-of-victory,First-round margin distribution; split to each bracket/outcome.,needs_slug_clob_verification,needs_orderbook_check,appears_clear_from_paste,Range/candidate victory event expanded to all visible outcomes.,,,,,,,,,,,,,,,,,,,,,,,,
100,RSO-0100,26,Brazil Presidential Election First Round: Margin of Victory,Brazil Presidential Election First Round: Margin of Victory — Renan Santos Victory,Brazil Presidential Election First Round: Margin of Victory,Brazil Presidential Election First Round: Margin of Victory Renan Santos Victory,Brazil,brazil_presidential,presidential_two_round,brazil_first_round_margin_2026,tracked,brazil_core,range_contract,8,Renan Santos Victory,TODO_VERIFY,brazil-presidential-election-first-round-margin-of-victory-renan-santos-victory,brazil-presidential-election-first-round-margin-of-victory,First-round margin distribution; split to each bracket/outcome.,needs_slug_clob_verification,needs_orderbook_check,appears_clear_from_paste,Range/candidate victory event expanded to all visible outcomes.,,,,,,,,,,,,,,,,,,,,,,,,
101,RSO-0101,26,Brazil Presidential Election First Round: Margin of Victory,Brazil Presidential Election First Round: Margin of Victory — Tarcisio de Freitas Victory,Brazil Presidential Election First Round: Margin of Victory,Brazil Presidential Election First Round: Margin of Victory Tarcisio de Freitas Victory,Brazil,brazil_presidential,presidential_two_round,brazil_first_round_margin_2026,tracked,brazil_core,range_contract,9,Tarcisio de Freitas Victory,TODO_VERIFY,brazil-presidential-election-first-round-margin-of-victory-tarcisio-de-freitas-victory,brazil-presidential-election-first-round-margin-of-victory,First-round margin distribution; split to each bracket/outcome.,needs_slug_clob_verification,needs_orderbook_check,appears_clear_from_paste,Range/candidate victory event expanded to all visible outcomes.,,,,,,,,,,,,,,,,,,,,,,,,
102,RSO-0102,26,Brazil Presidential Election First Round: Margin of Victory,Brazil Presidential Election First Round: Margin of Victory — Ratinho Júnior Victory,Brazil Presidential Election First Round: Margin of Victory,Brazil Presidential Election First Round: Margin of Victory Ratinho Júnior Victory,Brazil,brazil_presidential,presidential_two_round,brazil_first_round_margin_2026,tracked,brazil_core,range_contract,10,Ratinho Júnior Victory,TODO_VERIFY,brazil-presidential-election-first-round-margin-of-victory-ratinho-j-nior-victory,brazil-presidential-election-first-round-margin-of-victory,First-round margin distribution; split to each bracket/outcome.,needs_slug_clob_verification,needs_orderbook_check,appears_clear_from_paste,Range/candidate victory event expanded to all visible outcomes.,,,,,,,,,,,,,,,,,,,,,,,,
103,RSO-0103,26,Brazil Presidential Election First Round: Margin of Victory,Brazil Presidential Election First Round: Margin of Victory — Other,Brazil Presidential Election First Round: Margin of Victory,Brazil Presidential Election First Round: Margin of Victory Other,Brazil,brazil_presidential,presidential_two_round,brazil_first_round_margin_2026,tracked,brazil_core,range_contract,11,Other,TODO_VERIFY,brazil-presidential-election-first-round-margin-of-victory-other,brazil-presidential-election-first-round-margin-of-victory,First-round margin distribution; split to each bracket/outcome.,needs_slug_clob_verification,needs_orderbook_check,appears_clear_from_paste,Range/candidate victory event expanded to all visible outcomes.,,,,,,,,,,,,,,,,,,,,,,,,
104,RSO-0104,27,Brazil Presidential Election First Round: 1st Place,Brazil Presidential Election First Round: 1st Place — Luiz Inácio Lula da Silva,Brazil Presidential Election First Round: 1st Place,Brazil Presidential Election First Round: 1st Place Luiz Inácio Lula da Silva,Brazil,brazil_presidential,presidential_two_round,brazil_first_round_first_place_2026,tracked,brazil_core,multi_outcome_contract,1,Luiz Inácio Lula da Silva,TODO_VERIFY,brazil-presidential-election-first-round-1st-place-luiz-in-cio-lula-da-silva,brazil-presidential-election-first-round-1st-place,"User-requested first-round first-place market; not clearly visible in paste, so rows are included for resolver/manual verification.",needs_slug_clob_verification,needs_orderbook_check,needs_manual_review,"If no actual Polymarket event exists, mark this parent market REPLACE.",,,,,,,,,,,,,,,,,,,,,,,,
105,RSO-0105,27,Brazil Presidential Election First Round: 1st Place,Brazil Presidential Election First Round: 1st Place — Flávio Bolsonaro,Brazil Presidential Election First Round: 1st Place,Brazil Presidential Election First Round: 1st Place Flávio Bolsonaro,Brazil,brazil_presidential,presidential_two_round,brazil_first_round_first_place_2026,tracked,brazil_core,multi_outcome_contract,2,Flávio Bolsonaro,TODO_VERIFY,brazil-presidential-election-first-round-1st-place-fl-vio-bolsonaro,brazil-presidential-election-first-round-1st-place,"User-requested first-round first-place market; not clearly visible in paste, so rows are included for resolver/manual verification.",needs_slug_clob_verification,needs_orderbook_check,needs_manual_review,"If no actual Polymarket event exists, mark this parent market REPLACE.",,,,,,,,,,,,,,,,,,,,,,,,
106,RSO-0106,27,Brazil Presidential Election First Round: 1st Place,Brazil Presidential Election First Round: 1st Place — Renan Santos,Brazil Presidential Election First Round: 1st Place,Brazil Presidential Election First Round: 1st Place Renan Santos,Brazil,brazil_presidential,presidential_two_round,brazil_first_round_first_place_2026,tracked,brazil_core,multi_outcome_contract,3,Renan Santos,TODO_VERIFY,brazil-presidential-election-first-round-1st-place-renan-santos,brazil-presidential-election-first-round-1st-place,"User-requested first-round first-place market; not clearly visible in paste, so rows are included for resolver/manual verification.",needs_slug_clob_verification,needs_orderbook_check,needs_manual_review,"If no actual Polymarket event exists, mark this parent market REPLACE.",,,,,,,,,,,,,,,,,,,,,,,,
107,RSO-0107,27,Brazil Presidential Election First Round: 1st Place,Brazil Presidential Election First Round: 1st Place — Michelle Bolsonaro,Brazil Presidential Election First Round: 1st Place,Brazil Presidential Election First Round: 1st Place Michelle Bolsonaro,Brazil,brazil_presidential,presidential_two_round,brazil_first_round_first_place_2026,tracked,brazil_core,multi_outcome_contract,4,Michelle Bolsonaro,TODO_VERIFY,brazil-presidential-election-first-round-1st-place-michelle-bolsonaro,brazil-presidential-election-first-round-1st-place,"User-requested first-round first-place market; not clearly visible in paste, so rows are included for resolver/manual verification.",needs_slug_clob_verification,needs_orderbook_check,needs_manual_review,"If no actual Polymarket event exists, mark this parent market REPLACE.",,,,,,,,,,,,,,,,,,,,,,,,
108,RSO-0108,27,Brazil Presidential Election First Round: 1st Place,Brazil Presidential Election First Round: 1st Place — Ronaldo Caiado,Brazil Presidential Election First Round: 1st Place,Brazil Presidential Election First Round: 1st Place Ronaldo Caiado,Brazil,brazil_presidential,presidential_two_round,brazil_first_round_first_place_2026,tracked,brazil_core,multi_outcome_contract,5,Ronaldo Caiado,TODO_VERIFY,brazil-presidential-election-first-round-1st-place-ronaldo-caiado,brazil-presidential-election-first-round-1st-place,"User-requested first-round first-place market; not clearly visible in paste, so rows are included for resolver/manual verification.",needs_slug_clob_verification,needs_orderbook_check,needs_manual_review,"If no actual Polymarket event exists, mark this parent market REPLACE.",,,,,,,,,,,,,,,,,,,,,,,,
109,RSO-0109,27,Brazil Presidential Election First Round: 1st Place,Brazil Presidential Election First Round: 1st Place — Fernando Haddad,Brazil Presidential Election First Round: 1st Place,Brazil Presidential Election First Round: 1st Place Fernando Haddad,Brazil,brazil_presidential,presidential_two_round,brazil_first_round_first_place_2026,tracked,brazil_core,multi_outcome_contract,6,Fernando Haddad,TODO_VERIFY,brazil-presidential-election-first-round-1st-place-fernando-haddad,brazil-presidential-election-first-round-1st-place,"User-requested first-round first-place market; not clearly visible in paste, so rows are included for resolver/manual verification.",needs_slug_clob_verification,needs_orderbook_check,needs_manual_review,"If no actual Polymarket event exists, mark this parent market REPLACE.",,,,,,,,,,,,,,,,,,,,,,,,
110,RSO-0110,27,Brazil Presidential Election First Round: 1st Place,Brazil Presidential Election First Round: 1st Place — Camilo Santana,Brazil Presidential Election First Round: 1st Place,Brazil Presidential Election First Round: 1st Place Camilo Santana,Brazil,brazil_presidential,presidential_two_round,brazil_first_round_first_place_2026,tracked,brazil_core,multi_outcome_contract,7,Camilo Santana,TODO_VERIFY,brazil-presidential-election-first-round-1st-place-camilo-santana,brazil-presidential-election-first-round-1st-place,"User-requested first-round first-place market; not clearly visible in paste, so rows are included for resolver/manual verification.",needs_slug_clob_verification,needs_orderbook_check,needs_manual_review,"If no actual Polymarket event exists, mark this parent market REPLACE.",,,,,,,,,,,,,,,,,,,,,,,,
111,RSO-0111,27,Brazil Presidential Election First Round: 1st Place,Brazil Presidential Election First Round: 1st Place — Romeu Zema,Brazil Presidential Election First Round: 1st Place,Brazil Presidential Election First Round: 1st Place Romeu Zema,Brazil,brazil_presidential,presidential_two_round,brazil_first_round_first_place_2026,tracked,brazil_core,multi_outcome_contract,8,Romeu Zema,TODO_VERIFY,brazil-presidential-election-first-round-1st-place-romeu-zema,brazil-presidential-election-first-round-1st-place,"User-requested first-round first-place market; not clearly visible in paste, so rows are included for resolver/manual verification.",needs_slug_clob_verification,needs_orderbook_check,needs_manual_review,"If no actual Polymarket event exists, mark this parent market REPLACE.",,,,,,,,,,,,,,,,,,,,,,,,
112,RSO-0112,27,Brazil Presidential Election First Round: 1st Place,Brazil Presidential Election First Round: 1st Place — Jair Bolsonaro,Brazil Presidential Election First Round: 1st Place,Brazil Presidential Election First Round: 1st Place Jair Bolsonaro,Brazil,brazil_presidential,presidential_two_round,brazil_first_round_first_place_2026,tracked,brazil_core,multi_outcome_contract,9,Jair Bolsonaro,TODO_VERIFY,brazil-presidential-election-first-round-1st-place-jair-bolsonaro,brazil-presidential-election-first-round-1st-place,"User-requested first-round first-place market; not clearly visible in paste, so rows are included for resolver/manual verification.",needs_slug_clob_verification,needs_orderbook_check,needs_manual_review,"If no actual Polymarket event exists, mark this parent market REPLACE.",,,,,,,,,,,,,,,,,,,,,,,,
113,RSO-0113,27,Brazil Presidential Election First Round: 1st Place,Brazil Presidential Election First Round: 1st Place — Geraldo Alckmin,Brazil Presidential Election First Round: 1st Place,Brazil Presidential Election First Round: 1st Place Geraldo Alckmin,Brazil,brazil_presidential,presidential_two_round,brazil_first_round_first_place_2026,tracked,brazil_core,multi_outcome_contract,10,Geraldo Alckmin,TODO_VERIFY,brazil-presidential-election-first-round-1st-place-geraldo-alckmin,brazil-presidential-election-first-round-1st-place,"User-requested first-round first-place market; not clearly visible in paste, so rows are included for resolver/manual verification.",needs_slug_clob_verification,needs_orderbook_check,needs_manual_review,"If no actual Polymarket event exists, mark this parent market REPLACE.",,,,,,,,,,,,,,,,,,,,,,,,
114,RSO-0114,27,Brazil Presidential Election First Round: 1st Place,Brazil Presidential Election First Round: 1st Place — Tereza Cristina,Brazil Presidential Election First Round: 1st Place,Brazil Presidential Election First Round: 1st Place Tereza Cristina,Brazil,brazil_presidential,presidential_two_round,brazil_first_round_first_place_2026,tracked,brazil_core,multi_outcome_contract,11,Tereza Cristina,TODO_VERIFY,brazil-presidential-election-first-round-1st-place-tereza-cristina,brazil-presidential-election-first-round-1st-place,"User-requested first-round first-place market; not clearly visible in paste, so rows are included for resolver/manual verification.",needs_slug_clob_verification,needs_orderbook_check,needs_manual_review,"If no actual Polymarket event exists, mark this parent market REPLACE.",,,,,,,,,,,,,,,,,,,,,,,,
115,RSO-0115,27,Brazil Presidential Election First Round: 1st Place,Brazil Presidential Election First Round: 1st Place — Tarcisio de Freitas,Brazil Presidential Election First Round: 1st Place,Brazil Presidential Election First Round: 1st Place Tarcisio de Freitas,Brazil,brazil_presidential,presidential_two_round,brazil_first_round_first_place_2026,tracked,brazil_core,multi_outcome_contract,12,Tarcisio de Freitas,TODO_VERIFY,brazil-presidential-election-first-round-1st-place-tarcisio-de-freitas,brazil-presidential-election-first-round-1st-place,"User-requested first-round first-place market; not clearly visible in paste, so rows are included for resolver/manual verification.",needs_slug_clob_verification,needs_orderbook_check,needs_manual_review,"If no actual Polymarket event exists, mark this parent market REPLACE.",,,,,,,,,,,,,,,,,,,,,,,,
116,RSO-0116,27,Brazil Presidential Election First Round: 1st Place,Brazil Presidential Election First Round: 1st Place — Eduardo Bolsonaro,Brazil Presidential Election First Round: 1st Place,Brazil Presidential Election First Round: 1st Place Eduardo Bolsonaro,Brazil,brazil_presidential,presidential_two_round,brazil_first_round_first_place_2026,tracked,brazil_core,multi_outcome_contract,13,Eduardo Bolsonaro,TODO_VERIFY,brazil-presidential-election-first-round-1st-place-eduardo-bolsonaro,brazil-presidential-election-first-round-1st-place,"User-requested first-round first-place market; not clearly visible in paste, so rows are included for resolver/manual verification.",needs_slug_clob_verification,needs_orderbook_check,needs_manual_review,"If no actual Polymarket event exists, mark this parent market REPLACE.",,,,,,,,,,,,,,,,,,,,,,,,
117,RSO-0117,27,Brazil Presidential Election First Round: 1st Place,Brazil Presidential Election First Round: 1st Place — Aldo Rebelo,Brazil Presidential Election First Round: 1st Place,Brazil Presidential Election First Round: 1st Place Aldo Rebelo,Brazil,brazil_presidential,presidential_two_round,brazil_first_round_first_place_2026,tracked,brazil_core,multi_outcome_contract,14,Aldo Rebelo,TODO_VERIFY,brazil-presidential-election-first-round-1st-place-aldo-rebelo,brazil-presidential-election-first-round-1st-place,"User-requested first-round first-place market; not clearly visible in paste, so rows are included for resolver/manual verification.",needs_slug_clob_verification,needs_orderbook_check,needs_manual_review,"If no actual Polymarket event exists, mark this parent market REPLACE.",,,,,,,,,,,,,,,,,,,,,,,,
118,RSO-0118,27,Brazil Presidential Election First Round: 1st Place,Brazil Presidential Election First Round: 1st Place — Helder Barbalho,Brazil Presidential Election First Round: 1st Place,Brazil Presidential Election First Round: 1st Place Helder Barbalho,Brazil,brazil_presidential,presidential_two_round,brazil_first_round_first_place_2026,tracked,brazil_core,multi_outcome_contract,15,Helder Barbalho,TODO_VERIFY,brazil-presidential-election-first-round-1st-place-helder-barbalho,brazil-presidential-election-first-round-1st-place,"User-requested first-round first-place market; not clearly visible in paste, so rows are included for resolver/manual verification.",needs_slug_clob_verification,needs_orderbook_check,needs_manual_review,"If no actual Polymarket event exists, mark this parent market REPLACE.",,,,,,,,,,,,,,,,,,,,,,,,
119,RSO-0119,27,Brazil Presidential Election First Round: 1st Place,Brazil Presidential Election First Round: 1st Place — Ratinho Júnior,Brazil Presidential Election First Round: 1st Place,Brazil Presidential Election First Round: 1st Place Ratinho Júnior,Brazil,brazil_presidential,presidential_two_round,brazil_first_round_first_place_2026,tracked,brazil_core,multi_outcome_contract,16,Ratinho Júnior,TODO_VERIFY,brazil-presidential-election-first-round-1st-place-ratinho-j-nior,brazil-presidential-election-first-round-1st-place,"User-requested first-round first-place market; not clearly visible in paste, so rows are included for resolver/manual verification.",needs_slug_clob_verification,needs_orderbook_check,needs_manual_review,"If no actual Polymarket event exists, mark this parent market REPLACE.",,,,,,,,,,,,,,,,,,,,,,,,
120,RSO-0120,27,Brazil Presidential Election First Round: 1st Place,Brazil Presidential Election First Round: 1st Place — Eduardo Leite,Brazil Presidential Election First Round: 1st Place,Brazil Presidential Election First Round: 1st Place Eduardo Leite,Brazil,brazil_presidential,presidential_two_round,brazil_first_round_first_place_2026,tracked,brazil_core,multi_outcome_contract,17,Eduardo Leite,TODO_VERIFY,brazil-presidential-election-first-round-1st-place-eduardo-leite,brazil-presidential-election-first-round-1st-place,"User-requested first-round first-place market; not clearly visible in paste, so rows are included for resolver/manual verification.",needs_slug_clob_verification,needs_orderbook_check,needs_manual_review,"If no actual Polymarket event exists, mark this parent market REPLACE.",,,,,,,,,,,,,,,,,,,,,,,,
121,RSO-0121,28,Brazil Presidential Election First Round: 2nd Place,Brazil Presidential Election First Round: 2nd Place — Flávio Bolsonaro,Brazil Presidential Election First Round: 2nd Place,Brazil Presidential Election First Round: 2nd Place Flávio Bolsonaro,Brazil,brazil_presidential,presidential_two_round,brazil_first_round_second_place_2026,tracked,brazil_core,multi_outcome_contract,1,Flávio Bolsonaro,TODO_VERIFY,brazil-presidential-election-first-round-2nd-place-fl-vio-bolsonaro,brazil-presidential-election-first-round-2nd-place,First-round second-place market; important runoff-composition signal.,needs_slug_clob_verification,appears_strong_from_paste,appears_clear_from_paste,Expanded to all visible candidate outcomes.,,,,,,,,,,,,,,,,,,,,,,,,
122,RSO-0122,28,Brazil Presidential Election First Round: 2nd Place,Brazil Presidential Election First Round: 2nd Place — Renan Santos,Brazil Presidential Election First Round: 2nd Place,Brazil Presidential Election First Round: 2nd Place Renan Santos,Brazil,brazil_presidential,presidential_two_round,brazil_first_round_second_place_2026,tracked,brazil_core,multi_outcome_contract,2,Renan Santos,TODO_VERIFY,brazil-presidential-election-first-round-2nd-place-renan-santos,brazil-presidential-election-first-round-2nd-place,First-round second-place market; important runoff-composition signal.,needs_slug_clob_verification,appears_strong_from_paste,appears_clear_from_paste,Expanded to all visible candidate outcomes.,,,,,,,,,,,,,,,,,,,,,,,,
123,RSO-0123,28,Brazil Presidential Election First Round: 2nd Place,Brazil Presidential Election First Round: 2nd Place — Luiz Inácio Lula da Silva,Brazil Presidential Election First Round: 2nd Place,Brazil Presidential Election First Round: 2nd Place Luiz Inácio Lula da Silva,Brazil,brazil_presidential,presidential_two_round,brazil_first_round_second_place_2026,tracked,brazil_core,multi_outcome_contract,3,Luiz Inácio Lula da Silva,TODO_VERIFY,brazil-presidential-election-first-round-2nd-place-luiz-in-cio-lula-da-silva,brazil-presidential-election-first-round-2nd-place,First-round second-place market; important runoff-composition signal.,needs_slug_clob_verification,appears_strong_from_paste,appears_clear_from_paste,Expanded to all visible candidate outcomes.,,,,,,,,,,,,,,,,,,,,,,,,
124,RSO-0124,28,Brazil Presidential Election First Round: 2nd Place,Brazil Presidential Election First Round: 2nd Place — Romeu Zema,Brazil Presidential Election First Round: 2nd Place,Brazil Presidential Election First Round: 2nd Place Romeu Zema,Brazil,brazil_presidential,presidential_two_round,brazil_first_round_second_place_2026,tracked,brazil_core,multi_outcome_contract,4,Romeu Zema,TODO_VERIFY,brazil-presidential-election-first-round-2nd-place-romeu-zema,brazil-presidential-election-first-round-2nd-place,First-round second-place market; important runoff-composition signal.,needs_slug_clob_verification,appears_strong_from_paste,appears_clear_from_paste,Expanded to all visible candidate outcomes.,,,,,,,,,,,,,,,,,,,,,,,,
125,RSO-0125,28,Brazil Presidential Election First Round: 2nd Place,Brazil Presidential Election First Round: 2nd Place — Michelle Bolsonaro,Brazil Presidential Election First Round: 2nd Place,Brazil Presidential Election First Round: 2nd Place Michelle Bolsonaro,Brazil,brazil_presidential,presidential_two_round,brazil_first_round_second_place_2026,tracked,brazil_core,multi_outcome_contract,5,Michelle Bolsonaro,TODO_VERIFY,brazil-presidential-election-first-round-2nd-place-michelle-bolsonaro,brazil-presidential-election-first-round-2nd-place,First-round second-place market; important runoff-composition signal.,needs_slug_clob_verification,appears_strong_from_paste,appears_clear_from_paste,Expanded to all visible candidate outcomes.,,,,,,,,,,,,,,,,,,,,,,,,
126,RSO-0126,28,Brazil Presidential Election First Round: 2nd Place,Brazil Presidential Election First Round: 2nd Place — Fernando Haddad,Brazil Presidential Election First Round: 2nd Place,Brazil Presidential Election First Round: 2nd Place Fernando Haddad,Brazil,brazil_presidential,presidential_two_round,brazil_first_round_second_place_2026,tracked,brazil_core,multi_outcome_contract,6,Fernando Haddad,TODO_VERIFY,brazil-presidential-election-first-round-2nd-place-fernando-haddad,brazil-presidential-election-first-round-2nd-place,First-round second-place market; important runoff-composition signal.,needs_slug_clob_verification,appears_strong_from_paste,appears_clear_from_paste,Expanded to all visible candidate outcomes.,,,,,,,,,,,,,,,,,,,,,,,,
127,RSO-0127,28,Brazil Presidential Election First Round: 2nd Place,Brazil Presidential Election First Round: 2nd Place — Camilo Santana,Brazil Presidential Election First Round: 2nd Place,Brazil Presidential Election First Round: 2nd Place Camilo Santana,Brazil,brazil_presidential,presidential_two_round,brazil_first_round_second_place_2026,tracked,brazil_core,multi_outcome_contract,7,Camilo Santana,TODO_VERIFY,brazil-presidential-election-first-round-2nd-place-camilo-santana,brazil-presidential-election-first-round-2nd-place,First-round second-place market; important runoff-composition signal.,needs_slug_clob_verification,appears_strong_from_paste,appears_clear_from_paste,Expanded to all visible candidate outcomes.,,,,,,,,,,,,,,,,,,,,,,,,
128,RSO-0128,28,Brazil Presidential Election First Round: 2nd Place,Brazil Presidential Election First Round: 2nd Place — Ronaldo Caiado,Brazil Presidential Election First Round: 2nd Place,Brazil Presidential Election First Round: 2nd Place Ronaldo Caiado,Brazil,brazil_presidential,presidential_two_round,brazil_first_round_second_place_2026,tracked,brazil_core,multi_outcome_contract,8,Ronaldo Caiado,TODO_VERIFY,brazil-presidential-election-first-round-2nd-place-ronaldo-caiado,brazil-presidential-election-first-round-2nd-place,First-round second-place market; important runoff-composition signal.,needs_slug_clob_verification,appears_strong_from_paste,appears_clear_from_paste,Expanded to all visible candidate outcomes.,,,,,,,,,,,,,,,,,,,,,,,,
129,RSO-0129,28,Brazil Presidential Election First Round: 2nd Place,Brazil Presidential Election First Round: 2nd Place — Geraldo Alckmin,Brazil Presidential Election First Round: 2nd Place,Brazil Presidential Election First Round: 2nd Place Geraldo Alckmin,Brazil,brazil_presidential,presidential_two_round,brazil_first_round_second_place_2026,tracked,brazil_core,multi_outcome_contract,9,Geraldo Alckmin,TODO_VERIFY,brazil-presidential-election-first-round-2nd-place-geraldo-alckmin,brazil-presidential-election-first-round-2nd-place,First-round second-place market; important runoff-composition signal.,needs_slug_clob_verification,appears_strong_from_paste,appears_clear_from_paste,Expanded to all visible candidate outcomes.,,,,,,,,,,,,,,,,,,,,,,,,
130,RSO-0130,28,Brazil Presidential Election First Round: 2nd Place,Brazil Presidential Election First Round: 2nd Place — Tereza Cristina,Brazil Presidential Election First Round: 2nd Place,Brazil Presidential Election First Round: 2nd Place Tereza Cristina,Brazil,brazil_presidential,presidential_two_round,brazil_first_round_second_place_2026,tracked,brazil_core,multi_outcome_contract,10,Tereza Cristina,TODO_VERIFY,brazil-presidential-election-first-round-2nd-place-tereza-cristina,brazil-presidential-election-first-round-2nd-place,First-round second-place market; important runoff-composition signal.,needs_slug_clob_verification,appears_strong_from_paste,appears_clear_from_paste,Expanded to all visible candidate outcomes.,,,,,,,,,,,,,,,,,,,,,,,,
131,RSO-0131,28,Brazil Presidential Election First Round: 2nd Place,Brazil Presidential Election First Round: 2nd Place — Jair Bolsonaro,Brazil Presidential Election First Round: 2nd Place,Brazil Presidential Election First Round: 2nd Place Jair Bolsonaro,Brazil,brazil_presidential,presidential_two_round,brazil_first_round_second_place_2026,tracked,brazil_core,multi_outcome_contract,11,Jair Bolsonaro,TODO_VERIFY,brazil-presidential-election-first-round-2nd-place-jair-bolsonaro,brazil-presidential-election-first-round-2nd-place,First-round second-place market; important runoff-composition signal.,needs_slug_clob_verification,appears_strong_from_paste,appears_clear_from_paste,Expanded to all visible candidate outcomes.,,,,,,,,,,,,,,,,,,,,,,,,
132,RSO-0132,28,Brazil Presidential Election First Round: 2nd Place,Brazil Presidential Election First Round: 2nd Place — Ratinho Júnior,Brazil Presidential Election First Round: 2nd Place,Brazil Presidential Election First Round: 2nd Place Ratinho Júnior,Brazil,brazil_presidential,presidential_two_round,brazil_first_round_second_place_2026,tracked,brazil_core,multi_outcome_contract,12,Ratinho Júnior,TODO_VERIFY,brazil-presidential-election-first-round-2nd-place-ratinho-j-nior,brazil-presidential-election-first-round-2nd-place,First-round second-place market; important runoff-composition signal.,needs_slug_clob_verification,appears_strong_from_paste,appears_clear_from_paste,Expanded to all visible candidate outcomes.,,,,,,,,,,,,,,,,,,,,,,,,
133,RSO-0133,28,Brazil Presidential Election First Round: 2nd Place,Brazil Presidential Election First Round: 2nd Place — Eduardo Bolsonaro,Brazil Presidential Election First Round: 2nd Place,Brazil Presidential Election First Round: 2nd Place Eduardo Bolsonaro,Brazil,brazil_presidential,presidential_two_round,brazil_first_round_second_place_2026,tracked,brazil_core,multi_outcome_contract,13,Eduardo Bolsonaro,TODO_VERIFY,brazil-presidential-election-first-round-2nd-place-eduardo-bolsonaro,brazil-presidential-election-first-round-2nd-place,First-round second-place market; important runoff-composition signal.,needs_slug_clob_verification,appears_strong_from_paste,appears_clear_from_paste,Expanded to all visible candidate outcomes.,,,,,,,,,,,,,,,,,,,,,,,,
134,RSO-0134,28,Brazil Presidential Election First Round: 2nd Place,Brazil Presidential Election First Round: 2nd Place — Aldo Rebelo,Brazil Presidential Election First Round: 2nd Place,Brazil Presidential Election First Round: 2nd Place Aldo Rebelo,Brazil,brazil_presidential,presidential_two_round,brazil_first_round_second_place_2026,tracked,brazil_core,multi_outcome_contract,14,Aldo Rebelo,TODO_VERIFY,brazil-presidential-election-first-round-2nd-place-aldo-rebelo,brazil-presidential-election-first-round-2nd-place,First-round second-place market; important runoff-composition signal.,needs_slug_clob_verification,appears_strong_from_paste,appears_clear_from_paste,Expanded to all visible candidate outcomes.,,,,,,,,,,,,,,,,,,,,,,,,
135,RSO-0135,28,Brazil Presidential Election First Round: 2nd Place,Brazil Presidential Election First Round: 2nd Place — Tarcisio de Freitas,Brazil Presidential Election First Round: 2nd Place,Brazil Presidential Election First Round: 2nd Place Tarcisio de Freitas,Brazil,brazil_presidential,presidential_two_round,brazil_first_round_second_place_2026,tracked,brazil_core,multi_outcome_contract,15,Tarcisio de Freitas,TODO_VERIFY,brazil-presidential-election-first-round-2nd-place-tarcisio-de-freitas,brazil-presidential-election-first-round-2nd-place,First-round second-place market; important runoff-composition signal.,needs_slug_clob_verification,appears_strong_from_paste,appears_clear_from_paste,Expanded to all visible candidate outcomes.,,,,,,,,,,,,,,,,,,,,,,,,
136,RSO-0136,28,Brazil Presidential Election First Round: 2nd Place,Brazil Presidential Election First Round: 2nd Place — Eduardo Leite,Brazil Presidential Election First Round: 2nd Place,Brazil Presidential Election First Round: 2nd Place Eduardo Leite,Brazil,brazil_presidential,presidential_two_round,brazil_first_round_second_place_2026,tracked,brazil_core,multi_outcome_contract,16,Eduardo Leite,TODO_VERIFY,brazil-presidential-election-first-round-2nd-place-eduardo-leite,brazil-presidential-election-first-round-2nd-place,First-round second-place market; important runoff-composition signal.,needs_slug_clob_verification,appears_strong_from_paste,appears_clear_from_paste,Expanded to all visible candidate outcomes.,,,,,,,,,,,,,,,,,,,,,,,,
137,RSO-0137,28,Brazil Presidential Election First Round: 2nd Place,Brazil Presidential Election First Round: 2nd Place — Helder Barbalho,Brazil Presidential Election First Round: 2nd Place,Brazil Presidential Election First Round: 2nd Place Helder Barbalho,Brazil,brazil_presidential,presidential_two_round,brazil_first_round_second_place_2026,tracked,brazil_core,multi_outcome_contract,17,Helder Barbalho,TODO_VERIFY,brazil-presidential-election-first-round-2nd-place-helder-barbalho,brazil-presidential-election-first-round-2nd-place,First-round second-place market; important runoff-composition signal.,needs_slug_clob_verification,appears_strong_from_paste,appears_clear_from_paste,Expanded to all visible candidate outcomes.,,,,,,,,,,,,,,,,,,,,,,,,
138,RSO-0138,29,Brazil Presidential Election First Round: 3rd Place,Brazil Presidential Election First Round: 3rd Place — Renan Santos,Brazil Presidential Election First Round: 3rd Place,Brazil Presidential Election First Round: 3rd Place Renan Santos,Brazil,brazil_presidential,presidential_two_round,brazil_first_round_third_place_2026,tracked,brazil_core,multi_outcome_contract,1,Renan Santos,TODO_VERIFY,brazil-presidential-election-first-round-3rd-place-renan-santos,brazil-presidential-election-first-round-3rd-place,First-round third-place market; tests field fragmentation beyond Lula/Flávio.,needs_slug_clob_verification,appears_strong_from_paste,appears_clear_from_paste,Expanded to all visible candidate outcomes.,,,,,,,,,,,,,,,,,,,,,,,,
139,RSO-0139,29,Brazil Presidential Election First Round: 3rd Place,Brazil Presidential Election First Round: 3rd Place — Ronaldo Caiado,Brazil Presidential Election First Round: 3rd Place,Brazil Presidential Election First Round: 3rd Place Ronaldo Caiado,Brazil,brazil_presidential,presidential_two_round,brazil_first_round_third_place_2026,tracked,brazil_core,multi_outcome_contract,2,Ronaldo Caiado,TODO_VERIFY,brazil-presidential-election-first-round-3rd-place-ronaldo-caiado,brazil-presidential-election-first-round-3rd-place,First-round third-place market; tests field fragmentation beyond Lula/Flávio.,needs_slug_clob_verification,appears_strong_from_paste,appears_clear_from_paste,Expanded to all visible candidate outcomes.,,,,,,,,,,,,,,,,,,,,,,,,
140,RSO-0140,29,Brazil Presidential Election First Round: 3rd Place,Brazil Presidential Election First Round: 3rd Place — Romeu Zema,Brazil Presidential Election First Round: 3rd Place,Brazil Presidential Election First Round: 3rd Place Romeu Zema,Brazil,brazil_presidential,presidential_two_round,brazil_first_round_third_place_2026,tracked,brazil_core,multi_outcome_contract,3,Romeu Zema,TODO_VERIFY,brazil-presidential-election-first-round-3rd-place-romeu-zema,brazil-presidential-election-first-round-3rd-place,First-round third-place market; tests field fragmentation beyond Lula/Flávio.,needs_slug_clob_verification,appears_strong_from_paste,appears_clear_from_paste,Expanded to all visible candidate outcomes.,,,,,,,,,,,,,,,,,,,,,,,,
141,RSO-0141,29,Brazil Presidential Election First Round: 3rd Place,Brazil Presidential Election First Round: 3rd Place — Flávio Bolsonaro,Brazil Presidential Election First Round: 3rd Place,Brazil Presidential Election First Round: 3rd Place Flávio Bolsonaro,Brazil,brazil_presidential,presidential_two_round,brazil_first_round_third_place_2026,tracked,brazil_core,multi_outcome_contract,4,Flávio Bolsonaro,TODO_VERIFY,brazil-presidential-election-first-round-3rd-place-fl-vio-bolsonaro,brazil-presidential-election-first-round-3rd-place,First-round third-place market; tests field fragmentation beyond Lula/Flávio.,needs_slug_clob_verification,appears_strong_from_paste,appears_clear_from_paste,Expanded to all visible candidate outcomes.,,,,,,,,,,,,,,,,,,,,,,,,
142,RSO-0142,29,Brazil Presidential Election First Round: 3rd Place,Brazil Presidential Election First Round: 3rd Place — Fernando Haddad,Brazil Presidential Election First Round: 3rd Place,Brazil Presidential Election First Round: 3rd Place Fernando Haddad,Brazil,brazil_presidential,presidential_two_round,brazil_first_round_third_place_2026,tracked,brazil_core,multi_outcome_contract,5,Fernando Haddad,TODO_VERIFY,brazil-presidential-election-first-round-3rd-place-fernando-haddad,brazil-presidential-election-first-round-3rd-place,First-round third-place market; tests field fragmentation beyond Lula/Flávio.,needs_slug_clob_verification,appears_strong_from_paste,appears_clear_from_paste,Expanded to all visible candidate outcomes.,,,,,,,,,,,,,,,,,,,,,,,,
143,RSO-0143,29,Brazil Presidential Election First Round: 3rd Place,Brazil Presidential Election First Round: 3rd Place — Michelle Bolsonaro,Brazil Presidential Election First Round: 3rd Place,Brazil Presidential Election First Round: 3rd Place Michelle Bolsonaro,Brazil,brazil_presidential,presidential_two_round,brazil_first_round_third_place_2026,tracked,brazil_core,multi_outcome_contract,6,Michelle Bolsonaro,TODO_VERIFY,brazil-presidential-election-first-round-3rd-place-michelle-bolsonaro,brazil-presidential-election-first-round-3rd-place,First-round third-place market; tests field fragmentation beyond Lula/Flávio.,needs_slug_clob_verification,appears_strong_from_paste,appears_clear_from_paste,Expanded to all visible candidate outcomes.,,,,,,,,,,,,,,,,,,,,,,,,
144,RSO-0144,29,Brazil Presidential Election First Round: 3rd Place,Brazil Presidential Election First Round: 3rd Place — Luiz Inácio Lula da Silva,Brazil Presidential Election First Round: 3rd Place,Brazil Presidential Election First Round: 3rd Place Luiz Inácio Lula da Silva,Brazil,brazil_presidential,presidential_two_round,brazil_first_round_third_place_2026,tracked,brazil_core,multi_outcome_contract,7,Luiz Inácio Lula da Silva,TODO_VERIFY,brazil-presidential-election-first-round-3rd-place-luiz-in-cio-lula-da-silva,brazil-presidential-election-first-round-3rd-place,First-round third-place market; tests field fragmentation beyond Lula/Flávio.,needs_slug_clob_verification,appears_strong_from_paste,appears_clear_from_paste,Expanded to all visible candidate outcomes.,,,,,,,,,,,,,,,,,,,,,,,,
145,RSO-0145,29,Brazil Presidential Election First Round: 3rd Place,Brazil Presidential Election First Round: 3rd Place — Camilo Santana,Brazil Presidential Election First Round: 3rd Place,Brazil Presidential Election First Round: 3rd Place Camilo Santana,Brazil,brazil_presidential,presidential_two_round,brazil_first_round_third_place_2026,tracked,brazil_core,multi_outcome_contract,8,Camilo Santana,TODO_VERIFY,brazil-presidential-election-first-round-3rd-place-camilo-santana,brazil-presidential-election-first-round-3rd-place,First-round third-place market; tests field fragmentation beyond Lula/Flávio.,needs_slug_clob_verification,appears_strong_from_paste,appears_clear_from_paste,Expanded to all visible candidate outcomes.,,,,,,,,,,,,,,,,,,,,,,,,
146,RSO-0146,29,Brazil Presidential Election First Round: 3rd Place,Brazil Presidential Election First Round: 3rd Place — Eduardo Bolsonaro,Brazil Presidential Election First Round: 3rd Place,Brazil Presidential Election First Round: 3rd Place Eduardo Bolsonaro,Brazil,brazil_presidential,presidential_two_round,brazil_first_round_third_place_2026,tracked,brazil_core,multi_outcome_contract,9,Eduardo Bolsonaro,TODO_VERIFY,brazil-presidential-election-first-round-3rd-place-eduardo-bolsonaro,brazil-presidential-election-first-round-3rd-place,First-round third-place market; tests field fragmentation beyond Lula/Flávio.,needs_slug_clob_verification,appears_strong_from_paste,appears_clear_from_paste,Expanded to all visible candidate outcomes.,,,,,,,,,,,,,,,,,,,,,,,,
147,RSO-0147,29,Brazil Presidential Election First Round: 3rd Place,Brazil Presidential Election First Round: 3rd Place — Aldo Rebelo,Brazil Presidential Election First Round: 3rd Place,Brazil Presidential Election First Round: 3rd Place Aldo Rebelo,Brazil,brazil_presidential,presidential_two_round,brazil_first_round_third_place_2026,tracked,brazil_core,multi_outcome_contract,10,Aldo Rebelo,TODO_VERIFY,brazil-presidential-election-first-round-3rd-place-aldo-rebelo,brazil-presidential-election-first-round-3rd-place,First-round third-place market; tests field fragmentation beyond Lula/Flávio.,needs_slug_clob_verification,appears_strong_from_paste,appears_clear_from_paste,Expanded to all visible candidate outcomes.,,,,,,,,,,,,,,,,,,,,,,,,
148,RSO-0148,29,Brazil Presidential Election First Round: 3rd Place,Brazil Presidential Election First Round: 3rd Place — Tarcisio de Freitas,Brazil Presidential Election First Round: 3rd Place,Brazil Presidential Election First Round: 3rd Place Tarcisio de Freitas,Brazil,brazil_presidential,presidential_two_round,brazil_first_round_third_place_2026,tracked,brazil_core,multi_outcome_contract,11,Tarcisio de Freitas,TODO_VERIFY,brazil-presidential-election-first-round-3rd-place-tarcisio-de-freitas,brazil-presidential-election-first-round-3rd-place,First-round third-place market; tests field fragmentation beyond Lula/Flávio.,needs_slug_clob_verification,appears_strong_from_paste,appears_clear_from_paste,Expanded to all visible candidate outcomes.,,,,,,,,,,,,,,,,,,,,,,,,
149,RSO-0149,29,Brazil Presidential Election First Round: 3rd Place,Brazil Presidential Election First Round: 3rd Place — Jair Bolsonaro,Brazil Presidential Election First Round: 3rd Place,Brazil Presidential Election First Round: 3rd Place Jair Bolsonaro,Brazil,brazil_presidential,presidential_two_round,brazil_first_round_third_place_2026,tracked,brazil_core,multi_outcome_contract,12,Jair Bolsonaro,TODO_VERIFY,brazil-presidential-election-first-round-3rd-place-jair-bolsonaro,brazil-presidential-election-first-round-3rd-place,First-round third-place market; tests field fragmentation beyond Lula/Flávio.,needs_slug_clob_verification,appears_strong_from_paste,appears_clear_from_paste,Expanded to all visible candidate outcomes.,,,,,,,,,,,,,,,,,,,,,,,,
150,RSO-0150,29,Brazil Presidential Election First Round: 3rd Place,Brazil Presidential Election First Round: 3rd Place — Ratinho Júnior,Brazil Presidential Election First Round: 3rd Place,Brazil Presidential Election First Round: 3rd Place Ratinho Júnior,Brazil,brazil_presidential,presidential_two_round,brazil_first_round_third_place_2026,tracked,brazil_core,multi_outcome_contract,13,Ratinho Júnior,TODO_VERIFY,brazil-presidential-election-first-round-3rd-place-ratinho-j-nior,brazil-presidential-election-first-round-3rd-place,First-round third-place market; tests field fragmentation beyond Lula/Flávio.,needs_slug_clob_verification,appears_strong_from_paste,appears_clear_from_paste,Expanded to all visible candidate outcomes.,,,,,,,,,,,,,,,,,,,,,,,,
151,RSO-0151,29,Brazil Presidential Election First Round: 3rd Place,Brazil Presidential Election First Round: 3rd Place — Geraldo Alckmin,Brazil Presidential Election First Round: 3rd Place,Brazil Presidential Election First Round: 3rd Place Geraldo Alckmin,Brazil,brazil_presidential,presidential_two_round,brazil_first_round_third_place_2026,tracked,brazil_core,multi_outcome_contract,14,Geraldo Alckmin,TODO_VERIFY,brazil-presidential-election-first-round-3rd-place-geraldo-alckmin,brazil-presidential-election-first-round-3rd-place,First-round third-place market; tests field fragmentation beyond Lula/Flávio.,needs_slug_clob_verification,appears_strong_from_paste,appears_clear_from_paste,Expanded to all visible candidate outcomes.,,,,,,,,,,,,,,,,,,,,,,,,
152,RSO-0152,29,Brazil Presidential Election First Round: 3rd Place,Brazil Presidential Election First Round: 3rd Place — Tereza Cristina,Brazil Presidential Election First Round: 3rd Place,Brazil Presidential Election First Round: 3rd Place Tereza Cristina,Brazil,brazil_presidential,presidential_two_round,brazil_first_round_third_place_2026,tracked,brazil_core,multi_outcome_contract,15,Tereza Cristina,TODO_VERIFY,brazil-presidential-election-first-round-3rd-place-tereza-cristina,brazil-presidential-election-first-round-3rd-place,First-round third-place market; tests field fragmentation beyond Lula/Flávio.,needs_slug_clob_verification,appears_strong_from_paste,appears_clear_from_paste,Expanded to all visible candidate outcomes.,,,,,,,,,,,,,,,,,,,,,,,,
153,RSO-0153,29,Brazil Presidential Election First Round: 3rd Place,Brazil Presidential Election First Round: 3rd Place — Eduardo Leite,Brazil Presidential Election First Round: 3rd Place,Brazil Presidential Election First Round: 3rd Place Eduardo Leite,Brazil,brazil_presidential,presidential_two_round,brazil_first_round_third_place_2026,tracked,brazil_core,multi_outcome_contract,16,Eduardo Leite,TODO_VERIFY,brazil-presidential-election-first-round-3rd-place-eduardo-leite,brazil-presidential-election-first-round-3rd-place,First-round third-place market; tests field fragmentation beyond Lula/Flávio.,needs_slug_clob_verification,appears_strong_from_paste,appears_clear_from_paste,Expanded to all visible candidate outcomes.,,,,,,,,,,,,,,,,,,,,,,,,
154,RSO-0154,29,Brazil Presidential Election First Round: 3rd Place,Brazil Presidential Election First Round: 3rd Place — Helder Barbalho,Brazil Presidential Election First Round: 3rd Place,Brazil Presidential Election First Round: 3rd Place Helder Barbalho,Brazil,brazil_presidential,presidential_two_round,brazil_first_round_third_place_2026,tracked,brazil_core,multi_outcome_contract,17,Helder Barbalho,TODO_VERIFY,brazil-presidential-election-first-round-3rd-place-helder-barbalho,brazil-presidential-election-first-round-3rd-place,First-round third-place market; tests field fragmentation beyond Lula/Flávio.,needs_slug_clob_verification,appears_strong_from_paste,appears_clear_from_paste,Expanded to all visible candidate outcomes.,,,,,,,,,,,,,,,,,,,,,,,,
155,RSO-0155,30,São Paulo Governor Election Winner,São Paulo Governor Election Winner — Tarcísio de Freitas,São Paulo Governor Election Winner,São Paulo Governor Election Winner Tarcísio de Freitas,Brazil,brazil_state,state_governor_two_round,sao_paulo_governor_2026,tracked,brazil_core,multi_outcome_contract,1,Tarcísio de Freitas,TODO_VERIFY,s-o-paulo-governor-election-winner-tarc-sio-de-freitas,sao-paulo-governor-election-winner,Brazil state-level governor market; diversifies Brazil away from only presidential markets.,needs_slug_clob_verification,appears_ok_from_paste,appears_clear_from_paste,Expanded to all visible candidate outcomes.,,,,,,,,,,,,,,,,,,,,,,,,
156,RSO-0156,30,São Paulo Governor Election Winner,São Paulo Governor Election Winner — Fernando Haddad,São Paulo Governor Election Winner,São Paulo Governor Election Winner Fernando Haddad,Brazil,brazil_state,state_governor_two_round,sao_paulo_governor_2026,tracked,brazil_core,multi_outcome_contract,2,Fernando Haddad,TODO_VERIFY,s-o-paulo-governor-election-winner-fernando-haddad,sao-paulo-governor-election-winner,Brazil state-level governor market; diversifies Brazil away from only presidential markets.,needs_slug_clob_verification,appears_ok_from_paste,appears_clear_from_paste,Expanded to all visible candidate outcomes.,,,,,,,,,,,,,,,,,,,,,,,,
157,RSO-0157,30,São Paulo Governor Election Winner,São Paulo Governor Election Winner — Kim Kataguiri,São Paulo Governor Election Winner,São Paulo Governor Election Winner Kim Kataguiri,Brazil,brazil_state,state_governor_two_round,sao_paulo_governor_2026,tracked,brazil_core,multi_outcome_contract,3,Kim Kataguiri,TODO_VERIFY,s-o-paulo-governor-election-winner-kim-kataguiri,sao-paulo-governor-election-winner,Brazil state-level governor market; diversifies Brazil away from only presidential markets.,needs_slug_clob_verification,appears_ok_from_paste,appears_clear_from_paste,Expanded to all visible candidate outcomes.,,,,,,,,,,,,,,,,,,,,,,,,
158,RSO-0158,30,São Paulo Governor Election Winner,São Paulo Governor Election Winner — Márcio França,São Paulo Governor Election Winner,São Paulo Governor Election Winner Márcio França,Brazil,brazil_state,state_governor_two_round,sao_paulo_governor_2026,tracked,brazil_core,multi_outcome_contract,4,Márcio França,TODO_VERIFY,s-o-paulo-governor-election-winner-m-rcio-fran-a,sao-paulo-governor-election-winner,Brazil state-level governor market; diversifies Brazil away from only presidential markets.,needs_slug_clob_verification,appears_ok_from_paste,appears_clear_from_paste,Expanded to all visible candidate outcomes.,,,,,,,,,,,,,,,,,,,,,,,,
159,RSO-0159,30,São Paulo Governor Election Winner,São Paulo Governor Election Winner — Erika Hilton,São Paulo Governor Election Winner,São Paulo Governor Election Winner Erika Hilton,Brazil,brazil_state,state_governor_two_round,sao_paulo_governor_2026,tracked,brazil_core,multi_outcome_contract,5,Erika Hilton,TODO_VERIFY,s-o-paulo-governor-election-winner-erika-hilton,sao-paulo-governor-election-winner,Brazil state-level governor market; diversifies Brazil away from only presidential markets.,needs_slug_clob_verification,appears_ok_from_paste,appears_clear_from_paste,Expanded to all visible candidate outcomes.,,,,,,,,,,,,,,,,,,,,,,,,
160,RSO-0160,31,Next Prime Minister of Sweden,Next Prime Minister of Sweden — Magdalena Andersson,Next Prime Minister of Sweden,Next Prime Minister of Sweden Magdalena Andersson,Sweden,global_satellite,parliamentary_coalition,sweden_pm_2026,tracked,global_satellite,multi_outcome_contract,1,Magdalena Andersson,TODO_VERIFY,next-prime-minister-of-sweden-magdalena-andersson,next-prime-minister-of-sweden,Parliamentary/coalition satellite market; tests PM outcome vs party-seat outcome.,needs_slug_clob_verification,appears_strong_from_paste,appears_clear_from_paste,Expanded to all visible PM outcomes.,,,,,,,,,,,,,,,,,,,,,,,,
161,RSO-0161,31,Next Prime Minister of Sweden,Next Prime Minister of Sweden — Ulf Kristersson,Next Prime Minister of Sweden,Next Prime Minister of Sweden Ulf Kristersson,Sweden,global_satellite,parliamentary_coalition,sweden_pm_2026,tracked,global_satellite,multi_outcome_contract,2,Ulf Kristersson,TODO_VERIFY,next-prime-minister-of-sweden-ulf-kristersson,next-prime-minister-of-sweden,Parliamentary/coalition satellite market; tests PM outcome vs party-seat outcome.,needs_slug_clob_verification,appears_strong_from_paste,appears_clear_from_paste,Expanded to all visible PM outcomes.,,,,,,,,,,,,,,,,,,,,,,,,
162,RSO-0162,31,Next Prime Minister of Sweden,Next Prime Minister of Sweden — Jimmie Åkesson,Next Prime Minister of Sweden,Next Prime Minister of Sweden Jimmie Åkesson,Sweden,global_satellite,parliamentary_coalition,sweden_pm_2026,tracked,global_satellite,multi_outcome_contract,3,Jimmie Åkesson,TODO_VERIFY,next-prime-minister-of-sweden-jimmie-kesson,next-prime-minister-of-sweden,Parliamentary/coalition satellite market; tests PM outcome vs party-seat outcome.,needs_slug_clob_verification,appears_strong_from_paste,appears_clear_from_paste,Expanded to all visible PM outcomes.,,,,,,,,,,,,,,,,,,,,,,,,
163,RSO-0163,31,Next Prime Minister of Sweden,Next Prime Minister of Sweden — Ebba Busch,Next Prime Minister of Sweden,Next Prime Minister of Sweden Ebba Busch,Sweden,global_satellite,parliamentary_coalition,sweden_pm_2026,tracked,global_satellite,multi_outcome_contract,4,Ebba Busch,TODO_VERIFY,next-prime-minister-of-sweden-ebba-busch,next-prime-minister-of-sweden,Parliamentary/coalition satellite market; tests PM outcome vs party-seat outcome.,needs_slug_clob_verification,appears_strong_from_paste,appears_clear_from_paste,Expanded to all visible PM outcomes.,,,,,,,,,,,,,,,,,,,,,,,,
164,RSO-0164,31,Next Prime Minister of Sweden,Next Prime Minister of Sweden — Anna-Karin Hatt,Next Prime Minister of Sweden,Next Prime Minister of Sweden Anna-Karin Hatt,Sweden,global_satellite,parliamentary_coalition,sweden_pm_2026,tracked,global_satellite,multi_outcome_contract,5,Anna-Karin Hatt,TODO_VERIFY,next-prime-minister-of-sweden-anna-karin-hatt,next-prime-minister-of-sweden,Parliamentary/coalition satellite market; tests PM outcome vs party-seat outcome.,needs_slug_clob_verification,appears_strong_from_paste,appears_clear_from_paste,Expanded to all visible PM outcomes.,,,,,,,,,,,,,,,,,,,,,,,,
165,RSO-0165,31,Next Prime Minister of Sweden,Next Prime Minister of Sweden — Nooshi Dadgostar,Next Prime Minister of Sweden,Next Prime Minister of Sweden Nooshi Dadgostar,Sweden,global_satellite,parliamentary_coalition,sweden_pm_2026,tracked,global_satellite,multi_outcome_contract,6,Nooshi Dadgostar,TODO_VERIFY,next-prime-minister-of-sweden-nooshi-dadgostar,next-prime-minister-of-sweden,Parliamentary/coalition satellite market; tests PM outcome vs party-seat outcome.,needs_slug_clob_verification,appears_strong_from_paste,appears_clear_from_paste,Expanded to all visible PM outcomes.,,,,,,,,,,,,,,,,,,,,,,,,
166,RSO-0166,31,Next Prime Minister of Sweden,Next Prime Minister of Sweden — Amanda Lind,Next Prime Minister of Sweden,Next Prime Minister of Sweden Amanda Lind,Sweden,global_satellite,parliamentary_coalition,sweden_pm_2026,tracked,global_satellite,multi_outcome_contract,7,Amanda Lind,TODO_VERIFY,next-prime-minister-of-sweden-amanda-lind,next-prime-minister-of-sweden,Parliamentary/coalition satellite market; tests PM outcome vs party-seat outcome.,needs_slug_clob_verification,appears_strong_from_paste,appears_clear_from_paste,Expanded to all visible PM outcomes.,,,,,,,,,,,,,,,,,,,,,,,,
167,RSO-0167,31,Next Prime Minister of Sweden,Next Prime Minister of Sweden — Simona Mohamsson,Next Prime Minister of Sweden,Next Prime Minister of Sweden Simona Mohamsson,Sweden,global_satellite,parliamentary_coalition,sweden_pm_2026,tracked,global_satellite,multi_outcome_contract,8,Simona Mohamsson,TODO_VERIFY,next-prime-minister-of-sweden-simona-mohamsson,next-prime-minister-of-sweden,Parliamentary/coalition satellite market; tests PM outcome vs party-seat outcome.,needs_slug_clob_verification,appears_strong_from_paste,appears_clear_from_paste,Expanded to all visible PM outcomes.,,,,,,,,,,,,,,,,,,,,,,,,
168,RSO-0168,31,Next Prime Minister of Sweden,Next Prime Minister of Sweden — Daniel Helldén,Next Prime Minister of Sweden,Next Prime Minister of Sweden Daniel Helldén,Sweden,global_satellite,parliamentary_coalition,sweden_pm_2026,tracked,global_satellite,multi_outcome_contract,9,Daniel Helldén,TODO_VERIFY,next-prime-minister-of-sweden-daniel-helld-n,next-prime-minister-of-sweden,Parliamentary/coalition satellite market; tests PM outcome vs party-seat outcome.,needs_slug_clob_verification,appears_strong_from_paste,appears_clear_from_paste,Expanded to all visible PM outcomes.,,,,,,,,,,,,,,,,,,,,,,,,
169,RSO-0169,31,Next Prime Minister of Sweden,Next Prime Minister of Sweden — Elisabeth Thand Ringqvist,Next Prime Minister of Sweden,Next Prime Minister of Sweden Elisabeth Thand Ringqvist,Sweden,global_satellite,parliamentary_coalition,sweden_pm_2026,tracked,global_satellite,multi_outcome_contract,10,Elisabeth Thand Ringqvist,TODO_VERIFY,next-prime-minister-of-sweden-elisabeth-thand-ringqvist,next-prime-minister-of-sweden,Parliamentary/coalition satellite market; tests PM outcome vs party-seat outcome.,needs_slug_clob_verification,appears_strong_from_paste,appears_clear_from_paste,Expanded to all visible PM outcomes.,,,,,,,,,,,,,,,,,,,,,,,,
170,RSO-0170,32,Sweden Parliamentary Election Winner,Sweden Parliamentary Election Winner — Swedish Social Democratic Party (S),Sweden Parliamentary Election Winner,Sweden Parliamentary Election Winner Swedish Social Democratic Party (S),Sweden,global_satellite,parliamentary_coalition,sweden_most_seats_2026,tracked,global_satellite,multi_outcome_contract,1,Swedish Social Democratic Party (S),TODO_VERIFY,sweden-parliamentary-election-winner-swedish-social-democratic-party-s,sweden-parliamentary-election-winner,Most-seats counterpart to Sweden PM market.,needs_slug_clob_verification,appears_strong_from_paste,appears_clear_from_paste,Expanded to visible party outcomes; resolver may reveal more parties.,,,,,,,,,,,,,,,,,,,,,,,,
171,RSO-0171,32,Sweden Parliamentary Election Winner,Sweden Parliamentary Election Winner — Sweden Democrats (SD),Sweden Parliamentary Election Winner,Sweden Parliamentary Election Winner Sweden Democrats (SD),Sweden,global_satellite,parliamentary_coalition,sweden_most_seats_2026,tracked,global_satellite,multi_outcome_contract,2,Sweden Democrats (SD),TODO_VERIFY,sweden-parliamentary-election-winner-sweden-democrats-sd,sweden-parliamentary-election-winner,Most-seats counterpart to Sweden PM market.,needs_slug_clob_verification,appears_strong_from_paste,appears_clear_from_paste,Expanded to visible party outcomes; resolver may reveal more parties.,,,,,,,,,,,,,,,,,,,,,,,,
172,RSO-0172,32,Sweden Parliamentary Election Winner,Sweden Parliamentary Election Winner — Green Party (MP),Sweden Parliamentary Election Winner,Sweden Parliamentary Election Winner Green Party (MP),Sweden,global_satellite,parliamentary_coalition,sweden_most_seats_2026,tracked,global_satellite,multi_outcome_contract,3,Green Party (MP),TODO_VERIFY,sweden-parliamentary-election-winner-green-party-mp,sweden-parliamentary-election-winner,Most-seats counterpart to Sweden PM market.,needs_slug_clob_verification,appears_strong_from_paste,appears_clear_from_paste,Expanded to visible party outcomes; resolver may reveal more parties.,,,,,,,,,,,,,,,,,,,,,,,,
173,RSO-0173,32,Sweden Parliamentary Election Winner,Sweden Parliamentary Election Winner — Christian Democrats (KD),Sweden Parliamentary Election Winner,Sweden Parliamentary Election Winner Christian Democrats (KD),Sweden,global_satellite,parliamentary_coalition,sweden_most_seats_2026,tracked,global_satellite,multi_outcome_contract,4,Christian Democrats (KD),TODO_VERIFY,sweden-parliamentary-election-winner-christian-democrats-kd,sweden-parliamentary-election-winner,Most-seats counterpart to Sweden PM market.,needs_slug_clob_verification,appears_strong_from_paste,appears_clear_from_paste,Expanded to visible party outcomes; resolver may reveal more parties.,,,,,,,,,,,,,,,,,,,,,,,,
174,RSO-0174,33,Next Premier of Quebec,Next Premier of Quebec — Paul St-Pierre Plamondon,Next Premier of Quebec,Next Premier of Quebec Paul St-Pierre Plamondon,Canada,global_satellite,provincial_parliamentary,quebec_next_premier_2026,tracked,global_satellite,multi_outcome_contract,1,Paul St-Pierre Plamondon,TODO_VERIFY,next-premier-of-quebec-paul-st-pierre-plamondon,next-premier-of-quebec,Canadian provincial executive satellite market.,needs_slug_clob_verification,needs_orderbook_check,appears_clear_from_paste,Expanded to all visible premier outcomes.,,,,,,,,,,,,,,,,,,,,,,,,
175,RSO-0175,33,Next Premier of Quebec,Next Premier of Quebec — Charles Milliard,Next Premier of Quebec,Next Premier of Quebec Charles Milliard,Canada,global_satellite,provincial_parliamentary,quebec_next_premier_2026,tracked,global_satellite,multi_outcome_contract,2,Charles Milliard,TODO_VERIFY,next-premier-of-quebec-charles-milliard,next-premier-of-quebec,Canadian provincial executive satellite market.,needs_slug_clob_verification,needs_orderbook_check,appears_clear_from_paste,Expanded to all visible premier outcomes.,,,,,,,,,,,,,,,,,,,,,,,,
176,RSO-0176,33,Next Premier of Quebec,Next Premier of Quebec — Christine Fréchette,Next Premier of Quebec,Next Premier of Quebec Christine Fréchette,Canada,global_satellite,provincial_parliamentary,quebec_next_premier_2026,tracked,global_satellite,multi_outcome_contract,3,Christine Fréchette,TODO_VERIFY,next-premier-of-quebec-christine-fr-chette,next-premier-of-quebec,Canadian provincial executive satellite market.,needs_slug_clob_verification,needs_orderbook_check,appears_clear_from_paste,Expanded to all visible premier outcomes.,,,,,,,,,,,,,,,,,,,,,,,,
177,RSO-0177,33,Next Premier of Quebec,Next Premier of Quebec — Bernard Drainville,Next Premier of Quebec,Next Premier of Quebec Bernard Drainville,Canada,global_satellite,provincial_parliamentary,quebec_next_premier_2026,tracked,global_satellite,multi_outcome_contract,4,Bernard Drainville,TODO_VERIFY,next-premier-of-quebec-bernard-drainville,next-premier-of-quebec,Canadian provincial executive satellite market.,needs_slug_clob_verification,needs_orderbook_check,appears_clear_from_paste,Expanded to all visible premier outcomes.,,,,,,,,,,,,,,,,,,,,,,,,
178,RSO-0178,33,Next Premier of Quebec,Next Premier of Quebec — Ruba Ghazal,Next Premier of Quebec,Next Premier of Quebec Ruba Ghazal,Canada,global_satellite,provincial_parliamentary,quebec_next_premier_2026,tracked,global_satellite,multi_outcome_contract,5,Ruba Ghazal,TODO_VERIFY,next-premier-of-quebec-ruba-ghazal,next-premier-of-quebec,Canadian provincial executive satellite market.,needs_slug_clob_verification,needs_orderbook_check,appears_clear_from_paste,Expanded to all visible premier outcomes.,,,,,,,,,,,,,,,,,,,,,,,,
179,RSO-0179,33,Next Premier of Quebec,Next Premier of Quebec — Sol Zanetti,Next Premier of Quebec,Next Premier of Quebec Sol Zanetti,Canada,global_satellite,provincial_parliamentary,quebec_next_premier_2026,tracked,global_satellite,multi_outcome_contract,6,Sol Zanetti,TODO_VERIFY,next-premier-of-quebec-sol-zanetti,next-premier-of-quebec,Canadian provincial executive satellite market.,needs_slug_clob_verification,needs_orderbook_check,appears_clear_from_paste,Expanded to all visible premier outcomes.,,,,,,,,,,,,,,,,,,,,,,,,
180,RSO-0180,33,Next Premier of Quebec,Next Premier of Quebec — Éric Duhaime,Next Premier of Quebec,Next Premier of Quebec Éric Duhaime,Canada,global_satellite,provincial_parliamentary,quebec_next_premier_2026,tracked,global_satellite,multi_outcome_contract,7,Éric Duhaime,TODO_VERIFY,next-premier-of-quebec-ric-duhaime,next-premier-of-quebec,Canadian provincial executive satellite market.,needs_slug_clob_verification,needs_orderbook_check,appears_clear_from_paste,Expanded to all visible premier outcomes.,,,,,,,,,,,,,,,,,,,,,,,,
181,RSO-0181,34,Quebec General Election Winner,Quebec General Election Winner — PQ,Quebec General Election Winner,Quebec General Election Winner PQ,Canada,global_satellite,provincial_parliamentary,quebec_general_election_winner_2026,tracked,global_satellite,multi_outcome_contract,1,PQ,TODO_VERIFY,quebec-general-election-winner-pq,quebec-general-election-winner,Canadian provincial most-seats/party winner market.,needs_slug_clob_verification,appears_ok_from_paste,appears_clear_from_paste,Expanded to all visible party outcomes.,,,,,,,,,,,,,,,,,,,,,,,,
182,RSO-0182,34,Quebec General Election Winner,Quebec General Election Winner — PLQ,Quebec General Election Winner,Quebec General Election Winner PLQ,Canada,global_satellite,provincial_parliamentary,quebec_general_election_winner_2026,tracked,global_satellite,multi_outcome_contract,2,PLQ,TODO_VERIFY,quebec-general-election-winner-plq,quebec-general-election-winner,Canadian provincial most-seats/party winner market.,needs_slug_clob_verification,appears_ok_from_paste,appears_clear_from_paste,Expanded to all visible party outcomes.,,,,,,,,,,,,,,,,,,,,,,,,
183,RSO-0183,34,Quebec General Election Winner,Quebec General Election Winner — CAQ,Quebec General Election Winner,Quebec General Election Winner CAQ,Canada,global_satellite,provincial_parliamentary,quebec_general_election_winner_2026,tracked,global_satellite,multi_outcome_contract,3,CAQ,TODO_VERIFY,quebec-general-election-winner-caq,quebec-general-election-winner,Canadian provincial most-seats/party winner market.,needs_slug_clob_verification,appears_ok_from_paste,appears_clear_from_paste,Expanded to all visible party outcomes.,,,,,,,,,,,,,,,,,,,,,,,,
184,RSO-0184,34,Quebec General Election Winner,Quebec General Election Winner — PCQ,Quebec General Election Winner,Quebec General Election Winner PCQ,Canada,global_satellite,provincial_parliamentary,quebec_general_election_winner_2026,tracked,global_satellite,multi_outcome_contract,4,PCQ,TODO_VERIFY,quebec-general-election-winner-pcq,quebec-general-election-winner,Canadian provincial most-seats/party winner market.,needs_slug_clob_verification,appears_ok_from_paste,appears_clear_from_paste,Expanded to all visible party outcomes.,,,,,,,,,,,,,,,,,,,,,,,,
185,RSO-0185,34,Quebec General Election Winner,Quebec General Election Winner — QS,Quebec General Election Winner,Quebec General Election Winner QS,Canada,global_satellite,provincial_parliamentary,quebec_general_election_winner_2026,tracked,global_satellite,multi_outcome_contract,5,QS,TODO_VERIFY,quebec-general-election-winner-qs,quebec-general-election-winner,Canadian provincial most-seats/party winner market.,needs_slug_clob_verification,appears_ok_from_paste,appears_clear_from_paste,Expanded to all visible party outcomes.,,,,,,,,,,,,,,,,,,,,,,,,
186,RSO-0186,34,Quebec General Election Winner,Quebec General Election Winner — PVQ,Quebec General Election Winner,Quebec General Election Winner PVQ,Canada,global_satellite,provincial_parliamentary,quebec_general_election_winner_2026,tracked,global_satellite,multi_outcome_contract,6,PVQ,TODO_VERIFY,quebec-general-election-winner-pvq,quebec-general-election-winner,Canadian provincial most-seats/party winner market.,needs_slug_clob_verification,appears_ok_from_paste,appears_clear_from_paste,Expanded to all visible party outcomes.,,,,,,,,,,,,,,,,,,,,,,,,
187,RSO-0187,35,Toronto Mayoral Election Winner,Toronto Mayoral Election Winner — Olivia Chow,Toronto Mayoral Election Winner,Toronto Mayoral Election Winner Olivia Chow,Canada,global_satellite,municipal,toronto_mayor_2026,tracked,global_satellite,multi_outcome_contract,1,Olivia Chow,TODO_VERIFY,toronto-mayoral-election-winner-olivia-chow,toronto-mayoral-election-winner,Municipal executive satellite market; tests local-election forecasting.,needs_slug_clob_verification,appears_ok_from_paste,appears_clear_from_paste,Expanded to all visible candidate outcomes.,,,,,,,,,,,,,,,,,,,,,,,,
188,RSO-0188,35,Toronto Mayoral Election Winner,Toronto Mayoral Election Winner — Brad Bradford,Toronto Mayoral Election Winner,Toronto Mayoral Election Winner Brad Bradford,Canada,global_satellite,municipal,toronto_mayor_2026,tracked,global_satellite,multi_outcome_contract,2,Brad Bradford,TODO_VERIFY,toronto-mayoral-election-winner-brad-bradford,toronto-mayoral-election-winner,Municipal executive satellite market; tests local-election forecasting.,needs_slug_clob_verification,appears_ok_from_paste,appears_clear_from_paste,Expanded to all visible candidate outcomes.,,,,,,,,,,,,,,,,,,,,,,,,
189,RSO-0189,35,Toronto Mayoral Election Winner,Toronto Mayoral Election Winner — Michael Ford,Toronto Mayoral Election Winner,Toronto Mayoral Election Winner Michael Ford,Canada,global_satellite,municipal,toronto_mayor_2026,tracked,global_satellite,multi_outcome_contract,3,Michael Ford,TODO_VERIFY,toronto-mayoral-election-winner-michael-ford,toronto-mayoral-election-winner,Municipal executive satellite market; tests local-election forecasting.,needs_slug_clob_verification,appears_ok_from_paste,appears_clear_from_paste,Expanded to all visible candidate outcomes.,,,,,,,,,,,,,,,,,,,,,,,,
190,RSO-0190,35,Toronto Mayoral Election Winner,Toronto Mayoral Election Winner — Anthony Furey,Toronto Mayoral Election Winner,Toronto Mayoral Election Winner Anthony Furey,Canada,global_satellite,municipal,toronto_mayor_2026,tracked,global_satellite,multi_outcome_contract,4,Anthony Furey,TODO_VERIFY,toronto-mayoral-election-winner-anthony-furey,toronto-mayoral-election-winner,Municipal executive satellite market; tests local-election forecasting.,needs_slug_clob_verification,appears_ok_from_paste,appears_clear_from_paste,Expanded to all visible candidate outcomes.,,,,,,,,,,,,,,,,,,,,,,,,
191,RSO-0191,35,Toronto Mayoral Election Winner,Toronto Mayoral Election Winner — Kevin Clarke,Toronto Mayoral Election Winner,Toronto Mayoral Election Winner Kevin Clarke,Canada,global_satellite,municipal,toronto_mayor_2026,tracked,global_satellite,multi_outcome_contract,5,Kevin Clarke,TODO_VERIFY,toronto-mayoral-election-winner-kevin-clarke,toronto-mayoral-election-winner,Municipal executive satellite market; tests local-election forecasting.,needs_slug_clob_verification,appears_ok_from_paste,appears_clear_from_paste,Expanded to all visible candidate outcomes.,,,,,,,,,,,,,,,,,,,,,,,,
192,RSO-0192,35,Toronto Mayoral Election Winner,Toronto Mayoral Election Winner — Ana Bailão,Toronto Mayoral Election Winner,Toronto Mayoral Election Winner Ana Bailão,Canada,global_satellite,municipal,toronto_mayor_2026,tracked,global_satellite,multi_outcome_contract,6,Ana Bailão,TODO_VERIFY,toronto-mayoral-election-winner-ana-bail-o,toronto-mayoral-election-winner,Municipal executive satellite market; tests local-election forecasting.,needs_slug_clob_verification,appears_ok_from_paste,appears_clear_from_paste,Expanded to all visible candidate outcomes.,,,,,,,,,,,,,,,,,,,,,,,,
193,RSO-0193,35,Toronto Mayoral Election Winner,Toronto Mayoral Election Winner — Marco Mendicino,Toronto Mayoral Election Winner,Toronto Mayoral Election Winner Marco Mendicino,Canada,global_satellite,municipal,toronto_mayor_2026,tracked,global_satellite,multi_outcome_contract,7,Marco Mendicino,TODO_VERIFY,toronto-mayoral-election-winner-marco-mendicino,toronto-mayoral-election-winner,Municipal executive satellite market; tests local-election forecasting.,needs_slug_clob_verification,appears_ok_from_paste,appears_clear_from_paste,Expanded to all visible candidate outcomes.,,,,,,,,,,,,,,,,,,,,,,,,
194,RSO-0194,35,Toronto Mayoral Election Winner,Toronto Mayoral Election Winner — John Tory,Toronto Mayoral Election Winner,Toronto Mayoral Election Winner John Tory,Canada,global_satellite,municipal,toronto_mayor_2026,tracked,global_satellite,multi_outcome_contract,8,John Tory,TODO_VERIFY,toronto-mayoral-election-winner-john-tory,toronto-mayoral-election-winner,Municipal executive satellite market; tests local-election forecasting.,needs_slug_clob_verification,appears_ok_from_paste,appears_clear_from_paste,Expanded to all visible candidate outcomes.,,,,,,,,,,,,,,,,,,,,,,,,
195,RSO-0195,36,Vancouver Mayoral Election Winner,Vancouver Mayoral Election Winner — Kareem Allam,Vancouver Mayoral Election Winner,Vancouver Mayoral Election Winner Kareem Allam,Canada,global_satellite,municipal,vancouver_mayor_2026,tracked,global_satellite,multi_outcome_contract,1,Kareem Allam,TODO_VERIFY,vancouver-mayoral-election-winner-kareem-allam,vancouver-mayoral-election-winner,Municipal executive satellite market; tests local-election forecasting outside Toronto.,needs_slug_clob_verification,appears_ok_from_paste,appears_clear_from_paste,Expanded to all visible candidate outcomes.,,,,,,,,,,,,,,,,,,,,,,,,
196,RSO-0196,36,Vancouver Mayoral Election Winner,Vancouver Mayoral Election Winner — Ken Sim,Vancouver Mayoral Election Winner,Vancouver Mayoral Election Winner Ken Sim,Canada,global_satellite,municipal,vancouver_mayor_2026,tracked,global_satellite,multi_outcome_contract,2,Ken Sim,TODO_VERIFY,vancouver-mayoral-election-winner-ken-sim,vancouver-mayoral-election-winner,Municipal executive satellite market; tests local-election forecasting outside Toronto.,needs_slug_clob_verification,appears_ok_from_paste,appears_clear_from_paste,Expanded to all visible candidate outcomes.,,,,,,,,,,,,,,,,,,,,,,,,
197,RSO-0197,36,Vancouver Mayoral Election Winner,Vancouver Mayoral Election Winner — Pete Fry,Vancouver Mayoral Election Winner,Vancouver Mayoral Election Winner Pete Fry,Canada,global_satellite,municipal,vancouver_mayor_2026,tracked,global_satellite,multi_outcome_contract,3,Pete Fry,TODO_VERIFY,vancouver-mayoral-election-winner-pete-fry,vancouver-mayoral-election-winner,Municipal executive satellite market; tests local-election forecasting outside Toronto.,needs_slug_clob_verification,appears_ok_from_paste,appears_clear_from_paste,Expanded to all visible candidate outcomes.,,,,,,,,,,,,,,,,,,,,,,,,
198,RSO-0198,36,Vancouver Mayoral Election Winner,Vancouver Mayoral Election Winner — William Azaroff,Vancouver Mayoral Election Winner,Vancouver Mayoral Election Winner William Azaroff,Canada,global_satellite,municipal,vancouver_mayor_2026,tracked,global_satellite,multi_outcome_contract,4,William Azaroff,TODO_VERIFY,vancouver-mayoral-election-winner-william-azaroff,vancouver-mayoral-election-winner,Municipal executive satellite market; tests local-election forecasting outside Toronto.,needs_slug_clob_verification,appears_ok_from_paste,appears_clear_from_paste,Expanded to all visible candidate outcomes.,,,,,,,,,,,,,,,,,,,,,,,,
199,RSO-0199,36,Vancouver Mayoral Election Winner,Vancouver Mayoral Election Winner — Colleen Hardwick,Vancouver Mayoral Election Winner,Vancouver Mayoral Election Winner Colleen Hardwick,Canada,global_satellite,municipal,vancouver_mayor_2026,tracked,global_satellite,multi_outcome_contract,5,Colleen Hardwick,TODO_VERIFY,vancouver-mayoral-election-winner-colleen-hardwick,vancouver-mayoral-election-winner,Municipal executive satellite market; tests local-election forecasting outside Toronto.,needs_slug_clob_verification,appears_ok_from_paste,appears_clear_from_paste,Expanded to all visible candidate outcomes.,,,,,,,,,,,,,,,,,,,,,,,,
200,RSO-0200,36,Vancouver Mayoral Election Winner,Vancouver Mayoral Election Winner — John Coupar,Vancouver Mayoral Election Winner,Vancouver Mayoral Election Winner John Coupar,Canada,global_satellite,municipal,vancouver_mayor_2026,tracked,global_satellite,multi_outcome_contract,6,John Coupar,TODO_VERIFY,vancouver-mayoral-election-winner-john-coupar,vancouver-mayoral-election-winner,Municipal executive satellite market; tests local-election forecasting outside Toronto.,needs_slug_clob_verification,appears_ok_from_paste,appears_clear_from_paste,Expanded to all visible candidate outcomes.,,,,,,,,,,,,,,,,,,,,,,,,
201,RSO-0201,36,Vancouver Mayoral Election Winner,Vancouver Mayoral Election Winner — Rebecca Bligh,Vancouver Mayoral Election Winner,Vancouver Mayoral Election Winner Rebecca Bligh,Canada,global_satellite,municipal,vancouver_mayor_2026,tracked,global_satellite,multi_outcome_contract,7,Rebecca Bligh,TODO_VERIFY,vancouver-mayoral-election-winner-rebecca-bligh,vancouver-mayoral-election-winner,Municipal executive satellite market; tests local-election forecasting outside Toronto.,needs_slug_clob_verification,appears_ok_from_paste,appears_clear_from_paste,Expanded to all visible candidate outcomes.,,,,,,,,,,,,,,,,,,,,,,,,
202,RSO-0202,36,Vancouver Mayoral Election Winner,Vancouver Mayoral Election Winner — Sean Orr,Vancouver Mayoral Election Winner,Vancouver Mayoral Election Winner Sean Orr,Canada,global_satellite,municipal,vancouver_mayor_2026,tracked,global_satellite,multi_outcome_contract,8,Sean Orr,TODO_VERIFY,vancouver-mayoral-election-winner-sean-orr,vancouver-mayoral-election-winner,Municipal executive satellite market; tests local-election forecasting outside Toronto.,needs_slug_clob_verification,appears_ok_from_paste,appears_clear_from_paste,Expanded to all visible candidate outcomes.,,,,,,,,,,,,,,,,,,,,,,,,
203,RSO-0203,36,Vancouver Mayoral Election Winner,Vancouver Mayoral Election Winner — Amanda Burrows,Vancouver Mayoral Election Winner,Vancouver Mayoral Election Winner Amanda Burrows,Canada,global_satellite,municipal,vancouver_mayor_2026,tracked,global_satellite,multi_outcome_contract,9,Amanda Burrows,TODO_VERIFY,vancouver-mayoral-election-winner-amanda-burrows,vancouver-mayoral-election-winner,Municipal executive satellite market; tests local-election forecasting outside Toronto.,needs_slug_clob_verification,appears_ok_from_paste,appears_clear_from_paste,Expanded to all visible candidate outcomes.,,,,,,,,,,,,,,,,,,,,,,,,
204,RSO-0204,36,Vancouver Mayoral Election Winner,Vancouver Mayoral Election Winner — Tim Louis,Vancouver Mayoral Election Winner,Vancouver Mayoral Election Winner Tim Louis,Canada,global_satellite,municipal,vancouver_mayor_2026,tracked,global_satellite,multi_outcome_contract,10,Tim Louis,TODO_VERIFY,vancouver-mayoral-election-winner-tim-louis,vancouver-mayoral-election-winner,Municipal executive satellite market; tests local-election forecasting outside Toronto.,needs_slug_clob_verification,appears_ok_from_paste,appears_clear_from_paste,Expanded to all visible candidate outcomes.,,,,,,,,,,,,,,,,,,,,,,,,
205,RSO-0205,36,Vancouver Mayoral Election Winner,Vancouver Mayoral Election Winner — Fred Harding,Vancouver Mayoral Election Winner,Vancouver Mayoral Election Winner Fred Harding,Canada,global_satellite,municipal,vancouver_mayor_2026,tracked,global_satellite,multi_outcome_contract,11,Fred Harding,TODO_VERIFY,vancouver-mayoral-election-winner-fred-harding,vancouver-mayoral-election-winner,Municipal executive satellite market; tests local-election forecasting outside Toronto.,needs_slug_clob_verification,appears_ok_from_paste,appears_clear_from_paste,Expanded to all visible candidate outcomes.,,,,,,,,,,,,,,,,,,,,,,,,
206,RSO-0206,36,Vancouver Mayoral Election Winner,Vancouver Mayoral Election Winner — Kirk LaPointe,Vancouver Mayoral Election Winner,Vancouver Mayoral Election Winner Kirk LaPointe,Canada,global_satellite,municipal,vancouver_mayor_2026,tracked,global_satellite,multi_outcome_contract,12,Kirk LaPointe,TODO_VERIFY,vancouver-mayoral-election-winner-kirk-lapointe,vancouver-mayoral-election-winner,Municipal executive satellite market; tests local-election forecasting outside Toronto.,needs_slug_clob_verification,appears_ok_from_paste,appears_clear_from_paste,Expanded to all visible candidate outcomes.,,,,,,,,,,,,,,,,,,,,,,,,
207,RSO-0207,37,Next Prime Minister of Israel after next election,Next Prime Minister of Israel after next election — Gadi Eizenkot,Who will be the next Prime Minister of Israel after the next election?,Who will be the next Prime Minister of Israel after the next election? Gadi Eizenkot,Israel,global_satellite,parliamentary_coalition,israel_next_pm_2026,tracked,global_satellite,multi_outcome_contract,1,Gadi Eizenkot,TODO_VERIFY,who-will-be-the-next-prime-minister-of-israel-after-the-next-election-gadi-eizenkot,who-will-be-the-next-prime-minister-of-israel-after-the-next-election,High-volatility parliamentary/coalition PM market.,needs_slug_clob_verification,appears_strong_from_paste,appears_clear_from_paste,Expanded to visible PM outcomes.,,,,,,,,,,,,,,,,,,,,,,,,
208,RSO-0208,37,Next Prime Minister of Israel after next election,Next Prime Minister of Israel after next election — Benjamin Netanyahu,Who will be the next Prime Minister of Israel after the next election?,Who will be the next Prime Minister of Israel after the next election? Benjamin Netanyahu,Israel,global_satellite,parliamentary_coalition,israel_next_pm_2026,tracked,global_satellite,multi_outcome_contract,2,Benjamin Netanyahu,TODO_VERIFY,who-will-be-the-next-prime-minister-of-israel-after-the-next-election-benjamin-netanyahu,who-will-be-the-next-prime-minister-of-israel-after-the-next-election,High-volatility parliamentary/coalition PM market.,needs_slug_clob_verification,appears_strong_from_paste,appears_clear_from_paste,Expanded to visible PM outcomes.,,,,,,,,,,,,,,,,,,,,,,,,
209,RSO-0209,37,Next Prime Minister of Israel after next election,Next Prime Minister of Israel after next election — Naftali Bennett,Who will be the next Prime Minister of Israel after the next election?,Who will be the next Prime Minister of Israel after the next election? Naftali Bennett,Israel,global_satellite,parliamentary_coalition,israel_next_pm_2026,tracked,global_satellite,multi_outcome_contract,3,Naftali Bennett,TODO_VERIFY,who-will-be-the-next-prime-minister-of-israel-after-the-next-election-naftali-bennett,who-will-be-the-next-prime-minister-of-israel-after-the-next-election,High-volatility parliamentary/coalition PM market.,needs_slug_clob_verification,appears_strong_from_paste,appears_clear_from_paste,Expanded to visible PM outcomes.,,,,,,,,,,,,,,,,,,,,,,,,
210,RSO-0210,37,Next Prime Minister of Israel after next election,Next Prime Minister of Israel after next election — Avigdor Lieberman,Who will be the next Prime Minister of Israel after the next election?,Who will be the next Prime Minister of Israel after the next election? Avigdor Lieberman,Israel,global_satellite,parliamentary_coalition,israel_next_pm_2026,tracked,global_satellite,multi_outcome_contract,4,Avigdor Lieberman,TODO_VERIFY,who-will-be-the-next-prime-minister-of-israel-after-the-next-election-avigdor-lieberman,who-will-be-the-next-prime-minister-of-israel-after-the-next-election,High-volatility parliamentary/coalition PM market.,needs_slug_clob_verification,appears_strong_from_paste,appears_clear_from_paste,Expanded to visible PM outcomes.,,,,,,,,,,,,,,,,,,,,,,,,
211,RSO-0211,37,Next Prime Minister of Israel after next election,Next Prime Minister of Israel after next election — Itamar Ben Gvir,Who will be the next Prime Minister of Israel after the next election?,Who will be the next Prime Minister of Israel after the next election? Itamar Ben Gvir,Israel,global_satellite,parliamentary_coalition,israel_next_pm_2026,tracked,global_satellite,multi_outcome_contract,5,Itamar Ben Gvir,TODO_VERIFY,who-will-be-the-next-prime-minister-of-israel-after-the-next-election-itamar-ben-gvir,who-will-be-the-next-prime-minister-of-israel-after-the-next-election,High-volatility parliamentary/coalition PM market.,needs_slug_clob_verification,appears_strong_from_paste,appears_clear_from_paste,Expanded to visible PM outcomes.,,,,,,,,,,,,,,,,,,,,,,,,
212,RSO-0212,37,Next Prime Minister of Israel after next election,Next Prime Minister of Israel after next election — Benny Gantz,Who will be the next Prime Minister of Israel after the next election?,Who will be the next Prime Minister of Israel after the next election? Benny Gantz,Israel,global_satellite,parliamentary_coalition,israel_next_pm_2026,tracked,global_satellite,multi_outcome_contract,6,Benny Gantz,TODO_VERIFY,who-will-be-the-next-prime-minister-of-israel-after-the-next-election-benny-gantz,who-will-be-the-next-prime-minister-of-israel-after-the-next-election,High-volatility parliamentary/coalition PM market.,needs_slug_clob_verification,appears_strong_from_paste,appears_clear_from_paste,Expanded to visible PM outcomes.,,,,,,,,,,,,,,,,,,,,,,,,
213,RSO-0213,37,Next Prime Minister of Israel after next election,Next Prime Minister of Israel after next election — Gilad Erdan,Who will be the next Prime Minister of Israel after the next election?,Who will be the next Prime Minister of Israel after the next election? Gilad Erdan,Israel,global_satellite,parliamentary_coalition,israel_next_pm_2026,tracked,global_satellite,multi_outcome_contract,7,Gilad Erdan,TODO_VERIFY,who-will-be-the-next-prime-minister-of-israel-after-the-next-election-gilad-erdan,who-will-be-the-next-prime-minister-of-israel-after-the-next-election,High-volatility parliamentary/coalition PM market.,needs_slug_clob_verification,appears_strong_from_paste,appears_clear_from_paste,Expanded to visible PM outcomes.,,,,,,,,,,,,,,,,,,,,,,,,
214,RSO-0214,37,Next Prime Minister of Israel after next election,Next Prime Minister of Israel after next election — Yariv Levin,Who will be the next Prime Minister of Israel after the next election?,Who will be the next Prime Minister of Israel after the next election? Yariv Levin,Israel,global_satellite,parliamentary_coalition,israel_next_pm_2026,tracked,global_satellite,multi_outcome_contract,8,Yariv Levin,TODO_VERIFY,who-will-be-the-next-prime-minister-of-israel-after-the-next-election-yariv-levin,who-will-be-the-next-prime-minister-of-israel-after-the-next-election,High-volatility parliamentary/coalition PM market.,needs_slug_clob_verification,appears_strong_from_paste,appears_clear_from_paste,Expanded to visible PM outcomes.,,,,,,,,,,,,,,,,,,,,,,,,
215,RSO-0215,37,Next Prime Minister of Israel after next election,Next Prime Minister of Israel after next election — Israel Katz,Who will be the next Prime Minister of Israel after the next election?,Who will be the next Prime Minister of Israel after the next election? Israel Katz,Israel,global_satellite,parliamentary_coalition,israel_next_pm_2026,tracked,global_satellite,multi_outcome_contract,9,Israel Katz,TODO_VERIFY,who-will-be-the-next-prime-minister-of-israel-after-the-next-election-israel-katz,who-will-be-the-next-prime-minister-of-israel-after-the-next-election,High-volatility parliamentary/coalition PM market.,needs_slug_clob_verification,appears_strong_from_paste,appears_clear_from_paste,Expanded to visible PM outcomes.,,,,,,,,,,,,,,,,,,,,,,,,
216,RSO-0216,37,Next Prime Minister of Israel after next election,Next Prime Minister of Israel after next election — Amir Ohana,Who will be the next Prime Minister of Israel after the next election?,Who will be the next Prime Minister of Israel after the next election? Amir Ohana,Israel,global_satellite,parliamentary_coalition,israel_next_pm_2026,tracked,global_satellite,multi_outcome_contract,10,Amir Ohana,TODO_VERIFY,who-will-be-the-next-prime-minister-of-israel-after-the-next-election-amir-ohana,who-will-be-the-next-prime-minister-of-israel-after-the-next-election,High-volatility parliamentary/coalition PM market.,needs_slug_clob_verification,appears_strong_from_paste,appears_clear_from_paste,Expanded to visible PM outcomes.,,,,,,,,,,,,,,,,,,,,,,,,
217,RSO-0217,37,Next Prime Minister of Israel after next election,Next Prime Minister of Israel after next election — Gideon Sa’ar,Who will be the next Prime Minister of Israel after the next election?,Who will be the next Prime Minister of Israel after the next election? Gideon Sa’ar,Israel,global_satellite,parliamentary_coalition,israel_next_pm_2026,tracked,global_satellite,multi_outcome_contract,11,Gideon Sa’ar,TODO_VERIFY,who-will-be-the-next-prime-minister-of-israel-after-the-next-election-gideon-sa-ar,who-will-be-the-next-prime-minister-of-israel-after-the-next-election,High-volatility parliamentary/coalition PM market.,needs_slug_clob_verification,appears_strong_from_paste,appears_clear_from_paste,Expanded to visible PM outcomes.,,,,,,,,,,,,,,,,,,,,,,,,
218,RSO-0218,37,Next Prime Minister of Israel after next election,Next Prime Minister of Israel after next election — Yoaz Hendel,Who will be the next Prime Minister of Israel after the next election?,Who will be the next Prime Minister of Israel after the next election? Yoaz Hendel,Israel,global_satellite,parliamentary_coalition,israel_next_pm_2026,tracked,global_satellite,multi_outcome_contract,12,Yoaz Hendel,TODO_VERIFY,who-will-be-the-next-prime-minister-of-israel-after-the-next-election-yoaz-hendel,who-will-be-the-next-prime-minister-of-israel-after-the-next-election,High-volatility parliamentary/coalition PM market.,needs_slug_clob_verification,appears_strong_from_paste,appears_clear_from_paste,Expanded to visible PM outcomes.,,,,,,,,,,,,,,,,,,,,,,,,
219,RSO-0219,37,Next Prime Minister of Israel after next election,Next Prime Minister of Israel after next election — Yair Lapid,Who will be the next Prime Minister of Israel after the next election?,Who will be the next Prime Minister of Israel after the next election? Yair Lapid,Israel,global_satellite,parliamentary_coalition,israel_next_pm_2026,tracked,global_satellite,multi_outcome_contract,13,Yair Lapid,TODO_VERIFY,who-will-be-the-next-prime-minister-of-israel-after-the-next-election-yair-lapid,who-will-be-the-next-prime-minister-of-israel-after-the-next-election,High-volatility parliamentary/coalition PM market.,needs_slug_clob_verification,appears_strong_from_paste,appears_clear_from_paste,Expanded to visible PM outcomes.,,,,,,,,,,,,,,,,,,,,,,,,
220,RSO-0220,37,Next Prime Minister of Israel after next election,Next Prime Minister of Israel after next election — Yossi Cohen,Who will be the next Prime Minister of Israel after the next election?,Who will be the next Prime Minister of Israel after the next election? Yossi Cohen,Israel,global_satellite,parliamentary_coalition,israel_next_pm_2026,tracked,global_satellite,multi_outcome_contract,14,Yossi Cohen,TODO_VERIFY,who-will-be-the-next-prime-minister-of-israel-after-the-next-election-yossi-cohen,who-will-be-the-next-prime-minister-of-israel-after-the-next-election,High-volatility parliamentary/coalition PM market.,needs_slug_clob_verification,appears_strong_from_paste,appears_clear_from_paste,Expanded to visible PM outcomes.,,,,,,,,,,,,,,,,,,,,,,,,
221,RSO-0221,37,Next Prime Minister of Israel after next election,Next Prime Minister of Israel after next election — Yair Golan,Who will be the next Prime Minister of Israel after the next election?,Who will be the next Prime Minister of Israel after the next election? Yair Golan,Israel,global_satellite,parliamentary_coalition,israel_next_pm_2026,tracked,global_satellite,multi_outcome_contract,15,Yair Golan,TODO_VERIFY,who-will-be-the-next-prime-minister-of-israel-after-the-next-election-yair-golan,who-will-be-the-next-prime-minister-of-israel-after-the-next-election,High-volatility parliamentary/coalition PM market.,needs_slug_clob_verification,appears_strong_from_paste,appears_clear_from_paste,Expanded to visible PM outcomes.,,,,,,,,,,,,,,,,,,,,,,,,
222,RSO-0222,37,Next Prime Minister of Israel after next election,Next Prime Minister of Israel after next election — Nir Barkat,Who will be the next Prime Minister of Israel after the next election?,Who will be the next Prime Minister of Israel after the next election? Nir Barkat,Israel,global_satellite,parliamentary_coalition,israel_next_pm_2026,tracked,global_satellite,multi_outcome_contract,16,Nir Barkat,TODO_VERIFY,who-will-be-the-next-prime-minister-of-israel-after-the-next-election-nir-barkat,who-will-be-the-next-prime-minister-of-israel-after-the-next-election,High-volatility parliamentary/coalition PM market.,needs_slug_clob_verification,appears_strong_from_paste,appears_clear_from_paste,Expanded to visible PM outcomes.,,,,,,,,,,,,,,,,,,,,,,,,
223,RSO-0223,37,Next Prime Minister of Israel after next election,Next Prime Minister of Israel after next election — Ayelet Shaked,Who will be the next Prime Minister of Israel after the next election?,Who will be the next Prime Minister of Israel after the next election? Ayelet Shaked,Israel,global_satellite,parliamentary_coalition,israel_next_pm_2026,tracked,global_satellite,multi_outcome_contract,17,Ayelet Shaked,TODO_VERIFY,who-will-be-the-next-prime-minister-of-israel-after-the-next-election-ayelet-shaked,who-will-be-the-next-prime-minister-of-israel-after-the-next-election,High-volatility parliamentary/coalition PM market.,needs_slug_clob_verification,appears_strong_from_paste,appears_clear_from_paste,Expanded to visible PM outcomes.,,,,,,,,,,,,,,,,,,,,,,,,
224,RSO-0224,37,Next Prime Minister of Israel after next election,Next Prime Minister of Israel after next election — Moshe Feiglin,Who will be the next Prime Minister of Israel after the next election?,Who will be the next Prime Minister of Israel after the next election? Moshe Feiglin,Israel,global_satellite,parliamentary_coalition,israel_next_pm_2026,tracked,global_satellite,multi_outcome_contract,18,Moshe Feiglin,TODO_VERIFY,who-will-be-the-next-prime-minister-of-israel-after-the-next-election-moshe-feiglin,who-will-be-the-next-prime-minister-of-israel-after-the-next-election,High-volatility parliamentary/coalition PM market.,needs_slug_clob_verification,appears_strong_from_paste,appears_clear_from_paste,Expanded to visible PM outcomes.,,,,,,,,,,,,,,,,,,,,,,,,
225,RSO-0225,38,Israeli Legislative Election Winner,Israeli Legislative Election Winner — Likud,Israeli Legislative Election Winner,Israeli Legislative Election Winner Likud,Israel,global_satellite,parliamentary_coalition,israel_most_seats_2026,tracked,global_satellite,multi_outcome_contract,1,Likud,TODO_VERIFY,israeli-legislative-election-winner-likud,israeli-legislative-election-winner,Most-seats counterpart to Israel PM market.,needs_slug_clob_verification,needs_orderbook_check,appears_clear_from_paste,Expanded to all visible party outcomes.,,,,,,,,,,,,,,,,,,,,,,,,
226,RSO-0226,38,Israeli Legislative Election Winner,Israeli Legislative Election Winner — Yashar,Israeli Legislative Election Winner,Israeli Legislative Election Winner Yashar,Israel,global_satellite,parliamentary_coalition,israel_most_seats_2026,tracked,global_satellite,multi_outcome_contract,2,Yashar,TODO_VERIFY,israeli-legislative-election-winner-yashar,israeli-legislative-election-winner,Most-seats counterpart to Israel PM market.,needs_slug_clob_verification,needs_orderbook_check,appears_clear_from_paste,Expanded to all visible party outcomes.,,,,,,,,,,,,,,,,,,,,,,,,
227,RSO-0227,38,Israeli Legislative Election Winner,Israeli Legislative Election Winner — Together,Israeli Legislative Election Winner,Israeli Legislative Election Winner Together,Israel,global_satellite,parliamentary_coalition,israel_most_seats_2026,tracked,global_satellite,multi_outcome_contract,3,Together,TODO_VERIFY,israeli-legislative-election-winner-together,israeli-legislative-election-winner,Most-seats counterpart to Israel PM market.,needs_slug_clob_verification,needs_orderbook_check,appears_clear_from_paste,Expanded to all visible party outcomes.,,,,,,,,,,,,,,,,,,,,,,,,
228,RSO-0228,38,Israeli Legislative Election Winner,Israeli Legislative Election Winner — Shas,Israeli Legislative Election Winner,Israeli Legislative Election Winner Shas,Israel,global_satellite,parliamentary_coalition,israel_most_seats_2026,tracked,global_satellite,multi_outcome_contract,4,Shas,TODO_VERIFY,israeli-legislative-election-winner-shas,israeli-legislative-election-winner,Most-seats counterpart to Israel PM market.,needs_slug_clob_verification,needs_orderbook_check,appears_clear_from_paste,Expanded to all visible party outcomes.,,,,,,,,,,,,,,,,,,,,,,,,
229,RSO-0229,38,Israeli Legislative Election Winner,Israeli Legislative Election Winner — The Democrats,Israeli Legislative Election Winner,Israeli Legislative Election Winner The Democrats,Israel,global_satellite,parliamentary_coalition,israel_most_seats_2026,tracked,global_satellite,multi_outcome_contract,5,The Democrats,TODO_VERIFY,israeli-legislative-election-winner-the-democrats,israeli-legislative-election-winner,Most-seats counterpart to Israel PM market.,needs_slug_clob_verification,needs_orderbook_check,appears_clear_from_paste,Expanded to all visible party outcomes.,,,,,,,,,,,,,,,,,,,,,,,,
230,RSO-0230,38,Israeli Legislative Election Winner,Israeli Legislative Election Winner — Otzma Yehudit,Israeli Legislative Election Winner,Israeli Legislative Election Winner Otzma Yehudit,Israel,global_satellite,parliamentary_coalition,israel_most_seats_2026,tracked,global_satellite,multi_outcome_contract,6,Otzma Yehudit,TODO_VERIFY,israeli-legislative-election-winner-otzma-yehudit,israeli-legislative-election-winner,Most-seats counterpart to Israel PM market.,needs_slug_clob_verification,needs_orderbook_check,appears_clear_from_paste,Expanded to all visible party outcomes.,,,,,,,,,,,,,,,,,,,,,,,,
231,RSO-0231,39,Next Prime Minister of New Zealand,Next Prime Minister of New Zealand — Chris Hipkins,Next Prime Minister of New Zealand?,Next Prime Minister of New Zealand Chris Hipkins,New Zealand,global_satellite,parliamentary_mmp,new_zealand_next_pm_2026,tracked,global_satellite,multi_outcome_contract,1,Chris Hipkins,TODO_VERIFY,next-prime-minister-of-new-zealand-chris-hipkins,next-prime-minister-of-new-zealand,MMP/parliamentary PM satellite market.,needs_slug_clob_verification,thin_from_paste_check_depth,appears_clear_from_paste,Expanded to all visible PM outcomes.,,,,,,,,,,,,,,,,,,,,,,,,
232,RSO-0232,39,Next Prime Minister of New Zealand,Next Prime Minister of New Zealand — Christopher Luxon,Next Prime Minister of New Zealand?,Next Prime Minister of New Zealand Christopher Luxon,New Zealand,global_satellite,parliamentary_mmp,new_zealand_next_pm_2026,tracked,global_satellite,multi_outcome_contract,2,Christopher Luxon,TODO_VERIFY,next-prime-minister-of-new-zealand-christopher-luxon,next-prime-minister-of-new-zealand,MMP/parliamentary PM satellite market.,needs_slug_clob_verification,thin_from_paste_check_depth,appears_clear_from_paste,Expanded to all visible PM outcomes.,,,,,,,,,,,,,,,,,,,,,,,,
233,RSO-0233,39,Next Prime Minister of New Zealand,Next Prime Minister of New Zealand — Nicola Willis,Next Prime Minister of New Zealand?,Next Prime Minister of New Zealand Nicola Willis,New Zealand,global_satellite,parliamentary_mmp,new_zealand_next_pm_2026,tracked,global_satellite,multi_outcome_contract,3,Nicola Willis,TODO_VERIFY,next-prime-minister-of-new-zealand-nicola-willis,next-prime-minister-of-new-zealand,MMP/parliamentary PM satellite market.,needs_slug_clob_verification,thin_from_paste_check_depth,appears_clear_from_paste,Expanded to all visible PM outcomes.,,,,,,,,,,,,,,,,,,,,,,,,
234,RSO-0234,39,Next Prime Minister of New Zealand,Next Prime Minister of New Zealand — Winston Peters,Next Prime Minister of New Zealand?,Next Prime Minister of New Zealand Winston Peters,New Zealand,global_satellite,parliamentary_mmp,new_zealand_next_pm_2026,tracked,global_satellite,multi_outcome_contract,4,Winston Peters,TODO_VERIFY,next-prime-minister-of-new-zealand-winston-peters,next-prime-minister-of-new-zealand,MMP/parliamentary PM satellite market.,needs_slug_clob_verification,thin_from_paste_check_depth,appears_clear_from_paste,Expanded to all visible PM outcomes.,,,,,,,,,,,,,,,,,,,,,,,,
235,RSO-0235,39,Next Prime Minister of New Zealand,Next Prime Minister of New Zealand — Carmel Sepuloni,Next Prime Minister of New Zealand?,Next Prime Minister of New Zealand Carmel Sepuloni,New Zealand,global_satellite,parliamentary_mmp,new_zealand_next_pm_2026,tracked,global_satellite,multi_outcome_contract,5,Carmel Sepuloni,TODO_VERIFY,next-prime-minister-of-new-zealand-carmel-sepuloni,next-prime-minister-of-new-zealand,MMP/parliamentary PM satellite market.,needs_slug_clob_verification,thin_from_paste_check_depth,appears_clear_from_paste,Expanded to all visible PM outcomes.,,,,,,,,,,,,,,,,,,,,,,,,
236,RSO-0236,39,Next Prime Minister of New Zealand,Next Prime Minister of New Zealand — Chlöe Swarbrick,Next Prime Minister of New Zealand?,Next Prime Minister of New Zealand Chlöe Swarbrick,New Zealand,global_satellite,parliamentary_mmp,new_zealand_next_pm_2026,tracked,global_satellite,multi_outcome_contract,6,Chlöe Swarbrick,TODO_VERIFY,next-prime-minister-of-new-zealand-chl-e-swarbrick,next-prime-minister-of-new-zealand,MMP/parliamentary PM satellite market.,needs_slug_clob_verification,thin_from_paste_check_depth,appears_clear_from_paste,Expanded to all visible PM outcomes.,,,,,,,,,,,,,,,,,,,,,,,,
237,RSO-0237,39,Next Prime Minister of New Zealand,Next Prime Minister of New Zealand — David Seymour,Next Prime Minister of New Zealand?,Next Prime Minister of New Zealand David Seymour,New Zealand,global_satellite,parliamentary_mmp,new_zealand_next_pm_2026,tracked,global_satellite,multi_outcome_contract,7,David Seymour,TODO_VERIFY,next-prime-minister-of-new-zealand-david-seymour,next-prime-minister-of-new-zealand,MMP/parliamentary PM satellite market.,needs_slug_clob_verification,thin_from_paste_check_depth,appears_clear_from_paste,Expanded to all visible PM outcomes.,,,,,,,,,,,,,,,,,,,,,,,,
238,RSO-0238,40,New Zealand legislative election winner,New Zealand legislative election winner — Labour Party,New Zealand legislative election winner?,Will Labour Party win the most seats in the New Zealand House of Representatives in the 2026 New Zealand legislative election?,New Zealand,global_satellite,parliamentary_mmp,new_zealand_most_seats_2026,tracked,global_satellite,multi_outcome_contract,1,Labour Party,TODO_VERIFY,will-labour-party-win-the-most-seats-in-the-new-zealand-house-of-representatives-in-the-2026-new-zealand-legislative-election,new-zealand-legislative-election-winner,Most-seats counterpart to New Zealand PM market.,needs_slug_clob_verification,thin_from_paste_check_depth,appears_clear_from_paste,Expanded to all visible party outcomes.,,,,,,,,,,,,,,,,,,,,,,,,
239,RSO-0239,40,New Zealand legislative election winner,New Zealand legislative election winner — National Party,New Zealand legislative election winner?,Will National Party win the most seats in the New Zealand House of Representatives in the 2026 New Zealand legislative election?,New Zealand,global_satellite,parliamentary_mmp,new_zealand_most_seats_2026,tracked,global_satellite,multi_outcome_contract,2,National Party,TODO_VERIFY,will-national-party-win-the-most-seats-in-the-new-zealand-house-of-representatives-in-the-2026-new-zealand-legislative-election,new-zealand-legislative-election-winner,Most-seats counterpart to New Zealand PM market.,needs_slug_clob_verification,thin_from_paste_check_depth,appears_clear_from_paste,Expanded to all visible party outcomes.,,,,,,,,,,,,,,,,,,,,,,,,
240,RSO-0240,40,New Zealand legislative election winner,New Zealand legislative election winner — New Zealand First Party,New Zealand legislative election winner?,Will New Zealand First Party win the most seats in the New Zealand House of Representatives in the 2026 New Zealand legislative election?,New Zealand,global_satellite,parliamentary_mmp,new_zealand_most_seats_2026,tracked,global_satellite,multi_outcome_contract,3,New Zealand First Party,TODO_VERIFY,will-new-zealand-first-party-win-the-most-seats-in-the-new-zealand-house-of-representatives-in-the-2026-new-zealand-legislative-election,new-zealand-legislative-election-winner,Most-seats counterpart to New Zealand PM market.,needs_slug_clob_verification,thin_from_paste_check_depth,appears_clear_from_paste,Expanded to all visible party outcomes.,,,,,,,,,,,,,,,,,,,,,,,,
241,RSO-0241,40,New Zealand legislative election winner,New Zealand legislative election winner — Green Party,New Zealand legislative election winner?,Will Green Party win the most seats in the New Zealand House of Representatives in the 2026 New Zealand legislative election?,New Zealand,global_satellite,parliamentary_mmp,new_zealand_most_seats_2026,tracked,global_satellite,multi_outcome_contract,4,Green Party,TODO_VERIFY,will-green-party-win-the-most-seats-in-the-new-zealand-house-of-representatives-in-the-2026-new-zealand-legislative-election,new-zealand-legislative-election-winner,Most-seats counterpart to New Zealand PM market.,needs_slug_clob_verification,thin_from_paste_check_depth,appears_clear_from_paste,Expanded to all visible party outcomes.,,,,,,,,,,,,,,,,,,,,,,,,
