group_estimate_id,run_id,timestamp_utc,prompt_version,model_backend,model_name,parent_market_name,group_key,group_n,tracking_id,primary_outcome_to_track,outcome_contract_question,region,bucket,system_type,underlying_event_group,gamma_market_id,condition_id,exact_polymarket_slug,market_url,token_id,group_fair_value_raw,group_fair_value_norm,group_confidence,outcome_rationale_short,group_rationale_short,key_uncertainties_json,allocation_sum_raw,normalization_applied,evidence_packet_paths_json,prompt_hash,raw_response,parse_status,error,comparison_price,price_type,liquidity_flags,signal_ready
20260629T165455Z:Alaska Senate Election Winner:RSO-0030,20260629T165455Z,2026-06-29T16:54:55Z,group_fair_value_v0.1,ollama,qwen3:8b,Alaska Senate Election Winner,Alaska Senate Election Winner,5,RSO-0030,Mary Peltola,Will Mary Peltola win the Alaska Senate race in 2026?,US,us_senate,us_statewide,alaska_senate_2026,634976,0x19d2ff72e389d190c183e6b114817301d29eba651d67d75a38ee201a05188fd9,will-mary-peltola-win-the-alaska-senate-race-in-2026,https://polymarket.com/event/will-mary-peltola-win-the-alaska-senate-race-in-2026,72139607190315861034411702195742538105117960260100800877125381826122747504258,0.45,0.47368421,0.65,Democratic advantage and Peltola's establishment status,"Based on national Democratic advantage and Alaska's recent voting patterns, Mary Peltola is favored. However, uncertainty remains about candidate quality and state-specific factors.","[""National generic ballot translation to state outcomes"", ""Alaska's partisan lean"", ""Candidate quality effects"", ""Polling accuracy"", ""Special elections impact"", ""Unforeseen events""]",0.95,true,"[""evidence/shared/us_midterms_context.md"", ""evidence/parents/alaska-senate-2026.md"", ""evidence/parents/alaska-senate-election-winner.md"", ""evidence/markets/RSO-0030.md"", ""evidence/markets/RSO-0031.md"", ""evidence/markets/RSO-0032.md"", ""evidence/markets/RSO-0033.md"", ""evidence/markets/RSO-0034.md""]",03eec6a64e873561,"{""group_confidence"":0.65,""group_rationale_short"":""Based on national Democratic advantage and Alaska's recent voting patterns, Mary Peltola is favored. However, uncertainty remains about candidate quality and state-specific factors."",""key_uncertainties"":[""National generic ballot translation to state outcomes"",""Alaska's partisan lean"",""Candidate quality effects"",""Polling accuracy"",""Special elections impact"",""Unforeseen events""],""allocations"":[{""tracking_id"":""RSO-0030"",""fair_value"":0.45,""rationale_short"":""Democratic advantage and Peltola's establishment status""},{""tracking_id"":""RSO-0031"",""fair_value"":0.35,""rationale_short"":""Republican incumbent with national headwinds""},{""tracking_id"":""RSO-0032"",""fair_value"":0.05,""rationale_short"":""Long-shot outsider candidate""},{""tracking_id"":""RSO-0033"",""fair_value"":0.05,""rationale_short"":""Long-shot outsider candidate""},{""tracking_id"":""RSO-0034"",""fair_value"":0.05,""rationale_short"":""Long-shot outsider candidate""}]  






























}",OK,,0.695,mid,,true
20260629T165455Z:Alaska Senate Election Winner:RSO-0031,20260629T165455Z,2026-06-29T16:54:55Z,group_fair_value_v0.1,ollama,qwen3:8b,Alaska Senate Election Winner,Alaska Senate Election Winner,5,RSO-0031,Dan Sullivan,Will Dan Sullivan win the Alaska Senate race in 2026?,US,us_senate,us_statewide,alaska_senate_2026,634974,0x741bb46008b72234857c5118c8365ab3c2f69dbf28b30b59de04f173b8a778de,will-dan-sullivan-win-the-alaska-senate-race-in-2026,https://polymarket.com/event/will-dan-sullivan-win-the-alaska-senate-race-in-2026,2618138322856109565904469085316346602627882727483900432328802655317079880335,0.35,0.36842105,0.65,Republican incumbent with national headwinds,"Based on national Democratic advantage and Alaska's recent voting patterns, Mary Peltola is favored. However, uncertainty remains about candidate quality and state-specific factors.","[""National generic ballot translation to state outcomes"", ""Alaska's partisan lean"", ""Candidate quality effects"", ""Polling accuracy"", ""Special elections impact"", ""Unforeseen events""]",0.95,true,"[""evidence/shared/us_midterms_context.md"", ""evidence/parents/alaska-senate-2026.md"", ""evidence/parents/alaska-senate-election-winner.md"", ""evidence/markets/RSO-0030.md"", ""evidence/markets/RSO-0031.md"", ""evidence/markets/RSO-0032.md"", ""evidence/markets/RSO-0033.md"", ""evidence/markets/RSO-0034.md""]",03eec6a64e873561,"{""group_confidence"":0.65,""group_rationale_short"":""Based on national Democratic advantage and Alaska's recent voting patterns, Mary Peltola is favored. However, uncertainty remains about candidate quality and state-specific factors."",""key_uncertainties"":[""National generic ballot translation to state outcomes"",""Alaska's partisan lean"",""Candidate quality effects"",""Polling accuracy"",""Special elections impact"",""Unforeseen events""],""allocations"":[{""tracking_id"":""RSO-0030"",""fair_value"":0.45,""rationale_short"":""Democratic advantage and Peltola's establishment status""},{""tracking_id"":""RSO-0031"",""fair_value"":0.35,""rationale_short"":""Republican incumbent with national headwinds""},{""tracking_id"":""RSO-0032"",""fair_value"":0.05,""rationale_short"":""Long-shot outsider candidate""},{""tracking_id"":""RSO-0033"",""fair_value"":0.05,""rationale_short"":""Long-shot outsider candidate""},{""tracking_id"":""RSO-0034"",""fair_value"":0.05,""rationale_short"":""Long-shot outsider candidate""}]  






























}",OK,,0.305,mid,,true
20260629T165455Z:Alaska Senate Election Winner:RSO-0032,20260629T165455Z,2026-06-29T16:54:55Z,group_fair_value_v0.1,ollama,qwen3:8b,Alaska Senate Election Winner,Alaska Senate Election Winner,5,RSO-0032,Dustin Darden,Will Dustin Darden win the Alaska Senate race in 2026?,US,us_senate,us_statewide,alaska_senate_2026,634977,0xec751bd3e1cf4d22a1dee41ee85c7304bdb7b6ed6dccc807e88ef2603b4a6449,will-dustin-darden-win-the-alaska-senate-race-in-2026,https://polymarket.com/event/will-dustin-darden-win-the-alaska-senate-race-in-2026,29311755935786363205680204536643787054260832125056777867606384726291200747800,0.05,0.05263158,0.65,Long-shot outsider candidate,"Based on national Democratic advantage and Alaska's recent voting patterns, Mary Peltola is favored. However, uncertainty remains about candidate quality and state-specific factors.","[""National generic ballot translation to state outcomes"", ""Alaska's partisan lean"", ""Candidate quality effects"", ""Polling accuracy"", ""Special elections impact"", ""Unforeseen events""]",0.95,true,"[""evidence/shared/us_midterms_context.md"", ""evidence/parents/alaska-senate-2026.md"", ""evidence/parents/alaska-senate-election-winner.md"", ""evidence/markets/RSO-0030.md"", ""evidence/markets/RSO-0031.md"", ""evidence/markets/RSO-0032.md"", ""evidence/markets/RSO-0033.md"", ""evidence/markets/RSO-0034.md""]",03eec6a64e873561,"{""group_confidence"":0.65,""group_rationale_short"":""Based on national Democratic advantage and Alaska's recent voting patterns, Mary Peltola is favored. However, uncertainty remains about candidate quality and state-specific factors."",""key_uncertainties"":[""National generic ballot translation to state outcomes"",""Alaska's partisan lean"",""Candidate quality effects"",""Polling accuracy"",""Special elections impact"",""Unforeseen events""],""allocations"":[{""tracking_id"":""RSO-0030"",""fair_value"":0.45,""rationale_short"":""Democratic advantage and Peltola's establishment status""},{""tracking_id"":""RSO-0031"",""fair_value"":0.35,""rationale_short"":""Republican incumbent with national headwinds""},{""tracking_id"":""RSO-0032"",""fair_value"":0.05,""rationale_short"":""Long-shot outsider candidate""},{""tracking_id"":""RSO-0033"",""fair_value"":0.05,""rationale_short"":""Long-shot outsider candidate""},{""tracking_id"":""RSO-0034"",""fair_value"":0.05,""rationale_short"":""Long-shot outsider candidate""}]  






























}",OK,,0.001,ask_only,no_bids,true
20260629T165455Z:Alaska Senate Election Winner:RSO-0033,20260629T165455Z,2026-06-29T16:54:55Z,group_fair_value_v0.1,ollama,qwen3:8b,Alaska Senate Election Winner,Alaska Senate Election Winner,5,RSO-0033,Ann Diener,Will Ann Diener win the Alaska Senate race in 2026?,US,us_senate,us_statewide,alaska_senate_2026,634975,0xa26ab383a1f115fa8d2b0fcbac29bcd6a9843ec8c1d160b0a122917230c3c96a,will-ann-diener-win-the-alaska-senate-race-in-2026,https://polymarket.com/event/will-ann-diener-win-the-alaska-senate-race-in-2026,20310786951537091150920478212676759242565921145568245906943451694162568762258,0.05,0.05263158,0.65,Long-shot outsider candidate,"Based on national Democratic advantage and Alaska's recent voting patterns, Mary Peltola is favored. However, uncertainty remains about candidate quality and state-specific factors.","[""National generic ballot translation to state outcomes"", ""Alaska's partisan lean"", ""Candidate quality effects"", ""Polling accuracy"", ""Special elections impact"", ""Unforeseen events""]",0.95,true,"[""evidence/shared/us_midterms_context.md"", ""evidence/parents/alaska-senate-2026.md"", ""evidence/parents/alaska-senate-election-winner.md"", ""evidence/markets/RSO-0030.md"", ""evidence/markets/RSO-0031.md"", ""evidence/markets/RSO-0032.md"", ""evidence/markets/RSO-0033.md"", ""evidence/markets/RSO-0034.md""]",03eec6a64e873561,"{""group_confidence"":0.65,""group_rationale_short"":""Based on national Democratic advantage and Alaska's recent voting patterns, Mary Peltola is favored. However, uncertainty remains about candidate quality and state-specific factors."",""key_uncertainties"":[""National generic ballot translation to state outcomes"",""Alaska's partisan lean"",""Candidate quality effects"",""Polling accuracy"",""Special elections impact"",""Unforeseen events""],""allocations"":[{""tracking_id"":""RSO-0030"",""fair_value"":0.45,""rationale_short"":""Democratic advantage and Peltola's establishment status""},{""tracking_id"":""RSO-0031"",""fair_value"":0.35,""rationale_short"":""Republican incumbent with national headwinds""},{""tracking_id"":""RSO-0032"",""fair_value"":0.05,""rationale_short"":""Long-shot outsider candidate""},{""tracking_id"":""RSO-0033"",""fair_value"":0.05,""rationale_short"":""Long-shot outsider candidate""},{""tracking_id"":""RSO-0034"",""fair_value"":0.05,""rationale_short"":""Long-shot outsider candidate""}]  






























}",OK,,0.001,ask_only,no_bids,true
20260629T165455Z:Alaska Senate Election Winner:RSO-0034,20260629T165455Z,2026-06-29T16:54:55Z,group_fair_value_v0.1,ollama,qwen3:8b,Alaska Senate Election Winner,Alaska Senate Election Winner,5,RSO-0034,Richard Grayson,Will Richard Grayson win the Alaska Senate race in 2026?,US,us_senate,us_statewide,alaska_senate_2026,634978,0x998ee2bd25cea8e07eaf1b1f1be82ba6c3ecfd74c28a87497786103d84fd06d8,will-richard-grayson-win-the-alaska-senate-race-in-2026,https://polymarket.com/event/will-richard-grayson-win-the-alaska-senate-race-in-2026,59588004575158257289531312065982350985369269880352045258164216668046489178917,0.05,0.05263158,0.65,Long-shot outsider candidate,"Based on national Democratic advantage and Alaska's recent voting patterns, Mary Peltola is favored. However, uncertainty remains about candidate quality and state-specific factors.","[""National generic ballot translation to state outcomes"", ""Alaska's partisan lean"", ""Candidate quality effects"", ""Polling accuracy"", ""Special elections impact"", ""Unforeseen events""]",0.95,true,"[""evidence/shared/us_midterms_context.md"", ""evidence/parents/alaska-senate-2026.md"", ""evidence/parents/alaska-senate-election-winner.md"", ""evidence/markets/RSO-0030.md"", ""evidence/markets/RSO-0031.md"", ""evidence/markets/RSO-0032.md"", ""evidence/markets/RSO-0033.md"", ""evidence/markets/RSO-0034.md""]",03eec6a64e873561,"{""group_confidence"":0.65,""group_rationale_short"":""Based on national Democratic advantage and Alaska's recent voting patterns, Mary Peltola is favored. However, uncertainty remains about candidate quality and state-specific factors."",""key_uncertainties"":[""National generic ballot translation to state outcomes"",""Alaska's partisan lean"",""Candidate quality effects"",""Polling accuracy"",""Special elections impact"",""Unforeseen events""],""allocations"":[{""tracking_id"":""RSO-0030"",""fair_value"":0.45,""rationale_short"":""Democratic advantage and Peltola's establishment status""},{""tracking_id"":""RSO-0031"",""fair_value"":0.35,""rationale_short"":""Republican incumbent with national headwinds""},{""tracking_id"":""RSO-0032"",""fair_value"":0.05,""rationale_short"":""Long-shot outsider candidate""},{""tracking_id"":""RSO-0033"",""fair_value"":0.05,""rationale_short"":""Long-shot outsider candidate""},{""tracking_id"":""RSO-0034"",""fair_value"":0.05,""rationale_short"":""Long-shot outsider candidate""}]  






























}",OK,,0.001,ask_only,no_bids,true
20260629T165455Z:Brazil Presidential Election:RSO-0076,20260629T165455Z,2026-06-29T16:54:55Z,group_fair_value_v0.1,ollama,qwen3:8b,Brazil Presidential Election,Brazil Presidential Election,17,RSO-0076,Luiz Inácio Lula da Silva,Will Luiz Inácio Lula da Silva win the 2026 Brazilian presidential election?,Brazil,brazil_presidential,presidential_two_round,brazil_president_winner_2026,601819,0xdf8e2dc5860027decbe6164555c3c1c9645c3bd33e16b9dc57ca87125047d4a8,will-luiz-incio-lula-da-silva-win-the-2026-brazilian-presidential-election,https://polymarket.com/event/will-luiz-incio-lula-da-silva-win-the-2026-brazilian-presidential-election,30630994248667897740988010928640156931882346081873066002335460180076741328029,0.35,0.38674033,0.7,Incumbent with strong coalition and polling lead but faces economic and corruption risks.,"Based on Datafolha polling, Lula is the favorite but not a lock, with Flávio Bolsonaro as the main right-wing challenger. Other candidates have lower probabilities due to weaker polling and less narrative relevance.","[""Lula's economic approval"", ""Flávio's family conflicts"", ""Right-wing fragmentation"", ""Polling accuracy"", ""Legal risks for Flávio"", ""Unforeseen events""]",0.905,true,"[""evidence/shared/brazil_context.md"", ""evidence/parents/brazil-president-winner-2026.md"", ""evidence/parents/brazil-presidential-election.md""]",a29ddd32d0c0c158,"{""group_confidence"":0.7,""group_rationale_short"":""Based on Datafolha polling, Lula is the favorite but not a lock, with Flávio Bolsonaro as the main right-wing challenger. Other candidates have lower probabilities due to weaker polling and less narrative relevance."",""key_uncertainties"":[""Lula's economic approval"",""Flávio's family conflicts"",""Right-wing fragmentation"",""Polling accuracy"",""Legal risks for Flávio"",""Unforeseen events""],""allocations"":[{""tracking_id"":""RSO-0076"",""fair_value"":0.35,""rationale_short"":""Incumbent with strong coalition and polling lead but faces economic and corruption risks.""},{""tracking_id"":""RSO-0077"",""fair_value"":0.25,""rationale_short"":""Main right-wing challenger with family name but faces family conflicts and legal risks.""},{""tracking_id"":""RSO-0078"",""fair_value"":0.08,""rationale_short"":""Youth appeal and right-wing narrative but lower national polling support.""},{""tracking_id"":""RSO-0079"",""fair_value"":0.05,""rationale_short"":""Bolsonaro family name but lower polling and less direct candidacy.""},{""tracking_id"":""RSO-0080"",""fair_value"":0.05,""rationale_short"":""Centrist with moderate support but not a major contender.""},{""tracking_id"":""RSO-0081"",""fair_value"":0.03,""rationale_short"":""Left-wing candidate with moderate support but not a major contender.""},{""tracking_id"":""RSO-0082"",""fair_value"":0.02,""rationale_short"":""Centrist with moderate support but not a major contender.""},{""tracking_id"":""RSO-0083"",""fair_value"":0.02,""rationale_short"":""Bolsonaro family name but lower polling and less direct candidacy.""},{""tracking_id"":""RSO-0084"",""fair_value"":0.01,""rationale_short"":""Bolsonaro barred from office until 2030, so unlikely to win.""},{""tracking_id"":""RSO-0085"",""fair_value"":0.01,""rationale_short"":""Centrist with moderate support but not a major contender.""},{""tracking_id"":""RSO-0086"",""fair_value"":0.005,""rationale_short"":""Long-tail candidate with low polling and narrative relevance.""},{""tracking_id"":""RSO-0087"",""fair_value"":0.005,""rationale_short"":""Long-tail candidate with low polling and narrative relevance.""},{""tracking_id"":""RSO-0088"",""fair_value"":0.005,""rationale_short"":""Bolsonaro family name but low polling and narrative relevance.""},{""tracking_id"":""RSO-0089"",""fair_value"":0.005,""rationale_short"":""Long-tail candidate with low polling and narrative relevance.""},{""tracking_id"":""RSO-0090"",""fair_value"":0.005,""rationale_short"":""Long-tail candidate with low polling and narrative relevance.""},{""tracking_id"":""RSO-0091"",""fair_value"":0.005,""rationale_short"":""Long-tail candidate with low polling and narrative relevance.""},{""tracking_id"":""RSO-0092"",""fair_value"":0.005,""rationale_short"":""Long-tail candidate with low polling and narrative relevance.""}],""total_probability"":0.995,""group_rationale_long"":""The probability distribution is based on the latest Datafolha polling which shows Lula leading Flávio Bolsonaro in the first-round scenario. However, the election is not a foregone conclusion due to the potential for right-wing fragmentation and the risks associated with Lula's economic approval and corruption baggage. Flávio Bolsonaro is the main right-wing challenger but faces family conflicts and legal risks. Other candidates have lower probabilities due to weaker polling and less narrative relevance. The distribution accounts for the possibility of a runoff and the need to allocate probability mass across all listed options while maintaining a conservative approach under uncertainty.""}",OK,,0.565,mid,,true
20260629T165455Z:Brazil Presidential Election:RSO-0077,20260629T165455Z,2026-06-29T16:54:55Z,group_fair_value_v0.1,ollama,qwen3:8b,Brazil Presidential Election,Brazil Presidential Election,17,RSO-0077,Flávio Bolsonaro,Will Flávio Bolsonaro win the 2026 Brazilian presidential election?,Brazil,brazil_presidential,presidential_two_round,brazil_president_winner_2026,601826,0x1a01bf78f56a507fcb666d564d8c8b91b0750679163ed6e96746102c9b7d285d,will-flvio-bolsonaro-win-the-2026-brazilian-presidential-election,https://polymarket.com/event/will-flvio-bolsonaro-win-the-2026-brazilian-presidential-election,109876868437950584369987384406356259939519193117253465815665152916226511121427,0.25,0.27624309,0.7,Main right-wing challenger with family name but faces family conflicts and legal risks.,"Based on Datafolha polling, Lula is the favorite but not a lock, with Flávio Bolsonaro as the main right-wing challenger. Other candidates have lower probabilities due to weaker polling and less narrative relevance.","[""Lula's economic approval"", ""Flávio's family conflicts"", ""Right-wing fragmentation"", ""Polling accuracy"", ""Legal risks for Flávio"", ""Unforeseen events""]",0.905,true,"[""evidence/shared/brazil_context.md"", ""evidence/parents/brazil-president-winner-2026.md"", ""evidence/parents/brazil-presidential-election.md""]",a29ddd32d0c0c158,"{""group_confidence"":0.7,""group_rationale_short"":""Based on Datafolha polling, Lula is the favorite but not a lock, with Flávio Bolsonaro as the main right-wing challenger. Other candidates have lower probabilities due to weaker polling and less narrative relevance."",""key_uncertainties"":[""Lula's economic approval"",""Flávio's family conflicts"",""Right-wing fragmentation"",""Polling accuracy"",""Legal risks for Flávio"",""Unforeseen events""],""allocations"":[{""tracking_id"":""RSO-0076"",""fair_value"":0.35,""rationale_short"":""Incumbent with strong coalition and polling lead but faces economic and corruption risks.""},{""tracking_id"":""RSO-0077"",""fair_value"":0.25,""rationale_short"":""Main right-wing challenger with family name but faces family conflicts and legal risks.""},{""tracking_id"":""RSO-0078"",""fair_value"":0.08,""rationale_short"":""Youth appeal and right-wing narrative but lower national polling support.""},{""tracking_id"":""RSO-0079"",""fair_value"":0.05,""rationale_short"":""Bolsonaro family name but lower polling and less direct candidacy.""},{""tracking_id"":""RSO-0080"",""fair_value"":0.05,""rationale_short"":""Centrist with moderate support but not a major contender.""},{""tracking_id"":""RSO-0081"",""fair_value"":0.03,""rationale_short"":""Left-wing candidate with moderate support but not a major contender.""},{""tracking_id"":""RSO-0082"",""fair_value"":0.02,""rationale_short"":""Centrist with moderate support but not a major contender.""},{""tracking_id"":""RSO-0083"",""fair_value"":0.02,""rationale_short"":""Bolsonaro family name but lower polling and less direct candidacy.""},{""tracking_id"":""RSO-0084"",""fair_value"":0.01,""rationale_short"":""Bolsonaro barred from office until 2030, so unlikely to win.""},{""tracking_id"":""RSO-0085"",""fair_value"":0.01,""rationale_short"":""Centrist with moderate support but not a major contender.""},{""tracking_id"":""RSO-0086"",""fair_value"":0.005,""rationale_short"":""Long-tail candidate with low polling and narrative relevance.""},{""tracking_id"":""RSO-0087"",""fair_value"":0.005,""rationale_short"":""Long-tail candidate with low polling and narrative relevance.""},{""tracking_id"":""RSO-0088"",""fair_value"":0.005,""rationale_short"":""Bolsonaro family name but low polling and narrative relevance.""},{""tracking_id"":""RSO-0089"",""fair_value"":0.005,""rationale_short"":""Long-tail candidate with low polling and narrative relevance.""},{""tracking_id"":""RSO-0090"",""fair_value"":0.005,""rationale_short"":""Long-tail candidate with low polling and narrative relevance.""},{""tracking_id"":""RSO-0091"",""fair_value"":0.005,""rationale_short"":""Long-tail candidate with low polling and narrative relevance.""},{""tracking_id"":""RSO-0092"",""fair_value"":0.005,""rationale_short"":""Long-tail candidate with low polling and narrative relevance.""}],""total_probability"":0.995,""group_rationale_long"":""The probability distribution is based on the latest Datafolha polling which shows Lula leading Flávio Bolsonaro in the first-round scenario. However, the election is not a foregone conclusion due to the potential for right-wing fragmentation and the risks associated with Lula's economic approval and corruption baggage. Flávio Bolsonaro is the main right-wing challenger but faces family conflicts and legal risks. Other candidates have lower probabilities due to weaker polling and less narrative relevance. The distribution accounts for the possibility of a runoff and the need to allocate probability mass across all listed options while maintaining a conservative approach under uncertainty.""}",OK,,0.2215,mid,,true
20260629T165455Z:Brazil Presidential Election:RSO-0078,20260629T165455Z,2026-06-29T16:54:55Z,group_fair_value_v0.1,ollama,qwen3:8b,Brazil Presidential Election,Brazil Presidential Election,17,RSO-0078,Renan Santos,Will Renan Santos win the 2026 Brazilian presidential election?,Brazil,brazil_presidential,presidential_two_round,brazil_president_winner_2026,601825,0x05297f854d3b757d5e51a1a29c7f225a80b14b2a161d6b7f9a61677da7a80ced,will-renan-santos-win-the-2026-brazilian-presidential-election,https://polymarket.com/event/will-renan-santos-win-the-2026-brazilian-presidential-election,93998891488819623915454849994768171534113749478841216025646247933473925258016,0.08,0.08839779,0.7,Youth appeal and right-wing narrative but lower national polling support.,"Based on Datafolha polling, Lula is the favorite but not a lock, with Flávio Bolsonaro as the main right-wing challenger. Other candidates have lower probabilities due to weaker polling and less narrative relevance.","[""Lula's economic approval"", ""Flávio's family conflicts"", ""Right-wing fragmentation"", ""Polling accuracy"", ""Legal risks for Flávio"", ""Unforeseen events""]",0.905,true,"[""evidence/shared/brazil_context.md"", ""evidence/parents/brazil-president-winner-2026.md"", ""evidence/parents/brazil-presidential-election.md""]",a29ddd32d0c0c158,"{""group_confidence"":0.7,""group_rationale_short"":""Based on Datafolha polling, Lula is the favorite but not a lock, with Flávio Bolsonaro as the main right-wing challenger. Other candidates have lower probabilities due to weaker polling and less narrative relevance."",""key_uncertainties"":[""Lula's economic approval"",""Flávio's family conflicts"",""Right-wing fragmentation"",""Polling accuracy"",""Legal risks for Flávio"",""Unforeseen events""],""allocations"":[{""tracking_id"":""RSO-0076"",""fair_value"":0.35,""rationale_short"":""Incumbent with strong coalition and polling lead but faces economic and corruption risks.""},{""tracking_id"":""RSO-0077"",""fair_value"":0.25,""rationale_short"":""Main right-wing challenger with family name but faces family conflicts and legal risks.""},{""tracking_id"":""RSO-0078"",""fair_value"":0.08,""rationale_short"":""Youth appeal and right-wing narrative but lower national polling support.""},{""tracking_id"":""RSO-0079"",""fair_value"":0.05,""rationale_short"":""Bolsonaro family name but lower polling and less direct candidacy.""},{""tracking_id"":""RSO-0080"",""fair_value"":0.05,""rationale_short"":""Centrist with moderate support but not a major contender.""},{""tracking_id"":""RSO-0081"",""fair_value"":0.03,""rationale_short"":""Left-wing candidate with moderate support but not a major contender.""},{""tracking_id"":""RSO-0082"",""fair_value"":0.02,""rationale_short"":""Centrist with moderate support but not a major contender.""},{""tracking_id"":""RSO-0083"",""fair_value"":0.02,""rationale_short"":""Bolsonaro family name but lower polling and less direct candidacy.""},{""tracking_id"":""RSO-0084"",""fair_value"":0.01,""rationale_short"":""Bolsonaro barred from office until 2030, so unlikely to win.""},{""tracking_id"":""RSO-0085"",""fair_value"":0.01,""rationale_short"":""Centrist with moderate support but not a major contender.""},{""tracking_id"":""RSO-0086"",""fair_value"":0.005,""rationale_short"":""Long-tail candidate with low polling and narrative relevance.""},{""tracking_id"":""RSO-0087"",""fair_value"":0.005,""rationale_short"":""Long-tail candidate with low polling and narrative relevance.""},{""tracking_id"":""RSO-0088"",""fair_value"":0.005,""rationale_short"":""Bolsonaro family name but low polling and narrative relevance.""},{""tracking_id"":""RSO-0089"",""fair_value"":0.005,""rationale_short"":""Long-tail candidate with low polling and narrative relevance.""},{""tracking_id"":""RSO-0090"",""fair_value"":0.005,""rationale_short"":""Long-tail candidate with low polling and narrative relevance.""},{""tracking_id"":""RSO-0091"",""fair_value"":0.005,""rationale_short"":""Long-tail candidate with low polling and narrative relevance.""},{""tracking_id"":""RSO-0092"",""fair_value"":0.005,""rationale_short"":""Long-tail candidate with low polling and narrative relevance.""}],""total_probability"":0.995,""group_rationale_long"":""The probability distribution is based on the latest Datafolha polling which shows Lula leading Flávio Bolsonaro in the first-round scenario. However, the election is not a foregone conclusion due to the potential for right-wing fragmentation and the risks associated with Lula's economic approval and corruption baggage. Flávio Bolsonaro is the main right-wing challenger but faces family conflicts and legal risks. Other candidates have lower probabilities due to weaker polling and less narrative relevance. The distribution accounts for the possibility of a runoff and the need to allocate probability mass across all listed options while maintaining a conservative approach under uncertainty.""}",OK,,0.1155,mid,,true
20260629T165455Z:Brazil Presidential Election:RSO-0079,20260629T165455Z,2026-06-29T16:54:55Z,group_fair_value_v0.1,ollama,qwen3:8b,Brazil Presidential Election,Brazil Presidential Election,17,RSO-0079,Michelle Bolsonaro,Will Michelle Bolsonaro win the 2026 Brazilian presidential election?,Brazil,brazil_presidential,presidential_two_round,brazil_president_winner_2026,601822,0x37ec4c6b57a18b16eed1241f6155ee7ff45bc1697d7848f15ac33d406e38ed00,will-michelle-bolsonaro-win-the-2026-brazilian-presidential-election,https://polymarket.com/event/will-michelle-bolsonaro-win-the-2026-brazilian-presidential-election,91154058715822908897619103072380844452822017332608583147987152526225529443892,0.05,0.05524862,0.7,Bolsonaro family name but lower polling and less direct candidacy.,"Based on Datafolha polling, Lula is the favorite but not a lock, with Flávio Bolsonaro as the main right-wing challenger. Other candidates have lower probabilities due to weaker polling and less narrative relevance.","[""Lula's economic approval"", ""Flávio's family conflicts"", ""Right-wing fragmentation"", ""Polling accuracy"", ""Legal risks for Flávio"", ""Unforeseen events""]",0.905,true,"[""evidence/shared/brazil_context.md"", ""evidence/parents/brazil-president-winner-2026.md"", ""evidence/parents/brazil-presidential-election.md""]",a29ddd32d0c0c158,"{""group_confidence"":0.7,""group_rationale_short"":""Based on Datafolha polling, Lula is the favorite but not a lock, with Flávio Bolsonaro as the main right-wing challenger. Other candidates have lower probabilities due to weaker polling and less narrative relevance."",""key_uncertainties"":[""Lula's economic approval"",""Flávio's family conflicts"",""Right-wing fragmentation"",""Polling accuracy"",""Legal risks for Flávio"",""Unforeseen events""],""allocations"":[{""tracking_id"":""RSO-0076"",""fair_value"":0.35,""rationale_short"":""Incumbent with strong coalition and polling lead but faces economic and corruption risks.""},{""tracking_id"":""RSO-0077"",""fair_value"":0.25,""rationale_short"":""Main right-wing challenger with family name but faces family conflicts and legal risks.""},{""tracking_id"":""RSO-0078"",""fair_value"":0.08,""rationale_short"":""Youth appeal and right-wing narrative but lower national polling support.""},{""tracking_id"":""RSO-0079"",""fair_value"":0.05,""rationale_short"":""Bolsonaro family name but lower polling and less direct candidacy.""},{""tracking_id"":""RSO-0080"",""fair_value"":0.05,""rationale_short"":""Centrist with moderate support but not a major contender.""},{""tracking_id"":""RSO-0081"",""fair_value"":0.03,""rationale_short"":""Left-wing candidate with moderate support but not a major contender.""},{""tracking_id"":""RSO-0082"",""fair_value"":0.02,""rationale_short"":""Centrist with moderate support but not a major contender.""},{""tracking_id"":""RSO-0083"",""fair_value"":0.02,""rationale_short"":""Bolsonaro family name but lower polling and less direct candidacy.""},{""tracking_id"":""RSO-0084"",""fair_value"":0.01,""rationale_short"":""Bolsonaro barred from office until 2030, so unlikely to win.""},{""tracking_id"":""RSO-0085"",""fair_value"":0.01,""rationale_short"":""Centrist with moderate support but not a major contender.""},{""tracking_id"":""RSO-0086"",""fair_value"":0.005,""rationale_short"":""Long-tail candidate with low polling and narrative relevance.""},{""tracking_id"":""RSO-0087"",""fair_value"":0.005,""rationale_short"":""Long-tail candidate with low polling and narrative relevance.""},{""tracking_id"":""RSO-0088"",""fair_value"":0.005,""rationale_short"":""Bolsonaro family name but low polling and narrative relevance.""},{""tracking_id"":""RSO-0089"",""fair_value"":0.005,""rationale_short"":""Long-tail candidate with low polling and narrative relevance.""},{""tracking_id"":""RSO-0090"",""fair_value"":0.005,""rationale_short"":""Long-tail candidate with low polling and narrative relevance.""},{""tracking_id"":""RSO-0091"",""fair_value"":0.005,""rationale_short"":""Long-tail candidate with low polling and narrative relevance.""},{""tracking_id"":""RSO-0092"",""fair_value"":0.005,""rationale_short"":""Long-tail candidate with low polling and narrative relevance.""}],""total_probability"":0.995,""group_rationale_long"":""The probability distribution is based on the latest Datafolha polling which shows Lula leading Flávio Bolsonaro in the first-round scenario. However, the election is not a foregone conclusion due to the potential for right-wing fragmentation and the risks associated with Lula's economic approval and corruption baggage. Flávio Bolsonaro is the main right-wing challenger but faces family conflicts and legal risks. Other candidates have lower probabilities due to weaker polling and less narrative relevance. The distribution accounts for the possibility of a runoff and the need to allocate probability mass across all listed options while maintaining a conservative approach under uncertainty.""}",OK,,0.028,mid,,true
20260629T165455Z:Brazil Presidential Election:RSO-0080,20260629T165455Z,2026-06-29T16:54:55Z,group_fair_value_v0.1,ollama,qwen3:8b,Brazil Presidential Election,Brazil Presidential Election,17,RSO-0080,Ronaldo Caiado,Will Ronaldo Caiado win the 2026 Brazilian presidential election?,Brazil,brazil_presidential,presidential_two_round,brazil_president_winner_2026,601827,0xbca3d70ec52a5a441ccc365a3b1b48b9cd0f08dfff4bc5871e2cd92d0d92caa1,will-ronaldo-caiado-win-the-2026-brazilian-presidential-election,https://polymarket.com/event/will-ronaldo-caiado-win-the-2026-brazilian-presidential-election,36262307788727352725358528951052957737657822670589615830114396216160368496388,0.05,0.05524862,0.7,Centrist with moderate support but not a major contender.,"Based on Datafolha polling, Lula is the favorite but not a lock, with Flávio Bolsonaro as the main right-wing challenger. Other candidates have lower probabilities due to weaker polling and less narrative relevance.","[""Lula's economic approval"", ""Flávio's family conflicts"", ""Right-wing fragmentation"", ""Polling accuracy"", ""Legal risks for Flávio"", ""Unforeseen events""]",0.905,true,"[""evidence/shared/brazil_context.md"", ""evidence/parents/brazil-president-winner-2026.md"", ""evidence/parents/brazil-presidential-election.md""]",a29ddd32d0c0c158,"{""group_confidence"":0.7,""group_rationale_short"":""Based on Datafolha polling, Lula is the favorite but not a lock, with Flávio Bolsonaro as the main right-wing challenger. Other candidates have lower probabilities due to weaker polling and less narrative relevance."",""key_uncertainties"":[""Lula's economic approval"",""Flávio's family conflicts"",""Right-wing fragmentation"",""Polling accuracy"",""Legal risks for Flávio"",""Unforeseen events""],""allocations"":[{""tracking_id"":""RSO-0076"",""fair_value"":0.35,""rationale_short"":""Incumbent with strong coalition and polling lead but faces economic and corruption risks.""},{""tracking_id"":""RSO-0077"",""fair_value"":0.25,""rationale_short"":""Main right-wing challenger with family name but faces family conflicts and legal risks.""},{""tracking_id"":""RSO-0078"",""fair_value"":0.08,""rationale_short"":""Youth appeal and right-wing narrative but lower national polling support.""},{""tracking_id"":""RSO-0079"",""fair_value"":0.05,""rationale_short"":""Bolsonaro family name but lower polling and less direct candidacy.""},{""tracking_id"":""RSO-0080"",""fair_value"":0.05,""rationale_short"":""Centrist with moderate support but not a major contender.""},{""tracking_id"":""RSO-0081"",""fair_value"":0.03,""rationale_short"":""Left-wing candidate with moderate support but not a major contender.""},{""tracking_id"":""RSO-0082"",""fair_value"":0.02,""rationale_short"":""Centrist with moderate support but not a major contender.""},{""tracking_id"":""RSO-0083"",""fair_value"":0.02,""rationale_short"":""Bolsonaro family name but lower polling and less direct candidacy.""},{""tracking_id"":""RSO-0084"",""fair_value"":0.01,""rationale_short"":""Bolsonaro barred from office until 2030, so unlikely to win.""},{""tracking_id"":""RSO-0085"",""fair_value"":0.01,""rationale_short"":""Centrist with moderate support but not a major contender.""},{""tracking_id"":""RSO-0086"",""fair_value"":0.005,""rationale_short"":""Long-tail candidate with low polling and narrative relevance.""},{""tracking_id"":""RSO-0087"",""fair_value"":0.005,""rationale_short"":""Long-tail candidate with low polling and narrative relevance.""},{""tracking_id"":""RSO-0088"",""fair_value"":0.005,""rationale_short"":""Bolsonaro family name but low polling and narrative relevance.""},{""tracking_id"":""RSO-0089"",""fair_value"":0.005,""rationale_short"":""Long-tail candidate with low polling and narrative relevance.""},{""tracking_id"":""RSO-0090"",""fair_value"":0.005,""rationale_short"":""Long-tail candidate with low polling and narrative relevance.""},{""tracking_id"":""RSO-0091"",""fair_value"":0.005,""rationale_short"":""Long-tail candidate with low polling and narrative relevance.""},{""tracking_id"":""RSO-0092"",""fair_value"":0.005,""rationale_short"":""Long-tail candidate with low polling and narrative relevance.""}],""total_probability"":0.995,""group_rationale_long"":""The probability distribution is based on the latest Datafolha polling which shows Lula leading Flávio Bolsonaro in the first-round scenario. However, the election is not a foregone conclusion due to the potential for right-wing fragmentation and the risks associated with Lula's economic approval and corruption baggage. Flávio Bolsonaro is the main right-wing challenger but faces family conflicts and legal risks. Other candidates have lower probabilities due to weaker polling and less narrative relevance. The distribution accounts for the possibility of a runoff and the need to allocate probability mass across all listed options while maintaining a conservative approach under uncertainty.""}",OK,,0.0125,mid,,true
20260629T165455Z:Brazil Presidential Election:RSO-0081,20260629T165455Z,2026-06-29T16:54:55Z,group_fair_value_v0.1,ollama,qwen3:8b,Brazil Presidential Election,Brazil Presidential Election,17,RSO-0081,Fernando Haddad,Will Fernando Haddad win the 2026 Brazilian presidential election?,Brazil,brazil_presidential,presidential_two_round,brazil_president_winner_2026,601821,0xdd3d104667774208eae2239f576122ecdd1c04ba81cc14d26d22a36b33887977,will-fernando-haddad-win-the-2026-brazilian-presidential-election,https://polymarket.com/event/will-fernando-haddad-win-the-2026-brazilian-presidential-election,34763699632057764824138626876692302096202604335992573366008355204521657293675,0.03,0.03314917,0.7,Left-wing candidate with moderate support but not a major contender.,"Based on Datafolha polling, Lula is the favorite but not a lock, with Flávio Bolsonaro as the main right-wing challenger. Other candidates have lower probabilities due to weaker polling and less narrative relevance.","[""Lula's economic approval"", ""Flávio's family conflicts"", ""Right-wing fragmentation"", ""Polling accuracy"", ""Legal risks for Flávio"", ""Unforeseen events""]",0.905,true,"[""evidence/shared/brazil_context.md"", ""evidence/parents/brazil-president-winner-2026.md"", ""evidence/parents/brazil-presidential-election.md""]",a29ddd32d0c0c158,"{""group_confidence"":0.7,""group_rationale_short"":""Based on Datafolha polling, Lula is the favorite but not a lock, with Flávio Bolsonaro as the main right-wing challenger. Other candidates have lower probabilities due to weaker polling and less narrative relevance."",""key_uncertainties"":[""Lula's economic approval"",""Flávio's family conflicts"",""Right-wing fragmentation"",""Polling accuracy"",""Legal risks for Flávio"",""Unforeseen events""],""allocations"":[{""tracking_id"":""RSO-0076"",""fair_value"":0.35,""rationale_short"":""Incumbent with strong coalition and polling lead but faces economic and corruption risks.""},{""tracking_id"":""RSO-0077"",""fair_value"":0.25,""rationale_short"":""Main right-wing challenger with family name but faces family conflicts and legal risks.""},{""tracking_id"":""RSO-0078"",""fair_value"":0.08,""rationale_short"":""Youth appeal and right-wing narrative but lower national polling support.""},{""tracking_id"":""RSO-0079"",""fair_value"":0.05,""rationale_short"":""Bolsonaro family name but lower polling and less direct candidacy.""},{""tracking_id"":""RSO-0080"",""fair_value"":0.05,""rationale_short"":""Centrist with moderate support but not a major contender.""},{""tracking_id"":""RSO-0081"",""fair_value"":0.03,""rationale_short"":""Left-wing candidate with moderate support but not a major contender.""},{""tracking_id"":""RSO-0082"",""fair_value"":0.02,""rationale_short"":""Centrist with moderate support but not a major contender.""},{""tracking_id"":""RSO-0083"",""fair_value"":0.02,""rationale_short"":""Bolsonaro family name but lower polling and less direct candidacy.""},{""tracking_id"":""RSO-0084"",""fair_value"":0.01,""rationale_short"":""Bolsonaro barred from office until 2030, so unlikely to win.""},{""tracking_id"":""RSO-0085"",""fair_value"":0.01,""rationale_short"":""Centrist with moderate support but not a major contender.""},{""tracking_id"":""RSO-0086"",""fair_value"":0.005,""rationale_short"":""Long-tail candidate with low polling and narrative relevance.""},{""tracking_id"":""RSO-0087"",""fair_value"":0.005,""rationale_short"":""Long-tail candidate with low polling and narrative relevance.""},{""tracking_id"":""RSO-0088"",""fair_value"":0.005,""rationale_short"":""Bolsonaro family name but low polling and narrative relevance.""},{""tracking_id"":""RSO-0089"",""fair_value"":0.005,""rationale_short"":""Long-tail candidate with low polling and narrative relevance.""},{""tracking_id"":""RSO-0090"",""fair_value"":0.005,""rationale_short"":""Long-tail candidate with low polling and narrative relevance.""},{""tracking_id"":""RSO-0091"",""fair_value"":0.005,""rationale_short"":""Long-tail candidate with low polling and narrative relevance.""},{""tracking_id"":""RSO-0092"",""fair_value"":0.005,""rationale_short"":""Long-tail candidate with low polling and narrative relevance.""}],""total_probability"":0.995,""group_rationale_long"":""The probability distribution is based on the latest Datafolha polling which shows Lula leading Flávio Bolsonaro in the first-round scenario. However, the election is not a foregone conclusion due to the potential for right-wing fragmentation and the risks associated with Lula's economic approval and corruption baggage. Flávio Bolsonaro is the main right-wing challenger but faces family conflicts and legal risks. Other candidates have lower probabilities due to weaker polling and less narrative relevance. The distribution accounts for the possibility of a runoff and the need to allocate probability mass across all listed options while maintaining a conservative approach under uncertainty.""}",OK,,0.0105,mid,,true
20260629T165455Z:Brazil Presidential Election:RSO-0082,20260629T165455Z,2026-06-29T16:54:55Z,group_fair_value_v0.1,ollama,qwen3:8b,Brazil Presidential Election,Brazil Presidential Election,17,RSO-0082,Camilo Santana,Will Camilo Santana win the 2026 Brazilian presidential election?,Brazil,brazil_presidential,presidential_two_round,brazil_president_winner_2026,601829,0x101d084cd035070abde58d8a3113b78e11ba68028b0d9e7e38ea7d780797aecc,will-camilo-santana-win-the-2026-brazilian-presidential-election,https://polymarket.com/event/will-camilo-santana-win-the-2026-brazilian-presidential-election,40200361970099951836914907993971598083846841136374094155950298822866778978473,0.02,0.02209945,0.7,Centrist with moderate support but not a major contender.,"Based on Datafolha polling, Lula is the favorite but not a lock, with Flávio Bolsonaro as the main right-wing challenger. Other candidates have lower probabilities due to weaker polling and less narrative relevance.","[""Lula's economic approval"", ""Flávio's family conflicts"", ""Right-wing fragmentation"", ""Polling accuracy"", ""Legal risks for Flávio"", ""Unforeseen events""]",0.905,true,"[""evidence/shared/brazil_context.md"", ""evidence/parents/brazil-president-winner-2026.md"", ""evidence/parents/brazil-presidential-election.md""]",a29ddd32d0c0c158,"{""group_confidence"":0.7,""group_rationale_short"":""Based on Datafolha polling, Lula is the favorite but not a lock, with Flávio Bolsonaro as the main right-wing challenger. Other candidates have lower probabilities due to weaker polling and less narrative relevance."",""key_uncertainties"":[""Lula's economic approval"",""Flávio's family conflicts"",""Right-wing fragmentation"",""Polling accuracy"",""Legal risks for Flávio"",""Unforeseen events""],""allocations"":[{""tracking_id"":""RSO-0076"",""fair_value"":0.35,""rationale_short"":""Incumbent with strong coalition and polling lead but faces economic and corruption risks.""},{""tracking_id"":""RSO-0077"",""fair_value"":0.25,""rationale_short"":""Main right-wing challenger with family name but faces family conflicts and legal risks.""},{""tracking_id"":""RSO-0078"",""fair_value"":0.08,""rationale_short"":""Youth appeal and right-wing narrative but lower national polling support.""},{""tracking_id"":""RSO-0079"",""fair_value"":0.05,""rationale_short"":""Bolsonaro family name but lower polling and less direct candidacy.""},{""tracking_id"":""RSO-0080"",""fair_value"":0.05,""rationale_short"":""Centrist with moderate support but not a major contender.""},{""tracking_id"":""RSO-0081"",""fair_value"":0.03,""rationale_short"":""Left-wing candidate with moderate support but not a major contender.""},{""tracking_id"":""RSO-0082"",""fair_value"":0.02,""rationale_short"":""Centrist with moderate support but not a major contender.""},{""tracking_id"":""RSO-0083"",""fair_value"":0.02,""rationale_short"":""Bolsonaro family name but lower polling and less direct candidacy.""},{""tracking_id"":""RSO-0084"",""fair_value"":0.01,""rationale_short"":""Bolsonaro barred from office until 2030, so unlikely to win.""},{""tracking_id"":""RSO-0085"",""fair_value"":0.01,""rationale_short"":""Centrist with moderate support but not a major contender.""},{""tracking_id"":""RSO-0086"",""fair_value"":0.005,""rationale_short"":""Long-tail candidate with low polling and narrative relevance.""},{""tracking_id"":""RSO-0087"",""fair_value"":0.005,""rationale_short"":""Long-tail candidate with low polling and narrative relevance.""},{""tracking_id"":""RSO-0088"",""fair_value"":0.005,""rationale_short"":""Bolsonaro family name but low polling and narrative relevance.""},{""tracking_id"":""RSO-0089"",""fair_value"":0.005,""rationale_short"":""Long-tail candidate with low polling and narrative relevance.""},{""tracking_id"":""RSO-0090"",""fair_value"":0.005,""rationale_short"":""Long-tail candidate with low polling and narrative relevance.""},{""tracking_id"":""RSO-0091"",""fair_value"":0.005,""rationale_short"":""Long-tail candidate with low polling and narrative relevance.""},{""tracking_id"":""RSO-0092"",""fair_value"":0.005,""rationale_short"":""Long-tail candidate with low polling and narrative relevance.""}],""total_probability"":0.995,""group_rationale_long"":""The probability distribution is based on the latest Datafolha polling which shows Lula leading Flávio Bolsonaro in the first-round scenario. However, the election is not a foregone conclusion due to the potential for right-wing fragmentation and the risks associated with Lula's economic approval and corruption baggage. Flávio Bolsonaro is the main right-wing challenger but faces family conflicts and legal risks. Other candidates have lower probabilities due to weaker polling and less narrative relevance. The distribution accounts for the possibility of a runoff and the need to allocate probability mass across all listed options while maintaining a conservative approach under uncertainty.""}",OK,,0.0065,mid,,true
20260629T165455Z:Brazil Presidential Election:RSO-0083,20260629T165455Z,2026-06-29T16:54:55Z,group_fair_value_v0.1,ollama,qwen3:8b,Brazil Presidential Election,Brazil Presidential Election,17,RSO-0083,Romeu Zema,Will Romeu Zema win the 2026 Brazilian presidential election?,Brazil,brazil_presidential,presidential_two_round,brazil_president_winner_2026,601828,0x054725b2a7971376f7924a7021221b12acc50fe78d97817824fe411704d5b5a2,will-romeu-zema-win-the-2026-brazilian-presidential-election,https://polymarket.com/event/will-romeu-zema-win-the-2026-brazilian-presidential-election,44340846524235712899508083510503343345123518718867913608211694999290628967401,0.02,0.02209945,0.7,Bolsonaro family name but lower polling and less direct candidacy.,"Based on Datafolha polling, Lula is the favorite but not a lock, with Flávio Bolsonaro as the main right-wing challenger. Other candidates have lower probabilities due to weaker polling and less narrative relevance.","[""Lula's economic approval"", ""Flávio's family conflicts"", ""Right-wing fragmentation"", ""Polling accuracy"", ""Legal risks for Flávio"", ""Unforeseen events""]",0.905,true,"[""evidence/shared/brazil_context.md"", ""evidence/parents/brazil-president-winner-2026.md"", ""evidence/parents/brazil-presidential-election.md""]",a29ddd32d0c0c158,"{""group_confidence"":0.7,""group_rationale_short"":""Based on Datafolha polling, Lula is the favorite but not a lock, with Flávio Bolsonaro as the main right-wing challenger. Other candidates have lower probabilities due to weaker polling and less narrative relevance."",""key_uncertainties"":[""Lula's economic approval"",""Flávio's family conflicts"",""Right-wing fragmentation"",""Polling accuracy"",""Legal risks for Flávio"",""Unforeseen events""],""allocations"":[{""tracking_id"":""RSO-0076"",""fair_value"":0.35,""rationale_short"":""Incumbent with strong coalition and polling lead but faces economic and corruption risks.""},{""tracking_id"":""RSO-0077"",""fair_value"":0.25,""rationale_short"":""Main right-wing challenger with family name but faces family conflicts and legal risks.""},{""tracking_id"":""RSO-0078"",""fair_value"":0.08,""rationale_short"":""Youth appeal and right-wing narrative but lower national polling support.""},{""tracking_id"":""RSO-0079"",""fair_value"":0.05,""rationale_short"":""Bolsonaro family name but lower polling and less direct candidacy.""},{""tracking_id"":""RSO-0080"",""fair_value"":0.05,""rationale_short"":""Centrist with moderate support but not a major contender.""},{""tracking_id"":""RSO-0081"",""fair_value"":0.03,""rationale_short"":""Left-wing candidate with moderate support but not a major contender.""},{""tracking_id"":""RSO-0082"",""fair_value"":0.02,""rationale_short"":""Centrist with moderate support but not a major contender.""},{""tracking_id"":""RSO-0083"",""fair_value"":0.02,""rationale_short"":""Bolsonaro family name but lower polling and less direct candidacy.""},{""tracking_id"":""RSO-0084"",""fair_value"":0.01,""rationale_short"":""Bolsonaro barred from office until 2030, so unlikely to win.""},{""tracking_id"":""RSO-0085"",""fair_value"":0.01,""rationale_short"":""Centrist with moderate support but not a major contender.""},{""tracking_id"":""RSO-0086"",""fair_value"":0.005,""rationale_short"":""Long-tail candidate with low polling and narrative relevance.""},{""tracking_id"":""RSO-0087"",""fair_value"":0.005,""rationale_short"":""Long-tail candidate with low polling and narrative relevance.""},{""tracking_id"":""RSO-0088"",""fair_value"":0.005,""rationale_short"":""Bolsonaro family name but low polling and narrative relevance.""},{""tracking_id"":""RSO-0089"",""fair_value"":0.005,""rationale_short"":""Long-tail candidate with low polling and narrative relevance.""},{""tracking_id"":""RSO-0090"",""fair_value"":0.005,""rationale_short"":""Long-tail candidate with low polling and narrative relevance.""},{""tracking_id"":""RSO-0091"",""fair_value"":0.005,""rationale_short"":""Long-tail candidate with low polling and narrative relevance.""},{""tracking_id"":""RSO-0092"",""fair_value"":0.005,""rationale_short"":""Long-tail candidate with low polling and narrative relevance.""}],""total_probability"":0.995,""group_rationale_long"":""The probability distribution is based on the latest Datafolha polling which shows Lula leading Flávio Bolsonaro in the first-round scenario. However, the election is not a foregone conclusion due to the potential for right-wing fragmentation and the risks associated with Lula's economic approval and corruption baggage. Flávio Bolsonaro is the main right-wing challenger but faces family conflicts and legal risks. Other candidates have lower probabilities due to weaker polling and less narrative relevance. The distribution accounts for the possibility of a runoff and the need to allocate probability mass across all listed options while maintaining a conservative approach under uncertainty.""}",OK,,0.0115,mid,,true
20260629T165455Z:Brazil Presidential Election:RSO-0084,20260629T165455Z,2026-06-29T16:54:55Z,group_fair_value_v0.1,ollama,qwen3:8b,Brazil Presidential Election,Brazil Presidential Election,17,RSO-0084,Jair Bolsonaro,Will Jair Bolsonaro win the 2026 Brazilian presidential election?,Brazil,brazil_presidential,presidential_two_round,brazil_president_winner_2026,601820,0x63d8f3a34c90bd5342dda8acf62b6a898dfa52f86475efaf180b66493ef6af80,will-jair-bolsonaro-win-the-2026-brazilian-presidential-election,https://polymarket.com/event/will-jair-bolsonaro-win-the-2026-brazilian-presidential-election,66991175107696133528353695394151645462081911990365106169948013117379189357520,0.01,0.01104972,0.7,"Bolsonaro barred from office until 2030, so unlikely to win.","Based on Datafolha polling, Lula is the favorite but not a lock, with Flávio Bolsonaro as the main right-wing challenger. Other candidates have lower probabilities due to weaker polling and less narrative relevance.","[""Lula's economic approval"", ""Flávio's family conflicts"", ""Right-wing fragmentation"", ""Polling accuracy"", ""Legal risks for Flávio"", ""Unforeseen events""]",0.905,true,"[""evidence/shared/brazil_context.md"", ""evidence/parents/brazil-president-winner-2026.md"", ""evidence/parents/brazil-presidential-election.md""]",a29ddd32d0c0c158,"{""group_confidence"":0.7,""group_rationale_short"":""Based on Datafolha polling, Lula is the favorite but not a lock, with Flávio Bolsonaro as the main right-wing challenger. Other candidates have lower probabilities due to weaker polling and less narrative relevance."",""key_uncertainties"":[""Lula's economic approval"",""Flávio's family conflicts"",""Right-wing fragmentation"",""Polling accuracy"",""Legal risks for Flávio"",""Unforeseen events""],""allocations"":[{""tracking_id"":""RSO-0076"",""fair_value"":0.35,""rationale_short"":""Incumbent with strong coalition and polling lead but faces economic and corruption risks.""},{""tracking_id"":""RSO-0077"",""fair_value"":0.25,""rationale_short"":""Main right-wing challenger with family name but faces family conflicts and legal risks.""},{""tracking_id"":""RSO-0078"",""fair_value"":0.08,""rationale_short"":""Youth appeal and right-wing narrative but lower national polling support.""},{""tracking_id"":""RSO-0079"",""fair_value"":0.05,""rationale_short"":""Bolsonaro family name but lower polling and less direct candidacy.""},{""tracking_id"":""RSO-0080"",""fair_value"":0.05,""rationale_short"":""Centrist with moderate support but not a major contender.""},{""tracking_id"":""RSO-0081"",""fair_value"":0.03,""rationale_short"":""Left-wing candidate with moderate support but not a major contender.""},{""tracking_id"":""RSO-0082"",""fair_value"":0.02,""rationale_short"":""Centrist with moderate support but not a major contender.""},{""tracking_id"":""RSO-0083"",""fair_value"":0.02,""rationale_short"":""Bolsonaro family name but lower polling and less direct candidacy.""},{""tracking_id"":""RSO-0084"",""fair_value"":0.01,""rationale_short"":""Bolsonaro barred from office until 2030, so unlikely to win.""},{""tracking_id"":""RSO-0085"",""fair_value"":0.01,""rationale_short"":""Centrist with moderate support but not a major contender.""},{""tracking_id"":""RSO-0086"",""fair_value"":0.005,""rationale_short"":""Long-tail candidate with low polling and narrative relevance.""},{""tracking_id"":""RSO-0087"",""fair_value"":0.005,""rationale_short"":""Long-tail candidate with low polling and narrative relevance.""},{""tracking_id"":""RSO-0088"",""fair_value"":0.005,""rationale_short"":""Bolsonaro family name but low polling and narrative relevance.""},{""tracking_id"":""RSO-0089"",""fair_value"":0.005,""rationale_short"":""Long-tail candidate with low polling and narrative relevance.""},{""tracking_id"":""RSO-0090"",""fair_value"":0.005,""rationale_short"":""Long-tail candidate with low polling and narrative relevance.""},{""tracking_id"":""RSO-0091"",""fair_value"":0.005,""rationale_short"":""Long-tail candidate with low polling and narrative relevance.""},{""tracking_id"":""RSO-0092"",""fair_value"":0.005,""rationale_short"":""Long-tail candidate with low polling and narrative relevance.""}],""total_probability"":0.995,""group_rationale_long"":""The probability distribution is based on the latest Datafolha polling which shows Lula leading Flávio Bolsonaro in the first-round scenario. However, the election is not a foregone conclusion due to the potential for right-wing fragmentation and the risks associated with Lula's economic approval and corruption baggage. Flávio Bolsonaro is the main right-wing challenger but faces family conflicts and legal risks. Other candidates have lower probabilities due to weaker polling and less narrative relevance. The distribution accounts for the possibility of a runoff and the need to allocate probability mass across all listed options while maintaining a conservative approach under uncertainty.""}",OK,,0.0055,mid,,true
20260629T165455Z:Brazil Presidential Election:RSO-0085,20260629T165455Z,2026-06-29T16:54:55Z,group_fair_value_v0.1,ollama,qwen3:8b,Brazil Presidential Election,Brazil Presidential Election,17,RSO-0085,Geraldo Alckmin,Will Geraldo Alckmin win the 2026 Brazilian presidential election?,Brazil,brazil_presidential,presidential_two_round,brazil_president_winner_2026,601830,0xd0536d9612e041312235baceac52bde48821e8aad4607533513b3782904b7d49,will-geraldo-alckmin-win-the-2026-brazilian-presidential-election,https://polymarket.com/event/will-geraldo-alckmin-win-the-2026-brazilian-presidential-election,70059117674007036240163073645113489994895807359788046023215512784288966325609,0.01,0.01104972,0.7,Centrist with moderate support but not a major contender.,"Based on Datafolha polling, Lula is the favorite but not a lock, with Flávio Bolsonaro as the main right-wing challenger. Other candidates have lower probabilities due to weaker polling and less narrative relevance.","[""Lula's economic approval"", ""Flávio's family conflicts"", ""Right-wing fragmentation"", ""Polling accuracy"", ""Legal risks for Flávio"", ""Unforeseen events""]",0.905,true,"[""evidence/shared/brazil_context.md"", ""evidence/parents/brazil-president-winner-2026.md"", ""evidence/parents/brazil-presidential-election.md""]",a29ddd32d0c0c158,"{""group_confidence"":0.7,""group_rationale_short"":""Based on Datafolha polling, Lula is the favorite but not a lock, with Flávio Bolsonaro as the main right-wing challenger. Other candidates have lower probabilities due to weaker polling and less narrative relevance."",""key_uncertainties"":[""Lula's economic approval"",""Flávio's family conflicts"",""Right-wing fragmentation"",""Polling accuracy"",""Legal risks for Flávio"",""Unforeseen events""],""allocations"":[{""tracking_id"":""RSO-0076"",""fair_value"":0.35,""rationale_short"":""Incumbent with strong coalition and polling lead but faces economic and corruption risks.""},{""tracking_id"":""RSO-0077"",""fair_value"":0.25,""rationale_short"":""Main right-wing challenger with family name but faces family conflicts and legal risks.""},{""tracking_id"":""RSO-0078"",""fair_value"":0.08,""rationale_short"":""Youth appeal and right-wing narrative but lower national polling support.""},{""tracking_id"":""RSO-0079"",""fair_value"":0.05,""rationale_short"":""Bolsonaro family name but lower polling and less direct candidacy.""},{""tracking_id"":""RSO-0080"",""fair_value"":0.05,""rationale_short"":""Centrist with moderate support but not a major contender.""},{""tracking_id"":""RSO-0081"",""fair_value"":0.03,""rationale_short"":""Left-wing candidate with moderate support but not a major contender.""},{""tracking_id"":""RSO-0082"",""fair_value"":0.02,""rationale_short"":""Centrist with moderate support but not a major contender.""},{""tracking_id"":""RSO-0083"",""fair_value"":0.02,""rationale_short"":""Bolsonaro family name but lower polling and less direct candidacy.""},{""tracking_id"":""RSO-0084"",""fair_value"":0.01,""rationale_short"":""Bolsonaro barred from office until 2030, so unlikely to win.""},{""tracking_id"":""RSO-0085"",""fair_value"":0.01,""rationale_short"":""Centrist with moderate support but not a major contender.""},{""tracking_id"":""RSO-0086"",""fair_value"":0.005,""rationale_short"":""Long-tail candidate with low polling and narrative relevance.""},{""tracking_id"":""RSO-0087"",""fair_value"":0.005,""rationale_short"":""Long-tail candidate with low polling and narrative relevance.""},{""tracking_id"":""RSO-0088"",""fair_value"":0.005,""rationale_short"":""Bolsonaro family name but low polling and narrative relevance.""},{""tracking_id"":""RSO-0089"",""fair_value"":0.005,""rationale_short"":""Long-tail candidate with low polling and narrative relevance.""},{""tracking_id"":""RSO-0090"",""fair_value"":0.005,""rationale_short"":""Long-tail candidate with low polling and narrative relevance.""},{""tracking_id"":""RSO-0091"",""fair_value"":0.005,""rationale_short"":""Long-tail candidate with low polling and narrative relevance.""},{""tracking_id"":""RSO-0092"",""fair_value"":0.005,""rationale_short"":""Long-tail candidate with low polling and narrative relevance.""}],""total_probability"":0.995,""group_rationale_long"":""The probability distribution is based on the latest Datafolha polling which shows Lula leading Flávio Bolsonaro in the first-round scenario. However, the election is not a foregone conclusion due to the potential for right-wing fragmentation and the risks associated with Lula's economic approval and corruption baggage. Flávio Bolsonaro is the main right-wing challenger but faces family conflicts and legal risks. Other candidates have lower probabilities due to weaker polling and less narrative relevance. The distribution accounts for the possibility of a runoff and the need to allocate probability mass across all listed options while maintaining a conservative approach under uncertainty.""}",OK,,0.0045,mid,,true
20260629T165455Z:Brazil Presidential Election:RSO-0086,20260629T165455Z,2026-06-29T16:54:55Z,group_fair_value_v0.1,ollama,qwen3:8b,Brazil Presidential Election,Brazil Presidential Election,17,RSO-0086,Tereza Cristina,Will Tereza Cristina win the 2026 Brazilian presidential election?,Brazil,brazil_presidential,presidential_two_round,brazil_president_winner_2026,601833,0xae7dd99bf126b033b77af2553a98b97e1190fd7bdddd5a792ca2791ae23e4d13,will-tereza-cristina-win-the-2026-brazilian-presidential-election,https://polymarket.com/event/will-tereza-cristina-win-the-2026-brazilian-presidential-election,111901744542692526827481385722975834672043376661227579870355575009066606657994,0.005,0.00552486,0.7,Long-tail candidate with low polling and narrative relevance.,"Based on Datafolha polling, Lula is the favorite but not a lock, with Flávio Bolsonaro as the main right-wing challenger. Other candidates have lower probabilities due to weaker polling and less narrative relevance.","[""Lula's economic approval"", ""Flávio's family conflicts"", ""Right-wing fragmentation"", ""Polling accuracy"", ""Legal risks for Flávio"", ""Unforeseen events""]",0.905,true,"[""evidence/shared/brazil_context.md"", ""evidence/parents/brazil-president-winner-2026.md"", ""evidence/parents/brazil-presidential-election.md""]",a29ddd32d0c0c158,"{""group_confidence"":0.7,""group_rationale_short"":""Based on Datafolha polling, Lula is the favorite but not a lock, with Flávio Bolsonaro as the main right-wing challenger. Other candidates have lower probabilities due to weaker polling and less narrative relevance."",""key_uncertainties"":[""Lula's economic approval"",""Flávio's family conflicts"",""Right-wing fragmentation"",""Polling accuracy"",""Legal risks for Flávio"",""Unforeseen events""],""allocations"":[{""tracking_id"":""RSO-0076"",""fair_value"":0.35,""rationale_short"":""Incumbent with strong coalition and polling lead but faces economic and corruption risks.""},{""tracking_id"":""RSO-0077"",""fair_value"":0.25,""rationale_short"":""Main right-wing challenger with family name but faces family conflicts and legal risks.""},{""tracking_id"":""RSO-0078"",""fair_value"":0.08,""rationale_short"":""Youth appeal and right-wing narrative but lower national polling support.""},{""tracking_id"":""RSO-0079"",""fair_value"":0.05,""rationale_short"":""Bolsonaro family name but lower polling and less direct candidacy.""},{""tracking_id"":""RSO-0080"",""fair_value"":0.05,""rationale_short"":""Centrist with moderate support but not a major contender.""},{""tracking_id"":""RSO-0081"",""fair_value"":0.03,""rationale_short"":""Left-wing candidate with moderate support but not a major contender.""},{""tracking_id"":""RSO-0082"",""fair_value"":0.02,""rationale_short"":""Centrist with moderate support but not a major contender.""},{""tracking_id"":""RSO-0083"",""fair_value"":0.02,""rationale_short"":""Bolsonaro family name but lower polling and less direct candidacy.""},{""tracking_id"":""RSO-0084"",""fair_value"":0.01,""rationale_short"":""Bolsonaro barred from office until 2030, so unlikely to win.""},{""tracking_id"":""RSO-0085"",""fair_value"":0.01,""rationale_short"":""Centrist with moderate support but not a major contender.""},{""tracking_id"":""RSO-0086"",""fair_value"":0.005,""rationale_short"":""Long-tail candidate with low polling and narrative relevance.""},{""tracking_id"":""RSO-0087"",""fair_value"":0.005,""rationale_short"":""Long-tail candidate with low polling and narrative relevance.""},{""tracking_id"":""RSO-0088"",""fair_value"":0.005,""rationale_short"":""Bolsonaro family name but low polling and narrative relevance.""},{""tracking_id"":""RSO-0089"",""fair_value"":0.005,""rationale_short"":""Long-tail candidate with low polling and narrative relevance.""},{""tracking_id"":""RSO-0090"",""fair_value"":0.005,""rationale_short"":""Long-tail candidate with low polling and narrative relevance.""},{""tracking_id"":""RSO-0091"",""fair_value"":0.005,""rationale_short"":""Long-tail candidate with low polling and narrative relevance.""},{""tracking_id"":""RSO-0092"",""fair_value"":0.005,""rationale_short"":""Long-tail candidate with low polling and narrative relevance.""}],""total_probability"":0.995,""group_rationale_long"":""The probability distribution is based on the latest Datafolha polling which shows Lula leading Flávio Bolsonaro in the first-round scenario. However, the election is not a foregone conclusion due to the potential for right-wing fragmentation and the risks associated with Lula's economic approval and corruption baggage. Flávio Bolsonaro is the main right-wing challenger but faces family conflicts and legal risks. Other candidates have lower probabilities due to weaker polling and less narrative relevance. The distribution accounts for the possibility of a runoff and the need to allocate probability mass across all listed options while maintaining a conservative approach under uncertainty.""}",OK,,0.0025,mid,,true
20260629T165455Z:Brazil Presidential Election:RSO-0087,20260629T165455Z,2026-06-29T16:54:55Z,group_fair_value_v0.1,ollama,qwen3:8b,Brazil Presidential Election,Brazil Presidential Election,17,RSO-0087,Tarcisio de Freitas,Will Tarcisio de Freitas win the 2026 Brazilian presidential election?,Brazil,brazil_presidential,presidential_two_round,brazil_president_winner_2026,601818,0x81a537b379a35e4e17c286d3b37394e94bd74c1779bbe9a13670eb991b201a3a,will-tarcisio-de-frietas-win-the-2026-brazilian-presidential-election,https://polymarket.com/event/will-tarcisio-de-frietas-win-the-2026-brazilian-presidential-election,52634616068523389389514492087655237014427439869589807217055529923225131895030,0.005,0.00552486,0.7,Long-tail candidate with low polling and narrative relevance.,"Based on Datafolha polling, Lula is the favorite but not a lock, with Flávio Bolsonaro as the main right-wing challenger. Other candidates have lower probabilities due to weaker polling and less narrative relevance.","[""Lula's economic approval"", ""Flávio's family conflicts"", ""Right-wing fragmentation"", ""Polling accuracy"", ""Legal risks for Flávio"", ""Unforeseen events""]",0.905,true,"[""evidence/shared/brazil_context.md"", ""evidence/parents/brazil-president-winner-2026.md"", ""evidence/parents/brazil-presidential-election.md""]",a29ddd32d0c0c158,"{""group_confidence"":0.7,""group_rationale_short"":""Based on Datafolha polling, Lula is the favorite but not a lock, with Flávio Bolsonaro as the main right-wing challenger. Other candidates have lower probabilities due to weaker polling and less narrative relevance."",""key_uncertainties"":[""Lula's economic approval"",""Flávio's family conflicts"",""Right-wing fragmentation"",""Polling accuracy"",""Legal risks for Flávio"",""Unforeseen events""],""allocations"":[{""tracking_id"":""RSO-0076"",""fair_value"":0.35,""rationale_short"":""Incumbent with strong coalition and polling lead but faces economic and corruption risks.""},{""tracking_id"":""RSO-0077"",""fair_value"":0.25,""rationale_short"":""Main right-wing challenger with family name but faces family conflicts and legal risks.""},{""tracking_id"":""RSO-0078"",""fair_value"":0.08,""rationale_short"":""Youth appeal and right-wing narrative but lower national polling support.""},{""tracking_id"":""RSO-0079"",""fair_value"":0.05,""rationale_short"":""Bolsonaro family name but lower polling and less direct candidacy.""},{""tracking_id"":""RSO-0080"",""fair_value"":0.05,""rationale_short"":""Centrist with moderate support but not a major contender.""},{""tracking_id"":""RSO-0081"",""fair_value"":0.03,""rationale_short"":""Left-wing candidate with moderate support but not a major contender.""},{""tracking_id"":""RSO-0082"",""fair_value"":0.02,""rationale_short"":""Centrist with moderate support but not a major contender.""},{""tracking_id"":""RSO-0083"",""fair_value"":0.02,""rationale_short"":""Bolsonaro family name but lower polling and less direct candidacy.""},{""tracking_id"":""RSO-0084"",""fair_value"":0.01,""rationale_short"":""Bolsonaro barred from office until 2030, so unlikely to win.""},{""tracking_id"":""RSO-0085"",""fair_value"":0.01,""rationale_short"":""Centrist with moderate support but not a major contender.""},{""tracking_id"":""RSO-0086"",""fair_value"":0.005,""rationale_short"":""Long-tail candidate with low polling and narrative relevance.""},{""tracking_id"":""RSO-0087"",""fair_value"":0.005,""rationale_short"":""Long-tail candidate with low polling and narrative relevance.""},{""tracking_id"":""RSO-0088"",""fair_value"":0.005,""rationale_short"":""Bolsonaro family name but low polling and narrative relevance.""},{""tracking_id"":""RSO-0089"",""fair_value"":0.005,""rationale_short"":""Long-tail candidate with low polling and narrative relevance.""},{""tracking_id"":""RSO-0090"",""fair_value"":0.005,""rationale_short"":""Long-tail candidate with low polling and narrative relevance.""},{""tracking_id"":""RSO-0091"",""fair_value"":0.005,""rationale_short"":""Long-tail candidate with low polling and narrative relevance.""},{""tracking_id"":""RSO-0092"",""fair_value"":0.005,""rationale_short"":""Long-tail candidate with low polling and narrative relevance.""}],""total_probability"":0.995,""group_rationale_long"":""The probability distribution is based on the latest Datafolha polling which shows Lula leading Flávio Bolsonaro in the first-round scenario. However, the election is not a foregone conclusion due to the potential for right-wing fragmentation and the risks associated with Lula's economic approval and corruption baggage. Flávio Bolsonaro is the main right-wing challenger but faces family conflicts and legal risks. Other candidates have lower probabilities due to weaker polling and less narrative relevance. The distribution accounts for the possibility of a runoff and the need to allocate probability mass across all listed options while maintaining a conservative approach under uncertainty.""}",OK,,0.0015,mid,,true
20260629T165455Z:Brazil Presidential Election:RSO-0088,20260629T165455Z,2026-06-29T16:54:55Z,group_fair_value_v0.1,ollama,qwen3:8b,Brazil Presidential Election,Brazil Presidential Election,17,RSO-0088,Eduardo Bolsonaro,Will Eduardo Bolsonaro win the 2026 Brazilian presidential election?,Brazil,brazil_presidential,presidential_two_round,brazil_president_winner_2026,601823,0xe1d5733322fd2215f136412f419d9ff805d097f78c68de3261515ff736895f2b,will-eduardo-bolsonaro-win-the-2026-brazilian-presidential-election,https://polymarket.com/event/will-eduardo-bolsonaro-win-the-2026-brazilian-presidential-election,68827474128979817444758177181483142354604256745613325980470518365059439724226,0.005,0.00552486,0.7,Bolsonaro family name but low polling and narrative relevance.,"Based on Datafolha polling, Lula is the favorite but not a lock, with Flávio Bolsonaro as the main right-wing challenger. Other candidates have lower probabilities due to weaker polling and less narrative relevance.","[""Lula's economic approval"", ""Flávio's family conflicts"", ""Right-wing fragmentation"", ""Polling accuracy"", ""Legal risks for Flávio"", ""Unforeseen events""]",0.905,true,"[""evidence/shared/brazil_context.md"", ""evidence/parents/brazil-president-winner-2026.md"", ""evidence/parents/brazil-presidential-election.md""]",a29ddd32d0c0c158,"{""group_confidence"":0.7,""group_rationale_short"":""Based on Datafolha polling, Lula is the favorite but not a lock, with Flávio Bolsonaro as the main right-wing challenger. Other candidates have lower probabilities due to weaker polling and less narrative relevance."",""key_uncertainties"":[""Lula's economic approval"",""Flávio's family conflicts"",""Right-wing fragmentation"",""Polling accuracy"",""Legal risks for Flávio"",""Unforeseen events""],""allocations"":[{""tracking_id"":""RSO-0076"",""fair_value"":0.35,""rationale_short"":""Incumbent with strong coalition and polling lead but faces economic and corruption risks.""},{""tracking_id"":""RSO-0077"",""fair_value"":0.25,""rationale_short"":""Main right-wing challenger with family name but faces family conflicts and legal risks.""},{""tracking_id"":""RSO-0078"",""fair_value"":0.08,""rationale_short"":""Youth appeal and right-wing narrative but lower national polling support.""},{""tracking_id"":""RSO-0079"",""fair_value"":0.05,""rationale_short"":""Bolsonaro family name but lower polling and less direct candidacy.""},{""tracking_id"":""RSO-0080"",""fair_value"":0.05,""rationale_short"":""Centrist with moderate support but not a major contender.""},{""tracking_id"":""RSO-0081"",""fair_value"":0.03,""rationale_short"":""Left-wing candidate with moderate support but not a major contender.""},{""tracking_id"":""RSO-0082"",""fair_value"":0.02,""rationale_short"":""Centrist with moderate support but not a major contender.""},{""tracking_id"":""RSO-0083"",""fair_value"":0.02,""rationale_short"":""Bolsonaro family name but lower polling and less direct candidacy.""},{""tracking_id"":""RSO-0084"",""fair_value"":0.01,""rationale_short"":""Bolsonaro barred from office until 2030, so unlikely to win.""},{""tracking_id"":""RSO-0085"",""fair_value"":0.01,""rationale_short"":""Centrist with moderate support but not a major contender.""},{""tracking_id"":""RSO-0086"",""fair_value"":0.005,""rationale_short"":""Long-tail candidate with low polling and narrative relevance.""},{""tracking_id"":""RSO-0087"",""fair_value"":0.005,""rationale_short"":""Long-tail candidate with low polling and narrative relevance.""},{""tracking_id"":""RSO-0088"",""fair_value"":0.005,""rationale_short"":""Bolsonaro family name but low polling and narrative relevance.""},{""tracking_id"":""RSO-0089"",""fair_value"":0.005,""rationale_short"":""Long-tail candidate with low polling and narrative relevance.""},{""tracking_id"":""RSO-0090"",""fair_value"":0.005,""rationale_short"":""Long-tail candidate with low polling and narrative relevance.""},{""tracking_id"":""RSO-0091"",""fair_value"":0.005,""rationale_short"":""Long-tail candidate with low polling and narrative relevance.""},{""tracking_id"":""RSO-0092"",""fair_value"":0.005,""rationale_short"":""Long-tail candidate with low polling and narrative relevance.""}],""total_probability"":0.995,""group_rationale_long"":""The probability distribution is based on the latest Datafolha polling which shows Lula leading Flávio Bolsonaro in the first-round scenario. However, the election is not a foregone conclusion due to the potential for right-wing fragmentation and the risks associated with Lula's economic approval and corruption baggage. Flávio Bolsonaro is the main right-wing challenger but faces family conflicts and legal risks. Other candidates have lower probabilities due to weaker polling and less narrative relevance. The distribution accounts for the possibility of a runoff and the need to allocate probability mass across all listed options while maintaining a conservative approach under uncertainty.""}",OK,,0.0015,mid,,true
20260629T165455Z:Brazil Presidential Election:RSO-0089,20260629T165455Z,2026-06-29T16:54:55Z,group_fair_value_v0.1,ollama,qwen3:8b,Brazil Presidential Election,Brazil Presidential Election,17,RSO-0089,Aldo Rebelo,Will Aldo Rebelo win the 2026 Brazilian presidential election?,Brazil,brazil_presidential,presidential_two_round,brazil_president_winner_2026,601832,0xafd3f96b7b6084509e625270538ff0699003fafc042263c1216e7f084cef753a,will-aldo-rebelo-win-the-2026-brazilian-presidential-election,https://polymarket.com/event/will-aldo-rebelo-win-the-2026-brazilian-presidential-election,18874063891853426715155938679650704186206312307574669405399400920527965569290,0.005,0.00552486,0.7,Long-tail candidate with low polling and narrative relevance.,"Based on Datafolha polling, Lula is the favorite but not a lock, with Flávio Bolsonaro as the main right-wing challenger. Other candidates have lower probabilities due to weaker polling and less narrative relevance.","[""Lula's economic approval"", ""Flávio's family conflicts"", ""Right-wing fragmentation"", ""Polling accuracy"", ""Legal risks for Flávio"", ""Unforeseen events""]",0.905,true,"[""evidence/shared/brazil_context.md"", ""evidence/parents/brazil-president-winner-2026.md"", ""evidence/parents/brazil-presidential-election.md""]",a29ddd32d0c0c158,"{""group_confidence"":0.7,""group_rationale_short"":""Based on Datafolha polling, Lula is the favorite but not a lock, with Flávio Bolsonaro as the main right-wing challenger. Other candidates have lower probabilities due to weaker polling and less narrative relevance."",""key_uncertainties"":[""Lula's economic approval"",""Flávio's family conflicts"",""Right-wing fragmentation"",""Polling accuracy"",""Legal risks for Flávio"",""Unforeseen events""],""allocations"":[{""tracking_id"":""RSO-0076"",""fair_value"":0.35,""rationale_short"":""Incumbent with strong coalition and polling lead but faces economic and corruption risks.""},{""tracking_id"":""RSO-0077"",""fair_value"":0.25,""rationale_short"":""Main right-wing challenger with family name but faces family conflicts and legal risks.""},{""tracking_id"":""RSO-0078"",""fair_value"":0.08,""rationale_short"":""Youth appeal and right-wing narrative but lower national polling support.""},{""tracking_id"":""RSO-0079"",""fair_value"":0.05,""rationale_short"":""Bolsonaro family name but lower polling and less direct candidacy.""},{""tracking_id"":""RSO-0080"",""fair_value"":0.05,""rationale_short"":""Centrist with moderate support but not a major contender.""},{""tracking_id"":""RSO-0081"",""fair_value"":0.03,""rationale_short"":""Left-wing candidate with moderate support but not a major contender.""},{""tracking_id"":""RSO-0082"",""fair_value"":0.02,""rationale_short"":""Centrist with moderate support but not a major contender.""},{""tracking_id"":""RSO-0083"",""fair_value"":0.02,""rationale_short"":""Bolsonaro family name but lower polling and less direct candidacy.""},{""tracking_id"":""RSO-0084"",""fair_value"":0.01,""rationale_short"":""Bolsonaro barred from office until 2030, so unlikely to win.""},{""tracking_id"":""RSO-0085"",""fair_value"":0.01,""rationale_short"":""Centrist with moderate support but not a major contender.""},{""tracking_id"":""RSO-0086"",""fair_value"":0.005,""rationale_short"":""Long-tail candidate with low polling and narrative relevance.""},{""tracking_id"":""RSO-0087"",""fair_value"":0.005,""rationale_short"":""Long-tail candidate with low polling and narrative relevance.""},{""tracking_id"":""RSO-0088"",""fair_value"":0.005,""rationale_short"":""Bolsonaro family name but low polling and narrative relevance.""},{""tracking_id"":""RSO-0089"",""fair_value"":0.005,""rationale_short"":""Long-tail candidate with low polling and narrative relevance.""},{""tracking_id"":""RSO-0090"",""fair_value"":0.005,""rationale_short"":""Long-tail candidate with low polling and narrative relevance.""},{""tracking_id"":""RSO-0091"",""fair_value"":0.005,""rationale_short"":""Long-tail candidate with low polling and narrative relevance.""},{""tracking_id"":""RSO-0092"",""fair_value"":0.005,""rationale_short"":""Long-tail candidate with low polling and narrative relevance.""}],""total_probability"":0.995,""group_rationale_long"":""The probability distribution is based on the latest Datafolha polling which shows Lula leading Flávio Bolsonaro in the first-round scenario. However, the election is not a foregone conclusion due to the potential for right-wing fragmentation and the risks associated with Lula's economic approval and corruption baggage. Flávio Bolsonaro is the main right-wing challenger but faces family conflicts and legal risks. Other candidates have lower probabilities due to weaker polling and less narrative relevance. The distribution accounts for the possibility of a runoff and the need to allocate probability mass across all listed options while maintaining a conservative approach under uncertainty.""}",OK,,0.0015,mid,,true
20260629T165455Z:Brazil Presidential Election:RSO-0090,20260629T165455Z,2026-06-29T16:54:55Z,group_fair_value_v0.1,ollama,qwen3:8b,Brazil Presidential Election,Brazil Presidential Election,17,RSO-0090,Helder Barbalho,Will Helder Barbalho win the 2026 Brazilian presidential election?,Brazil,brazil_presidential,presidential_two_round,brazil_president_winner_2026,601834,0x919c9bc428d2d19400437852066582b11bb7b00ad78529a0069cde76766b9faf,will-helder-barbalho-win-the-2026-brazilian-presidential-election,https://polymarket.com/event/will-helder-barbalho-win-the-2026-brazilian-presidential-election,49821018408733695378907631766783388197384982451576409356148180829521508621967,0.005,0.00552486,0.7,Long-tail candidate with low polling and narrative relevance.,"Based on Datafolha polling, Lula is the favorite but not a lock, with Flávio Bolsonaro as the main right-wing challenger. Other candidates have lower probabilities due to weaker polling and less narrative relevance.","[""Lula's economic approval"", ""Flávio's family conflicts"", ""Right-wing fragmentation"", ""Polling accuracy"", ""Legal risks for Flávio"", ""Unforeseen events""]",0.905,true,"[""evidence/shared/brazil_context.md"", ""evidence/parents/brazil-president-winner-2026.md"", ""evidence/parents/brazil-presidential-election.md""]",a29ddd32d0c0c158,"{""group_confidence"":0.7,""group_rationale_short"":""Based on Datafolha polling, Lula is the favorite but not a lock, with Flávio Bolsonaro as the main right-wing challenger. Other candidates have lower probabilities due to weaker polling and less narrative relevance."",""key_uncertainties"":[""Lula's economic approval"",""Flávio's family conflicts"",""Right-wing fragmentation"",""Polling accuracy"",""Legal risks for Flávio"",""Unforeseen events""],""allocations"":[{""tracking_id"":""RSO-0076"",""fair_value"":0.35,""rationale_short"":""Incumbent with strong coalition and polling lead but faces economic and corruption risks.""},{""tracking_id"":""RSO-0077"",""fair_value"":0.25,""rationale_short"":""Main right-wing challenger with family name but faces family conflicts and legal risks.""},{""tracking_id"":""RSO-0078"",""fair_value"":0.08,""rationale_short"":""Youth appeal and right-wing narrative but lower national polling support.""},{""tracking_id"":""RSO-0079"",""fair_value"":0.05,""rationale_short"":""Bolsonaro family name but lower polling and less direct candidacy.""},{""tracking_id"":""RSO-0080"",""fair_value"":0.05,""rationale_short"":""Centrist with moderate support but not a major contender.""},{""tracking_id"":""RSO-0081"",""fair_value"":0.03,""rationale_short"":""Left-wing candidate with moderate support but not a major contender.""},{""tracking_id"":""RSO-0082"",""fair_value"":0.02,""rationale_short"":""Centrist with moderate support but not a major contender.""},{""tracking_id"":""RSO-0083"",""fair_value"":0.02,""rationale_short"":""Bolsonaro family name but lower polling and less direct candidacy.""},{""tracking_id"":""RSO-0084"",""fair_value"":0.01,""rationale_short"":""Bolsonaro barred from office until 2030, so unlikely to win.""},{""tracking_id"":""RSO-0085"",""fair_value"":0.01,""rationale_short"":""Centrist with moderate support but not a major contender.""},{""tracking_id"":""RSO-0086"",""fair_value"":0.005,""rationale_short"":""Long-tail candidate with low polling and narrative relevance.""},{""tracking_id"":""RSO-0087"",""fair_value"":0.005,""rationale_short"":""Long-tail candidate with low polling and narrative relevance.""},{""tracking_id"":""RSO-0088"",""fair_value"":0.005,""rationale_short"":""Bolsonaro family name but low polling and narrative relevance.""},{""tracking_id"":""RSO-0089"",""fair_value"":0.005,""rationale_short"":""Long-tail candidate with low polling and narrative relevance.""},{""tracking_id"":""RSO-0090"",""fair_value"":0.005,""rationale_short"":""Long-tail candidate with low polling and narrative relevance.""},{""tracking_id"":""RSO-0091"",""fair_value"":0.005,""rationale_short"":""Long-tail candidate with low polling and narrative relevance.""},{""tracking_id"":""RSO-0092"",""fair_value"":0.005,""rationale_short"":""Long-tail candidate with low polling and narrative relevance.""}],""total_probability"":0.995,""group_rationale_long"":""The probability distribution is based on the latest Datafolha polling which shows Lula leading Flávio Bolsonaro in the first-round scenario. However, the election is not a foregone conclusion due to the potential for right-wing fragmentation and the risks associated with Lula's economic approval and corruption baggage. Flávio Bolsonaro is the main right-wing challenger but faces family conflicts and legal risks. Other candidates have lower probabilities due to weaker polling and less narrative relevance. The distribution accounts for the possibility of a runoff and the need to allocate probability mass across all listed options while maintaining a conservative approach under uncertainty.""}",OK,,0.0015,mid,,true
20260629T165455Z:Brazil Presidential Election:RSO-0091,20260629T165455Z,2026-06-29T16:54:55Z,group_fair_value_v0.1,ollama,qwen3:8b,Brazil Presidential Election,Brazil Presidential Election,17,RSO-0091,Ratinho Júnior,Will Carlos Roberto Massa Júnior win the 2026 Brazilian presidential election?,Brazil,brazil_presidential,presidential_two_round,brazil_president_winner_2026,601824,0xa59bb6bb91e5c1e4d533864520fbd3bb75d6d0ebb813b4cd8a8b88479bfa8966,will-carlos-roberto-massa-jnior-win-the-2026-brazilian-presidential-election,https://polymarket.com/event/will-carlos-roberto-massa-jnior-win-the-2026-brazilian-presidential-election,7424753944577407627798342086224300332261118341771286172561357635231967087849,0.005,0.00552486,0.7,Long-tail candidate with low polling and narrative relevance.,"Based on Datafolha polling, Lula is the favorite but not a lock, with Flávio Bolsonaro as the main right-wing challenger. Other candidates have lower probabilities due to weaker polling and less narrative relevance.","[""Lula's economic approval"", ""Flávio's family conflicts"", ""Right-wing fragmentation"", ""Polling accuracy"", ""Legal risks for Flávio"", ""Unforeseen events""]",0.905,true,"[""evidence/shared/brazil_context.md"", ""evidence/parents/brazil-president-winner-2026.md"", ""evidence/parents/brazil-presidential-election.md""]",a29ddd32d0c0c158,"{""group_confidence"":0.7,""group_rationale_short"":""Based on Datafolha polling, Lula is the favorite but not a lock, with Flávio Bolsonaro as the main right-wing challenger. Other candidates have lower probabilities due to weaker polling and less narrative relevance."",""key_uncertainties"":[""Lula's economic approval"",""Flávio's family conflicts"",""Right-wing fragmentation"",""Polling accuracy"",""Legal risks for Flávio"",""Unforeseen events""],""allocations"":[{""tracking_id"":""RSO-0076"",""fair_value"":0.35,""rationale_short"":""Incumbent with strong coalition and polling lead but faces economic and corruption risks.""},{""tracking_id"":""RSO-0077"",""fair_value"":0.25,""rationale_short"":""Main right-wing challenger with family name but faces family conflicts and legal risks.""},{""tracking_id"":""RSO-0078"",""fair_value"":0.08,""rationale_short"":""Youth appeal and right-wing narrative but lower national polling support.""},{""tracking_id"":""RSO-0079"",""fair_value"":0.05,""rationale_short"":""Bolsonaro family name but lower polling and less direct candidacy.""},{""tracking_id"":""RSO-0080"",""fair_value"":0.05,""rationale_short"":""Centrist with moderate support but not a major contender.""},{""tracking_id"":""RSO-0081"",""fair_value"":0.03,""rationale_short"":""Left-wing candidate with moderate support but not a major contender.""},{""tracking_id"":""RSO-0082"",""fair_value"":0.02,""rationale_short"":""Centrist with moderate support but not a major contender.""},{""tracking_id"":""RSO-0083"",""fair_value"":0.02,""rationale_short"":""Bolsonaro family name but lower polling and less direct candidacy.""},{""tracking_id"":""RSO-0084"",""fair_value"":0.01,""rationale_short"":""Bolsonaro barred from office until 2030, so unlikely to win.""},{""tracking_id"":""RSO-0085"",""fair_value"":0.01,""rationale_short"":""Centrist with moderate support but not a major contender.""},{""tracking_id"":""RSO-0086"",""fair_value"":0.005,""rationale_short"":""Long-tail candidate with low polling and narrative relevance.""},{""tracking_id"":""RSO-0087"",""fair_value"":0.005,""rationale_short"":""Long-tail candidate with low polling and narrative relevance.""},{""tracking_id"":""RSO-0088"",""fair_value"":0.005,""rationale_short"":""Bolsonaro family name but low polling and narrative relevance.""},{""tracking_id"":""RSO-0089"",""fair_value"":0.005,""rationale_short"":""Long-tail candidate with low polling and narrative relevance.""},{""tracking_id"":""RSO-0090"",""fair_value"":0.005,""rationale_short"":""Long-tail candidate with low polling and narrative relevance.""},{""tracking_id"":""RSO-0091"",""fair_value"":0.005,""rationale_short"":""Long-tail candidate with low polling and narrative relevance.""},{""tracking_id"":""RSO-0092"",""fair_value"":0.005,""rationale_short"":""Long-tail candidate with low polling and narrative relevance.""}],""total_probability"":0.995,""group_rationale_long"":""The probability distribution is based on the latest Datafolha polling which shows Lula leading Flávio Bolsonaro in the first-round scenario. However, the election is not a foregone conclusion due to the potential for right-wing fragmentation and the risks associated with Lula's economic approval and corruption baggage. Flávio Bolsonaro is the main right-wing challenger but faces family conflicts and legal risks. Other candidates have lower probabilities due to weaker polling and less narrative relevance. The distribution accounts for the possibility of a runoff and the need to allocate probability mass across all listed options while maintaining a conservative approach under uncertainty.""}",OK,,0.001,ask_only,no_bids,true
20260629T165455Z:Brazil Presidential Election:RSO-0092,20260629T165455Z,2026-06-29T16:54:55Z,group_fair_value_v0.1,ollama,qwen3:8b,Brazil Presidential Election,Brazil Presidential Election,17,RSO-0092,Eduardo Leite,Will Eduardo Leite win the 2026 Brazilian presidential election?,Brazil,brazil_presidential,presidential_two_round,brazil_president_winner_2026,601831,0x70f1a7d2cd490b640676d5e31470bcbe16fef40087de1af8b6f6e44e299b5784,will-eduardo-leite-win-the-2026-brazilian-presidential-election,https://polymarket.com/event/will-eduardo-leite-win-the-2026-brazilian-presidential-election,114877796464914647568230859616993131921615428032065380781940199946418906101564,0.005,0.00552486,0.7,Long-tail candidate with low polling and narrative relevance.,"Based on Datafolha polling, Lula is the favorite but not a lock, with Flávio Bolsonaro as the main right-wing challenger. Other candidates have lower probabilities due to weaker polling and less narrative relevance.","[""Lula's economic approval"", ""Flávio's family conflicts"", ""Right-wing fragmentation"", ""Polling accuracy"", ""Legal risks for Flávio"", ""Unforeseen events""]",0.905,true,"[""evidence/shared/brazil_context.md"", ""evidence/parents/brazil-president-winner-2026.md"", ""evidence/parents/brazil-presidential-election.md""]",a29ddd32d0c0c158,"{""group_confidence"":0.7,""group_rationale_short"":""Based on Datafolha polling, Lula is the favorite but not a lock, with Flávio Bolsonaro as the main right-wing challenger. Other candidates have lower probabilities due to weaker polling and less narrative relevance."",""key_uncertainties"":[""Lula's economic approval"",""Flávio's family conflicts"",""Right-wing fragmentation"",""Polling accuracy"",""Legal risks for Flávio"",""Unforeseen events""],""allocations"":[{""tracking_id"":""RSO-0076"",""fair_value"":0.35,""rationale_short"":""Incumbent with strong coalition and polling lead but faces economic and corruption risks.""},{""tracking_id"":""RSO-0077"",""fair_value"":0.25,""rationale_short"":""Main right-wing challenger with family name but faces family conflicts and legal risks.""},{""tracking_id"":""RSO-0078"",""fair_value"":0.08,""rationale_short"":""Youth appeal and right-wing narrative but lower national polling support.""},{""tracking_id"":""RSO-0079"",""fair_value"":0.05,""rationale_short"":""Bolsonaro family name but lower polling and less direct candidacy.""},{""tracking_id"":""RSO-0080"",""fair_value"":0.05,""rationale_short"":""Centrist with moderate support but not a major contender.""},{""tracking_id"":""RSO-0081"",""fair_value"":0.03,""rationale_short"":""Left-wing candidate with moderate support but not a major contender.""},{""tracking_id"":""RSO-0082"",""fair_value"":0.02,""rationale_short"":""Centrist with moderate support but not a major contender.""},{""tracking_id"":""RSO-0083"",""fair_value"":0.02,""rationale_short"":""Bolsonaro family name but lower polling and less direct candidacy.""},{""tracking_id"":""RSO-0084"",""fair_value"":0.01,""rationale_short"":""Bolsonaro barred from office until 2030, so unlikely to win.""},{""tracking_id"":""RSO-0085"",""fair_value"":0.01,""rationale_short"":""Centrist with moderate support but not a major contender.""},{""tracking_id"":""RSO-0086"",""fair_value"":0.005,""rationale_short"":""Long-tail candidate with low polling and narrative relevance.""},{""tracking_id"":""RSO-0087"",""fair_value"":0.005,""rationale_short"":""Long-tail candidate with low polling and narrative relevance.""},{""tracking_id"":""RSO-0088"",""fair_value"":0.005,""rationale_short"":""Bolsonaro family name but low polling and narrative relevance.""},{""tracking_id"":""RSO-0089"",""fair_value"":0.005,""rationale_short"":""Long-tail candidate with low polling and narrative relevance.""},{""tracking_id"":""RSO-0090"",""fair_value"":0.005,""rationale_short"":""Long-tail candidate with low polling and narrative relevance.""},{""tracking_id"":""RSO-0091"",""fair_value"":0.005,""rationale_short"":""Long-tail candidate with low polling and narrative relevance.""},{""tracking_id"":""RSO-0092"",""fair_value"":0.005,""rationale_short"":""Long-tail candidate with low polling and narrative relevance.""}],""total_probability"":0.995,""group_rationale_long"":""The probability distribution is based on the latest Datafolha polling which shows Lula leading Flávio Bolsonaro in the first-round scenario. However, the election is not a foregone conclusion due to the potential for right-wing fragmentation and the risks associated with Lula's economic approval and corruption baggage. Flávio Bolsonaro is the main right-wing challenger but faces family conflicts and legal risks. Other candidates have lower probabilities due to weaker polling and less narrative relevance. The distribution accounts for the possibility of a runoff and the need to allocate probability mass across all listed options while maintaining a conservative approach under uncertainty.""}",OK,,0.001,ask_only,no_bids,true
20260629T165455Z:Brazil Presidential Election First Round: 2nd Place:RSO-0121,20260629T165455Z,2026-06-29T16:54:55Z,group_fair_value_v0.1,ollama,qwen3:8b,Brazil Presidential Election First Round: 2nd Place,Brazil Presidential Election First Round: 2nd Place,17,RSO-0121,Flávio Bolsonaro,Will Flávio Bolsonaro finish in second place in the first round of the 2026 Brazilian presidential election?,Brazil,brazil_presidential,presidential_two_round,brazil_first_round_second_place_2026,1365861,0x6114306f724135bd1db2f5f3169386decf18f618653c196ef0a6c1afd27f4c73,will-flvio-bolsonaro-finish-in-second-place-in-the-first-round-of-the-2026-brazilian-presidential-election,https://polymarket.com/event/will-flvio-bolsonaro-finish-in-second-place-in-the-first-round-of-the-2026-brazilian-presidential-election,49821065181473419798146957267480015506102711160660718636601116902870701340131,0.3,0.30769231,0.7,"Flávio is the top non-Lula candidate, making him the likely second-place finisher.","Based on Datafolha polling, Lula is leading but not by a margin guaranteeing first-round victory. Flávio Bolsonaro is the top non-Lula candidate, making him the likely second-place finisher. Renan Santos and others could challenge if fragmentation occurs. Other candidates have lower probabilities due to weaker polling or less relevance.","[""Lula's first-round performance"", ""Flávio's viability"", ""Renan Santos' potential surge"", ""Polling accuracy"", ""Opposition fragmentation"", ""Runoff composition""]",0.975,true,"[""evidence/shared/brazil_context.md"", ""evidence/parents/brazil-first-round-second-place-2026.md"", ""evidence/parents/brazil-presidential-election-first-round-2nd-place.md""]",0a68a2c86966b49d,"{""group_confidence"":0.7,""group_rationale_short"":""Based on Datafolha polling, Lula is leading but not by a margin guaranteeing first-round victory. Flávio Bolsonaro is the top non-Lula candidate, making him the likely second-place finisher. Renan Santos and others could challenge if fragmentation occurs. Other candidates have lower probabilities due to weaker polling or less relevance."",""key_uncertainties"":[""Lula's first-round performance"",""Flávio's viability"",""Renan Santos' potential surge"",""Polling accuracy"",""Opposition fragmentation"",""Runoff composition""],""allocations"":[{""tracking_id"":""RSO-0123"",""fair_value"":0.35,""rationale_short"":""Lula is leading but second-place is unlikely unless he weakens or another candidate overtakes him.""},{""tracking_id"":""RSO-0121"",""fair_value"":0.3,""rationale_short"":""Flávio is the top non-Lula candidate, making him the likely second-place finisher.""},{""tracking_id"":""RSO-0122"",""fair_value"":0.15,""rationale_short"":""Renan Santos has strong youth appeal but lower national polling, making him a potential second-place candidate if fragmentation occurs.""},{""tracking_id"":""RSO-0124"",""fair_value"":0.05,""rationale_short"":""Romeu Zema has moderate support but is less likely to finish second without significant polling gains.""},{""tracking_id"":""RSO-0125"",""fair_value"":0.03,""rationale_short"":""Michelle Bolsonaro has family ties but weaker polling, making her second-place probability low.""},{""tracking_id"":""RSO-0126"",""fair_value"":0.02,""rationale_short"":""Fernando Haddad has historical support but is less relevant in the current fragmented right-wing field.""},{""tracking_id"":""RSO-0127"",""fair_value"":0.015,""rationale_short"":""Camilo Santana has regional support but is unlikely to finish second without major gains.""},{""tracking_id"":""RSO-0128"",""fair_value"":0.01,""rationale_short"":""Ronaldo Caiado has limited national appeal and is a long shot.""},{""tracking_id"":""RSO-0129"",""fair_value"":0.01,""rationale_short"":""Geraldo Alckmin has moderate support but is less likely to finish second without significant gains.""},{""tracking_id"":""RSO-0130"",""fair_value"":0.005,""rationale_short"":""Tereza Cristina has limited national appeal and is a long shot.""},{""tracking_id"":""RSO-0131"",""fair_value"":0.005,""rationale_short"":""Jair Bolsonaro is barred from office, making his second-place finish unlikely.""},{""tracking_id"":""RSO-0132"",""fair_value"":0.005,""rationale_short"":""Ratinho Júnior has limited national appeal and is a long shot.""},{""tracking_id"":""RSO-0133"",""fair_value"":0.005,""rationale_short"":""Eduardo Bolsonaro has family ties but weaker polling, making his second-place probability low.""},{""tracking_id"":""RSO-0134"",""fair_value"":0.005,""rationale_short"":""Aldo Rebelo has limited national appeal and is a long shot.""},{""tracking_id"":""RSO-0135"",""fair_value"":0.005,""rationale_short"":""Tarcisio de Freitas has limited national appeal and is a long shot.""},{""tracking_id"":""RSO-0136"",""fair_value"":0.005,""rationale_short"":""Eduardo Leite has moderate support but is less likely to finish second without significant gains.""},{""tracking_id"":""RSO-0137"",""fair_value"":0.005,""rationale_short"":""Helder Barbalho has regional support but is unlikely to finish second without major gains.""}],""total_probability"":0.995,""group_rationale_long"":""The probability distribution is based on the Datafolha poll showing Lula leading Flávio by 47% to 43% in a potential runoff. Flávio is the top non-Lula candidate, making him the likely second-place finisher. Renan Santos could challenge if fragmentation occurs. Other candidates have lower probabilities due to weaker polling or less relevance. The distribution accounts for uncertainties in Lula's performance, Flávio's viability, Renan Santos' potential surge, polling accuracy, opposition fragmentation, and runoff composition. The total probability is close to 1.00, with the remaining 0.5% allocated to very long shots or potential errors in estimation.""}",OK,,0.76,mid,,true
20260629T165455Z:Brazil Presidential Election First Round: 2nd Place:RSO-0122,20260629T165455Z,2026-06-29T16:54:55Z,group_fair_value_v0.1,ollama,qwen3:8b,Brazil Presidential Election First Round: 2nd Place,Brazil Presidential Election First Round: 2nd Place,17,RSO-0122,Renan Santos,Will Renan Santos finish in second place in the first round of the 2026 Brazilian presidential election?,Brazil,brazil_presidential,presidential_two_round,brazil_first_round_second_place_2026,1365860,0x83030b249525db4c0bcd83a915776442f4ea32d2fba10825fca4abeb51512d8f,will-renan-santos-finish-in-second-place-in-the-first-round-of-the-2026-brazilian-presidential-election,https://polymarket.com/event/will-renan-santos-finish-in-second-place-in-the-first-round-of-the-2026-brazilian-presidential-election,17281846673721797872676200679500341356941280903768395106563553424335510148596,0.15,0.15384615,0.7,"Renan Santos has strong youth appeal but lower national polling, making him a potential second-place candidate if fragmentation occurs.","Based on Datafolha polling, Lula is leading but not by a margin guaranteeing first-round victory. Flávio Bolsonaro is the top non-Lula candidate, making him the likely second-place finisher. Renan Santos and others could challenge if fragmentation occurs. Other candidates have lower probabilities due to weaker polling or less relevance.","[""Lula's first-round performance"", ""Flávio's viability"", ""Renan Santos' potential surge"", ""Polling accuracy"", ""Opposition fragmentation"", ""Runoff composition""]",0.975,true,"[""evidence/shared/brazil_context.md"", ""evidence/parents/brazil-first-round-second-place-2026.md"", ""evidence/parents/brazil-presidential-election-first-round-2nd-place.md""]",0a68a2c86966b49d,"{""group_confidence"":0.7,""group_rationale_short"":""Based on Datafolha polling, Lula is leading but not by a margin guaranteeing first-round victory. Flávio Bolsonaro is the top non-Lula candidate, making him the likely second-place finisher. Renan Santos and others could challenge if fragmentation occurs. Other candidates have lower probabilities due to weaker polling or less relevance."",""key_uncertainties"":[""Lula's first-round performance"",""Flávio's viability"",""Renan Santos' potential surge"",""Polling accuracy"",""Opposition fragmentation"",""Runoff composition""],""allocations"":[{""tracking_id"":""RSO-0123"",""fair_value"":0.35,""rationale_short"":""Lula is leading but second-place is unlikely unless he weakens or another candidate overtakes him.""},{""tracking_id"":""RSO-0121"",""fair_value"":0.3,""rationale_short"":""Flávio is the top non-Lula candidate, making him the likely second-place finisher.""},{""tracking_id"":""RSO-0122"",""fair_value"":0.15,""rationale_short"":""Renan Santos has strong youth appeal but lower national polling, making him a potential second-place candidate if fragmentation occurs.""},{""tracking_id"":""RSO-0124"",""fair_value"":0.05,""rationale_short"":""Romeu Zema has moderate support but is less likely to finish second without significant polling gains.""},{""tracking_id"":""RSO-0125"",""fair_value"":0.03,""rationale_short"":""Michelle Bolsonaro has family ties but weaker polling, making her second-place probability low.""},{""tracking_id"":""RSO-0126"",""fair_value"":0.02,""rationale_short"":""Fernando Haddad has historical support but is less relevant in the current fragmented right-wing field.""},{""tracking_id"":""RSO-0127"",""fair_value"":0.015,""rationale_short"":""Camilo Santana has regional support but is unlikely to finish second without major gains.""},{""tracking_id"":""RSO-0128"",""fair_value"":0.01,""rationale_short"":""Ronaldo Caiado has limited national appeal and is a long shot.""},{""tracking_id"":""RSO-0129"",""fair_value"":0.01,""rationale_short"":""Geraldo Alckmin has moderate support but is less likely to finish second without significant gains.""},{""tracking_id"":""RSO-0130"",""fair_value"":0.005,""rationale_short"":""Tereza Cristina has limited national appeal and is a long shot.""},{""tracking_id"":""RSO-0131"",""fair_value"":0.005,""rationale_short"":""Jair Bolsonaro is barred from office, making his second-place finish unlikely.""},{""tracking_id"":""RSO-0132"",""fair_value"":0.005,""rationale_short"":""Ratinho Júnior has limited national appeal and is a long shot.""},{""tracking_id"":""RSO-0133"",""fair_value"":0.005,""rationale_short"":""Eduardo Bolsonaro has family ties but weaker polling, making his second-place probability low.""},{""tracking_id"":""RSO-0134"",""fair_value"":0.005,""rationale_short"":""Aldo Rebelo has limited national appeal and is a long shot.""},{""tracking_id"":""RSO-0135"",""fair_value"":0.005,""rationale_short"":""Tarcisio de Freitas has limited national appeal and is a long shot.""},{""tracking_id"":""RSO-0136"",""fair_value"":0.005,""rationale_short"":""Eduardo Leite has moderate support but is less likely to finish second without significant gains.""},{""tracking_id"":""RSO-0137"",""fair_value"":0.005,""rationale_short"":""Helder Barbalho has regional support but is unlikely to finish second without major gains.""}],""total_probability"":0.995,""group_rationale_long"":""The probability distribution is based on the Datafolha poll showing Lula leading Flávio by 47% to 43% in a potential runoff. Flávio is the top non-Lula candidate, making him the likely second-place finisher. Renan Santos could challenge if fragmentation occurs. Other candidates have lower probabilities due to weaker polling or less relevance. The distribution accounts for uncertainties in Lula's performance, Flávio's viability, Renan Santos' potential surge, polling accuracy, opposition fragmentation, and runoff composition. The total probability is close to 1.00, with the remaining 0.5% allocated to very long shots or potential errors in estimation.""}",OK,,0.1205,mid,,true
20260629T165455Z:Brazil Presidential Election First Round: 2nd Place:RSO-0123,20260629T165455Z,2026-06-29T16:54:55Z,group_fair_value_v0.1,ollama,qwen3:8b,Brazil Presidential Election First Round: 2nd Place,Brazil Presidential Election First Round: 2nd Place,17,RSO-0123,Luiz Inácio Lula da Silva,Will Luiz Inácio Lula da Silva finish in second place in the first round of the 2026 Brazilian presidential election?,Brazil,brazil_presidential,presidential_two_round,brazil_first_round_second_place_2026,1365854,0x8ee27c276a1bee094293751285d8a6697674b023196cb21fdd14bf3ca12f6ec0,will-luiz-incio-lula-da-silva-finish-in-second-place-in-the-first-round-of-the-2026-brazilian-presidential-election,https://polymarket.com/event/will-luiz-incio-lula-da-silva-finish-in-second-place-in-the-first-round-of-the-2026-brazilian-presidential-election,109856098174983029722649567789098297237073018943808237804563416414463140161494,0.35,0.35897436,0.7,Lula is leading but second-place is unlikely unless he weakens or another candidate overtakes him.,"Based on Datafolha polling, Lula is leading but not by a margin guaranteeing first-round victory. Flávio Bolsonaro is the top non-Lula candidate, making him the likely second-place finisher. Renan Santos and others could challenge if fragmentation occurs. Other candidates have lower probabilities due to weaker polling or less relevance.","[""Lula's first-round performance"", ""Flávio's viability"", ""Renan Santos' potential surge"", ""Polling accuracy"", ""Opposition fragmentation"", ""Runoff composition""]",0.975,true,"[""evidence/shared/brazil_context.md"", ""evidence/parents/brazil-first-round-second-place-2026.md"", ""evidence/parents/brazil-presidential-election-first-round-2nd-place.md""]",0a68a2c86966b49d,"{""group_confidence"":0.7,""group_rationale_short"":""Based on Datafolha polling, Lula is leading but not by a margin guaranteeing first-round victory. Flávio Bolsonaro is the top non-Lula candidate, making him the likely second-place finisher. Renan Santos and others could challenge if fragmentation occurs. Other candidates have lower probabilities due to weaker polling or less relevance."",""key_uncertainties"":[""Lula's first-round performance"",""Flávio's viability"",""Renan Santos' potential surge"",""Polling accuracy"",""Opposition fragmentation"",""Runoff composition""],""allocations"":[{""tracking_id"":""RSO-0123"",""fair_value"":0.35,""rationale_short"":""Lula is leading but second-place is unlikely unless he weakens or another candidate overtakes him.""},{""tracking_id"":""RSO-0121"",""fair_value"":0.3,""rationale_short"":""Flávio is the top non-Lula candidate, making him the likely second-place finisher.""},{""tracking_id"":""RSO-0122"",""fair_value"":0.15,""rationale_short"":""Renan Santos has strong youth appeal but lower national polling, making him a potential second-place candidate if fragmentation occurs.""},{""tracking_id"":""RSO-0124"",""fair_value"":0.05,""rationale_short"":""Romeu Zema has moderate support but is less likely to finish second without significant polling gains.""},{""tracking_id"":""RSO-0125"",""fair_value"":0.03,""rationale_short"":""Michelle Bolsonaro has family ties but weaker polling, making her second-place probability low.""},{""tracking_id"":""RSO-0126"",""fair_value"":0.02,""rationale_short"":""Fernando Haddad has historical support but is less relevant in the current fragmented right-wing field.""},{""tracking_id"":""RSO-0127"",""fair_value"":0.015,""rationale_short"":""Camilo Santana has regional support but is unlikely to finish second without major gains.""},{""tracking_id"":""RSO-0128"",""fair_value"":0.01,""rationale_short"":""Ronaldo Caiado has limited national appeal and is a long shot.""},{""tracking_id"":""RSO-0129"",""fair_value"":0.01,""rationale_short"":""Geraldo Alckmin has moderate support but is less likely to finish second without significant gains.""},{""tracking_id"":""RSO-0130"",""fair_value"":0.005,""rationale_short"":""Tereza Cristina has limited national appeal and is a long shot.""},{""tracking_id"":""RSO-0131"",""fair_value"":0.005,""rationale_short"":""Jair Bolsonaro is barred from office, making his second-place finish unlikely.""},{""tracking_id"":""RSO-0132"",""fair_value"":0.005,""rationale_short"":""Ratinho Júnior has limited national appeal and is a long shot.""},{""tracking_id"":""RSO-0133"",""fair_value"":0.005,""rationale_short"":""Eduardo Bolsonaro has family ties but weaker polling, making his second-place probability low.""},{""tracking_id"":""RSO-0134"",""fair_value"":0.005,""rationale_short"":""Aldo Rebelo has limited national appeal and is a long shot.""},{""tracking_id"":""RSO-0135"",""fair_value"":0.005,""rationale_short"":""Tarcisio de Freitas has limited national appeal and is a long shot.""},{""tracking_id"":""RSO-0136"",""fair_value"":0.005,""rationale_short"":""Eduardo Leite has moderate support but is less likely to finish second without significant gains.""},{""tracking_id"":""RSO-0137"",""fair_value"":0.005,""rationale_short"":""Helder Barbalho has regional support but is unlikely to finish second without major gains.""}],""total_probability"":0.995,""group_rationale_long"":""The probability distribution is based on the Datafolha poll showing Lula leading Flávio by 47% to 43% in a potential runoff. Flávio is the top non-Lula candidate, making him the likely second-place finisher. Renan Santos could challenge if fragmentation occurs. Other candidates have lower probabilities due to weaker polling or less relevance. The distribution accounts for uncertainties in Lula's performance, Flávio's viability, Renan Santos' potential surge, polling accuracy, opposition fragmentation, and runoff composition. The total probability is close to 1.00, with the remaining 0.5% allocated to very long shots or potential errors in estimation.""}",OK,,0.0315,mid,,true
20260629T165455Z:Brazil Presidential Election First Round: 2nd Place:RSO-0124,20260629T165455Z,2026-06-29T16:54:55Z,group_fair_value_v0.1,ollama,qwen3:8b,Brazil Presidential Election First Round: 2nd Place,Brazil Presidential Election First Round: 2nd Place,17,RSO-0124,Romeu Zema,Will Romeu Zema finish in second place in the first round of the 2026 Brazilian presidential election?,Brazil,brazil_presidential,presidential_two_round,brazil_first_round_second_place_2026,1365863,0xa68adbb0fedef76cef5c6e1ab2c2027704233fc5b6389037eb4d3565952892da,will-romeu-zema-finish-in-second-place-in-the-first-round-of-the-2026-brazilian-presidential-election,https://polymarket.com/event/will-romeu-zema-finish-in-second-place-in-the-first-round-of-the-2026-brazilian-presidential-election,33120079315672925103019754502941180281339745524857289202950301940888637884529,0.05,0.05128205,0.7,Romeu Zema has moderate support but is less likely to finish second without significant polling gains.,"Based on Datafolha polling, Lula is leading but not by a margin guaranteeing first-round victory. Flávio Bolsonaro is the top non-Lula candidate, making him the likely second-place finisher. Renan Santos and others could challenge if fragmentation occurs. Other candidates have lower probabilities due to weaker polling or less relevance.","[""Lula's first-round performance"", ""Flávio's viability"", ""Renan Santos' potential surge"", ""Polling accuracy"", ""Opposition fragmentation"", ""Runoff composition""]",0.975,true,"[""evidence/shared/brazil_context.md"", ""evidence/parents/brazil-first-round-second-place-2026.md"", ""evidence/parents/brazil-presidential-election-first-round-2nd-place.md""]",0a68a2c86966b49d,"{""group_confidence"":0.7,""group_rationale_short"":""Based on Datafolha polling, Lula is leading but not by a margin guaranteeing first-round victory. Flávio Bolsonaro is the top non-Lula candidate, making him the likely second-place finisher. Renan Santos and others could challenge if fragmentation occurs. Other candidates have lower probabilities due to weaker polling or less relevance."",""key_uncertainties"":[""Lula's first-round performance"",""Flávio's viability"",""Renan Santos' potential surge"",""Polling accuracy"",""Opposition fragmentation"",""Runoff composition""],""allocations"":[{""tracking_id"":""RSO-0123"",""fair_value"":0.35,""rationale_short"":""Lula is leading but second-place is unlikely unless he weakens or another candidate overtakes him.""},{""tracking_id"":""RSO-0121"",""fair_value"":0.3,""rationale_short"":""Flávio is the top non-Lula candidate, making him the likely second-place finisher.""},{""tracking_id"":""RSO-0122"",""fair_value"":0.15,""rationale_short"":""Renan Santos has strong youth appeal but lower national polling, making him a potential second-place candidate if fragmentation occurs.""},{""tracking_id"":""RSO-0124"",""fair_value"":0.05,""rationale_short"":""Romeu Zema has moderate support but is less likely to finish second without significant polling gains.""},{""tracking_id"":""RSO-0125"",""fair_value"":0.03,""rationale_short"":""Michelle Bolsonaro has family ties but weaker polling, making her second-place probability low.""},{""tracking_id"":""RSO-0126"",""fair_value"":0.02,""rationale_short"":""Fernando Haddad has historical support but is less relevant in the current fragmented right-wing field.""},{""tracking_id"":""RSO-0127"",""fair_value"":0.015,""rationale_short"":""Camilo Santana has regional support but is unlikely to finish second without major gains.""},{""tracking_id"":""RSO-0128"",""fair_value"":0.01,""rationale_short"":""Ronaldo Caiado has limited national appeal and is a long shot.""},{""tracking_id"":""RSO-0129"",""fair_value"":0.01,""rationale_short"":""Geraldo Alckmin has moderate support but is less likely to finish second without significant gains.""},{""tracking_id"":""RSO-0130"",""fair_value"":0.005,""rationale_short"":""Tereza Cristina has limited national appeal and is a long shot.""},{""tracking_id"":""RSO-0131"",""fair_value"":0.005,""rationale_short"":""Jair Bolsonaro is barred from office, making his second-place finish unlikely.""},{""tracking_id"":""RSO-0132"",""fair_value"":0.005,""rationale_short"":""Ratinho Júnior has limited national appeal and is a long shot.""},{""tracking_id"":""RSO-0133"",""fair_value"":0.005,""rationale_short"":""Eduardo Bolsonaro has family ties but weaker polling, making his second-place probability low.""},{""tracking_id"":""RSO-0134"",""fair_value"":0.005,""rationale_short"":""Aldo Rebelo has limited national appeal and is a long shot.""},{""tracking_id"":""RSO-0135"",""fair_value"":0.005,""rationale_short"":""Tarcisio de Freitas has limited national appeal and is a long shot.""},{""tracking_id"":""RSO-0136"",""fair_value"":0.005,""rationale_short"":""Eduardo Leite has moderate support but is less likely to finish second without significant gains.""},{""tracking_id"":""RSO-0137"",""fair_value"":0.005,""rationale_short"":""Helder Barbalho has regional support but is unlikely to finish second without major gains.""}],""total_probability"":0.995,""group_rationale_long"":""The probability distribution is based on the Datafolha poll showing Lula leading Flávio by 47% to 43% in a potential runoff. Flávio is the top non-Lula candidate, making him the likely second-place finisher. Renan Santos could challenge if fragmentation occurs. Other candidates have lower probabilities due to weaker polling or less relevance. The distribution accounts for uncertainties in Lula's performance, Flávio's viability, Renan Santos' potential surge, polling accuracy, opposition fragmentation, and runoff composition. The total probability is close to 1.00, with the remaining 0.5% allocated to very long shots or potential errors in estimation.""}",OK,,0.0145,mid,,true
20260629T165455Z:Brazil Presidential Election First Round: 2nd Place:RSO-0125,20260629T165455Z,2026-06-29T16:54:55Z,group_fair_value_v0.1,ollama,qwen3:8b,Brazil Presidential Election First Round: 2nd Place,Brazil Presidential Election First Round: 2nd Place,17,RSO-0125,Michelle Bolsonaro,Will Michelle Bolsonaro finish in second place in the first round of the 2026 Brazilian presidential election?,Brazil,brazil_presidential,presidential_two_round,brazil_first_round_second_place_2026,1365857,0x000e7d579cf57fd0b8428656d385c57f3c6e7f8e5ffe9b7a9955fa2ffd2cd260,will-michelle-bolsonaro-finish-in-second-place-in-the-first-round-of-the-2026-brazilian-presidential-election,https://polymarket.com/event/will-michelle-bolsonaro-finish-in-second-place-in-the-first-round-of-the-2026-brazilian-presidential-election,46016593873997340258679724205324373176224812313655314178053388989396764209886,0.03,0.03076923,0.7,"Michelle Bolsonaro has family ties but weaker polling, making her second-place probability low.","Based on Datafolha polling, Lula is leading but not by a margin guaranteeing first-round victory. Flávio Bolsonaro is the top non-Lula candidate, making him the likely second-place finisher. Renan Santos and others could challenge if fragmentation occurs. Other candidates have lower probabilities due to weaker polling or less relevance.","[""Lula's first-round performance"", ""Flávio's viability"", ""Renan Santos' potential surge"", ""Polling accuracy"", ""Opposition fragmentation"", ""Runoff composition""]",0.975,true,"[""evidence/shared/brazil_context.md"", ""evidence/parents/brazil-first-round-second-place-2026.md"", ""evidence/parents/brazil-presidential-election-first-round-2nd-place.md""]",0a68a2c86966b49d,"{""group_confidence"":0.7,""group_rationale_short"":""Based on Datafolha polling, Lula is leading but not by a margin guaranteeing first-round victory. Flávio Bolsonaro is the top non-Lula candidate, making him the likely second-place finisher. Renan Santos and others could challenge if fragmentation occurs. Other candidates have lower probabilities due to weaker polling or less relevance."",""key_uncertainties"":[""Lula's first-round performance"",""Flávio's viability"",""Renan Santos' potential surge"",""Polling accuracy"",""Opposition fragmentation"",""Runoff composition""],""allocations"":[{""tracking_id"":""RSO-0123"",""fair_value"":0.35,""rationale_short"":""Lula is leading but second-place is unlikely unless he weakens or another candidate overtakes him.""},{""tracking_id"":""RSO-0121"",""fair_value"":0.3,""rationale_short"":""Flávio is the top non-Lula candidate, making him the likely second-place finisher.""},{""tracking_id"":""RSO-0122"",""fair_value"":0.15,""rationale_short"":""Renan Santos has strong youth appeal but lower national polling, making him a potential second-place candidate if fragmentation occurs.""},{""tracking_id"":""RSO-0124"",""fair_value"":0.05,""rationale_short"":""Romeu Zema has moderate support but is less likely to finish second without significant polling gains.""},{""tracking_id"":""RSO-0125"",""fair_value"":0.03,""rationale_short"":""Michelle Bolsonaro has family ties but weaker polling, making her second-place probability low.""},{""tracking_id"":""RSO-0126"",""fair_value"":0.02,""rationale_short"":""Fernando Haddad has historical support but is less relevant in the current fragmented right-wing field.""},{""tracking_id"":""RSO-0127"",""fair_value"":0.015,""rationale_short"":""Camilo Santana has regional support but is unlikely to finish second without major gains.""},{""tracking_id"":""RSO-0128"",""fair_value"":0.01,""rationale_short"":""Ronaldo Caiado has limited national appeal and is a long shot.""},{""tracking_id"":""RSO-0129"",""fair_value"":0.01,""rationale_short"":""Geraldo Alckmin has moderate support but is less likely to finish second without significant gains.""},{""tracking_id"":""RSO-0130"",""fair_value"":0.005,""rationale_short"":""Tereza Cristina has limited national appeal and is a long shot.""},{""tracking_id"":""RSO-0131"",""fair_value"":0.005,""rationale_short"":""Jair Bolsonaro is barred from office, making his second-place finish unlikely.""},{""tracking_id"":""RSO-0132"",""fair_value"":0.005,""rationale_short"":""Ratinho Júnior has limited national appeal and is a long shot.""},{""tracking_id"":""RSO-0133"",""fair_value"":0.005,""rationale_short"":""Eduardo Bolsonaro has family ties but weaker polling, making his second-place probability low.""},{""tracking_id"":""RSO-0134"",""fair_value"":0.005,""rationale_short"":""Aldo Rebelo has limited national appeal and is a long shot.""},{""tracking_id"":""RSO-0135"",""fair_value"":0.005,""rationale_short"":""Tarcisio de Freitas has limited national appeal and is a long shot.""},{""tracking_id"":""RSO-0136"",""fair_value"":0.005,""rationale_short"":""Eduardo Leite has moderate support but is less likely to finish second without significant gains.""},{""tracking_id"":""RSO-0137"",""fair_value"":0.005,""rationale_short"":""Helder Barbalho has regional support but is unlikely to finish second without major gains.""}],""total_probability"":0.995,""group_rationale_long"":""The probability distribution is based on the Datafolha poll showing Lula leading Flávio by 47% to 43% in a potential runoff. Flávio is the top non-Lula candidate, making him the likely second-place finisher. Renan Santos could challenge if fragmentation occurs. Other candidates have lower probabilities due to weaker polling or less relevance. The distribution accounts for uncertainties in Lula's performance, Flávio's viability, Renan Santos' potential surge, polling accuracy, opposition fragmentation, and runoff composition. The total probability is close to 1.00, with the remaining 0.5% allocated to very long shots or potential errors in estimation.""}",OK,,0.0285,mid,,true
20260629T165455Z:Brazil Presidential Election First Round: 2nd Place:RSO-0126,20260629T165455Z,2026-06-29T16:54:55Z,group_fair_value_v0.1,ollama,qwen3:8b,Brazil Presidential Election First Round: 2nd Place,Brazil Presidential Election First Round: 2nd Place,17,RSO-0126,Fernando Haddad,Will Fernando Haddad finish in second place in the first round of the 2026 Brazilian presidential election?,Brazil,brazil_presidential,presidential_two_round,brazil_first_round_second_place_2026,1365856,0x0f8a16fa8809127bc86712e24cea9314cf1eb000c69150ff01b9f10f166903f5,will-fernando-haddad-finish-in-second-place-in-the-first-round-of-the-2026-brazilian-presidential-election,https://polymarket.com/event/will-fernando-haddad-finish-in-second-place-in-the-first-round-of-the-2026-brazilian-presidential-election,43401707698084567428952104543307143736192808401383569468543634607641861802704,0.02,0.02051282,0.7,Fernando Haddad has historical support but is less relevant in the current fragmented right-wing field.,"Based on Datafolha polling, Lula is leading but not by a margin guaranteeing first-round victory. Flávio Bolsonaro is the top non-Lula candidate, making him the likely second-place finisher. Renan Santos and others could challenge if fragmentation occurs. Other candidates have lower probabilities due to weaker polling or less relevance.","[""Lula's first-round performance"", ""Flávio's viability"", ""Renan Santos' potential surge"", ""Polling accuracy"", ""Opposition fragmentation"", ""Runoff composition""]",0.975,true,"[""evidence/shared/brazil_context.md"", ""evidence/parents/brazil-first-round-second-place-2026.md"", ""evidence/parents/brazil-presidential-election-first-round-2nd-place.md""]",0a68a2c86966b49d,"{""group_confidence"":0.7,""group_rationale_short"":""Based on Datafolha polling, Lula is leading but not by a margin guaranteeing first-round victory. Flávio Bolsonaro is the top non-Lula candidate, making him the likely second-place finisher. Renan Santos and others could challenge if fragmentation occurs. Other candidates have lower probabilities due to weaker polling or less relevance."",""key_uncertainties"":[""Lula's first-round performance"",""Flávio's viability"",""Renan Santos' potential surge"",""Polling accuracy"",""Opposition fragmentation"",""Runoff composition""],""allocations"":[{""tracking_id"":""RSO-0123"",""fair_value"":0.35,""rationale_short"":""Lula is leading but second-place is unlikely unless he weakens or another candidate overtakes him.""},{""tracking_id"":""RSO-0121"",""fair_value"":0.3,""rationale_short"":""Flávio is the top non-Lula candidate, making him the likely second-place finisher.""},{""tracking_id"":""RSO-0122"",""fair_value"":0.15,""rationale_short"":""Renan Santos has strong youth appeal but lower national polling, making him a potential second-place candidate if fragmentation occurs.""},{""tracking_id"":""RSO-0124"",""fair_value"":0.05,""rationale_short"":""Romeu Zema has moderate support but is less likely to finish second without significant polling gains.""},{""tracking_id"":""RSO-0125"",""fair_value"":0.03,""rationale_short"":""Michelle Bolsonaro has family ties but weaker polling, making her second-place probability low.""},{""tracking_id"":""RSO-0126"",""fair_value"":0.02,""rationale_short"":""Fernando Haddad has historical support but is less relevant in the current fragmented right-wing field.""},{""tracking_id"":""RSO-0127"",""fair_value"":0.015,""rationale_short"":""Camilo Santana has regional support but is unlikely to finish second without major gains.""},{""tracking_id"":""RSO-0128"",""fair_value"":0.01,""rationale_short"":""Ronaldo Caiado has limited national appeal and is a long shot.""},{""tracking_id"":""RSO-0129"",""fair_value"":0.01,""rationale_short"":""Geraldo Alckmin has moderate support but is less likely to finish second without significant gains.""},{""tracking_id"":""RSO-0130"",""fair_value"":0.005,""rationale_short"":""Tereza Cristina has limited national appeal and is a long shot.""},{""tracking_id"":""RSO-0131"",""fair_value"":0.005,""rationale_short"":""Jair Bolsonaro is barred from office, making his second-place finish unlikely.""},{""tracking_id"":""RSO-0132"",""fair_value"":0.005,""rationale_short"":""Ratinho Júnior has limited national appeal and is a long shot.""},{""tracking_id"":""RSO-0133"",""fair_value"":0.005,""rationale_short"":""Eduardo Bolsonaro has family ties but weaker polling, making his second-place probability low.""},{""tracking_id"":""RSO-0134"",""fair_value"":0.005,""rationale_short"":""Aldo Rebelo has limited national appeal and is a long shot.""},{""tracking_id"":""RSO-0135"",""fair_value"":0.005,""rationale_short"":""Tarcisio de Freitas has limited national appeal and is a long shot.""},{""tracking_id"":""RSO-0136"",""fair_value"":0.005,""rationale_short"":""Eduardo Leite has moderate support but is less likely to finish second without significant gains.""},{""tracking_id"":""RSO-0137"",""fair_value"":0.005,""rationale_short"":""Helder Barbalho has regional support but is unlikely to finish second without major gains.""}],""total_probability"":0.995,""group_rationale_long"":""The probability distribution is based on the Datafolha poll showing Lula leading Flávio by 47% to 43% in a potential runoff. Flávio is the top non-Lula candidate, making him the likely second-place finisher. Renan Santos could challenge if fragmentation occurs. Other candidates have lower probabilities due to weaker polling or less relevance. The distribution accounts for uncertainties in Lula's performance, Flávio's viability, Renan Santos' potential surge, polling accuracy, opposition fragmentation, and runoff composition. The total probability is close to 1.00, with the remaining 0.5% allocated to very long shots or potential errors in estimation.""}",OK,,0.0065,mid,,true
20260629T165455Z:Brazil Presidential Election First Round: 2nd Place:RSO-0127,20260629T165455Z,2026-06-29T16:54:55Z,group_fair_value_v0.1,ollama,qwen3:8b,Brazil Presidential Election First Round: 2nd Place,Brazil Presidential Election First Round: 2nd Place,17,RSO-0127,Camilo Santana,Will Camilo Santana finish in second place in the first round of the 2026 Brazilian presidential election?,Brazil,brazil_presidential,presidential_two_round,brazil_first_round_second_place_2026,1365864,0x8576ba0a2bbe51db4f61c513059475a09e0cb0bd754b955fce0ddc7793ffa08f,will-camilo-santana-finish-in-second-place-in-the-first-round-of-the-2026-brazilian-presidential-election,https://polymarket.com/event/will-camilo-santana-finish-in-second-place-in-the-first-round-of-the-2026-brazilian-presidential-election,2501107153963268281942035041037528214870417801204824857715972358420826737525,0.015,0.01538462,0.7,Camilo Santana has regional support but is unlikely to finish second without major gains.,"Based on Datafolha polling, Lula is leading but not by a margin guaranteeing first-round victory. Flávio Bolsonaro is the top non-Lula candidate, making him the likely second-place finisher. Renan Santos and others could challenge if fragmentation occurs. Other candidates have lower probabilities due to weaker polling or less relevance.","[""Lula's first-round performance"", ""Flávio's viability"", ""Renan Santos' potential surge"", ""Polling accuracy"", ""Opposition fragmentation"", ""Runoff composition""]",0.975,true,"[""evidence/shared/brazil_context.md"", ""evidence/parents/brazil-first-round-second-place-2026.md"", ""evidence/parents/brazil-presidential-election-first-round-2nd-place.md""]",0a68a2c86966b49d,"{""group_confidence"":0.7,""group_rationale_short"":""Based on Datafolha polling, Lula is leading but not by a margin guaranteeing first-round victory. Flávio Bolsonaro is the top non-Lula candidate, making him the likely second-place finisher. Renan Santos and others could challenge if fragmentation occurs. Other candidates have lower probabilities due to weaker polling or less relevance."",""key_uncertainties"":[""Lula's first-round performance"",""Flávio's viability"",""Renan Santos' potential surge"",""Polling accuracy"",""Opposition fragmentation"",""Runoff composition""],""allocations"":[{""tracking_id"":""RSO-0123"",""fair_value"":0.35,""rationale_short"":""Lula is leading but second-place is unlikely unless he weakens or another candidate overtakes him.""},{""tracking_id"":""RSO-0121"",""fair_value"":0.3,""rationale_short"":""Flávio is the top non-Lula candidate, making him the likely second-place finisher.""},{""tracking_id"":""RSO-0122"",""fair_value"":0.15,""rationale_short"":""Renan Santos has strong youth appeal but lower national polling, making him a potential second-place candidate if fragmentation occurs.""},{""tracking_id"":""RSO-0124"",""fair_value"":0.05,""rationale_short"":""Romeu Zema has moderate support but is less likely to finish second without significant polling gains.""},{""tracking_id"":""RSO-0125"",""fair_value"":0.03,""rationale_short"":""Michelle Bolsonaro has family ties but weaker polling, making her second-place probability low.""},{""tracking_id"":""RSO-0126"",""fair_value"":0.02,""rationale_short"":""Fernando Haddad has historical support but is less relevant in the current fragmented right-wing field.""},{""tracking_id"":""RSO-0127"",""fair_value"":0.015,""rationale_short"":""Camilo Santana has regional support but is unlikely to finish second without major gains.""},{""tracking_id"":""RSO-0128"",""fair_value"":0.01,""rationale_short"":""Ronaldo Caiado has limited national appeal and is a long shot.""},{""tracking_id"":""RSO-0129"",""fair_value"":0.01,""rationale_short"":""Geraldo Alckmin has moderate support but is less likely to finish second without significant gains.""},{""tracking_id"":""RSO-0130"",""fair_value"":0.005,""rationale_short"":""Tereza Cristina has limited national appeal and is a long shot.""},{""tracking_id"":""RSO-0131"",""fair_value"":0.005,""rationale_short"":""Jair Bolsonaro is barred from office, making his second-place finish unlikely.""},{""tracking_id"":""RSO-0132"",""fair_value"":0.005,""rationale_short"":""Ratinho Júnior has limited national appeal and is a long shot.""},{""tracking_id"":""RSO-0133"",""fair_value"":0.005,""rationale_short"":""Eduardo Bolsonaro has family ties but weaker polling, making his second-place probability low.""},{""tracking_id"":""RSO-0134"",""fair_value"":0.005,""rationale_short"":""Aldo Rebelo has limited national appeal and is a long shot.""},{""tracking_id"":""RSO-0135"",""fair_value"":0.005,""rationale_short"":""Tarcisio de Freitas has limited national appeal and is a long shot.""},{""tracking_id"":""RSO-0136"",""fair_value"":0.005,""rationale_short"":""Eduardo Leite has moderate support but is less likely to finish second without significant gains.""},{""tracking_id"":""RSO-0137"",""fair_value"":0.005,""rationale_short"":""Helder Barbalho has regional support but is unlikely to finish second without major gains.""}],""total_probability"":0.995,""group_rationale_long"":""The probability distribution is based on the Datafolha poll showing Lula leading Flávio by 47% to 43% in a potential runoff. Flávio is the top non-Lula candidate, making him the likely second-place finisher. Renan Santos could challenge if fragmentation occurs. Other candidates have lower probabilities due to weaker polling or less relevance. The distribution accounts for uncertainties in Lula's performance, Flávio's viability, Renan Santos' potential surge, polling accuracy, opposition fragmentation, and runoff composition. The total probability is close to 1.00, with the remaining 0.5% allocated to very long shots or potential errors in estimation.""}",OK,,0.0075,mid,,true
20260629T165455Z:Brazil Presidential Election First Round: 2nd Place:RSO-0128,20260629T165455Z,2026-06-29T16:54:55Z,group_fair_value_v0.1,ollama,qwen3:8b,Brazil Presidential Election First Round: 2nd Place,Brazil Presidential Election First Round: 2nd Place,17,RSO-0128,Ronaldo Caiado,Will Ronaldo Caiado finish in second place in the first round of the 2026 Brazilian presidential election?,Brazil,brazil_presidential,presidential_two_round,brazil_first_round_second_place_2026,1365862,0x1991f63d7497ae667a9b78932ec8834ee411bdce4272b5fd42a1cf9f05cca1fb,will-ronaldo-caiado-finish-in-second-place-in-the-first-round-of-the-2026-brazilian-presidential-election,https://polymarket.com/event/will-ronaldo-caiado-finish-in-second-place-in-the-first-round-of-the-2026-brazilian-presidential-election,96410334963636722955423607584767406044469608220941769303770962314672696289162,0.01,0.01025641,0.7,Ronaldo Caiado has limited national appeal and is a long shot.,"Based on Datafolha polling, Lula is leading but not by a margin guaranteeing first-round victory. Flávio Bolsonaro is the top non-Lula candidate, making him the likely second-place finisher. Renan Santos and others could challenge if fragmentation occurs. Other candidates have lower probabilities due to weaker polling or less relevance.","[""Lula's first-round performance"", ""Flávio's viability"", ""Renan Santos' potential surge"", ""Polling accuracy"", ""Opposition fragmentation"", ""Runoff composition""]",0.975,true,"[""evidence/shared/brazil_context.md"", ""evidence/parents/brazil-first-round-second-place-2026.md"", ""evidence/parents/brazil-presidential-election-first-round-2nd-place.md""]",0a68a2c86966b49d,"{""group_confidence"":0.7,""group_rationale_short"":""Based on Datafolha polling, Lula is leading but not by a margin guaranteeing first-round victory. Flávio Bolsonaro is the top non-Lula candidate, making him the likely second-place finisher. Renan Santos and others could challenge if fragmentation occurs. Other candidates have lower probabilities due to weaker polling or less relevance."",""key_uncertainties"":[""Lula's first-round performance"",""Flávio's viability"",""Renan Santos' potential surge"",""Polling accuracy"",""Opposition fragmentation"",""Runoff composition""],""allocations"":[{""tracking_id"":""RSO-0123"",""fair_value"":0.35,""rationale_short"":""Lula is leading but second-place is unlikely unless he weakens or another candidate overtakes him.""},{""tracking_id"":""RSO-0121"",""fair_value"":0.3,""rationale_short"":""Flávio is the top non-Lula candidate, making him the likely second-place finisher.""},{""tracking_id"":""RSO-0122"",""fair_value"":0.15,""rationale_short"":""Renan Santos has strong youth appeal but lower national polling, making him a potential second-place candidate if fragmentation occurs.""},{""tracking_id"":""RSO-0124"",""fair_value"":0.05,""rationale_short"":""Romeu Zema has moderate support but is less likely to finish second without significant polling gains.""},{""tracking_id"":""RSO-0125"",""fair_value"":0.03,""rationale_short"":""Michelle Bolsonaro has family ties but weaker polling, making her second-place probability low.""},{""tracking_id"":""RSO-0126"",""fair_value"":0.02,""rationale_short"":""Fernando Haddad has historical support but is less relevant in the current fragmented right-wing field.""},{""tracking_id"":""RSO-0127"",""fair_value"":0.015,""rationale_short"":""Camilo Santana has regional support but is unlikely to finish second without major gains.""},{""tracking_id"":""RSO-0128"",""fair_value"":0.01,""rationale_short"":""Ronaldo Caiado has limited national appeal and is a long shot.""},{""tracking_id"":""RSO-0129"",""fair_value"":0.01,""rationale_short"":""Geraldo Alckmin has moderate support but is less likely to finish second without significant gains.""},{""tracking_id"":""RSO-0130"",""fair_value"":0.005,""rationale_short"":""Tereza Cristina has limited national appeal and is a long shot.""},{""tracking_id"":""RSO-0131"",""fair_value"":0.005,""rationale_short"":""Jair Bolsonaro is barred from office, making his second-place finish unlikely.""},{""tracking_id"":""RSO-0132"",""fair_value"":0.005,""rationale_short"":""Ratinho Júnior has limited national appeal and is a long shot.""},{""tracking_id"":""RSO-0133"",""fair_value"":0.005,""rationale_short"":""Eduardo Bolsonaro has family ties but weaker polling, making his second-place probability low.""},{""tracking_id"":""RSO-0134"",""fair_value"":0.005,""rationale_short"":""Aldo Rebelo has limited national appeal and is a long shot.""},{""tracking_id"":""RSO-0135"",""fair_value"":0.005,""rationale_short"":""Tarcisio de Freitas has limited national appeal and is a long shot.""},{""tracking_id"":""RSO-0136"",""fair_value"":0.005,""rationale_short"":""Eduardo Leite has moderate support but is less likely to finish second without significant gains.""},{""tracking_id"":""RSO-0137"",""fair_value"":0.005,""rationale_short"":""Helder Barbalho has regional support but is unlikely to finish second without major gains.""}],""total_probability"":0.995,""group_rationale_long"":""The probability distribution is based on the Datafolha poll showing Lula leading Flávio by 47% to 43% in a potential runoff. Flávio is the top non-Lula candidate, making him the likely second-place finisher. Renan Santos could challenge if fragmentation occurs. Other candidates have lower probabilities due to weaker polling or less relevance. The distribution accounts for uncertainties in Lula's performance, Flávio's viability, Renan Santos' potential surge, polling accuracy, opposition fragmentation, and runoff composition. The total probability is close to 1.00, with the remaining 0.5% allocated to very long shots or potential errors in estimation.""}",OK,,0.012,mid,,true
20260629T165455Z:Brazil Presidential Election First Round: 2nd Place:RSO-0129,20260629T165455Z,2026-06-29T16:54:55Z,group_fair_value_v0.1,ollama,qwen3:8b,Brazil Presidential Election First Round: 2nd Place,Brazil Presidential Election First Round: 2nd Place,17,RSO-0129,Geraldo Alckmin,Will Geraldo Alckmin finish in second place in the first round of the 2026 Brazilian presidential election?,Brazil,brazil_presidential,presidential_two_round,brazil_first_round_second_place_2026,1365865,0xce4c63006ae8c2690d9da01aff225c4ff9258a9722a86ffad4bb7964d20d0bc3,will-geraldo-alckmin-finish-in-second-place-in-the-first-round-of-the-2026-brazilian-presidential-election,https://polymarket.com/event/will-geraldo-alckmin-finish-in-second-place-in-the-first-round-of-the-2026-brazilian-presidential-election,100647140845022421372197923820844978928757465820355118741468398091991301752614,0.01,0.01025641,0.7,Geraldo Alckmin has moderate support but is less likely to finish second without significant gains.,"Based on Datafolha polling, Lula is leading but not by a margin guaranteeing first-round victory. Flávio Bolsonaro is the top non-Lula candidate, making him the likely second-place finisher. Renan Santos and others could challenge if fragmentation occurs. Other candidates have lower probabilities due to weaker polling or less relevance.","[""Lula's first-round performance"", ""Flávio's viability"", ""Renan Santos' potential surge"", ""Polling accuracy"", ""Opposition fragmentation"", ""Runoff composition""]",0.975,true,"[""evidence/shared/brazil_context.md"", ""evidence/parents/brazil-first-round-second-place-2026.md"", ""evidence/parents/brazil-presidential-election-first-round-2nd-place.md""]",0a68a2c86966b49d,"{""group_confidence"":0.7,""group_rationale_short"":""Based on Datafolha polling, Lula is leading but not by a margin guaranteeing first-round victory. Flávio Bolsonaro is the top non-Lula candidate, making him the likely second-place finisher. Renan Santos and others could challenge if fragmentation occurs. Other candidates have lower probabilities due to weaker polling or less relevance."",""key_uncertainties"":[""Lula's first-round performance"",""Flávio's viability"",""Renan Santos' potential surge"",""Polling accuracy"",""Opposition fragmentation"",""Runoff composition""],""allocations"":[{""tracking_id"":""RSO-0123"",""fair_value"":0.35,""rationale_short"":""Lula is leading but second-place is unlikely unless he weakens or another candidate overtakes him.""},{""tracking_id"":""RSO-0121"",""fair_value"":0.3,""rationale_short"":""Flávio is the top non-Lula candidate, making him the likely second-place finisher.""},{""tracking_id"":""RSO-0122"",""fair_value"":0.15,""rationale_short"":""Renan Santos has strong youth appeal but lower national polling, making him a potential second-place candidate if fragmentation occurs.""},{""tracking_id"":""RSO-0124"",""fair_value"":0.05,""rationale_short"":""Romeu Zema has moderate support but is less likely to finish second without significant polling gains.""},{""tracking_id"":""RSO-0125"",""fair_value"":0.03,""rationale_short"":""Michelle Bolsonaro has family ties but weaker polling, making her second-place probability low.""},{""tracking_id"":""RSO-0126"",""fair_value"":0.02,""rationale_short"":""Fernando Haddad has historical support but is less relevant in the current fragmented right-wing field.""},{""tracking_id"":""RSO-0127"",""fair_value"":0.015,""rationale_short"":""Camilo Santana has regional support but is unlikely to finish second without major gains.""},{""tracking_id"":""RSO-0128"",""fair_value"":0.01,""rationale_short"":""Ronaldo Caiado has limited national appeal and is a long shot.""},{""tracking_id"":""RSO-0129"",""fair_value"":0.01,""rationale_short"":""Geraldo Alckmin has moderate support but is less likely to finish second without significant gains.""},{""tracking_id"":""RSO-0130"",""fair_value"":0.005,""rationale_short"":""Tereza Cristina has limited national appeal and is a long shot.""},{""tracking_id"":""RSO-0131"",""fair_value"":0.005,""rationale_short"":""Jair Bolsonaro is barred from office, making his second-place finish unlikely.""},{""tracking_id"":""RSO-0132"",""fair_value"":0.005,""rationale_short"":""Ratinho Júnior has limited national appeal and is a long shot.""},{""tracking_id"":""RSO-0133"",""fair_value"":0.005,""rationale_short"":""Eduardo Bolsonaro has family ties but weaker polling, making his second-place probability low.""},{""tracking_id"":""RSO-0134"",""fair_value"":0.005,""rationale_short"":""Aldo Rebelo has limited national appeal and is a long shot.""},{""tracking_id"":""RSO-0135"",""fair_value"":0.005,""rationale_short"":""Tarcisio de Freitas has limited national appeal and is a long shot.""},{""tracking_id"":""RSO-0136"",""fair_value"":0.005,""rationale_short"":""Eduardo Leite has moderate support but is less likely to finish second without significant gains.""},{""tracking_id"":""RSO-0137"",""fair_value"":0.005,""rationale_short"":""Helder Barbalho has regional support but is unlikely to finish second without major gains.""}],""total_probability"":0.995,""group_rationale_long"":""The probability distribution is based on the Datafolha poll showing Lula leading Flávio by 47% to 43% in a potential runoff. Flávio is the top non-Lula candidate, making him the likely second-place finisher. Renan Santos could challenge if fragmentation occurs. Other candidates have lower probabilities due to weaker polling or less relevance. The distribution accounts for uncertainties in Lula's performance, Flávio's viability, Renan Santos' potential surge, polling accuracy, opposition fragmentation, and runoff composition. The total probability is close to 1.00, with the remaining 0.5% allocated to very long shots or potential errors in estimation.""}",OK,,0.006,mid,,true
20260629T165455Z:Brazil Presidential Election First Round: 2nd Place:RSO-0130,20260629T165455Z,2026-06-29T16:54:55Z,group_fair_value_v0.1,ollama,qwen3:8b,Brazil Presidential Election First Round: 2nd Place,Brazil Presidential Election First Round: 2nd Place,17,RSO-0130,Tereza Cristina,Will Tereza Cristina finish in second place in the first round of the 2026 Brazilian presidential election?,Brazil,brazil_presidential,presidential_two_round,brazil_first_round_second_place_2026,1365868,0x178b80b71955607500875f59a6bfe67bfac7428f4650cb3d219f1f81bd5d7d5f,will-tereza-cristina-finish-in-second-place-in-the-first-round-of-the-2026-brazilian-presidential-election,https://polymarket.com/event/will-tereza-cristina-finish-in-second-place-in-the-first-round-of-the-2026-brazilian-presidential-election,34627033339089799648488362851420954182098601277414632412441293328075890478329,0.005,0.00512821,0.7,Tereza Cristina has limited national appeal and is a long shot.,"Based on Datafolha polling, Lula is leading but not by a margin guaranteeing first-round victory. Flávio Bolsonaro is the top non-Lula candidate, making him the likely second-place finisher. Renan Santos and others could challenge if fragmentation occurs. Other candidates have lower probabilities due to weaker polling or less relevance.","[""Lula's first-round performance"", ""Flávio's viability"", ""Renan Santos' potential surge"", ""Polling accuracy"", ""Opposition fragmentation"", ""Runoff composition""]",0.975,true,"[""evidence/shared/brazil_context.md"", ""evidence/parents/brazil-first-round-second-place-2026.md"", ""evidence/parents/brazil-presidential-election-first-round-2nd-place.md""]",0a68a2c86966b49d,"{""group_confidence"":0.7,""group_rationale_short"":""Based on Datafolha polling, Lula is leading but not by a margin guaranteeing first-round victory. Flávio Bolsonaro is the top non-Lula candidate, making him the likely second-place finisher. Renan Santos and others could challenge if fragmentation occurs. Other candidates have lower probabilities due to weaker polling or less relevance."",""key_uncertainties"":[""Lula's first-round performance"",""Flávio's viability"",""Renan Santos' potential surge"",""Polling accuracy"",""Opposition fragmentation"",""Runoff composition""],""allocations"":[{""tracking_id"":""RSO-0123"",""fair_value"":0.35,""rationale_short"":""Lula is leading but second-place is unlikely unless he weakens or another candidate overtakes him.""},{""tracking_id"":""RSO-0121"",""fair_value"":0.3,""rationale_short"":""Flávio is the top non-Lula candidate, making him the likely second-place finisher.""},{""tracking_id"":""RSO-0122"",""fair_value"":0.15,""rationale_short"":""Renan Santos has strong youth appeal but lower national polling, making him a potential second-place candidate if fragmentation occurs.""},{""tracking_id"":""RSO-0124"",""fair_value"":0.05,""rationale_short"":""Romeu Zema has moderate support but is less likely to finish second without significant polling gains.""},{""tracking_id"":""RSO-0125"",""fair_value"":0.03,""rationale_short"":""Michelle Bolsonaro has family ties but weaker polling, making her second-place probability low.""},{""tracking_id"":""RSO-0126"",""fair_value"":0.02,""rationale_short"":""Fernando Haddad has historical support but is less relevant in the current fragmented right-wing field.""},{""tracking_id"":""RSO-0127"",""fair_value"":0.015,""rationale_short"":""Camilo Santana has regional support but is unlikely to finish second without major gains.""},{""tracking_id"":""RSO-0128"",""fair_value"":0.01,""rationale_short"":""Ronaldo Caiado has limited national appeal and is a long shot.""},{""tracking_id"":""RSO-0129"",""fair_value"":0.01,""rationale_short"":""Geraldo Alckmin has moderate support but is less likely to finish second without significant gains.""},{""tracking_id"":""RSO-0130"",""fair_value"":0.005,""rationale_short"":""Tereza Cristina has limited national appeal and is a long shot.""},{""tracking_id"":""RSO-0131"",""fair_value"":0.005,""rationale_short"":""Jair Bolsonaro is barred from office, making his second-place finish unlikely.""},{""tracking_id"":""RSO-0132"",""fair_value"":0.005,""rationale_short"":""Ratinho Júnior has limited national appeal and is a long shot.""},{""tracking_id"":""RSO-0133"",""fair_value"":0.005,""rationale_short"":""Eduardo Bolsonaro has family ties but weaker polling, making his second-place probability low.""},{""tracking_id"":""RSO-0134"",""fair_value"":0.005,""rationale_short"":""Aldo Rebelo has limited national appeal and is a long shot.""},{""tracking_id"":""RSO-0135"",""fair_value"":0.005,""rationale_short"":""Tarcisio de Freitas has limited national appeal and is a long shot.""},{""tracking_id"":""RSO-0136"",""fair_value"":0.005,""rationale_short"":""Eduardo Leite has moderate support but is less likely to finish second without significant gains.""},{""tracking_id"":""RSO-0137"",""fair_value"":0.005,""rationale_short"":""Helder Barbalho has regional support but is unlikely to finish second without major gains.""}],""total_probability"":0.995,""group_rationale_long"":""The probability distribution is based on the Datafolha poll showing Lula leading Flávio by 47% to 43% in a potential runoff. Flávio is the top non-Lula candidate, making him the likely second-place finisher. Renan Santos could challenge if fragmentation occurs. Other candidates have lower probabilities due to weaker polling or less relevance. The distribution accounts for uncertainties in Lula's performance, Flávio's viability, Renan Santos' potential surge, polling accuracy, opposition fragmentation, and runoff composition. The total probability is close to 1.00, with the remaining 0.5% allocated to very long shots or potential errors in estimation.""}",OK,,0.0015,mid,,true
20260629T165455Z:Brazil Presidential Election First Round: 2nd Place:RSO-0131,20260629T165455Z,2026-06-29T16:54:55Z,group_fair_value_v0.1,ollama,qwen3:8b,Brazil Presidential Election First Round: 2nd Place,Brazil Presidential Election First Round: 2nd Place,17,RSO-0131,Jair Bolsonaro,Will Jair Bolsonaro finish in second place in the first round of the 2026 Brazilian presidential election?,Brazil,brazil_presidential,presidential_two_round,brazil_first_round_second_place_2026,1365855,0x61fc517c2b0d6f945868070a3ac722bfa35f07154d34bec2f9bfe41436098bce,will-jair-bolsonaro-finish-in-second-place-in-the-first-round-of-the-2026-brazilian-presidential-election,https://polymarket.com/event/will-jair-bolsonaro-finish-in-second-place-in-the-first-round-of-the-2026-brazilian-presidential-election,83876793336180326706196874280359054202939399660278096295476103143222298663644,0.005,0.00512821,0.7,"Jair Bolsonaro is barred from office, making his second-place finish unlikely.","Based on Datafolha polling, Lula is leading but not by a margin guaranteeing first-round victory. Flávio Bolsonaro is the top non-Lula candidate, making him the likely second-place finisher. Renan Santos and others could challenge if fragmentation occurs. Other candidates have lower probabilities due to weaker polling or less relevance.","[""Lula's first-round performance"", ""Flávio's viability"", ""Renan Santos' potential surge"", ""Polling accuracy"", ""Opposition fragmentation"", ""Runoff composition""]",0.975,true,"[""evidence/shared/brazil_context.md"", ""evidence/parents/brazil-first-round-second-place-2026.md"", ""evidence/parents/brazil-presidential-election-first-round-2nd-place.md""]",0a68a2c86966b49d,"{""group_confidence"":0.7,""group_rationale_short"":""Based on Datafolha polling, Lula is leading but not by a margin guaranteeing first-round victory. Flávio Bolsonaro is the top non-Lula candidate, making him the likely second-place finisher. Renan Santos and others could challenge if fragmentation occurs. Other candidates have lower probabilities due to weaker polling or less relevance."",""key_uncertainties"":[""Lula's first-round performance"",""Flávio's viability"",""Renan Santos' potential surge"",""Polling accuracy"",""Opposition fragmentation"",""Runoff composition""],""allocations"":[{""tracking_id"":""RSO-0123"",""fair_value"":0.35,""rationale_short"":""Lula is leading but second-place is unlikely unless he weakens or another candidate overtakes him.""},{""tracking_id"":""RSO-0121"",""fair_value"":0.3,""rationale_short"":""Flávio is the top non-Lula candidate, making him the likely second-place finisher.""},{""tracking_id"":""RSO-0122"",""fair_value"":0.15,""rationale_short"":""Renan Santos has strong youth appeal but lower national polling, making him a potential second-place candidate if fragmentation occurs.""},{""tracking_id"":""RSO-0124"",""fair_value"":0.05,""rationale_short"":""Romeu Zema has moderate support but is less likely to finish second without significant polling gains.""},{""tracking_id"":""RSO-0125"",""fair_value"":0.03,""rationale_short"":""Michelle Bolsonaro has family ties but weaker polling, making her second-place probability low.""},{""tracking_id"":""RSO-0126"",""fair_value"":0.02,""rationale_short"":""Fernando Haddad has historical support but is less relevant in the current fragmented right-wing field.""},{""tracking_id"":""RSO-0127"",""fair_value"":0.015,""rationale_short"":""Camilo Santana has regional support but is unlikely to finish second without major gains.""},{""tracking_id"":""RSO-0128"",""fair_value"":0.01,""rationale_short"":""Ronaldo Caiado has limited national appeal and is a long shot.""},{""tracking_id"":""RSO-0129"",""fair_value"":0.01,""rationale_short"":""Geraldo Alckmin has moderate support but is less likely to finish second without significant gains.""},{""tracking_id"":""RSO-0130"",""fair_value"":0.005,""rationale_short"":""Tereza Cristina has limited national appeal and is a long shot.""},{""tracking_id"":""RSO-0131"",""fair_value"":0.005,""rationale_short"":""Jair Bolsonaro is barred from office, making his second-place finish unlikely.""},{""tracking_id"":""RSO-0132"",""fair_value"":0.005,""rationale_short"":""Ratinho Júnior has limited national appeal and is a long shot.""},{""tracking_id"":""RSO-0133"",""fair_value"":0.005,""rationale_short"":""Eduardo Bolsonaro has family ties but weaker polling, making his second-place probability low.""},{""tracking_id"":""RSO-0134"",""fair_value"":0.005,""rationale_short"":""Aldo Rebelo has limited national appeal and is a long shot.""},{""tracking_id"":""RSO-0135"",""fair_value"":0.005,""rationale_short"":""Tarcisio de Freitas has limited national appeal and is a long shot.""},{""tracking_id"":""RSO-0136"",""fair_value"":0.005,""rationale_short"":""Eduardo Leite has moderate support but is less likely to finish second without significant gains.""},{""tracking_id"":""RSO-0137"",""fair_value"":0.005,""rationale_short"":""Helder Barbalho has regional support but is unlikely to finish second without major gains.""}],""total_probability"":0.995,""group_rationale_long"":""The probability distribution is based on the Datafolha poll showing Lula leading Flávio by 47% to 43% in a potential runoff. Flávio is the top non-Lula candidate, making him the likely second-place finisher. Renan Santos could challenge if fragmentation occurs. Other candidates have lower probabilities due to weaker polling or less relevance. The distribution accounts for uncertainties in Lula's performance, Flávio's viability, Renan Santos' potential surge, polling accuracy, opposition fragmentation, and runoff composition. The total probability is close to 1.00, with the remaining 0.5% allocated to very long shots or potential errors in estimation.""}",OK,,0.0025,mid,,true
20260629T165455Z:Brazil Presidential Election First Round: 2nd Place:RSO-0132,20260629T165455Z,2026-06-29T16:54:55Z,group_fair_value_v0.1,ollama,qwen3:8b,Brazil Presidential Election First Round: 2nd Place,Brazil Presidential Election First Round: 2nd Place,17,RSO-0132,Ratinho Júnior,Will Carlos Roberto Massa Júnior finish in second place in the first round of the 2026 Brazilian presidential election?,Brazil,brazil_presidential,presidential_two_round,brazil_first_round_second_place_2026,1365859,0xbc08327dd1ef7486e5f8bb3e662b5d484518ae891a39b6893cbb02f3119ad018,will-carlos-roberto-massa-jnior-finish-in-second-place-in-the-first-round-of-the-2026-brazilian-presidential-election,https://polymarket.com/event/will-carlos-roberto-massa-jnior-finish-in-second-place-in-the-first-round-of-the-2026-brazilian-presidential-election,6499888178060809648681651117884070785761343371629912968631048884446465281536,0.005,0.00512821,0.7,Ratinho Júnior has limited national appeal and is a long shot.,"Based on Datafolha polling, Lula is leading but not by a margin guaranteeing first-round victory. Flávio Bolsonaro is the top non-Lula candidate, making him the likely second-place finisher. Renan Santos and others could challenge if fragmentation occurs. Other candidates have lower probabilities due to weaker polling or less relevance.","[""Lula's first-round performance"", ""Flávio's viability"", ""Renan Santos' potential surge"", ""Polling accuracy"", ""Opposition fragmentation"", ""Runoff composition""]",0.975,true,"[""evidence/shared/brazil_context.md"", ""evidence/parents/brazil-first-round-second-place-2026.md"", ""evidence/parents/brazil-presidential-election-first-round-2nd-place.md""]",0a68a2c86966b49d,"{""group_confidence"":0.7,""group_rationale_short"":""Based on Datafolha polling, Lula is leading but not by a margin guaranteeing first-round victory. Flávio Bolsonaro is the top non-Lula candidate, making him the likely second-place finisher. Renan Santos and others could challenge if fragmentation occurs. Other candidates have lower probabilities due to weaker polling or less relevance."",""key_uncertainties"":[""Lula's first-round performance"",""Flávio's viability"",""Renan Santos' potential surge"",""Polling accuracy"",""Opposition fragmentation"",""Runoff composition""],""allocations"":[{""tracking_id"":""RSO-0123"",""fair_value"":0.35,""rationale_short"":""Lula is leading but second-place is unlikely unless he weakens or another candidate overtakes him.""},{""tracking_id"":""RSO-0121"",""fair_value"":0.3,""rationale_short"":""Flávio is the top non-Lula candidate, making him the likely second-place finisher.""},{""tracking_id"":""RSO-0122"",""fair_value"":0.15,""rationale_short"":""Renan Santos has strong youth appeal but lower national polling, making him a potential second-place candidate if fragmentation occurs.""},{""tracking_id"":""RSO-0124"",""fair_value"":0.05,""rationale_short"":""Romeu Zema has moderate support but is less likely to finish second without significant polling gains.""},{""tracking_id"":""RSO-0125"",""fair_value"":0.03,""rationale_short"":""Michelle Bolsonaro has family ties but weaker polling, making her second-place probability low.""},{""tracking_id"":""RSO-0126"",""fair_value"":0.02,""rationale_short"":""Fernando Haddad has historical support but is less relevant in the current fragmented right-wing field.""},{""tracking_id"":""RSO-0127"",""fair_value"":0.015,""rationale_short"":""Camilo Santana has regional support but is unlikely to finish second without major gains.""},{""tracking_id"":""RSO-0128"",""fair_value"":0.01,""rationale_short"":""Ronaldo Caiado has limited national appeal and is a long shot.""},{""tracking_id"":""RSO-0129"",""fair_value"":0.01,""rationale_short"":""Geraldo Alckmin has moderate support but is less likely to finish second without significant gains.""},{""tracking_id"":""RSO-0130"",""fair_value"":0.005,""rationale_short"":""Tereza Cristina has limited national appeal and is a long shot.""},{""tracking_id"":""RSO-0131"",""fair_value"":0.005,""rationale_short"":""Jair Bolsonaro is barred from office, making his second-place finish unlikely.""},{""tracking_id"":""RSO-0132"",""fair_value"":0.005,""rationale_short"":""Ratinho Júnior has limited national appeal and is a long shot.""},{""tracking_id"":""RSO-0133"",""fair_value"":0.005,""rationale_short"":""Eduardo Bolsonaro has family ties but weaker polling, making his second-place probability low.""},{""tracking_id"":""RSO-0134"",""fair_value"":0.005,""rationale_short"":""Aldo Rebelo has limited national appeal and is a long shot.""},{""tracking_id"":""RSO-0135"",""fair_value"":0.005,""rationale_short"":""Tarcisio de Freitas has limited national appeal and is a long shot.""},{""tracking_id"":""RSO-0136"",""fair_value"":0.005,""rationale_short"":""Eduardo Leite has moderate support but is less likely to finish second without significant gains.""},{""tracking_id"":""RSO-0137"",""fair_value"":0.005,""rationale_short"":""Helder Barbalho has regional support but is unlikely to finish second without major gains.""}],""total_probability"":0.995,""group_rationale_long"":""The probability distribution is based on the Datafolha poll showing Lula leading Flávio by 47% to 43% in a potential runoff. Flávio is the top non-Lula candidate, making him the likely second-place finisher. Renan Santos could challenge if fragmentation occurs. Other candidates have lower probabilities due to weaker polling or less relevance. The distribution accounts for uncertainties in Lula's performance, Flávio's viability, Renan Santos' potential surge, polling accuracy, opposition fragmentation, and runoff composition. The total probability is close to 1.00, with the remaining 0.5% allocated to very long shots or potential errors in estimation.""}",OK,,0.0015,mid,,true
20260629T165455Z:Brazil Presidential Election First Round: 2nd Place:RSO-0133,20260629T165455Z,2026-06-29T16:54:55Z,group_fair_value_v0.1,ollama,qwen3:8b,Brazil Presidential Election First Round: 2nd Place,Brazil Presidential Election First Round: 2nd Place,17,RSO-0133,Eduardo Bolsonaro,Will Eduardo Bolsonaro finish in second place in the first round of the 2026 Brazilian presidential election?,Brazil,brazil_presidential,presidential_two_round,brazil_first_round_second_place_2026,1365858,0xca31cf97c3beadd7e4002b6c9b9d787164c26675f915b65fb1ce9fb858b8e20c,will-eduardo-bolsonaro-finish-in-second-place-in-the-first-round-of-the-2026-brazilian-presidential-election,https://polymarket.com/event/will-eduardo-bolsonaro-finish-in-second-place-in-the-first-round-of-the-2026-brazilian-presidential-election,78774274724875388178403046699851136533744251110544224042871134690136814270663,0.005,0.00512821,0.7,"Eduardo Bolsonaro has family ties but weaker polling, making his second-place probability low.","Based on Datafolha polling, Lula is leading but not by a margin guaranteeing first-round victory. Flávio Bolsonaro is the top non-Lula candidate, making him the likely second-place finisher. Renan Santos and others could challenge if fragmentation occurs. Other candidates have lower probabilities due to weaker polling or less relevance.","[""Lula's first-round performance"", ""Flávio's viability"", ""Renan Santos' potential surge"", ""Polling accuracy"", ""Opposition fragmentation"", ""Runoff composition""]",0.975,true,"[""evidence/shared/brazil_context.md"", ""evidence/parents/brazil-first-round-second-place-2026.md"", ""evidence/parents/brazil-presidential-election-first-round-2nd-place.md""]",0a68a2c86966b49d,"{""group_confidence"":0.7,""group_rationale_short"":""Based on Datafolha polling, Lula is leading but not by a margin guaranteeing first-round victory. Flávio Bolsonaro is the top non-Lula candidate, making him the likely second-place finisher. Renan Santos and others could challenge if fragmentation occurs. Other candidates have lower probabilities due to weaker polling or less relevance."",""key_uncertainties"":[""Lula's first-round performance"",""Flávio's viability"",""Renan Santos' potential surge"",""Polling accuracy"",""Opposition fragmentation"",""Runoff composition""],""allocations"":[{""tracking_id"":""RSO-0123"",""fair_value"":0.35,""rationale_short"":""Lula is leading but second-place is unlikely unless he weakens or another candidate overtakes him.""},{""tracking_id"":""RSO-0121"",""fair_value"":0.3,""rationale_short"":""Flávio is the top non-Lula candidate, making him the likely second-place finisher.""},{""tracking_id"":""RSO-0122"",""fair_value"":0.15,""rationale_short"":""Renan Santos has strong youth appeal but lower national polling, making him a potential second-place candidate if fragmentation occurs.""},{""tracking_id"":""RSO-0124"",""fair_value"":0.05,""rationale_short"":""Romeu Zema has moderate support but is less likely to finish second without significant polling gains.""},{""tracking_id"":""RSO-0125"",""fair_value"":0.03,""rationale_short"":""Michelle Bolsonaro has family ties but weaker polling, making her second-place probability low.""},{""tracking_id"":""RSO-0126"",""fair_value"":0.02,""rationale_short"":""Fernando Haddad has historical support but is less relevant in the current fragmented right-wing field.""},{""tracking_id"":""RSO-0127"",""fair_value"":0.015,""rationale_short"":""Camilo Santana has regional support but is unlikely to finish second without major gains.""},{""tracking_id"":""RSO-0128"",""fair_value"":0.01,""rationale_short"":""Ronaldo Caiado has limited national appeal and is a long shot.""},{""tracking_id"":""RSO-0129"",""fair_value"":0.01,""rationale_short"":""Geraldo Alckmin has moderate support but is less likely to finish second without significant gains.""},{""tracking_id"":""RSO-0130"",""fair_value"":0.005,""rationale_short"":""Tereza Cristina has limited national appeal and is a long shot.""},{""tracking_id"":""RSO-0131"",""fair_value"":0.005,""rationale_short"":""Jair Bolsonaro is barred from office, making his second-place finish unlikely.""},{""tracking_id"":""RSO-0132"",""fair_value"":0.005,""rationale_short"":""Ratinho Júnior has limited national appeal and is a long shot.""},{""tracking_id"":""RSO-0133"",""fair_value"":0.005,""rationale_short"":""Eduardo Bolsonaro has family ties but weaker polling, making his second-place probability low.""},{""tracking_id"":""RSO-0134"",""fair_value"":0.005,""rationale_short"":""Aldo Rebelo has limited national appeal and is a long shot.""},{""tracking_id"":""RSO-0135"",""fair_value"":0.005,""rationale_short"":""Tarcisio de Freitas has limited national appeal and is a long shot.""},{""tracking_id"":""RSO-0136"",""fair_value"":0.005,""rationale_short"":""Eduardo Leite has moderate support but is less likely to finish second without significant gains.""},{""tracking_id"":""RSO-0137"",""fair_value"":0.005,""rationale_short"":""Helder Barbalho has regional support but is unlikely to finish second without major gains.""}],""total_probability"":0.995,""group_rationale_long"":""The probability distribution is based on the Datafolha poll showing Lula leading Flávio by 47% to 43% in a potential runoff. Flávio is the top non-Lula candidate, making him the likely second-place finisher. Renan Santos could challenge if fragmentation occurs. Other candidates have lower probabilities due to weaker polling or less relevance. The distribution accounts for uncertainties in Lula's performance, Flávio's viability, Renan Santos' potential surge, polling accuracy, opposition fragmentation, and runoff composition. The total probability is close to 1.00, with the remaining 0.5% allocated to very long shots or potential errors in estimation.""}",OK,,0.0015,mid,,true
20260629T165455Z:Brazil Presidential Election First Round: 2nd Place:RSO-0134,20260629T165455Z,2026-06-29T16:54:55Z,group_fair_value_v0.1,ollama,qwen3:8b,Brazil Presidential Election First Round: 2nd Place,Brazil Presidential Election First Round: 2nd Place,17,RSO-0134,Aldo Rebelo,Will Aldo Rebelo finish in second place in the first round of the 2026 Brazilian presidential election?,Brazil,brazil_presidential,presidential_two_round,brazil_first_round_second_place_2026,1365866,0xb7703a974306001b283bc071234f1f04c832e793820ba284788e688d305201bf,will-aldo-rebelo-finish-in-second-place-in-the-first-round-of-the-2026-brazilian-presidential-election,https://polymarket.com/event/will-aldo-rebelo-finish-in-second-place-in-the-first-round-of-the-2026-brazilian-presidential-election,73782660467554965374169421398916491950927878048754269104726859394021414994290,0.005,0.00512821,0.7,Aldo Rebelo has limited national appeal and is a long shot.,"Based on Datafolha polling, Lula is leading but not by a margin guaranteeing first-round victory. Flávio Bolsonaro is the top non-Lula candidate, making him the likely second-place finisher. Renan Santos and others could challenge if fragmentation occurs. Other candidates have lower probabilities due to weaker polling or less relevance.","[""Lula's first-round performance"", ""Flávio's viability"", ""Renan Santos' potential surge"", ""Polling accuracy"", ""Opposition fragmentation"", ""Runoff composition""]",0.975,true,"[""evidence/shared/brazil_context.md"", ""evidence/parents/brazil-first-round-second-place-2026.md"", ""evidence/parents/brazil-presidential-election-first-round-2nd-place.md""]",0a68a2c86966b49d,"{""group_confidence"":0.7,""group_rationale_short"":""Based on Datafolha polling, Lula is leading but not by a margin guaranteeing first-round victory. Flávio Bolsonaro is the top non-Lula candidate, making him the likely second-place finisher. Renan Santos and others could challenge if fragmentation occurs. Other candidates have lower probabilities due to weaker polling or less relevance."",""key_uncertainties"":[""Lula's first-round performance"",""Flávio's viability"",""Renan Santos' potential surge"",""Polling accuracy"",""Opposition fragmentation"",""Runoff composition""],""allocations"":[{""tracking_id"":""RSO-0123"",""fair_value"":0.35,""rationale_short"":""Lula is leading but second-place is unlikely unless he weakens or another candidate overtakes him.""},{""tracking_id"":""RSO-0121"",""fair_value"":0.3,""rationale_short"":""Flávio is the top non-Lula candidate, making him the likely second-place finisher.""},{""tracking_id"":""RSO-0122"",""fair_value"":0.15,""rationale_short"":""Renan Santos has strong youth appeal but lower national polling, making him a potential second-place candidate if fragmentation occurs.""},{""tracking_id"":""RSO-0124"",""fair_value"":0.05,""rationale_short"":""Romeu Zema has moderate support but is less likely to finish second without significant polling gains.""},{""tracking_id"":""RSO-0125"",""fair_value"":0.03,""rationale_short"":""Michelle Bolsonaro has family ties but weaker polling, making her second-place probability low.""},{""tracking_id"":""RSO-0126"",""fair_value"":0.02,""rationale_short"":""Fernando Haddad has historical support but is less relevant in the current fragmented right-wing field.""},{""tracking_id"":""RSO-0127"",""fair_value"":0.015,""rationale_short"":""Camilo Santana has regional support but is unlikely to finish second without major gains.""},{""tracking_id"":""RSO-0128"",""fair_value"":0.01,""rationale_short"":""Ronaldo Caiado has limited national appeal and is a long shot.""},{""tracking_id"":""RSO-0129"",""fair_value"":0.01,""rationale_short"":""Geraldo Alckmin has moderate support but is less likely to finish second without significant gains.""},{""tracking_id"":""RSO-0130"",""fair_value"":0.005,""rationale_short"":""Tereza Cristina has limited national appeal and is a long shot.""},{""tracking_id"":""RSO-0131"",""fair_value"":0.005,""rationale_short"":""Jair Bolsonaro is barred from office, making his second-place finish unlikely.""},{""tracking_id"":""RSO-0132"",""fair_value"":0.005,""rationale_short"":""Ratinho Júnior has limited national appeal and is a long shot.""},{""tracking_id"":""RSO-0133"",""fair_value"":0.005,""rationale_short"":""Eduardo Bolsonaro has family ties but weaker polling, making his second-place probability low.""},{""tracking_id"":""RSO-0134"",""fair_value"":0.005,""rationale_short"":""Aldo Rebelo has limited national appeal and is a long shot.""},{""tracking_id"":""RSO-0135"",""fair_value"":0.005,""rationale_short"":""Tarcisio de Freitas has limited national appeal and is a long shot.""},{""tracking_id"":""RSO-0136"",""fair_value"":0.005,""rationale_short"":""Eduardo Leite has moderate support but is less likely to finish second without significant gains.""},{""tracking_id"":""RSO-0137"",""fair_value"":0.005,""rationale_short"":""Helder Barbalho has regional support but is unlikely to finish second without major gains.""}],""total_probability"":0.995,""group_rationale_long"":""The probability distribution is based on the Datafolha poll showing Lula leading Flávio by 47% to 43% in a potential runoff. Flávio is the top non-Lula candidate, making him the likely second-place finisher. Renan Santos could challenge if fragmentation occurs. Other candidates have lower probabilities due to weaker polling or less relevance. The distribution accounts for uncertainties in Lula's performance, Flávio's viability, Renan Santos' potential surge, polling accuracy, opposition fragmentation, and runoff composition. The total probability is close to 1.00, with the remaining 0.5% allocated to very long shots or potential errors in estimation.""}",OK,,0.0015,mid,,true
20260629T165455Z:Brazil Presidential Election First Round: 2nd Place:RSO-0135,20260629T165455Z,2026-06-29T16:54:55Z,group_fair_value_v0.1,ollama,qwen3:8b,Brazil Presidential Election First Round: 2nd Place,Brazil Presidential Election First Round: 2nd Place,17,RSO-0135,Tarcisio de Freitas,Will Tarcisio de Freitas finish in second place in the first round of the 2026 Brazilian presidential election?,Brazil,brazil_presidential,presidential_two_round,brazil_first_round_second_place_2026,1365853,0xfe963a6028277fed1de25b6ca8f640bc7c028e4ef0d0e4f4ff4f5daf5f9ae824,will-tarcisio-de-freitas-finish-in-second-place-in-the-first-round-of-the-2026-brazilian-presidential-election,https://polymarket.com/event/will-tarcisio-de-freitas-finish-in-second-place-in-the-first-round-of-the-2026-brazilian-presidential-election,6074730652236363232062392177852837468646646517333194016258587234210162040868,0.005,0.00512821,0.7,Tarcisio de Freitas has limited national appeal and is a long shot.,"Based on Datafolha polling, Lula is leading but not by a margin guaranteeing first-round victory. Flávio Bolsonaro is the top non-Lula candidate, making him the likely second-place finisher. Renan Santos and others could challenge if fragmentation occurs. Other candidates have lower probabilities due to weaker polling or less relevance.","[""Lula's first-round performance"", ""Flávio's viability"", ""Renan Santos' potential surge"", ""Polling accuracy"", ""Opposition fragmentation"", ""Runoff composition""]",0.975,true,"[""evidence/shared/brazil_context.md"", ""evidence/parents/brazil-first-round-second-place-2026.md"", ""evidence/parents/brazil-presidential-election-first-round-2nd-place.md""]",0a68a2c86966b49d,"{""group_confidence"":0.7,""group_rationale_short"":""Based on Datafolha polling, Lula is leading but not by a margin guaranteeing first-round victory. Flávio Bolsonaro is the top non-Lula candidate, making him the likely second-place finisher. Renan Santos and others could challenge if fragmentation occurs. Other candidates have lower probabilities due to weaker polling or less relevance."",""key_uncertainties"":[""Lula's first-round performance"",""Flávio's viability"",""Renan Santos' potential surge"",""Polling accuracy"",""Opposition fragmentation"",""Runoff composition""],""allocations"":[{""tracking_id"":""RSO-0123"",""fair_value"":0.35,""rationale_short"":""Lula is leading but second-place is unlikely unless he weakens or another candidate overtakes him.""},{""tracking_id"":""RSO-0121"",""fair_value"":0.3,""rationale_short"":""Flávio is the top non-Lula candidate, making him the likely second-place finisher.""},{""tracking_id"":""RSO-0122"",""fair_value"":0.15,""rationale_short"":""Renan Santos has strong youth appeal but lower national polling, making him a potential second-place candidate if fragmentation occurs.""},{""tracking_id"":""RSO-0124"",""fair_value"":0.05,""rationale_short"":""Romeu Zema has moderate support but is less likely to finish second without significant polling gains.""},{""tracking_id"":""RSO-0125"",""fair_value"":0.03,""rationale_short"":""Michelle Bolsonaro has family ties but weaker polling, making her second-place probability low.""},{""tracking_id"":""RSO-0126"",""fair_value"":0.02,""rationale_short"":""Fernando Haddad has historical support but is less relevant in the current fragmented right-wing field.""},{""tracking_id"":""RSO-0127"",""fair_value"":0.015,""rationale_short"":""Camilo Santana has regional support but is unlikely to finish second without major gains.""},{""tracking_id"":""RSO-0128"",""fair_value"":0.01,""rationale_short"":""Ronaldo Caiado has limited national appeal and is a long shot.""},{""tracking_id"":""RSO-0129"",""fair_value"":0.01,""rationale_short"":""Geraldo Alckmin has moderate support but is less likely to finish second without significant gains.""},{""tracking_id"":""RSO-0130"",""fair_value"":0.005,""rationale_short"":""Tereza Cristina has limited national appeal and is a long shot.""},{""tracking_id"":""RSO-0131"",""fair_value"":0.005,""rationale_short"":""Jair Bolsonaro is barred from office, making his second-place finish unlikely.""},{""tracking_id"":""RSO-0132"",""fair_value"":0.005,""rationale_short"":""Ratinho Júnior has limited national appeal and is a long shot.""},{""tracking_id"":""RSO-0133"",""fair_value"":0.005,""rationale_short"":""Eduardo Bolsonaro has family ties but weaker polling, making his second-place probability low.""},{""tracking_id"":""RSO-0134"",""fair_value"":0.005,""rationale_short"":""Aldo Rebelo has limited national appeal and is a long shot.""},{""tracking_id"":""RSO-0135"",""fair_value"":0.005,""rationale_short"":""Tarcisio de Freitas has limited national appeal and is a long shot.""},{""tracking_id"":""RSO-0136"",""fair_value"":0.005,""rationale_short"":""Eduardo Leite has moderate support but is less likely to finish second without significant gains.""},{""tracking_id"":""RSO-0137"",""fair_value"":0.005,""rationale_short"":""Helder Barbalho has regional support but is unlikely to finish second without major gains.""}],""total_probability"":0.995,""group_rationale_long"":""The probability distribution is based on the Datafolha poll showing Lula leading Flávio by 47% to 43% in a potential runoff. Flávio is the top non-Lula candidate, making him the likely second-place finisher. Renan Santos could challenge if fragmentation occurs. Other candidates have lower probabilities due to weaker polling or less relevance. The distribution accounts for uncertainties in Lula's performance, Flávio's viability, Renan Santos' potential surge, polling accuracy, opposition fragmentation, and runoff composition. The total probability is close to 1.00, with the remaining 0.5% allocated to very long shots or potential errors in estimation.""}",OK,,0.0015,mid,,true
20260629T165455Z:Brazil Presidential Election First Round: 2nd Place:RSO-0136,20260629T165455Z,2026-06-29T16:54:55Z,group_fair_value_v0.1,ollama,qwen3:8b,Brazil Presidential Election First Round: 2nd Place,Brazil Presidential Election First Round: 2nd Place,17,RSO-0136,Eduardo Leite,Will Eduardo Leite finish in second place in the first round of the 2026 Brazilian presidential election?,Brazil,brazil_presidential,presidential_two_round,brazil_first_round_second_place_2026,1365867,0x45933d8382439be6ffbd714ffc412d549e9ff5e58cc0c4165b68cfc41a897c64,will-eduardo-leite-finish-in-second-place-in-the-first-round-of-the-2026-brazilian-presidential-election,https://polymarket.com/event/will-eduardo-leite-finish-in-second-place-in-the-first-round-of-the-2026-brazilian-presidential-election,3857433689191750929372526494085053375351187588061258674174285931676269992527,0.005,0.00512821,0.7,Eduardo Leite has moderate support but is less likely to finish second without significant gains.,"Based on Datafolha polling, Lula is leading but not by a margin guaranteeing first-round victory. Flávio Bolsonaro is the top non-Lula candidate, making him the likely second-place finisher. Renan Santos and others could challenge if fragmentation occurs. Other candidates have lower probabilities due to weaker polling or less relevance.","[""Lula's first-round performance"", ""Flávio's viability"", ""Renan Santos' potential surge"", ""Polling accuracy"", ""Opposition fragmentation"", ""Runoff composition""]",0.975,true,"[""evidence/shared/brazil_context.md"", ""evidence/parents/brazil-first-round-second-place-2026.md"", ""evidence/parents/brazil-presidential-election-first-round-2nd-place.md""]",0a68a2c86966b49d,"{""group_confidence"":0.7,""group_rationale_short"":""Based on Datafolha polling, Lula is leading but not by a margin guaranteeing first-round victory. Flávio Bolsonaro is the top non-Lula candidate, making him the likely second-place finisher. Renan Santos and others could challenge if fragmentation occurs. Other candidates have lower probabilities due to weaker polling or less relevance."",""key_uncertainties"":[""Lula's first-round performance"",""Flávio's viability"",""Renan Santos' potential surge"",""Polling accuracy"",""Opposition fragmentation"",""Runoff composition""],""allocations"":[{""tracking_id"":""RSO-0123"",""fair_value"":0.35,""rationale_short"":""Lula is leading but second-place is unlikely unless he weakens or another candidate overtakes him.""},{""tracking_id"":""RSO-0121"",""fair_value"":0.3,""rationale_short"":""Flávio is the top non-Lula candidate, making him the likely second-place finisher.""},{""tracking_id"":""RSO-0122"",""fair_value"":0.15,""rationale_short"":""Renan Santos has strong youth appeal but lower national polling, making him a potential second-place candidate if fragmentation occurs.""},{""tracking_id"":""RSO-0124"",""fair_value"":0.05,""rationale_short"":""Romeu Zema has moderate support but is less likely to finish second without significant polling gains.""},{""tracking_id"":""RSO-0125"",""fair_value"":0.03,""rationale_short"":""Michelle Bolsonaro has family ties but weaker polling, making her second-place probability low.""},{""tracking_id"":""RSO-0126"",""fair_value"":0.02,""rationale_short"":""Fernando Haddad has historical support but is less relevant in the current fragmented right-wing field.""},{""tracking_id"":""RSO-0127"",""fair_value"":0.015,""rationale_short"":""Camilo Santana has regional support but is unlikely to finish second without major gains.""},{""tracking_id"":""RSO-0128"",""fair_value"":0.01,""rationale_short"":""Ronaldo Caiado has limited national appeal and is a long shot.""},{""tracking_id"":""RSO-0129"",""fair_value"":0.01,""rationale_short"":""Geraldo Alckmin has moderate support but is less likely to finish second without significant gains.""},{""tracking_id"":""RSO-0130"",""fair_value"":0.005,""rationale_short"":""Tereza Cristina has limited national appeal and is a long shot.""},{""tracking_id"":""RSO-0131"",""fair_value"":0.005,""rationale_short"":""Jair Bolsonaro is barred from office, making his second-place finish unlikely.""},{""tracking_id"":""RSO-0132"",""fair_value"":0.005,""rationale_short"":""Ratinho Júnior has limited national appeal and is a long shot.""},{""tracking_id"":""RSO-0133"",""fair_value"":0.005,""rationale_short"":""Eduardo Bolsonaro has family ties but weaker polling, making his second-place probability low.""},{""tracking_id"":""RSO-0134"",""fair_value"":0.005,""rationale_short"":""Aldo Rebelo has limited national appeal and is a long shot.""},{""tracking_id"":""RSO-0135"",""fair_value"":0.005,""rationale_short"":""Tarcisio de Freitas has limited national appeal and is a long shot.""},{""tracking_id"":""RSO-0136"",""fair_value"":0.005,""rationale_short"":""Eduardo Leite has moderate support but is less likely to finish second without significant gains.""},{""tracking_id"":""RSO-0137"",""fair_value"":0.005,""rationale_short"":""Helder Barbalho has regional support but is unlikely to finish second without major gains.""}],""total_probability"":0.995,""group_rationale_long"":""The probability distribution is based on the Datafolha poll showing Lula leading Flávio by 47% to 43% in a potential runoff. Flávio is the top non-Lula candidate, making him the likely second-place finisher. Renan Santos could challenge if fragmentation occurs. Other candidates have lower probabilities due to weaker polling or less relevance. The distribution accounts for uncertainties in Lula's performance, Flávio's viability, Renan Santos' potential surge, polling accuracy, opposition fragmentation, and runoff composition. The total probability is close to 1.00, with the remaining 0.5% allocated to very long shots or potential errors in estimation.""}",OK,,0.0015,mid,,true
20260629T165455Z:Brazil Presidential Election First Round: 2nd Place:RSO-0137,20260629T165455Z,2026-06-29T16:54:55Z,group_fair_value_v0.1,ollama,qwen3:8b,Brazil Presidential Election First Round: 2nd Place,Brazil Presidential Election First Round: 2nd Place,17,RSO-0137,Helder Barbalho,Will Helder Barbalho finish in second place in the first round of the 2026 Brazilian presidential election?,Brazil,brazil_presidential,presidential_two_round,brazil_first_round_second_place_2026,1365869,0x2366a6b980302d1a20c47d3bf5a2ce1d86a488197b83730554aab7d9c96e72cf,will-helder-barbalho-finish-in-second-place-in-the-first-round-of-the-2026-brazilian-presidential-election,https://polymarket.com/event/will-helder-barbalho-finish-in-second-place-in-the-first-round-of-the-2026-brazilian-presidential-election,106668975761330270515771342419617310966435345191219965467949358265004206634577,0.005,0.00512821,0.7,Helder Barbalho has regional support but is unlikely to finish second without major gains.,"Based on Datafolha polling, Lula is leading but not by a margin guaranteeing first-round victory. Flávio Bolsonaro is the top non-Lula candidate, making him the likely second-place finisher. Renan Santos and others could challenge if fragmentation occurs. Other candidates have lower probabilities due to weaker polling or less relevance.","[""Lula's first-round performance"", ""Flávio's viability"", ""Renan Santos' potential surge"", ""Polling accuracy"", ""Opposition fragmentation"", ""Runoff composition""]",0.975,true,"[""evidence/shared/brazil_context.md"", ""evidence/parents/brazil-first-round-second-place-2026.md"", ""evidence/parents/brazil-presidential-election-first-round-2nd-place.md""]",0a68a2c86966b49d,"{""group_confidence"":0.7,""group_rationale_short"":""Based on Datafolha polling, Lula is leading but not by a margin guaranteeing first-round victory. Flávio Bolsonaro is the top non-Lula candidate, making him the likely second-place finisher. Renan Santos and others could challenge if fragmentation occurs. Other candidates have lower probabilities due to weaker polling or less relevance."",""key_uncertainties"":[""Lula's first-round performance"",""Flávio's viability"",""Renan Santos' potential surge"",""Polling accuracy"",""Opposition fragmentation"",""Runoff composition""],""allocations"":[{""tracking_id"":""RSO-0123"",""fair_value"":0.35,""rationale_short"":""Lula is leading but second-place is unlikely unless he weakens or another candidate overtakes him.""},{""tracking_id"":""RSO-0121"",""fair_value"":0.3,""rationale_short"":""Flávio is the top non-Lula candidate, making him the likely second-place finisher.""},{""tracking_id"":""RSO-0122"",""fair_value"":0.15,""rationale_short"":""Renan Santos has strong youth appeal but lower national polling, making him a potential second-place candidate if fragmentation occurs.""},{""tracking_id"":""RSO-0124"",""fair_value"":0.05,""rationale_short"":""Romeu Zema has moderate support but is less likely to finish second without significant polling gains.""},{""tracking_id"":""RSO-0125"",""fair_value"":0.03,""rationale_short"":""Michelle Bolsonaro has family ties but weaker polling, making her second-place probability low.""},{""tracking_id"":""RSO-0126"",""fair_value"":0.02,""rationale_short"":""Fernando Haddad has historical support but is less relevant in the current fragmented right-wing field.""},{""tracking_id"":""RSO-0127"",""fair_value"":0.015,""rationale_short"":""Camilo Santana has regional support but is unlikely to finish second without major gains.""},{""tracking_id"":""RSO-0128"",""fair_value"":0.01,""rationale_short"":""Ronaldo Caiado has limited national appeal and is a long shot.""},{""tracking_id"":""RSO-0129"",""fair_value"":0.01,""rationale_short"":""Geraldo Alckmin has moderate support but is less likely to finish second without significant gains.""},{""tracking_id"":""RSO-0130"",""fair_value"":0.005,""rationale_short"":""Tereza Cristina has limited national appeal and is a long shot.""},{""tracking_id"":""RSO-0131"",""fair_value"":0.005,""rationale_short"":""Jair Bolsonaro is barred from office, making his second-place finish unlikely.""},{""tracking_id"":""RSO-0132"",""fair_value"":0.005,""rationale_short"":""Ratinho Júnior has limited national appeal and is a long shot.""},{""tracking_id"":""RSO-0133"",""fair_value"":0.005,""rationale_short"":""Eduardo Bolsonaro has family ties but weaker polling, making his second-place probability low.""},{""tracking_id"":""RSO-0134"",""fair_value"":0.005,""rationale_short"":""Aldo Rebelo has limited national appeal and is a long shot.""},{""tracking_id"":""RSO-0135"",""fair_value"":0.005,""rationale_short"":""Tarcisio de Freitas has limited national appeal and is a long shot.""},{""tracking_id"":""RSO-0136"",""fair_value"":0.005,""rationale_short"":""Eduardo Leite has moderate support but is less likely to finish second without significant gains.""},{""tracking_id"":""RSO-0137"",""fair_value"":0.005,""rationale_short"":""Helder Barbalho has regional support but is unlikely to finish second without major gains.""}],""total_probability"":0.995,""group_rationale_long"":""The probability distribution is based on the Datafolha poll showing Lula leading Flávio by 47% to 43% in a potential runoff. Flávio is the top non-Lula candidate, making him the likely second-place finisher. Renan Santos could challenge if fragmentation occurs. Other candidates have lower probabilities due to weaker polling or less relevance. The distribution accounts for uncertainties in Lula's performance, Flávio's viability, Renan Santos' potential surge, polling accuracy, opposition fragmentation, and runoff composition. The total probability is close to 1.00, with the remaining 0.5% allocated to very long shots or potential errors in estimation.""}",OK,,0.001,ask_only,no_bids,true
